ISO-10303-21;
HEADER;
FILE_DESCRIPTION(('FreeCAD Model'),'2;1');
FILE_NAME('Open CASCADE Shape Model','2026-09-24T22:26:39',('FreeCAD'),(
    'FreeCAD'),'Open CASCADE STEP processor 7.8','FreeCAD','Unknown');
FILE_SCHEMA(('AUTOMOTIVE_DESIGN { 1 0 10303 214 1 1 1 1 }'));
ENDSEC;
DATA;
#1 = APPLICATION_PROTOCOL_DEFINITION('international standard',
  'automotive_design',2000,#2);
#2 = APPLICATION_CONTEXT(
  'core data for automotive mechanical design processes');
#3 = SHAPE_DEFINITION_REPRESENTATION(#4,#10);
#4 = PRODUCT_DEFINITION_SHAPE('','',#5);
#5 = PRODUCT_DEFINITION('design','',#6,#9);
#6 = PRODUCT_DEFINITION_FORMATION('','',#7);
#7 = PRODUCT('Open CASCADE STEP translator 7.8 3',
  'Open CASCADE STEP translator 7.8 3','',(#8));
#8 = PRODUCT_CONTEXT('',#2,'mechanical');
#9 = PRODUCT_DEFINITION_CONTEXT('part definition',#2,'design');
#10 = ADVANCED_BREP_SHAPE_REPRESENTATION('',(#11,#15),#2386);
#11 = AXIS2_PLACEMENT_3D('',#12,#13,#14);
#12 = CARTESIAN_POINT('',(0.,0.,0.));
#13 = DIRECTION('',(0.,0.,1.));
#14 = DIRECTION('',(1.,0.,-0.));
#15 = MANIFOLD_SOLID_BREP('',#16);
#16 = CLOSED_SHELL('',(#17,#115,#162,#186,#226,#266,#290,#314,#338,#380,
    #397,#414,#762,#785,#799,#816,#847,#871,#895,#921,#947,#971,#997,
    #1023,#1040,#1071,#1095,#1121,#1147,#1173,#1199,#1225,#1251,#1277,
    #1303,#1329,#1355,#1381,#1398,#1423,#1448,#1465,#1643,#1663,#1683,
    #1714,#1738,#1762,#1801,#1834,#1869,#1902,#1935,#1965,#1995,#2026,
    #2050,#2074,#2113,#2146,#2181,#2214,#2251,#2283,#2308,#2333,#2351,
    #2368,#2377));
#17 = ADVANCED_FACE('',(#18),#110,.F.);
#18 = FACE_BOUND('',#19,.F.);
#19 = EDGE_LOOP('',(#20,#30,#38,#46,#55,#64,#72,#80,#88,#96,#104));
#20 = ORIENTED_EDGE('',*,*,#21,.F.);
#21 = EDGE_CURVE('',#22,#24,#26,.T.);
#22 = VERTEX_POINT('',#23);
#23 = CARTESIAN_POINT('',(-9.67,-18.5,3.));
#24 = VERTEX_POINT('',#25);
#25 = CARTESIAN_POINT('',(12.67,-18.5,3.));
#26 = LINE('',#27,#28);
#27 = CARTESIAN_POINT('',(-16.,-18.5,3.));
#28 = VECTOR('',#29,1.);
#29 = DIRECTION('',(1.,0.,-0.));
#30 = ORIENTED_EDGE('',*,*,#31,.T.);
#31 = EDGE_CURVE('',#22,#32,#34,.T.);
#32 = VERTEX_POINT('',#33);
#33 = CARTESIAN_POINT('',(-9.67,-8.,3.));
#34 = LINE('',#35,#36);
#35 = CARTESIAN_POINT('',(-9.67,-23.5,3.));
#36 = VECTOR('',#37,1.);
#37 = DIRECTION('',(0.,1.,2.22044604925E-16));
#38 = ORIENTED_EDGE('',*,*,#39,.T.);
#39 = EDGE_CURVE('',#32,#40,#42,.T.);
#40 = VERTEX_POINT('',#41);
#41 = CARTESIAN_POINT('',(-6.809607805437,-8.,3.));
#42 = LINE('',#43,#44);
#43 = CARTESIAN_POINT('',(-10.17,-8.,3.));
#44 = VECTOR('',#45,1.);
#45 = DIRECTION('',(1.,0.,-0.));
#46 = ORIENTED_EDGE('',*,*,#47,.T.);
#47 = EDGE_CURVE('',#40,#48,#50,.T.);
#48 = VERTEX_POINT('',#49);
#49 = CARTESIAN_POINT('',(-4.77,-10.6,3.));
#50 = CIRCLE('',#51,2.1);
#51 = AXIS2_PLACEMENT_3D('',#52,#53,#54);
#52 = CARTESIAN_POINT('',(-4.77,-8.5,3.));
#53 = DIRECTION('',(0.,-2.22044604925E-16,1.));
#54 = DIRECTION('',(0.,-1.,-2.22044604925E-16));
#55 = ORIENTED_EDGE('',*,*,#56,.T.);
#56 = EDGE_CURVE('',#48,#57,#59,.T.);
#57 = VERTEX_POINT('',#58);
#58 = CARTESIAN_POINT('',(-2.730392194563,-8.,3.));
#59 = CIRCLE('',#60,2.1);
#60 = AXIS2_PLACEMENT_3D('',#61,#62,#63);
#61 = CARTESIAN_POINT('',(-4.77,-8.5,3.));
#62 = DIRECTION('',(0.,-2.22044604925E-16,1.));
#63 = DIRECTION('',(0.,-1.,-2.22044604925E-16));
#64 = ORIENTED_EDGE('',*,*,#65,.T.);
#65 = EDGE_CURVE('',#57,#66,#68,.T.);
#66 = VERTEX_POINT('',#67);
#67 = CARTESIAN_POINT('',(-0.67,-8.,3.));
#68 = LINE('',#69,#70);
#69 = CARTESIAN_POINT('',(-10.17,-8.,3.));
#70 = VECTOR('',#71,1.);
#71 = DIRECTION('',(1.,0.,-0.));
#72 = ORIENTED_EDGE('',*,*,#73,.F.);
#73 = EDGE_CURVE('',#74,#66,#76,.T.);
#74 = VERTEX_POINT('',#75);
#75 = CARTESIAN_POINT('',(-0.67,13.5,3.));
#76 = LINE('',#77,#78);
#77 = CARTESIAN_POINT('',(-0.67,-10.5,3.));
#78 = VECTOR('',#79,1.);
#79 = DIRECTION('',(-0.,-1.,-2.22044604925E-16));
#80 = ORIENTED_EDGE('',*,*,#81,.F.);
#81 = EDGE_CURVE('',#82,#74,#84,.T.);
#82 = VERTEX_POINT('',#83);
#83 = CARTESIAN_POINT('',(-9.67,13.5,3.));
#84 = LINE('',#85,#86);
#85 = CARTESIAN_POINT('',(-10.17,13.5,3.));
#86 = VECTOR('',#87,1.);
#87 = DIRECTION('',(1.,0.,-0.));
#88 = ORIENTED_EDGE('',*,*,#89,.T.);
#89 = EDGE_CURVE('',#82,#90,#92,.T.);
#90 = VERTEX_POINT('',#91);
#91 = CARTESIAN_POINT('',(-9.67,18.5,3.));
#92 = LINE('',#93,#94);
#93 = CARTESIAN_POINT('',(-9.67,-23.5,3.));
#94 = VECTOR('',#95,1.);
#95 = DIRECTION('',(0.,1.,2.22044604925E-16));
#96 = ORIENTED_EDGE('',*,*,#97,.T.);
#97 = EDGE_CURVE('',#90,#98,#100,.T.);
#98 = VERTEX_POINT('',#99);
#99 = CARTESIAN_POINT('',(12.67,18.5,3.));
#100 = LINE('',#101,#102);
#101 = CARTESIAN_POINT('',(-16.,18.5,3.));
#102 = VECTOR('',#103,1.);
#103 = DIRECTION('',(1.,0.,-0.));
#104 = ORIENTED_EDGE('',*,*,#105,.T.);
#105 = EDGE_CURVE('',#98,#24,#106,.T.);
#106 = LINE('',#107,#108);
#107 = CARTESIAN_POINT('',(12.67,-21.,3.));
#108 = VECTOR('',#109,1.);
#109 = DIRECTION('',(-0.,-1.,-2.22044604925E-16));
#110 = PLANE('',#111);
#111 = AXIS2_PLACEMENT_3D('',#112,#113,#114);
#112 = CARTESIAN_POINT('',(-9.67,-23.5,3.));
#113 = DIRECTION('',(0.,2.22044604925E-16,-1.));
#114 = DIRECTION('',(0.,1.,2.22044604925E-16));
#115 = ADVANCED_FACE('',(#116),#157,.F.);
#116 = FACE_BOUND('',#117,.F.);
#117 = EDGE_LOOP('',(#118,#126,#134,#142,#150,#156));
#118 = ORIENTED_EDGE('',*,*,#119,.T.);
#119 = EDGE_CURVE('',#24,#120,#122,.T.);
#120 = VERTEX_POINT('',#121);
#121 = CARTESIAN_POINT('',(12.67,-18.5,0.));
#122 = LINE('',#123,#124);
#123 = CARTESIAN_POINT('',(12.67,-18.5,231.56));
#124 = VECTOR('',#125,1.);
#125 = DIRECTION('',(0.,2.22044604925E-16,-1.));
#126 = ORIENTED_EDGE('',*,*,#127,.F.);
#127 = EDGE_CURVE('',#128,#120,#130,.T.);
#128 = VERTEX_POINT('',#129);
#129 = CARTESIAN_POINT('',(-12.67,-18.5,0.));
#130 = LINE('',#131,#132);
#131 = CARTESIAN_POINT('',(-17.5,-18.5,0.));
#132 = VECTOR('',#133,1.);
#133 = DIRECTION('',(1.,0.,-0.));
#134 = ORIENTED_EDGE('',*,*,#135,.T.);
#135 = EDGE_CURVE('',#128,#136,#138,.T.);
#136 = VERTEX_POINT('',#137);
#137 = CARTESIAN_POINT('',(-12.67,-18.5,63.56));
#138 = LINE('',#139,#140);
#139 = CARTESIAN_POINT('',(-12.67,-18.5,147.56));
#140 = VECTOR('',#141,1.);
#141 = DIRECTION('',(0.,-2.22044604925E-16,1.));
#142 = ORIENTED_EDGE('',*,*,#143,.T.);
#143 = EDGE_CURVE('',#136,#144,#146,.T.);
#144 = VERTEX_POINT('',#145);
#145 = CARTESIAN_POINT('',(-9.67,-18.5,63.56));
#146 = LINE('',#147,#148);
#147 = CARTESIAN_POINT('',(-17.5,-18.5,63.56));
#148 = VECTOR('',#149,1.);
#149 = DIRECTION('',(1.,0.,-0.));
#150 = ORIENTED_EDGE('',*,*,#151,.F.);
#151 = EDGE_CURVE('',#22,#144,#152,.T.);
#152 = LINE('',#153,#154);
#153 = CARTESIAN_POINT('',(-9.67,-18.5,148.06));
#154 = VECTOR('',#155,1.);
#155 = DIRECTION('',(0.,-2.22044604925E-16,1.));
#156 = ORIENTED_EDGE('',*,*,#21,.T.);
#157 = PLANE('',#158);
#158 = AXIS2_PLACEMENT_3D('',#159,#160,#161);
#159 = CARTESIAN_POINT('',(-22.33,-18.5,231.56));
#160 = DIRECTION('',(0.,1.,2.22044604925E-16));
#161 = DIRECTION('',(1.,0.,-0.));
#162 = ADVANCED_FACE('',(#163),#181,.T.);
#163 = FACE_BOUND('',#164,.T.);
#164 = EDGE_LOOP('',(#165,#173,#174,#175));
#165 = ORIENTED_EDGE('',*,*,#166,.F.);
#166 = EDGE_CURVE('',#98,#167,#169,.T.);
#167 = VERTEX_POINT('',#168);
#168 = CARTESIAN_POINT('',(12.67,18.5,1.42108547152E-14));
#169 = LINE('',#170,#171);
#170 = CARTESIAN_POINT('',(12.67,18.5,231.56));
#171 = VECTOR('',#172,1.);
#172 = DIRECTION('',(0.,2.22044604925E-16,-1.));
#173 = ORIENTED_EDGE('',*,*,#105,.T.);
#174 = ORIENTED_EDGE('',*,*,#119,.T.);
#175 = ORIENTED_EDGE('',*,*,#176,.F.);
#176 = EDGE_CURVE('',#167,#120,#177,.T.);
#177 = LINE('',#178,#179);
#178 = CARTESIAN_POINT('',(12.67,-22.5,0.));
#179 = VECTOR('',#180,1.);
#180 = DIRECTION('',(-0.,-1.,-2.22044604925E-16));
#181 = PLANE('',#182);
#182 = AXIS2_PLACEMENT_3D('',#183,#184,#185);
#183 = CARTESIAN_POINT('',(12.67,-18.5,231.56));
#184 = DIRECTION('',(1.,0.,-0.));
#185 = DIRECTION('',(0.,1.,2.22044604925E-16));
#186 = ADVANCED_FACE('',(#187),#221,.T.);
#187 = FACE_BOUND('',#188,.T.);
#188 = EDGE_LOOP('',(#189,#190,#198,#206,#214,#220));
#189 = ORIENTED_EDGE('',*,*,#166,.T.);
#190 = ORIENTED_EDGE('',*,*,#191,.F.);
#191 = EDGE_CURVE('',#192,#167,#194,.T.);
#192 = VERTEX_POINT('',#193);
#193 = CARTESIAN_POINT('',(-12.67,18.5,1.42108547152E-14));
#194 = LINE('',#195,#196);
#195 = CARTESIAN_POINT('',(-17.5,18.5,1.42108547152E-14));
#196 = VECTOR('',#197,1.);
#197 = DIRECTION('',(1.,0.,-0.));
#198 = ORIENTED_EDGE('',*,*,#199,.T.);
#199 = EDGE_CURVE('',#192,#200,#202,.T.);
#200 = VERTEX_POINT('',#201);
#201 = CARTESIAN_POINT('',(-12.67,18.5,63.56));
#202 = LINE('',#203,#204);
#203 = CARTESIAN_POINT('',(-12.67,18.5,147.56));
#204 = VECTOR('',#205,1.);
#205 = DIRECTION('',(0.,-2.22044604925E-16,1.));
#206 = ORIENTED_EDGE('',*,*,#207,.T.);
#207 = EDGE_CURVE('',#200,#208,#210,.T.);
#208 = VERTEX_POINT('',#209);
#209 = CARTESIAN_POINT('',(-9.67,18.5,63.56));
#210 = LINE('',#211,#212);
#211 = CARTESIAN_POINT('',(-17.5,18.5,63.56));
#212 = VECTOR('',#213,1.);
#213 = DIRECTION('',(1.,0.,-0.));
#214 = ORIENTED_EDGE('',*,*,#215,.F.);
#215 = EDGE_CURVE('',#90,#208,#216,.T.);
#216 = LINE('',#217,#218);
#217 = CARTESIAN_POINT('',(-9.67,18.5,148.06));
#218 = VECTOR('',#219,1.);
#219 = DIRECTION('',(0.,-2.22044604925E-16,1.));
#220 = ORIENTED_EDGE('',*,*,#97,.T.);
#221 = PLANE('',#222);
#222 = AXIS2_PLACEMENT_3D('',#223,#224,#225);
#223 = CARTESIAN_POINT('',(-22.33,18.5,231.56));
#224 = DIRECTION('',(0.,1.,2.22044604925E-16));
#225 = DIRECTION('',(1.,0.,-0.));
#226 = ADVANCED_FACE('',(#227),#261,.T.);
#227 = FACE_BOUND('',#228,.T.);
#228 = EDGE_LOOP('',(#229,#237,#238,#239,#245,#246,#247,#255));
#229 = ORIENTED_EDGE('',*,*,#230,.F.);
#230 = EDGE_CURVE('',#82,#231,#233,.T.);
#231 = VERTEX_POINT('',#232);
#232 = CARTESIAN_POINT('',(-9.67,13.5,54.06));
#233 = LINE('',#234,#235);
#234 = CARTESIAN_POINT('',(-9.67,13.5,59.31));
#235 = VECTOR('',#236,1.);
#236 = DIRECTION('',(0.,-2.22044604925E-16,1.));
#237 = ORIENTED_EDGE('',*,*,#89,.T.);
#238 = ORIENTED_EDGE('',*,*,#215,.T.);
#239 = ORIENTED_EDGE('',*,*,#240,.T.);
#240 = EDGE_CURVE('',#208,#144,#241,.T.);
#241 = LINE('',#242,#243);
#242 = CARTESIAN_POINT('',(-9.67,-25.,63.56));
#243 = VECTOR('',#244,1.);
#244 = DIRECTION('',(-0.,-1.,-2.22044604925E-16));
#245 = ORIENTED_EDGE('',*,*,#151,.F.);
#246 = ORIENTED_EDGE('',*,*,#31,.T.);
#247 = ORIENTED_EDGE('',*,*,#248,.T.);
#248 = EDGE_CURVE('',#32,#249,#251,.T.);
#249 = VERTEX_POINT('',#250);
#250 = CARTESIAN_POINT('',(-9.67,-8.,54.06));
#251 = LINE('',#252,#253);
#252 = CARTESIAN_POINT('',(-9.67,-8.,59.31));
#253 = VECTOR('',#254,1.);
#254 = DIRECTION('',(0.,-2.22044604925E-16,1.));
#255 = ORIENTED_EDGE('',*,*,#256,.T.);
#256 = EDGE_CURVE('',#249,#231,#257,.T.);
#257 = LINE('',#258,#259);
#258 = CARTESIAN_POINT('',(-9.67,-15.75,54.06));
#259 = VECTOR('',#260,1.);
#260 = DIRECTION('',(0.,1.,2.22044604925E-16));
#261 = PLANE('',#262);
#262 = AXIS2_PLACEMENT_3D('',#263,#264,#265);
#263 = CARTESIAN_POINT('',(-9.67,-23.5,64.56));
#264 = DIRECTION('',(1.,0.,-0.));
#265 = DIRECTION('',(0.,1.,2.22044604925E-16));
#266 = ADVANCED_FACE('',(#267),#285,.T.);
#267 = FACE_BOUND('',#268,.T.);
#268 = EDGE_LOOP('',(#269,#270,#278,#284));
#269 = ORIENTED_EDGE('',*,*,#230,.T.);
#270 = ORIENTED_EDGE('',*,*,#271,.T.);
#271 = EDGE_CURVE('',#231,#272,#274,.T.);
#272 = VERTEX_POINT('',#273);
#273 = CARTESIAN_POINT('',(-0.67,13.5,54.06));
#274 = LINE('',#275,#276);
#275 = CARTESIAN_POINT('',(-10.67,13.5,54.06));
#276 = VECTOR('',#277,1.);
#277 = DIRECTION('',(1.,0.,-0.));
#278 = ORIENTED_EDGE('',*,*,#279,.T.);
#279 = EDGE_CURVE('',#272,#74,#280,.T.);
#280 = LINE('',#281,#282);
#281 = CARTESIAN_POINT('',(-0.67,13.5,54.06));
#282 = VECTOR('',#283,1.);
#283 = DIRECTION('',(0.,2.22044604925E-16,-1.));
#284 = ORIENTED_EDGE('',*,*,#81,.F.);
#285 = PLANE('',#286);
#286 = AXIS2_PLACEMENT_3D('',#287,#288,#289);
#287 = CARTESIAN_POINT('',(-10.67,13.5,54.06));
#288 = DIRECTION('',(0.,1.,2.22044604925E-16));
#289 = DIRECTION('',(1.,0.,-0.));
#290 = ADVANCED_FACE('',(#291),#309,.T.);
#291 = FACE_BOUND('',#292,.T.);
#292 = EDGE_LOOP('',(#293,#301,#307,#308));
#293 = ORIENTED_EDGE('',*,*,#294,.F.);
#294 = EDGE_CURVE('',#295,#272,#297,.T.);
#295 = VERTEX_POINT('',#296);
#296 = CARTESIAN_POINT('',(-0.67,-8.,54.06));
#297 = LINE('',#298,#299);
#298 = CARTESIAN_POINT('',(-0.67,2.5,54.06));
#299 = VECTOR('',#300,1.);
#300 = DIRECTION('',(0.,1.,2.22044604925E-16));
#301 = ORIENTED_EDGE('',*,*,#302,.T.);
#302 = EDGE_CURVE('',#295,#66,#303,.T.);
#303 = LINE('',#304,#305);
#304 = CARTESIAN_POINT('',(-0.67,-8.,54.06));
#305 = VECTOR('',#306,1.);
#306 = DIRECTION('',(0.,2.22044604925E-16,-1.));
#307 = ORIENTED_EDGE('',*,*,#73,.F.);
#308 = ORIENTED_EDGE('',*,*,#279,.F.);
#309 = PLANE('',#310);
#310 = AXIS2_PLACEMENT_3D('',#311,#312,#313);
#311 = CARTESIAN_POINT('',(-0.67,2.75,28.53));
#312 = DIRECTION('',(1.,0.,0.));
#313 = DIRECTION('',(0.,1.,2.22044604925E-16));
#314 = ADVANCED_FACE('',(#315),#333,.F.);
#315 = FACE_BOUND('',#316,.F.);
#316 = EDGE_LOOP('',(#317,#325,#331,#332));
#317 = ORIENTED_EDGE('',*,*,#318,.T.);
#318 = EDGE_CURVE('',#57,#319,#321,.T.);
#319 = VERTEX_POINT('',#320);
#320 = CARTESIAN_POINT('',(-2.730392194563,-8.,54.06));
#321 = LINE('',#322,#323);
#322 = CARTESIAN_POINT('',(-2.730392194563,-8.,2.6));
#323 = VECTOR('',#324,1.);
#324 = DIRECTION('',(0.,-2.22044604925E-16,1.));
#325 = ORIENTED_EDGE('',*,*,#326,.T.);
#326 = EDGE_CURVE('',#319,#295,#327,.T.);
#327 = LINE('',#328,#329);
#328 = CARTESIAN_POINT('',(-10.67,-8.,54.06));
#329 = VECTOR('',#330,1.);
#330 = DIRECTION('',(1.,0.,-0.));
#331 = ORIENTED_EDGE('',*,*,#302,.T.);
#332 = ORIENTED_EDGE('',*,*,#65,.F.);
#333 = PLANE('',#334);
#334 = AXIS2_PLACEMENT_3D('',#335,#336,#337);
#335 = CARTESIAN_POINT('',(-10.67,-8.,54.06));
#336 = DIRECTION('',(0.,1.,2.22044604925E-16));
#337 = DIRECTION('',(1.,0.,-0.));
#338 = ADVANCED_FACE('',(#339),#375,.F.);
#339 = FACE_BOUND('',#340,.F.);
#340 = EDGE_LOOP('',(#341,#342,#350,#357,#358,#359,#367,#374));
#341 = ORIENTED_EDGE('',*,*,#56,.F.);
#342 = ORIENTED_EDGE('',*,*,#343,.F.);
#343 = EDGE_CURVE('',#344,#48,#346,.T.);
#344 = VERTEX_POINT('',#345);
#345 = CARTESIAN_POINT('',(-4.77,-10.6,2.6));
#346 = LINE('',#347,#348);
#347 = CARTESIAN_POINT('',(-4.77,-10.6,2.6));
#348 = VECTOR('',#349,1.);
#349 = DIRECTION('',(0.,-2.22044604925E-16,1.));
#350 = ORIENTED_EDGE('',*,*,#351,.T.);
#351 = EDGE_CURVE('',#344,#344,#352,.T.);
#352 = CIRCLE('',#353,2.1);
#353 = AXIS2_PLACEMENT_3D('',#354,#355,#356);
#354 = CARTESIAN_POINT('',(-4.77,-8.5,2.6));
#355 = DIRECTION('',(0.,-2.22044604925E-16,1.));
#356 = DIRECTION('',(0.,-1.,-2.22044604925E-16));
#357 = ORIENTED_EDGE('',*,*,#343,.T.);
#358 = ORIENTED_EDGE('',*,*,#47,.F.);
#359 = ORIENTED_EDGE('',*,*,#360,.T.);
#360 = EDGE_CURVE('',#40,#361,#363,.T.);
#361 = VERTEX_POINT('',#362);
#362 = CARTESIAN_POINT('',(-6.809607805437,-8.,54.06));
#363 = LINE('',#364,#365);
#364 = CARTESIAN_POINT('',(-6.809607805437,-8.,2.6));
#365 = VECTOR('',#366,1.);
#366 = DIRECTION('',(0.,-2.22044604925E-16,1.));
#367 = ORIENTED_EDGE('',*,*,#368,.F.);
#368 = EDGE_CURVE('',#319,#361,#369,.T.);
#369 = CIRCLE('',#370,2.1);
#370 = AXIS2_PLACEMENT_3D('',#371,#372,#373);
#371 = CARTESIAN_POINT('',(-4.77,-8.5,54.06));
#372 = DIRECTION('',(0.,-2.22044604925E-16,1.));
#373 = DIRECTION('',(0.,-1.,-2.22044604925E-16));
#374 = ORIENTED_EDGE('',*,*,#318,.F.);
#375 = CYLINDRICAL_SURFACE('',#376,2.1);
#376 = AXIS2_PLACEMENT_3D('',#377,#378,#379);
#377 = CARTESIAN_POINT('',(-4.77,-8.5,2.6));
#378 = DIRECTION('',(0.,-2.22044604925E-16,1.));
#379 = DIRECTION('',(0.,-1.,-2.22044604925E-16));
#380 = ADVANCED_FACE('',(#381),#392,.F.);
#381 = FACE_BOUND('',#382,.F.);
#382 = EDGE_LOOP('',(#383,#384,#385,#391));
#383 = ORIENTED_EDGE('',*,*,#39,.F.);
#384 = ORIENTED_EDGE('',*,*,#248,.T.);
#385 = ORIENTED_EDGE('',*,*,#386,.T.);
#386 = EDGE_CURVE('',#249,#361,#387,.T.);
#387 = LINE('',#388,#389);
#388 = CARTESIAN_POINT('',(-10.67,-8.,54.06));
#389 = VECTOR('',#390,1.);
#390 = DIRECTION('',(1.,0.,-0.));
#391 = ORIENTED_EDGE('',*,*,#360,.F.);
#392 = PLANE('',#393);
#393 = AXIS2_PLACEMENT_3D('',#394,#395,#396);
#394 = CARTESIAN_POINT('',(-10.67,-8.,54.06));
#395 = DIRECTION('',(0.,1.,2.22044604925E-16));
#396 = DIRECTION('',(1.,0.,-0.));
#397 = ADVANCED_FACE('',(#398),#409,.F.);
#398 = FACE_BOUND('',#399,.F.);
#399 = EDGE_LOOP('',(#400,#401,#407,#408));
#400 = ORIENTED_EDGE('',*,*,#143,.F.);
#401 = ORIENTED_EDGE('',*,*,#402,.T.);
#402 = EDGE_CURVE('',#136,#200,#403,.T.);
#403 = LINE('',#404,#405);
#404 = CARTESIAN_POINT('',(-12.67,-26.5,63.56));
#405 = VECTOR('',#406,1.);
#406 = DIRECTION('',(0.,1.,2.22044604925E-16));
#407 = ORIENTED_EDGE('',*,*,#207,.T.);
#408 = ORIENTED_EDGE('',*,*,#240,.T.);
#409 = PLANE('',#410);
#410 = AXIS2_PLACEMENT_3D('',#411,#412,#413);
#411 = CARTESIAN_POINT('',(-12.67,-26.5,63.56));
#412 = DIRECTION('',(0.,2.22044604925E-16,-1.));
#413 = DIRECTION('',(0.,1.,2.22044604925E-16));
#414 = ADVANCED_FACE('',(#415,#426,#527,#735,#746),#757,.F.);
#415 = FACE_BOUND('',#416,.F.);
#416 = EDGE_LOOP('',(#417,#418,#419,#425));
#417 = ORIENTED_EDGE('',*,*,#402,.F.);
#418 = ORIENTED_EDGE('',*,*,#135,.F.);
#419 = ORIENTED_EDGE('',*,*,#420,.T.);
#420 = EDGE_CURVE('',#128,#192,#421,.T.);
#421 = LINE('',#422,#423);
#422 = CARTESIAN_POINT('',(-12.67,-26.5,0.));
#423 = VECTOR('',#424,1.);
#424 = DIRECTION('',(0.,1.,2.22044604925E-16));
#425 = ORIENTED_EDGE('',*,*,#199,.T.);
#426 = FACE_BOUND('',#427,.F.);
#427 = EDGE_LOOP('',(#428,#438,#446,#461,#473,#481,#496,#513,#521));
#428 = ORIENTED_EDGE('',*,*,#429,.F.);
#429 = EDGE_CURVE('',#430,#432,#434,.T.);
#430 = VERTEX_POINT('',#431);
#431 = CARTESIAN_POINT('',(-12.67,-17.9,2.369679224128));
#432 = VERTEX_POINT('',#433);
#433 = CARTESIAN_POINT('',(-12.67,-17.9,0.959341288081));
#434 = LINE('',#435,#436);
#435 = CARTESIAN_POINT('',(-12.67,-17.9,32.259670644041));
#436 = VECTOR('',#437,1.);
#437 = DIRECTION('',(-0.,1.110223024625E-16,-1.));
#438 = ORIENTED_EDGE('',*,*,#439,.F.);
#439 = EDGE_CURVE('',#440,#430,#442,.T.);
#440 = VERTEX_POINT('',#441);
#441 = CARTESIAN_POINT('',(-12.67,-8.886895893895,2.369679224128));
#442 = LINE('',#443,#444);
#443 = CARTESIAN_POINT('',(-12.67,-22.2,2.369679224128));
#444 = VECTOR('',#445,1.);
#445 = DIRECTION('',(0.,-1.,-1.110223024625E-16));
#446 = ORIENTED_EDGE('',*,*,#447,.F.);
#447 = EDGE_CURVE('',#448,#440,#450,.T.);
#448 = VERTEX_POINT('',#449);
#449 = CARTESIAN_POINT('',(-12.67,-9.861596111919,3.705843831686));
#450 = B_SPLINE_CURVE_WITH_KNOTS('',5,(#451,#452,#453,#454,#455,#456,
    #457,#458,#459,#460),.UNSPECIFIED.,.F.,.F.,(6,4,6),(0.,
    0.547147886256,1.),.UNSPECIFIED.);
#451 = CARTESIAN_POINT('',(-12.67,-9.861596111919,3.705843831686));
#452 = CARTESIAN_POINT('',(-12.67,-9.766129693315,3.543868118235));
#453 = CARTESIAN_POINT('',(-12.67,-9.668046771595,3.385069314743));
#454 = CARTESIAN_POINT('',(-12.67,-9.567117318027,3.229894295806));
#455 = CARTESIAN_POINT('',(-12.67,-9.46310303818,3.078959263783));
#456 = CARTESIAN_POINT('',(-12.67,-9.266855657695,2.81236403345));
#457 = CARTESIAN_POINT('',(-12.67,-9.175687788424,2.695116096717));
#458 = CARTESIAN_POINT('',(-12.67,-9.082063779455,2.581814857831));
#459 = CARTESIAN_POINT('',(-12.67,-8.985841478782,2.4730789511));
#460 = CARTESIAN_POINT('',(-12.67,-8.886895893895,2.369679224128));
#461 = ORIENTED_EDGE('',*,*,#462,.F.);
#462 = EDGE_CURVE('',#463,#448,#465,.T.);
#463 = VERTEX_POINT('',#464);
#464 = CARTESIAN_POINT('',(-12.67,-10.59236010174,5.190355096221));
#465 = B_SPLINE_CURVE_WITH_KNOTS('',6,(#466,#467,#468,#469,#470,#471,
    #472),.UNSPECIFIED.,.F.,.F.,(7,7),(0.,1.),.PIECEWISE_BEZIER_KNOTS.);
#466 = CARTESIAN_POINT('',(-12.67,-10.59236010174,5.190355096221));
#467 = CARTESIAN_POINT('',(-12.67,-10.50116448296,4.943774667757));
#468 = CARTESIAN_POINT('',(-12.67,-10.39416052345,4.695830608103));
#469 = CARTESIAN_POINT('',(-12.67,-10.27470566182,4.447565879568));
#470 = CARTESIAN_POINT('',(-12.67,-10.14509462799,4.199659343357));
#471 = CARTESIAN_POINT('',(-12.67,-10.00702408141,3.9524323073));
#472 = CARTESIAN_POINT('',(-12.67,-9.861596111919,3.705843831686));
#473 = ORIENTED_EDGE('',*,*,#474,.F.);
#474 = EDGE_CURVE('',#475,#463,#477,.T.);
#475 = VERTEX_POINT('',#476);
#476 = CARTESIAN_POINT('',(-12.67,-9.224854651163,5.190355096221));
#477 = LINE('',#478,#479);
#478 = CARTESIAN_POINT('',(-12.67,-18.54618005087,5.190355096221));
#479 = VECTOR('',#480,1.);
#480 = DIRECTION('',(0.,-1.,-1.110223024625E-16));
#481 = ORIENTED_EDGE('',*,*,#482,.F.);
#482 = EDGE_CURVE('',#483,#475,#485,.T.);
#483 = VERTEX_POINT('',#484);
#484 = CARTESIAN_POINT('',(-12.67,-7.873541969477,3.121859456686));
#485 = B_SPLINE_CURVE_WITH_KNOTS('',5,(#486,#487,#488,#489,#490,#491,
    #492,#493,#494,#495),.UNSPECIFIED.,.F.,.F.,(6,4,6),(0.,
    0.491603781875,1.),.UNSPECIFIED.);
#486 = CARTESIAN_POINT('',(-12.67,-7.873541969477,3.121859456686));
#487 = CARTESIAN_POINT('',(-12.67,-8.035263651375,3.302319134643));
#488 = CARTESIAN_POINT('',(-12.67,-8.18992016978,3.489451212691));
#489 = CARTESIAN_POINT('',(-12.67,-8.337376802271,3.682763352386));
#490 = CARTESIAN_POINT('',(-12.67,-8.477638270418,3.881724727526));
#491 = CARTESIAN_POINT('',(-12.67,-8.748499470787,4.296868460148));
#492 = CARTESIAN_POINT('',(-12.67,-8.878606993472,4.513409265705));
#493 = CARTESIAN_POINT('',(-12.67,-9.001221685369,4.734859460756));
#494 = CARTESIAN_POINT('',(-12.67,-9.116552816346,4.960670025192));
#495 = CARTESIAN_POINT('',(-12.67,-9.224854651163,5.190355096221));
#496 = ORIENTED_EDGE('',*,*,#497,.F.);
#497 = EDGE_CURVE('',#498,#483,#500,.T.);
#498 = VERTEX_POINT('',#499);
#499 = CARTESIAN_POINT('',(-12.67,-6.333139534884,1.868225735756));
#500 = B_SPLINE_CURVE_WITH_KNOTS('',6,(#501,#502,#503,#504,#505,#506,
    #507,#508,#509,#510,#511,#512),.UNSPECIFIED.,.F.,.F.,(7,5,7),(0.,
    0.466011463307,1.),.UNSPECIFIED.);
#501 = CARTESIAN_POINT('',(-12.67,-6.333139534884,1.868225735756));
#502 = CARTESIAN_POINT('',(-12.67,-6.466653805087,1.934095267242));
#503 = CARTESIAN_POINT('',(-12.67,-6.597628800898,2.008188959249));
#504 = CARTESIAN_POINT('',(-12.67,-6.725906169333,2.089509265365));
#505 = CARTESIAN_POINT('',(-12.67,-6.851443450415,2.177125322309));
#506 = CARTESIAN_POINT('',(-12.67,-6.974281831532,2.270252586591));
#507 = CARTESIAN_POINT('',(-12.67,-7.232336669537,2.480587258191));
#508 = CARTESIAN_POINT('',(-12.67,-7.366715961846,2.599301752024));
#509 = CARTESIAN_POINT('',(-12.67,-7.497846167811,2.72347216718));
#510 = CARTESIAN_POINT('',(-12.67,-7.625900457471,2.852332784901));
#511 = CARTESIAN_POINT('',(-12.67,-7.751063871663,2.985280262085));
#512 = CARTESIAN_POINT('',(-12.67,-7.873541969477,3.121859456686));
#513 = ORIENTED_EDGE('',*,*,#514,.F.);
#514 = EDGE_CURVE('',#515,#498,#517,.T.);
#515 = VERTEX_POINT('',#516);
#516 = CARTESIAN_POINT('',(-12.67,-6.333139534884,0.959341288081));
#517 = LINE('',#518,#519);
#518 = CARTESIAN_POINT('',(-12.67,-6.333139534884,32.714112867878));
#519 = VECTOR('',#520,1.);
#520 = DIRECTION('',(0.,-1.110223024625E-16,1.));
#521 = ORIENTED_EDGE('',*,*,#522,.F.);
#522 = EDGE_CURVE('',#432,#515,#523,.T.);
#523 = LINE('',#524,#525);
#524 = CARTESIAN_POINT('',(-12.67,-16.41656976744,0.959341288081));
#525 = VECTOR('',#526,1.);
#526 = DIRECTION('',(0.,1.,1.110223024625E-16));
#527 = FACE_BOUND('',#528,.F.);
#528 = EDGE_LOOP('',(#529,#539,#547,#564,#579,#596,#611,#628,#650,#669,
    #684,#699,#714,#729));
#529 = ORIENTED_EDGE('',*,*,#530,.F.);
#530 = EDGE_CURVE('',#531,#533,#535,.T.);
#531 = VERTEX_POINT('',#532);
#532 = CARTESIAN_POINT('',(-12.67,-6.4,16.4599999));
#533 = VERTEX_POINT('',#534);
#534 = CARTESIAN_POINT('',(-12.67,-17.9,16.4599999));
#535 = LINE('',#536,#537);
#536 = CARTESIAN_POINT('',(-12.67,-22.2,16.4599999));
#537 = VECTOR('',#538,1.);
#538 = DIRECTION('',(0.,-1.,-1.110223024625E-16));
#539 = ORIENTED_EDGE('',*,*,#540,.F.);
#540 = EDGE_CURVE('',#541,#531,#543,.T.);
#541 = VERTEX_POINT('',#542);
#542 = CARTESIAN_POINT('',(-12.67,-6.4,12.150633984302));
#543 = LINE('',#544,#545);
#544 = CARTESIAN_POINT('',(-12.67,-6.4,40.00999995));
#545 = VECTOR('',#546,1.);
#546 = DIRECTION('',(0.,-1.110223024625E-16,1.));
#547 = ORIENTED_EDGE('',*,*,#548,.F.);
#548 = EDGE_CURVE('',#549,#541,#551,.T.);
#549 = VERTEX_POINT('',#550);
#550 = CARTESIAN_POINT('',(-12.67,-6.749450399709,10.039305859302));
#551 = B_SPLINE_CURVE_WITH_KNOTS('',6,(#552,#553,#554,#555,#556,#557,
    #558,#559,#560,#561,#562,#563),.UNSPECIFIED.,.F.,.F.,(7,5,7),(0.,
    0.388185327689,1.),.UNSPECIFIED.);
#552 = CARTESIAN_POINT('',(-12.67,-6.749450399709,10.039305859302));
#553 = CARTESIAN_POINT('',(-12.67,-6.695794332213,10.16137541794));
#554 = CARTESIAN_POINT('',(-12.67,-6.648527738271,10.287528765985));
#555 = CARTESIAN_POINT('',(-12.67,-6.60716474987,10.416987999155));
#556 = CARTESIAN_POINT('',(-12.67,-6.571191508751,10.549096279428));
#557 = CARTESIAN_POINT('',(-12.67,-6.540127087073,10.683350055597));
#558 = CARTESIAN_POINT('',(-12.67,-6.471627197173,11.033841428372));
#559 = CARTESIAN_POINT('',(-12.67,-6.440850822834,11.252651050324));
#560 = CARTESIAN_POINT('',(-12.67,-6.419483404693,11.474506732895));
#561 = CARTESIAN_POINT('',(-12.67,-6.406219218033,11.698468950483));
#562 = CARTESIAN_POINT('',(-12.67,-6.4,11.923934566477));
#563 = CARTESIAN_POINT('',(-12.67,-6.4,12.150633984302));
#564 = ORIENTED_EDGE('',*,*,#565,.F.);
#565 = EDGE_CURVE('',#566,#549,#568,.T.);
#566 = VERTEX_POINT('',#567);
#567 = CARTESIAN_POINT('',(-12.67,-7.824441315407,8.793507349128));
#568 = B_SPLINE_CURVE_WITH_KNOTS('',5,(#569,#570,#571,#572,#573,#574,
    #575,#576,#577,#578),.UNSPECIFIED.,.F.,.F.,(6,4,6),(0.,
    0.451933414841,1.),.UNSPECIFIED.);
#569 = CARTESIAN_POINT('',(-12.67,-7.824441315407,8.793507349128));
#570 = CARTESIAN_POINT('',(-12.67,-7.695309262869,8.873587801853));
#571 = CARTESIAN_POINT('',(-12.67,-7.57188118765,8.961580562846));
#572 = CARTESIAN_POINT('',(-12.67,-7.455048490087,9.057554147947));
#573 = CARTESIAN_POINT('',(-12.67,-7.345585163479,9.16132176435));
#574 = CARTESIAN_POINT('',(-12.67,-7.120849966851,9.406882517534));
#575 = CARTESIAN_POINT('',(-12.67,-7.009258985552,9.552109148987));
#576 = CARTESIAN_POINT('',(-12.67,-6.910224669428,9.706925460004));
#577 = CARTESIAN_POINT('',(-12.67,-6.823775176418,9.869849818992));
#578 = CARTESIAN_POINT('',(-12.67,-6.749450399709,10.039305859302));
#579 = ORIENTED_EDGE('',*,*,#580,.F.);
#580 = EDGE_CURVE('',#581,#566,#583,.T.);
#581 = VERTEX_POINT('',#582);
#582 = CARTESIAN_POINT('',(-12.67,-9.3423828125,8.342721556977));
#583 = B_SPLINE_CURVE_WITH_KNOTS('',6,(#584,#585,#586,#587,#588,#589,
    #590,#591,#592,#593,#594,#595),.UNSPECIFIED.,.F.,.F.,(7,5,7),(0.,
    0.252407302707,1.),.UNSPECIFIED.);
#584 = CARTESIAN_POINT('',(-12.67,-9.3423828125,8.342721556977));
#585 = CARTESIAN_POINT('',(-12.67,-9.275113449568,8.342721556977));
#586 = CARTESIAN_POINT('',(-12.67,-9.207925843473,8.344670652331));
#587 = CARTESIAN_POINT('',(-12.67,-9.140872951131,8.348591821245));
#588 = CARTESIAN_POINT('',(-12.67,-9.07400793958,8.35449782214));
#589 = CARTESIAN_POINT('',(-12.67,-9.00738418598,8.362391193656));
#590 = CARTESIAN_POINT('',(-12.67,-8.744598966802,8.401506785358));
#591 = CARTESIAN_POINT('',(-12.67,-8.550666512274,8.44812415723));
#592 = CARTESIAN_POINT('',(-12.67,-8.360797362429,8.511905963082));
#593 = CARTESIAN_POINT('',(-12.67,-8.176049206987,8.591782560192));
#594 = CARTESIAN_POINT('',(-12.67,-7.997121294089,8.686219500602));
#595 = CARTESIAN_POINT('',(-12.67,-7.824441315407,8.793507349128));
#596 = ORIENTED_EDGE('',*,*,#597,.F.);
#597 = EDGE_CURVE('',#598,#581,#600,.T.);
#598 = VERTEX_POINT('',#599);
#599 = CARTESIAN_POINT('',(-12.67,-10.73130450581,8.742317305523));
#600 = B_SPLINE_CURVE_WITH_KNOTS('',5,(#601,#602,#603,#604,#605,#606,
    #607,#608,#609,#610),.UNSPECIFIED.,.F.,.F.,(6,4,6),(0.,
    0.621974509466,1.),.UNSPECIFIED.);
#601 = CARTESIAN_POINT('',(-12.67,-10.73130450581,8.742317305523));
#602 = CARTESIAN_POINT('',(-12.67,-10.57398505474,8.645806174753));
#603 = CARTESIAN_POINT('',(-12.67,-10.41053545779,8.562030803172));
#604 = CARTESIAN_POINT('',(-12.67,-10.24147452067,8.492560602342));
#605 = CARTESIAN_POINT('',(-12.67,-10.06766078518,8.438596166492));
#606 = CARTESIAN_POINT('',(-12.67,-9.782790594634,8.377222295306));
#607 = CARTESIAN_POINT('',(-12.67,-9.673842045346,8.35985122232));
#608 = CARTESIAN_POINT('',(-12.67,-9.56392866017,8.348374387072));
#609 = CARTESIAN_POINT('',(-12.67,-9.453345558014,8.342721556977));
#610 = CARTESIAN_POINT('',(-12.67,-9.3423828125,8.342721556977));
#611 = ORIENTED_EDGE('',*,*,#612,.F.);
#612 = EDGE_CURVE('',#613,#598,#615,.T.);
#613 = VERTEX_POINT('',#614);
#614 = CARTESIAN_POINT('',(-12.67,-11.78226744186,9.948939761919));
#615 = B_SPLINE_CURVE_WITH_KNOTS('',6,(#616,#617,#618,#619,#620,#621,
    #622,#623,#624,#625,#626,#627),.UNSPECIFIED.,.F.,.F.,(7,5,7),(0.,
    0.515640990661,1.),.UNSPECIFIED.);
#616 = CARTESIAN_POINT('',(-12.67,-11.78226744186,9.948939761919));
#617 = CARTESIAN_POINT('',(-12.67,-11.7186627423,9.82065090969));
#618 = CARTESIAN_POINT('',(-12.67,-11.64994934267,9.695902807366));
#619 = CARTESIAN_POINT('',(-12.67,-11.57585591763,9.575215723773));
#620 = CARTESIAN_POINT('',(-12.67,-11.49615205102,9.459195211483));
#621 = CARTESIAN_POINT('',(-12.67,-11.41068618137,9.348499812105));
#622 = CARTESIAN_POINT('',(-12.67,-11.23378301979,9.145395287627));
#623 = CARTESIAN_POINT('',(-12.67,-11.14301239015,9.052272573569));
#624 = CARTESIAN_POINT('',(-12.67,-11.04718409853,8.964962083918));
#625 = CARTESIAN_POINT('',(-12.67,-10.94642520993,8.883960568401));
#626 = CARTESIAN_POINT('',(-12.67,-10.8409926796,8.80966197081));
#627 = CARTESIAN_POINT('',(-12.67,-10.73130450581,8.742317305523));
#628 = ORIENTED_EDGE('',*,*,#629,.F.);
#629 = EDGE_CURVE('',#630,#613,#632,.T.);
#630 = VERTEX_POINT('',#631);
#631 = CARTESIAN_POINT('',(-12.67,-12.82539516715,8.346900336047));
#632 = B_SPLINE_CURVE_WITH_KNOTS('',6,(#633,#634,#635,#636,#637,#638,
    #639,#640,#641,#642,#643,#644,#645,#646,#647,#648,#649),
  .UNSPECIFIED.,.F.,.F.,(7,5,5,7),(0.,0.109459432318,0.539676660033,1.),
  .UNSPECIFIED.);
#633 = CARTESIAN_POINT('',(-12.67,-12.82539516715,8.346900336047));
#634 = CARTESIAN_POINT('',(-12.67,-12.79743379941,8.368143841517));
#635 = CARTESIAN_POINT('',(-12.67,-12.7698171494,8.389824524839));
#636 = CARTESIAN_POINT('',(-12.67,-12.74255334948,8.411938794687));
#637 = CARTESIAN_POINT('',(-12.67,-12.7156499929,8.434482319857));
#638 = CARTESIAN_POINT('',(-12.67,-12.68911413374,8.457450029262));
#639 = CARTESIAN_POINT('',(-12.67,-12.56012627233,8.572752317259));
#640 = CARTESIAN_POINT('',(-12.67,-12.46306462429,8.671143391839));
#641 = CARTESIAN_POINT('',(-12.67,-12.37219546843,8.775631898088));
#642 = CARTESIAN_POINT('',(-12.67,-12.28772896969,8.885714587739));
#643 = CARTESIAN_POINT('',(-12.67,-12.20970469724,9.000804167865));
#644 = CARTESIAN_POINT('',(-12.67,-12.06135819654,9.248098123646));
#645 = CARTESIAN_POINT('',(-12.67,-11.99194639268,9.380954233583));
#646 = CARTESIAN_POINT('',(-12.67,-11.9296761123,9.51811714829));
#647 = CARTESIAN_POINT('',(-12.67,-11.87423394397,9.658889707656));
#648 = CARTESIAN_POINT('',(-12.67,-11.8252341373,9.802662360207));
#649 = CARTESIAN_POINT('',(-12.67,-11.78226744186,9.948939761919));
#650 = ORIENTED_EDGE('',*,*,#651,.F.);
#651 = EDGE_CURVE('',#652,#630,#654,.T.);
#652 = VERTEX_POINT('',#653);
#653 = CARTESIAN_POINT('',(-12.67,-14.56637899709,7.786421593314));
#654 = B_SPLINE_CURVE_WITH_KNOTS('',5,(#655,#656,#657,#658,#659,#660,
    #661,#662,#663,#664,#665,#666,#667,#668),.UNSPECIFIED.,.F.,.F.,(6,4,
    4,6),(0.,0.357533613458,0.699723351553,1.),.UNSPECIFIED.);
#655 = CARTESIAN_POINT('',(-12.67,-14.56637899709,7.786421593314));
#656 = CARTESIAN_POINT('',(-12.67,-14.43103471054,7.786421593314));
#657 = CARTESIAN_POINT('',(-12.67,-14.29628935233,7.792788254279));
#658 = CARTESIAN_POINT('',(-12.67,-14.16252717648,7.805977653978));
#659 = CARTESIAN_POINT('',(-12.67,-14.03023122346,7.826407118205));
#660 = CARTESIAN_POINT('',(-12.67,-13.77526706399,7.880991549673));
#661 = CARTESIAN_POINT('',(-12.67,-13.65241926975,7.914521725599));
#662 = CARTESIAN_POINT('',(-12.67,-13.53191206884,7.955079255451));
#663 = CARTESIAN_POINT('',(-12.67,-13.41423044941,8.002691495042));
#664 = CARTESIAN_POINT('',(-12.67,-13.19941366656,8.104932221568));
#665 = CARTESIAN_POINT('',(-12.67,-13.10151799094,8.157991497249));
#666 = CARTESIAN_POINT('',(-12.67,-13.00642358956,8.216185344327));
#667 = CARTESIAN_POINT('',(-12.67,-12.91433711767,8.279264111446));
#668 = CARTESIAN_POINT('',(-12.67,-12.82539516715,8.346900336047));
#669 = ORIENTED_EDGE('',*,*,#670,.F.);
#670 = EDGE_CURVE('',#671,#652,#673,.T.);
#671 = VERTEX_POINT('',#672);
#672 = CARTESIAN_POINT('',(-12.67,-16.06865007267,8.127514434884));
#673 = B_SPLINE_CURVE_WITH_KNOTS('',5,(#674,#675,#676,#677,#678,#679,
    #680,#681,#682,#683),.UNSPECIFIED.,.F.,.F.,(6,4,6),(0.,
    0.285826039655,1.),.UNSPECIFIED.);
#674 = CARTESIAN_POINT('',(-12.67,-16.06865007267,8.127514434884));
#675 = CARTESIAN_POINT('',(-12.67,-15.98901703965,8.088386992774));
#676 = CARTESIAN_POINT('',(-12.67,-15.90819598807,8.05194104928));
#677 = CARTESIAN_POINT('',(-12.67,-15.82625534229,8.018252158604));
#678 = CARTESIAN_POINT('',(-12.67,-15.74327495041,7.987373637003));
#679 = CARTESIAN_POINT('',(-12.67,-15.44963877151,7.889282244609));
#680 = CARTESIAN_POINT('',(-12.67,-15.23397119562,7.836953745175));
#681 = CARTESIAN_POINT('',(-12.67,-15.01386491698,7.802873163206));
#682 = CARTESIAN_POINT('',(-12.67,-14.79085723934,7.786421593314));
#683 = CARTESIAN_POINT('',(-12.67,-14.56637899709,7.786421593314));
#684 = ORIENTED_EDGE('',*,*,#685,.F.);
#685 = EDGE_CURVE('',#686,#671,#688,.T.);
#686 = VERTEX_POINT('',#687);
#687 = CARTESIAN_POINT('',(-12.67,-17.1394622093,8.969538417442));
#688 = B_SPLINE_CURVE_WITH_KNOTS('',5,(#689,#690,#691,#692,#693,#694,
    #695,#696,#697,#698),.UNSPECIFIED.,.F.,.F.,(6,4,6),(0.,
    0.484355946388,1.),.UNSPECIFIED.);
#689 = CARTESIAN_POINT('',(-12.67,-17.1394622093,8.969538417442));
#690 = CARTESIAN_POINT('',(-12.67,-17.0620935574,8.866523291478));
#691 = CARTESIAN_POINT('',(-12.67,-16.97694632365,8.76854889638));
#692 = CARTESIAN_POINT('',(-12.67,-16.88460246296,8.675910385224));
#693 = CARTESIAN_POINT('',(-12.67,-16.78581109931,8.588635683765));
#694 = CARTESIAN_POINT('',(-12.67,-16.57005850785,8.419311014183));
#695 = CARTESIAN_POINT('',(-12.67,-16.45233234265,8.337960264213));
#696 = CARTESIAN_POINT('',(-12.67,-16.32900123871,8.262424186264));
#697 = CARTESIAN_POINT('',(-12.67,-16.20088984785,8.192390532261));
#698 = CARTESIAN_POINT('',(-12.67,-16.06865007267,8.127514434884));
#699 = ORIENTED_EDGE('',*,*,#700,.F.);
#700 = EDGE_CURVE('',#701,#686,#703,.T.);
#701 = VERTEX_POINT('',#702);
#702 = CARTESIAN_POINT('',(-12.67,-17.70777616279,10.227350917442));
#703 = B_SPLINE_CURVE_WITH_KNOTS('',5,(#704,#705,#706,#707,#708,#709,
    #710,#711,#712,#713),.UNSPECIFIED.,.F.,.F.,(6,4,6),(0.,
    0.518384483591,1.),.UNSPECIFIED.);
#704 = CARTESIAN_POINT('',(-12.67,-17.70777616279,10.227350917442));
#705 = CARTESIAN_POINT('',(-12.67,-17.67095341705,10.082461417927));
#706 = CARTESIAN_POINT('',(-12.67,-17.62910605824,9.940241262233));
#707 = CARTESIAN_POINT('',(-12.67,-17.58184974798,9.801139904087));
#708 = CARTESIAN_POINT('',(-12.67,-17.52878613415,9.665742653402));
#709 = CARTESIAN_POINT('',(-12.67,-17.41458445525,9.412987467008));
#710 = CARTESIAN_POINT('',(-12.67,-17.3542865778,9.29503234552));
#711 = CARTESIAN_POINT('',(-12.67,-17.28843550942,9.181397893447));
#712 = CARTESIAN_POINT('',(-12.67,-17.21683474624,9.072701800038));
#713 = CARTESIAN_POINT('',(-12.67,-17.1394622093,8.969538417442));
#714 = ORIENTED_EDGE('',*,*,#715,.F.);
#715 = EDGE_CURVE('',#716,#701,#718,.T.);
#716 = VERTEX_POINT('',#717);
#717 = CARTESIAN_POINT('',(-12.67,-17.9,12.0801170875));
#718 = B_SPLINE_CURVE_WITH_KNOTS('',5,(#719,#720,#721,#722,#723,#724,
    #725,#726,#727,#728),.UNSPECIFIED.,.F.,.F.,(6,4,6),(0.,
    0.533048169576,1.),.UNSPECIFIED.);
#719 = CARTESIAN_POINT('',(-12.67,-17.9,12.0801170875));
#720 = CARTESIAN_POINT('',(-12.67,-17.9,11.87445318091));
#721 = CARTESIAN_POINT('',(-12.67,-17.89577714076,11.670089175115));
#722 = CARTESIAN_POINT('',(-12.67,-17.88682030135,11.467300102626));
#723 = CARTESIAN_POINT('',(-12.67,-17.8724943193,11.266536439421));
#724 = CARTESIAN_POINT('',(-12.67,-17.83394193364,10.894945917874));
#725 = CARTESIAN_POINT('',(-12.67,-17.81116544851,10.723515852891));
#726 = CARTESIAN_POINT('',(-12.67,-17.78303800274,10.554600498162));
#727 = CARTESIAN_POINT('',(-12.67,-17.74885877071,10.388890411108));
#728 = CARTESIAN_POINT('',(-12.67,-17.70777616279,10.227350917442));
#729 = ORIENTED_EDGE('',*,*,#730,.F.);
#730 = EDGE_CURVE('',#533,#716,#731,.T.);
#731 = LINE('',#732,#733);
#732 = CARTESIAN_POINT('',(-12.67,-17.9,37.82005854375));
#733 = VECTOR('',#734,1.);
#734 = DIRECTION('',(-0.,1.110223024625E-16,-1.));
#735 = FACE_BOUND('',#736,.F.);
#736 = EDGE_LOOP('',(#737));
#737 = ORIENTED_EDGE('',*,*,#738,.F.);
#738 = EDGE_CURVE('',#739,#739,#741,.T.);
#739 = VERTEX_POINT('',#740);
#740 = CARTESIAN_POINT('',(-12.67,-0.8,48.56));
#741 = CIRCLE('',#742,1.7);
#742 = AXIS2_PLACEMENT_3D('',#743,#744,#745);
#743 = CARTESIAN_POINT('',(-12.67,-2.5,48.56));
#744 = DIRECTION('',(1.,0.,-0.));
#745 = DIRECTION('',(0.,1.,2.22044604925E-16));
#746 = FACE_BOUND('',#747,.F.);
#747 = EDGE_LOOP('',(#748));
#748 = ORIENTED_EDGE('',*,*,#749,.F.);
#749 = EDGE_CURVE('',#750,#750,#752,.T.);
#750 = VERTEX_POINT('',#751);
#751 = CARTESIAN_POINT('',(-12.67,9.7,48.56));
#752 = CIRCLE('',#753,1.7);
#753 = AXIS2_PLACEMENT_3D('',#754,#755,#756);
#754 = CARTESIAN_POINT('',(-12.67,8.,48.56));
#755 = DIRECTION('',(1.,0.,-0.));
#756 = DIRECTION('',(0.,1.,2.22044604925E-16));
#757 = PLANE('',#758);
#758 = AXIS2_PLACEMENT_3D('',#759,#760,#761);
#759 = CARTESIAN_POINT('',(-12.67,-26.5,63.56));
#760 = DIRECTION('',(1.,0.,-0.));
#761 = DIRECTION('',(0.,1.,2.22044604925E-16));
#762 = ADVANCED_FACE('',(#763,#769),#780,.T.);
#763 = FACE_BOUND('',#764,.T.);
#764 = EDGE_LOOP('',(#765,#766,#767,#768));
#765 = ORIENTED_EDGE('',*,*,#127,.F.);
#766 = ORIENTED_EDGE('',*,*,#420,.T.);
#767 = ORIENTED_EDGE('',*,*,#191,.T.);
#768 = ORIENTED_EDGE('',*,*,#176,.T.);
#769 = FACE_BOUND('',#770,.T.);
#770 = EDGE_LOOP('',(#771));
#771 = ORIENTED_EDGE('',*,*,#772,.T.);
#772 = EDGE_CURVE('',#773,#773,#775,.T.);
#773 = VERTEX_POINT('',#774);
#774 = CARTESIAN_POINT('',(-4.77,-12.75,0.));
#775 = CIRCLE('',#776,4.25);
#776 = AXIS2_PLACEMENT_3D('',#777,#778,#779);
#777 = CARTESIAN_POINT('',(-4.77,-8.5,0.));
#778 = DIRECTION('',(0.,-2.22044604925E-16,1.));
#779 = DIRECTION('',(0.,-1.,-2.22044604925E-16));
#780 = PLANE('',#781);
#781 = AXIS2_PLACEMENT_3D('',#782,#783,#784);
#782 = CARTESIAN_POINT('',(-12.67,-26.5,0.));
#783 = DIRECTION('',(0.,2.22044604925E-16,-1.));
#784 = DIRECTION('',(0.,1.,2.22044604925E-16));
#785 = ADVANCED_FACE('',(#786),#794,.T.);
#786 = FACE_BOUND('',#787,.T.);
#787 = EDGE_LOOP('',(#788,#789,#790,#791,#792,#793));
#788 = ORIENTED_EDGE('',*,*,#326,.T.);
#789 = ORIENTED_EDGE('',*,*,#294,.T.);
#790 = ORIENTED_EDGE('',*,*,#271,.F.);
#791 = ORIENTED_EDGE('',*,*,#256,.F.);
#792 = ORIENTED_EDGE('',*,*,#386,.T.);
#793 = ORIENTED_EDGE('',*,*,#368,.F.);
#794 = PLANE('',#795);
#795 = AXIS2_PLACEMENT_3D('',#796,#797,#798);
#796 = CARTESIAN_POINT('',(-5.17,2.75,54.06));
#797 = DIRECTION('',(0.,-2.22044604925E-16,1.));
#798 = DIRECTION('',(0.,-1.,-2.22044604925E-16));
#799 = ADVANCED_FACE('',(#800),#811,.F.);
#800 = FACE_BOUND('',#801,.F.);
#801 = EDGE_LOOP('',(#802,#803,#809,#810));
#802 = ORIENTED_EDGE('',*,*,#351,.F.);
#803 = ORIENTED_EDGE('',*,*,#804,.F.);
#804 = EDGE_CURVE('',#773,#344,#805,.T.);
#805 = LINE('',#806,#807);
#806 = CARTESIAN_POINT('',(-4.77,-12.75,0.));
#807 = VECTOR('',#808,1.);
#808 = DIRECTION('',(1.560847516868E-16,0.637264359795,0.770645272311));
#809 = ORIENTED_EDGE('',*,*,#772,.T.);
#810 = ORIENTED_EDGE('',*,*,#804,.T.);
#811 = CONICAL_SURFACE('',#812,4.25,0.690943228002);
#812 = AXIS2_PLACEMENT_3D('',#813,#814,#815);
#813 = CARTESIAN_POINT('',(-4.77,-8.5,0.));
#814 = DIRECTION('',(-0.,2.22044604925E-16,-1.));
#815 = DIRECTION('',(0.,-1.,-2.22044604925E-16));
#816 = ADVANCED_FACE('',(#817),#842,.F.);
#817 = FACE_BOUND('',#818,.F.);
#818 = EDGE_LOOP('',(#819,#820,#828,#836));
#819 = ORIENTED_EDGE('',*,*,#429,.T.);
#820 = ORIENTED_EDGE('',*,*,#821,.T.);
#821 = EDGE_CURVE('',#432,#822,#824,.T.);
#822 = VERTEX_POINT('',#823);
#823 = CARTESIAN_POINT('',(-12.05,-17.9,0.959341288081));
#824 = LINE('',#825,#826);
#825 = CARTESIAN_POINT('',(-13.25,-17.9,0.959341288081));
#826 = VECTOR('',#827,1.);
#827 = DIRECTION('',(1.,1.110223024625E-16,1.232595164408E-32));
#828 = ORIENTED_EDGE('',*,*,#829,.T.);
#829 = EDGE_CURVE('',#822,#830,#832,.T.);
#830 = VERTEX_POINT('',#831);
#831 = CARTESIAN_POINT('',(-12.05,-17.9,2.369679224128));
#832 = LINE('',#833,#834);
#833 = CARTESIAN_POINT('',(-12.05,-17.9,0.959341288081));
#834 = VECTOR('',#835,1.);
#835 = DIRECTION('',(0.,-1.110223024625E-16,1.));
#836 = ORIENTED_EDGE('',*,*,#837,.F.);
#837 = EDGE_CURVE('',#430,#830,#838,.T.);
#838 = LINE('',#839,#840);
#839 = CARTESIAN_POINT('',(-13.25,-17.9,2.369679224128));
#840 = VECTOR('',#841,1.);
#841 = DIRECTION('',(1.,1.110223024625E-16,1.232595164408E-32));
#842 = PLANE('',#843);
#843 = AXIS2_PLACEMENT_3D('',#844,#845,#846);
#844 = CARTESIAN_POINT('',(-13.25,-17.9,0.959341288081));
#845 = DIRECTION('',(1.110223024625E-16,-1.,-1.110223024625E-16));
#846 = DIRECTION('',(0.,-1.110223024625E-16,1.));
#847 = ADVANCED_FACE('',(#848),#866,.F.);
#848 = FACE_BOUND('',#849,.F.);
#849 = EDGE_LOOP('',(#850,#851,#859,#865));
#850 = ORIENTED_EDGE('',*,*,#522,.T.);
#851 = ORIENTED_EDGE('',*,*,#852,.T.);
#852 = EDGE_CURVE('',#515,#853,#855,.T.);
#853 = VERTEX_POINT('',#854);
#854 = CARTESIAN_POINT('',(-12.05,-6.333139534884,0.959341288081));
#855 = LINE('',#856,#857);
#856 = CARTESIAN_POINT('',(-13.25,-6.333139534884,0.959341288081));
#857 = VECTOR('',#858,1.);
#858 = DIRECTION('',(1.,1.110223024625E-16,1.232595164408E-32));
#859 = ORIENTED_EDGE('',*,*,#860,.T.);
#860 = EDGE_CURVE('',#853,#822,#861,.T.);
#861 = LINE('',#862,#863);
#862 = CARTESIAN_POINT('',(-12.05,-6.333139534884,0.959341288081));
#863 = VECTOR('',#864,1.);
#864 = DIRECTION('',(1.110223024625E-16,-1.,-1.110223024625E-16));
#865 = ORIENTED_EDGE('',*,*,#821,.F.);
#866 = PLANE('',#867);
#867 = AXIS2_PLACEMENT_3D('',#868,#869,#870);
#868 = CARTESIAN_POINT('',(-13.25,-6.333139534884,0.959341288081));
#869 = DIRECTION('',(0.,1.110223024625E-16,-1.));
#870 = DIRECTION('',(1.110223024625E-16,-1.,-1.110223024625E-16));
#871 = ADVANCED_FACE('',(#872),#890,.F.);
#872 = FACE_BOUND('',#873,.F.);
#873 = EDGE_LOOP('',(#874,#875,#883,#889));
#874 = ORIENTED_EDGE('',*,*,#514,.T.);
#875 = ORIENTED_EDGE('',*,*,#876,.T.);
#876 = EDGE_CURVE('',#498,#877,#879,.T.);
#877 = VERTEX_POINT('',#878);
#878 = CARTESIAN_POINT('',(-12.05,-6.333139534884,1.868225735756));
#879 = LINE('',#880,#881);
#880 = CARTESIAN_POINT('',(-13.25,-6.333139534884,1.868225735756));
#881 = VECTOR('',#882,1.);
#882 = DIRECTION('',(1.,1.110223024625E-16,1.232595164408E-32));
#883 = ORIENTED_EDGE('',*,*,#884,.T.);
#884 = EDGE_CURVE('',#877,#853,#885,.T.);
#885 = LINE('',#886,#887);
#886 = CARTESIAN_POINT('',(-12.05,-6.333139534884,1.868225735756));
#887 = VECTOR('',#888,1.);
#888 = DIRECTION('',(0.,1.110223024625E-16,-1.));
#889 = ORIENTED_EDGE('',*,*,#852,.F.);
#890 = PLANE('',#891);
#891 = AXIS2_PLACEMENT_3D('',#892,#893,#894);
#892 = CARTESIAN_POINT('',(-13.25,-6.333139534884,1.868225735756));
#893 = DIRECTION('',(-1.110223024625E-16,1.,1.110223024625E-16));
#894 = DIRECTION('',(0.,1.110223024625E-16,-1.));
#895 = ADVANCED_FACE('',(#896),#914,.F.);
#896 = FACE_BOUND('',#897,.F.);
#897 = EDGE_LOOP('',(#898,#899,#907,#913));
#898 = ORIENTED_EDGE('',*,*,#497,.T.);
#899 = ORIENTED_EDGE('',*,*,#900,.T.);
#900 = EDGE_CURVE('',#483,#901,#903,.T.);
#901 = VERTEX_POINT('',#902);
#902 = CARTESIAN_POINT('',(-12.05,-7.873541969477,3.121859456686));
#903 = LINE('',#904,#905);
#904 = CARTESIAN_POINT('',(-13.25,-7.873541969477,3.121859456686));
#905 = VECTOR('',#906,1.);
#906 = DIRECTION('',(1.,1.110223024625E-16,1.232595164408E-32));
#907 = ORIENTED_EDGE('',*,*,#908,.T.);
#908 = EDGE_CURVE('',#901,#877,#909,.T.);
#909 = B_SPLINE_CURVE_WITH_KNOTS('',2,(#910,#911,#912),.UNSPECIFIED.,.F.
  ,.F.,(3,3),(0.,1.),.PIECEWISE_BEZIER_KNOTS.);
#910 = CARTESIAN_POINT('',(-12.05,-7.873541969477,3.121859456686));
#911 = CARTESIAN_POINT('',(-12.05,-7.079573946221,2.236480641279));
#912 = CARTESIAN_POINT('',(-12.05,-6.333139534884,1.868225735756));
#913 = ORIENTED_EDGE('',*,*,#876,.F.);
#914 = SURFACE_OF_LINEAR_EXTRUSION('',#915,#919);
#915 = B_SPLINE_CURVE_WITH_KNOTS('',2,(#916,#917,#918),.UNSPECIFIED.,.F.
  ,.F.,(3,3),(0.,1.),.PIECEWISE_BEZIER_KNOTS.);
#916 = CARTESIAN_POINT('',(-13.25,-7.873541969477,3.121859456686));
#917 = CARTESIAN_POINT('',(-13.25,-7.079573946221,2.236480641279));
#918 = CARTESIAN_POINT('',(-13.25,-6.333139534884,1.868225735756));
#919 = VECTOR('',#920,1.);
#920 = DIRECTION('',(-1.,-1.110223024625E-16,-1.232595164408E-32));
#921 = ADVANCED_FACE('',(#922),#940,.F.);
#922 = FACE_BOUND('',#923,.F.);
#923 = EDGE_LOOP('',(#924,#925,#933,#939));
#924 = ORIENTED_EDGE('',*,*,#482,.T.);
#925 = ORIENTED_EDGE('',*,*,#926,.T.);
#926 = EDGE_CURVE('',#475,#927,#929,.T.);
#927 = VERTEX_POINT('',#928);
#928 = CARTESIAN_POINT('',(-12.05,-9.224854651163,5.190355096221));
#929 = LINE('',#930,#931);
#930 = CARTESIAN_POINT('',(-13.25,-9.224854651163,5.190355096221));
#931 = VECTOR('',#932,1.);
#932 = DIRECTION('',(1.,1.110223024625E-16,1.232595164408E-32));
#933 = ORIENTED_EDGE('',*,*,#934,.T.);
#934 = EDGE_CURVE('',#927,#901,#935,.T.);
#935 = B_SPLINE_CURVE_WITH_KNOTS('',2,(#936,#937,#938),.UNSPECIFIED.,.F.
  ,.F.,(3,3),(0.,1.),.PIECEWISE_BEZIER_KNOTS.);
#936 = CARTESIAN_POINT('',(-12.05,-9.224854651163,5.190355096221));
#937 = CARTESIAN_POINT('',(-12.05,-8.666987645349,4.007238272093));
#938 = CARTESIAN_POINT('',(-12.05,-7.873541969477,3.121859456686));
#939 = ORIENTED_EDGE('',*,*,#900,.F.);
#940 = SURFACE_OF_LINEAR_EXTRUSION('',#941,#945);
#941 = B_SPLINE_CURVE_WITH_KNOTS('',2,(#942,#943,#944),.UNSPECIFIED.,.F.
  ,.F.,(3,3),(0.,1.),.PIECEWISE_BEZIER_KNOTS.);
#942 = CARTESIAN_POINT('',(-13.25,-9.224854651163,5.190355096221));
#943 = CARTESIAN_POINT('',(-13.25,-8.666987645349,4.007238272093));
#944 = CARTESIAN_POINT('',(-13.25,-7.873541969477,3.121859456686));
#945 = VECTOR('',#946,1.);
#946 = DIRECTION('',(-1.,-1.110223024625E-16,-1.232595164408E-32));
#947 = ADVANCED_FACE('',(#948),#966,.F.);
#948 = FACE_BOUND('',#949,.F.);
#949 = EDGE_LOOP('',(#950,#951,#959,#965));
#950 = ORIENTED_EDGE('',*,*,#474,.T.);
#951 = ORIENTED_EDGE('',*,*,#952,.T.);
#952 = EDGE_CURVE('',#463,#953,#955,.T.);
#953 = VERTEX_POINT('',#954);
#954 = CARTESIAN_POINT('',(-12.05,-10.59236010174,5.190355096221));
#955 = LINE('',#956,#957);
#956 = CARTESIAN_POINT('',(-13.25,-10.59236010174,5.190355096221));
#957 = VECTOR('',#958,1.);
#958 = DIRECTION('',(1.,1.110223024625E-16,1.232595164408E-32));
#959 = ORIENTED_EDGE('',*,*,#960,.T.);
#960 = EDGE_CURVE('',#953,#927,#961,.T.);
#961 = LINE('',#962,#963);
#962 = CARTESIAN_POINT('',(-12.05,-10.59236010174,5.190355096221));
#963 = VECTOR('',#964,1.);
#964 = DIRECTION('',(-1.110223024625E-16,1.,1.110223024625E-16));
#965 = ORIENTED_EDGE('',*,*,#926,.F.);
#966 = PLANE('',#967);
#967 = AXIS2_PLACEMENT_3D('',#968,#969,#970);
#968 = CARTESIAN_POINT('',(-13.25,-10.59236010174,5.190355096221));
#969 = DIRECTION('',(0.,-1.110223024625E-16,1.));
#970 = DIRECTION('',(-1.110223024625E-16,1.,1.110223024625E-16));
#971 = ADVANCED_FACE('',(#972),#990,.F.);
#972 = FACE_BOUND('',#973,.F.);
#973 = EDGE_LOOP('',(#974,#975,#983,#989));
#974 = ORIENTED_EDGE('',*,*,#462,.T.);
#975 = ORIENTED_EDGE('',*,*,#976,.T.);
#976 = EDGE_CURVE('',#448,#977,#979,.T.);
#977 = VERTEX_POINT('',#978);
#978 = CARTESIAN_POINT('',(-12.05,-9.861596111919,3.705843831686));
#979 = LINE('',#980,#981);
#980 = CARTESIAN_POINT('',(-13.25,-9.861596111919,3.705843831686));
#981 = VECTOR('',#982,1.);
#982 = DIRECTION('',(1.,1.110223024625E-16,1.232595164408E-32));
#983 = ORIENTED_EDGE('',*,*,#984,.T.);
#984 = EDGE_CURVE('',#977,#953,#985,.T.);
#985 = B_SPLINE_CURVE_WITH_KNOTS('',2,(#986,#987,#988),.UNSPECIFIED.,.F.
  ,.F.,(3,3),(0.,1.),.PIECEWISE_BEZIER_KNOTS.);
#986 = CARTESIAN_POINT('',(-12.05,-9.861596111919,3.705843831686));
#987 = CARTESIAN_POINT('',(-12.05,-10.34894622093,4.532197392733));
#988 = CARTESIAN_POINT('',(-12.05,-10.59236010174,5.190355096221));
#989 = ORIENTED_EDGE('',*,*,#952,.F.);
#990 = SURFACE_OF_LINEAR_EXTRUSION('',#991,#995);
#991 = B_SPLINE_CURVE_WITH_KNOTS('',2,(#992,#993,#994),.UNSPECIFIED.,.F.
  ,.F.,(3,3),(0.,1.),.PIECEWISE_BEZIER_KNOTS.);
#992 = CARTESIAN_POINT('',(-13.25,-9.861596111919,3.705843831686));
#993 = CARTESIAN_POINT('',(-13.25,-10.34894622093,4.532197392733));
#994 = CARTESIAN_POINT('',(-13.25,-10.59236010174,5.190355096221));
#995 = VECTOR('',#996,1.);
#996 = DIRECTION('',(-1.,-1.110223024625E-16,-1.232595164408E-32));
#997 = ADVANCED_FACE('',(#998),#1016,.F.);
#998 = FACE_BOUND('',#999,.F.);
#999 = EDGE_LOOP('',(#1000,#1001,#1009,#1015));
#1000 = ORIENTED_EDGE('',*,*,#447,.T.);
#1001 = ORIENTED_EDGE('',*,*,#1002,.T.);
#1002 = EDGE_CURVE('',#440,#1003,#1005,.T.);
#1003 = VERTEX_POINT('',#1004);
#1004 = CARTESIAN_POINT('',(-12.05,-8.886895893895,2.369679224128));
#1005 = LINE('',#1006,#1007);
#1006 = CARTESIAN_POINT('',(-13.25,-8.886895893895,2.369679224128));
#1007 = VECTOR('',#1008,1.);
#1008 = DIRECTION('',(1.,1.110223024625E-16,1.232595164408E-32));
#1009 = ORIENTED_EDGE('',*,*,#1010,.T.);
#1010 = EDGE_CURVE('',#1003,#977,#1011,.T.);
#1011 = B_SPLINE_CURVE_WITH_KNOTS('',2,(#1012,#1013,#1014),
  .UNSPECIFIED.,.F.,.F.,(3,3),(0.,1.),.PIECEWISE_BEZIER_KNOTS.);
#1012 = CARTESIAN_POINT('',(-12.05,-8.886895893895,2.369679224128));
#1013 = CARTESIAN_POINT('',(-12.05,-9.374246002907,2.878967923256));
#1014 = CARTESIAN_POINT('',(-12.05,-9.861596111919,3.705843831686));
#1015 = ORIENTED_EDGE('',*,*,#976,.F.);
#1016 = SURFACE_OF_LINEAR_EXTRUSION('',#1017,#1021);
#1017 = B_SPLINE_CURVE_WITH_KNOTS('',2,(#1018,#1019,#1020),
  .UNSPECIFIED.,.F.,.F.,(3,3),(0.,1.),.PIECEWISE_BEZIER_KNOTS.);
#1018 = CARTESIAN_POINT('',(-13.25,-8.886895893895,2.369679224128));
#1019 = CARTESIAN_POINT('',(-13.25,-9.374246002907,2.878967923256));
#1020 = CARTESIAN_POINT('',(-13.25,-9.861596111919,3.705843831686));
#1021 = VECTOR('',#1022,1.);
#1022 = DIRECTION('',(-1.,-1.110223024625E-16,-1.232595164408E-32));
#1023 = ADVANCED_FACE('',(#1024),#1035,.F.);
#1024 = FACE_BOUND('',#1025,.F.);
#1025 = EDGE_LOOP('',(#1026,#1027,#1028,#1034));
#1026 = ORIENTED_EDGE('',*,*,#439,.T.);
#1027 = ORIENTED_EDGE('',*,*,#837,.T.);
#1028 = ORIENTED_EDGE('',*,*,#1029,.T.);
#1029 = EDGE_CURVE('',#830,#1003,#1030,.T.);
#1030 = LINE('',#1031,#1032);
#1031 = CARTESIAN_POINT('',(-12.05,-17.9,2.369679224128));
#1032 = VECTOR('',#1033,1.);
#1033 = DIRECTION('',(-1.110223024625E-16,1.,1.110223024625E-16));
#1034 = ORIENTED_EDGE('',*,*,#1002,.F.);
#1035 = PLANE('',#1036);
#1036 = AXIS2_PLACEMENT_3D('',#1037,#1038,#1039);
#1037 = CARTESIAN_POINT('',(-13.25,-17.9,2.369679224128));
#1038 = DIRECTION('',(0.,-1.110223024625E-16,1.));
#1039 = DIRECTION('',(-1.110223024625E-16,1.,1.110223024625E-16));
#1040 = ADVANCED_FACE('',(#1041),#1066,.F.);
#1041 = FACE_BOUND('',#1042,.F.);
#1042 = EDGE_LOOP('',(#1043,#1044,#1052,#1060));
#1043 = ORIENTED_EDGE('',*,*,#530,.T.);
#1044 = ORIENTED_EDGE('',*,*,#1045,.T.);
#1045 = EDGE_CURVE('',#533,#1046,#1048,.T.);
#1046 = VERTEX_POINT('',#1047);
#1047 = CARTESIAN_POINT('',(-12.05,-17.9,16.4599999));
#1048 = LINE('',#1049,#1050);
#1049 = CARTESIAN_POINT('',(-13.25,-17.9,16.4599999));
#1050 = VECTOR('',#1051,1.);
#1051 = DIRECTION('',(1.,1.110223024625E-16,1.232595164408E-32));
#1052 = ORIENTED_EDGE('',*,*,#1053,.T.);
#1053 = EDGE_CURVE('',#1046,#1054,#1056,.T.);
#1054 = VERTEX_POINT('',#1055);
#1055 = CARTESIAN_POINT('',(-12.05,-6.4,16.4599999));
#1056 = LINE('',#1057,#1058);
#1057 = CARTESIAN_POINT('',(-12.05,-17.9,16.4599999));
#1058 = VECTOR('',#1059,1.);
#1059 = DIRECTION('',(-1.110223024625E-16,1.,1.110223024625E-16));
#1060 = ORIENTED_EDGE('',*,*,#1061,.F.);
#1061 = EDGE_CURVE('',#531,#1054,#1062,.T.);
#1062 = LINE('',#1063,#1064);
#1063 = CARTESIAN_POINT('',(-13.25,-6.4,16.4599999));
#1064 = VECTOR('',#1065,1.);
#1065 = DIRECTION('',(1.,1.110223024625E-16,1.232595164408E-32));
#1066 = PLANE('',#1067);
#1067 = AXIS2_PLACEMENT_3D('',#1068,#1069,#1070);
#1068 = CARTESIAN_POINT('',(-13.25,-17.9,16.4599999));
#1069 = DIRECTION('',(0.,-1.110223024625E-16,1.));
#1070 = DIRECTION('',(-1.110223024625E-16,1.,1.110223024625E-16));
#1071 = ADVANCED_FACE('',(#1072),#1090,.F.);
#1072 = FACE_BOUND('',#1073,.F.);
#1073 = EDGE_LOOP('',(#1074,#1075,#1083,#1089));
#1074 = ORIENTED_EDGE('',*,*,#730,.T.);
#1075 = ORIENTED_EDGE('',*,*,#1076,.T.);
#1076 = EDGE_CURVE('',#716,#1077,#1079,.T.);
#1077 = VERTEX_POINT('',#1078);
#1078 = CARTESIAN_POINT('',(-12.05,-17.9,12.0801170875));
#1079 = LINE('',#1080,#1081);
#1080 = CARTESIAN_POINT('',(-13.25,-17.9,12.0801170875));
#1081 = VECTOR('',#1082,1.);
#1082 = DIRECTION('',(1.,1.110223024625E-16,1.232595164408E-32));
#1083 = ORIENTED_EDGE('',*,*,#1084,.T.);
#1084 = EDGE_CURVE('',#1077,#1046,#1085,.T.);
#1085 = LINE('',#1086,#1087);
#1086 = CARTESIAN_POINT('',(-12.05,-17.9,12.0801170875));
#1087 = VECTOR('',#1088,1.);
#1088 = DIRECTION('',(0.,-1.110223024625E-16,1.));
#1089 = ORIENTED_EDGE('',*,*,#1045,.F.);
#1090 = PLANE('',#1091);
#1091 = AXIS2_PLACEMENT_3D('',#1092,#1093,#1094);
#1092 = CARTESIAN_POINT('',(-13.25,-17.9,12.0801170875));
#1093 = DIRECTION('',(1.110223024625E-16,-1.,-1.110223024625E-16));
#1094 = DIRECTION('',(0.,-1.110223024625E-16,1.));
#1095 = ADVANCED_FACE('',(#1096),#1114,.F.);
#1096 = FACE_BOUND('',#1097,.F.);
#1097 = EDGE_LOOP('',(#1098,#1099,#1107,#1113));
#1098 = ORIENTED_EDGE('',*,*,#715,.T.);
#1099 = ORIENTED_EDGE('',*,*,#1100,.T.);
#1100 = EDGE_CURVE('',#701,#1101,#1103,.T.);
#1101 = VERTEX_POINT('',#1102);
#1102 = CARTESIAN_POINT('',(-12.05,-17.70777616279,10.227350917442));
#1103 = LINE('',#1104,#1105);
#1104 = CARTESIAN_POINT('',(-13.25,-17.70777616279,10.227350917442));
#1105 = VECTOR('',#1106,1.);
#1106 = DIRECTION('',(1.,1.110223024625E-16,1.232595164408E-32));
#1107 = ORIENTED_EDGE('',*,*,#1108,.T.);
#1108 = EDGE_CURVE('',#1101,#1077,#1109,.T.);
#1109 = B_SPLINE_CURVE_WITH_KNOTS('',2,(#1110,#1111,#1112),
  .UNSPECIFIED.,.F.,.F.,(3,3),(0.,1.),.PIECEWISE_BEZIER_KNOTS.);
#1110 = CARTESIAN_POINT('',(-12.05,-17.70777616279,10.227350917442));
#1111 = CARTESIAN_POINT('',(-12.05,-17.9,10.983187581686));
#1112 = CARTESIAN_POINT('',(-12.05,-17.9,12.0801170875));
#1113 = ORIENTED_EDGE('',*,*,#1076,.F.);
#1114 = SURFACE_OF_LINEAR_EXTRUSION('',#1115,#1119);
#1115 = B_SPLINE_CURVE_WITH_KNOTS('',2,(#1116,#1117,#1118),
  .UNSPECIFIED.,.F.,.F.,(3,3),(0.,1.),.PIECEWISE_BEZIER_KNOTS.);
#1116 = CARTESIAN_POINT('',(-13.25,-17.70777616279,10.227350917442));
#1117 = CARTESIAN_POINT('',(-13.25,-17.9,10.983187581686));
#1118 = CARTESIAN_POINT('',(-13.25,-17.9,12.0801170875));
#1119 = VECTOR('',#1120,1.);
#1120 = DIRECTION('',(-1.,-1.110223024625E-16,-1.232595164408E-32));
#1121 = ADVANCED_FACE('',(#1122),#1140,.F.);
#1122 = FACE_BOUND('',#1123,.F.);
#1123 = EDGE_LOOP('',(#1124,#1125,#1133,#1139));
#1124 = ORIENTED_EDGE('',*,*,#700,.T.);
#1125 = ORIENTED_EDGE('',*,*,#1126,.T.);
#1126 = EDGE_CURVE('',#686,#1127,#1129,.T.);
#1127 = VERTEX_POINT('',#1128);
#1128 = CARTESIAN_POINT('',(-12.05,-17.1394622093,8.969538417442));
#1129 = LINE('',#1130,#1131);
#1130 = CARTESIAN_POINT('',(-13.25,-17.1394622093,8.969538417442));
#1131 = VECTOR('',#1132,1.);
#1132 = DIRECTION('',(1.,1.110223024625E-16,1.232595164408E-32));
#1133 = ORIENTED_EDGE('',*,*,#1134,.T.);
#1134 = EDGE_CURVE('',#1127,#1101,#1135,.T.);
#1135 = B_SPLINE_CURVE_WITH_KNOTS('',2,(#1136,#1137,#1138),
  .UNSPECIFIED.,.F.,.F.,(3,3),(0.,1.),.PIECEWISE_BEZIER_KNOTS.);
#1136 = CARTESIAN_POINT('',(-12.05,-17.1394622093,8.969538417442));
#1137 = CARTESIAN_POINT('',(-12.05,-17.51555232558,9.470991905814));
#1138 = CARTESIAN_POINT('',(-12.05,-17.70777616279,10.227350917442));
#1139 = ORIENTED_EDGE('',*,*,#1100,.F.);
#1140 = SURFACE_OF_LINEAR_EXTRUSION('',#1141,#1145);
#1141 = B_SPLINE_CURVE_WITH_KNOTS('',2,(#1142,#1143,#1144),
  .UNSPECIFIED.,.F.,.F.,(3,3),(0.,1.),.PIECEWISE_BEZIER_KNOTS.);
#1142 = CARTESIAN_POINT('',(-13.25,-17.1394622093,8.969538417442));
#1143 = CARTESIAN_POINT('',(-13.25,-17.51555232558,9.470991905814));
#1144 = CARTESIAN_POINT('',(-13.25,-17.70777616279,10.227350917442));
#1145 = VECTOR('',#1146,1.);
#1146 = DIRECTION('',(-1.,-1.110223024625E-16,-1.232595164408E-32));
#1147 = ADVANCED_FACE('',(#1148),#1166,.F.);
#1148 = FACE_BOUND('',#1149,.F.);
#1149 = EDGE_LOOP('',(#1150,#1151,#1159,#1165));
#1150 = ORIENTED_EDGE('',*,*,#685,.T.);
#1151 = ORIENTED_EDGE('',*,*,#1152,.T.);
#1152 = EDGE_CURVE('',#671,#1153,#1155,.T.);
#1153 = VERTEX_POINT('',#1154);
#1154 = CARTESIAN_POINT('',(-12.05,-16.06865007267,8.127514434884));
#1155 = LINE('',#1156,#1157);
#1156 = CARTESIAN_POINT('',(-13.25,-16.06865007267,8.127514434884));
#1157 = VECTOR('',#1158,1.);
#1158 = DIRECTION('',(1.,1.110223024625E-16,1.232595164408E-32));
#1159 = ORIENTED_EDGE('',*,*,#1160,.T.);
#1160 = EDGE_CURVE('',#1153,#1127,#1161,.T.);
#1161 = B_SPLINE_CURVE_WITH_KNOTS('',2,(#1162,#1163,#1164),
  .UNSPECIFIED.,.F.,.F.,(3,3),(0.,1.),.PIECEWISE_BEZIER_KNOTS.);
#1162 = CARTESIAN_POINT('',(-12.05,-16.06865007267,8.127514434884));
#1163 = CARTESIAN_POINT('',(-12.05,-16.76284974564,8.46808492907));
#1164 = CARTESIAN_POINT('',(-12.05,-17.1394622093,8.969538417442));
#1165 = ORIENTED_EDGE('',*,*,#1126,.F.);
#1166 = SURFACE_OF_LINEAR_EXTRUSION('',#1167,#1171);
#1167 = B_SPLINE_CURVE_WITH_KNOTS('',2,(#1168,#1169,#1170),
  .UNSPECIFIED.,.F.,.F.,(3,3),(0.,1.),.PIECEWISE_BEZIER_KNOTS.);
#1168 = CARTESIAN_POINT('',(-13.25,-16.06865007267,8.127514434884));
#1169 = CARTESIAN_POINT('',(-13.25,-16.76284974564,8.46808492907));
#1170 = CARTESIAN_POINT('',(-13.25,-17.1394622093,8.969538417442));
#1171 = VECTOR('',#1172,1.);
#1172 = DIRECTION('',(-1.,-1.110223024625E-16,-1.232595164408E-32));
#1173 = ADVANCED_FACE('',(#1174),#1192,.F.);
#1174 = FACE_BOUND('',#1175,.F.);
#1175 = EDGE_LOOP('',(#1176,#1177,#1185,#1191));
#1176 = ORIENTED_EDGE('',*,*,#670,.T.);
#1177 = ORIENTED_EDGE('',*,*,#1178,.T.);
#1178 = EDGE_CURVE('',#652,#1179,#1181,.T.);
#1179 = VERTEX_POINT('',#1180);
#1180 = CARTESIAN_POINT('',(-12.05,-14.56637899709,7.786421593314));
#1181 = LINE('',#1182,#1183);
#1182 = CARTESIAN_POINT('',(-13.25,-14.56637899709,7.786421593314));
#1183 = VECTOR('',#1184,1.);
#1184 = DIRECTION('',(1.,1.110223024625E-16,1.232595164408E-32));
#1185 = ORIENTED_EDGE('',*,*,#1186,.T.);
#1186 = EDGE_CURVE('',#1179,#1153,#1187,.T.);
#1187 = B_SPLINE_CURVE_WITH_KNOTS('',2,(#1188,#1189,#1190),
  .UNSPECIFIED.,.F.,.F.,(3,3),(0.,1.),.PIECEWISE_BEZIER_KNOTS.);
#1188 = CARTESIAN_POINT('',(-12.05,-14.56637899709,7.786421593314));
#1189 = CARTESIAN_POINT('',(-12.05,-15.3744503997,7.786421593314));
#1190 = CARTESIAN_POINT('',(-12.05,-16.06865007267,8.127514434884));
#1191 = ORIENTED_EDGE('',*,*,#1152,.F.);
#1192 = SURFACE_OF_LINEAR_EXTRUSION('',#1193,#1197);
#1193 = B_SPLINE_CURVE_WITH_KNOTS('',2,(#1194,#1195,#1196),
  .UNSPECIFIED.,.F.,.F.,(3,3),(0.,1.),.PIECEWISE_BEZIER_KNOTS.);
#1194 = CARTESIAN_POINT('',(-13.25,-14.56637899709,7.786421593314));
#1195 = CARTESIAN_POINT('',(-13.25,-15.3744503997,7.786421593314));
#1196 = CARTESIAN_POINT('',(-13.25,-16.06865007267,8.127514434884));
#1197 = VECTOR('',#1198,1.);
#1198 = DIRECTION('',(-1.,-1.110223024625E-16,-1.232595164408E-32));
#1199 = ADVANCED_FACE('',(#1200),#1218,.F.);
#1200 = FACE_BOUND('',#1201,.F.);
#1201 = EDGE_LOOP('',(#1202,#1203,#1211,#1217));
#1202 = ORIENTED_EDGE('',*,*,#651,.T.);
#1203 = ORIENTED_EDGE('',*,*,#1204,.T.);
#1204 = EDGE_CURVE('',#630,#1205,#1207,.T.);
#1205 = VERTEX_POINT('',#1206);
#1206 = CARTESIAN_POINT('',(-12.05,-12.82539516715,8.346900336047));
#1207 = LINE('',#1208,#1209);
#1208 = CARTESIAN_POINT('',(-13.25,-12.82539516715,8.346900336047));
#1209 = VECTOR('',#1210,1.);
#1210 = DIRECTION('',(1.,1.110223024625E-16,1.232595164408E-32));
#1211 = ORIENTED_EDGE('',*,*,#1212,.T.);
#1212 = EDGE_CURVE('',#1205,#1179,#1213,.T.);
#1213 = B_SPLINE_CURVE_WITH_KNOTS('',2,(#1214,#1215,#1216),
  .UNSPECIFIED.,.F.,.F.,(3,3),(0.,1.),.PIECEWISE_BEZIER_KNOTS.);
#1214 = CARTESIAN_POINT('',(-12.05,-12.82539516715,8.346900336047));
#1215 = CARTESIAN_POINT('',(-12.05,-13.56242732558,7.786421593314));
#1216 = CARTESIAN_POINT('',(-12.05,-14.56637899709,7.786421593314));
#1217 = ORIENTED_EDGE('',*,*,#1178,.F.);
#1218 = SURFACE_OF_LINEAR_EXTRUSION('',#1219,#1223);
#1219 = B_SPLINE_CURVE_WITH_KNOTS('',2,(#1220,#1221,#1222),
  .UNSPECIFIED.,.F.,.F.,(3,3),(0.,1.),.PIECEWISE_BEZIER_KNOTS.);
#1220 = CARTESIAN_POINT('',(-13.25,-12.82539516715,8.346900336047));
#1221 = CARTESIAN_POINT('',(-13.25,-13.56242732558,7.786421593314));
#1222 = CARTESIAN_POINT('',(-13.25,-14.56637899709,7.786421593314));
#1223 = VECTOR('',#1224,1.);
#1224 = DIRECTION('',(-1.,-1.110223024625E-16,-1.232595164408E-32));
#1225 = ADVANCED_FACE('',(#1226),#1244,.F.);
#1226 = FACE_BOUND('',#1227,.F.);
#1227 = EDGE_LOOP('',(#1228,#1229,#1237,#1243));
#1228 = ORIENTED_EDGE('',*,*,#629,.T.);
#1229 = ORIENTED_EDGE('',*,*,#1230,.T.);
#1230 = EDGE_CURVE('',#613,#1231,#1233,.T.);
#1231 = VERTEX_POINT('',#1232);
#1232 = CARTESIAN_POINT('',(-12.05,-11.78226744186,9.948939761919));
#1233 = LINE('',#1234,#1235);
#1234 = CARTESIAN_POINT('',(-13.25,-11.78226744186,9.948939761919));
#1235 = VECTOR('',#1236,1.);
#1236 = DIRECTION('',(1.,1.110223024625E-16,1.232595164408E-32));
#1237 = ORIENTED_EDGE('',*,*,#1238,.T.);
#1238 = EDGE_CURVE('',#1231,#1205,#1239,.T.);
#1239 = B_SPLINE_CURVE_WITH_KNOTS('',2,(#1240,#1241,#1242),
  .UNSPECIFIED.,.F.,.F.,(3,3),(0.,1.),.PIECEWISE_BEZIER_KNOTS.);
#1240 = CARTESIAN_POINT('',(-12.05,-11.78226744186,9.948939761919));
#1241 = CARTESIAN_POINT('',(-12.05,-12.08836300872,8.906856731395));
#1242 = CARTESIAN_POINT('',(-12.05,-12.82539516715,8.346900336047));
#1243 = ORIENTED_EDGE('',*,*,#1204,.F.);
#1244 = SURFACE_OF_LINEAR_EXTRUSION('',#1245,#1249);
#1245 = B_SPLINE_CURVE_WITH_KNOTS('',2,(#1246,#1247,#1248),
  .UNSPECIFIED.,.F.,.F.,(3,3),(0.,1.),.PIECEWISE_BEZIER_KNOTS.);
#1246 = CARTESIAN_POINT('',(-13.25,-11.78226744186,9.948939761919));
#1247 = CARTESIAN_POINT('',(-13.25,-12.08836300872,8.906856731395));
#1248 = CARTESIAN_POINT('',(-13.25,-12.82539516715,8.346900336047));
#1249 = VECTOR('',#1250,1.);
#1250 = DIRECTION('',(-1.,-1.110223024625E-16,-1.232595164408E-32));
#1251 = ADVANCED_FACE('',(#1252),#1270,.F.);
#1252 = FACE_BOUND('',#1253,.F.);
#1253 = EDGE_LOOP('',(#1254,#1255,#1263,#1269));
#1254 = ORIENTED_EDGE('',*,*,#612,.T.);
#1255 = ORIENTED_EDGE('',*,*,#1256,.T.);
#1256 = EDGE_CURVE('',#598,#1257,#1259,.T.);
#1257 = VERTEX_POINT('',#1258);
#1258 = CARTESIAN_POINT('',(-12.05,-10.73130450581,8.742317305523));
#1259 = LINE('',#1260,#1261);
#1260 = CARTESIAN_POINT('',(-13.25,-10.73130450581,8.742317305523));
#1261 = VECTOR('',#1262,1.);
#1262 = DIRECTION('',(1.,1.110223024625E-16,1.232595164408E-32));
#1263 = ORIENTED_EDGE('',*,*,#1264,.T.);
#1264 = EDGE_CURVE('',#1257,#1231,#1265,.T.);
#1265 = B_SPLINE_CURVE_WITH_KNOTS('',2,(#1266,#1267,#1268),
  .UNSPECIFIED.,.F.,.F.,(3,3),(0.,1.),.PIECEWISE_BEZIER_KNOTS.);
#1266 = CARTESIAN_POINT('',(-12.05,-10.73130450581,8.742317305523));
#1267 = CARTESIAN_POINT('',(-12.05,-11.38214934593,9.14191305407));
#1268 = CARTESIAN_POINT('',(-12.05,-11.78226744186,9.948939761919));
#1269 = ORIENTED_EDGE('',*,*,#1230,.F.);
#1270 = SURFACE_OF_LINEAR_EXTRUSION('',#1271,#1275);
#1271 = B_SPLINE_CURVE_WITH_KNOTS('',2,(#1272,#1273,#1274),
  .UNSPECIFIED.,.F.,.F.,(3,3),(0.,1.),.PIECEWISE_BEZIER_KNOTS.);
#1272 = CARTESIAN_POINT('',(-13.25,-10.73130450581,8.742317305523));
#1273 = CARTESIAN_POINT('',(-13.25,-11.38214934593,9.14191305407));
#1274 = CARTESIAN_POINT('',(-13.25,-11.78226744186,9.948939761919));
#1275 = VECTOR('',#1276,1.);
#1276 = DIRECTION('',(-1.,-1.110223024625E-16,-1.232595164408E-32));
#1277 = ADVANCED_FACE('',(#1278),#1296,.F.);
#1278 = FACE_BOUND('',#1279,.F.);
#1279 = EDGE_LOOP('',(#1280,#1281,#1289,#1295));
#1280 = ORIENTED_EDGE('',*,*,#597,.T.);
#1281 = ORIENTED_EDGE('',*,*,#1282,.T.);
#1282 = EDGE_CURVE('',#581,#1283,#1285,.T.);
#1283 = VERTEX_POINT('',#1284);
#1284 = CARTESIAN_POINT('',(-12.05,-9.3423828125,8.342721556977));
#1285 = LINE('',#1286,#1287);
#1286 = CARTESIAN_POINT('',(-13.25,-9.3423828125,8.342721556977));
#1287 = VECTOR('',#1288,1.);
#1288 = DIRECTION('',(1.,1.110223024625E-16,1.232595164408E-32));
#1289 = ORIENTED_EDGE('',*,*,#1290,.T.);
#1290 = EDGE_CURVE('',#1283,#1257,#1291,.T.);
#1291 = B_SPLINE_CURVE_WITH_KNOTS('',2,(#1292,#1293,#1294),
  .UNSPECIFIED.,.F.,.F.,(3,3),(0.,1.),.PIECEWISE_BEZIER_KNOTS.);
#1292 = CARTESIAN_POINT('',(-12.05,-9.3423828125,8.342721556977));
#1293 = CARTESIAN_POINT('',(-12.05,-10.07993731831,8.342721556977));
#1294 = CARTESIAN_POINT('',(-12.05,-10.73130450581,8.742317305523));
#1295 = ORIENTED_EDGE('',*,*,#1256,.F.);
#1296 = SURFACE_OF_LINEAR_EXTRUSION('',#1297,#1301);
#1297 = B_SPLINE_CURVE_WITH_KNOTS('',2,(#1298,#1299,#1300),
  .UNSPECIFIED.,.F.,.F.,(3,3),(0.,1.),.PIECEWISE_BEZIER_KNOTS.);
#1298 = CARTESIAN_POINT('',(-13.25,-9.3423828125,8.342721556977));
#1299 = CARTESIAN_POINT('',(-13.25,-10.07993731831,8.342721556977));
#1300 = CARTESIAN_POINT('',(-13.25,-10.73130450581,8.742317305523));
#1301 = VECTOR('',#1302,1.);
#1302 = DIRECTION('',(-1.,-1.110223024625E-16,-1.232595164408E-32));
#1303 = ADVANCED_FACE('',(#1304),#1322,.F.);
#1304 = FACE_BOUND('',#1305,.F.);
#1305 = EDGE_LOOP('',(#1306,#1307,#1315,#1321));
#1306 = ORIENTED_EDGE('',*,*,#580,.T.);
#1307 = ORIENTED_EDGE('',*,*,#1308,.T.);
#1308 = EDGE_CURVE('',#566,#1309,#1311,.T.);
#1309 = VERTEX_POINT('',#1310);
#1310 = CARTESIAN_POINT('',(-12.05,-7.824441315407,8.793507349128));
#1311 = LINE('',#1312,#1313);
#1312 = CARTESIAN_POINT('',(-13.25,-7.824441315407,8.793507349128));
#1313 = VECTOR('',#1314,1.);
#1314 = DIRECTION('',(1.,1.110223024625E-16,1.232595164408E-32));
#1315 = ORIENTED_EDGE('',*,*,#1316,.T.);
#1316 = EDGE_CURVE('',#1309,#1283,#1317,.T.);
#1317 = B_SPLINE_CURVE_WITH_KNOTS('',2,(#1318,#1319,#1320),
  .UNSPECIFIED.,.F.,.F.,(3,3),(0.,1.),.PIECEWISE_BEZIER_KNOTS.);
#1318 = CARTESIAN_POINT('',(-12.05,-7.824441315407,8.793507349128));
#1319 = CARTESIAN_POINT('',(-12.05,-8.549981831395,8.342721556977));
#1320 = CARTESIAN_POINT('',(-12.05,-9.3423828125,8.342721556977));
#1321 = ORIENTED_EDGE('',*,*,#1282,.F.);
#1322 = SURFACE_OF_LINEAR_EXTRUSION('',#1323,#1327);
#1323 = B_SPLINE_CURVE_WITH_KNOTS('',2,(#1324,#1325,#1326),
  .UNSPECIFIED.,.F.,.F.,(3,3),(0.,1.),.PIECEWISE_BEZIER_KNOTS.);
#1324 = CARTESIAN_POINT('',(-13.25,-7.824441315407,8.793507349128));
#1325 = CARTESIAN_POINT('',(-13.25,-8.549981831395,8.342721556977));
#1326 = CARTESIAN_POINT('',(-13.25,-9.3423828125,8.342721556977));
#1327 = VECTOR('',#1328,1.);
#1328 = DIRECTION('',(-1.,-1.110223024625E-16,-1.232595164408E-32));
#1329 = ADVANCED_FACE('',(#1330),#1348,.F.);
#1330 = FACE_BOUND('',#1331,.F.);
#1331 = EDGE_LOOP('',(#1332,#1333,#1341,#1347));
#1332 = ORIENTED_EDGE('',*,*,#565,.T.);
#1333 = ORIENTED_EDGE('',*,*,#1334,.T.);
#1334 = EDGE_CURVE('',#549,#1335,#1337,.T.);
#1335 = VERTEX_POINT('',#1336);
#1336 = CARTESIAN_POINT('',(-12.05,-6.749450399709,10.039305859302));
#1337 = LINE('',#1338,#1339);
#1338 = CARTESIAN_POINT('',(-13.25,-6.749450399709,10.039305859302));
#1339 = VECTOR('',#1340,1.);
#1340 = DIRECTION('',(1.,1.110223024625E-16,1.232595164408E-32));
#1341 = ORIENTED_EDGE('',*,*,#1342,.T.);
#1342 = EDGE_CURVE('',#1335,#1309,#1343,.T.);
#1343 = B_SPLINE_CURVE_WITH_KNOTS('',2,(#1344,#1345,#1346),
  .UNSPECIFIED.,.F.,.F.,(3,3),(0.,1.),.PIECEWISE_BEZIER_KNOTS.);
#1344 = CARTESIAN_POINT('',(-12.05,-6.749450399709,10.039305859302));
#1345 = CARTESIAN_POINT('',(-12.05,-7.098378452035,9.243770793895));
#1346 = CARTESIAN_POINT('',(-12.05,-7.824441315407,8.793507349128));
#1347 = ORIENTED_EDGE('',*,*,#1308,.F.);
#1348 = SURFACE_OF_LINEAR_EXTRUSION('',#1349,#1353);
#1349 = B_SPLINE_CURVE_WITH_KNOTS('',2,(#1350,#1351,#1352),
  .UNSPECIFIED.,.F.,.F.,(3,3),(0.,1.),.PIECEWISE_BEZIER_KNOTS.);
#1350 = CARTESIAN_POINT('',(-13.25,-6.749450399709,10.039305859302));
#1351 = CARTESIAN_POINT('',(-13.25,-7.098378452035,9.243770793895));
#1352 = CARTESIAN_POINT('',(-13.25,-7.824441315407,8.793507349128));
#1353 = VECTOR('',#1354,1.);
#1354 = DIRECTION('',(-1.,-1.110223024625E-16,-1.232595164408E-32));
#1355 = ADVANCED_FACE('',(#1356),#1374,.F.);
#1356 = FACE_BOUND('',#1357,.F.);
#1357 = EDGE_LOOP('',(#1358,#1359,#1367,#1373));
#1358 = ORIENTED_EDGE('',*,*,#548,.T.);
#1359 = ORIENTED_EDGE('',*,*,#1360,.T.);
#1360 = EDGE_CURVE('',#541,#1361,#1363,.T.);
#1361 = VERTEX_POINT('',#1362);
#1362 = CARTESIAN_POINT('',(-12.05,-6.4,12.150633984302));
#1363 = LINE('',#1364,#1365);
#1364 = CARTESIAN_POINT('',(-13.25,-6.4,12.150633984302));
#1365 = VECTOR('',#1366,1.);
#1366 = DIRECTION('',(1.,1.110223024625E-16,1.232595164408E-32));
#1367 = ORIENTED_EDGE('',*,*,#1368,.T.);
#1368 = EDGE_CURVE('',#1361,#1335,#1369,.T.);
#1369 = B_SPLINE_CURVE_WITH_KNOTS('',2,(#1370,#1371,#1372),
  .UNSPECIFIED.,.F.,.F.,(3,3),(0.,1.),.PIECEWISE_BEZIER_KNOTS.);
#1370 = CARTESIAN_POINT('',(-12.05,-6.4,12.150633984302));
#1371 = CARTESIAN_POINT('',(-12.05,-6.4,10.834318577326));
#1372 = CARTESIAN_POINT('',(-12.05,-6.749450399709,10.039305859302));
#1373 = ORIENTED_EDGE('',*,*,#1334,.F.);
#1374 = SURFACE_OF_LINEAR_EXTRUSION('',#1375,#1379);
#1375 = B_SPLINE_CURVE_WITH_KNOTS('',2,(#1376,#1377,#1378),
  .UNSPECIFIED.,.F.,.F.,(3,3),(0.,1.),.PIECEWISE_BEZIER_KNOTS.);
#1376 = CARTESIAN_POINT('',(-13.25,-6.4,12.150633984302));
#1377 = CARTESIAN_POINT('',(-13.25,-6.4,10.834318577326));
#1378 = CARTESIAN_POINT('',(-13.25,-6.749450399709,10.039305859302));
#1379 = VECTOR('',#1380,1.);
#1380 = DIRECTION('',(-1.,-1.110223024625E-16,-1.232595164408E-32));
#1381 = ADVANCED_FACE('',(#1382),#1393,.F.);
#1382 = FACE_BOUND('',#1383,.F.);
#1383 = EDGE_LOOP('',(#1384,#1385,#1386,#1392));
#1384 = ORIENTED_EDGE('',*,*,#540,.T.);
#1385 = ORIENTED_EDGE('',*,*,#1061,.T.);
#1386 = ORIENTED_EDGE('',*,*,#1387,.T.);
#1387 = EDGE_CURVE('',#1054,#1361,#1388,.T.);
#1388 = LINE('',#1389,#1390);
#1389 = CARTESIAN_POINT('',(-12.05,-6.4,16.4599999));
#1390 = VECTOR('',#1391,1.);
#1391 = DIRECTION('',(0.,1.110223024625E-16,-1.));
#1392 = ORIENTED_EDGE('',*,*,#1360,.F.);
#1393 = PLANE('',#1394);
#1394 = AXIS2_PLACEMENT_3D('',#1395,#1396,#1397);
#1395 = CARTESIAN_POINT('',(-13.25,-6.4,16.4599999));
#1396 = DIRECTION('',(-1.110223024625E-16,1.,1.110223024625E-16));
#1397 = DIRECTION('',(0.,1.110223024625E-16,-1.));
#1398 = ADVANCED_FACE('',(#1399),#1418,.F.);
#1399 = FACE_BOUND('',#1400,.F.);
#1400 = EDGE_LOOP('',(#1401,#1409,#1416,#1417));
#1401 = ORIENTED_EDGE('',*,*,#1402,.T.);
#1402 = EDGE_CURVE('',#739,#1403,#1405,.T.);
#1403 = VERTEX_POINT('',#1404);
#1404 = CARTESIAN_POINT('',(-9.97,-0.8,48.56));
#1405 = LINE('',#1406,#1407);
#1406 = CARTESIAN_POINT('',(-14.67,-0.8,48.56));
#1407 = VECTOR('',#1408,1.);
#1408 = DIRECTION('',(1.,0.,0.));
#1409 = ORIENTED_EDGE('',*,*,#1410,.F.);
#1410 = EDGE_CURVE('',#1403,#1403,#1411,.T.);
#1411 = CIRCLE('',#1412,1.7);
#1412 = AXIS2_PLACEMENT_3D('',#1413,#1414,#1415);
#1413 = CARTESIAN_POINT('',(-9.97,-2.5,48.56));
#1414 = DIRECTION('',(1.,0.,-0.));
#1415 = DIRECTION('',(0.,1.,2.22044604925E-16));
#1416 = ORIENTED_EDGE('',*,*,#1402,.F.);
#1417 = ORIENTED_EDGE('',*,*,#738,.T.);
#1418 = CYLINDRICAL_SURFACE('',#1419,1.7);
#1419 = AXIS2_PLACEMENT_3D('',#1420,#1421,#1422);
#1420 = CARTESIAN_POINT('',(-14.67,-2.5,48.56));
#1421 = DIRECTION('',(1.,0.,0.));
#1422 = DIRECTION('',(0.,1.,2.22044604925E-16));
#1423 = ADVANCED_FACE('',(#1424),#1443,.F.);
#1424 = FACE_BOUND('',#1425,.F.);
#1425 = EDGE_LOOP('',(#1426,#1434,#1441,#1442));
#1426 = ORIENTED_EDGE('',*,*,#1427,.T.);
#1427 = EDGE_CURVE('',#750,#1428,#1430,.T.);
#1428 = VERTEX_POINT('',#1429);
#1429 = CARTESIAN_POINT('',(-9.97,9.7,48.56));
#1430 = LINE('',#1431,#1432);
#1431 = CARTESIAN_POINT('',(-14.67,9.7,48.56));
#1432 = VECTOR('',#1433,1.);
#1433 = DIRECTION('',(1.,0.,0.));
#1434 = ORIENTED_EDGE('',*,*,#1435,.F.);
#1435 = EDGE_CURVE('',#1428,#1428,#1436,.T.);
#1436 = CIRCLE('',#1437,1.7);
#1437 = AXIS2_PLACEMENT_3D('',#1438,#1439,#1440);
#1438 = CARTESIAN_POINT('',(-9.97,8.,48.56));
#1439 = DIRECTION('',(1.,0.,-0.));
#1440 = DIRECTION('',(0.,1.,2.22044604925E-16));
#1441 = ORIENTED_EDGE('',*,*,#1427,.F.);
#1442 = ORIENTED_EDGE('',*,*,#749,.T.);
#1443 = CYLINDRICAL_SURFACE('',#1444,1.7);
#1444 = AXIS2_PLACEMENT_3D('',#1445,#1446,#1447);
#1445 = CARTESIAN_POINT('',(-14.67,8.,48.56));
#1446 = DIRECTION('',(1.,0.,0.));
#1447 = DIRECTION('',(0.,1.,2.22044604925E-16));
#1448 = ADVANCED_FACE('',(#1449),#1460,.F.);
#1449 = FACE_BOUND('',#1450,.F.);
#1450 = EDGE_LOOP('',(#1451,#1452,#1453,#1454,#1455,#1456,#1457,#1458,
    #1459));
#1451 = ORIENTED_EDGE('',*,*,#829,.F.);
#1452 = ORIENTED_EDGE('',*,*,#860,.F.);
#1453 = ORIENTED_EDGE('',*,*,#884,.F.);
#1454 = ORIENTED_EDGE('',*,*,#908,.F.);
#1455 = ORIENTED_EDGE('',*,*,#934,.F.);
#1456 = ORIENTED_EDGE('',*,*,#960,.F.);
#1457 = ORIENTED_EDGE('',*,*,#984,.F.);
#1458 = ORIENTED_EDGE('',*,*,#1010,.F.);
#1459 = ORIENTED_EDGE('',*,*,#1029,.F.);
#1460 = PLANE('',#1461);
#1461 = AXIS2_PLACEMENT_3D('',#1462,#1463,#1464);
#1462 = CARTESIAN_POINT('',(-12.05,-12.01854592314,9.345781941246));
#1463 = DIRECTION('',(1.,1.110223024625E-16,1.232595164408E-32));
#1464 = DIRECTION('',(0.,1.110223024625E-16,-1.));
#1465 = ADVANCED_FACE('',(#1466,#1482,#1564),#1638,.F.);
#1466 = FACE_BOUND('',#1467,.F.);
#1467 = EDGE_LOOP('',(#1468,#1469,#1470,#1471,#1472,#1473,#1474,#1475,
    #1476,#1477,#1478,#1479,#1480,#1481));
#1468 = ORIENTED_EDGE('',*,*,#1053,.F.);
#1469 = ORIENTED_EDGE('',*,*,#1084,.F.);
#1470 = ORIENTED_EDGE('',*,*,#1108,.F.);
#1471 = ORIENTED_EDGE('',*,*,#1134,.F.);
#1472 = ORIENTED_EDGE('',*,*,#1160,.F.);
#1473 = ORIENTED_EDGE('',*,*,#1186,.F.);
#1474 = ORIENTED_EDGE('',*,*,#1212,.F.);
#1475 = ORIENTED_EDGE('',*,*,#1238,.F.);
#1476 = ORIENTED_EDGE('',*,*,#1264,.F.);
#1477 = ORIENTED_EDGE('',*,*,#1290,.F.);
#1478 = ORIENTED_EDGE('',*,*,#1316,.F.);
#1479 = ORIENTED_EDGE('',*,*,#1342,.F.);
#1480 = ORIENTED_EDGE('',*,*,#1368,.F.);
#1481 = ORIENTED_EDGE('',*,*,#1387,.F.);
#1482 = FACE_BOUND('',#1483,.F.);
#1483 = EDGE_LOOP('',(#1484,#1494,#1502,#1510,#1518,#1526,#1534,#1542,
    #1550,#1558));
#1484 = ORIENTED_EDGE('',*,*,#1485,.F.);
#1485 = EDGE_CURVE('',#1486,#1488,#1490,.T.);
#1486 = VERTEX_POINT('',#1487);
#1487 = CARTESIAN_POINT('',(-12.05,-16.52936046511,14.939969013372));
#1488 = VERTEX_POINT('',#1489);
#1489 = CARTESIAN_POINT('',(-12.05,-16.52936046511,12.0801170875));
#1490 = LINE('',#1491,#1492);
#1491 = CARTESIAN_POINT('',(-12.05,-16.52936046511,14.939969013372));
#1492 = VECTOR('',#1493,1.);
#1493 = DIRECTION('',(0.,1.110223024625E-16,-1.));
#1494 = ORIENTED_EDGE('',*,*,#1495,.F.);
#1495 = EDGE_CURVE('',#1496,#1486,#1498,.T.);
#1496 = VERTEX_POINT('',#1497);
#1497 = CARTESIAN_POINT('',(-12.05,-12.58459302325,14.939969013372));
#1498 = LINE('',#1499,#1500);
#1499 = CARTESIAN_POINT('',(-12.05,-12.58459302325,14.939969013372));
#1500 = VECTOR('',#1501,1.);
#1501 = DIRECTION('',(1.110223024625E-16,-1.,-1.110223024625E-16));
#1502 = ORIENTED_EDGE('',*,*,#1503,.F.);
#1503 = EDGE_CURVE('',#1504,#1496,#1506,.T.);
#1504 = VERTEX_POINT('',#1505);
#1505 = CARTESIAN_POINT('',(-12.05,-12.58459302325,12.283832567151));
#1506 = LINE('',#1507,#1508);
#1507 = CARTESIAN_POINT('',(-12.05,-12.58459302325,12.283832567151));
#1508 = VECTOR('',#1509,1.);
#1509 = DIRECTION('',(0.,-1.110223024625E-16,1.));
#1510 = ORIENTED_EDGE('',*,*,#1511,.F.);
#1511 = EDGE_CURVE('',#1512,#1504,#1514,.T.);
#1512 = VERTEX_POINT('',#1513);
#1513 = CARTESIAN_POINT('',(-12.05,-12.77629451308,10.603441033721));
#1514 = B_SPLINE_CURVE_WITH_KNOTS('',2,(#1515,#1516,#1517),
  .UNSPECIFIED.,.F.,.F.,(3,3),(0.,1.),.PIECEWISE_BEZIER_KNOTS.);
#1515 = CARTESIAN_POINT('',(-12.05,-12.77629451308,10.603441033721));
#1516 = CARTESIAN_POINT('',(-12.05,-12.58459302325,11.186903061337));
#1517 = CARTESIAN_POINT('',(-12.05,-12.58459302325,12.283832567151));
#1518 = ORIENTED_EDGE('',*,*,#1519,.F.);
#1519 = EDGE_CURVE('',#1520,#1512,#1522,.T.);
#1520 = VERTEX_POINT('',#1521);
#1521 = CARTESIAN_POINT('',(-12.05,-13.44176507994,9.690377806977));
#1522 = B_SPLINE_CURVE_WITH_KNOTS('',2,(#1523,#1524,#1525),
  .UNSPECIFIED.,.F.,.F.,(3,3),(0.,1.),.PIECEWISE_BEZIER_KNOTS.);
#1523 = CARTESIAN_POINT('',(-12.05,-13.44176507994,9.690377806977));
#1524 = CARTESIAN_POINT('',(-12.05,-12.9679960029,10.019456658721));
#1525 = CARTESIAN_POINT('',(-12.05,-12.77629451308,10.603441033721));
#1526 = ORIENTED_EDGE('',*,*,#1527,.F.);
#1527 = EDGE_CURVE('',#1528,#1520,#1530,.T.);
#1528 = VERTEX_POINT('',#1529);
#1529 = CARTESIAN_POINT('',(-12.05,-14.55697674418,9.361298955233));
#1530 = B_SPLINE_CURVE_WITH_KNOTS('',2,(#1531,#1532,#1533),
  .UNSPECIFIED.,.F.,.F.,(3,3),(0.,1.),.PIECEWISE_BEZIER_KNOTS.);
#1531 = CARTESIAN_POINT('',(-12.05,-14.55697674418,9.361298955233));
#1532 = CARTESIAN_POINT('',(-12.05,-13.91501180959,9.361298955233));
#1533 = CARTESIAN_POINT('',(-12.05,-13.44176507994,9.690377806977));
#1534 = ORIENTED_EDGE('',*,*,#1535,.F.);
#1535 = EDGE_CURVE('',#1536,#1528,#1538,.T.);
#1536 = VERTEX_POINT('',#1537);
#1537 = CARTESIAN_POINT('',(-12.05,-15.52384175145,9.588520067151));
#1538 = B_SPLINE_CURVE_WITH_KNOTS('',2,(#1539,#1540,#1541),
  .UNSPECIFIED.,.F.,.F.,(3,3),(0.,1.),.PIECEWISE_BEZIER_KNOTS.);
#1539 = CARTESIAN_POINT('',(-12.05,-15.52384175145,9.588520067151));
#1540 = CARTESIAN_POINT('',(-12.05,-15.1049191497,9.361298955233));
#1541 = CARTESIAN_POINT('',(-12.05,-14.55697674418,9.361298955233));
#1542 = ORIENTED_EDGE('',*,*,#1543,.F.);
#1543 = EDGE_CURVE('',#1544,#1536,#1546,.T.);
#1544 = VERTEX_POINT('',#1545);
#1545 = CARTESIAN_POINT('',(-12.05,-16.16162790697,10.168325663081));
#1546 = B_SPLINE_CURVE_WITH_KNOTS('',2,(#1547,#1548,#1549),
  .UNSPECIFIED.,.F.,.F.,(3,3),(0.,1.),.PIECEWISE_BEZIER_KNOTS.);
#1547 = CARTESIAN_POINT('',(-12.05,-16.16162790697,10.168325663081));
#1548 = CARTESIAN_POINT('',(-12.05,-15.94224200581,9.81574117907));
#1549 = CARTESIAN_POINT('',(-12.05,-15.52384175145,9.588520067151));
#1550 = ORIENTED_EDGE('',*,*,#1551,.F.);
#1551 = EDGE_CURVE('',#1552,#1544,#1554,.T.);
#1552 = VERTEX_POINT('',#1553);
#1553 = CARTESIAN_POINT('',(-12.05,-16.47451398982,11.045869267733));
#1554 = B_SPLINE_CURVE_WITH_KNOTS('',2,(#1555,#1556,#1557),
  .UNSPECIFIED.,.F.,.F.,(3,3),(0.,1.),.PIECEWISE_BEZIER_KNOTS.);
#1555 = CARTESIAN_POINT('',(-12.05,-16.47451398982,11.045869267733));
#1556 = CARTESIAN_POINT('',(-12.05,-16.38049146075,10.520910147093));
#1557 = CARTESIAN_POINT('',(-12.05,-16.16162790697,10.168325663081));
#1558 = ORIENTED_EDGE('',*,*,#1559,.F.);
#1559 = EDGE_CURVE('',#1488,#1552,#1560,.T.);
#1560 = B_SPLINE_CURVE_WITH_KNOTS('',2,(#1561,#1562,#1563),
  .UNSPECIFIED.,.F.,.F.,(3,3),(0.,1.),.PIECEWISE_BEZIER_KNOTS.);
#1561 = CARTESIAN_POINT('',(-12.05,-16.52936046511,12.0801170875));
#1562 = CARTESIAN_POINT('',(-12.05,-16.52936046511,11.343607276453));
#1563 = CARTESIAN_POINT('',(-12.05,-16.47451398982,11.045869267733));
#1564 = FACE_BOUND('',#1565,.F.);
#1565 = EDGE_LOOP('',(#1566,#1576,#1584,#1592,#1600,#1608,#1616,#1624,
    #1632));
#1566 = ORIENTED_EDGE('',*,*,#1567,.F.);
#1567 = EDGE_CURVE('',#1568,#1570,#1572,.T.);
#1568 = VERTEX_POINT('',#1569);
#1569 = CARTESIAN_POINT('',(-12.05,-11.21395348837,14.939969013372));
#1570 = VERTEX_POINT('',#1571);
#1571 = CARTESIAN_POINT('',(-12.05,-11.21395348837,12.456207203779));
#1572 = LINE('',#1573,#1574);
#1573 = CARTESIAN_POINT('',(-12.05,-11.21395348837,14.939969013372));
#1574 = VECTOR('',#1575,1.);
#1575 = DIRECTION('',(0.,1.110223024625E-16,-1.));
#1576 = ORIENTED_EDGE('',*,*,#1577,.F.);
#1577 = EDGE_CURVE('',#1578,#1568,#1580,.T.);
#1578 = VERTEX_POINT('',#1579);
#1579 = CARTESIAN_POINT('',(-12.05,-7.770639534884,14.939969013372));
#1580 = LINE('',#1581,#1582);
#1581 = CARTESIAN_POINT('',(-12.05,-7.770639534884,14.939969013372));
#1582 = VECTOR('',#1583,1.);
#1583 = DIRECTION('',(1.110223024625E-16,-1.,-1.110223024625E-16));
#1584 = ORIENTED_EDGE('',*,*,#1585,.F.);
#1585 = EDGE_CURVE('',#1586,#1578,#1588,.T.);
#1586 = VERTEX_POINT('',#1587);
#1587 = CARTESIAN_POINT('',(-12.05,-7.770639534884,12.644252261919));
#1588 = LINE('',#1589,#1590);
#1589 = CARTESIAN_POINT('',(-12.05,-7.770639534884,12.644252261919));
#1590 = VECTOR('',#1591,1.);
#1591 = DIRECTION('',(0.,-1.110223024625E-16,1.));
#1592 = ORIENTED_EDGE('',*,*,#1593,.F.);
#1593 = EDGE_CURVE('',#1594,#1586,#1596,.T.);
#1594 = VERTEX_POINT('',#1595);
#1595 = CARTESIAN_POINT('',(-12.05,-7.929955486919,10.897000263372));
#1596 = B_SPLINE_CURVE_WITH_KNOTS('',2,(#1597,#1598,#1599),
  .UNSPECIFIED.,.F.,.F.,(3,3),(0.,1.),.PIECEWISE_BEZIER_KNOTS.);
#1597 = CARTESIAN_POINT('',(-12.05,-7.929955486919,10.897000263372));
#1598 = CARTESIAN_POINT('',(-12.05,-7.770639534884,11.4062889625));
#1599 = CARTESIAN_POINT('',(-12.05,-7.770639534884,12.644252261919));
#1600 = ORIENTED_EDGE('',*,*,#1601,.F.);
#1601 = EDGE_CURVE('',#1602,#1594,#1604,.T.);
#1602 = VERTEX_POINT('',#1603);
#1603 = CARTESIAN_POINT('',(-12.05,-8.520730377907,10.113479187791));
#1604 = B_SPLINE_CURVE_WITH_KNOTS('',2,(#1605,#1606,#1607),
  .UNSPECIFIED.,.F.,.F.,(3,3),(0.,1.),.PIECEWISE_BEZIER_KNOTS.);
#1605 = CARTESIAN_POINT('',(-12.05,-8.520730377907,10.113479187791));
#1606 = CARTESIAN_POINT('',(-12.05,-8.089271438953,10.387711564244));
#1607 = CARTESIAN_POINT('',(-12.05,-7.929955486919,10.897000263372));
#1608 = ORIENTED_EDGE('',*,*,#1609,.F.);
#1609 = EDGE_CURVE('',#1610,#1602,#1612,.T.);
#1610 = VERTEX_POINT('',#1611);
#1611 = CARTESIAN_POINT('',(-12.05,-9.519458575581,9.839246811337));
#1612 = B_SPLINE_CURVE_WITH_KNOTS('',2,(#1613,#1614,#1615),
  .UNSPECIFIED.,.F.,.F.,(3,3),(0.,1.),.PIECEWISE_BEZIER_KNOTS.);
#1613 = CARTESIAN_POINT('',(-12.05,-9.519458575581,9.839246811337));
#1614 = CARTESIAN_POINT('',(-12.05,-8.95218931686,9.839246811337));
#1615 = CARTESIAN_POINT('',(-12.05,-8.520730377907,10.113479187791));
#1616 = ORIENTED_EDGE('',*,*,#1617,.F.);
#1617 = EDGE_CURVE('',#1618,#1610,#1620,.T.);
#1618 = VERTEX_POINT('',#1619);
#1619 = CARTESIAN_POINT('',(-12.05,-10.51453034157,10.133328388372));
#1620 = B_SPLINE_CURVE_WITH_KNOTS('',2,(#1621,#1622,#1623),
  .UNSPECIFIED.,.F.,.F.,(3,3),(0.,1.),.PIECEWISE_BEZIER_KNOTS.);
#1621 = CARTESIAN_POINT('',(-12.05,-10.51453034157,10.133328388372));
#1622 = CARTESIAN_POINT('',(-12.05,-10.11806867732,9.839246811337));
#1623 = CARTESIAN_POINT('',(-12.05,-9.519458575581,9.839246811337));
#1624 = ORIENTED_EDGE('',*,*,#1625,.F.);
#1625 = EDGE_CURVE('',#1626,#1618,#1628,.T.);
#1626 = VERTEX_POINT('',#1627);
#1627 = CARTESIAN_POINT('',(-12.05,-11.08179960029,11.006693213953));
#1628 = B_SPLINE_CURVE_WITH_KNOTS('',2,(#1629,#1630,#1631),
  .UNSPECIFIED.,.F.,.F.,(3,3),(0.,1.),.PIECEWISE_BEZIER_KNOTS.);
#1629 = CARTESIAN_POINT('',(-12.05,-11.08179960029,11.006693213953));
#1630 = CARTESIAN_POINT('',(-12.05,-10.91099200581,10.426887618023));
#1631 = CARTESIAN_POINT('',(-12.05,-10.51453034157,10.133328388372));
#1632 = ORIENTED_EDGE('',*,*,#1633,.F.);
#1633 = EDGE_CURVE('',#1570,#1626,#1634,.T.);
#1634 = B_SPLINE_CURVE_WITH_KNOTS('',2,(#1635,#1636,#1637),
  .UNSPECIFIED.,.F.,.F.,(3,3),(0.,1.),.PIECEWISE_BEZIER_KNOTS.);
#1635 = CARTESIAN_POINT('',(-12.05,-11.21395348837,12.456207203779));
#1636 = CARTESIAN_POINT('',(-12.05,-11.21395348837,11.445465016279));
#1637 = CARTESIAN_POINT('',(-12.05,-11.08179960029,11.006693213953));
#1638 = PLANE('',#1639);
#1639 = AXIS2_PLACEMENT_3D('',#1640,#1641,#1642);
#1640 = CARTESIAN_POINT('',(-12.05,-12.01854592314,9.345781941246));
#1641 = DIRECTION('',(1.,1.110223024625E-16,1.232595164408E-32));
#1642 = DIRECTION('',(0.,1.110223024625E-16,-1.));
#1643 = ADVANCED_FACE('',(#1644,#1655),#1658,.T.);
#1644 = FACE_BOUND('',#1645,.T.);
#1645 = EDGE_LOOP('',(#1646));
#1646 = ORIENTED_EDGE('',*,*,#1647,.T.);
#1647 = EDGE_CURVE('',#1648,#1648,#1650,.T.);
#1648 = VERTEX_POINT('',#1649);
#1649 = CARTESIAN_POINT('',(-9.97,-0.5,48.56));
#1650 = CIRCLE('',#1651,2.);
#1651 = AXIS2_PLACEMENT_3D('',#1652,#1653,#1654);
#1652 = CARTESIAN_POINT('',(-9.97,-2.5,48.56));
#1653 = DIRECTION('',(1.,0.,-0.));
#1654 = DIRECTION('',(0.,1.,2.22044604925E-16));
#1655 = FACE_BOUND('',#1656,.T.);
#1656 = EDGE_LOOP('',(#1657));
#1657 = ORIENTED_EDGE('',*,*,#1410,.F.);
#1658 = PLANE('',#1659);
#1659 = AXIS2_PLACEMENT_3D('',#1660,#1661,#1662);
#1660 = CARTESIAN_POINT('',(-9.97,-2.5,48.56));
#1661 = DIRECTION('',(1.,0.,0.));
#1662 = DIRECTION('',(0.,1.,2.22044604925E-16));
#1663 = ADVANCED_FACE('',(#1664,#1675),#1678,.T.);
#1664 = FACE_BOUND('',#1665,.T.);
#1665 = EDGE_LOOP('',(#1666));
#1666 = ORIENTED_EDGE('',*,*,#1667,.T.);
#1667 = EDGE_CURVE('',#1668,#1668,#1670,.T.);
#1668 = VERTEX_POINT('',#1669);
#1669 = CARTESIAN_POINT('',(-9.97,10.,48.56));
#1670 = CIRCLE('',#1671,2.);
#1671 = AXIS2_PLACEMENT_3D('',#1672,#1673,#1674);
#1672 = CARTESIAN_POINT('',(-9.97,8.,48.56));
#1673 = DIRECTION('',(1.,0.,-0.));
#1674 = DIRECTION('',(0.,1.,2.22044604925E-16));
#1675 = FACE_BOUND('',#1676,.T.);
#1676 = EDGE_LOOP('',(#1677));
#1677 = ORIENTED_EDGE('',*,*,#1435,.F.);
#1678 = PLANE('',#1679);
#1679 = AXIS2_PLACEMENT_3D('',#1680,#1681,#1682);
#1680 = CARTESIAN_POINT('',(-9.97,8.,48.56));
#1681 = DIRECTION('',(1.,0.,0.));
#1682 = DIRECTION('',(0.,1.,2.22044604925E-16));
#1683 = ADVANCED_FACE('',(#1684),#1709,.F.);
#1684 = FACE_BOUND('',#1685,.F.);
#1685 = EDGE_LOOP('',(#1686,#1696,#1702,#1703));
#1686 = ORIENTED_EDGE('',*,*,#1687,.T.);
#1687 = EDGE_CURVE('',#1688,#1690,#1692,.T.);
#1688 = VERTEX_POINT('',#1689);
#1689 = CARTESIAN_POINT('',(-12.67,-16.52936046511,12.0801170875));
#1690 = VERTEX_POINT('',#1691);
#1691 = CARTESIAN_POINT('',(-12.67,-16.52936046511,14.939969013372));
#1692 = LINE('',#1693,#1694);
#1693 = CARTESIAN_POINT('',(-12.67,-16.52936046511,39.249984506686));
#1694 = VECTOR('',#1695,1.);
#1695 = DIRECTION('',(0.,-1.110223024625E-16,1.));
#1696 = ORIENTED_EDGE('',*,*,#1697,.T.);
#1697 = EDGE_CURVE('',#1690,#1486,#1698,.T.);
#1698 = LINE('',#1699,#1700);
#1699 = CARTESIAN_POINT('',(-13.25,-16.52936046511,14.939969013372));
#1700 = VECTOR('',#1701,1.);
#1701 = DIRECTION('',(1.,1.110223024625E-16,1.232595164408E-32));
#1702 = ORIENTED_EDGE('',*,*,#1485,.T.);
#1703 = ORIENTED_EDGE('',*,*,#1704,.F.);
#1704 = EDGE_CURVE('',#1688,#1488,#1705,.T.);
#1705 = LINE('',#1706,#1707);
#1706 = CARTESIAN_POINT('',(-13.25,-16.52936046511,12.0801170875));
#1707 = VECTOR('',#1708,1.);
#1708 = DIRECTION('',(1.,1.110223024625E-16,1.232595164408E-32));
#1709 = PLANE('',#1710);
#1710 = AXIS2_PLACEMENT_3D('',#1711,#1712,#1713);
#1711 = CARTESIAN_POINT('',(-13.25,-16.52936046511,14.939969013372));
#1712 = DIRECTION('',(-1.110223024625E-16,1.,1.110223024625E-16));
#1713 = DIRECTION('',(0.,1.110223024625E-16,-1.));
#1714 = ADVANCED_FACE('',(#1715),#1733,.F.);
#1715 = FACE_BOUND('',#1716,.F.);
#1716 = EDGE_LOOP('',(#1717,#1725,#1731,#1732));
#1717 = ORIENTED_EDGE('',*,*,#1718,.T.);
#1718 = EDGE_CURVE('',#1690,#1719,#1721,.T.);
#1719 = VERTEX_POINT('',#1720);
#1720 = CARTESIAN_POINT('',(-12.67,-12.58459302325,14.939969013372));
#1721 = LINE('',#1722,#1723);
#1722 = CARTESIAN_POINT('',(-12.67,-19.54229651162,14.939969013372));
#1723 = VECTOR('',#1724,1.);
#1724 = DIRECTION('',(0.,1.,1.110223024625E-16));
#1725 = ORIENTED_EDGE('',*,*,#1726,.T.);
#1726 = EDGE_CURVE('',#1719,#1496,#1727,.T.);
#1727 = LINE('',#1728,#1729);
#1728 = CARTESIAN_POINT('',(-13.25,-12.58459302325,14.939969013372));
#1729 = VECTOR('',#1730,1.);
#1730 = DIRECTION('',(1.,1.110223024625E-16,1.232595164408E-32));
#1731 = ORIENTED_EDGE('',*,*,#1495,.T.);
#1732 = ORIENTED_EDGE('',*,*,#1697,.F.);
#1733 = PLANE('',#1734);
#1734 = AXIS2_PLACEMENT_3D('',#1735,#1736,#1737);
#1735 = CARTESIAN_POINT('',(-13.25,-12.58459302325,14.939969013372));
#1736 = DIRECTION('',(0.,1.110223024625E-16,-1.));
#1737 = DIRECTION('',(1.110223024625E-16,-1.,-1.110223024625E-16));
#1738 = ADVANCED_FACE('',(#1739),#1757,.F.);
#1739 = FACE_BOUND('',#1740,.F.);
#1740 = EDGE_LOOP('',(#1741,#1749,#1755,#1756));
#1741 = ORIENTED_EDGE('',*,*,#1742,.T.);
#1742 = EDGE_CURVE('',#1719,#1743,#1745,.T.);
#1743 = VERTEX_POINT('',#1744);
#1744 = CARTESIAN_POINT('',(-12.67,-12.58459302325,12.283832567151));
#1745 = LINE('',#1746,#1747);
#1746 = CARTESIAN_POINT('',(-12.67,-12.58459302325,37.921916283576));
#1747 = VECTOR('',#1748,1.);
#1748 = DIRECTION('',(-0.,1.110223024625E-16,-1.));
#1749 = ORIENTED_EDGE('',*,*,#1750,.T.);
#1750 = EDGE_CURVE('',#1743,#1504,#1751,.T.);
#1751 = LINE('',#1752,#1753);
#1752 = CARTESIAN_POINT('',(-13.25,-12.58459302325,12.283832567151));
#1753 = VECTOR('',#1754,1.);
#1754 = DIRECTION('',(1.,1.110223024625E-16,1.232595164408E-32));
#1755 = ORIENTED_EDGE('',*,*,#1503,.T.);
#1756 = ORIENTED_EDGE('',*,*,#1726,.F.);
#1757 = PLANE('',#1758);
#1758 = AXIS2_PLACEMENT_3D('',#1759,#1760,#1761);
#1759 = CARTESIAN_POINT('',(-13.25,-12.58459302325,12.283832567151));
#1760 = DIRECTION('',(1.110223024625E-16,-1.,-1.110223024625E-16));
#1761 = DIRECTION('',(0.,-1.110223024625E-16,1.));
#1762 = ADVANCED_FACE('',(#1763),#1794,.F.);
#1763 = FACE_BOUND('',#1764,.F.);
#1764 = EDGE_LOOP('',(#1765,#1786,#1792,#1793));
#1765 = ORIENTED_EDGE('',*,*,#1766,.T.);
#1766 = EDGE_CURVE('',#1743,#1767,#1769,.T.);
#1767 = VERTEX_POINT('',#1768);
#1768 = CARTESIAN_POINT('',(-12.67,-12.77629451308,10.603441033721));
#1769 = B_SPLINE_CURVE_WITH_KNOTS('',8,(#1770,#1771,#1772,#1773,#1774,
    #1775,#1776,#1777,#1778,#1779,#1780,#1781,#1782,#1783,#1784,#1785),
  .UNSPECIFIED.,.F.,.F.,(9,7,9),(0.,0.897968387219,1.),.UNSPECIFIED.);
#1770 = CARTESIAN_POINT('',(-12.67,-12.58459302325,12.283832567151));
#1771 = CARTESIAN_POINT('',(-12.67,-12.58459302325,12.081901018676));
#1772 = CARTESIAN_POINT('',(-12.67,-12.58830559969,11.882035584153));
#1773 = CARTESIAN_POINT('',(-12.67,-12.59623520348,11.684206370563));
#1774 = CARTESIAN_POINT('',(-12.67,-12.60906774703,11.488813190582));
#1775 = CARTESIAN_POINT('',(-12.67,-12.62766003794,11.296672418804));
#1776 = CARTESIAN_POINT('',(-12.67,-12.65318390895,11.109124323682));
#1777 = CARTESIAN_POINT('',(-12.67,-12.68707708556,10.927992788613));
#1778 = CARTESIAN_POINT('',(-12.67,-12.73677043867,10.736495962504));
#1779 = CARTESIAN_POINT('',(-12.67,-12.74197824809,10.717079590664));
#1780 = CARTESIAN_POINT('',(-12.67,-12.74732672895,10.697790388104));
#1781 = CARTESIAN_POINT('',(-12.67,-12.75281910599,10.678633462084));
#1782 = CARTESIAN_POINT('',(-12.67,-12.75845867373,10.65961421601));
#1783 = CARTESIAN_POINT('',(-12.67,-12.76424879647,10.640738349433));
#1784 = CARTESIAN_POINT('',(-12.67,-12.7701929083,10.622011858055));
#1785 = CARTESIAN_POINT('',(-12.67,-12.77629451308,10.603441033721));
#1786 = ORIENTED_EDGE('',*,*,#1787,.T.);
#1787 = EDGE_CURVE('',#1767,#1512,#1788,.T.);
#1788 = LINE('',#1789,#1790);
#1789 = CARTESIAN_POINT('',(-13.25,-12.77629451308,10.603441033721));
#1790 = VECTOR('',#1791,1.);
#1791 = DIRECTION('',(1.,1.110223024625E-16,1.232595164408E-32));
#1792 = ORIENTED_EDGE('',*,*,#1511,.T.);
#1793 = ORIENTED_EDGE('',*,*,#1750,.F.);
#1794 = SURFACE_OF_LINEAR_EXTRUSION('',#1795,#1799);
#1795 = B_SPLINE_CURVE_WITH_KNOTS('',2,(#1796,#1797,#1798),
  .UNSPECIFIED.,.F.,.F.,(3,3),(0.,1.),.PIECEWISE_BEZIER_KNOTS.);
#1796 = CARTESIAN_POINT('',(-13.25,-12.77629451308,10.603441033721));
#1797 = CARTESIAN_POINT('',(-13.25,-12.58459302325,11.186903061337));
#1798 = CARTESIAN_POINT('',(-13.25,-12.58459302325,12.283832567151));
#1799 = VECTOR('',#1800,1.);
#1800 = DIRECTION('',(-1.,-1.110223024625E-16,-1.232595164408E-32));
#1801 = ADVANCED_FACE('',(#1802),#1827,.F.);
#1802 = FACE_BOUND('',#1803,.F.);
#1803 = EDGE_LOOP('',(#1804,#1819,#1825,#1826));
#1804 = ORIENTED_EDGE('',*,*,#1805,.T.);
#1805 = EDGE_CURVE('',#1767,#1806,#1808,.T.);
#1806 = VERTEX_POINT('',#1807);
#1807 = CARTESIAN_POINT('',(-12.67,-13.44176507994,9.690377806977));
#1808 = B_SPLINE_CURVE_WITH_KNOTS('',5,(#1809,#1810,#1811,#1812,#1813,
    #1814,#1815,#1816,#1817,#1818),.UNSPECIFIED.,.F.,.F.,(6,4,6),(0.,
    0.658884722643,1.),.UNSPECIFIED.);
#1809 = CARTESIAN_POINT('',(-12.67,-12.77629451308,10.603441033721));
#1810 = CARTESIAN_POINT('',(-12.67,-12.82489663145,10.455383354329));
#1811 = CARTESIAN_POINT('',(-12.67,-12.88601417878,10.313962522838));
#1812 = CARTESIAN_POINT('',(-12.67,-12.96047427133,10.18099973062));
#1813 = CARTESIAN_POINT('',(-12.67,-13.04855770967,10.058273842875));
#1814 = CARTESIAN_POINT('',(-12.67,-13.20129003417,9.889313655953));
#1815 = CARTESIAN_POINT('',(-12.67,-13.25676227176,9.834723950212));
#1816 = CARTESIAN_POINT('',(-12.67,-13.31547007901,9.783332250392));
#1817 = CARTESIAN_POINT('',(-12.67,-13.37721716518,9.735212631999));
#1818 = CARTESIAN_POINT('',(-12.67,-13.44176507994,9.690377806977));
#1819 = ORIENTED_EDGE('',*,*,#1820,.T.);
#1820 = EDGE_CURVE('',#1806,#1520,#1821,.T.);
#1821 = LINE('',#1822,#1823);
#1822 = CARTESIAN_POINT('',(-13.25,-13.44176507994,9.690377806977));
#1823 = VECTOR('',#1824,1.);
#1824 = DIRECTION('',(1.,1.110223024625E-16,1.232595164408E-32));
#1825 = ORIENTED_EDGE('',*,*,#1519,.T.);
#1826 = ORIENTED_EDGE('',*,*,#1787,.F.);
#1827 = SURFACE_OF_LINEAR_EXTRUSION('',#1828,#1832);
#1828 = B_SPLINE_CURVE_WITH_KNOTS('',2,(#1829,#1830,#1831),
  .UNSPECIFIED.,.F.,.F.,(3,3),(0.,1.),.PIECEWISE_BEZIER_KNOTS.);
#1829 = CARTESIAN_POINT('',(-13.25,-13.44176507994,9.690377806977));
#1830 = CARTESIAN_POINT('',(-13.25,-12.9679960029,10.019456658721));
#1831 = CARTESIAN_POINT('',(-13.25,-12.77629451308,10.603441033721));
#1832 = VECTOR('',#1833,1.);
#1833 = DIRECTION('',(-1.,-1.110223024625E-16,-1.232595164408E-32));
#1834 = ADVANCED_FACE('',(#1835),#1862,.F.);
#1835 = FACE_BOUND('',#1836,.F.);
#1836 = EDGE_LOOP('',(#1837,#1854,#1860,#1861));
#1837 = ORIENTED_EDGE('',*,*,#1838,.T.);
#1838 = EDGE_CURVE('',#1806,#1839,#1841,.T.);
#1839 = VERTEX_POINT('',#1840);
#1840 = CARTESIAN_POINT('',(-12.67,-14.55697674418,9.361298955233));
#1841 = B_SPLINE_CURVE_WITH_KNOTS('',6,(#1842,#1843,#1844,#1845,#1846,
    #1847,#1848,#1849,#1850,#1851,#1852,#1853),.UNSPECIFIED.,.F.,.F.,(7,
    5,7),(0.,0.204361202385,1.),.UNSPECIFIED.);
#1842 = CARTESIAN_POINT('',(-12.67,-13.44176507994,9.690377806977));
#1843 = CARTESIAN_POINT('',(-12.67,-13.4744654413,9.667639145099));
#1844 = CARTESIAN_POINT('',(-12.67,-13.50771546627,9.645797031059));
#1845 = CARTESIAN_POINT('',(-12.67,-13.54150281449,9.624869903724));
#1846 = CARTESIAN_POINT('',(-12.67,-13.57581312887,9.604873231394));
#1847 = CARTESIAN_POINT('',(-12.67,-13.61063003555,9.585819511796));
#1848 = CARTESIAN_POINT('',(-12.67,-13.78338840618,9.497244775046));
#1849 = CARTESIAN_POINT('',(-12.67,-13.92829006831,9.441183181356));
#1850 = CARTESIAN_POINT('',(-12.67,-14.07943140776,9.400178028991));
#1851 = CARTESIAN_POINT('',(-12.67,-14.2354638622,9.373861116378));
#1852 = CARTESIAN_POINT('',(-12.67,-14.39505104642,9.361298955233));
#1853 = CARTESIAN_POINT('',(-12.67,-14.55697674418,9.361298955233));
#1854 = ORIENTED_EDGE('',*,*,#1855,.T.);
#1855 = EDGE_CURVE('',#1839,#1528,#1856,.T.);
#1856 = LINE('',#1857,#1858);
#1857 = CARTESIAN_POINT('',(-13.25,-14.55697674418,9.361298955233));
#1858 = VECTOR('',#1859,1.);
#1859 = DIRECTION('',(1.,1.110223024625E-16,1.232595164408E-32));
#1860 = ORIENTED_EDGE('',*,*,#1527,.T.);
#1861 = ORIENTED_EDGE('',*,*,#1820,.F.);
#1862 = SURFACE_OF_LINEAR_EXTRUSION('',#1863,#1867);
#1863 = B_SPLINE_CURVE_WITH_KNOTS('',2,(#1864,#1865,#1866),
  .UNSPECIFIED.,.F.,.F.,(3,3),(0.,1.),.PIECEWISE_BEZIER_KNOTS.);
#1864 = CARTESIAN_POINT('',(-13.25,-14.55697674418,9.361298955233));
#1865 = CARTESIAN_POINT('',(-13.25,-13.91501180959,9.361298955233));
#1866 = CARTESIAN_POINT('',(-13.25,-13.44176507994,9.690377806977));
#1867 = VECTOR('',#1868,1.);
#1868 = DIRECTION('',(-1.,-1.110223024625E-16,-1.232595164408E-32));
#1869 = ADVANCED_FACE('',(#1870),#1895,.F.);
#1870 = FACE_BOUND('',#1871,.F.);
#1871 = EDGE_LOOP('',(#1872,#1887,#1893,#1894));
#1872 = ORIENTED_EDGE('',*,*,#1873,.T.);
#1873 = EDGE_CURVE('',#1839,#1874,#1876,.T.);
#1874 = VERTEX_POINT('',#1875);
#1875 = CARTESIAN_POINT('',(-12.67,-15.52384175145,9.588520067151));
#1876 = B_SPLINE_CURVE_WITH_KNOTS('',5,(#1877,#1878,#1879,#1880,#1881,
    #1882,#1883,#1884,#1885,#1886),.UNSPECIFIED.,.F.,.F.,(6,4,6),(0.,
    0.509080002214,1.),.UNSPECIFIED.);
#1877 = CARTESIAN_POINT('',(-12.67,-14.55697674418,9.361298955233));
#1878 = CARTESIAN_POINT('',(-12.67,-14.66355841846,9.361298955233));
#1879 = CARTESIAN_POINT('',(-12.67,-14.76875606825,9.366672185787));
#1880 = CARTESIAN_POINT('',(-12.67,-14.87225283425,9.377753882452));
#1881 = CARTESIAN_POINT('',(-12.67,-14.97368299952,9.394842849273));
#1882 = CARTESIAN_POINT('',(-12.67,-15.16811452072,9.440535832376));
#1883 = CARTESIAN_POINT('',(-12.67,-15.26129301783,9.468708485329));
#1884 = CARTESIAN_POINT('',(-12.67,-15.35184824447,9.502768869508));
#1885 = CARTESIAN_POINT('',(-12.67,-15.43945582448,9.542749645418));
#1886 = CARTESIAN_POINT('',(-12.67,-15.52384175145,9.588520067151));
#1887 = ORIENTED_EDGE('',*,*,#1888,.T.);
#1888 = EDGE_CURVE('',#1874,#1536,#1889,.T.);
#1889 = LINE('',#1890,#1891);
#1890 = CARTESIAN_POINT('',(-13.25,-15.52384175145,9.588520067151));
#1891 = VECTOR('',#1892,1.);
#1892 = DIRECTION('',(1.,1.110223024625E-16,1.232595164408E-32));
#1893 = ORIENTED_EDGE('',*,*,#1535,.T.);
#1894 = ORIENTED_EDGE('',*,*,#1855,.F.);
#1895 = SURFACE_OF_LINEAR_EXTRUSION('',#1896,#1900);
#1896 = B_SPLINE_CURVE_WITH_KNOTS('',2,(#1897,#1898,#1899),
  .UNSPECIFIED.,.F.,.F.,(3,3),(0.,1.),.PIECEWISE_BEZIER_KNOTS.);
#1897 = CARTESIAN_POINT('',(-13.25,-15.52384175145,9.588520067151));
#1898 = CARTESIAN_POINT('',(-13.25,-15.1049191497,9.361298955233));
#1899 = CARTESIAN_POINT('',(-13.25,-14.55697674418,9.361298955233));
#1900 = VECTOR('',#1901,1.);
#1901 = DIRECTION('',(-1.,-1.110223024625E-16,-1.232595164408E-32));
#1902 = ADVANCED_FACE('',(#1903),#1928,.F.);
#1903 = FACE_BOUND('',#1904,.F.);
#1904 = EDGE_LOOP('',(#1905,#1920,#1926,#1927));
#1905 = ORIENTED_EDGE('',*,*,#1906,.T.);
#1906 = EDGE_CURVE('',#1874,#1907,#1909,.T.);
#1907 = VERTEX_POINT('',#1908);
#1908 = CARTESIAN_POINT('',(-12.67,-16.16162790697,10.168325663081));
#1909 = B_SPLINE_CURVE_WITH_KNOTS('',5,(#1910,#1911,#1912,#1913,#1914,
    #1915,#1916,#1917,#1918,#1919),.UNSPECIFIED.,.F.,.F.,(6,4,6),(0.,
    0.503704058454,1.),.UNSPECIFIED.);
#1910 = CARTESIAN_POINT('',(-12.67,-15.52384175145,9.588520067151));
#1911 = CARTESIAN_POINT('',(-12.67,-15.6048502388,9.632513440431));
#1912 = CARTESIAN_POINT('',(-12.67,-15.68232415063,9.680056751148));
#1913 = CARTESIAN_POINT('',(-12.67,-15.75590053231,9.731256947386));
#1914 = CARTESIAN_POINT('',(-12.67,-15.82521013102,9.786172885129));
#1915 = CARTESIAN_POINT('',(-12.67,-15.95370613289,9.902494998105));
#1916 = CARTESIAN_POINT('',(-12.67,-16.01303002361,9.963796952261));
#1917 = CARTESIAN_POINT('',(-12.67,-16.06759569936,10.028629098644));
#1918 = CARTESIAN_POINT('',(-12.67,-16.11717020314,10.096875781925));
#1919 = CARTESIAN_POINT('',(-12.67,-16.16162790697,10.168325663081));
#1920 = ORIENTED_EDGE('',*,*,#1921,.T.);
#1921 = EDGE_CURVE('',#1907,#1544,#1922,.T.);
#1922 = LINE('',#1923,#1924);
#1923 = CARTESIAN_POINT('',(-13.25,-16.16162790697,10.168325663081));
#1924 = VECTOR('',#1925,1.);
#1925 = DIRECTION('',(1.,1.110223024625E-16,1.232595164408E-32));
#1926 = ORIENTED_EDGE('',*,*,#1543,.T.);
#1927 = ORIENTED_EDGE('',*,*,#1888,.F.);
#1928 = SURFACE_OF_LINEAR_EXTRUSION('',#1929,#1933);
#1929 = B_SPLINE_CURVE_WITH_KNOTS('',2,(#1930,#1931,#1932),
  .UNSPECIFIED.,.F.,.F.,(3,3),(0.,1.),.PIECEWISE_BEZIER_KNOTS.);
#1930 = CARTESIAN_POINT('',(-13.25,-16.16162790697,10.168325663081));
#1931 = CARTESIAN_POINT('',(-13.25,-15.94224200581,9.81574117907));
#1932 = CARTESIAN_POINT('',(-13.25,-15.52384175145,9.588520067151));
#1933 = VECTOR('',#1934,1.);
#1934 = DIRECTION('',(-1.,-1.110223024625E-16,-1.232595164408E-32));
#1935 = ADVANCED_FACE('',(#1936),#1958,.F.);
#1936 = FACE_BOUND('',#1937,.F.);
#1937 = EDGE_LOOP('',(#1938,#1950,#1956,#1957));
#1938 = ORIENTED_EDGE('',*,*,#1939,.T.);
#1939 = EDGE_CURVE('',#1907,#1940,#1942,.T.);
#1940 = VERTEX_POINT('',#1941);
#1941 = CARTESIAN_POINT('',(-12.67,-16.47451398982,11.045869267733));
#1942 = B_SPLINE_CURVE_WITH_KNOTS('',6,(#1943,#1944,#1945,#1946,#1947,
    #1948,#1949),.UNSPECIFIED.,.F.,.F.,(7,7),(0.,1.),
  .PIECEWISE_BEZIER_KNOTS.);
#1943 = CARTESIAN_POINT('',(-12.67,-16.16162790697,10.168325663081));
#1944 = CARTESIAN_POINT('',(-12.67,-16.23862103496,10.292359938476));
#1945 = CARTESIAN_POINT('',(-12.67,-16.305048908,10.427106643293));
#1946 = CARTESIAN_POINT('',(-12.67,-16.36115026053,10.571197987273));
#1947 = CARTESIAN_POINT('',(-12.67,-16.4075845436,10.723171381137));
#1948 = CARTESIAN_POINT('',(-12.67,-16.44511724583,10.881737447118));
#1949 = CARTESIAN_POINT('',(-12.67,-16.47451398982,11.045869267733));
#1950 = ORIENTED_EDGE('',*,*,#1951,.T.);
#1951 = EDGE_CURVE('',#1940,#1552,#1952,.T.);
#1952 = LINE('',#1953,#1954);
#1953 = CARTESIAN_POINT('',(-13.25,-16.47451398982,11.045869267733));
#1954 = VECTOR('',#1955,1.);
#1955 = DIRECTION('',(1.,1.110223024625E-16,1.232595164408E-32));
#1956 = ORIENTED_EDGE('',*,*,#1551,.T.);
#1957 = ORIENTED_EDGE('',*,*,#1921,.F.);
#1958 = SURFACE_OF_LINEAR_EXTRUSION('',#1959,#1963);
#1959 = B_SPLINE_CURVE_WITH_KNOTS('',2,(#1960,#1961,#1962),
  .UNSPECIFIED.,.F.,.F.,(3,3),(0.,1.),.PIECEWISE_BEZIER_KNOTS.);
#1960 = CARTESIAN_POINT('',(-13.25,-16.47451398982,11.045869267733));
#1961 = CARTESIAN_POINT('',(-13.25,-16.38049146075,10.520910147093));
#1962 = CARTESIAN_POINT('',(-13.25,-16.16162790697,10.168325663081));
#1963 = VECTOR('',#1964,1.);
#1964 = DIRECTION('',(-1.,-1.110223024625E-16,-1.232595164408E-32));
#1965 = ADVANCED_FACE('',(#1966),#1988,.F.);
#1966 = FACE_BOUND('',#1967,.F.);
#1967 = EDGE_LOOP('',(#1968,#1985,#1986,#1987));
#1968 = ORIENTED_EDGE('',*,*,#1969,.T.);
#1969 = EDGE_CURVE('',#1940,#1688,#1970,.T.);
#1970 = B_SPLINE_CURVE_WITH_KNOTS('',7,(#1971,#1972,#1973,#1974,#1975,
    #1976,#1977,#1978,#1979,#1980,#1981,#1982,#1983,#1984),
  .UNSPECIFIED.,.F.,.F.,(8,6,8),(0.,0.84951284875,1.),.UNSPECIFIED.);
#1971 = CARTESIAN_POINT('',(-12.67,-16.47451398982,11.045869267733));
#1972 = CARTESIAN_POINT('',(-12.67,-16.49105334736,11.135654351501));
#1973 = CARTESIAN_POINT('',(-12.67,-16.50353600508,11.242484886387));
#1974 = CARTESIAN_POINT('',(-12.67,-16.51282043612,11.3612771658));
#1975 = CARTESIAN_POINT('',(-12.67,-16.51952433614,11.488471524098));
#1976 = CARTESIAN_POINT('',(-12.67,-16.52414512648,11.621604396483));
#1977 = CARTESIAN_POINT('',(-12.67,-16.52704797688,11.759361095092));
#1978 = CARTESIAN_POINT('',(-12.67,-16.52874512083,11.926658695554));
#1979 = CARTESIAN_POINT('',(-12.67,-16.52895452259,11.951957506284));
#1980 = CARTESIAN_POINT('',(-12.67,-16.52911939809,11.977373666679));
#1981 = CARTESIAN_POINT('',(-12.67,-16.529241144,12.002902189776));
#1982 = CARTESIAN_POINT('',(-12.67,-16.52932108326,12.0285384234));
#1983 = CARTESIAN_POINT('',(-12.67,-16.52936046511,12.054278050171));
#1984 = CARTESIAN_POINT('',(-12.67,-16.52936046511,12.0801170875));
#1985 = ORIENTED_EDGE('',*,*,#1704,.T.);
#1986 = ORIENTED_EDGE('',*,*,#1559,.T.);
#1987 = ORIENTED_EDGE('',*,*,#1951,.F.);
#1988 = SURFACE_OF_LINEAR_EXTRUSION('',#1989,#1993);
#1989 = B_SPLINE_CURVE_WITH_KNOTS('',2,(#1990,#1991,#1992),
  .UNSPECIFIED.,.F.,.F.,(3,3),(0.,1.),.PIECEWISE_BEZIER_KNOTS.);
#1990 = CARTESIAN_POINT('',(-13.25,-16.52936046511,12.0801170875));
#1991 = CARTESIAN_POINT('',(-13.25,-16.52936046511,11.343607276453));
#1992 = CARTESIAN_POINT('',(-13.25,-16.47451398982,11.045869267733));
#1993 = VECTOR('',#1994,1.);
#1994 = DIRECTION('',(-1.,-1.110223024625E-16,-1.232595164408E-32));
#1995 = ADVANCED_FACE('',(#1996),#2021,.F.);
#1996 = FACE_BOUND('',#1997,.F.);
#1997 = EDGE_LOOP('',(#1998,#2008,#2014,#2015));
#1998 = ORIENTED_EDGE('',*,*,#1999,.T.);
#1999 = EDGE_CURVE('',#2000,#2002,#2004,.T.);
#2000 = VERTEX_POINT('',#2001);
#2001 = CARTESIAN_POINT('',(-12.67,-11.21395348837,12.456207203779));
#2002 = VERTEX_POINT('',#2003);
#2003 = CARTESIAN_POINT('',(-12.67,-11.21395348837,14.939969013372));
#2004 = LINE('',#2005,#2006);
#2005 = CARTESIAN_POINT('',(-12.67,-11.21395348837,39.249984506686));
#2006 = VECTOR('',#2007,1.);
#2007 = DIRECTION('',(0.,-1.110223024625E-16,1.));
#2008 = ORIENTED_EDGE('',*,*,#2009,.T.);
#2009 = EDGE_CURVE('',#2002,#1568,#2010,.T.);
#2010 = LINE('',#2011,#2012);
#2011 = CARTESIAN_POINT('',(-13.25,-11.21395348837,14.939969013372));
#2012 = VECTOR('',#2013,1.);
#2013 = DIRECTION('',(1.,1.110223024625E-16,1.232595164408E-32));
#2014 = ORIENTED_EDGE('',*,*,#1567,.T.);
#2015 = ORIENTED_EDGE('',*,*,#2016,.F.);
#2016 = EDGE_CURVE('',#2000,#1570,#2017,.T.);
#2017 = LINE('',#2018,#2019);
#2018 = CARTESIAN_POINT('',(-13.25,-11.21395348837,12.456207203779));
#2019 = VECTOR('',#2020,1.);
#2020 = DIRECTION('',(1.,1.110223024625E-16,1.232595164408E-32));
#2021 = PLANE('',#2022);
#2022 = AXIS2_PLACEMENT_3D('',#2023,#2024,#2025);
#2023 = CARTESIAN_POINT('',(-13.25,-11.21395348837,14.939969013372));
#2024 = DIRECTION('',(-1.110223024625E-16,1.,1.110223024625E-16));
#2025 = DIRECTION('',(0.,1.110223024625E-16,-1.));
#2026 = ADVANCED_FACE('',(#2027),#2045,.F.);
#2027 = FACE_BOUND('',#2028,.F.);
#2028 = EDGE_LOOP('',(#2029,#2037,#2043,#2044));
#2029 = ORIENTED_EDGE('',*,*,#2030,.T.);
#2030 = EDGE_CURVE('',#2002,#2031,#2033,.T.);
#2031 = VERTEX_POINT('',#2032);
#2032 = CARTESIAN_POINT('',(-12.67,-7.770639534884,14.939969013372));
#2033 = LINE('',#2034,#2035);
#2034 = CARTESIAN_POINT('',(-12.67,-17.13531976744,14.939969013372));
#2035 = VECTOR('',#2036,1.);
#2036 = DIRECTION('',(0.,1.,1.110223024625E-16));
#2037 = ORIENTED_EDGE('',*,*,#2038,.T.);
#2038 = EDGE_CURVE('',#2031,#1578,#2039,.T.);
#2039 = LINE('',#2040,#2041);
#2040 = CARTESIAN_POINT('',(-13.25,-7.770639534884,14.939969013372));
#2041 = VECTOR('',#2042,1.);
#2042 = DIRECTION('',(1.,1.110223024625E-16,1.232595164408E-32));
#2043 = ORIENTED_EDGE('',*,*,#1577,.T.);
#2044 = ORIENTED_EDGE('',*,*,#2009,.F.);
#2045 = PLANE('',#2046);
#2046 = AXIS2_PLACEMENT_3D('',#2047,#2048,#2049);
#2047 = CARTESIAN_POINT('',(-13.25,-7.770639534884,14.939969013372));
#2048 = DIRECTION('',(0.,1.110223024625E-16,-1.));
#2049 = DIRECTION('',(1.110223024625E-16,-1.,-1.110223024625E-16));
#2050 = ADVANCED_FACE('',(#2051),#2069,.F.);
#2051 = FACE_BOUND('',#2052,.F.);
#2052 = EDGE_LOOP('',(#2053,#2061,#2067,#2068));
#2053 = ORIENTED_EDGE('',*,*,#2054,.T.);
#2054 = EDGE_CURVE('',#2031,#2055,#2057,.T.);
#2055 = VERTEX_POINT('',#2056);
#2056 = CARTESIAN_POINT('',(-12.67,-7.770639534884,12.644252261919));
#2057 = LINE('',#2058,#2059);
#2058 = CARTESIAN_POINT('',(-12.67,-7.770639534884,38.102126130959));
#2059 = VECTOR('',#2060,1.);
#2060 = DIRECTION('',(-0.,1.110223024625E-16,-1.));
#2061 = ORIENTED_EDGE('',*,*,#2062,.T.);
#2062 = EDGE_CURVE('',#2055,#1586,#2063,.T.);
#2063 = LINE('',#2064,#2065);
#2064 = CARTESIAN_POINT('',(-13.25,-7.770639534884,12.644252261919));
#2065 = VECTOR('',#2066,1.);
#2066 = DIRECTION('',(1.,1.110223024625E-16,1.232595164408E-32));
#2067 = ORIENTED_EDGE('',*,*,#1585,.T.);
#2068 = ORIENTED_EDGE('',*,*,#2038,.F.);
#2069 = PLANE('',#2070);
#2070 = AXIS2_PLACEMENT_3D('',#2071,#2072,#2073);
#2071 = CARTESIAN_POINT('',(-13.25,-7.770639534884,12.644252261919));
#2072 = DIRECTION('',(1.110223024625E-16,-1.,-1.110223024625E-16));
#2073 = DIRECTION('',(0.,-1.110223024625E-16,1.));
#2074 = ADVANCED_FACE('',(#2075),#2106,.F.);
#2075 = FACE_BOUND('',#2076,.F.);
#2076 = EDGE_LOOP('',(#2077,#2098,#2104,#2105));
#2077 = ORIENTED_EDGE('',*,*,#2078,.T.);
#2078 = EDGE_CURVE('',#2055,#2079,#2081,.T.);
#2079 = VERTEX_POINT('',#2080);
#2080 = CARTESIAN_POINT('',(-12.67,-7.929955486919,10.897000263372));
#2081 = B_SPLINE_CURVE_WITH_KNOTS('',8,(#2082,#2083,#2084,#2085,#2086,
    #2087,#2088,#2089,#2090,#2091,#2092,#2093,#2094,#2095,#2096,#2097),
  .UNSPECIFIED.,.F.,.F.,(9,7,9),(0.,0.710896477102,1.),.UNSPECIFIED.);
#2082 = CARTESIAN_POINT('',(-12.67,-7.770639534884,12.644252261919));
#2083 = CARTESIAN_POINT('',(-12.67,-7.770639534884,12.476519811783));
#2084 = CARTESIAN_POINT('',(-12.67,-7.772311026137,12.31004097881));
#2085 = CARTESIAN_POINT('',(-12.67,-7.775875037391,12.14482526797));
#2086 = CARTESIAN_POINT('',(-12.67,-7.781629056049,11.981087622669));
#2087 = CARTESIAN_POINT('',(-12.67,-7.789936446024,11.819235125381));
#2088 = CARTESIAN_POINT('',(-12.67,-7.801325305444,11.659959015174));
#2089 = CARTESIAN_POINT('',(-12.67,-7.81644552889,11.504194152355));
#2090 = CARTESIAN_POINT('',(-12.67,-7.84466767894,11.292218269048));
#2091 = CARTESIAN_POINT('',(-12.67,-7.853638577813,11.231817960872));
#2092 = CARTESIAN_POINT('',(-12.67,-7.863501633466,11.172394597192));
#2093 = CARTESIAN_POINT('',(-12.67,-7.874349510098,11.114094880688));
#2094 = CARTESIAN_POINT('',(-12.67,-7.886287255625,11.057117853799));
#2095 = CARTESIAN_POINT('',(-12.67,-7.89943516773,11.001718514357));
#2096 = CARTESIAN_POINT('',(-12.67,-7.91393442554,10.948215131712));
#2097 = CARTESIAN_POINT('',(-12.67,-7.929955486919,10.897000263372));
#2098 = ORIENTED_EDGE('',*,*,#2099,.T.);
#2099 = EDGE_CURVE('',#2079,#1594,#2100,.T.);
#2100 = LINE('',#2101,#2102);
#2101 = CARTESIAN_POINT('',(-13.25,-7.929955486919,10.897000263372));
#2102 = VECTOR('',#2103,1.);
#2103 = DIRECTION('',(1.,1.110223024625E-16,1.232595164408E-32));
#2104 = ORIENTED_EDGE('',*,*,#1593,.T.);
#2105 = ORIENTED_EDGE('',*,*,#2062,.F.);
#2106 = SURFACE_OF_LINEAR_EXTRUSION('',#2107,#2111);
#2107 = B_SPLINE_CURVE_WITH_KNOTS('',2,(#2108,#2109,#2110),
  .UNSPECIFIED.,.F.,.F.,(3,3),(0.,1.),.PIECEWISE_BEZIER_KNOTS.);
#2108 = CARTESIAN_POINT('',(-13.25,-7.929955486919,10.897000263372));
#2109 = CARTESIAN_POINT('',(-13.25,-7.770639534884,11.4062889625));
#2110 = CARTESIAN_POINT('',(-13.25,-7.770639534884,12.644252261919));
#2111 = VECTOR('',#2112,1.);
#2112 = DIRECTION('',(-1.,-1.110223024625E-16,-1.232595164408E-32));
#2113 = ADVANCED_FACE('',(#2114),#2139,.F.);
#2114 = FACE_BOUND('',#2115,.F.);
#2115 = EDGE_LOOP('',(#2116,#2131,#2137,#2138));
#2116 = ORIENTED_EDGE('',*,*,#2117,.T.);
#2117 = EDGE_CURVE('',#2079,#2118,#2120,.T.);
#2118 = VERTEX_POINT('',#2119);
#2119 = CARTESIAN_POINT('',(-12.67,-8.520730377907,10.113479187791));
#2120 = B_SPLINE_CURVE_WITH_KNOTS('',5,(#2121,#2122,#2123,#2124,#2125,
    #2126,#2127,#2128,#2129,#2130),.UNSPECIFIED.,.F.,.F.,(6,4,6),(0.,
    0.591865123464,1.),.UNSPECIFIED.);
#2121 = CARTESIAN_POINT('',(-12.67,-7.929955486919,10.897000263372));
#2122 = CARTESIAN_POINT('',(-12.67,-7.966476476778,10.780252836774));
#2123 = CARTESIAN_POINT('',(-12.67,-8.012693890681,10.668802221904));
#2124 = CARTESIAN_POINT('',(-12.67,-8.069162308248,10.563881933862));
#2125 = CARTESIAN_POINT('',(-12.67,-8.136048513344,10.466647548667));
#2126 = CARTESIAN_POINT('',(-12.67,-8.26552526013,10.316638972687));
#2127 = CARTESIAN_POINT('',(-12.67,-8.323015206968,10.259419753306));
#2128 = CARTESIAN_POINT('',(-12.67,-8.384943437987,10.206448815446));
#2129 = CARTESIAN_POINT('',(-12.67,-8.450981984101,10.157810794024));
#2130 = CARTESIAN_POINT('',(-12.67,-8.520730377907,10.113479187791));
#2131 = ORIENTED_EDGE('',*,*,#2132,.T.);
#2132 = EDGE_CURVE('',#2118,#1602,#2133,.T.);
#2133 = LINE('',#2134,#2135);
#2134 = CARTESIAN_POINT('',(-13.25,-8.520730377907,10.113479187791));
#2135 = VECTOR('',#2136,1.);
#2136 = DIRECTION('',(1.,1.110223024625E-16,1.232595164408E-32));
#2137 = ORIENTED_EDGE('',*,*,#1601,.T.);
#2138 = ORIENTED_EDGE('',*,*,#2099,.F.);
#2139 = SURFACE_OF_LINEAR_EXTRUSION('',#2140,#2144);
#2140 = B_SPLINE_CURVE_WITH_KNOTS('',2,(#2141,#2142,#2143),
  .UNSPECIFIED.,.F.,.F.,(3,3),(0.,1.),.PIECEWISE_BEZIER_KNOTS.);
#2141 = CARTESIAN_POINT('',(-13.25,-8.520730377907,10.113479187791));
#2142 = CARTESIAN_POINT('',(-13.25,-8.089271438953,10.387711564244));
#2143 = CARTESIAN_POINT('',(-13.25,-7.929955486919,10.897000263372));
#2144 = VECTOR('',#2145,1.);
#2145 = DIRECTION('',(-1.,-1.110223024625E-16,-1.232595164408E-32));
#2146 = ADVANCED_FACE('',(#2147),#2174,.F.);
#2147 = FACE_BOUND('',#2148,.F.);
#2148 = EDGE_LOOP('',(#2149,#2166,#2172,#2173));
#2149 = ORIENTED_EDGE('',*,*,#2150,.T.);
#2150 = EDGE_CURVE('',#2118,#2151,#2153,.T.);
#2151 = VERTEX_POINT('',#2152);
#2152 = CARTESIAN_POINT('',(-12.67,-9.519458575581,9.839246811337));
#2153 = B_SPLINE_CURVE_WITH_KNOTS('',6,(#2154,#2155,#2156,#2157,#2158,
    #2159,#2160,#2161,#2162,#2163,#2164,#2165),.UNSPECIFIED.,.F.,.F.,(7,
    5,7),(0.,0.175207068786,1.),.UNSPECIFIED.);
#2154 = CARTESIAN_POINT('',(-12.67,-8.520730377907,10.113479187791));
#2155 = CARTESIAN_POINT('',(-12.67,-8.546280974336,10.097239401925));
#2156 = CARTESIAN_POINT('',(-12.67,-8.572146843095,10.081557875533));
#2157 = CARTESIAN_POINT('',(-12.67,-8.598321956807,10.066441750073));
#2158 = CARTESIAN_POINT('',(-12.67,-8.624799640127,10.051897103437));
#2159 = CARTESIAN_POINT('',(-12.67,-8.651572569736,10.037928949954));
#2160 = CARTESIAN_POINT('',(-12.67,-8.806019560929,9.961518165516));
#2161 = CARTESIAN_POINT('',(-12.67,-8.939807923358,9.911340469568));
#2162 = CARTESIAN_POINT('',(-12.67,-9.079078499118,9.874479042122));
#2163 = CARTESIAN_POINT('',(-12.67,-9.222799381666,9.850680513268));
#2164 = CARTESIAN_POINT('',(-12.67,-9.369922455564,9.839246811337));
#2165 = CARTESIAN_POINT('',(-12.67,-9.519458575581,9.839246811337));
#2166 = ORIENTED_EDGE('',*,*,#2167,.T.);
#2167 = EDGE_CURVE('',#2151,#1610,#2168,.T.);
#2168 = LINE('',#2169,#2170);
#2169 = CARTESIAN_POINT('',(-13.25,-9.519458575581,9.839246811337));
#2170 = VECTOR('',#2171,1.);
#2171 = DIRECTION('',(1.,1.110223024625E-16,1.232595164408E-32));
#2172 = ORIENTED_EDGE('',*,*,#1609,.T.);
#2173 = ORIENTED_EDGE('',*,*,#2132,.F.);
#2174 = SURFACE_OF_LINEAR_EXTRUSION('',#2175,#2179);
#2175 = B_SPLINE_CURVE_WITH_KNOTS('',2,(#2176,#2177,#2178),
  .UNSPECIFIED.,.F.,.F.,(3,3),(0.,1.),.PIECEWISE_BEZIER_KNOTS.);
#2176 = CARTESIAN_POINT('',(-13.25,-9.519458575581,9.839246811337));
#2177 = CARTESIAN_POINT('',(-13.25,-8.95218931686,9.839246811337));
#2178 = CARTESIAN_POINT('',(-13.25,-8.520730377907,10.113479187791));
#2179 = VECTOR('',#2180,1.);
#2180 = DIRECTION('',(-1.,-1.110223024625E-16,-1.232595164408E-32));
#2181 = ADVANCED_FACE('',(#2182),#2207,.F.);
#2182 = FACE_BOUND('',#2183,.F.);
#2183 = EDGE_LOOP('',(#2184,#2199,#2205,#2206));
#2184 = ORIENTED_EDGE('',*,*,#2185,.T.);
#2185 = EDGE_CURVE('',#2151,#2186,#2188,.T.);
#2186 = VERTEX_POINT('',#2187);
#2187 = CARTESIAN_POINT('',(-12.67,-10.51453034157,10.133328388372));
#2188 = B_SPLINE_CURVE_WITH_KNOTS('',5,(#2189,#2190,#2191,#2192,#2193,
    #2194,#2195,#2196,#2197,#2198),.UNSPECIFIED.,.F.,.F.,(6,4,6),(0.,
    0.48968960684,1.),.UNSPECIFIED.);
#2189 = CARTESIAN_POINT('',(-12.67,-9.519458575581,9.839246811337));
#2190 = CARTESIAN_POINT('',(-12.67,-9.628818426954,9.839246811337));
#2191 = CARTESIAN_POINT('',(-12.67,-9.736448262271,9.845381810708));
#2192 = CARTESIAN_POINT('',(-12.67,-9.841865765112,9.85820635157));
#2193 = CARTESIAN_POINT('',(-12.67,-9.94444997053,9.878270504449));
#2194 = CARTESIAN_POINT('',(-12.67,-10.14678924045,9.934649349131));
#2195 = CARTESIAN_POINT('',(-12.67,-10.24626257275,9.971617421366));
#2196 = CARTESIAN_POINT('',(-12.67,-10.34114894661,10.017116046902));
#2197 = CARTESIAN_POINT('',(-12.67,-10.43073916332,10.071174984748));
#2198 = CARTESIAN_POINT('',(-12.67,-10.51453034157,10.133328388372));
#2199 = ORIENTED_EDGE('',*,*,#2200,.T.);
#2200 = EDGE_CURVE('',#2186,#1618,#2201,.T.);
#2201 = LINE('',#2202,#2203);
#2202 = CARTESIAN_POINT('',(-13.25,-10.51453034157,10.133328388372));
#2203 = VECTOR('',#2204,1.);
#2204 = DIRECTION('',(1.,1.110223024625E-16,1.232595164408E-32));
#2205 = ORIENTED_EDGE('',*,*,#1617,.T.);
#2206 = ORIENTED_EDGE('',*,*,#2167,.F.);
#2207 = SURFACE_OF_LINEAR_EXTRUSION('',#2208,#2212);
#2208 = B_SPLINE_CURVE_WITH_KNOTS('',2,(#2209,#2210,#2211),
  .UNSPECIFIED.,.F.,.F.,(3,3),(0.,1.),.PIECEWISE_BEZIER_KNOTS.);
#2209 = CARTESIAN_POINT('',(-13.25,-10.51453034157,10.133328388372));
#2210 = CARTESIAN_POINT('',(-13.25,-10.11806867732,9.839246811337));
#2211 = CARTESIAN_POINT('',(-13.25,-9.519458575581,9.839246811337));
#2212 = VECTOR('',#2213,1.);
#2213 = DIRECTION('',(-1.,-1.110223024625E-16,-1.232595164408E-32));
#2214 = ADVANCED_FACE('',(#2215),#2244,.F.);
#2215 = FACE_BOUND('',#2216,.F.);
#2216 = EDGE_LOOP('',(#2217,#2236,#2242,#2243));
#2217 = ORIENTED_EDGE('',*,*,#2218,.T.);
#2218 = EDGE_CURVE('',#2186,#2219,#2221,.T.);
#2219 = VERTEX_POINT('',#2220);
#2220 = CARTESIAN_POINT('',(-12.67,-11.08179960029,11.006693213953));
#2221 = B_SPLINE_CURVE_WITH_KNOTS('',5,(#2222,#2223,#2224,#2225,#2226,
    #2227,#2228,#2229,#2230,#2231,#2232,#2233,#2234,#2235),
  .UNSPECIFIED.,.F.,.F.,(6,4,4,6),(0.,3.852881553453E-02,0.505541778603,
    1.),.UNSPECIFIED.);
#2222 = CARTESIAN_POINT('',(-12.67,-10.51453034157,10.133328388372));
#2223 = CARTESIAN_POINT('',(-12.67,-10.52087278654,10.138024638801));
#2224 = CARTESIAN_POINT('',(-12.67,-10.52717983596,10.142767192164));
#2225 = CARTESIAN_POINT('',(-12.67,-10.53345124655,10.147555900271));
#2226 = CARTESIAN_POINT('',(-12.67,-10.53968678503,10.152390601525));
#2227 = CARTESIAN_POINT('',(-12.67,-10.62103051388,10.216428554059));
#2228 = CARTESIAN_POINT('',(-12.67,-10.6908804193,10.282324603125));
#2229 = CARTESIAN_POINT('',(-12.67,-10.75500725741,10.354628287169));
#2230 = CARTESIAN_POINT('',(-12.67,-10.81329797207,10.432762074488));
#2231 = CARTESIAN_POINT('',(-12.67,-10.9214566483,10.604193454865));
#2232 = CARTESIAN_POINT('',(-12.67,-10.97063534026,10.698124816556));
#2233 = CARTESIAN_POINT('',(-12.67,-11.0134879478,10.79703478983));
#2234 = CARTESIAN_POINT('',(-12.67,-11.0504008609,10.900110337155));
#2235 = CARTESIAN_POINT('',(-12.67,-11.08179960029,11.006693213953));
#2236 = ORIENTED_EDGE('',*,*,#2237,.T.);
#2237 = EDGE_CURVE('',#2219,#1626,#2238,.T.);
#2238 = LINE('',#2239,#2240);
#2239 = CARTESIAN_POINT('',(-13.25,-11.08179960029,11.006693213953));
#2240 = VECTOR('',#2241,1.);
#2241 = DIRECTION('',(1.,1.110223024625E-16,1.232595164408E-32));
#2242 = ORIENTED_EDGE('',*,*,#1625,.T.);
#2243 = ORIENTED_EDGE('',*,*,#2200,.F.);
#2244 = SURFACE_OF_LINEAR_EXTRUSION('',#2245,#2249);
#2245 = B_SPLINE_CURVE_WITH_KNOTS('',2,(#2246,#2247,#2248),
  .UNSPECIFIED.,.F.,.F.,(3,3),(0.,1.),.PIECEWISE_BEZIER_KNOTS.);
#2246 = CARTESIAN_POINT('',(-13.25,-11.08179960029,11.006693213953));
#2247 = CARTESIAN_POINT('',(-13.25,-10.91099200581,10.426887618023));
#2248 = CARTESIAN_POINT('',(-13.25,-10.51453034157,10.133328388372));
#2249 = VECTOR('',#2250,1.);
#2250 = DIRECTION('',(-1.,-1.110223024625E-16,-1.232595164408E-32));
#2251 = ADVANCED_FACE('',(#2252),#2276,.F.);
#2252 = FACE_BOUND('',#2253,.F.);
#2253 = EDGE_LOOP('',(#2254,#2273,#2274,#2275));
#2254 = ORIENTED_EDGE('',*,*,#2255,.T.);
#2255 = EDGE_CURVE('',#2219,#2000,#2256,.T.);
#2256 = B_SPLINE_CURVE_WITH_KNOTS('',8,(#2257,#2258,#2259,#2260,#2261,
    #2262,#2263,#2264,#2265,#2266,#2267,#2268,#2269,#2270,#2271,#2272),
  .UNSPECIFIED.,.F.,.F.,(9,7,9),(0.,0.649835713605,1.),.UNSPECIFIED.);
#2257 = CARTESIAN_POINT('',(-12.67,-11.08179960029,11.006693213953));
#2258 = CARTESIAN_POINT('',(-12.67,-11.10996495753,11.100206653025));
#2259 = CARTESIAN_POINT('',(-12.67,-11.13289564135,11.202573982889));
#2260 = CARTESIAN_POINT('',(-12.67,-11.15163187755,11.311371443742));
#2261 = CARTESIAN_POINT('',(-12.67,-11.16686247927,11.424924084526));
#2262 = CARTESIAN_POINT('',(-12.67,-11.17915674579,11.541980549289));
#2263 = CARTESIAN_POINT('',(-12.67,-11.18895104797,11.661734779219));
#2264 = CARTESIAN_POINT('',(-12.67,-11.19660019732,11.783749160752));
#2265 = CARTESIAN_POINT('',(-12.67,-11.20548628325,11.974893511076));
#2266 = CARTESIAN_POINT('',(-12.67,-11.20804989319,12.042382451295));
#2267 = CARTESIAN_POINT('',(-12.67,-11.21010781033,12.110368638018));
#2268 = CARTESIAN_POINT('',(-12.67,-11.21169685403,12.178800630976));
#2269 = CARTESIAN_POINT('',(-12.67,-11.21284916474,12.247634565624));
#2270 = CARTESIAN_POINT('',(-12.67,-11.213592993,12.316833400462));
#2271 = CARTESIAN_POINT('',(-12.67,-11.21395348837,12.386366164341));
#2272 = CARTESIAN_POINT('',(-12.67,-11.21395348837,12.456207203779));
#2273 = ORIENTED_EDGE('',*,*,#2016,.T.);
#2274 = ORIENTED_EDGE('',*,*,#1633,.T.);
#2275 = ORIENTED_EDGE('',*,*,#2237,.F.);
#2276 = SURFACE_OF_LINEAR_EXTRUSION('',#2277,#2281);
#2277 = B_SPLINE_CURVE_WITH_KNOTS('',2,(#2278,#2279,#2280),
  .UNSPECIFIED.,.F.,.F.,(3,3),(0.,1.),.PIECEWISE_BEZIER_KNOTS.);
#2278 = CARTESIAN_POINT('',(-13.25,-11.21395348837,12.456207203779));
#2279 = CARTESIAN_POINT('',(-13.25,-11.21395348837,11.445465016279));
#2280 = CARTESIAN_POINT('',(-13.25,-11.08179960029,11.006693213953));
#2281 = VECTOR('',#2282,1.);
#2282 = DIRECTION('',(-1.,-1.110223024625E-16,-1.232595164408E-32));
#2283 = ADVANCED_FACE('',(#2284),#2303,.F.);
#2284 = FACE_BOUND('',#2285,.F.);
#2285 = EDGE_LOOP('',(#2286,#2295,#2301,#2302));
#2286 = ORIENTED_EDGE('',*,*,#2287,.F.);
#2287 = EDGE_CURVE('',#2288,#2288,#2290,.T.);
#2288 = VERTEX_POINT('',#2289);
#2289 = CARTESIAN_POINT('',(-3.47,-0.5,48.56));
#2290 = CIRCLE('',#2291,2.);
#2291 = AXIS2_PLACEMENT_3D('',#2292,#2293,#2294);
#2292 = CARTESIAN_POINT('',(-3.47,-2.5,48.56));
#2293 = DIRECTION('',(1.,0.,-0.));
#2294 = DIRECTION('',(0.,1.,2.22044604925E-16));
#2295 = ORIENTED_EDGE('',*,*,#2296,.F.);
#2296 = EDGE_CURVE('',#1648,#2288,#2297,.T.);
#2297 = LINE('',#2298,#2299);
#2298 = CARTESIAN_POINT('',(-9.97,-0.5,48.56));
#2299 = VECTOR('',#2300,1.);
#2300 = DIRECTION('',(1.,0.,0.));
#2301 = ORIENTED_EDGE('',*,*,#1647,.T.);
#2302 = ORIENTED_EDGE('',*,*,#2296,.T.);
#2303 = CYLINDRICAL_SURFACE('',#2304,2.);
#2304 = AXIS2_PLACEMENT_3D('',#2305,#2306,#2307);
#2305 = CARTESIAN_POINT('',(-9.97,-2.5,48.56));
#2306 = DIRECTION('',(1.,0.,0.));
#2307 = DIRECTION('',(0.,1.,2.22044604925E-16));
#2308 = ADVANCED_FACE('',(#2309),#2328,.F.);
#2309 = FACE_BOUND('',#2310,.F.);
#2310 = EDGE_LOOP('',(#2311,#2320,#2326,#2327));
#2311 = ORIENTED_EDGE('',*,*,#2312,.F.);
#2312 = EDGE_CURVE('',#2313,#2313,#2315,.T.);
#2313 = VERTEX_POINT('',#2314);
#2314 = CARTESIAN_POINT('',(-3.47,10.,48.56));
#2315 = CIRCLE('',#2316,2.);
#2316 = AXIS2_PLACEMENT_3D('',#2317,#2318,#2319);
#2317 = CARTESIAN_POINT('',(-3.47,8.,48.56));
#2318 = DIRECTION('',(1.,0.,-0.));
#2319 = DIRECTION('',(0.,1.,2.22044604925E-16));
#2320 = ORIENTED_EDGE('',*,*,#2321,.F.);
#2321 = EDGE_CURVE('',#1668,#2313,#2322,.T.);
#2322 = LINE('',#2323,#2324);
#2323 = CARTESIAN_POINT('',(-9.97,10.,48.56));
#2324 = VECTOR('',#2325,1.);
#2325 = DIRECTION('',(1.,0.,0.));
#2326 = ORIENTED_EDGE('',*,*,#1667,.T.);
#2327 = ORIENTED_EDGE('',*,*,#2321,.T.);
#2328 = CYLINDRICAL_SURFACE('',#2329,2.);
#2329 = AXIS2_PLACEMENT_3D('',#2330,#2331,#2332);
#2330 = CARTESIAN_POINT('',(-9.97,8.,48.56));
#2331 = DIRECTION('',(1.,0.,0.));
#2332 = DIRECTION('',(0.,1.,2.22044604925E-16));
#2333 = ADVANCED_FACE('',(#2334),#2346,.F.);
#2334 = FACE_BOUND('',#2335,.F.);
#2335 = EDGE_LOOP('',(#2336,#2337,#2338,#2339,#2340,#2341,#2342,#2343,
    #2344,#2345));
#2336 = ORIENTED_EDGE('',*,*,#1687,.F.);
#2337 = ORIENTED_EDGE('',*,*,#1969,.F.);
#2338 = ORIENTED_EDGE('',*,*,#1939,.F.);
#2339 = ORIENTED_EDGE('',*,*,#1906,.F.);
#2340 = ORIENTED_EDGE('',*,*,#1873,.F.);
#2341 = ORIENTED_EDGE('',*,*,#1838,.F.);
#2342 = ORIENTED_EDGE('',*,*,#1805,.F.);
#2343 = ORIENTED_EDGE('',*,*,#1766,.F.);
#2344 = ORIENTED_EDGE('',*,*,#1742,.F.);
#2345 = ORIENTED_EDGE('',*,*,#1718,.F.);
#2346 = PLANE('',#2347);
#2347 = AXIS2_PLACEMENT_3D('',#2348,#2349,#2350);
#2348 = CARTESIAN_POINT('',(-12.67,-26.5,63.56));
#2349 = DIRECTION('',(1.,0.,-0.));
#2350 = DIRECTION('',(0.,1.,2.22044604925E-16));
#2351 = ADVANCED_FACE('',(#2352),#2363,.F.);
#2352 = FACE_BOUND('',#2353,.F.);
#2353 = EDGE_LOOP('',(#2354,#2355,#2356,#2357,#2358,#2359,#2360,#2361,
    #2362));
#2354 = ORIENTED_EDGE('',*,*,#1999,.F.);
#2355 = ORIENTED_EDGE('',*,*,#2255,.F.);
#2356 = ORIENTED_EDGE('',*,*,#2218,.F.);
#2357 = ORIENTED_EDGE('',*,*,#2185,.F.);
#2358 = ORIENTED_EDGE('',*,*,#2150,.F.);
#2359 = ORIENTED_EDGE('',*,*,#2117,.F.);
#2360 = ORIENTED_EDGE('',*,*,#2078,.F.);
#2361 = ORIENTED_EDGE('',*,*,#2054,.F.);
#2362 = ORIENTED_EDGE('',*,*,#2030,.F.);
#2363 = PLANE('',#2364);
#2364 = AXIS2_PLACEMENT_3D('',#2365,#2366,#2367);
#2365 = CARTESIAN_POINT('',(-12.67,-26.5,63.56));
#2366 = DIRECTION('',(1.,0.,-0.));
#2367 = DIRECTION('',(0.,1.,2.22044604925E-16));
#2368 = ADVANCED_FACE('',(#2369),#2372,.F.);
#2369 = FACE_BOUND('',#2370,.F.);
#2370 = EDGE_LOOP('',(#2371));
#2371 = ORIENTED_EDGE('',*,*,#2287,.T.);
#2372 = PLANE('',#2373);
#2373 = AXIS2_PLACEMENT_3D('',#2374,#2375,#2376);
#2374 = CARTESIAN_POINT('',(-3.47,-2.5,48.56));
#2375 = DIRECTION('',(1.,0.,0.));
#2376 = DIRECTION('',(0.,1.,2.22044604925E-16));
#2377 = ADVANCED_FACE('',(#2378),#2381,.F.);
#2378 = FACE_BOUND('',#2379,.F.);
#2379 = EDGE_LOOP('',(#2380));
#2380 = ORIENTED_EDGE('',*,*,#2312,.T.);
#2381 = PLANE('',#2382);
#2382 = AXIS2_PLACEMENT_3D('',#2383,#2384,#2385);
#2383 = CARTESIAN_POINT('',(-3.47,8.,48.56));
#2384 = DIRECTION('',(1.,0.,0.));
#2385 = DIRECTION('',(0.,1.,2.22044604925E-16));
#2386 = ( GEOMETRIC_REPRESENTATION_CONTEXT(3) 
GLOBAL_UNCERTAINTY_ASSIGNED_CONTEXT((#2390)) 
GLOBAL_UNIT_ASSIGNED_CONTEXT((#2387,#2388,#2389)) REPRESENTATION_CONTEXT
('Context #1','3D Context with UNIT and UNCERTAINTY') );
#2387 = ( LENGTH_UNIT() NAMED_UNIT(*) SI_UNIT(.MILLI.,.METRE.) );
#2388 = ( NAMED_UNIT(*) PLANE_ANGLE_UNIT() SI_UNIT($,.RADIAN.) );
#2389 = ( NAMED_UNIT(*) SI_UNIT($,.STERADIAN.) SOLID_ANGLE_UNIT() );
#2390 = UNCERTAINTY_MEASURE_WITH_UNIT(LENGTH_MEASURE(1.E-06),#2387,
  'distance_accuracy_value','confusion accuracy');
#2391 = PRODUCT_RELATED_PRODUCT_CATEGORY('part',$,(#7));
ENDSEC;
END-ISO-10303-21;
