ISO-10303-21;
HEADER;
FILE_DESCRIPTION(('FreeCAD Model'),'2;1');
FILE_NAME('Open CASCADE Shape Model','2026-09-24T22:26:39',('FreeCAD'),(
    'FreeCAD'),'Open CASCADE STEP processor 7.8','FreeCAD','Unknown');
FILE_SCHEMA(('AUTOMOTIVE_DESIGN { 1 0 10303 214 1 1 1 1 }'));
ENDSEC;
DATA;
#1 = APPLICATION_PROTOCOL_DEFINITION('international standard',
  'automotive_design',2000,#2);
#2 = APPLICATION_CONTEXT(
  'core data for automotive mechanical design processes');
#3 = SHAPE_DEFINITION_REPRESENTATION(#4,#10);
#4 = PRODUCT_DEFINITION_SHAPE('','',#5);
#5 = PRODUCT_DEFINITION('design','',#6,#9);
#6 = PRODUCT_DEFINITION_FORMATION('','',#7);
#7 = PRODUCT('Open CASCADE STEP translator 7.8 5',
  'Open CASCADE STEP translator 7.8 5','',(#8));
#8 = PRODUCT_CONTEXT('',#2,'mechanical');
#9 = PRODUCT_DEFINITION_CONTEXT('part definition',#2,'design');
#10 = ADVANCED_BREP_SHAPE_REPRESENTATION('',(#11,#15),#3157);
#11 = AXIS2_PLACEMENT_3D('',#12,#13,#14);
#12 = CARTESIAN_POINT('',(0.,0.,0.));
#13 = DIRECTION('',(0.,0.,1.));
#14 = DIRECTION('',(1.,0.,-0.));
#15 = MANIFOLD_SOLID_BREP('',#16);
#16 = CLOSED_SHELL('',(#17,#68,#121,#161,#202,#235,#269,#286,#311,#336,
    #370,#1154,#1174,#1205,#1231,#1257,#1283,#1309,#1335,#1361,#1387,
    #1413,#1439,#1465,#1491,#1517,#1543,#1567,#1593,#1619,#1645,#1671,
    #1697,#1723,#1749,#1773,#1799,#1825,#1851,#1877,#1903,#1929,#1948,
    #1979,#2003,#2029,#2055,#2081,#2107,#2133,#2159,#2185,#2211,#2237,
    #2263,#2289,#2306,#2344,#2522,#2553,#2577,#2601,#2640,#2673,#2708,
    #2741,#2774,#2804,#2834,#2865,#2889,#2913,#2952,#2985,#3020,#3053,
    #3090,#3122,#3140));
#17 = ADVANCED_FACE('',(#18,#52),#63,.F.);
#18 = FACE_BOUND('',#19,.F.);
#19 = EDGE_LOOP('',(#20,#30,#38,#46));
#20 = ORIENTED_EDGE('',*,*,#21,.F.);
#21 = EDGE_CURVE('',#22,#24,#26,.T.);
#22 = VERTEX_POINT('',#23);
#23 = CARTESIAN_POINT('',(2.375,-18.5,3.));
#24 = VERTEX_POINT('',#25);
#25 = CARTESIAN_POINT('',(2.375,18.5,3.));
#26 = LINE('',#27,#28);
#27 = CARTESIAN_POINT('',(2.375,-23.5,3.));
#28 = VECTOR('',#29,1.);
#29 = DIRECTION('',(0.,1.,2.22044604925E-16));
#30 = ORIENTED_EDGE('',*,*,#31,.F.);
#31 = EDGE_CURVE('',#32,#22,#34,.T.);
#32 = VERTEX_POINT('',#33);
#33 = CARTESIAN_POINT('',(-4.285,-18.5,3.));
#34 = LINE('',#35,#36);
#35 = CARTESIAN_POINT('',(-107.615,-18.5,3.));
#36 = VECTOR('',#37,1.);
#37 = DIRECTION('',(1.,0.,-0.));
#38 = ORIENTED_EDGE('',*,*,#39,.F.);
#39 = EDGE_CURVE('',#40,#32,#42,.T.);
#40 = VERTEX_POINT('',#41);
#41 = CARTESIAN_POINT('',(-4.285,18.5,3.));
#42 = LINE('',#43,#44);
#43 = CARTESIAN_POINT('',(-4.285,-21.,3.));
#44 = VECTOR('',#45,1.);
#45 = DIRECTION('',(-0.,-1.,-2.22044604925E-16));
#46 = ORIENTED_EDGE('',*,*,#47,.T.);
#47 = EDGE_CURVE('',#40,#24,#48,.T.);
#48 = LINE('',#49,#50);
#49 = CARTESIAN_POINT('',(-107.615,18.5,3.));
#50 = VECTOR('',#51,1.);
#51 = DIRECTION('',(1.,0.,-0.));
#52 = FACE_BOUND('',#53,.F.);
#53 = EDGE_LOOP('',(#54));
#54 = ORIENTED_EDGE('',*,*,#55,.F.);
#55 = EDGE_CURVE('',#56,#56,#58,.T.);
#56 = VERTEX_POINT('',#57);
#57 = CARTESIAN_POINT('',(-2.125,-6.8,3.));
#58 = CIRCLE('',#59,1.7);
#59 = AXIS2_PLACEMENT_3D('',#60,#61,#62);
#60 = CARTESIAN_POINT('',(-2.125,-8.5,3.));
#61 = DIRECTION('',(-0.,2.22044604925E-16,-1.));
#62 = DIRECTION('',(0.,1.,2.22044604925E-16));
#63 = PLANE('',#64);
#64 = AXIS2_PLACEMENT_3D('',#65,#66,#67);
#65 = CARTESIAN_POINT('',(-210.945,-23.5,3.));
#66 = DIRECTION('',(0.,2.22044604925E-16,-1.));
#67 = DIRECTION('',(0.,1.,2.22044604925E-16));
#68 = ADVANCED_FACE('',(#69,#94,#105),#116,.F.);
#69 = FACE_BOUND('',#70,.F.);
#70 = EDGE_LOOP('',(#71,#79,#87,#93));
#71 = ORIENTED_EDGE('',*,*,#72,.T.);
#72 = EDGE_CURVE('',#24,#73,#75,.T.);
#73 = VERTEX_POINT('',#74);
#74 = CARTESIAN_POINT('',(2.375,18.5,51.56));
#75 = LINE('',#76,#77);
#76 = CARTESIAN_POINT('',(2.375,18.5,136.06));
#77 = VECTOR('',#78,1.);
#78 = DIRECTION('',(0.,-2.22044604925E-16,1.));
#79 = ORIENTED_EDGE('',*,*,#80,.T.);
#80 = EDGE_CURVE('',#73,#81,#83,.T.);
#81 = VERTEX_POINT('',#82);
#82 = CARTESIAN_POINT('',(2.375,-18.5,51.56));
#83 = LINE('',#84,#85);
#84 = CARTESIAN_POINT('',(2.375,-25.,51.56));
#85 = VECTOR('',#86,1.);
#86 = DIRECTION('',(-0.,-1.,-2.22044604925E-16));
#87 = ORIENTED_EDGE('',*,*,#88,.F.);
#88 = EDGE_CURVE('',#22,#81,#89,.T.);
#89 = LINE('',#90,#91);
#90 = CARTESIAN_POINT('',(2.375,-18.5,136.06));
#91 = VECTOR('',#92,1.);
#92 = DIRECTION('',(0.,-2.22044604925E-16,1.));
#93 = ORIENTED_EDGE('',*,*,#21,.T.);
#94 = FACE_BOUND('',#95,.F.);
#95 = EDGE_LOOP('',(#96));
#96 = ORIENTED_EDGE('',*,*,#97,.F.);
#97 = EDGE_CURVE('',#98,#98,#100,.T.);
#98 = VERTEX_POINT('',#99);
#99 = CARTESIAN_POINT('',(2.375,-0.8,36.56));
#100 = CIRCLE('',#101,1.7);
#101 = AXIS2_PLACEMENT_3D('',#102,#103,#104);
#102 = CARTESIAN_POINT('',(2.375,-2.5,36.56));
#103 = DIRECTION('',(1.,0.,-0.));
#104 = DIRECTION('',(0.,1.,2.22044604925E-16));
#105 = FACE_BOUND('',#106,.F.);
#106 = EDGE_LOOP('',(#107));
#107 = ORIENTED_EDGE('',*,*,#108,.F.);
#108 = EDGE_CURVE('',#109,#109,#111,.T.);
#109 = VERTEX_POINT('',#110);
#110 = CARTESIAN_POINT('',(2.375,9.7,36.56));
#111 = CIRCLE('',#112,1.7);
#112 = AXIS2_PLACEMENT_3D('',#113,#114,#115);
#113 = CARTESIAN_POINT('',(2.375,8.,36.56));
#114 = DIRECTION('',(1.,0.,-0.));
#115 = DIRECTION('',(0.,1.,2.22044604925E-16));
#116 = PLANE('',#117);
#117 = AXIS2_PLACEMENT_3D('',#118,#119,#120);
#118 = CARTESIAN_POINT('',(2.375,-23.5,52.56));
#119 = DIRECTION('',(1.,0.,-0.));
#120 = DIRECTION('',(0.,1.,2.22044604925E-16));
#121 = ADVANCED_FACE('',(#122),#156,.T.);
#122 = FACE_BOUND('',#123,.T.);
#123 = EDGE_LOOP('',(#124,#132,#133,#134,#142,#150));
#124 = ORIENTED_EDGE('',*,*,#125,.F.);
#125 = EDGE_CURVE('',#40,#126,#128,.T.);
#126 = VERTEX_POINT('',#127);
#127 = CARTESIAN_POINT('',(-4.285,18.5,7.105427357601E-15));
#128 = LINE('',#129,#130);
#129 = CARTESIAN_POINT('',(-4.285,18.5,219.56));
#130 = VECTOR('',#131,1.);
#131 = DIRECTION('',(0.,2.22044604925E-16,-1.));
#132 = ORIENTED_EDGE('',*,*,#47,.T.);
#133 = ORIENTED_EDGE('',*,*,#72,.T.);
#134 = ORIENTED_EDGE('',*,*,#135,.T.);
#135 = EDGE_CURVE('',#73,#136,#138,.T.);
#136 = VERTEX_POINT('',#137);
#137 = CARTESIAN_POINT('',(5.375,18.5,51.56));
#138 = LINE('',#139,#140);
#139 = CARTESIAN_POINT('',(-109.115,18.5,51.56));
#140 = VECTOR('',#141,1.);
#141 = DIRECTION('',(1.,0.,-0.));
#142 = ORIENTED_EDGE('',*,*,#143,.F.);
#143 = EDGE_CURVE('',#144,#136,#146,.T.);
#144 = VERTEX_POINT('',#145);
#145 = CARTESIAN_POINT('',(5.375,18.5,7.105427357601E-15));
#146 = LINE('',#147,#148);
#147 = CARTESIAN_POINT('',(5.375,18.5,135.56));
#148 = VECTOR('',#149,1.);
#149 = DIRECTION('',(0.,-2.22044604925E-16,1.));
#150 = ORIENTED_EDGE('',*,*,#151,.F.);
#151 = EDGE_CURVE('',#126,#144,#152,.T.);
#152 = LINE('',#153,#154);
#153 = CARTESIAN_POINT('',(-109.115,18.5,7.105427357601E-15));
#154 = VECTOR('',#155,1.);
#155 = DIRECTION('',(1.,0.,-0.));
#156 = PLANE('',#157);
#157 = AXIS2_PLACEMENT_3D('',#158,#159,#160);
#158 = CARTESIAN_POINT('',(-4.285,18.5,219.56));
#159 = DIRECTION('',(0.,1.,2.22044604925E-16));
#160 = DIRECTION('',(1.,0.,-0.));
#161 = ADVANCED_FACE('',(#162),#197,.F.);
#162 = FACE_BOUND('',#163,.F.);
#163 = EDGE_LOOP('',(#164,#165,#166,#174,#182,#191));
#164 = ORIENTED_EDGE('',*,*,#125,.F.);
#165 = ORIENTED_EDGE('',*,*,#39,.T.);
#166 = ORIENTED_EDGE('',*,*,#167,.T.);
#167 = EDGE_CURVE('',#32,#168,#170,.T.);
#168 = VERTEX_POINT('',#169);
#169 = CARTESIAN_POINT('',(-4.285,-18.5,0.));
#170 = LINE('',#171,#172);
#171 = CARTESIAN_POINT('',(-4.285,-18.5,219.56));
#172 = VECTOR('',#173,1.);
#173 = DIRECTION('',(0.,2.22044604925E-16,-1.));
#174 = ORIENTED_EDGE('',*,*,#175,.F.);
#175 = EDGE_CURVE('',#176,#168,#178,.T.);
#176 = VERTEX_POINT('',#177);
#177 = CARTESIAN_POINT('',(-4.285,-10.92835335155,0.));
#178 = LINE('',#179,#180);
#179 = CARTESIAN_POINT('',(-4.285,-22.5,0.));
#180 = VECTOR('',#181,1.);
#181 = DIRECTION('',(-0.,-1.,-2.22044604925E-16));
#182 = ORIENTED_EDGE('',*,*,#183,.T.);
#183 = EDGE_CURVE('',#176,#184,#186,.T.);
#184 = VERTEX_POINT('',#185);
#185 = CARTESIAN_POINT('',(-4.285,-6.071646648447,7.105427357601E-15));
#186 = HYPERBOLA('',#187,3.62322580645,2.16);
#187 = AXIS2_PLACEMENT_3D('',#188,#189,#190);
#188 = CARTESIAN_POINT('',(-4.285,-8.5,5.451612903223));
#189 = DIRECTION('',(1.,-0.,0.));
#190 = DIRECTION('',(0.,2.22044604925E-16,-1.));
#191 = ORIENTED_EDGE('',*,*,#192,.F.);
#192 = EDGE_CURVE('',#126,#184,#193,.T.);
#193 = LINE('',#194,#195);
#194 = CARTESIAN_POINT('',(-4.285,-22.5,0.));
#195 = VECTOR('',#196,1.);
#196 = DIRECTION('',(-0.,-1.,-2.22044604925E-16));
#197 = PLANE('',#198);
#198 = AXIS2_PLACEMENT_3D('',#199,#200,#201);
#199 = CARTESIAN_POINT('',(-4.285,-18.5,219.56));
#200 = DIRECTION('',(1.,0.,-0.));
#201 = DIRECTION('',(0.,1.,2.22044604925E-16));
#202 = ADVANCED_FACE('',(#203),#230,.F.);
#203 = FACE_BOUND('',#204,.F.);
#204 = EDGE_LOOP('',(#205,#206,#207,#208,#216,#224));
#205 = ORIENTED_EDGE('',*,*,#167,.F.);
#206 = ORIENTED_EDGE('',*,*,#31,.T.);
#207 = ORIENTED_EDGE('',*,*,#88,.T.);
#208 = ORIENTED_EDGE('',*,*,#209,.T.);
#209 = EDGE_CURVE('',#81,#210,#212,.T.);
#210 = VERTEX_POINT('',#211);
#211 = CARTESIAN_POINT('',(5.375,-18.5,51.56));
#212 = LINE('',#213,#214);
#213 = CARTESIAN_POINT('',(-109.115,-18.5,51.56));
#214 = VECTOR('',#215,1.);
#215 = DIRECTION('',(1.,0.,-0.));
#216 = ORIENTED_EDGE('',*,*,#217,.F.);
#217 = EDGE_CURVE('',#218,#210,#220,.T.);
#218 = VERTEX_POINT('',#219);
#219 = CARTESIAN_POINT('',(5.375,-18.5,0.));
#220 = LINE('',#221,#222);
#221 = CARTESIAN_POINT('',(5.375,-18.5,135.56));
#222 = VECTOR('',#223,1.);
#223 = DIRECTION('',(0.,-2.22044604925E-16,1.));
#224 = ORIENTED_EDGE('',*,*,#225,.F.);
#225 = EDGE_CURVE('',#168,#218,#226,.T.);
#226 = LINE('',#227,#228);
#227 = CARTESIAN_POINT('',(-109.115,-18.5,0.));
#228 = VECTOR('',#229,1.);
#229 = DIRECTION('',(1.,0.,-0.));
#230 = PLANE('',#231);
#231 = AXIS2_PLACEMENT_3D('',#232,#233,#234);
#232 = CARTESIAN_POINT('',(-4.285,-18.5,219.56));
#233 = DIRECTION('',(0.,1.,2.22044604925E-16));
#234 = DIRECTION('',(1.,0.,-0.));
#235 = ADVANCED_FACE('',(#236),#264,.F.);
#236 = FACE_BOUND('',#237,.F.);
#237 = EDGE_LOOP('',(#238,#249,#255,#256,#257));
#238 = ORIENTED_EDGE('',*,*,#239,.T.);
#239 = EDGE_CURVE('',#240,#242,#244,.T.);
#240 = VERTEX_POINT('',#241);
#241 = CARTESIAN_POINT('',(-2.125,-10.2,2.6));
#242 = VERTEX_POINT('',#243);
#243 = CARTESIAN_POINT('',(-2.125,-6.8,2.6));
#244 = CIRCLE('',#245,1.7);
#245 = AXIS2_PLACEMENT_3D('',#246,#247,#248);
#246 = CARTESIAN_POINT('',(-2.125,-8.5,2.6));
#247 = DIRECTION('',(0.,-2.22044604925E-16,1.));
#248 = DIRECTION('',(0.,-1.,-2.22044604925E-16));
#249 = ORIENTED_EDGE('',*,*,#250,.F.);
#250 = EDGE_CURVE('',#56,#242,#251,.T.);
#251 = LINE('',#252,#253);
#252 = CARTESIAN_POINT('',(-2.125,-6.8,5.));
#253 = VECTOR('',#254,1.);
#254 = DIRECTION('',(0.,2.22044604925E-16,-1.));
#255 = ORIENTED_EDGE('',*,*,#55,.T.);
#256 = ORIENTED_EDGE('',*,*,#250,.T.);
#257 = ORIENTED_EDGE('',*,*,#258,.T.);
#258 = EDGE_CURVE('',#242,#240,#259,.T.);
#259 = CIRCLE('',#260,1.7);
#260 = AXIS2_PLACEMENT_3D('',#261,#262,#263);
#261 = CARTESIAN_POINT('',(-2.125,-8.5,2.6));
#262 = DIRECTION('',(0.,-2.22044604925E-16,1.));
#263 = DIRECTION('',(0.,-1.,-2.22044604925E-16));
#264 = CYLINDRICAL_SURFACE('',#265,1.7);
#265 = AXIS2_PLACEMENT_3D('',#266,#267,#268);
#266 = CARTESIAN_POINT('',(-2.125,-8.5,5.));
#267 = DIRECTION('',(0.,2.22044604925E-16,-1.));
#268 = DIRECTION('',(0.,1.,2.22044604925E-16));
#269 = ADVANCED_FACE('',(#270),#281,.F.);
#270 = FACE_BOUND('',#271,.F.);
#271 = EDGE_LOOP('',(#272,#273,#279,#280));
#272 = ORIENTED_EDGE('',*,*,#135,.T.);
#273 = ORIENTED_EDGE('',*,*,#274,.F.);
#274 = EDGE_CURVE('',#210,#136,#275,.T.);
#275 = LINE('',#276,#277);
#276 = CARTESIAN_POINT('',(5.375,-26.5,51.56));
#277 = VECTOR('',#278,1.);
#278 = DIRECTION('',(0.,1.,2.22044604925E-16));
#279 = ORIENTED_EDGE('',*,*,#209,.F.);
#280 = ORIENTED_EDGE('',*,*,#80,.F.);
#281 = PLANE('',#282);
#282 = AXIS2_PLACEMENT_3D('',#283,#284,#285);
#283 = CARTESIAN_POINT('',(-213.945,-26.5,51.56));
#284 = DIRECTION('',(0.,2.22044604925E-16,-1.));
#285 = DIRECTION('',(0.,1.,2.22044604925E-16));
#286 = ADVANCED_FACE('',(#287),#306,.F.);
#287 = FACE_BOUND('',#288,.F.);
#288 = EDGE_LOOP('',(#289,#298,#304,#305));
#289 = ORIENTED_EDGE('',*,*,#290,.F.);
#290 = EDGE_CURVE('',#291,#291,#293,.T.);
#291 = VERTEX_POINT('',#292);
#292 = CARTESIAN_POINT('',(5.375,-0.8,36.56));
#293 = CIRCLE('',#294,1.7);
#294 = AXIS2_PLACEMENT_3D('',#295,#296,#297);
#295 = CARTESIAN_POINT('',(5.375,-2.5,36.56));
#296 = DIRECTION('',(1.,0.,-0.));
#297 = DIRECTION('',(0.,1.,2.22044604925E-16));
#298 = ORIENTED_EDGE('',*,*,#299,.F.);
#299 = EDGE_CURVE('',#98,#291,#300,.T.);
#300 = LINE('',#301,#302);
#301 = CARTESIAN_POINT('',(0.375,-0.8,36.56));
#302 = VECTOR('',#303,1.);
#303 = DIRECTION('',(1.,0.,0.));
#304 = ORIENTED_EDGE('',*,*,#97,.T.);
#305 = ORIENTED_EDGE('',*,*,#299,.T.);
#306 = CYLINDRICAL_SURFACE('',#307,1.7);
#307 = AXIS2_PLACEMENT_3D('',#308,#309,#310);
#308 = CARTESIAN_POINT('',(0.375,-2.5,36.56));
#309 = DIRECTION('',(1.,0.,0.));
#310 = DIRECTION('',(0.,1.,2.22044604925E-16));
#311 = ADVANCED_FACE('',(#312),#331,.F.);
#312 = FACE_BOUND('',#313,.F.);
#313 = EDGE_LOOP('',(#314,#323,#329,#330));
#314 = ORIENTED_EDGE('',*,*,#315,.F.);
#315 = EDGE_CURVE('',#316,#316,#318,.T.);
#316 = VERTEX_POINT('',#317);
#317 = CARTESIAN_POINT('',(5.375,9.7,36.56));
#318 = CIRCLE('',#319,1.7);
#319 = AXIS2_PLACEMENT_3D('',#320,#321,#322);
#320 = CARTESIAN_POINT('',(5.375,8.,36.56));
#321 = DIRECTION('',(1.,0.,-0.));
#322 = DIRECTION('',(0.,1.,2.22044604925E-16));
#323 = ORIENTED_EDGE('',*,*,#324,.F.);
#324 = EDGE_CURVE('',#109,#316,#325,.T.);
#325 = LINE('',#326,#327);
#326 = CARTESIAN_POINT('',(0.375,9.7,36.56));
#327 = VECTOR('',#328,1.);
#328 = DIRECTION('',(1.,0.,0.));
#329 = ORIENTED_EDGE('',*,*,#108,.T.);
#330 = ORIENTED_EDGE('',*,*,#324,.T.);
#331 = CYLINDRICAL_SURFACE('',#332,1.7);
#332 = AXIS2_PLACEMENT_3D('',#333,#334,#335);
#333 = CARTESIAN_POINT('',(0.375,8.,36.56));
#334 = DIRECTION('',(1.,0.,0.));
#335 = DIRECTION('',(0.,1.,2.22044604925E-16));
#336 = ADVANCED_FACE('',(#337),#365,.T.);
#337 = FACE_BOUND('',#338,.T.);
#338 = EDGE_LOOP('',(#339,#340,#346,#347,#348,#357,#364));
#339 = ORIENTED_EDGE('',*,*,#151,.T.);
#340 = ORIENTED_EDGE('',*,*,#341,.F.);
#341 = EDGE_CURVE('',#218,#144,#342,.T.);
#342 = LINE('',#343,#344);
#343 = CARTESIAN_POINT('',(5.375,-26.5,0.));
#344 = VECTOR('',#345,1.);
#345 = DIRECTION('',(0.,1.,2.22044604925E-16));
#346 = ORIENTED_EDGE('',*,*,#225,.F.);
#347 = ORIENTED_EDGE('',*,*,#175,.F.);
#348 = ORIENTED_EDGE('',*,*,#349,.T.);
#349 = EDGE_CURVE('',#176,#350,#352,.T.);
#350 = VERTEX_POINT('',#351);
#351 = CARTESIAN_POINT('',(-2.125,-11.75,0.));
#352 = CIRCLE('',#353,3.25);
#353 = AXIS2_PLACEMENT_3D('',#354,#355,#356);
#354 = CARTESIAN_POINT('',(-2.125,-8.5,7.105427357601E-15));
#355 = DIRECTION('',(0.,-2.22044604925E-16,1.));
#356 = DIRECTION('',(0.,-1.,-2.22044604925E-16));
#357 = ORIENTED_EDGE('',*,*,#358,.T.);
#358 = EDGE_CURVE('',#350,#184,#359,.T.);
#359 = CIRCLE('',#360,3.25);
#360 = AXIS2_PLACEMENT_3D('',#361,#362,#363);
#361 = CARTESIAN_POINT('',(-2.125,-8.5,7.105427357601E-15));
#362 = DIRECTION('',(0.,-2.22044604925E-16,1.));
#363 = DIRECTION('',(0.,-1.,-2.22044604925E-16));
#364 = ORIENTED_EDGE('',*,*,#192,.F.);
#365 = PLANE('',#366);
#366 = AXIS2_PLACEMENT_3D('',#367,#368,#369);
#367 = CARTESIAN_POINT('',(-213.945,-26.5,0.));
#368 = DIRECTION('',(0.,2.22044604925E-16,-1.));
#369 = DIRECTION('',(0.,1.,2.22044604925E-16));
#370 = ADVANCED_FACE('',(#371,#377,#935,#1143,#1146),#1149,.T.);
#371 = FACE_BOUND('',#372,.T.);
#372 = EDGE_LOOP('',(#373,#374,#375,#376));
#373 = ORIENTED_EDGE('',*,*,#274,.F.);
#374 = ORIENTED_EDGE('',*,*,#217,.F.);
#375 = ORIENTED_EDGE('',*,*,#341,.T.);
#376 = ORIENTED_EDGE('',*,*,#143,.T.);
#377 = FACE_BOUND('',#378,.T.);
#378 = EDGE_LOOP('',(#379,#389,#412,#431,#454,#473,#492,#511,#523,#531,
    #542,#559,#582,#601,#624,#643,#665,#673,#696,#719,#736,#753,#768,
    #783,#800,#823,#850,#873,#895,#918));
#379 = ORIENTED_EDGE('',*,*,#380,.F.);
#380 = EDGE_CURVE('',#381,#383,#385,.T.);
#381 = VERTEX_POINT('',#382);
#382 = CARTESIAN_POINT('',(5.375,-14.69069767441,7.853441033721));
#383 = VERTEX_POINT('',#384);
#384 = CARTESIAN_POINT('',(5.375,-14.89127906976,9.263778969767));
#385 = LINE('',#386,#387);
#386 = CARTESIAN_POINT('',(5.375,-17.9544566884,30.801746600827));
#387 = VECTOR('',#388,1.);
#388 = DIRECTION('',(0.,-0.140805305644,0.990037305309));
#389 = ORIENTED_EDGE('',*,*,#390,.F.);
#390 = EDGE_CURVE('',#391,#381,#393,.T.);
#391 = VERTEX_POINT('',#392);
#392 = CARTESIAN_POINT('',(5.375,-16.40556413517,7.027087472674));
#393 = B_SPLINE_CURVE_WITH_KNOTS('',5,(#394,#395,#396,#397,#398,#399,
    #400,#401,#402,#403,#404,#405,#406,#407,#408,#409,#410,#411),
  .UNSPECIFIED.,.F.,.F.,(6,4,4,4,6),(0.,0.202084901685,0.416045518717,
    0.654766008115,1.),.UNSPECIFIED.);
#394 = CARTESIAN_POINT('',(5.375,-16.40556413517,7.027087472674));
#395 = CARTESIAN_POINT('',(5.375,-16.35582903761,7.082365188076));
#396 = CARTESIAN_POINT('',(5.375,-16.30287459768,7.135164291924));
#397 = CARTESIAN_POINT('',(5.375,-16.24697823813,7.185426363997));
#398 = CARTESIAN_POINT('',(5.375,-16.18844324678,7.233175091523));
#399 = CARTESIAN_POINT('',(5.375,-16.06307978375,7.326434422526));
#400 = CARTESIAN_POINT('',(5.375,-15.99596611024,7.371648576859));
#401 = CARTESIAN_POINT('',(5.375,-15.92653915844,7.414196295761));
#402 = CARTESIAN_POINT('',(5.375,-15.85510142964,7.454203623318));
#403 = CARTESIAN_POINT('',(5.375,-15.70022483281,7.533763638993));
#404 = CARTESIAN_POINT('',(5.375,-15.61635716572,7.572726320892));
#405 = CARTESIAN_POINT('',(5.375,-15.53063571097,7.608889396532));
#406 = CARTESIAN_POINT('',(5.375,-15.44334122597,7.642450648615));
#407 = CARTESIAN_POINT('',(5.375,-15.22647009023,7.718637030394));
#408 = CARTESIAN_POINT('',(5.375,-15.09541887867,7.758620764405));
#409 = CARTESIAN_POINT('',(5.375,-14.96216307726,7.794112621173));
#410 = CARTESIAN_POINT('',(5.375,-14.82715908622,7.825585653349));
#411 = CARTESIAN_POINT('',(5.375,-14.69069767441,7.853441033721));
#412 = ORIENTED_EDGE('',*,*,#413,.F.);
#413 = EDGE_CURVE('',#414,#391,#416,.T.);
#414 = VERTEX_POINT('',#415);
#415 = CARTESIAN_POINT('',(5.375,-16.93052325581,5.604735546802));
#416 = B_SPLINE_CURVE_WITH_KNOTS('',5,(#417,#418,#419,#420,#421,#422,
    #423,#424,#425,#426,#427,#428,#429,#430),.UNSPECIFIED.,.F.,.F.,(6,4,
    4,6),(0.,0.213244000672,0.630894192003,1.),.UNSPECIFIED.);
#417 = CARTESIAN_POINT('',(5.375,-16.93052325581,5.604735546802));
#418 = CARTESIAN_POINT('',(5.375,-16.93052325581,5.672379495879));
#419 = CARTESIAN_POINT('',(5.375,-16.92838727277,5.739752077133));
#420 = CARTESIAN_POINT('',(5.375,-16.924018953,5.806770252739));
#421 = CARTESIAN_POINT('',(5.375,-16.91732848435,5.873337838934));
#422 = CARTESIAN_POINT('',(5.375,-16.89045771907,6.068632479159));
#423 = CARTESIAN_POINT('',(5.375,-16.86349047952,6.195804549057));
#424 = CARTESIAN_POINT('',(5.375,-16.82682261102,6.319998724786));
#425 = CARTESIAN_POINT('',(5.375,-16.7802452591,6.440339788095));
#426 = CARTESIAN_POINT('',(5.375,-16.67456841229,6.65829787586));
#427 = CARTESIAN_POINT('',(5.375,-16.61754175762,6.756954996609));
#428 = CARTESIAN_POINT('',(5.375,-16.55332381221,6.85147669504));
#429 = CARTESIAN_POINT('',(5.375,-16.48244169151,6.941565972191));
#430 = CARTESIAN_POINT('',(5.375,-16.40556413517,7.027087472674));
#431 = ORIENTED_EDGE('',*,*,#432,.F.);
#432 = EDGE_CURVE('',#433,#414,#435,.T.);
#433 = VERTEX_POINT('',#434);
#434 = CARTESIAN_POINT('',(5.375,-16.24050236191,3.924344013372));
#435 = B_SPLINE_CURVE_WITH_KNOTS('',5,(#436,#437,#438,#439,#440,#441,
    #442,#443,#444,#445,#446,#447,#448,#449,#450,#451,#452,#453),
  .UNSPECIFIED.,.F.,.F.,(6,4,4,4,6),(0.,0.233322894486,0.459395398827,
    0.818628189151,1.),.UNSPECIFIED.);
#436 = CARTESIAN_POINT('',(5.375,-16.24050236191,3.924344013372));
#437 = CARTESIAN_POINT('',(5.375,-16.3028875592,3.986304179033));
#438 = CARTESIAN_POINT('',(5.375,-16.36252647234,4.050620455125));
#439 = CARTESIAN_POINT('',(5.375,-16.4191654276,4.117294376152));
#440 = CARTESIAN_POINT('',(5.375,-16.47255234163,4.186286472728));
#441 = CARTESIAN_POINT('',(5.375,-16.57084005625,4.326481745442));
#442 = CARTESIAN_POINT('',(5.375,-16.61595509113,4.397552475734));
#443 = CARTESIAN_POINT('',(5.375,-16.65761846755,4.470603091399));
#444 = CARTESIAN_POINT('',(5.375,-16.69568069077,4.545494214928));
#445 = CARTESIAN_POINT('',(5.375,-16.78468330104,4.743666363763));
#446 = CARTESIAN_POINT('',(5.375,-16.83001409618,4.869490066225));
#447 = CARTESIAN_POINT('',(5.375,-16.86569129328,4.998725067224));
#448 = CARTESIAN_POINT('',(5.375,-16.89190668649,5.13052581164));
#449 = CARTESIAN_POINT('',(5.375,-16.91785466623,5.331487388009));
#450 = CARTESIAN_POINT('',(5.375,-16.92427368515,5.399359057912));
#451 = CARTESIAN_POINT('',(5.375,-16.92846940044,5.467581289782));
#452 = CARTESIAN_POINT('',(5.375,-16.93052325581,5.536065586401));
#453 = CARTESIAN_POINT('',(5.375,-16.93052325581,5.604735546802));
#454 = ORIENTED_EDGE('',*,*,#455,.F.);
#455 = EDGE_CURVE('',#456,#433,#458,.T.);
#456 = VERTEX_POINT('',#457);
#457 = CARTESIAN_POINT('',(5.375,-14.52981468023,3.238501898547));
#458 = B_SPLINE_CURVE_WITH_KNOTS('',5,(#459,#460,#461,#462,#463,#464,
    #465,#466,#467,#468,#469,#470,#471,#472),.UNSPECIFIED.,.F.,.F.,(6,4,
    4,6),(0.,0.199090405936,0.584255526642,1.),.UNSPECIFIED.);
#459 = CARTESIAN_POINT('',(5.375,-14.52981468023,3.238501898547));
#460 = CARTESIAN_POINT('',(5.375,-14.60639231171,3.238501898547));
#461 = CARTESIAN_POINT('',(5.375,-14.68274532184,3.240917297794));
#462 = CARTESIAN_POINT('',(5.375,-14.75877681655,3.24586605853));
#463 = CARTESIAN_POINT('',(5.375,-14.83437176401,3.253459553704));
#464 = CARTESIAN_POINT('',(5.375,-15.0545506404,3.283760219492));
#465 = CARTESIAN_POINT('',(5.375,-15.19761323032,3.31396461823));
#466 = CARTESIAN_POINT('',(5.375,-15.3375610944,3.355024232847));
#467 = CARTESIAN_POINT('',(5.375,-15.47333376011,3.407199738266));
#468 = CARTESIAN_POINT('',(5.375,-15.74496120676,3.537818276693));
#469 = CARTESIAN_POINT('',(5.375,-15.88002506438,3.618046115617));
#470 = CARTESIAN_POINT('',(5.375,-16.00791435601,3.710114153627));
#471 = CARTESIAN_POINT('',(5.375,-16.12811317049,3.8127199526));
#472 = CARTESIAN_POINT('',(5.375,-16.24050236191,3.924344013372));
#473 = ORIENTED_EDGE('',*,*,#474,.F.);
#474 = EDGE_CURVE('',#475,#456,#477,.T.);
#475 = VERTEX_POINT('',#476);
#476 = CARTESIAN_POINT('',(5.375,-12.92568586482,3.873153969767));
#477 = B_SPLINE_CURVE_WITH_KNOTS('',5,(#478,#479,#480,#481,#482,#483,
    #484,#485,#486,#487,#488,#489,#490,#491),.UNSPECIFIED.,.F.,.F.,(6,4,
    4,6),(0.,0.355715511892,0.774242967647,1.),.UNSPECIFIED.);
#478 = CARTESIAN_POINT('',(5.375,-12.92568586482,3.873153969767));
#479 = CARTESIAN_POINT('',(5.375,-13.01489213505,3.783504988519));
#480 = CARTESIAN_POINT('',(5.375,-13.10977106368,3.700344840535));
#481 = CARTESIAN_POINT('',(5.375,-13.21021489812,3.62455680817));
#482 = CARTESIAN_POINT('',(5.375,-13.31588878842,3.556866524261));
#483 = CARTESIAN_POINT('',(5.375,-13.55575787378,3.42796328758));
#484 = CARTESIAN_POINT('',(5.375,-13.69174535533,3.369977580359));
#485 = CARTESIAN_POINT('',(5.375,-13.83290374108,3.324317676609));
#486 = CARTESIAN_POINT('',(5.375,-13.97792575133,3.290626130693));
#487 = CARTESIAN_POINT('',(5.375,-14.20519636342,3.255968046425));
#488 = CARTESIAN_POINT('',(5.375,-14.28560556112,3.24707402879));
#489 = CARTESIAN_POINT('',(5.375,-14.3666100069,3.241304900672));
#490 = CARTESIAN_POINT('',(5.375,-14.4480549778,3.238501898547));
#491 = CARTESIAN_POINT('',(5.375,-14.52981468023,3.238501898547));
#492 = ORIENTED_EDGE('',*,*,#493,.F.);
#493 = EDGE_CURVE('',#494,#475,#496,.T.);
#494 = VERTEX_POINT('',#495);
#495 = CARTESIAN_POINT('',(5.375,-12.2941678779,5.487207385465));
#496 = B_SPLINE_CURVE_WITH_KNOTS('',5,(#497,#498,#499,#500,#501,#502,
    #503,#504,#505,#506,#507,#508,#509,#510),.UNSPECIFIED.,.F.,.F.,(6,4,
    4,6),(0.,0.231307456909,0.657643777375,1.),.UNSPECIFIED.);
#497 = CARTESIAN_POINT('',(5.375,-12.2941678779,5.487207385465));
#498 = CARTESIAN_POINT('',(5.375,-12.2941678779,5.40304170477));
#499 = CARTESIAN_POINT('',(5.375,-12.29708276942,5.319204852831));
#500 = CARTESIAN_POINT('',(5.375,-12.3030870937,5.235829770023));
#501 = CARTESIAN_POINT('',(5.375,-12.31235171342,5.153081201005));
#502 = CARTESIAN_POINT('',(5.375,-12.34834648321,4.920137493651));
#503 = CARTESIAN_POINT('',(5.375,-12.38322435178,4.771852092228));
#504 = CARTESIAN_POINT('',(5.375,-12.43048364452,4.627610913614));
#505 = CARTESIAN_POINT('',(5.375,-12.49050979104,4.488796595101));
#506 = CARTESIAN_POINT('',(5.375,-12.62054156417,4.25048386135));
#507 = CARTESIAN_POINT('',(5.375,-12.68627027547,4.148593836454));
#508 = CARTESIAN_POINT('',(5.375,-12.75948360411,4.051569318247));
#509 = CARTESIAN_POINT('',(5.375,-12.83954812777,3.95971918938));
#510 = CARTESIAN_POINT('',(5.375,-12.92568586482,3.873153969767));
#511 = ORIENTED_EDGE('',*,*,#512,.F.);
#512 = EDGE_CURVE('',#513,#494,#515,.T.);
#513 = VERTEX_POINT('',#514);
#514 = CARTESIAN_POINT('',(5.375,-12.45087209302,6.482279151453));
#515 = B_SPLINE_CURVE_WITH_KNOTS('',6,(#516,#517,#518,#519,#520,#521,
    #522),.UNSPECIFIED.,.F.,.F.,(7,7),(0.,1.),.PIECEWISE_BEZIER_KNOTS.);
#516 = CARTESIAN_POINT('',(5.375,-12.45087209302,6.482279151453));
#517 = CARTESIAN_POINT('',(5.375,-12.40397691531,6.304077476142));
#518 = CARTESIAN_POINT('',(5.375,-12.36363605846,6.129311417813));
#519 = CARTESIAN_POINT('',(5.375,-12.33086896978,5.958645350182));
#520 = CARTESIAN_POINT('',(5.375,-12.30710053635,5.793369383094));
#521 = CARTESIAN_POINT('',(5.375,-12.2941678779,5.635405556889));
#522 = CARTESIAN_POINT('',(5.375,-12.2941678779,5.487207385465));
#523 = ORIENTED_EDGE('',*,*,#524,.F.);
#524 = EDGE_CURVE('',#525,#513,#527,.T.);
#525 = VERTEX_POINT('',#526);
#526 = CARTESIAN_POINT('',(5.375,-11.21395348837,6.325574936337));
#527 = LINE('',#528,#529);
#528 = CARTESIAN_POINT('',(5.375,-22.17479556224,7.714195131507));
#529 = VECTOR('',#530,1.);
#530 = DIRECTION('',(0.,-0.992070253236,0.125684576001));
#531 = ORIENTED_EDGE('',*,*,#532,.F.);
#532 = EDGE_CURVE('',#533,#525,#535,.T.);
#533 = VERTEX_POINT('',#534);
#534 = CARTESIAN_POINT('',(5.375,-11.22962390988,6.098353824419));
#535 = B_SPLINE_CURVE_WITH_KNOTS('',5,(#536,#537,#538,#539,#540,#541),
  .UNSPECIFIED.,.F.,.F.,(6,6),(0.,1.),.PIECEWISE_BEZIER_KNOTS.);
#536 = CARTESIAN_POINT('',(5.375,-11.22962390988,6.098353824419));
#537 = CARTESIAN_POINT('',(5.375,-11.22962390988,6.13321485831));
#538 = CARTESIAN_POINT('',(5.375,-11.22802156768,6.173522375947));
#539 = CARTESIAN_POINT('',(5.375,-11.22484663362,6.219138331193));
#540 = CARTESIAN_POINT('',(5.375,-11.22014097355,6.26988756974));
#541 = CARTESIAN_POINT('',(5.375,-11.21395348837,6.325574936337));
#542 = ORIENTED_EDGE('',*,*,#543,.F.);
#543 = EDGE_CURVE('',#544,#533,#546,.T.);
#544 = VERTEX_POINT('',#545);
#545 = CARTESIAN_POINT('',(5.375,-10.75794422238,4.476465197965));
#546 = B_SPLINE_CURVE_WITH_KNOTS('',6,(#547,#548,#549,#550,#551,#552,
    #553,#554,#555,#556,#557,#558),.UNSPECIFIED.,.F.,.F.,(7,5,7),(0.,
    0.360295666197,1.),.UNSPECIFIED.);
#547 = CARTESIAN_POINT('',(5.375,-10.75794422238,4.476465197965));
#548 = CARTESIAN_POINT('',(5.375,-10.81436776031,4.562693860584));
#549 = CARTESIAN_POINT('',(5.375,-10.86712182178,4.651050831198));
#550 = CARTESIAN_POINT('',(5.375,-10.9160188371,4.741445065396));
#551 = CARTESIAN_POINT('',(5.375,-10.96090434915,4.833760176195));
#552 = CARTESIAN_POINT('',(5.375,-11.00166406621,4.927851083931));
#553 = CARTESIAN_POINT('',(5.375,-11.10315529128,5.193437354303));
#554 = CARTESIAN_POINT('',(5.375,-11.15487899992,5.368417853881));
#555 = CARTESIAN_POINT('',(5.375,-11.19299034893,5.547437155897));
#556 = CARTESIAN_POINT('',(5.375,-11.21769857009,5.72943649449));
#557 = CARTESIAN_POINT('',(5.375,-11.22962390988,5.913391462618));
#558 = CARTESIAN_POINT('',(5.375,-11.22962390988,6.098353824419));
#559 = ORIENTED_EDGE('',*,*,#560,.F.);
#560 = EDGE_CURVE('',#561,#544,#563,.T.);
#561 = VERTEX_POINT('',#562);
#562 = CARTESIAN_POINT('',(5.375,-9.303729106105,3.75562580843));
#563 = B_SPLINE_CURVE_WITH_KNOTS('',5,(#564,#565,#566,#567,#568,#569,
    #570,#571,#572,#573,#574,#575,#576,#577,#578,#579,#580,#581),
  .UNSPECIFIED.,.F.,.F.,(6,4,4,4,6),(0.,0.250263866448,0.383195526924,
    0.651609814576,1.),.UNSPECIFIED.);
#564 = CARTESIAN_POINT('',(5.375,-9.303729106105,3.75562580843));
#565 = CARTESIAN_POINT('',(5.375,-9.391675887948,3.75562580843));
#566 = CARTESIAN_POINT('',(5.375,-9.479095053959,3.759235675491));
#567 = CARTESIAN_POINT('',(5.375,-9.56577091935,3.766787252866));
#568 = CARTESIAN_POINT('',(5.375,-9.65139415942,3.778640937403));
#569 = CARTESIAN_POINT('',(5.375,-9.780301664017,3.803836507887));
#570 = CARTESIAN_POINT('',(5.375,-9.824614956419,3.813874663853));
#571 = CARTESIAN_POINT('',(5.375,-9.868464325434,3.825256083674));
#572 = CARTESIAN_POINT('',(5.375,-9.911786317746,3.838017443461));
#573 = CARTESIAN_POINT('',(5.375,-10.04078583412,3.880796728561));
#574 = CARTESIAN_POINT('',(5.375,-10.12464589286,3.9151499932));
#575 = CARTESIAN_POINT('',(5.375,-10.20549999999,3.955456534256));
#576 = CARTESIAN_POINT('',(5.375,-10.28278669184,4.001732825702));
#577 = CARTESIAN_POINT('',(5.375,-10.45115841059,4.121050350108));
#578 = CARTESIAN_POINT('',(5.375,-10.53953719159,4.197989672078));
#579 = CARTESIAN_POINT('',(5.375,-10.62016858744,4.283761393759));
#580 = CARTESIAN_POINT('',(5.375,-10.69289426403,4.377053301489));
#581 = CARTESIAN_POINT('',(5.375,-10.75794422238,4.476465197965));
#582 = ORIENTED_EDGE('',*,*,#583,.F.);
#583 = EDGE_CURVE('',#584,#561,#586,.T.);
#584 = VERTEX_POINT('',#585);
#585 = CARTESIAN_POINT('',(5.375,-8.014575763081,4.28058492907));
#586 = B_SPLINE_CURVE_WITH_KNOTS('',5,(#587,#588,#589,#590,#591,#592,
    #593,#594,#595,#596,#597,#598,#599,#600),.UNSPECIFIED.,.F.,.F.,(6,4,
    4,6),(0.,0.396423979524,0.794854376028,1.),.UNSPECIFIED.);
#587 = CARTESIAN_POINT('',(5.375,-8.014575763081,4.28058492907));
#588 = CARTESIAN_POINT('',(5.375,-8.09435413096,4.198604090912));
#589 = CARTESIAN_POINT('',(5.375,-8.179601465053,4.123194085646));
#590 = CARTESIAN_POINT('',(5.375,-8.270240721054,4.055284215399));
#591 = CARTESIAN_POINT('',(5.375,-8.365959779096,3.995638348061));
#592 = CARTESIAN_POINT('',(5.375,-8.566648919495,3.893325571885));
#593 = CARTESIAN_POINT('',(5.375,-8.671696574154,3.850729201807));
#594 = CARTESIAN_POINT('',(5.375,-8.780480751297,3.817193315599));
#595 = CARTESIAN_POINT('',(5.375,-8.892187553454,3.79251679727));
#596 = CARTESIAN_POINT('',(5.375,-9.064612450879,3.76780828702));
#597 = CARTESIAN_POINT('',(5.375,-9.123783725643,3.761627209284));
#598 = CARTESIAN_POINT('',(5.375,-9.183419611084,3.757595372938));
#599 = CARTESIAN_POINT('',(5.375,-9.243427878333,3.75562580843));
#600 = CARTESIAN_POINT('',(5.375,-9.303729106105,3.75562580843));
#601 = ORIENTED_EDGE('',*,*,#602,.F.);
#602 = EDGE_CURVE('',#603,#584,#605,.T.);
#603 = VERTEX_POINT('',#604);
#604 = CARTESIAN_POINT('',(5.375,-7.503197674419,5.636076389826));
#605 = B_SPLINE_CURVE_WITH_KNOTS('',5,(#606,#607,#608,#609,#610,#611,
    #612,#613,#614,#615,#616,#617,#618,#619,#620,#621,#622,#623),
  .UNSPECIFIED.,.F.,.F.,(6,4,4,4,6),(0.,0.257049188198,0.492118361638,
    0.72139307436,1.),.UNSPECIFIED.);
#606 = CARTESIAN_POINT('',(5.375,-7.503197674419,5.636076389826));
#607 = CARTESIAN_POINT('',(5.375,-7.503197674419,5.557116535898));
#608 = CARTESIAN_POINT('',(5.375,-7.506086567861,5.478615816542));
#609 = CARTESIAN_POINT('',(5.375,-7.512049374186,5.400716510115));
#610 = CARTESIAN_POINT('',(5.375,-7.521269619022,5.323595818663));
#611 = CARTESIAN_POINT('',(5.375,-7.545437244556,5.177829836426));
#612 = CARTESIAN_POINT('',(5.375,-7.559827587162,5.109022927066));
#613 = CARTESIAN_POINT('',(5.375,-7.577174850827,5.041195508919));
#614 = CARTESIAN_POINT('',(5.375,-7.597562664886,4.974519424791));
#615 = CARTESIAN_POINT('',(5.375,-7.643897503402,4.845430280715));
#616 = CARTESIAN_POINT('',(5.375,-7.669695912941,4.782950300953));
#617 = CARTESIAN_POINT('',(5.375,-7.698440053468,4.721893969989));
#618 = CARTESIAN_POINT('',(5.375,-7.730109658114,4.662411278625));
#619 = CARTESIAN_POINT('',(5.375,-7.806571176039,4.534420147256));
#620 = CARTESIAN_POINT('',(5.375,-7.852723666926,4.466717993973));
#621 = CARTESIAN_POINT('',(5.375,-7.902944422707,4.401761953745));
#622 = CARTESIAN_POINT('',(5.375,-7.956995886318,4.339693995614));
#623 = CARTESIAN_POINT('',(5.375,-8.014575763081,4.28058492907));
#624 = ORIENTED_EDGE('',*,*,#625,.F.);
#625 = EDGE_CURVE('',#626,#603,#628,.T.);
#626 = VERTEX_POINT('',#627);
#627 = CARTESIAN_POINT('',(5.375,-8.02136627907,7.007238272093));
#628 = B_SPLINE_CURVE_WITH_KNOTS('',5,(#629,#630,#631,#632,#633,#634,
    #635,#636,#637,#638,#639,#640,#641,#642),.UNSPECIFIED.,.F.,.F.,(6,4,
    4,6),(0.,0.339089235256,0.772110361434,1.),.UNSPECIFIED.);
#629 = CARTESIAN_POINT('',(5.375,-8.02136627907,7.007238272093));
#630 = CARTESIAN_POINT('',(5.375,-7.95125769336,6.933030595687));
#631 = CARTESIAN_POINT('',(5.375,-7.886215925155,6.854773161646));
#632 = CARTESIAN_POINT('',(5.375,-7.826775847321,6.772569274843));
#633 = CARTESIAN_POINT('',(5.375,-7.773358851646,6.686652103803));
#634 = CARTESIAN_POINT('',(5.375,-7.66594176937,6.48352178465));
#635 = CARTESIAN_POINT('',(5.375,-7.615861023434,6.36419756925));
#636 = CARTESIAN_POINT('',(5.375,-7.576423497936,6.240365216101));
#637 = CARTESIAN_POINT('',(5.375,-7.547361471496,6.113051854885));
#638 = CARTESIAN_POINT('',(5.375,-7.517886117586,5.914961407133));
#639 = CARTESIAN_POINT('',(5.375,-7.510421766437,5.845963372525));
#640 = CARTESIAN_POINT('',(5.375,-7.505564706869,5.776406240503));
#641 = CARTESIAN_POINT('',(5.375,-7.503197674419,5.706410169777));
#642 = CARTESIAN_POINT('',(5.375,-7.503197674419,5.636076389826));
#643 = ORIENTED_EDGE('',*,*,#644,.F.);
#644 = EDGE_CURVE('',#645,#626,#647,.T.);
#645 = VERTEX_POINT('',#646);
#646 = CARTESIAN_POINT('',(5.375,-9.575872093023,7.712407240116));
#647 = B_SPLINE_CURVE_WITH_KNOTS('',6,(#648,#649,#650,#651,#652,#653,
    #654,#655,#656,#657,#658,#659,#660,#661,#662,#663,#664),
  .UNSPECIFIED.,.F.,.F.,(7,5,5,7),(0.,0.485993420828,0.749189227195,1.),
  .UNSPECIFIED.);
#648 = CARTESIAN_POINT('',(5.375,-9.575872093023,7.712407240116));
#649 = CARTESIAN_POINT('',(5.375,-9.430741559976,7.69046209903));
#650 = CARTESIAN_POINT('',(5.375,-9.287428078682,7.663260012939));
#651 = CARTESIAN_POINT('',(5.375,-9.146325462665,7.630247919922));
#652 = CARTESIAN_POINT('',(5.375,-9.008038288067,7.590806624938));
#653 = CARTESIAN_POINT('',(5.375,-8.873372430987,7.544271586925));
#654 = CARTESIAN_POINT('',(5.375,-8.672832126306,7.46067087436));
#655 = CARTESIAN_POINT('',(5.375,-8.603729701555,7.429046770704));
#656 = CARTESIAN_POINT('',(5.375,-8.536134711656,7.395076947821));
#657 = CARTESIAN_POINT('',(5.375,-8.470225247082,7.35867931387));
#658 = CARTESIAN_POINT('',(5.375,-8.406190896959,7.319792106932));
#659 = CARTESIAN_POINT('',(5.375,-8.285174407129,7.238926638711));
#660 = CARTESIAN_POINT('',(5.375,-8.228000302723,7.197178749687));
#661 = CARTESIAN_POINT('',(5.375,-8.172873266939,7.153118290321));
#662 = CARTESIAN_POINT('',(5.375,-8.119959729693,7.106745854624));
#663 = CARTESIAN_POINT('',(5.375,-8.069413280721,7.058094473437));
#664 = CARTESIAN_POINT('',(5.375,-8.02136627907,7.007238272093));
#665 = ORIENTED_EDGE('',*,*,#666,.F.);
#666 = EDGE_CURVE('',#667,#645,#669,.T.);
#667 = VERTEX_POINT('',#668);
#668 = CARTESIAN_POINT('',(5.375,-9.308430232558,9.122745176163));
#669 = LINE('',#670,#671);
#670 = CARTESIAN_POINT('',(5.375,-5.856507522829,27.326243840752));
#671 = VECTOR('',#672,1.);
#672 = DIRECTION('',(-0.,-0.18630942687,-0.98249111826));
#673 = ORIENTED_EDGE('',*,*,#674,.F.);
#674 = EDGE_CURVE('',#675,#667,#677,.T.);
#675 = VERTEX_POINT('',#676);
#676 = CARTESIAN_POINT('',(5.375,-7.112481831395,7.947463562791));
#677 = B_SPLINE_CURVE_WITH_KNOTS('',5,(#678,#679,#680,#681,#682,#683,
    #684,#685,#686,#687,#688,#689,#690,#691,#692,#693,#694,#695),
  .UNSPECIFIED.,.F.,.F.,(6,4,4,4,6),(0.,0.119833436703,0.384588035775,
    0.658119609862,1.),.UNSPECIFIED.);
#678 = CARTESIAN_POINT('',(5.375,-7.112481831395,7.947463562791));
#679 = CARTESIAN_POINT('',(5.375,-7.151630829383,7.993544375312));
#680 = CARTESIAN_POINT('',(5.375,-7.191864935834,8.038676559496));
#681 = CARTESIAN_POINT('',(5.375,-7.233167175108,8.082822423431));
#682 = CARTESIAN_POINT('',(5.375,-7.275514590525,8.125948991627));
#683 = CARTESIAN_POINT('',(5.375,-7.414683948547,8.260995482418));
#684 = CARTESIAN_POINT('',(5.375,-7.515455349406,8.348854834692));
#685 = CARTESIAN_POINT('',(5.375,-7.620869107684,8.431289591899));
#686 = CARTESIAN_POINT('',(5.375,-7.730503904431,8.508158447469));
#687 = CARTESIAN_POINT('',(5.375,-7.961010105015,8.653102673129));
#688 = CARTESIAN_POINT('',(5.375,-8.082141797606,8.720807010927));
#689 = CARTESIAN_POINT('',(5.375,-8.206754565814,8.782555280503));
#690 = CARTESIAN_POINT('',(5.375,-8.334329305003,8.838516811114));
#691 = CARTESIAN_POINT('',(5.375,-8.626985017195,8.95194284494));
#692 = CARTESIAN_POINT('',(5.375,-8.793470743103,9.006287803292));
#693 = CARTESIAN_POINT('',(5.375,-8.962989190176,9.052450575011));
#694 = CARTESIAN_POINT('',(5.375,-9.134813364539,9.091067937066));
#695 = CARTESIAN_POINT('',(5.375,-9.308430232558,9.122745176163));
#696 = ORIENTED_EDGE('',*,*,#697,.F.);
#697 = EDGE_CURVE('',#698,#675,#700,.T.);
#698 = VERTEX_POINT('',#699);
#699 = CARTESIAN_POINT('',(5.375,-6.333139534884,5.667417232849));
#700 = B_SPLINE_CURVE_WITH_KNOTS('',5,(#701,#702,#703,#704,#705,#706,
    #707,#708,#709,#710,#711,#712,#713,#714,#715,#716,#717,#718),
  .UNSPECIFIED.,.F.,.F.,(6,4,4,4,6),(0.,0.278519689392,0.524222250797,
    0.762106112295,1.),.UNSPECIFIED.);
#701 = CARTESIAN_POINT('',(5.375,-6.333139534884,5.667417232849));
#702 = CARTESIAN_POINT('',(5.375,-6.333139534884,5.80642620672));
#703 = CARTESIAN_POINT('',(5.375,-6.338203712735,5.945090821262));
#704 = CARTESIAN_POINT('',(5.375,-6.348703666126,6.083163028812));
#705 = CARTESIAN_POINT('',(5.375,-6.365019343468,6.220310101462));
#706 = CARTESIAN_POINT('',(5.375,-6.407250096869,6.475940993289));
#707 = CARTESIAN_POINT('',(5.375,-6.431807696334,6.594720898121));
#708 = CARTESIAN_POINT('',(5.375,-6.461337126615,6.712181938254));
#709 = CARTESIAN_POINT('',(5.375,-6.495998989507,6.828003631064));
#710 = CARTESIAN_POINT('',(5.375,-6.574425924125,7.052069544056));
#711 = CARTESIAN_POINT('',(5.375,-6.617867883189,7.160442607475));
#712 = CARTESIAN_POINT('',(5.375,-6.666219276762,7.266654712623));
#713 = CARTESIAN_POINT('',(5.375,-6.719441183788,7.370414514897));
#714 = CARTESIAN_POINT('',(5.375,-6.835329513267,7.572516432456));
#715 = CARTESIAN_POINT('',(5.375,-6.897999883644,7.670864509788));
#716 = CARTESIAN_POINT('',(5.375,-6.965247074895,7.766248121805));
#717 = CARTESIAN_POINT('',(5.375,-7.036838916281,7.858486809422));
#718 = CARTESIAN_POINT('',(5.375,-7.112481831395,7.947463562791));
#719 = ORIENTED_EDGE('',*,*,#720,.F.);
#720 = EDGE_CURVE('',#721,#698,#723,.T.);
#721 = VERTEX_POINT('',#722);
#722 = CARTESIAN_POINT('',(5.375,-6.738481104651,3.935835655814));
#723 = B_SPLINE_CURVE_WITH_KNOTS('',6,(#724,#725,#726,#727,#728,#729,
    #730,#731,#732,#733,#734,#735),.UNSPECIFIED.,.F.,.F.,(7,5,7),(0.,
    0.247247476997,1.),.UNSPECIFIED.);
#724 = CARTESIAN_POINT('',(5.375,-6.738481104651,3.935835655814));
#725 = CARTESIAN_POINT('',(5.375,-6.704828571227,4.001536155992));
#726 = CARTESIAN_POINT('',(5.375,-6.672777280352,4.067998813538));
#727 = CARTESIAN_POINT('',(5.375,-6.642359617244,4.135193387543));
#728 = CARTESIAN_POINT('',(5.375,-6.613602095201,4.203086431268));
#729 = CARTESIAN_POINT('',(5.375,-6.586525355595,4.27164129214));
#730 = CARTESIAN_POINT('',(5.375,-6.483870363822,4.551429059665));
#731 = CARTESIAN_POINT('',(5.375,-6.42229540418,4.767850685371));
#732 = CARTESIAN_POINT('',(5.375,-6.376881385613,4.988859597342));
#733 = CARTESIAN_POINT('',(5.375,-6.347395602382,5.21322936988));
#734 = CARTESIAN_POINT('',(5.375,-6.333139534884,5.43977935543));
#735 = CARTESIAN_POINT('',(5.375,-6.333139534884,5.667417232849));
#736 = ORIENTED_EDGE('',*,*,#737,.F.);
#737 = EDGE_CURVE('',#738,#721,#740,.T.);
#738 = VERTEX_POINT('',#739);
#739 = CARTESIAN_POINT('',(5.375,-7.844290515988,2.725556767733));
#740 = B_SPLINE_CURVE_WITH_KNOTS('',6,(#741,#742,#743,#744,#745,#746,
    #747,#748,#749,#750,#751,#752),.UNSPECIFIED.,.F.,.F.,(7,5,7),(0.,
    0.220195673301,1.),.UNSPECIFIED.);
#741 = CARTESIAN_POINT('',(5.375,-7.844290515988,2.725556767733));
#742 = CARTESIAN_POINT('',(5.375,-7.792205940972,2.75670652848));
#743 = CARTESIAN_POINT('',(5.375,-7.740971481502,2.789168803546));
#744 = CARTESIAN_POINT('',(5.375,-7.690627272047,2.82293675744));
#745 = CARTESIAN_POINT('',(5.375,-7.64121022643,2.857997887251));
#746 = CARTESIAN_POINT('',(5.375,-7.592754037831,2.894334022648));
#747 = CARTESIAN_POINT('',(5.375,-7.377196400663,3.065033576644));
#748 = CARTESIAN_POINT('',(5.375,-7.221474857843,3.213884854778));
#749 = CARTESIAN_POINT('',(5.375,-7.079649387261,3.377304928617));
#750 = CARTESIAN_POINT('',(5.375,-6.952123376014,3.553476075916));
#751 = CARTESIAN_POINT('',(5.375,-6.838620159869,3.740332216826));
#752 = CARTESIAN_POINT('',(5.375,-6.738481104651,3.935835655814));
#753 = ORIENTED_EDGE('',*,*,#754,.F.);
#754 = EDGE_CURVE('',#755,#738,#757,.T.);
#755 = VERTEX_POINT('',#756);
#756 = CARTESIAN_POINT('',(5.375,-9.330891170058,2.306111818605));
#757 = B_SPLINE_CURVE_WITH_KNOTS('',5,(#758,#759,#760,#761,#762,#763,
    #764,#765,#766,#767),.UNSPECIFIED.,.F.,.F.,(6,4,6),(0.,0.36989299113
    ,1.),.UNSPECIFIED.);
#758 = CARTESIAN_POINT('',(5.375,-9.330891170058,2.306111818605));
#759 = CARTESIAN_POINT('',(5.375,-9.214983843643,2.306111818605));
#760 = CARTESIAN_POINT('',(5.375,-9.099410948817,2.311803058642));
#761 = CARTESIAN_POINT('',(5.375,-8.98446213283,2.323351017159));
#762 = CARTESIAN_POINT('',(5.375,-8.87043257667,2.340822877649));
#763 = CARTESIAN_POINT('',(5.375,-8.565442706916,2.403904394074));
#764 = CARTESIAN_POINT('',(5.375,-8.376746493504,2.460672171878));
#765 = CARTESIAN_POINT('',(5.375,-8.193077424344,2.534152098953));
#766 = CARTESIAN_POINT('',(5.375,-8.015397250887,2.623020418386));
#767 = CARTESIAN_POINT('',(5.375,-7.844290515988,2.725556767733));
#768 = ORIENTED_EDGE('',*,*,#769,.F.);
#769 = EDGE_CURVE('',#770,#755,#772,.T.);
#770 = VERTEX_POINT('',#771);
#771 = CARTESIAN_POINT('',(5.375,-10.69212845203,2.705707567151));
#772 = B_SPLINE_CURVE_WITH_KNOTS('',5,(#773,#774,#775,#776,#777,#778,
    #779,#780,#781,#782),.UNSPECIFIED.,.F.,.F.,(6,4,6),(0.,0.43680958577
    ,1.),.UNSPECIFIED.);
#773 = CARTESIAN_POINT('',(5.375,-10.69212845203,2.705707567151));
#774 = CARTESIAN_POINT('',(5.375,-10.58616131747,2.63671619869));
#775 = CARTESIAN_POINT('',(5.375,-10.47656612029,2.574429434355));
#776 = CARTESIAN_POINT('',(5.375,-10.36356487001,2.519380984265));
#777 = CARTESIAN_POINT('',(5.375,-10.24749015945,2.47195935557));
#778 = CARTESIAN_POINT('',(5.375,-9.975821607549,2.381215885984));
#779 = CARTESIAN_POINT('',(5.375,-9.81847290787,2.343037470957));
#780 = CARTESIAN_POINT('',(5.375,-9.657830064088,2.318145352337));
#781 = CARTESIAN_POINT('',(5.375,-9.494966378877,2.306111818605));
#782 = CARTESIAN_POINT('',(5.375,-9.330891170058,2.306111818605));
#783 = ORIENTED_EDGE('',*,*,#784,.F.);
#784 = EDGE_CURVE('',#785,#770,#787,.T.);
#785 = VERTEX_POINT('',#786);
#786 = CARTESIAN_POINT('',(5.375,-11.66787336482,3.888824391279));
#787 = B_SPLINE_CURVE_WITH_KNOTS('',6,(#788,#789,#790,#791,#792,#793,
    #794,#795,#796,#797,#798,#799),.UNSPECIFIED.,.F.,.F.,(7,5,7),(0.,
    0.513216703416,1.),.UNSPECIFIED.);
#788 = CARTESIAN_POINT('',(5.375,-11.66787336482,3.888824391279));
#789 = CARTESIAN_POINT('',(5.375,-11.61048915587,3.764616146791));
#790 = CARTESIAN_POINT('',(5.375,-11.54815722694,3.643704446075));
#791 = CARTESIAN_POINT('',(5.375,-11.48061420729,3.526573556286));
#792 = CARTESIAN_POINT('',(5.375,-11.40763367647,3.413784585933));
#793 = CARTESIAN_POINT('',(5.375,-11.32906205358,3.305946179539));
#794 = CARTESIAN_POINT('',(5.375,-11.16506154051,3.106627330304));
#795 = CARTESIAN_POINT('',(5.375,-11.08018482769,3.014578969452));
#796 = CARTESIAN_POINT('',(5.375,-10.99027789166,2.928040713436));
#797 = CARTESIAN_POINT('',(5.375,-10.8954502521,2.847486330506));
#798 = CARTESIAN_POINT('',(5.375,-10.79593697057,2.773293538798));
#799 = CARTESIAN_POINT('',(5.375,-10.69212845203,2.705707567151));
#800 = ORIENTED_EDGE('',*,*,#801,.F.);
#801 = EDGE_CURVE('',#802,#785,#804,.T.);
#802 = VERTEX_POINT('',#803);
#803 = CARTESIAN_POINT('',(5.375,-12.64466297238,2.306111818605));
#804 = B_SPLINE_CURVE_WITH_KNOTS('',5,(#805,#806,#807,#808,#809,#810,
    #811,#812,#813,#814,#815,#816,#817,#818,#819,#820,#821,#822),
  .UNSPECIFIED.,.F.,.F.,(6,4,4,4,6),(0.,0.24984301467,0.488853434718,
    0.73382073769,1.),.UNSPECIFIED.);
#805 = CARTESIAN_POINT('',(5.375,-12.64466297238,2.306111818605));
#806 = CARTESIAN_POINT('',(5.375,-12.56945376763,2.36335349664));
#807 = CARTESIAN_POINT('',(5.375,-12.49699060213,2.423905784914));
#808 = CARTESIAN_POINT('',(5.375,-12.42751620843,2.487729821606));
#809 = CARTESIAN_POINT('',(5.375,-12.36123522557,2.554728432057));
#810 = CARTESIAN_POINT('',(5.375,-12.23809366852,2.691699115937));
#811 = CARTESIAN_POINT('',(5.375,-12.18094623306,2.761419673147));
#812 = CARTESIAN_POINT('',(5.375,-12.12699158512,2.833745000797));
#813 = CARTESIAN_POINT('',(5.375,-12.07629863229,2.908489717635));
#814 = CARTESIAN_POINT('',(5.375,-11.98028727861,3.064309572536));
#815 = CARTESIAN_POINT('',(5.375,-11.93513256232,3.145498984107));
#816 = CARTESIAN_POINT('',(5.375,-11.89343602671,3.228782554476));
#817 = CARTESIAN_POINT('',(5.375,-11.85514483501,3.313926034237));
#818 = CARTESIAN_POINT('',(5.375,-11.78216394832,3.495000051703));
#819 = CARTESIAN_POINT('',(5.375,-11.74807278577,3.591227429014));
#820 = CARTESIAN_POINT('',(5.375,-11.71777705234,3.689105392107));
#821 = CARTESIAN_POINT('',(5.375,-11.69110522433,3.788376218223));
#822 = CARTESIAN_POINT('',(5.375,-11.66787336482,3.888824391279));
#823 = ORIENTED_EDGE('',*,*,#824,.F.);
#824 = EDGE_CURVE('',#825,#802,#827,.T.);
#825 = VERTEX_POINT('',#826);
#826 = CARTESIAN_POINT('',(5.375,-14.50004087936,1.741976644186));
#827 = B_SPLINE_CURVE_WITH_KNOTS('',5,(#828,#829,#830,#831,#832,#833,
    #834,#835,#836,#837,#838,#839,#840,#841,#842,#843,#844,#845,#846,
    #847,#848,#849),.UNSPECIFIED.,.F.,.F.,(6,4,4,4,4,6),(0.,
    0.244028783314,0.474418458221,0.696061744571,0.913204664296,1.),
  .UNSPECIFIED.);
#828 = CARTESIAN_POINT('',(5.375,-14.50004087936,1.741976644186));
#829 = CARTESIAN_POINT('',(5.375,-14.40144500288,1.741976644186));
#830 = CARTESIAN_POINT('',(5.375,-14.30315554508,1.744737767558));
#831 = CARTESIAN_POINT('',(5.375,-14.20528196286,1.750429936843));
#832 = CARTESIAN_POINT('',(5.375,-14.10796400743,1.75922997213));
#833 = CARTESIAN_POINT('',(5.375,-13.92017182592,1.782700563446));
#834 = CARTESIAN_POINT('',(5.375,-13.82961941922,1.797015479033));
#835 = CARTESIAN_POINT('',(5.375,-13.73985318823,1.814385382679));
#836 = CARTESIAN_POINT('',(5.375,-13.65103908309,1.834938008957));
#837 = CARTESIAN_POINT('',(5.375,-13.47900983127,1.881690827803));
#838 = CARTESIAN_POINT('',(5.375,-13.39570916417,1.907647242743));
#839 = CARTESIAN_POINT('',(5.375,-13.31362324126,1.936718363656));
#840 = CARTESIAN_POINT('',(5.375,-13.23292529769,1.968957803663));
#841 = CARTESIAN_POINT('',(5.375,-13.07625741947,2.039062084926));
#842 = CARTESIAN_POINT('',(5.375,-13.00022270148,2.076800308917));
#843 = CARTESIAN_POINT('',(5.375,-12.92584776094,2.117587356041));
#844 = CARTESIAN_POINT('',(5.375,-12.85328123352,2.161386069139));
#845 = CARTESIAN_POINT('',(5.375,-12.75442015523,2.226787415648));
#846 = CARTESIAN_POINT('',(5.375,-12.72649779663,2.245931645196));
#847 = CARTESIAN_POINT('',(5.375,-12.69889277381,2.265538172897));
#848 = CARTESIAN_POINT('',(5.375,-12.67161234168,2.285600670723));
#849 = CARTESIAN_POINT('',(5.375,-12.64466297238,2.306111818605));
#850 = ORIENTED_EDGE('',*,*,#851,.F.);
#851 = EDGE_CURVE('',#852,#825,#854,.T.);
#852 = VERTEX_POINT('',#853);
#853 = CARTESIAN_POINT('',(5.375,-17.05327489098,2.83890615));
#854 = B_SPLINE_CURVE_WITH_KNOTS('',5,(#855,#856,#857,#858,#859,#860,
    #861,#862,#863,#864,#865,#866,#867,#868,#869,#870,#871,#872),
  .UNSPECIFIED.,.F.,.F.,(6,4,4,4,6),(0.,0.173207277357,0.51158469747,
    0.835803992104,1.),.UNSPECIFIED.);
#855 = CARTESIAN_POINT('',(5.375,-17.05327489098,2.83890615));
#856 = CARTESIAN_POINT('',(5.375,-16.98440953906,2.766777851228));
#857 = CARTESIAN_POINT('',(5.375,-16.91350231675,2.696773260323));
#858 = CARTESIAN_POINT('',(5.375,-16.84053200856,2.629068611591));
#859 = CARTESIAN_POINT('',(5.375,-16.76549853619,2.563849856109));
#860 = CARTESIAN_POINT('',(5.375,-16.53788613922,2.379095551365));
#861 = CARTESIAN_POINT('',(5.375,-16.37955949934,2.267044209347));
#862 = CARTESIAN_POINT('',(5.375,-16.21377941021,2.166558644198));
#863 = CARTESIAN_POINT('',(5.375,-16.04122941376,2.078795725696));
#864 = CARTESIAN_POINT('',(5.375,-15.69256486078,1.932873339835));
#865 = CARTESIAN_POINT('',(5.375,-15.51685022201,1.873607351322));
#866 = CARTESIAN_POINT('',(5.375,-15.33712752584,1.826947084051));
#867 = CARTESIAN_POINT('',(5.375,-15.15454292749,1.792643193703));
#868 = CARTESIAN_POINT('',(5.375,-14.87683774076,1.758620126328));
#869 = CARTESIAN_POINT('',(5.375,-14.78301806212,1.750186725431));
#870 = CARTESIAN_POINT('',(5.375,-14.68887040043,1.744674675917));
#871 = CARTESIAN_POINT('',(5.375,-14.59451150715,1.741976644186));
#872 = CARTESIAN_POINT('',(5.375,-14.50004087936,1.741976644186));
#873 = ORIENTED_EDGE('',*,*,#874,.F.);
#874 = EDGE_CURVE('',#875,#852,#877,.T.);
#875 = VERTEX_POINT('',#876);
#876 = CARTESIAN_POINT('',(5.375,-18.10058139534,5.612570757558));
#877 = B_SPLINE_CURVE_WITH_KNOTS('',6,(#878,#879,#880,#881,#882,#883,
    #884,#885,#886,#887,#888,#889,#890,#891,#892,#893,#894),
  .UNSPECIFIED.,.F.,.F.,(7,5,5,7),(0.,0.25019787135,0.68516676032,1.),
  .UNSPECIFIED.);
#878 = CARTESIAN_POINT('',(5.375,-18.10058139534,5.612570757558));
#879 = CARTESIAN_POINT('',(5.375,-18.10058139534,5.484612310401));
#880 = CARTESIAN_POINT('',(5.375,-18.09692167079,5.356819489731));
#881 = CARTESIAN_POINT('',(5.375,-18.08940326501,5.229323210225));
#882 = CARTESIAN_POINT('',(5.375,-18.07782465043,5.102284640686));
#883 = CARTESIAN_POINT('',(5.375,-18.06199629627,4.975893344458));
#884 = CARTESIAN_POINT('',(5.375,-18.00656616247,4.632135178292));
#885 = CARTESIAN_POINT('',(5.375,-17.95802801325,4.416436842104));
#886 = CARTESIAN_POINT('',(5.375,-17.89529409154,4.204554810216));
#887 = CARTESIAN_POINT('',(5.375,-17.81780782112,3.997859397035));
#888 = CARTESIAN_POINT('',(5.375,-17.72551761253,3.797727570786));
#889 = CARTESIAN_POINT('',(5.375,-17.54216277856,3.466270199393));
#890 = CARTESIAN_POINT('',(5.375,-17.45777877441,3.331169487567));
#891 = CARTESIAN_POINT('',(5.375,-17.36625687734,3.200616019704));
#892 = CARTESIAN_POINT('',(5.375,-17.26799115692,3.074935039402));
#893 = CARTESIAN_POINT('',(5.375,-17.16347683248,2.954329629873));
#894 = CARTESIAN_POINT('',(5.375,-17.05327489098,2.83890615));
#895 = ORIENTED_EDGE('',*,*,#896,.F.);
#896 = EDGE_CURVE('',#897,#875,#899,.T.);
#897 = VERTEX_POINT('',#898);
#898 = CARTESIAN_POINT('',(5.375,-17.2068450218,8.124016978488));
#899 = B_SPLINE_CURVE_WITH_KNOTS('',5,(#900,#901,#902,#903,#904,#905,
    #906,#907,#908,#909,#910,#911,#912,#913,#914,#915,#916,#917),
  .UNSPECIFIED.,.F.,.F.,(6,4,4,4,6),(0.,0.262458209581,0.492513268084,
    0.728339682662,1.),.UNSPECIFIED.);
#900 = CARTESIAN_POINT('',(5.375,-17.2068450218,8.124016978488));
#901 = CARTESIAN_POINT('',(5.375,-17.30214450714,8.017466472667));
#902 = CARTESIAN_POINT('',(5.375,-17.39198642623,7.906271795415));
#903 = CARTESIAN_POINT('',(5.375,-17.47586894319,7.790590824632));
#904 = CARTESIAN_POINT('',(5.375,-17.55339150615,7.670699028072));
#905 = CARTESIAN_POINT('',(5.375,-17.68647153266,7.438625395775));
#906 = CARTESIAN_POINT('',(5.375,-17.74356404434,7.327310638784));
#907 = CARTESIAN_POINT('',(5.375,-17.79542178399,7.21337048397));
#908 = CARTESIAN_POINT('',(5.375,-17.84200275704,7.097127111984));
#909 = CARTESIAN_POINT('',(5.375,-17.92575408433,6.857757352757));
#910 = CARTESIAN_POINT('',(5.375,-17.96266099847,6.734525575528));
#911 = CARTESIAN_POINT('',(5.375,-17.99413890792,6.609593342856));
#912 = CARTESIAN_POINT('',(5.375,-18.02036126133,6.483303739043));
#913 = CARTESIAN_POINT('',(5.375,-18.06596053003,6.209265954091));
#914 = CARTESIAN_POINT('',(5.375,-18.08369193285,6.061171717339));
#915 = CARTESIAN_POINT('',(5.375,-18.09508985855,5.91212902947));
#916 = CARTESIAN_POINT('',(5.375,-18.10058139534,5.762505432928));
#917 = CARTESIAN_POINT('',(5.375,-18.10058139534,5.612570757558));
#918 = ORIENTED_EDGE('',*,*,#919,.F.);
#919 = EDGE_CURVE('',#383,#897,#920,.T.);
#920 = B_SPLINE_CURVE_WITH_KNOTS('',5,(#921,#922,#923,#924,#925,#926,
    #927,#928,#929,#930,#931,#932,#933,#934),.UNSPECIFIED.,.F.,.F.,(6,4,
    4,6),(0.,0.21800595452,0.625745281083,1.),.UNSPECIFIED.);
#921 = CARTESIAN_POINT('',(5.375,-14.89127906976,9.263778969767));
#922 = CARTESIAN_POINT('',(5.375,-15.00706066701,9.252294388115));
#923 = CARTESIAN_POINT('',(5.375,-15.12227369715,9.237094404635));
#924 = CARTESIAN_POINT('',(5.375,-15.23673936379,9.217986003167));
#925 = CARTESIAN_POINT('',(5.375,-15.35024183868,9.194787075386));
#926 = CARTESIAN_POINT('',(5.375,-15.67256176461,9.116068228523));
#927 = CARTESIAN_POINT('',(5.375,-15.87842211473,9.049975756842));
#928 = CARTESIAN_POINT('',(5.375,-16.07836432249,8.968220245631));
#929 = CARTESIAN_POINT('',(5.375,-16.27058723131,8.870521447998));
#930 = CARTESIAN_POINT('',(5.375,-16.6214624887,8.654436927741));
#931 = CARTESIAN_POINT('',(5.375,-16.78163644686,8.538371520272));
#932 = CARTESIAN_POINT('',(5.375,-16.93285932504,8.410384737799));
#933 = CARTESIAN_POINT('',(5.375,-17.07462715417,8.271767161371));
#934 = CARTESIAN_POINT('',(5.375,-17.2068450218,8.124016978488));
#935 = FACE_BOUND('',#936,.T.);
#936 = EDGE_LOOP('',(#937,#947,#955,#972,#987,#1004,#1019,#1036,#1058,
    #1077,#1092,#1107,#1122,#1137));
#937 = ORIENTED_EDGE('',*,*,#938,.F.);
#938 = EDGE_CURVE('',#939,#941,#943,.T.);
#939 = VERTEX_POINT('',#940);
#940 = CARTESIAN_POINT('',(5.375,-6.4,19.4599999));
#941 = VERTEX_POINT('',#942);
#942 = CARTESIAN_POINT('',(5.375,-17.9,19.4599999));
#943 = LINE('',#944,#945);
#944 = CARTESIAN_POINT('',(5.375,-22.2,19.4599999));
#945 = VECTOR('',#946,1.);
#946 = DIRECTION('',(0.,-1.,-1.110223024625E-16));
#947 = ORIENTED_EDGE('',*,*,#948,.F.);
#948 = EDGE_CURVE('',#949,#939,#951,.T.);
#949 = VERTEX_POINT('',#950);
#950 = CARTESIAN_POINT('',(5.375,-6.4,15.150633984302));
#951 = LINE('',#952,#953);
#952 = CARTESIAN_POINT('',(5.375,-6.4,35.50999995));
#953 = VECTOR('',#954,1.);
#954 = DIRECTION('',(0.,-1.110223024625E-16,1.));
#955 = ORIENTED_EDGE('',*,*,#956,.F.);
#956 = EDGE_CURVE('',#957,#949,#959,.T.);
#957 = VERTEX_POINT('',#958);
#958 = CARTESIAN_POINT('',(5.375,-6.749450399709,13.039305859302));
#959 = B_SPLINE_CURVE_WITH_KNOTS('',6,(#960,#961,#962,#963,#964,#965,
    #966,#967,#968,#969,#970,#971),.UNSPECIFIED.,.F.,.F.,(7,5,7),(0.,
    0.388185327689,1.),.UNSPECIFIED.);
#960 = CARTESIAN_POINT('',(5.375,-6.749450399709,13.039305859302));
#961 = CARTESIAN_POINT('',(5.375,-6.695794332213,13.16137541794));
#962 = CARTESIAN_POINT('',(5.375,-6.648527738271,13.287528765985));
#963 = CARTESIAN_POINT('',(5.375,-6.60716474987,13.416987999155));
#964 = CARTESIAN_POINT('',(5.375,-6.571191508751,13.549096279428));
#965 = CARTESIAN_POINT('',(5.375,-6.540127087073,13.683350055597));
#966 = CARTESIAN_POINT('',(5.375,-6.471627197173,14.033841428372));
#967 = CARTESIAN_POINT('',(5.375,-6.440850822834,14.252651050324));
#968 = CARTESIAN_POINT('',(5.375,-6.419483404693,14.474506732895));
#969 = CARTESIAN_POINT('',(5.375,-6.406219218033,14.698468950483));
#970 = CARTESIAN_POINT('',(5.375,-6.4,14.923934566477));
#971 = CARTESIAN_POINT('',(5.375,-6.4,15.150633984302));
#972 = ORIENTED_EDGE('',*,*,#973,.F.);
#973 = EDGE_CURVE('',#974,#957,#976,.T.);
#974 = VERTEX_POINT('',#975);
#975 = CARTESIAN_POINT('',(5.375,-7.824441315407,11.793507349128));
#976 = B_SPLINE_CURVE_WITH_KNOTS('',5,(#977,#978,#979,#980,#981,#982,
    #983,#984,#985,#986),.UNSPECIFIED.,.F.,.F.,(6,4,6),(0.,
    0.451933414841,1.),.UNSPECIFIED.);
#977 = CARTESIAN_POINT('',(5.375,-7.824441315407,11.793507349128));
#978 = CARTESIAN_POINT('',(5.375,-7.695309262869,11.873587801853));
#979 = CARTESIAN_POINT('',(5.375,-7.57188118765,11.961580562846));
#980 = CARTESIAN_POINT('',(5.375,-7.455048490087,12.057554147947));
#981 = CARTESIAN_POINT('',(5.375,-7.345585163479,12.16132176435));
#982 = CARTESIAN_POINT('',(5.375,-7.120849966851,12.406882517534));
#983 = CARTESIAN_POINT('',(5.375,-7.009258985552,12.552109148987));
#984 = CARTESIAN_POINT('',(5.375,-6.910224669428,12.706925460004));
#985 = CARTESIAN_POINT('',(5.375,-6.823775176418,12.869849818992));
#986 = CARTESIAN_POINT('',(5.375,-6.749450399709,13.039305859302));
#987 = ORIENTED_EDGE('',*,*,#988,.F.);
#988 = EDGE_CURVE('',#989,#974,#991,.T.);
#989 = VERTEX_POINT('',#990);
#990 = CARTESIAN_POINT('',(5.375,-9.3423828125,11.342721556977));
#991 = B_SPLINE_CURVE_WITH_KNOTS('',6,(#992,#993,#994,#995,#996,#997,
    #998,#999,#1000,#1001,#1002,#1003),.UNSPECIFIED.,.F.,.F.,(7,5,7),(0.
    ,0.252407302707,1.),.UNSPECIFIED.);
#992 = CARTESIAN_POINT('',(5.375,-9.3423828125,11.342721556977));
#993 = CARTESIAN_POINT('',(5.375,-9.275113449568,11.342721556977));
#994 = CARTESIAN_POINT('',(5.375,-9.207925843473,11.344670652331));
#995 = CARTESIAN_POINT('',(5.375,-9.140872951131,11.348591821245));
#996 = CARTESIAN_POINT('',(5.375,-9.07400793958,11.35449782214));
#997 = CARTESIAN_POINT('',(5.375,-9.00738418598,11.362391193656));
#998 = CARTESIAN_POINT('',(5.375,-8.744598966802,11.401506785358));
#999 = CARTESIAN_POINT('',(5.375,-8.550666512274,11.44812415723));
#1000 = CARTESIAN_POINT('',(5.375,-8.360797362429,11.511905963082));
#1001 = CARTESIAN_POINT('',(5.375,-8.176049206987,11.591782560192));
#1002 = CARTESIAN_POINT('',(5.375,-7.997121294089,11.686219500602));
#1003 = CARTESIAN_POINT('',(5.375,-7.824441315407,11.793507349128));
#1004 = ORIENTED_EDGE('',*,*,#1005,.F.);
#1005 = EDGE_CURVE('',#1006,#989,#1008,.T.);
#1006 = VERTEX_POINT('',#1007);
#1007 = CARTESIAN_POINT('',(5.375,-10.73130450581,11.742317305523));
#1008 = B_SPLINE_CURVE_WITH_KNOTS('',5,(#1009,#1010,#1011,#1012,#1013,
    #1014,#1015,#1016,#1017,#1018),.UNSPECIFIED.,.F.,.F.,(6,4,6),(0.,
    0.621974509466,1.),.UNSPECIFIED.);
#1009 = CARTESIAN_POINT('',(5.375,-10.73130450581,11.742317305523));
#1010 = CARTESIAN_POINT('',(5.375,-10.57398505474,11.645806174753));
#1011 = CARTESIAN_POINT('',(5.375,-10.41053545779,11.562030803172));
#1012 = CARTESIAN_POINT('',(5.375,-10.24147452067,11.492560602342));
#1013 = CARTESIAN_POINT('',(5.375,-10.06766078518,11.438596166492));
#1014 = CARTESIAN_POINT('',(5.375,-9.782790594634,11.377222295306));
#1015 = CARTESIAN_POINT('',(5.375,-9.673842045346,11.35985122232));
#1016 = CARTESIAN_POINT('',(5.375,-9.56392866017,11.348374387072));
#1017 = CARTESIAN_POINT('',(5.375,-9.453345558014,11.342721556977));
#1018 = CARTESIAN_POINT('',(5.375,-9.3423828125,11.342721556977));
#1019 = ORIENTED_EDGE('',*,*,#1020,.F.);
#1020 = EDGE_CURVE('',#1021,#1006,#1023,.T.);
#1021 = VERTEX_POINT('',#1022);
#1022 = CARTESIAN_POINT('',(5.375,-11.78226744186,12.948939761919));
#1023 = B_SPLINE_CURVE_WITH_KNOTS('',6,(#1024,#1025,#1026,#1027,#1028,
    #1029,#1030,#1031,#1032,#1033,#1034,#1035),.UNSPECIFIED.,.F.,.F.,(7,
    5,7),(0.,0.515640990661,1.),.UNSPECIFIED.);
#1024 = CARTESIAN_POINT('',(5.375,-11.78226744186,12.948939761919));
#1025 = CARTESIAN_POINT('',(5.375,-11.7186627423,12.82065090969));
#1026 = CARTESIAN_POINT('',(5.375,-11.64994934267,12.695902807366));
#1027 = CARTESIAN_POINT('',(5.375,-11.57585591763,12.575215723773));
#1028 = CARTESIAN_POINT('',(5.375,-11.49615205102,12.459195211483));
#1029 = CARTESIAN_POINT('',(5.375,-11.41068618137,12.348499812105));
#1030 = CARTESIAN_POINT('',(5.375,-11.23378301979,12.145395287627));
#1031 = CARTESIAN_POINT('',(5.375,-11.14301239015,12.052272573569));
#1032 = CARTESIAN_POINT('',(5.375,-11.04718409853,11.964962083918));
#1033 = CARTESIAN_POINT('',(5.375,-10.94642520993,11.883960568401));
#1034 = CARTESIAN_POINT('',(5.375,-10.8409926796,11.80966197081));
#1035 = CARTESIAN_POINT('',(5.375,-10.73130450581,11.742317305523));
#1036 = ORIENTED_EDGE('',*,*,#1037,.F.);
#1037 = EDGE_CURVE('',#1038,#1021,#1040,.T.);
#1038 = VERTEX_POINT('',#1039);
#1039 = CARTESIAN_POINT('',(5.375,-12.82539516715,11.346900336047));
#1040 = B_SPLINE_CURVE_WITH_KNOTS('',6,(#1041,#1042,#1043,#1044,#1045,
    #1046,#1047,#1048,#1049,#1050,#1051,#1052,#1053,#1054,#1055,#1056,
    #1057),.UNSPECIFIED.,.F.,.F.,(7,5,5,7),(0.,0.109459432318,
    0.539676660033,1.),.UNSPECIFIED.);
#1041 = CARTESIAN_POINT('',(5.375,-12.82539516715,11.346900336047));
#1042 = CARTESIAN_POINT('',(5.375,-12.79743379941,11.368143841517));
#1043 = CARTESIAN_POINT('',(5.375,-12.7698171494,11.389824524839));
#1044 = CARTESIAN_POINT('',(5.375,-12.74255334948,11.411938794687));
#1045 = CARTESIAN_POINT('',(5.375,-12.7156499929,11.434482319857));
#1046 = CARTESIAN_POINT('',(5.375,-12.68911413374,11.457450029262));
#1047 = CARTESIAN_POINT('',(5.375,-12.56012627233,11.572752317259));
#1048 = CARTESIAN_POINT('',(5.375,-12.46306462429,11.671143391839));
#1049 = CARTESIAN_POINT('',(5.375,-12.37219546843,11.775631898088));
#1050 = CARTESIAN_POINT('',(5.375,-12.28772896969,11.885714587739));
#1051 = CARTESIAN_POINT('',(5.375,-12.20970469724,12.000804167865));
#1052 = CARTESIAN_POINT('',(5.375,-12.06135819654,12.248098123646));
#1053 = CARTESIAN_POINT('',(5.375,-11.99194639268,12.380954233583));
#1054 = CARTESIAN_POINT('',(5.375,-11.9296761123,12.51811714829));
#1055 = CARTESIAN_POINT('',(5.375,-11.87423394397,12.658889707656));
#1056 = CARTESIAN_POINT('',(5.375,-11.8252341373,12.802662360207));
#1057 = CARTESIAN_POINT('',(5.375,-11.78226744186,12.948939761919));
#1058 = ORIENTED_EDGE('',*,*,#1059,.F.);
#1059 = EDGE_CURVE('',#1060,#1038,#1062,.T.);
#1060 = VERTEX_POINT('',#1061);
#1061 = CARTESIAN_POINT('',(5.375,-14.56637899709,10.786421593314));
#1062 = B_SPLINE_CURVE_WITH_KNOTS('',5,(#1063,#1064,#1065,#1066,#1067,
    #1068,#1069,#1070,#1071,#1072,#1073,#1074,#1075,#1076),
  .UNSPECIFIED.,.F.,.F.,(6,4,4,6),(0.,0.357533613458,0.699723351553,1.),
  .UNSPECIFIED.);
#1063 = CARTESIAN_POINT('',(5.375,-14.56637899709,10.786421593314));
#1064 = CARTESIAN_POINT('',(5.375,-14.43103471054,10.786421593314));
#1065 = CARTESIAN_POINT('',(5.375,-14.29628935233,10.792788254279));
#1066 = CARTESIAN_POINT('',(5.375,-14.16252717648,10.805977653978));
#1067 = CARTESIAN_POINT('',(5.375,-14.03023122346,10.826407118205));
#1068 = CARTESIAN_POINT('',(5.375,-13.77526706399,10.880991549673));
#1069 = CARTESIAN_POINT('',(5.375,-13.65241926975,10.914521725599));
#1070 = CARTESIAN_POINT('',(5.375,-13.53191206884,10.955079255451));
#1071 = CARTESIAN_POINT('',(5.375,-13.41423044941,11.002691495042));
#1072 = CARTESIAN_POINT('',(5.375,-13.19941366656,11.104932221568));
#1073 = CARTESIAN_POINT('',(5.375,-13.10151799094,11.157991497249));
#1074 = CARTESIAN_POINT('',(5.375,-13.00642358956,11.216185344327));
#1075 = CARTESIAN_POINT('',(5.375,-12.91433711767,11.279264111446));
#1076 = CARTESIAN_POINT('',(5.375,-12.82539516715,11.346900336047));
#1077 = ORIENTED_EDGE('',*,*,#1078,.F.);
#1078 = EDGE_CURVE('',#1079,#1060,#1081,.T.);
#1079 = VERTEX_POINT('',#1080);
#1080 = CARTESIAN_POINT('',(5.375,-16.06865007267,11.127514434884));
#1081 = B_SPLINE_CURVE_WITH_KNOTS('',5,(#1082,#1083,#1084,#1085,#1086,
    #1087,#1088,#1089,#1090,#1091),.UNSPECIFIED.,.F.,.F.,(6,4,6),(0.,
    0.285826039655,1.),.UNSPECIFIED.);
#1082 = CARTESIAN_POINT('',(5.375,-16.06865007267,11.127514434884));
#1083 = CARTESIAN_POINT('',(5.375,-15.98901703965,11.088386992774));
#1084 = CARTESIAN_POINT('',(5.375,-15.90819598807,11.05194104928));
#1085 = CARTESIAN_POINT('',(5.375,-15.82625534229,11.018252158604));
#1086 = CARTESIAN_POINT('',(5.375,-15.74327495041,10.987373637003));
#1087 = CARTESIAN_POINT('',(5.375,-15.44963877151,10.889282244609));
#1088 = CARTESIAN_POINT('',(5.375,-15.23397119562,10.836953745175));
#1089 = CARTESIAN_POINT('',(5.375,-15.01386491698,10.802873163206));
#1090 = CARTESIAN_POINT('',(5.375,-14.79085723934,10.786421593314));
#1091 = CARTESIAN_POINT('',(5.375,-14.56637899709,10.786421593314));
#1092 = ORIENTED_EDGE('',*,*,#1093,.F.);
#1093 = EDGE_CURVE('',#1094,#1079,#1096,.T.);
#1094 = VERTEX_POINT('',#1095);
#1095 = CARTESIAN_POINT('',(5.375,-17.1394622093,11.969538417442));
#1096 = B_SPLINE_CURVE_WITH_KNOTS('',5,(#1097,#1098,#1099,#1100,#1101,
    #1102,#1103,#1104,#1105,#1106),.UNSPECIFIED.,.F.,.F.,(6,4,6),(0.,
    0.484355946388,1.),.UNSPECIFIED.);
#1097 = CARTESIAN_POINT('',(5.375,-17.1394622093,11.969538417442));
#1098 = CARTESIAN_POINT('',(5.375,-17.0620935574,11.866523291478));
#1099 = CARTESIAN_POINT('',(5.375,-16.97694632365,11.76854889638));
#1100 = CARTESIAN_POINT('',(5.375,-16.88460246296,11.675910385224));
#1101 = CARTESIAN_POINT('',(5.375,-16.78581109931,11.588635683765));
#1102 = CARTESIAN_POINT('',(5.375,-16.57005850785,11.419311014183));
#1103 = CARTESIAN_POINT('',(5.375,-16.45233234265,11.337960264213));
#1104 = CARTESIAN_POINT('',(5.375,-16.32900123871,11.262424186264));
#1105 = CARTESIAN_POINT('',(5.375,-16.20088984785,11.192390532261));
#1106 = CARTESIAN_POINT('',(5.375,-16.06865007267,11.127514434884));
#1107 = ORIENTED_EDGE('',*,*,#1108,.F.);
#1108 = EDGE_CURVE('',#1109,#1094,#1111,.T.);
#1109 = VERTEX_POINT('',#1110);
#1110 = CARTESIAN_POINT('',(5.375,-17.70777616279,13.227350917442));
#1111 = B_SPLINE_CURVE_WITH_KNOTS('',5,(#1112,#1113,#1114,#1115,#1116,
    #1117,#1118,#1119,#1120,#1121),.UNSPECIFIED.,.F.,.F.,(6,4,6),(0.,
    0.518384483591,1.),.UNSPECIFIED.);
#1112 = CARTESIAN_POINT('',(5.375,-17.70777616279,13.227350917442));
#1113 = CARTESIAN_POINT('',(5.375,-17.67095341705,13.082461417927));
#1114 = CARTESIAN_POINT('',(5.375,-17.62910605824,12.940241262233));
#1115 = CARTESIAN_POINT('',(5.375,-17.58184974798,12.801139904087));
#1116 = CARTESIAN_POINT('',(5.375,-17.52878613415,12.665742653402));
#1117 = CARTESIAN_POINT('',(5.375,-17.41458445525,12.412987467008));
#1118 = CARTESIAN_POINT('',(5.375,-17.3542865778,12.29503234552));
#1119 = CARTESIAN_POINT('',(5.375,-17.28843550942,12.181397893447));
#1120 = CARTESIAN_POINT('',(5.375,-17.21683474624,12.072701800038));
#1121 = CARTESIAN_POINT('',(5.375,-17.1394622093,11.969538417442));
#1122 = ORIENTED_EDGE('',*,*,#1123,.F.);
#1123 = EDGE_CURVE('',#1124,#1109,#1126,.T.);
#1124 = VERTEX_POINT('',#1125);
#1125 = CARTESIAN_POINT('',(5.375,-17.9,15.0801170875));
#1126 = B_SPLINE_CURVE_WITH_KNOTS('',5,(#1127,#1128,#1129,#1130,#1131,
    #1132,#1133,#1134,#1135,#1136),.UNSPECIFIED.,.F.,.F.,(6,4,6),(0.,
    0.533048169576,1.),.UNSPECIFIED.);
#1127 = CARTESIAN_POINT('',(5.375,-17.9,15.0801170875));
#1128 = CARTESIAN_POINT('',(5.375,-17.9,14.87445318091));
#1129 = CARTESIAN_POINT('',(5.375,-17.89577714076,14.670089175115));
#1130 = CARTESIAN_POINT('',(5.375,-17.88682030135,14.467300102626));
#1131 = CARTESIAN_POINT('',(5.375,-17.8724943193,14.266536439421));
#1132 = CARTESIAN_POINT('',(5.375,-17.83394193364,13.894945917874));
#1133 = CARTESIAN_POINT('',(5.375,-17.81116544851,13.723515852891));
#1134 = CARTESIAN_POINT('',(5.375,-17.78303800274,13.554600498162));
#1135 = CARTESIAN_POINT('',(5.375,-17.74885877071,13.388890411108));
#1136 = CARTESIAN_POINT('',(5.375,-17.70777616279,13.227350917442));
#1137 = ORIENTED_EDGE('',*,*,#1138,.F.);
#1138 = EDGE_CURVE('',#941,#1124,#1139,.T.);
#1139 = LINE('',#1140,#1141);
#1140 = CARTESIAN_POINT('',(5.375,-17.9,33.32005854375));
#1141 = VECTOR('',#1142,1.);
#1142 = DIRECTION('',(-0.,1.110223024625E-16,-1.));
#1143 = FACE_BOUND('',#1144,.T.);
#1144 = EDGE_LOOP('',(#1145));
#1145 = ORIENTED_EDGE('',*,*,#290,.F.);
#1146 = FACE_BOUND('',#1147,.T.);
#1147 = EDGE_LOOP('',(#1148));
#1148 = ORIENTED_EDGE('',*,*,#315,.F.);
#1149 = PLANE('',#1150);
#1150 = AXIS2_PLACEMENT_3D('',#1151,#1152,#1153);
#1151 = CARTESIAN_POINT('',(5.375,-26.5,51.56));
#1152 = DIRECTION('',(1.,0.,-0.));
#1153 = DIRECTION('',(0.,1.,2.22044604925E-16));
#1154 = ADVANCED_FACE('',(#1155),#1169,.F.);
#1155 = FACE_BOUND('',#1156,.F.);
#1156 = EDGE_LOOP('',(#1157,#1158,#1164,#1165,#1166,#1167,#1168));
#1157 = ORIENTED_EDGE('',*,*,#349,.T.);
#1158 = ORIENTED_EDGE('',*,*,#1159,.T.);
#1159 = EDGE_CURVE('',#350,#240,#1160,.T.);
#1160 = LINE('',#1161,#1162);
#1161 = CARTESIAN_POINT('',(-2.125,-11.75,0.));
#1162 = VECTOR('',#1163,1.);
#1163 = DIRECTION('',(1.254196405409E-16,0.512064542317,0.858946974209)
  );
#1164 = ORIENTED_EDGE('',*,*,#258,.F.);
#1165 = ORIENTED_EDGE('',*,*,#239,.F.);
#1166 = ORIENTED_EDGE('',*,*,#1159,.F.);
#1167 = ORIENTED_EDGE('',*,*,#358,.T.);
#1168 = ORIENTED_EDGE('',*,*,#183,.F.);
#1169 = CONICAL_SURFACE('',#1170,3.25,0.537586646659);
#1170 = AXIS2_PLACEMENT_3D('',#1171,#1172,#1173);
#1171 = CARTESIAN_POINT('',(-2.125,-8.5,7.105427357601E-15));
#1172 = DIRECTION('',(-0.,2.22044604925E-16,-1.));
#1173 = DIRECTION('',(0.,-1.,-2.22044604925E-16));
#1174 = ADVANCED_FACE('',(#1175),#1200,.F.);
#1175 = FACE_BOUND('',#1176,.F.);
#1176 = EDGE_LOOP('',(#1177,#1187,#1193,#1194));
#1177 = ORIENTED_EDGE('',*,*,#1178,.F.);
#1178 = EDGE_CURVE('',#1179,#1181,#1183,.T.);
#1179 = VERTEX_POINT('',#1180);
#1180 = CARTESIAN_POINT('',(4.755,-14.89127906976,9.263778969767));
#1181 = VERTEX_POINT('',#1182);
#1182 = CARTESIAN_POINT('',(4.755,-14.69069767441,7.853441033721));
#1183 = LINE('',#1184,#1185);
#1184 = CARTESIAN_POINT('',(4.755,-14.89127906976,9.263778969767));
#1185 = VECTOR('',#1186,1.);
#1186 = DIRECTION('',(-1.563252923152E-17,0.140805305644,-0.990037305309
    ));
#1187 = ORIENTED_EDGE('',*,*,#1188,.T.);
#1188 = EDGE_CURVE('',#1179,#383,#1189,.T.);
#1189 = LINE('',#1190,#1191);
#1190 = CARTESIAN_POINT('',(4.755,-14.89127906976,9.263778969767));
#1191 = VECTOR('',#1192,1.);
#1192 = DIRECTION('',(1.,1.110223024625E-16,1.232595164408E-32));
#1193 = ORIENTED_EDGE('',*,*,#380,.F.);
#1194 = ORIENTED_EDGE('',*,*,#1195,.F.);
#1195 = EDGE_CURVE('',#1181,#381,#1196,.T.);
#1196 = LINE('',#1197,#1198);
#1197 = CARTESIAN_POINT('',(4.755,-14.69069767441,7.853441033721));
#1198 = VECTOR('',#1199,1.);
#1199 = DIRECTION('',(1.,1.110223024625E-16,1.232595164408E-32));
#1200 = PLANE('',#1201);
#1201 = AXIS2_PLACEMENT_3D('',#1202,#1203,#1204);
#1202 = CARTESIAN_POINT('',(4.755,-14.89127906976,9.263778969767));
#1203 = DIRECTION('',(-1.099162211591E-16,0.990037305309,0.140805305644)
  );
#1204 = DIRECTION('',(-1.563252923152E-17,0.140805305644,-0.990037305309
    ));
#1205 = ADVANCED_FACE('',(#1206),#1224,.F.);
#1206 = FACE_BOUND('',#1207,.F.);
#1207 = EDGE_LOOP('',(#1208,#1216,#1222,#1223));
#1208 = ORIENTED_EDGE('',*,*,#1209,.F.);
#1209 = EDGE_CURVE('',#1210,#1179,#1212,.T.);
#1210 = VERTEX_POINT('',#1211);
#1211 = CARTESIAN_POINT('',(4.755,-17.2068450218,8.124016978488));
#1212 = B_SPLINE_CURVE_WITH_KNOTS('',2,(#1213,#1214,#1215),
  .UNSPECIFIED.,.F.,.F.,(3,3),(0.,1.),.PIECEWISE_BEZIER_KNOTS.);
#1213 = CARTESIAN_POINT('',(4.755,-17.2068450218,8.124016978488));
#1214 = CARTESIAN_POINT('',(4.755,-16.31310864825,9.122745176163));
#1215 = CARTESIAN_POINT('',(4.755,-14.89127906976,9.263778969767));
#1216 = ORIENTED_EDGE('',*,*,#1217,.T.);
#1217 = EDGE_CURVE('',#1210,#897,#1218,.T.);
#1218 = LINE('',#1219,#1220);
#1219 = CARTESIAN_POINT('',(4.755,-17.2068450218,8.124016978488));
#1220 = VECTOR('',#1221,1.);
#1221 = DIRECTION('',(1.,1.110223024625E-16,1.232595164408E-32));
#1222 = ORIENTED_EDGE('',*,*,#919,.F.);
#1223 = ORIENTED_EDGE('',*,*,#1188,.F.);
#1224 = SURFACE_OF_LINEAR_EXTRUSION('',#1225,#1229);
#1225 = B_SPLINE_CURVE_WITH_KNOTS('',2,(#1226,#1227,#1228),
  .UNSPECIFIED.,.F.,.F.,(3,3),(0.,1.),.PIECEWISE_BEZIER_KNOTS.);
#1226 = CARTESIAN_POINT('',(4.755,-17.2068450218,8.124016978488));
#1227 = CARTESIAN_POINT('',(4.755,-16.31310864825,9.122745176163));
#1228 = CARTESIAN_POINT('',(4.755,-14.89127906976,9.263778969767));
#1229 = VECTOR('',#1230,1.);
#1230 = DIRECTION('',(-1.,-1.110223024625E-16,-1.232595164408E-32));
#1231 = ADVANCED_FACE('',(#1232),#1250,.F.);
#1232 = FACE_BOUND('',#1233,.F.);
#1233 = EDGE_LOOP('',(#1234,#1242,#1248,#1249));
#1234 = ORIENTED_EDGE('',*,*,#1235,.F.);
#1235 = EDGE_CURVE('',#1236,#1210,#1238,.T.);
#1236 = VERTEX_POINT('',#1237);
#1237 = CARTESIAN_POINT('',(4.755,-18.10058139534,5.612570757558));
#1238 = B_SPLINE_CURVE_WITH_KNOTS('',2,(#1239,#1240,#1241),
  .UNSPECIFIED.,.F.,.F.,(3,3),(0.,1.),.PIECEWISE_BEZIER_KNOTS.);
#1239 = CARTESIAN_POINT('',(4.755,-18.10058139534,5.612570757558));
#1240 = CARTESIAN_POINT('',(4.755,-18.10058139534,7.12476643343));
#1241 = CARTESIAN_POINT('',(4.755,-17.2068450218,8.124016978488));
#1242 = ORIENTED_EDGE('',*,*,#1243,.T.);
#1243 = EDGE_CURVE('',#1236,#875,#1244,.T.);
#1244 = LINE('',#1245,#1246);
#1245 = CARTESIAN_POINT('',(4.755,-18.10058139534,5.612570757558));
#1246 = VECTOR('',#1247,1.);
#1247 = DIRECTION('',(1.,1.110223024625E-16,1.232595164408E-32));
#1248 = ORIENTED_EDGE('',*,*,#896,.F.);
#1249 = ORIENTED_EDGE('',*,*,#1217,.F.);
#1250 = SURFACE_OF_LINEAR_EXTRUSION('',#1251,#1255);
#1251 = B_SPLINE_CURVE_WITH_KNOTS('',2,(#1252,#1253,#1254),
  .UNSPECIFIED.,.F.,.F.,(3,3),(0.,1.),.PIECEWISE_BEZIER_KNOTS.);
#1252 = CARTESIAN_POINT('',(4.755,-18.10058139534,5.612570757558));
#1253 = CARTESIAN_POINT('',(4.755,-18.10058139534,7.12476643343));
#1254 = CARTESIAN_POINT('',(4.755,-17.2068450218,8.124016978488));
#1255 = VECTOR('',#1256,1.);
#1256 = DIRECTION('',(-1.,-1.110223024625E-16,-1.232595164408E-32));
#1257 = ADVANCED_FACE('',(#1258),#1276,.F.);
#1258 = FACE_BOUND('',#1259,.F.);
#1259 = EDGE_LOOP('',(#1260,#1268,#1274,#1275));
#1260 = ORIENTED_EDGE('',*,*,#1261,.F.);
#1261 = EDGE_CURVE('',#1262,#1236,#1264,.T.);
#1262 = VERTEX_POINT('',#1263);
#1263 = CARTESIAN_POINT('',(4.755,-17.05327489098,2.83890615));
#1264 = B_SPLINE_CURVE_WITH_KNOTS('',2,(#1265,#1266,#1267),
  .UNSPECIFIED.,.F.,.F.,(3,3),(0.,1.),.PIECEWISE_BEZIER_KNOTS.);
#1265 = CARTESIAN_POINT('',(4.755,-17.05327489098,2.83890615));
#1266 = CARTESIAN_POINT('',(4.755,-18.10058139534,3.935835655814));
#1267 = CARTESIAN_POINT('',(4.755,-18.10058139534,5.612570757558));
#1268 = ORIENTED_EDGE('',*,*,#1269,.T.);
#1269 = EDGE_CURVE('',#1262,#852,#1270,.T.);
#1270 = LINE('',#1271,#1272);
#1271 = CARTESIAN_POINT('',(4.755,-17.05327489098,2.83890615));
#1272 = VECTOR('',#1273,1.);
#1273 = DIRECTION('',(1.,1.110223024625E-16,1.232595164408E-32));
#1274 = ORIENTED_EDGE('',*,*,#874,.F.);
#1275 = ORIENTED_EDGE('',*,*,#1243,.F.);
#1276 = SURFACE_OF_LINEAR_EXTRUSION('',#1277,#1281);
#1277 = B_SPLINE_CURVE_WITH_KNOTS('',2,(#1278,#1279,#1280),
  .UNSPECIFIED.,.F.,.F.,(3,3),(0.,1.),.PIECEWISE_BEZIER_KNOTS.);
#1278 = CARTESIAN_POINT('',(4.755,-17.05327489098,2.83890615));
#1279 = CARTESIAN_POINT('',(4.755,-18.10058139534,3.935835655814));
#1280 = CARTESIAN_POINT('',(4.755,-18.10058139534,5.612570757558));
#1281 = VECTOR('',#1282,1.);
#1282 = DIRECTION('',(-1.,-1.110223024625E-16,-1.232595164408E-32));
#1283 = ADVANCED_FACE('',(#1284),#1302,.F.);
#1284 = FACE_BOUND('',#1285,.F.);
#1285 = EDGE_LOOP('',(#1286,#1294,#1300,#1301));
#1286 = ORIENTED_EDGE('',*,*,#1287,.F.);
#1287 = EDGE_CURVE('',#1288,#1262,#1290,.T.);
#1288 = VERTEX_POINT('',#1289);
#1289 = CARTESIAN_POINT('',(4.755,-14.50004087936,1.741976644186));
#1290 = B_SPLINE_CURVE_WITH_KNOTS('',2,(#1291,#1292,#1293),
  .UNSPECIFIED.,.F.,.F.,(3,3),(0.,1.),.PIECEWISE_BEZIER_KNOTS.);
#1291 = CARTESIAN_POINT('',(4.755,-14.50004087936,1.741976644186));
#1292 = CARTESIAN_POINT('',(4.755,-16.00596838662,1.741976644186));
#1293 = CARTESIAN_POINT('',(4.755,-17.05327489098,2.83890615));
#1294 = ORIENTED_EDGE('',*,*,#1295,.T.);
#1295 = EDGE_CURVE('',#1288,#825,#1296,.T.);
#1296 = LINE('',#1297,#1298);
#1297 = CARTESIAN_POINT('',(4.755,-14.50004087936,1.741976644186));
#1298 = VECTOR('',#1299,1.);
#1299 = DIRECTION('',(1.,1.110223024625E-16,1.232595164408E-32));
#1300 = ORIENTED_EDGE('',*,*,#851,.F.);
#1301 = ORIENTED_EDGE('',*,*,#1269,.F.);
#1302 = SURFACE_OF_LINEAR_EXTRUSION('',#1303,#1307);
#1303 = B_SPLINE_CURVE_WITH_KNOTS('',2,(#1304,#1305,#1306),
  .UNSPECIFIED.,.F.,.F.,(3,3),(0.,1.),.PIECEWISE_BEZIER_KNOTS.);
#1304 = CARTESIAN_POINT('',(4.755,-14.50004087936,1.741976644186));
#1305 = CARTESIAN_POINT('',(4.755,-16.00596838662,1.741976644186));
#1306 = CARTESIAN_POINT('',(4.755,-17.05327489098,2.83890615));
#1307 = VECTOR('',#1308,1.);
#1308 = DIRECTION('',(-1.,-1.110223024625E-16,-1.232595164408E-32));
#1309 = ADVANCED_FACE('',(#1310),#1328,.F.);
#1310 = FACE_BOUND('',#1311,.F.);
#1311 = EDGE_LOOP('',(#1312,#1320,#1326,#1327));
#1312 = ORIENTED_EDGE('',*,*,#1313,.F.);
#1313 = EDGE_CURVE('',#1314,#1288,#1316,.T.);
#1314 = VERTEX_POINT('',#1315);
#1315 = CARTESIAN_POINT('',(4.755,-12.64466297238,2.306111818605));
#1316 = B_SPLINE_CURVE_WITH_KNOTS('',2,(#1317,#1318,#1319),
  .UNSPECIFIED.,.F.,.F.,(3,3),(0.,1.),.PIECEWISE_BEZIER_KNOTS.);
#1317 = CARTESIAN_POINT('',(4.755,-12.64466297238,2.306111818605));
#1318 = CARTESIAN_POINT('',(4.755,-13.38587390988,1.741976644186));
#1319 = CARTESIAN_POINT('',(4.755,-14.50004087936,1.741976644186));
#1320 = ORIENTED_EDGE('',*,*,#1321,.T.);
#1321 = EDGE_CURVE('',#1314,#802,#1322,.T.);
#1322 = LINE('',#1323,#1324);
#1323 = CARTESIAN_POINT('',(4.755,-12.64466297238,2.306111818605));
#1324 = VECTOR('',#1325,1.);
#1325 = DIRECTION('',(1.,1.110223024625E-16,1.232595164408E-32));
#1326 = ORIENTED_EDGE('',*,*,#824,.F.);
#1327 = ORIENTED_EDGE('',*,*,#1295,.F.);
#1328 = SURFACE_OF_LINEAR_EXTRUSION('',#1329,#1333);
#1329 = B_SPLINE_CURVE_WITH_KNOTS('',2,(#1330,#1331,#1332),
  .UNSPECIFIED.,.F.,.F.,(3,3),(0.,1.),.PIECEWISE_BEZIER_KNOTS.);
#1330 = CARTESIAN_POINT('',(4.755,-12.64466297238,2.306111818605));
#1331 = CARTESIAN_POINT('',(4.755,-13.38587390988,1.741976644186));
#1332 = CARTESIAN_POINT('',(4.755,-14.50004087936,1.741976644186));
#1333 = VECTOR('',#1334,1.);
#1334 = DIRECTION('',(-1.,-1.110223024625E-16,-1.232595164408E-32));
#1335 = ADVANCED_FACE('',(#1336),#1354,.F.);
#1336 = FACE_BOUND('',#1337,.F.);
#1337 = EDGE_LOOP('',(#1338,#1346,#1352,#1353));
#1338 = ORIENTED_EDGE('',*,*,#1339,.F.);
#1339 = EDGE_CURVE('',#1340,#1314,#1342,.T.);
#1340 = VERTEX_POINT('',#1341);
#1341 = CARTESIAN_POINT('',(4.755,-11.66787336482,3.888824391279));
#1342 = B_SPLINE_CURVE_WITH_KNOTS('',2,(#1343,#1344,#1345),
  .UNSPECIFIED.,.F.,.F.,(3,3),(0.,1.),.PIECEWISE_BEZIER_KNOTS.);
#1343 = CARTESIAN_POINT('',(4.755,-11.66787336482,3.888824391279));
#1344 = CARTESIAN_POINT('',(4.755,-11.90345203488,2.870246993023));
#1345 = CARTESIAN_POINT('',(4.755,-12.64466297238,2.306111818605));
#1346 = ORIENTED_EDGE('',*,*,#1347,.T.);
#1347 = EDGE_CURVE('',#1340,#785,#1348,.T.);
#1348 = LINE('',#1349,#1350);
#1349 = CARTESIAN_POINT('',(4.755,-11.66787336482,3.888824391279));
#1350 = VECTOR('',#1351,1.);
#1351 = DIRECTION('',(1.,1.110223024625E-16,1.232595164408E-32));
#1352 = ORIENTED_EDGE('',*,*,#801,.F.);
#1353 = ORIENTED_EDGE('',*,*,#1321,.F.);
#1354 = SURFACE_OF_LINEAR_EXTRUSION('',#1355,#1359);
#1355 = B_SPLINE_CURVE_WITH_KNOTS('',2,(#1356,#1357,#1358),
  .UNSPECIFIED.,.F.,.F.,(3,3),(0.,1.),.PIECEWISE_BEZIER_KNOTS.);
#1356 = CARTESIAN_POINT('',(4.755,-11.66787336482,3.888824391279));
#1357 = CARTESIAN_POINT('',(4.755,-11.90345203488,2.870246993023));
#1358 = CARTESIAN_POINT('',(4.755,-12.64466297238,2.306111818605));
#1359 = VECTOR('',#1360,1.);
#1360 = DIRECTION('',(-1.,-1.110223024625E-16,-1.232595164408E-32));
#1361 = ADVANCED_FACE('',(#1362),#1380,.F.);
#1362 = FACE_BOUND('',#1363,.F.);
#1363 = EDGE_LOOP('',(#1364,#1372,#1378,#1379));
#1364 = ORIENTED_EDGE('',*,*,#1365,.F.);
#1365 = EDGE_CURVE('',#1366,#1340,#1368,.T.);
#1366 = VERTEX_POINT('',#1367);
#1367 = CARTESIAN_POINT('',(4.755,-10.69212845203,2.705707567151));
#1368 = B_SPLINE_CURVE_WITH_KNOTS('',2,(#1369,#1370,#1371),
  .UNSPECIFIED.,.F.,.F.,(3,3),(0.,1.),.PIECEWISE_BEZIER_KNOTS.);
#1369 = CARTESIAN_POINT('',(4.755,-10.69212845203,2.705707567151));
#1370 = CARTESIAN_POINT('',(4.755,-11.3058866279,3.105303315698));
#1371 = CARTESIAN_POINT('',(4.755,-11.66787336482,3.888824391279));
#1372 = ORIENTED_EDGE('',*,*,#1373,.T.);
#1373 = EDGE_CURVE('',#1366,#770,#1374,.T.);
#1374 = LINE('',#1375,#1376);
#1375 = CARTESIAN_POINT('',(4.755,-10.69212845203,2.705707567151));
#1376 = VECTOR('',#1377,1.);
#1377 = DIRECTION('',(1.,1.110223024625E-16,1.232595164408E-32));
#1378 = ORIENTED_EDGE('',*,*,#784,.F.);
#1379 = ORIENTED_EDGE('',*,*,#1347,.F.);
#1380 = SURFACE_OF_LINEAR_EXTRUSION('',#1381,#1385);
#1381 = B_SPLINE_CURVE_WITH_KNOTS('',2,(#1382,#1383,#1384),
  .UNSPECIFIED.,.F.,.F.,(3,3),(0.,1.),.PIECEWISE_BEZIER_KNOTS.);
#1382 = CARTESIAN_POINT('',(4.755,-10.69212845203,2.705707567151));
#1383 = CARTESIAN_POINT('',(4.755,-11.3058866279,3.105303315698));
#1384 = CARTESIAN_POINT('',(4.755,-11.66787336482,3.888824391279));
#1385 = VECTOR('',#1386,1.);
#1386 = DIRECTION('',(-1.,-1.110223024625E-16,-1.232595164408E-32));
#1387 = ADVANCED_FACE('',(#1388),#1406,.F.);
#1388 = FACE_BOUND('',#1389,.F.);
#1389 = EDGE_LOOP('',(#1390,#1398,#1404,#1405));
#1390 = ORIENTED_EDGE('',*,*,#1391,.F.);
#1391 = EDGE_CURVE('',#1392,#1366,#1394,.T.);
#1392 = VERTEX_POINT('',#1393);
#1393 = CARTESIAN_POINT('',(4.755,-9.330891170058,2.306111818605));
#1394 = B_SPLINE_CURVE_WITH_KNOTS('',2,(#1395,#1396,#1397),
  .UNSPECIFIED.,.F.,.F.,(3,3),(0.,1.),.PIECEWISE_BEZIER_KNOTS.);
#1395 = CARTESIAN_POINT('',(4.755,-9.330891170058,2.306111818605));
#1396 = CARTESIAN_POINT('',(4.755,-10.07837027616,2.306111818605));
#1397 = CARTESIAN_POINT('',(4.755,-10.69212845203,2.705707567151));
#1398 = ORIENTED_EDGE('',*,*,#1399,.T.);
#1399 = EDGE_CURVE('',#1392,#755,#1400,.T.);
#1400 = LINE('',#1401,#1402);
#1401 = CARTESIAN_POINT('',(4.755,-9.330891170058,2.306111818605));
#1402 = VECTOR('',#1403,1.);
#1403 = DIRECTION('',(1.,1.110223024625E-16,1.232595164408E-32));
#1404 = ORIENTED_EDGE('',*,*,#769,.F.);
#1405 = ORIENTED_EDGE('',*,*,#1373,.F.);
#1406 = SURFACE_OF_LINEAR_EXTRUSION('',#1407,#1411);
#1407 = B_SPLINE_CURVE_WITH_KNOTS('',2,(#1408,#1409,#1410),
  .UNSPECIFIED.,.F.,.F.,(3,3),(0.,1.),.PIECEWISE_BEZIER_KNOTS.);
#1408 = CARTESIAN_POINT('',(4.755,-9.330891170058,2.306111818605));
#1409 = CARTESIAN_POINT('',(4.755,-10.07837027616,2.306111818605));
#1410 = CARTESIAN_POINT('',(4.755,-10.69212845203,2.705707567151));
#1411 = VECTOR('',#1412,1.);
#1412 = DIRECTION('',(-1.,-1.110223024625E-16,-1.232595164408E-32));
#1413 = ADVANCED_FACE('',(#1414),#1432,.F.);
#1414 = FACE_BOUND('',#1415,.F.);
#1415 = EDGE_LOOP('',(#1416,#1424,#1430,#1431));
#1416 = ORIENTED_EDGE('',*,*,#1417,.F.);
#1417 = EDGE_CURVE('',#1418,#1392,#1420,.T.);
#1418 = VERTEX_POINT('',#1419);
#1419 = CARTESIAN_POINT('',(4.755,-7.844290515988,2.725556767733));
#1420 = B_SPLINE_CURVE_WITH_KNOTS('',2,(#1421,#1422,#1423),
  .UNSPECIFIED.,.F.,.F.,(3,3),(0.,1.),.PIECEWISE_BEZIER_KNOTS.);
#1421 = CARTESIAN_POINT('',(4.755,-7.844290515988,2.725556767733));
#1422 = CARTESIAN_POINT('',(4.755,-8.544236010174,2.306111818605));
#1423 = CARTESIAN_POINT('',(4.755,-9.330891170058,2.306111818605));
#1424 = ORIENTED_EDGE('',*,*,#1425,.T.);
#1425 = EDGE_CURVE('',#1418,#738,#1426,.T.);
#1426 = LINE('',#1427,#1428);
#1427 = CARTESIAN_POINT('',(4.755,-7.844290515988,2.725556767733));
#1428 = VECTOR('',#1429,1.);
#1429 = DIRECTION('',(1.,1.110223024625E-16,1.232595164408E-32));
#1430 = ORIENTED_EDGE('',*,*,#754,.F.);
#1431 = ORIENTED_EDGE('',*,*,#1399,.F.);
#1432 = SURFACE_OF_LINEAR_EXTRUSION('',#1433,#1437);
#1433 = B_SPLINE_CURVE_WITH_KNOTS('',2,(#1434,#1435,#1436),
  .UNSPECIFIED.,.F.,.F.,(3,3),(0.,1.),.PIECEWISE_BEZIER_KNOTS.);
#1434 = CARTESIAN_POINT('',(4.755,-7.844290515988,2.725556767733));
#1435 = CARTESIAN_POINT('',(4.755,-8.544236010174,2.306111818605));
#1436 = CARTESIAN_POINT('',(4.755,-9.330891170058,2.306111818605));
#1437 = VECTOR('',#1438,1.);
#1438 = DIRECTION('',(-1.,-1.110223024625E-16,-1.232595164408E-32));
#1439 = ADVANCED_FACE('',(#1440),#1458,.F.);
#1440 = FACE_BOUND('',#1441,.F.);
#1441 = EDGE_LOOP('',(#1442,#1450,#1456,#1457));
#1442 = ORIENTED_EDGE('',*,*,#1443,.F.);
#1443 = EDGE_CURVE('',#1444,#1418,#1446,.T.);
#1444 = VERTEX_POINT('',#1445);
#1445 = CARTESIAN_POINT('',(4.755,-6.738481104651,3.935835655814));
#1446 = B_SPLINE_CURVE_WITH_KNOTS('',2,(#1447,#1448,#1449),
  .UNSPECIFIED.,.F.,.F.,(3,3),(0.,1.),.PIECEWISE_BEZIER_KNOTS.);
#1447 = CARTESIAN_POINT('',(4.755,-6.738481104651,3.935835655814));
#1448 = CARTESIAN_POINT('',(4.755,-7.143822674419,3.144479369477));
#1449 = CARTESIAN_POINT('',(4.755,-7.844290515988,2.725556767733));
#1450 = ORIENTED_EDGE('',*,*,#1451,.T.);
#1451 = EDGE_CURVE('',#1444,#721,#1452,.T.);
#1452 = LINE('',#1453,#1454);
#1453 = CARTESIAN_POINT('',(4.755,-6.738481104651,3.935835655814));
#1454 = VECTOR('',#1455,1.);
#1455 = DIRECTION('',(1.,1.110223024625E-16,1.232595164408E-32));
#1456 = ORIENTED_EDGE('',*,*,#737,.F.);
#1457 = ORIENTED_EDGE('',*,*,#1425,.F.);
#1458 = SURFACE_OF_LINEAR_EXTRUSION('',#1459,#1463);
#1459 = B_SPLINE_CURVE_WITH_KNOTS('',2,(#1460,#1461,#1462),
  .UNSPECIFIED.,.F.,.F.,(3,3),(0.,1.),.PIECEWISE_BEZIER_KNOTS.);
#1460 = CARTESIAN_POINT('',(4.755,-6.738481104651,3.935835655814));
#1461 = CARTESIAN_POINT('',(4.755,-7.143822674419,3.144479369477));
#1462 = CARTESIAN_POINT('',(4.755,-7.844290515988,2.725556767733));
#1463 = VECTOR('',#1464,1.);
#1464 = DIRECTION('',(-1.,-1.110223024625E-16,-1.232595164408E-32));
#1465 = ADVANCED_FACE('',(#1466),#1484,.F.);
#1466 = FACE_BOUND('',#1467,.F.);
#1467 = EDGE_LOOP('',(#1468,#1476,#1482,#1483));
#1468 = ORIENTED_EDGE('',*,*,#1469,.F.);
#1469 = EDGE_CURVE('',#1470,#1444,#1472,.T.);
#1470 = VERTEX_POINT('',#1471);
#1471 = CARTESIAN_POINT('',(4.755,-6.333139534884,5.667417232849));
#1472 = B_SPLINE_CURVE_WITH_KNOTS('',2,(#1473,#1474,#1475),
  .UNSPECIFIED.,.F.,.F.,(3,3),(0.,1.),.PIECEWISE_BEZIER_KNOTS.);
#1473 = CARTESIAN_POINT('',(4.755,-6.333139534884,5.667417232849));
#1474 = CARTESIAN_POINT('',(4.755,-6.333139534884,4.727191942151));
#1475 = CARTESIAN_POINT('',(4.755,-6.738481104651,3.935835655814));
#1476 = ORIENTED_EDGE('',*,*,#1477,.T.);
#1477 = EDGE_CURVE('',#1470,#698,#1478,.T.);
#1478 = LINE('',#1479,#1480);
#1479 = CARTESIAN_POINT('',(4.755,-6.333139534884,5.667417232849));
#1480 = VECTOR('',#1481,1.);
#1481 = DIRECTION('',(1.,1.110223024625E-16,1.232595164408E-32));
#1482 = ORIENTED_EDGE('',*,*,#720,.F.);
#1483 = ORIENTED_EDGE('',*,*,#1451,.F.);
#1484 = SURFACE_OF_LINEAR_EXTRUSION('',#1485,#1489);
#1485 = B_SPLINE_CURVE_WITH_KNOTS('',2,(#1486,#1487,#1488),
  .UNSPECIFIED.,.F.,.F.,(3,3),(0.,1.),.PIECEWISE_BEZIER_KNOTS.);
#1486 = CARTESIAN_POINT('',(4.755,-6.333139534884,5.667417232849));
#1487 = CARTESIAN_POINT('',(4.755,-6.333139534884,4.727191942151));
#1488 = CARTESIAN_POINT('',(4.755,-6.738481104651,3.935835655814));
#1489 = VECTOR('',#1490,1.);
#1490 = DIRECTION('',(-1.,-1.110223024625E-16,-1.232595164408E-32));
#1491 = ADVANCED_FACE('',(#1492),#1510,.F.);
#1492 = FACE_BOUND('',#1493,.F.);
#1493 = EDGE_LOOP('',(#1494,#1502,#1508,#1509));
#1494 = ORIENTED_EDGE('',*,*,#1495,.F.);
#1495 = EDGE_CURVE('',#1496,#1470,#1498,.T.);
#1496 = VERTEX_POINT('',#1497);
#1497 = CARTESIAN_POINT('',(4.755,-7.112481831395,7.947463562791));
#1498 = B_SPLINE_CURVE_WITH_KNOTS('',2,(#1499,#1500,#1501),
  .UNSPECIFIED.,.F.,.F.,(3,3),(0.,1.),.PIECEWISE_BEZIER_KNOTS.);
#1499 = CARTESIAN_POINT('',(4.755,-7.112481831395,7.947463562791));
#1500 = CARTESIAN_POINT('',(4.755,-6.333139534884,7.03074390436));
#1501 = CARTESIAN_POINT('',(4.755,-6.333139534884,5.667417232849));
#1502 = ORIENTED_EDGE('',*,*,#1503,.T.);
#1503 = EDGE_CURVE('',#1496,#675,#1504,.T.);
#1504 = LINE('',#1505,#1506);
#1505 = CARTESIAN_POINT('',(4.755,-7.112481831395,7.947463562791));
#1506 = VECTOR('',#1507,1.);
#1507 = DIRECTION('',(1.,1.110223024625E-16,1.232595164408E-32));
#1508 = ORIENTED_EDGE('',*,*,#697,.F.);
#1509 = ORIENTED_EDGE('',*,*,#1477,.F.);
#1510 = SURFACE_OF_LINEAR_EXTRUSION('',#1511,#1515);
#1511 = B_SPLINE_CURVE_WITH_KNOTS('',2,(#1512,#1513,#1514),
  .UNSPECIFIED.,.F.,.F.,(3,3),(0.,1.),.PIECEWISE_BEZIER_KNOTS.);
#1512 = CARTESIAN_POINT('',(4.755,-7.112481831395,7.947463562791));
#1513 = CARTESIAN_POINT('',(4.755,-6.333139534884,7.03074390436));
#1514 = CARTESIAN_POINT('',(4.755,-6.333139534884,5.667417232849));
#1515 = VECTOR('',#1516,1.);
#1516 = DIRECTION('',(-1.,-1.110223024625E-16,-1.232595164408E-32));
#1517 = ADVANCED_FACE('',(#1518),#1536,.F.);
#1518 = FACE_BOUND('',#1519,.F.);
#1519 = EDGE_LOOP('',(#1520,#1528,#1534,#1535));
#1520 = ORIENTED_EDGE('',*,*,#1521,.F.);
#1521 = EDGE_CURVE('',#1522,#1496,#1524,.T.);
#1522 = VERTEX_POINT('',#1523);
#1523 = CARTESIAN_POINT('',(4.755,-9.308430232558,9.122745176163));
#1524 = B_SPLINE_CURVE_WITH_KNOTS('',2,(#1525,#1526,#1527),
  .UNSPECIFIED.,.F.,.F.,(3,3),(0.,1.),.PIECEWISE_BEZIER_KNOTS.);
#1525 = CARTESIAN_POINT('',(4.755,-9.308430232558,9.122745176163));
#1526 = CARTESIAN_POINT('',(4.755,-7.891301780523,8.864183221221));
#1527 = CARTESIAN_POINT('',(4.755,-7.112481831395,7.947463562791));
#1528 = ORIENTED_EDGE('',*,*,#1529,.T.);
#1529 = EDGE_CURVE('',#1522,#667,#1530,.T.);
#1530 = LINE('',#1531,#1532);
#1531 = CARTESIAN_POINT('',(4.755,-9.308430232558,9.122745176163));
#1532 = VECTOR('',#1533,1.);
#1533 = DIRECTION('',(1.,1.110223024625E-16,1.232595164408E-32));
#1534 = ORIENTED_EDGE('',*,*,#674,.F.);
#1535 = ORIENTED_EDGE('',*,*,#1503,.F.);
#1536 = SURFACE_OF_LINEAR_EXTRUSION('',#1537,#1541);
#1537 = B_SPLINE_CURVE_WITH_KNOTS('',2,(#1538,#1539,#1540),
  .UNSPECIFIED.,.F.,.F.,(3,3),(0.,1.),.PIECEWISE_BEZIER_KNOTS.);
#1538 = CARTESIAN_POINT('',(4.755,-9.308430232558,9.122745176163));
#1539 = CARTESIAN_POINT('',(4.755,-7.891301780523,8.864183221221));
#1540 = CARTESIAN_POINT('',(4.755,-7.112481831395,7.947463562791));
#1541 = VECTOR('',#1542,1.);
#1542 = DIRECTION('',(-1.,-1.110223024625E-16,-1.232595164408E-32));
#1543 = ADVANCED_FACE('',(#1544),#1562,.F.);
#1544 = FACE_BOUND('',#1545,.F.);
#1545 = EDGE_LOOP('',(#1546,#1554,#1560,#1561));
#1546 = ORIENTED_EDGE('',*,*,#1547,.F.);
#1547 = EDGE_CURVE('',#1548,#1522,#1550,.T.);
#1548 = VERTEX_POINT('',#1549);
#1549 = CARTESIAN_POINT('',(4.755,-9.575872093023,7.712407240116));
#1550 = LINE('',#1551,#1552);
#1551 = CARTESIAN_POINT('',(4.755,-9.575872093023,7.712407240116));
#1552 = VECTOR('',#1553,1.);
#1553 = DIRECTION('',(-2.068450154158E-17,0.18630942687,0.98249111826));
#1554 = ORIENTED_EDGE('',*,*,#1555,.T.);
#1555 = EDGE_CURVE('',#1548,#645,#1556,.T.);
#1556 = LINE('',#1557,#1558);
#1557 = CARTESIAN_POINT('',(4.755,-9.575872093023,7.712407240116));
#1558 = VECTOR('',#1559,1.);
#1559 = DIRECTION('',(1.,1.110223024625E-16,1.232595164408E-32));
#1560 = ORIENTED_EDGE('',*,*,#666,.F.);
#1561 = ORIENTED_EDGE('',*,*,#1529,.F.);
#1562 = PLANE('',#1563);
#1563 = AXIS2_PLACEMENT_3D('',#1564,#1565,#1566);
#1564 = CARTESIAN_POINT('',(4.755,-9.575872093023,7.712407240116));
#1565 = DIRECTION('',(1.090784260982E-16,-0.98249111826,0.18630942687));
#1566 = DIRECTION('',(-2.068450154158E-17,0.18630942687,0.98249111826));
#1567 = ADVANCED_FACE('',(#1568),#1586,.F.);
#1568 = FACE_BOUND('',#1569,.F.);
#1569 = EDGE_LOOP('',(#1570,#1578,#1584,#1585));
#1570 = ORIENTED_EDGE('',*,*,#1571,.F.);
#1571 = EDGE_CURVE('',#1572,#1548,#1574,.T.);
#1572 = VERTEX_POINT('',#1573);
#1573 = CARTESIAN_POINT('',(4.755,-8.02136627907,7.007238272093));
#1574 = B_SPLINE_CURVE_WITH_KNOTS('',2,(#1575,#1576,#1577),
  .UNSPECIFIED.,.F.,.F.,(3,3),(0.,1.),.PIECEWISE_BEZIER_KNOTS.);
#1575 = CARTESIAN_POINT('',(4.755,-8.02136627907,7.007238272093));
#1576 = CARTESIAN_POINT('',(4.755,-8.539534883721,7.555703025));
#1577 = CARTESIAN_POINT('',(4.755,-9.575872093023,7.712407240116));
#1578 = ORIENTED_EDGE('',*,*,#1579,.T.);
#1579 = EDGE_CURVE('',#1572,#626,#1580,.T.);
#1580 = LINE('',#1581,#1582);
#1581 = CARTESIAN_POINT('',(4.755,-8.02136627907,7.007238272093));
#1582 = VECTOR('',#1583,1.);
#1583 = DIRECTION('',(1.,1.110223024625E-16,1.232595164408E-32));
#1584 = ORIENTED_EDGE('',*,*,#644,.F.);
#1585 = ORIENTED_EDGE('',*,*,#1555,.F.);
#1586 = SURFACE_OF_LINEAR_EXTRUSION('',#1587,#1591);
#1587 = B_SPLINE_CURVE_WITH_KNOTS('',2,(#1588,#1589,#1590),
  .UNSPECIFIED.,.F.,.F.,(3,3),(0.,1.),.PIECEWISE_BEZIER_KNOTS.);
#1588 = CARTESIAN_POINT('',(4.755,-8.02136627907,7.007238272093));
#1589 = CARTESIAN_POINT('',(4.755,-8.539534883721,7.555703025));
#1590 = CARTESIAN_POINT('',(4.755,-9.575872093023,7.712407240116));
#1591 = VECTOR('',#1592,1.);
#1592 = DIRECTION('',(-1.,-1.110223024625E-16,-1.232595164408E-32));
#1593 = ADVANCED_FACE('',(#1594),#1612,.F.);
#1594 = FACE_BOUND('',#1595,.F.);
#1595 = EDGE_LOOP('',(#1596,#1604,#1610,#1611));
#1596 = ORIENTED_EDGE('',*,*,#1597,.F.);
#1597 = EDGE_CURVE('',#1598,#1572,#1600,.T.);
#1598 = VERTEX_POINT('',#1599);
#1599 = CARTESIAN_POINT('',(4.755,-7.503197674419,5.636076389826));
#1600 = B_SPLINE_CURVE_WITH_KNOTS('',2,(#1601,#1602,#1603),
  .UNSPECIFIED.,.F.,.F.,(3,3),(0.,1.),.PIECEWISE_BEZIER_KNOTS.);
#1601 = CARTESIAN_POINT('',(4.755,-7.503197674419,5.636076389826));
#1602 = CARTESIAN_POINT('',(4.755,-7.503197674419,6.458773519186));
#1603 = CARTESIAN_POINT('',(4.755,-8.02136627907,7.007238272093));
#1604 = ORIENTED_EDGE('',*,*,#1605,.T.);
#1605 = EDGE_CURVE('',#1598,#603,#1606,.T.);
#1606 = LINE('',#1607,#1608);
#1607 = CARTESIAN_POINT('',(4.755,-7.503197674419,5.636076389826));
#1608 = VECTOR('',#1609,1.);
#1609 = DIRECTION('',(1.,1.110223024625E-16,1.232595164408E-32));
#1610 = ORIENTED_EDGE('',*,*,#625,.F.);
#1611 = ORIENTED_EDGE('',*,*,#1579,.F.);
#1612 = SURFACE_OF_LINEAR_EXTRUSION('',#1613,#1617);
#1613 = B_SPLINE_CURVE_WITH_KNOTS('',2,(#1614,#1615,#1616),
  .UNSPECIFIED.,.F.,.F.,(3,3),(0.,1.),.PIECEWISE_BEZIER_KNOTS.);
#1614 = CARTESIAN_POINT('',(4.755,-7.503197674419,5.636076389826));
#1615 = CARTESIAN_POINT('',(4.755,-7.503197674419,6.458773519186));
#1616 = CARTESIAN_POINT('',(4.755,-8.02136627907,7.007238272093));
#1617 = VECTOR('',#1618,1.);
#1618 = DIRECTION('',(-1.,-1.110223024625E-16,-1.232595164408E-32));
#1619 = ADVANCED_FACE('',(#1620),#1638,.F.);
#1620 = FACE_BOUND('',#1621,.F.);
#1621 = EDGE_LOOP('',(#1622,#1630,#1636,#1637));
#1622 = ORIENTED_EDGE('',*,*,#1623,.F.);
#1623 = EDGE_CURVE('',#1624,#1598,#1626,.T.);
#1624 = VERTEX_POINT('',#1625);
#1625 = CARTESIAN_POINT('',(4.755,-8.014575763081,4.28058492907));
#1626 = B_SPLINE_CURVE_WITH_KNOTS('',2,(#1627,#1628,#1629),
  .UNSPECIFIED.,.F.,.F.,(3,3),(0.,1.),.PIECEWISE_BEZIER_KNOTS.);
#1627 = CARTESIAN_POINT('',(4.755,-8.014575763081,4.28058492907));
#1628 = CARTESIAN_POINT('',(4.755,-7.503197674419,4.805544049709));
#1629 = CARTESIAN_POINT('',(4.755,-7.503197674419,5.636076389826));
#1630 = ORIENTED_EDGE('',*,*,#1631,.T.);
#1631 = EDGE_CURVE('',#1624,#584,#1632,.T.);
#1632 = LINE('',#1633,#1634);
#1633 = CARTESIAN_POINT('',(4.755,-8.014575763081,4.28058492907));
#1634 = VECTOR('',#1635,1.);
#1635 = DIRECTION('',(1.,1.110223024625E-16,1.232595164408E-32));
#1636 = ORIENTED_EDGE('',*,*,#602,.F.);
#1637 = ORIENTED_EDGE('',*,*,#1605,.F.);
#1638 = SURFACE_OF_LINEAR_EXTRUSION('',#1639,#1643);
#1639 = B_SPLINE_CURVE_WITH_KNOTS('',2,(#1640,#1641,#1642),
  .UNSPECIFIED.,.F.,.F.,(3,3),(0.,1.),.PIECEWISE_BEZIER_KNOTS.);
#1640 = CARTESIAN_POINT('',(4.755,-8.014575763081,4.28058492907));
#1641 = CARTESIAN_POINT('',(4.755,-7.503197674419,4.805544049709));
#1642 = CARTESIAN_POINT('',(4.755,-7.503197674419,5.636076389826));
#1643 = VECTOR('',#1644,1.);
#1644 = DIRECTION('',(-1.,-1.110223024625E-16,-1.232595164408E-32));
#1645 = ADVANCED_FACE('',(#1646),#1664,.F.);
#1646 = FACE_BOUND('',#1647,.F.);
#1647 = EDGE_LOOP('',(#1648,#1656,#1662,#1663));
#1648 = ORIENTED_EDGE('',*,*,#1649,.F.);
#1649 = EDGE_CURVE('',#1650,#1624,#1652,.T.);
#1650 = VERTEX_POINT('',#1651);
#1651 = CARTESIAN_POINT('',(4.755,-9.303729106105,3.75562580843));
#1652 = B_SPLINE_CURVE_WITH_KNOTS('',2,(#1653,#1654,#1655),
  .UNSPECIFIED.,.F.,.F.,(3,3),(0.,1.),.PIECEWISE_BEZIER_KNOTS.);
#1653 = CARTESIAN_POINT('',(4.755,-9.303729106105,3.75562580843));
#1654 = CARTESIAN_POINT('',(4.755,-8.52543150436,3.75562580843));
#1655 = CARTESIAN_POINT('',(4.755,-8.014575763081,4.28058492907));
#1656 = ORIENTED_EDGE('',*,*,#1657,.T.);
#1657 = EDGE_CURVE('',#1650,#561,#1658,.T.);
#1658 = LINE('',#1659,#1660);
#1659 = CARTESIAN_POINT('',(4.755,-9.303729106105,3.75562580843));
#1660 = VECTOR('',#1661,1.);
#1661 = DIRECTION('',(1.,1.110223024625E-16,1.232595164408E-32));
#1662 = ORIENTED_EDGE('',*,*,#583,.F.);
#1663 = ORIENTED_EDGE('',*,*,#1631,.F.);
#1664 = SURFACE_OF_LINEAR_EXTRUSION('',#1665,#1669);
#1665 = B_SPLINE_CURVE_WITH_KNOTS('',2,(#1666,#1667,#1668),
  .UNSPECIFIED.,.F.,.F.,(3,3),(0.,1.),.PIECEWISE_BEZIER_KNOTS.);
#1666 = CARTESIAN_POINT('',(4.755,-9.303729106105,3.75562580843));
#1667 = CARTESIAN_POINT('',(4.755,-8.52543150436,3.75562580843));
#1668 = CARTESIAN_POINT('',(4.755,-8.014575763081,4.28058492907));
#1669 = VECTOR('',#1670,1.);
#1670 = DIRECTION('',(-1.,-1.110223024625E-16,-1.232595164408E-32));
#1671 = ADVANCED_FACE('',(#1672),#1690,.F.);
#1672 = FACE_BOUND('',#1673,.F.);
#1673 = EDGE_LOOP('',(#1674,#1682,#1688,#1689));
#1674 = ORIENTED_EDGE('',*,*,#1675,.F.);
#1675 = EDGE_CURVE('',#1676,#1650,#1678,.T.);
#1676 = VERTEX_POINT('',#1677);
#1677 = CARTESIAN_POINT('',(4.755,-10.75794422238,4.476465197965));
#1678 = B_SPLINE_CURVE_WITH_KNOTS('',2,(#1679,#1680,#1681),
  .UNSPECIFIED.,.F.,.F.,(3,3),(0.,1.),.PIECEWISE_BEZIER_KNOTS.);
#1679 = CARTESIAN_POINT('',(4.755,-10.75794422238,4.476465197965));
#1680 = CARTESIAN_POINT('',(4.755,-10.28626453488,3.75562580843));
#1681 = CARTESIAN_POINT('',(4.755,-9.303729106105,3.75562580843));
#1682 = ORIENTED_EDGE('',*,*,#1683,.T.);
#1683 = EDGE_CURVE('',#1676,#544,#1684,.T.);
#1684 = LINE('',#1685,#1686);
#1685 = CARTESIAN_POINT('',(4.755,-10.75794422238,4.476465197965));
#1686 = VECTOR('',#1687,1.);
#1687 = DIRECTION('',(1.,1.110223024625E-16,1.232595164408E-32));
#1688 = ORIENTED_EDGE('',*,*,#560,.F.);
#1689 = ORIENTED_EDGE('',*,*,#1657,.F.);
#1690 = SURFACE_OF_LINEAR_EXTRUSION('',#1691,#1695);
#1691 = B_SPLINE_CURVE_WITH_KNOTS('',2,(#1692,#1693,#1694),
  .UNSPECIFIED.,.F.,.F.,(3,3),(0.,1.),.PIECEWISE_BEZIER_KNOTS.);
#1692 = CARTESIAN_POINT('',(4.755,-10.75794422238,4.476465197965));
#1693 = CARTESIAN_POINT('',(4.755,-10.28626453488,3.75562580843));
#1694 = CARTESIAN_POINT('',(4.755,-9.303729106105,3.75562580843));
#1695 = VECTOR('',#1696,1.);
#1696 = DIRECTION('',(-1.,-1.110223024625E-16,-1.232595164408E-32));
#1697 = ADVANCED_FACE('',(#1698),#1716,.F.);
#1698 = FACE_BOUND('',#1699,.F.);
#1699 = EDGE_LOOP('',(#1700,#1708,#1714,#1715));
#1700 = ORIENTED_EDGE('',*,*,#1701,.F.);
#1701 = EDGE_CURVE('',#1702,#1676,#1704,.T.);
#1702 = VERTEX_POINT('',#1703);
#1703 = CARTESIAN_POINT('',(4.755,-11.22962390988,6.098353824419));
#1704 = B_SPLINE_CURVE_WITH_KNOTS('',2,(#1705,#1706,#1707),
  .UNSPECIFIED.,.F.,.F.,(3,3),(0.,1.),.PIECEWISE_BEZIER_KNOTS.);
#1705 = CARTESIAN_POINT('',(4.755,-11.22962390988,6.098353824419));
#1706 = CARTESIAN_POINT('',(4.755,-11.22962390988,5.1973045875));
#1707 = CARTESIAN_POINT('',(4.755,-10.75794422238,4.476465197965));
#1708 = ORIENTED_EDGE('',*,*,#1709,.T.);
#1709 = EDGE_CURVE('',#1702,#533,#1710,.T.);
#1710 = LINE('',#1711,#1712);
#1711 = CARTESIAN_POINT('',(4.755,-11.22962390988,6.098353824419));
#1712 = VECTOR('',#1713,1.);
#1713 = DIRECTION('',(1.,1.110223024625E-16,1.232595164408E-32));
#1714 = ORIENTED_EDGE('',*,*,#543,.F.);
#1715 = ORIENTED_EDGE('',*,*,#1683,.F.);
#1716 = SURFACE_OF_LINEAR_EXTRUSION('',#1717,#1721);
#1717 = B_SPLINE_CURVE_WITH_KNOTS('',2,(#1718,#1719,#1720),
  .UNSPECIFIED.,.F.,.F.,(3,3),(0.,1.),.PIECEWISE_BEZIER_KNOTS.);
#1718 = CARTESIAN_POINT('',(4.755,-11.22962390988,6.098353824419));
#1719 = CARTESIAN_POINT('',(4.755,-11.22962390988,5.1973045875));
#1720 = CARTESIAN_POINT('',(4.755,-10.75794422238,4.476465197965));
#1721 = VECTOR('',#1722,1.);
#1722 = DIRECTION('',(-1.,-1.110223024625E-16,-1.232595164408E-32));
#1723 = ADVANCED_FACE('',(#1724),#1742,.F.);
#1724 = FACE_BOUND('',#1725,.F.);
#1725 = EDGE_LOOP('',(#1726,#1734,#1740,#1741));
#1726 = ORIENTED_EDGE('',*,*,#1727,.F.);
#1727 = EDGE_CURVE('',#1728,#1702,#1730,.T.);
#1728 = VERTEX_POINT('',#1729);
#1729 = CARTESIAN_POINT('',(4.755,-11.21395348837,6.325574936337));
#1730 = B_SPLINE_CURVE_WITH_KNOTS('',2,(#1731,#1732,#1733),
  .UNSPECIFIED.,.F.,.F.,(3,3),(0.,1.),.PIECEWISE_BEZIER_KNOTS.);
#1731 = CARTESIAN_POINT('',(4.755,-11.21395348837,6.325574936337));
#1732 = CARTESIAN_POINT('',(4.755,-11.22962390988,6.184541142733));
#1733 = CARTESIAN_POINT('',(4.755,-11.22962390988,6.098353824419));
#1734 = ORIENTED_EDGE('',*,*,#1735,.T.);
#1735 = EDGE_CURVE('',#1728,#525,#1736,.T.);
#1736 = LINE('',#1737,#1738);
#1737 = CARTESIAN_POINT('',(4.755,-11.21395348837,6.325574936337));
#1738 = VECTOR('',#1739,1.);
#1739 = DIRECTION('',(1.,1.110223024625E-16,1.232595164408E-32));
#1740 = ORIENTED_EDGE('',*,*,#532,.F.);
#1741 = ORIENTED_EDGE('',*,*,#1709,.F.);
#1742 = SURFACE_OF_LINEAR_EXTRUSION('',#1743,#1747);
#1743 = B_SPLINE_CURVE_WITH_KNOTS('',2,(#1744,#1745,#1746),
  .UNSPECIFIED.,.F.,.F.,(3,3),(0.,1.),.PIECEWISE_BEZIER_KNOTS.);
#1744 = CARTESIAN_POINT('',(4.755,-11.21395348837,6.325574936337));
#1745 = CARTESIAN_POINT('',(4.755,-11.22962390988,6.184541142733));
#1746 = CARTESIAN_POINT('',(4.755,-11.22962390988,6.098353824419));
#1747 = VECTOR('',#1748,1.);
#1748 = DIRECTION('',(-1.,-1.110223024625E-16,-1.232595164408E-32));
#1749 = ADVANCED_FACE('',(#1750),#1768,.F.);
#1750 = FACE_BOUND('',#1751,.F.);
#1751 = EDGE_LOOP('',(#1752,#1760,#1766,#1767));
#1752 = ORIENTED_EDGE('',*,*,#1753,.F.);
#1753 = EDGE_CURVE('',#1754,#1728,#1756,.T.);
#1754 = VERTEX_POINT('',#1755);
#1755 = CARTESIAN_POINT('',(4.755,-12.45087209302,6.482279151453));
#1756 = LINE('',#1757,#1758);
#1757 = CARTESIAN_POINT('',(4.755,-12.45087209302,6.482279151453));
#1758 = VECTOR('',#1759,1.);
#1759 = DIRECTION('',(-1.101419237188E-16,0.992070253236,-0.125684576001
    ));
#1760 = ORIENTED_EDGE('',*,*,#1761,.T.);
#1761 = EDGE_CURVE('',#1754,#513,#1762,.T.);
#1762 = LINE('',#1763,#1764);
#1763 = CARTESIAN_POINT('',(4.755,-12.45087209302,6.482279151453));
#1764 = VECTOR('',#1765,1.);
#1765 = DIRECTION('',(1.,1.110223024625E-16,1.232595164408E-32));
#1766 = ORIENTED_EDGE('',*,*,#524,.F.);
#1767 = ORIENTED_EDGE('',*,*,#1735,.F.);
#1768 = PLANE('',#1769);
#1769 = AXIS2_PLACEMENT_3D('',#1770,#1771,#1772);
#1770 = CARTESIAN_POINT('',(4.755,-12.45087209302,6.482279151453));
#1771 = DIRECTION('',(-1.395379101167E-17,0.125684576001,0.992070253236)
  );
#1772 = DIRECTION('',(-1.101419237188E-16,0.992070253236,-0.125684576001
    ));
#1773 = ADVANCED_FACE('',(#1774),#1792,.F.);
#1774 = FACE_BOUND('',#1775,.F.);
#1775 = EDGE_LOOP('',(#1776,#1784,#1790,#1791));
#1776 = ORIENTED_EDGE('',*,*,#1777,.F.);
#1777 = EDGE_CURVE('',#1778,#1754,#1780,.T.);
#1778 = VERTEX_POINT('',#1779);
#1779 = CARTESIAN_POINT('',(4.755,-12.2941678779,5.487207385465));
#1780 = B_SPLINE_CURVE_WITH_KNOTS('',2,(#1781,#1782,#1783),
  .UNSPECIFIED.,.F.,.F.,(3,3),(0.,1.),.PIECEWISE_BEZIER_KNOTS.);
#1781 = CARTESIAN_POINT('',(4.755,-12.2941678779,5.487207385465));
#1782 = CARTESIAN_POINT('',(4.755,-12.2941678779,5.886803134012));
#1783 = CARTESIAN_POINT('',(4.755,-12.45087209302,6.482279151453));
#1784 = ORIENTED_EDGE('',*,*,#1785,.T.);
#1785 = EDGE_CURVE('',#1778,#494,#1786,.T.);
#1786 = LINE('',#1787,#1788);
#1787 = CARTESIAN_POINT('',(4.755,-12.2941678779,5.487207385465));
#1788 = VECTOR('',#1789,1.);
#1789 = DIRECTION('',(1.,1.110223024625E-16,1.232595164408E-32));
#1790 = ORIENTED_EDGE('',*,*,#512,.F.);
#1791 = ORIENTED_EDGE('',*,*,#1761,.F.);
#1792 = SURFACE_OF_LINEAR_EXTRUSION('',#1793,#1797);
#1793 = B_SPLINE_CURVE_WITH_KNOTS('',2,(#1794,#1795,#1796),
  .UNSPECIFIED.,.F.,.F.,(3,3),(0.,1.),.PIECEWISE_BEZIER_KNOTS.);
#1794 = CARTESIAN_POINT('',(4.755,-12.2941678779,5.487207385465));
#1795 = CARTESIAN_POINT('',(4.755,-12.2941678779,5.886803134012));
#1796 = CARTESIAN_POINT('',(4.755,-12.45087209302,6.482279151453));
#1797 = VECTOR('',#1798,1.);
#1798 = DIRECTION('',(-1.,-1.110223024625E-16,-1.232595164408E-32));
#1799 = ADVANCED_FACE('',(#1800),#1818,.F.);
#1800 = FACE_BOUND('',#1801,.F.);
#1801 = EDGE_LOOP('',(#1802,#1810,#1816,#1817));
#1802 = ORIENTED_EDGE('',*,*,#1803,.F.);
#1803 = EDGE_CURVE('',#1804,#1778,#1806,.T.);
#1804 = VERTEX_POINT('',#1805);
#1805 = CARTESIAN_POINT('',(4.755,-12.92568586482,3.873153969767));
#1806 = B_SPLINE_CURVE_WITH_KNOTS('',2,(#1807,#1808,#1809),
  .UNSPECIFIED.,.F.,.F.,(3,3),(0.,1.),.PIECEWISE_BEZIER_KNOTS.);
#1807 = CARTESIAN_POINT('',(4.755,-12.92568586482,3.873153969767));
#1808 = CARTESIAN_POINT('',(4.755,-12.2941678779,4.507806040988));
#1809 = CARTESIAN_POINT('',(4.755,-12.2941678779,5.487207385465));
#1810 = ORIENTED_EDGE('',*,*,#1811,.T.);
#1811 = EDGE_CURVE('',#1804,#475,#1812,.T.);
#1812 = LINE('',#1813,#1814);
#1813 = CARTESIAN_POINT('',(4.755,-12.92568586482,3.873153969767));
#1814 = VECTOR('',#1815,1.);
#1815 = DIRECTION('',(1.,1.110223024625E-16,1.232595164408E-32));
#1816 = ORIENTED_EDGE('',*,*,#493,.F.);
#1817 = ORIENTED_EDGE('',*,*,#1785,.F.);
#1818 = SURFACE_OF_LINEAR_EXTRUSION('',#1819,#1823);
#1819 = B_SPLINE_CURVE_WITH_KNOTS('',2,(#1820,#1821,#1822),
  .UNSPECIFIED.,.F.,.F.,(3,3),(0.,1.),.PIECEWISE_BEZIER_KNOTS.);
#1820 = CARTESIAN_POINT('',(4.755,-12.92568586482,3.873153969767));
#1821 = CARTESIAN_POINT('',(4.755,-12.2941678779,4.507806040988));
#1822 = CARTESIAN_POINT('',(4.755,-12.2941678779,5.487207385465));
#1823 = VECTOR('',#1824,1.);
#1824 = DIRECTION('',(-1.,-1.110223024625E-16,-1.232595164408E-32));
#1825 = ADVANCED_FACE('',(#1826),#1844,.F.);
#1826 = FACE_BOUND('',#1827,.F.);
#1827 = EDGE_LOOP('',(#1828,#1836,#1842,#1843));
#1828 = ORIENTED_EDGE('',*,*,#1829,.F.);
#1829 = EDGE_CURVE('',#1830,#1804,#1832,.T.);
#1830 = VERTEX_POINT('',#1831);
#1831 = CARTESIAN_POINT('',(4.755,-14.52981468023,3.238501898547));
#1832 = B_SPLINE_CURVE_WITH_KNOTS('',2,(#1833,#1834,#1835),
  .UNSPECIFIED.,.F.,.F.,(3,3),(0.,1.),.PIECEWISE_BEZIER_KNOTS.);
#1833 = CARTESIAN_POINT('',(4.755,-14.52981468023,3.238501898547));
#1834 = CARTESIAN_POINT('',(4.755,-13.55720385174,3.238501898547));
#1835 = CARTESIAN_POINT('',(4.755,-12.92568586482,3.873153969767));
#1836 = ORIENTED_EDGE('',*,*,#1837,.T.);
#1837 = EDGE_CURVE('',#1830,#456,#1838,.T.);
#1838 = LINE('',#1839,#1840);
#1839 = CARTESIAN_POINT('',(4.755,-14.52981468023,3.238501898547));
#1840 = VECTOR('',#1841,1.);
#1841 = DIRECTION('',(1.,1.110223024625E-16,1.232595164408E-32));
#1842 = ORIENTED_EDGE('',*,*,#474,.F.);
#1843 = ORIENTED_EDGE('',*,*,#1811,.F.);
#1844 = SURFACE_OF_LINEAR_EXTRUSION('',#1845,#1849);
#1845 = B_SPLINE_CURVE_WITH_KNOTS('',2,(#1846,#1847,#1848),
  .UNSPECIFIED.,.F.,.F.,(3,3),(0.,1.),.PIECEWISE_BEZIER_KNOTS.);
#1846 = CARTESIAN_POINT('',(4.755,-14.52981468023,3.238501898547));
#1847 = CARTESIAN_POINT('',(4.755,-13.55720385174,3.238501898547));
#1848 = CARTESIAN_POINT('',(4.755,-12.92568586482,3.873153969767));
#1849 = VECTOR('',#1850,1.);
#1850 = DIRECTION('',(-1.,-1.110223024625E-16,-1.232595164408E-32));
#1851 = ADVANCED_FACE('',(#1852),#1870,.F.);
#1852 = FACE_BOUND('',#1853,.F.);
#1853 = EDGE_LOOP('',(#1854,#1862,#1868,#1869));
#1854 = ORIENTED_EDGE('',*,*,#1855,.F.);
#1855 = EDGE_CURVE('',#1856,#1830,#1858,.T.);
#1856 = VERTEX_POINT('',#1857);
#1857 = CARTESIAN_POINT('',(4.755,-16.24050236191,3.924344013372));
#1858 = B_SPLINE_CURVE_WITH_KNOTS('',2,(#1859,#1860,#1861),
  .UNSPECIFIED.,.F.,.F.,(3,3),(0.,1.),.PIECEWISE_BEZIER_KNOTS.);
#1859 = CARTESIAN_POINT('',(4.755,-16.24050236191,3.924344013372));
#1860 = CARTESIAN_POINT('',(4.755,-15.54995912064,3.238501898547));
#1861 = CARTESIAN_POINT('',(4.755,-14.52981468023,3.238501898547));
#1862 = ORIENTED_EDGE('',*,*,#1863,.T.);
#1863 = EDGE_CURVE('',#1856,#433,#1864,.T.);
#1864 = LINE('',#1865,#1866);
#1865 = CARTESIAN_POINT('',(4.755,-16.24050236191,3.924344013372));
#1866 = VECTOR('',#1867,1.);
#1867 = DIRECTION('',(1.,1.110223024625E-16,1.232595164408E-32));
#1868 = ORIENTED_EDGE('',*,*,#455,.F.);
#1869 = ORIENTED_EDGE('',*,*,#1837,.F.);
#1870 = SURFACE_OF_LINEAR_EXTRUSION('',#1871,#1875);
#1871 = B_SPLINE_CURVE_WITH_KNOTS('',2,(#1872,#1873,#1874),
  .UNSPECIFIED.,.F.,.F.,(3,3),(0.,1.),.PIECEWISE_BEZIER_KNOTS.);
#1872 = CARTESIAN_POINT('',(4.755,-16.24050236191,3.924344013372));
#1873 = CARTESIAN_POINT('',(4.755,-15.54995912064,3.238501898547));
#1874 = CARTESIAN_POINT('',(4.755,-14.52981468023,3.238501898547));
#1875 = VECTOR('',#1876,1.);
#1876 = DIRECTION('',(-1.,-1.110223024625E-16,-1.232595164408E-32));
#1877 = ADVANCED_FACE('',(#1878),#1896,.F.);
#1878 = FACE_BOUND('',#1879,.F.);
#1879 = EDGE_LOOP('',(#1880,#1888,#1894,#1895));
#1880 = ORIENTED_EDGE('',*,*,#1881,.F.);
#1881 = EDGE_CURVE('',#1882,#1856,#1884,.T.);
#1882 = VERTEX_POINT('',#1883);
#1883 = CARTESIAN_POINT('',(4.755,-16.93052325581,5.604735546802));
#1884 = B_SPLINE_CURVE_WITH_KNOTS('',2,(#1885,#1886,#1887),
  .UNSPECIFIED.,.F.,.F.,(3,3),(0.,1.),.PIECEWISE_BEZIER_KNOTS.);
#1885 = CARTESIAN_POINT('',(4.755,-16.93052325581,5.604735546802));
#1886 = CARTESIAN_POINT('',(4.755,-16.93052325581,4.609663780814));
#1887 = CARTESIAN_POINT('',(4.755,-16.24050236191,3.924344013372));
#1888 = ORIENTED_EDGE('',*,*,#1889,.T.);
#1889 = EDGE_CURVE('',#1882,#414,#1890,.T.);
#1890 = LINE('',#1891,#1892);
#1891 = CARTESIAN_POINT('',(4.755,-16.93052325581,5.604735546802));
#1892 = VECTOR('',#1893,1.);
#1893 = DIRECTION('',(1.,1.110223024625E-16,1.232595164408E-32));
#1894 = ORIENTED_EDGE('',*,*,#432,.F.);
#1895 = ORIENTED_EDGE('',*,*,#1863,.F.);
#1896 = SURFACE_OF_LINEAR_EXTRUSION('',#1897,#1901);
#1897 = B_SPLINE_CURVE_WITH_KNOTS('',2,(#1898,#1899,#1900),
  .UNSPECIFIED.,.F.,.F.,(3,3),(0.,1.),.PIECEWISE_BEZIER_KNOTS.);
#1898 = CARTESIAN_POINT('',(4.755,-16.93052325581,5.604735546802));
#1899 = CARTESIAN_POINT('',(4.755,-16.93052325581,4.609663780814));
#1900 = CARTESIAN_POINT('',(4.755,-16.24050236191,3.924344013372));
#1901 = VECTOR('',#1902,1.);
#1902 = DIRECTION('',(-1.,-1.110223024625E-16,-1.232595164408E-32));
#1903 = ADVANCED_FACE('',(#1904),#1922,.F.);
#1904 = FACE_BOUND('',#1905,.F.);
#1905 = EDGE_LOOP('',(#1906,#1914,#1920,#1921));
#1906 = ORIENTED_EDGE('',*,*,#1907,.F.);
#1907 = EDGE_CURVE('',#1908,#1882,#1910,.T.);
#1908 = VERTEX_POINT('',#1909);
#1909 = CARTESIAN_POINT('',(4.755,-16.40556413517,7.027087472674));
#1910 = B_SPLINE_CURVE_WITH_KNOTS('',2,(#1911,#1912,#1913),
  .UNSPECIFIED.,.F.,.F.,(3,3),(0.,1.),.PIECEWISE_BEZIER_KNOTS.);
#1911 = CARTESIAN_POINT('',(4.755,-16.40556413517,7.027087472674));
#1912 = CARTESIAN_POINT('',(4.755,-16.93052325581,6.443103097674));
#1913 = CARTESIAN_POINT('',(4.755,-16.93052325581,5.604735546802));
#1914 = ORIENTED_EDGE('',*,*,#1915,.T.);
#1915 = EDGE_CURVE('',#1908,#391,#1916,.T.);
#1916 = LINE('',#1917,#1918);
#1917 = CARTESIAN_POINT('',(4.755,-16.40556413517,7.027087472674));
#1918 = VECTOR('',#1919,1.);
#1919 = DIRECTION('',(1.,1.110223024625E-16,1.232595164408E-32));
#1920 = ORIENTED_EDGE('',*,*,#413,.F.);
#1921 = ORIENTED_EDGE('',*,*,#1889,.F.);
#1922 = SURFACE_OF_LINEAR_EXTRUSION('',#1923,#1927);
#1923 = B_SPLINE_CURVE_WITH_KNOTS('',2,(#1924,#1925,#1926),
  .UNSPECIFIED.,.F.,.F.,(3,3),(0.,1.),.PIECEWISE_BEZIER_KNOTS.);
#1924 = CARTESIAN_POINT('',(4.755,-16.40556413517,7.027087472674));
#1925 = CARTESIAN_POINT('',(4.755,-16.93052325581,6.443103097674));
#1926 = CARTESIAN_POINT('',(4.755,-16.93052325581,5.604735546802));
#1927 = VECTOR('',#1928,1.);
#1928 = DIRECTION('',(-1.,-1.110223024625E-16,-1.232595164408E-32));
#1929 = ADVANCED_FACE('',(#1930),#1941,.F.);
#1930 = FACE_BOUND('',#1931,.F.);
#1931 = EDGE_LOOP('',(#1932,#1938,#1939,#1940));
#1932 = ORIENTED_EDGE('',*,*,#1933,.F.);
#1933 = EDGE_CURVE('',#1181,#1908,#1934,.T.);
#1934 = B_SPLINE_CURVE_WITH_KNOTS('',2,(#1935,#1936,#1937),
  .UNSPECIFIED.,.F.,.F.,(3,3),(0.,1.),.PIECEWISE_BEZIER_KNOTS.);
#1935 = CARTESIAN_POINT('',(4.755,-14.69069767441,7.853441033721));
#1936 = CARTESIAN_POINT('',(4.755,-15.88060501453,7.610549500291));
#1937 = CARTESIAN_POINT('',(4.755,-16.40556413517,7.027087472674));
#1938 = ORIENTED_EDGE('',*,*,#1195,.T.);
#1939 = ORIENTED_EDGE('',*,*,#390,.F.);
#1940 = ORIENTED_EDGE('',*,*,#1915,.F.);
#1941 = SURFACE_OF_LINEAR_EXTRUSION('',#1942,#1946);
#1942 = B_SPLINE_CURVE_WITH_KNOTS('',2,(#1943,#1944,#1945),
  .UNSPECIFIED.,.F.,.F.,(3,3),(0.,1.),.PIECEWISE_BEZIER_KNOTS.);
#1943 = CARTESIAN_POINT('',(4.755,-14.69069767441,7.853441033721));
#1944 = CARTESIAN_POINT('',(4.755,-15.88060501453,7.610549500291));
#1945 = CARTESIAN_POINT('',(4.755,-16.40556413517,7.027087472674));
#1946 = VECTOR('',#1947,1.);
#1947 = DIRECTION('',(-1.,-1.110223024625E-16,-1.232595164408E-32));
#1948 = ADVANCED_FACE('',(#1949),#1974,.F.);
#1949 = FACE_BOUND('',#1950,.F.);
#1950 = EDGE_LOOP('',(#1951,#1961,#1967,#1968));
#1951 = ORIENTED_EDGE('',*,*,#1952,.F.);
#1952 = EDGE_CURVE('',#1953,#1955,#1957,.T.);
#1953 = VERTEX_POINT('',#1954);
#1954 = CARTESIAN_POINT('',(4.755,-17.9,19.4599999));
#1955 = VERTEX_POINT('',#1956);
#1956 = CARTESIAN_POINT('',(4.755,-6.4,19.4599999));
#1957 = LINE('',#1958,#1959);
#1958 = CARTESIAN_POINT('',(4.755,-17.9,19.4599999));
#1959 = VECTOR('',#1960,1.);
#1960 = DIRECTION('',(-1.110223024625E-16,1.,1.110223024625E-16));
#1961 = ORIENTED_EDGE('',*,*,#1962,.T.);
#1962 = EDGE_CURVE('',#1953,#941,#1963,.T.);
#1963 = LINE('',#1964,#1965);
#1964 = CARTESIAN_POINT('',(4.755,-17.9,19.4599999));
#1965 = VECTOR('',#1966,1.);
#1966 = DIRECTION('',(1.,1.110223024625E-16,1.232595164408E-32));
#1967 = ORIENTED_EDGE('',*,*,#938,.F.);
#1968 = ORIENTED_EDGE('',*,*,#1969,.F.);
#1969 = EDGE_CURVE('',#1955,#939,#1970,.T.);
#1970 = LINE('',#1971,#1972);
#1971 = CARTESIAN_POINT('',(4.755,-6.4,19.4599999));
#1972 = VECTOR('',#1973,1.);
#1973 = DIRECTION('',(1.,1.110223024625E-16,1.232595164408E-32));
#1974 = PLANE('',#1975);
#1975 = AXIS2_PLACEMENT_3D('',#1976,#1977,#1978);
#1976 = CARTESIAN_POINT('',(4.755,-17.9,19.4599999));
#1977 = DIRECTION('',(0.,-1.110223024625E-16,1.));
#1978 = DIRECTION('',(-1.110223024625E-16,1.,1.110223024625E-16));
#1979 = ADVANCED_FACE('',(#1980),#1998,.F.);
#1980 = FACE_BOUND('',#1981,.F.);
#1981 = EDGE_LOOP('',(#1982,#1990,#1996,#1997));
#1982 = ORIENTED_EDGE('',*,*,#1983,.F.);
#1983 = EDGE_CURVE('',#1984,#1953,#1986,.T.);
#1984 = VERTEX_POINT('',#1985);
#1985 = CARTESIAN_POINT('',(4.755,-17.9,15.0801170875));
#1986 = LINE('',#1987,#1988);
#1987 = CARTESIAN_POINT('',(4.755,-17.9,15.0801170875));
#1988 = VECTOR('',#1989,1.);
#1989 = DIRECTION('',(0.,-1.110223024625E-16,1.));
#1990 = ORIENTED_EDGE('',*,*,#1991,.T.);
#1991 = EDGE_CURVE('',#1984,#1124,#1992,.T.);
#1992 = LINE('',#1993,#1994);
#1993 = CARTESIAN_POINT('',(4.755,-17.9,15.0801170875));
#1994 = VECTOR('',#1995,1.);
#1995 = DIRECTION('',(1.,1.110223024625E-16,1.232595164408E-32));
#1996 = ORIENTED_EDGE('',*,*,#1138,.F.);
#1997 = ORIENTED_EDGE('',*,*,#1962,.F.);
#1998 = PLANE('',#1999);
#1999 = AXIS2_PLACEMENT_3D('',#2000,#2001,#2002);
#2000 = CARTESIAN_POINT('',(4.755,-17.9,15.0801170875));
#2001 = DIRECTION('',(1.110223024625E-16,-1.,-1.110223024625E-16));
#2002 = DIRECTION('',(0.,-1.110223024625E-16,1.));
#2003 = ADVANCED_FACE('',(#2004),#2022,.F.);
#2004 = FACE_BOUND('',#2005,.F.);
#2005 = EDGE_LOOP('',(#2006,#2014,#2020,#2021));
#2006 = ORIENTED_EDGE('',*,*,#2007,.F.);
#2007 = EDGE_CURVE('',#2008,#1984,#2010,.T.);
#2008 = VERTEX_POINT('',#2009);
#2009 = CARTESIAN_POINT('',(4.755,-17.70777616279,13.227350917442));
#2010 = B_SPLINE_CURVE_WITH_KNOTS('',2,(#2011,#2012,#2013),
  .UNSPECIFIED.,.F.,.F.,(3,3),(0.,1.),.PIECEWISE_BEZIER_KNOTS.);
#2011 = CARTESIAN_POINT('',(4.755,-17.70777616279,13.227350917442));
#2012 = CARTESIAN_POINT('',(4.755,-17.9,13.983187581686));
#2013 = CARTESIAN_POINT('',(4.755,-17.9,15.0801170875));
#2014 = ORIENTED_EDGE('',*,*,#2015,.T.);
#2015 = EDGE_CURVE('',#2008,#1109,#2016,.T.);
#2016 = LINE('',#2017,#2018);
#2017 = CARTESIAN_POINT('',(4.755,-17.70777616279,13.227350917442));
#2018 = VECTOR('',#2019,1.);
#2019 = DIRECTION('',(1.,1.110223024625E-16,1.232595164408E-32));
#2020 = ORIENTED_EDGE('',*,*,#1123,.F.);
#2021 = ORIENTED_EDGE('',*,*,#1991,.F.);
#2022 = SURFACE_OF_LINEAR_EXTRUSION('',#2023,#2027);
#2023 = B_SPLINE_CURVE_WITH_KNOTS('',2,(#2024,#2025,#2026),
  .UNSPECIFIED.,.F.,.F.,(3,3),(0.,1.),.PIECEWISE_BEZIER_KNOTS.);
#2024 = CARTESIAN_POINT('',(4.755,-17.70777616279,13.227350917442));
#2025 = CARTESIAN_POINT('',(4.755,-17.9,13.983187581686));
#2026 = CARTESIAN_POINT('',(4.755,-17.9,15.0801170875));
#2027 = VECTOR('',#2028,1.);
#2028 = DIRECTION('',(-1.,-1.110223024625E-16,-1.232595164408E-32));
#2029 = ADVANCED_FACE('',(#2030),#2048,.F.);
#2030 = FACE_BOUND('',#2031,.F.);
#2031 = EDGE_LOOP('',(#2032,#2040,#2046,#2047));
#2032 = ORIENTED_EDGE('',*,*,#2033,.F.);
#2033 = EDGE_CURVE('',#2034,#2008,#2036,.T.);
#2034 = VERTEX_POINT('',#2035);
#2035 = CARTESIAN_POINT('',(4.755,-17.1394622093,11.969538417442));
#2036 = B_SPLINE_CURVE_WITH_KNOTS('',2,(#2037,#2038,#2039),
  .UNSPECIFIED.,.F.,.F.,(3,3),(0.,1.),.PIECEWISE_BEZIER_KNOTS.);
#2037 = CARTESIAN_POINT('',(4.755,-17.1394622093,11.969538417442));
#2038 = CARTESIAN_POINT('',(4.755,-17.51555232558,12.470991905814));
#2039 = CARTESIAN_POINT('',(4.755,-17.70777616279,13.227350917442));
#2040 = ORIENTED_EDGE('',*,*,#2041,.T.);
#2041 = EDGE_CURVE('',#2034,#1094,#2042,.T.);
#2042 = LINE('',#2043,#2044);
#2043 = CARTESIAN_POINT('',(4.755,-17.1394622093,11.969538417442));
#2044 = VECTOR('',#2045,1.);
#2045 = DIRECTION('',(1.,1.110223024625E-16,1.232595164408E-32));
#2046 = ORIENTED_EDGE('',*,*,#1108,.F.);
#2047 = ORIENTED_EDGE('',*,*,#2015,.F.);
#2048 = SURFACE_OF_LINEAR_EXTRUSION('',#2049,#2053);
#2049 = B_SPLINE_CURVE_WITH_KNOTS('',2,(#2050,#2051,#2052),
  .UNSPECIFIED.,.F.,.F.,(3,3),(0.,1.),.PIECEWISE_BEZIER_KNOTS.);
#2050 = CARTESIAN_POINT('',(4.755,-17.1394622093,11.969538417442));
#2051 = CARTESIAN_POINT('',(4.755,-17.51555232558,12.470991905814));
#2052 = CARTESIAN_POINT('',(4.755,-17.70777616279,13.227350917442));
#2053 = VECTOR('',#2054,1.);
#2054 = DIRECTION('',(-1.,-1.110223024625E-16,-1.232595164408E-32));
#2055 = ADVANCED_FACE('',(#2056),#2074,.F.);
#2056 = FACE_BOUND('',#2057,.F.);
#2057 = EDGE_LOOP('',(#2058,#2066,#2072,#2073));
#2058 = ORIENTED_EDGE('',*,*,#2059,.F.);
#2059 = EDGE_CURVE('',#2060,#2034,#2062,.T.);
#2060 = VERTEX_POINT('',#2061);
#2061 = CARTESIAN_POINT('',(4.755,-16.06865007267,11.127514434884));
#2062 = B_SPLINE_CURVE_WITH_KNOTS('',2,(#2063,#2064,#2065),
  .UNSPECIFIED.,.F.,.F.,(3,3),(0.,1.),.PIECEWISE_BEZIER_KNOTS.);
#2063 = CARTESIAN_POINT('',(4.755,-16.06865007267,11.127514434884));
#2064 = CARTESIAN_POINT('',(4.755,-16.76284974564,11.46808492907));
#2065 = CARTESIAN_POINT('',(4.755,-17.1394622093,11.969538417442));
#2066 = ORIENTED_EDGE('',*,*,#2067,.T.);
#2067 = EDGE_CURVE('',#2060,#1079,#2068,.T.);
#2068 = LINE('',#2069,#2070);
#2069 = CARTESIAN_POINT('',(4.755,-16.06865007267,11.127514434884));
#2070 = VECTOR('',#2071,1.);
#2071 = DIRECTION('',(1.,1.110223024625E-16,1.232595164408E-32));
#2072 = ORIENTED_EDGE('',*,*,#1093,.F.);
#2073 = ORIENTED_EDGE('',*,*,#2041,.F.);
#2074 = SURFACE_OF_LINEAR_EXTRUSION('',#2075,#2079);
#2075 = B_SPLINE_CURVE_WITH_KNOTS('',2,(#2076,#2077,#2078),
  .UNSPECIFIED.,.F.,.F.,(3,3),(0.,1.),.PIECEWISE_BEZIER_KNOTS.);
#2076 = CARTESIAN_POINT('',(4.755,-16.06865007267,11.127514434884));
#2077 = CARTESIAN_POINT('',(4.755,-16.76284974564,11.46808492907));
#2078 = CARTESIAN_POINT('',(4.755,-17.1394622093,11.969538417442));
#2079 = VECTOR('',#2080,1.);
#2080 = DIRECTION('',(-1.,-1.110223024625E-16,-1.232595164408E-32));
#2081 = ADVANCED_FACE('',(#2082),#2100,.F.);
#2082 = FACE_BOUND('',#2083,.F.);
#2083 = EDGE_LOOP('',(#2084,#2092,#2098,#2099));
#2084 = ORIENTED_EDGE('',*,*,#2085,.F.);
#2085 = EDGE_CURVE('',#2086,#2060,#2088,.T.);
#2086 = VERTEX_POINT('',#2087);
#2087 = CARTESIAN_POINT('',(4.755,-14.56637899709,10.786421593314));
#2088 = B_SPLINE_CURVE_WITH_KNOTS('',2,(#2089,#2090,#2091),
  .UNSPECIFIED.,.F.,.F.,(3,3),(0.,1.),.PIECEWISE_BEZIER_KNOTS.);
#2089 = CARTESIAN_POINT('',(4.755,-14.56637899709,10.786421593314));
#2090 = CARTESIAN_POINT('',(4.755,-15.3744503997,10.786421593314));
#2091 = CARTESIAN_POINT('',(4.755,-16.06865007267,11.127514434884));
#2092 = ORIENTED_EDGE('',*,*,#2093,.T.);
#2093 = EDGE_CURVE('',#2086,#1060,#2094,.T.);
#2094 = LINE('',#2095,#2096);
#2095 = CARTESIAN_POINT('',(4.755,-14.56637899709,10.786421593314));
#2096 = VECTOR('',#2097,1.);
#2097 = DIRECTION('',(1.,1.110223024625E-16,1.232595164408E-32));
#2098 = ORIENTED_EDGE('',*,*,#1078,.F.);
#2099 = ORIENTED_EDGE('',*,*,#2067,.F.);
#2100 = SURFACE_OF_LINEAR_EXTRUSION('',#2101,#2105);
#2101 = B_SPLINE_CURVE_WITH_KNOTS('',2,(#2102,#2103,#2104),
  .UNSPECIFIED.,.F.,.F.,(3,3),(0.,1.),.PIECEWISE_BEZIER_KNOTS.);
#2102 = CARTESIAN_POINT('',(4.755,-14.56637899709,10.786421593314));
#2103 = CARTESIAN_POINT('',(4.755,-15.3744503997,10.786421593314));
#2104 = CARTESIAN_POINT('',(4.755,-16.06865007267,11.127514434884));
#2105 = VECTOR('',#2106,1.);
#2106 = DIRECTION('',(-1.,-1.110223024625E-16,-1.232595164408E-32));
#2107 = ADVANCED_FACE('',(#2108),#2126,.F.);
#2108 = FACE_BOUND('',#2109,.F.);
#2109 = EDGE_LOOP('',(#2110,#2118,#2124,#2125));
#2110 = ORIENTED_EDGE('',*,*,#2111,.F.);
#2111 = EDGE_CURVE('',#2112,#2086,#2114,.T.);
#2112 = VERTEX_POINT('',#2113);
#2113 = CARTESIAN_POINT('',(4.755,-12.82539516715,11.346900336047));
#2114 = B_SPLINE_CURVE_WITH_KNOTS('',2,(#2115,#2116,#2117),
  .UNSPECIFIED.,.F.,.F.,(3,3),(0.,1.),.PIECEWISE_BEZIER_KNOTS.);
#2115 = CARTESIAN_POINT('',(4.755,-12.82539516715,11.346900336047));
#2116 = CARTESIAN_POINT('',(4.755,-13.56242732558,10.786421593314));
#2117 = CARTESIAN_POINT('',(4.755,-14.56637899709,10.786421593314));
#2118 = ORIENTED_EDGE('',*,*,#2119,.T.);
#2119 = EDGE_CURVE('',#2112,#1038,#2120,.T.);
#2120 = LINE('',#2121,#2122);
#2121 = CARTESIAN_POINT('',(4.755,-12.82539516715,11.346900336047));
#2122 = VECTOR('',#2123,1.);
#2123 = DIRECTION('',(1.,1.110223024625E-16,1.232595164408E-32));
#2124 = ORIENTED_EDGE('',*,*,#1059,.F.);
#2125 = ORIENTED_EDGE('',*,*,#2093,.F.);
#2126 = SURFACE_OF_LINEAR_EXTRUSION('',#2127,#2131);
#2127 = B_SPLINE_CURVE_WITH_KNOTS('',2,(#2128,#2129,#2130),
  .UNSPECIFIED.,.F.,.F.,(3,3),(0.,1.),.PIECEWISE_BEZIER_KNOTS.);
#2128 = CARTESIAN_POINT('',(4.755,-12.82539516715,11.346900336047));
#2129 = CARTESIAN_POINT('',(4.755,-13.56242732558,10.786421593314));
#2130 = CARTESIAN_POINT('',(4.755,-14.56637899709,10.786421593314));
#2131 = VECTOR('',#2132,1.);
#2132 = DIRECTION('',(-1.,-1.110223024625E-16,-1.232595164408E-32));
#2133 = ADVANCED_FACE('',(#2134),#2152,.F.);
#2134 = FACE_BOUND('',#2135,.F.);
#2135 = EDGE_LOOP('',(#2136,#2144,#2150,#2151));
#2136 = ORIENTED_EDGE('',*,*,#2137,.F.);
#2137 = EDGE_CURVE('',#2138,#2112,#2140,.T.);
#2138 = VERTEX_POINT('',#2139);
#2139 = CARTESIAN_POINT('',(4.755,-11.78226744186,12.948939761919));
#2140 = B_SPLINE_CURVE_WITH_KNOTS('',2,(#2141,#2142,#2143),
  .UNSPECIFIED.,.F.,.F.,(3,3),(0.,1.),.PIECEWISE_BEZIER_KNOTS.);
#2141 = CARTESIAN_POINT('',(4.755,-11.78226744186,12.948939761919));
#2142 = CARTESIAN_POINT('',(4.755,-12.08836300872,11.906856731395));
#2143 = CARTESIAN_POINT('',(4.755,-12.82539516715,11.346900336047));
#2144 = ORIENTED_EDGE('',*,*,#2145,.T.);
#2145 = EDGE_CURVE('',#2138,#1021,#2146,.T.);
#2146 = LINE('',#2147,#2148);
#2147 = CARTESIAN_POINT('',(4.755,-11.78226744186,12.948939761919));
#2148 = VECTOR('',#2149,1.);
#2149 = DIRECTION('',(1.,1.110223024625E-16,1.232595164408E-32));
#2150 = ORIENTED_EDGE('',*,*,#1037,.F.);
#2151 = ORIENTED_EDGE('',*,*,#2119,.F.);
#2152 = SURFACE_OF_LINEAR_EXTRUSION('',#2153,#2157);
#2153 = B_SPLINE_CURVE_WITH_KNOTS('',2,(#2154,#2155,#2156),
  .UNSPECIFIED.,.F.,.F.,(3,3),(0.,1.),.PIECEWISE_BEZIER_KNOTS.);
#2154 = CARTESIAN_POINT('',(4.755,-11.78226744186,12.948939761919));
#2155 = CARTESIAN_POINT('',(4.755,-12.08836300872,11.906856731395));
#2156 = CARTESIAN_POINT('',(4.755,-12.82539516715,11.346900336047));
#2157 = VECTOR('',#2158,1.);
#2158 = DIRECTION('',(-1.,-1.110223024625E-16,-1.232595164408E-32));
#2159 = ADVANCED_FACE('',(#2160),#2178,.F.);
#2160 = FACE_BOUND('',#2161,.F.);
#2161 = EDGE_LOOP('',(#2162,#2170,#2176,#2177));
#2162 = ORIENTED_EDGE('',*,*,#2163,.F.);
#2163 = EDGE_CURVE('',#2164,#2138,#2166,.T.);
#2164 = VERTEX_POINT('',#2165);
#2165 = CARTESIAN_POINT('',(4.755,-10.73130450581,11.742317305523));
#2166 = B_SPLINE_CURVE_WITH_KNOTS('',2,(#2167,#2168,#2169),
  .UNSPECIFIED.,.F.,.F.,(3,3),(0.,1.),.PIECEWISE_BEZIER_KNOTS.);
#2167 = CARTESIAN_POINT('',(4.755,-10.73130450581,11.742317305523));
#2168 = CARTESIAN_POINT('',(4.755,-11.38214934593,12.14191305407));
#2169 = CARTESIAN_POINT('',(4.755,-11.78226744186,12.948939761919));
#2170 = ORIENTED_EDGE('',*,*,#2171,.T.);
#2171 = EDGE_CURVE('',#2164,#1006,#2172,.T.);
#2172 = LINE('',#2173,#2174);
#2173 = CARTESIAN_POINT('',(4.755,-10.73130450581,11.742317305523));
#2174 = VECTOR('',#2175,1.);
#2175 = DIRECTION('',(1.,1.110223024625E-16,1.232595164408E-32));
#2176 = ORIENTED_EDGE('',*,*,#1020,.F.);
#2177 = ORIENTED_EDGE('',*,*,#2145,.F.);
#2178 = SURFACE_OF_LINEAR_EXTRUSION('',#2179,#2183);
#2179 = B_SPLINE_CURVE_WITH_KNOTS('',2,(#2180,#2181,#2182),
  .UNSPECIFIED.,.F.,.F.,(3,3),(0.,1.),.PIECEWISE_BEZIER_KNOTS.);
#2180 = CARTESIAN_POINT('',(4.755,-10.73130450581,11.742317305523));
#2181 = CARTESIAN_POINT('',(4.755,-11.38214934593,12.14191305407));
#2182 = CARTESIAN_POINT('',(4.755,-11.78226744186,12.948939761919));
#2183 = VECTOR('',#2184,1.);
#2184 = DIRECTION('',(-1.,-1.110223024625E-16,-1.232595164408E-32));
#2185 = ADVANCED_FACE('',(#2186),#2204,.F.);
#2186 = FACE_BOUND('',#2187,.F.);
#2187 = EDGE_LOOP('',(#2188,#2196,#2202,#2203));
#2188 = ORIENTED_EDGE('',*,*,#2189,.F.);
#2189 = EDGE_CURVE('',#2190,#2164,#2192,.T.);
#2190 = VERTEX_POINT('',#2191);
#2191 = CARTESIAN_POINT('',(4.755,-9.3423828125,11.342721556977));
#2192 = B_SPLINE_CURVE_WITH_KNOTS('',2,(#2193,#2194,#2195),
  .UNSPECIFIED.,.F.,.F.,(3,3),(0.,1.),.PIECEWISE_BEZIER_KNOTS.);
#2193 = CARTESIAN_POINT('',(4.755,-9.3423828125,11.342721556977));
#2194 = CARTESIAN_POINT('',(4.755,-10.07993731831,11.342721556977));
#2195 = CARTESIAN_POINT('',(4.755,-10.73130450581,11.742317305523));
#2196 = ORIENTED_EDGE('',*,*,#2197,.T.);
#2197 = EDGE_CURVE('',#2190,#989,#2198,.T.);
#2198 = LINE('',#2199,#2200);
#2199 = CARTESIAN_POINT('',(4.755,-9.3423828125,11.342721556977));
#2200 = VECTOR('',#2201,1.);
#2201 = DIRECTION('',(1.,1.110223024625E-16,1.232595164408E-32));
#2202 = ORIENTED_EDGE('',*,*,#1005,.F.);
#2203 = ORIENTED_EDGE('',*,*,#2171,.F.);
#2204 = SURFACE_OF_LINEAR_EXTRUSION('',#2205,#2209);
#2205 = B_SPLINE_CURVE_WITH_KNOTS('',2,(#2206,#2207,#2208),
  .UNSPECIFIED.,.F.,.F.,(3,3),(0.,1.),.PIECEWISE_BEZIER_KNOTS.);
#2206 = CARTESIAN_POINT('',(4.755,-9.3423828125,11.342721556977));
#2207 = CARTESIAN_POINT('',(4.755,-10.07993731831,11.342721556977));
#2208 = CARTESIAN_POINT('',(4.755,-10.73130450581,11.742317305523));
#2209 = VECTOR('',#2210,1.);
#2210 = DIRECTION('',(-1.,-1.110223024625E-16,-1.232595164408E-32));
#2211 = ADVANCED_FACE('',(#2212),#2230,.F.);
#2212 = FACE_BOUND('',#2213,.F.);
#2213 = EDGE_LOOP('',(#2214,#2222,#2228,#2229));
#2214 = ORIENTED_EDGE('',*,*,#2215,.F.);
#2215 = EDGE_CURVE('',#2216,#2190,#2218,.T.);
#2216 = VERTEX_POINT('',#2217);
#2217 = CARTESIAN_POINT('',(4.755,-7.824441315407,11.793507349128));
#2218 = B_SPLINE_CURVE_WITH_KNOTS('',2,(#2219,#2220,#2221),
  .UNSPECIFIED.,.F.,.F.,(3,3),(0.,1.),.PIECEWISE_BEZIER_KNOTS.);
#2219 = CARTESIAN_POINT('',(4.755,-7.824441315407,11.793507349128));
#2220 = CARTESIAN_POINT('',(4.755,-8.549981831395,11.342721556977));
#2221 = CARTESIAN_POINT('',(4.755,-9.3423828125,11.342721556977));
#2222 = ORIENTED_EDGE('',*,*,#2223,.T.);
#2223 = EDGE_CURVE('',#2216,#974,#2224,.T.);
#2224 = LINE('',#2225,#2226);
#2225 = CARTESIAN_POINT('',(4.755,-7.824441315407,11.793507349128));
#2226 = VECTOR('',#2227,1.);
#2227 = DIRECTION('',(1.,1.110223024625E-16,1.232595164408E-32));
#2228 = ORIENTED_EDGE('',*,*,#988,.F.);
#2229 = ORIENTED_EDGE('',*,*,#2197,.F.);
#2230 = SURFACE_OF_LINEAR_EXTRUSION('',#2231,#2235);
#2231 = B_SPLINE_CURVE_WITH_KNOTS('',2,(#2232,#2233,#2234),
  .UNSPECIFIED.,.F.,.F.,(3,3),(0.,1.),.PIECEWISE_BEZIER_KNOTS.);
#2232 = CARTESIAN_POINT('',(4.755,-7.824441315407,11.793507349128));
#2233 = CARTESIAN_POINT('',(4.755,-8.549981831395,11.342721556977));
#2234 = CARTESIAN_POINT('',(4.755,-9.3423828125,11.342721556977));
#2235 = VECTOR('',#2236,1.);
#2236 = DIRECTION('',(-1.,-1.110223024625E-16,-1.232595164408E-32));
#2237 = ADVANCED_FACE('',(#2238),#2256,.F.);
#2238 = FACE_BOUND('',#2239,.F.);
#2239 = EDGE_LOOP('',(#2240,#2248,#2254,#2255));
#2240 = ORIENTED_EDGE('',*,*,#2241,.F.);
#2241 = EDGE_CURVE('',#2242,#2216,#2244,.T.);
#2242 = VERTEX_POINT('',#2243);
#2243 = CARTESIAN_POINT('',(4.755,-6.749450399709,13.039305859302));
#2244 = B_SPLINE_CURVE_WITH_KNOTS('',2,(#2245,#2246,#2247),
  .UNSPECIFIED.,.F.,.F.,(3,3),(0.,1.),.PIECEWISE_BEZIER_KNOTS.);
#2245 = CARTESIAN_POINT('',(4.755,-6.749450399709,13.039305859302));
#2246 = CARTESIAN_POINT('',(4.755,-7.098378452035,12.243770793895));
#2247 = CARTESIAN_POINT('',(4.755,-7.824441315407,11.793507349128));
#2248 = ORIENTED_EDGE('',*,*,#2249,.T.);
#2249 = EDGE_CURVE('',#2242,#957,#2250,.T.);
#2250 = LINE('',#2251,#2252);
#2251 = CARTESIAN_POINT('',(4.755,-6.749450399709,13.039305859302));
#2252 = VECTOR('',#2253,1.);
#2253 = DIRECTION('',(1.,1.110223024625E-16,1.232595164408E-32));
#2254 = ORIENTED_EDGE('',*,*,#973,.F.);
#2255 = ORIENTED_EDGE('',*,*,#2223,.F.);
#2256 = SURFACE_OF_LINEAR_EXTRUSION('',#2257,#2261);
#2257 = B_SPLINE_CURVE_WITH_KNOTS('',2,(#2258,#2259,#2260),
  .UNSPECIFIED.,.F.,.F.,(3,3),(0.,1.),.PIECEWISE_BEZIER_KNOTS.);
#2258 = CARTESIAN_POINT('',(4.755,-6.749450399709,13.039305859302));
#2259 = CARTESIAN_POINT('',(4.755,-7.098378452035,12.243770793895));
#2260 = CARTESIAN_POINT('',(4.755,-7.824441315407,11.793507349128));
#2261 = VECTOR('',#2262,1.);
#2262 = DIRECTION('',(-1.,-1.110223024625E-16,-1.232595164408E-32));
#2263 = ADVANCED_FACE('',(#2264),#2282,.F.);
#2264 = FACE_BOUND('',#2265,.F.);
#2265 = EDGE_LOOP('',(#2266,#2274,#2280,#2281));
#2266 = ORIENTED_EDGE('',*,*,#2267,.F.);
#2267 = EDGE_CURVE('',#2268,#2242,#2270,.T.);
#2268 = VERTEX_POINT('',#2269);
#2269 = CARTESIAN_POINT('',(4.755,-6.4,15.150633984302));
#2270 = B_SPLINE_CURVE_WITH_KNOTS('',2,(#2271,#2272,#2273),
  .UNSPECIFIED.,.F.,.F.,(3,3),(0.,1.),.PIECEWISE_BEZIER_KNOTS.);
#2271 = CARTESIAN_POINT('',(4.755,-6.4,15.150633984302));
#2272 = CARTESIAN_POINT('',(4.755,-6.4,13.834318577326));
#2273 = CARTESIAN_POINT('',(4.755,-6.749450399709,13.039305859302));
#2274 = ORIENTED_EDGE('',*,*,#2275,.T.);
#2275 = EDGE_CURVE('',#2268,#949,#2276,.T.);
#2276 = LINE('',#2277,#2278);
#2277 = CARTESIAN_POINT('',(4.755,-6.4,15.150633984302));
#2278 = VECTOR('',#2279,1.);
#2279 = DIRECTION('',(1.,1.110223024625E-16,1.232595164408E-32));
#2280 = ORIENTED_EDGE('',*,*,#956,.F.);
#2281 = ORIENTED_EDGE('',*,*,#2249,.F.);
#2282 = SURFACE_OF_LINEAR_EXTRUSION('',#2283,#2287);
#2283 = B_SPLINE_CURVE_WITH_KNOTS('',2,(#2284,#2285,#2286),
  .UNSPECIFIED.,.F.,.F.,(3,3),(0.,1.),.PIECEWISE_BEZIER_KNOTS.);
#2284 = CARTESIAN_POINT('',(4.755,-6.4,15.150633984302));
#2285 = CARTESIAN_POINT('',(4.755,-6.4,13.834318577326));
#2286 = CARTESIAN_POINT('',(4.755,-6.749450399709,13.039305859302));
#2287 = VECTOR('',#2288,1.);
#2288 = DIRECTION('',(-1.,-1.110223024625E-16,-1.232595164408E-32));
#2289 = ADVANCED_FACE('',(#2290),#2301,.F.);
#2290 = FACE_BOUND('',#2291,.F.);
#2291 = EDGE_LOOP('',(#2292,#2298,#2299,#2300));
#2292 = ORIENTED_EDGE('',*,*,#2293,.F.);
#2293 = EDGE_CURVE('',#1955,#2268,#2294,.T.);
#2294 = LINE('',#2295,#2296);
#2295 = CARTESIAN_POINT('',(4.755,-6.4,19.4599999));
#2296 = VECTOR('',#2297,1.);
#2297 = DIRECTION('',(0.,1.110223024625E-16,-1.));
#2298 = ORIENTED_EDGE('',*,*,#1969,.T.);
#2299 = ORIENTED_EDGE('',*,*,#948,.F.);
#2300 = ORIENTED_EDGE('',*,*,#2275,.F.);
#2301 = PLANE('',#2302);
#2302 = AXIS2_PLACEMENT_3D('',#2303,#2304,#2305);
#2303 = CARTESIAN_POINT('',(4.755,-6.4,19.4599999));
#2304 = DIRECTION('',(-1.110223024625E-16,1.,1.110223024625E-16));
#2305 = DIRECTION('',(0.,1.110223024625E-16,-1.));
#2306 = ADVANCED_FACE('',(#2307),#2339,.T.);
#2307 = FACE_BOUND('',#2308,.T.);
#2308 = EDGE_LOOP('',(#2309,#2310,#2311,#2312,#2313,#2314,#2315,#2316,
    #2317,#2318,#2319,#2320,#2321,#2322,#2323,#2324,#2325,#2326,#2327,
    #2328,#2329,#2330,#2331,#2332,#2333,#2334,#2335,#2336,#2337,#2338));
#2309 = ORIENTED_EDGE('',*,*,#1178,.F.);
#2310 = ORIENTED_EDGE('',*,*,#1209,.F.);
#2311 = ORIENTED_EDGE('',*,*,#1235,.F.);
#2312 = ORIENTED_EDGE('',*,*,#1261,.F.);
#2313 = ORIENTED_EDGE('',*,*,#1287,.F.);
#2314 = ORIENTED_EDGE('',*,*,#1313,.F.);
#2315 = ORIENTED_EDGE('',*,*,#1339,.F.);
#2316 = ORIENTED_EDGE('',*,*,#1365,.F.);
#2317 = ORIENTED_EDGE('',*,*,#1391,.F.);
#2318 = ORIENTED_EDGE('',*,*,#1417,.F.);
#2319 = ORIENTED_EDGE('',*,*,#1443,.F.);
#2320 = ORIENTED_EDGE('',*,*,#1469,.F.);
#2321 = ORIENTED_EDGE('',*,*,#1495,.F.);
#2322 = ORIENTED_EDGE('',*,*,#1521,.F.);
#2323 = ORIENTED_EDGE('',*,*,#1547,.F.);
#2324 = ORIENTED_EDGE('',*,*,#1571,.F.);
#2325 = ORIENTED_EDGE('',*,*,#1597,.F.);
#2326 = ORIENTED_EDGE('',*,*,#1623,.F.);
#2327 = ORIENTED_EDGE('',*,*,#1649,.F.);
#2328 = ORIENTED_EDGE('',*,*,#1675,.F.);
#2329 = ORIENTED_EDGE('',*,*,#1701,.F.);
#2330 = ORIENTED_EDGE('',*,*,#1727,.F.);
#2331 = ORIENTED_EDGE('',*,*,#1753,.F.);
#2332 = ORIENTED_EDGE('',*,*,#1777,.F.);
#2333 = ORIENTED_EDGE('',*,*,#1803,.F.);
#2334 = ORIENTED_EDGE('',*,*,#1829,.F.);
#2335 = ORIENTED_EDGE('',*,*,#1855,.F.);
#2336 = ORIENTED_EDGE('',*,*,#1881,.F.);
#2337 = ORIENTED_EDGE('',*,*,#1907,.F.);
#2338 = ORIENTED_EDGE('',*,*,#1933,.F.);
#2339 = PLANE('',#2340);
#2340 = AXIS2_PLACEMENT_3D('',#2341,#2342,#2343);
#2341 = CARTESIAN_POINT('',(4.755,-12.21080599353,11.121212891413));
#2342 = DIRECTION('',(1.,1.110223024625E-16,1.232595164408E-32));
#2343 = DIRECTION('',(0.,1.110223024625E-16,-1.));
#2344 = ADVANCED_FACE('',(#2345,#2361,#2443),#2517,.T.);
#2345 = FACE_BOUND('',#2346,.T.);
#2346 = EDGE_LOOP('',(#2347,#2348,#2349,#2350,#2351,#2352,#2353,#2354,
    #2355,#2356,#2357,#2358,#2359,#2360));
#2347 = ORIENTED_EDGE('',*,*,#1952,.F.);
#2348 = ORIENTED_EDGE('',*,*,#1983,.F.);
#2349 = ORIENTED_EDGE('',*,*,#2007,.F.);
#2350 = ORIENTED_EDGE('',*,*,#2033,.F.);
#2351 = ORIENTED_EDGE('',*,*,#2059,.F.);
#2352 = ORIENTED_EDGE('',*,*,#2085,.F.);
#2353 = ORIENTED_EDGE('',*,*,#2111,.F.);
#2354 = ORIENTED_EDGE('',*,*,#2137,.F.);
#2355 = ORIENTED_EDGE('',*,*,#2163,.F.);
#2356 = ORIENTED_EDGE('',*,*,#2189,.F.);
#2357 = ORIENTED_EDGE('',*,*,#2215,.F.);
#2358 = ORIENTED_EDGE('',*,*,#2241,.F.);
#2359 = ORIENTED_EDGE('',*,*,#2267,.F.);
#2360 = ORIENTED_EDGE('',*,*,#2293,.F.);
#2361 = FACE_BOUND('',#2362,.T.);
#2362 = EDGE_LOOP('',(#2363,#2373,#2381,#2389,#2397,#2405,#2413,#2421,
    #2429,#2437));
#2363 = ORIENTED_EDGE('',*,*,#2364,.F.);
#2364 = EDGE_CURVE('',#2365,#2367,#2369,.T.);
#2365 = VERTEX_POINT('',#2366);
#2366 = CARTESIAN_POINT('',(4.755,-16.52936046511,17.939969013372));
#2367 = VERTEX_POINT('',#2368);
#2368 = CARTESIAN_POINT('',(4.755,-16.52936046511,15.0801170875));
#2369 = LINE('',#2370,#2371);
#2370 = CARTESIAN_POINT('',(4.755,-16.52936046511,17.939969013372));
#2371 = VECTOR('',#2372,1.);
#2372 = DIRECTION('',(0.,1.110223024625E-16,-1.));
#2373 = ORIENTED_EDGE('',*,*,#2374,.F.);
#2374 = EDGE_CURVE('',#2375,#2365,#2377,.T.);
#2375 = VERTEX_POINT('',#2376);
#2376 = CARTESIAN_POINT('',(4.755,-12.58459302325,17.939969013372));
#2377 = LINE('',#2378,#2379);
#2378 = CARTESIAN_POINT('',(4.755,-12.58459302325,17.939969013372));
#2379 = VECTOR('',#2380,1.);
#2380 = DIRECTION('',(1.110223024625E-16,-1.,-1.110223024625E-16));
#2381 = ORIENTED_EDGE('',*,*,#2382,.F.);
#2382 = EDGE_CURVE('',#2383,#2375,#2385,.T.);
#2383 = VERTEX_POINT('',#2384);
#2384 = CARTESIAN_POINT('',(4.755,-12.58459302325,15.283832567151));
#2385 = LINE('',#2386,#2387);
#2386 = CARTESIAN_POINT('',(4.755,-12.58459302325,15.283832567151));
#2387 = VECTOR('',#2388,1.);
#2388 = DIRECTION('',(0.,-1.110223024625E-16,1.));
#2389 = ORIENTED_EDGE('',*,*,#2390,.F.);
#2390 = EDGE_CURVE('',#2391,#2383,#2393,.T.);
#2391 = VERTEX_POINT('',#2392);
#2392 = CARTESIAN_POINT('',(4.755,-12.77629451308,13.603441033721));
#2393 = B_SPLINE_CURVE_WITH_KNOTS('',2,(#2394,#2395,#2396),
  .UNSPECIFIED.,.F.,.F.,(3,3),(0.,1.),.PIECEWISE_BEZIER_KNOTS.);
#2394 = CARTESIAN_POINT('',(4.755,-12.77629451308,13.603441033721));
#2395 = CARTESIAN_POINT('',(4.755,-12.58459302325,14.186903061337));
#2396 = CARTESIAN_POINT('',(4.755,-12.58459302325,15.283832567151));
#2397 = ORIENTED_EDGE('',*,*,#2398,.F.);
#2398 = EDGE_CURVE('',#2399,#2391,#2401,.T.);
#2399 = VERTEX_POINT('',#2400);
#2400 = CARTESIAN_POINT('',(4.755,-13.44176507994,12.690377806977));
#2401 = B_SPLINE_CURVE_WITH_KNOTS('',2,(#2402,#2403,#2404),
  .UNSPECIFIED.,.F.,.F.,(3,3),(0.,1.),.PIECEWISE_BEZIER_KNOTS.);
#2402 = CARTESIAN_POINT('',(4.755,-13.44176507994,12.690377806977));
#2403 = CARTESIAN_POINT('',(4.755,-12.9679960029,13.019456658721));
#2404 = CARTESIAN_POINT('',(4.755,-12.77629451308,13.603441033721));
#2405 = ORIENTED_EDGE('',*,*,#2406,.F.);
#2406 = EDGE_CURVE('',#2407,#2399,#2409,.T.);
#2407 = VERTEX_POINT('',#2408);
#2408 = CARTESIAN_POINT('',(4.755,-14.55697674418,12.361298955233));
#2409 = B_SPLINE_CURVE_WITH_KNOTS('',2,(#2410,#2411,#2412),
  .UNSPECIFIED.,.F.,.F.,(3,3),(0.,1.),.PIECEWISE_BEZIER_KNOTS.);
#2410 = CARTESIAN_POINT('',(4.755,-14.55697674418,12.361298955233));
#2411 = CARTESIAN_POINT('',(4.755,-13.91501180959,12.361298955233));
#2412 = CARTESIAN_POINT('',(4.755,-13.44176507994,12.690377806977));
#2413 = ORIENTED_EDGE('',*,*,#2414,.F.);
#2414 = EDGE_CURVE('',#2415,#2407,#2417,.T.);
#2415 = VERTEX_POINT('',#2416);
#2416 = CARTESIAN_POINT('',(4.755,-15.52384175145,12.588520067151));
#2417 = B_SPLINE_CURVE_WITH_KNOTS('',2,(#2418,#2419,#2420),
  .UNSPECIFIED.,.F.,.F.,(3,3),(0.,1.),.PIECEWISE_BEZIER_KNOTS.);
#2418 = CARTESIAN_POINT('',(4.755,-15.52384175145,12.588520067151));
#2419 = CARTESIAN_POINT('',(4.755,-15.1049191497,12.361298955233));
#2420 = CARTESIAN_POINT('',(4.755,-14.55697674418,12.361298955233));
#2421 = ORIENTED_EDGE('',*,*,#2422,.F.);
#2422 = EDGE_CURVE('',#2423,#2415,#2425,.T.);
#2423 = VERTEX_POINT('',#2424);
#2424 = CARTESIAN_POINT('',(4.755,-16.16162790697,13.168325663081));
#2425 = B_SPLINE_CURVE_WITH_KNOTS('',2,(#2426,#2427,#2428),
  .UNSPECIFIED.,.F.,.F.,(3,3),(0.,1.),.PIECEWISE_BEZIER_KNOTS.);
#2426 = CARTESIAN_POINT('',(4.755,-16.16162790697,13.168325663081));
#2427 = CARTESIAN_POINT('',(4.755,-15.94224200581,12.81574117907));
#2428 = CARTESIAN_POINT('',(4.755,-15.52384175145,12.588520067151));
#2429 = ORIENTED_EDGE('',*,*,#2430,.F.);
#2430 = EDGE_CURVE('',#2431,#2423,#2433,.T.);
#2431 = VERTEX_POINT('',#2432);
#2432 = CARTESIAN_POINT('',(4.755,-16.47451398982,14.045869267733));
#2433 = B_SPLINE_CURVE_WITH_KNOTS('',2,(#2434,#2435,#2436),
  .UNSPECIFIED.,.F.,.F.,(3,3),(0.,1.),.PIECEWISE_BEZIER_KNOTS.);
#2434 = CARTESIAN_POINT('',(4.755,-16.47451398982,14.045869267733));
#2435 = CARTESIAN_POINT('',(4.755,-16.38049146075,13.520910147093));
#2436 = CARTESIAN_POINT('',(4.755,-16.16162790697,13.168325663081));
#2437 = ORIENTED_EDGE('',*,*,#2438,.F.);
#2438 = EDGE_CURVE('',#2367,#2431,#2439,.T.);
#2439 = B_SPLINE_CURVE_WITH_KNOTS('',2,(#2440,#2441,#2442),
  .UNSPECIFIED.,.F.,.F.,(3,3),(0.,1.),.PIECEWISE_BEZIER_KNOTS.);
#2440 = CARTESIAN_POINT('',(4.755,-16.52936046511,15.0801170875));
#2441 = CARTESIAN_POINT('',(4.755,-16.52936046511,14.343607276453));
#2442 = CARTESIAN_POINT('',(4.755,-16.47451398982,14.045869267733));
#2443 = FACE_BOUND('',#2444,.T.);
#2444 = EDGE_LOOP('',(#2445,#2455,#2463,#2471,#2479,#2487,#2495,#2503,
    #2511));
#2445 = ORIENTED_EDGE('',*,*,#2446,.F.);
#2446 = EDGE_CURVE('',#2447,#2449,#2451,.T.);
#2447 = VERTEX_POINT('',#2448);
#2448 = CARTESIAN_POINT('',(4.755,-11.21395348837,17.939969013372));
#2449 = VERTEX_POINT('',#2450);
#2450 = CARTESIAN_POINT('',(4.755,-11.21395348837,15.456207203779));
#2451 = LINE('',#2452,#2453);
#2452 = CARTESIAN_POINT('',(4.755,-11.21395348837,17.939969013372));
#2453 = VECTOR('',#2454,1.);
#2454 = DIRECTION('',(0.,1.110223024625E-16,-1.));
#2455 = ORIENTED_EDGE('',*,*,#2456,.F.);
#2456 = EDGE_CURVE('',#2457,#2447,#2459,.T.);
#2457 = VERTEX_POINT('',#2458);
#2458 = CARTESIAN_POINT('',(4.755,-7.770639534884,17.939969013372));
#2459 = LINE('',#2460,#2461);
#2460 = CARTESIAN_POINT('',(4.755,-7.770639534884,17.939969013372));
#2461 = VECTOR('',#2462,1.);
#2462 = DIRECTION('',(1.110223024625E-16,-1.,-1.110223024625E-16));
#2463 = ORIENTED_EDGE('',*,*,#2464,.F.);
#2464 = EDGE_CURVE('',#2465,#2457,#2467,.T.);
#2465 = VERTEX_POINT('',#2466);
#2466 = CARTESIAN_POINT('',(4.755,-7.770639534884,15.644252261919));
#2467 = LINE('',#2468,#2469);
#2468 = CARTESIAN_POINT('',(4.755,-7.770639534884,15.644252261919));
#2469 = VECTOR('',#2470,1.);
#2470 = DIRECTION('',(0.,-1.110223024625E-16,1.));
#2471 = ORIENTED_EDGE('',*,*,#2472,.F.);
#2472 = EDGE_CURVE('',#2473,#2465,#2475,.T.);
#2473 = VERTEX_POINT('',#2474);
#2474 = CARTESIAN_POINT('',(4.755,-7.929955486919,13.897000263372));
#2475 = B_SPLINE_CURVE_WITH_KNOTS('',2,(#2476,#2477,#2478),
  .UNSPECIFIED.,.F.,.F.,(3,3),(0.,1.),.PIECEWISE_BEZIER_KNOTS.);
#2476 = CARTESIAN_POINT('',(4.755,-7.929955486919,13.897000263372));
#2477 = CARTESIAN_POINT('',(4.755,-7.770639534884,14.4062889625));
#2478 = CARTESIAN_POINT('',(4.755,-7.770639534884,15.644252261919));
#2479 = ORIENTED_EDGE('',*,*,#2480,.F.);
#2480 = EDGE_CURVE('',#2481,#2473,#2483,.T.);
#2481 = VERTEX_POINT('',#2482);
#2482 = CARTESIAN_POINT('',(4.755,-8.520730377907,13.113479187791));
#2483 = B_SPLINE_CURVE_WITH_KNOTS('',2,(#2484,#2485,#2486),
  .UNSPECIFIED.,.F.,.F.,(3,3),(0.,1.),.PIECEWISE_BEZIER_KNOTS.);
#2484 = CARTESIAN_POINT('',(4.755,-8.520730377907,13.113479187791));
#2485 = CARTESIAN_POINT('',(4.755,-8.089271438953,13.387711564244));
#2486 = CARTESIAN_POINT('',(4.755,-7.929955486919,13.897000263372));
#2487 = ORIENTED_EDGE('',*,*,#2488,.F.);
#2488 = EDGE_CURVE('',#2489,#2481,#2491,.T.);
#2489 = VERTEX_POINT('',#2490);
#2490 = CARTESIAN_POINT('',(4.755,-9.519458575581,12.839246811337));
#2491 = B_SPLINE_CURVE_WITH_KNOTS('',2,(#2492,#2493,#2494),
  .UNSPECIFIED.,.F.,.F.,(3,3),(0.,1.),.PIECEWISE_BEZIER_KNOTS.);
#2492 = CARTESIAN_POINT('',(4.755,-9.519458575581,12.839246811337));
#2493 = CARTESIAN_POINT('',(4.755,-8.95218931686,12.839246811337));
#2494 = CARTESIAN_POINT('',(4.755,-8.520730377907,13.113479187791));
#2495 = ORIENTED_EDGE('',*,*,#2496,.F.);
#2496 = EDGE_CURVE('',#2497,#2489,#2499,.T.);
#2497 = VERTEX_POINT('',#2498);
#2498 = CARTESIAN_POINT('',(4.755,-10.51453034157,13.133328388372));
#2499 = B_SPLINE_CURVE_WITH_KNOTS('',2,(#2500,#2501,#2502),
  .UNSPECIFIED.,.F.,.F.,(3,3),(0.,1.),.PIECEWISE_BEZIER_KNOTS.);
#2500 = CARTESIAN_POINT('',(4.755,-10.51453034157,13.133328388372));
#2501 = CARTESIAN_POINT('',(4.755,-10.11806867732,12.839246811337));
#2502 = CARTESIAN_POINT('',(4.755,-9.519458575581,12.839246811337));
#2503 = ORIENTED_EDGE('',*,*,#2504,.F.);
#2504 = EDGE_CURVE('',#2505,#2497,#2507,.T.);
#2505 = VERTEX_POINT('',#2506);
#2506 = CARTESIAN_POINT('',(4.755,-11.08179960029,14.006693213953));
#2507 = B_SPLINE_CURVE_WITH_KNOTS('',2,(#2508,#2509,#2510),
  .UNSPECIFIED.,.F.,.F.,(3,3),(0.,1.),.PIECEWISE_BEZIER_KNOTS.);
#2508 = CARTESIAN_POINT('',(4.755,-11.08179960029,14.006693213953));
#2509 = CARTESIAN_POINT('',(4.755,-10.91099200581,13.426887618023));
#2510 = CARTESIAN_POINT('',(4.755,-10.51453034157,13.133328388372));
#2511 = ORIENTED_EDGE('',*,*,#2512,.F.);
#2512 = EDGE_CURVE('',#2449,#2505,#2513,.T.);
#2513 = B_SPLINE_CURVE_WITH_KNOTS('',2,(#2514,#2515,#2516),
  .UNSPECIFIED.,.F.,.F.,(3,3),(0.,1.),.PIECEWISE_BEZIER_KNOTS.);
#2514 = CARTESIAN_POINT('',(4.755,-11.21395348837,15.456207203779));
#2515 = CARTESIAN_POINT('',(4.755,-11.21395348837,14.445465016279));
#2516 = CARTESIAN_POINT('',(4.755,-11.08179960029,14.006693213953));
#2517 = PLANE('',#2518);
#2518 = AXIS2_PLACEMENT_3D('',#2519,#2520,#2521);
#2519 = CARTESIAN_POINT('',(4.755,-12.21080599353,11.121212891413));
#2520 = DIRECTION('',(1.,1.110223024625E-16,1.232595164408E-32));
#2521 = DIRECTION('',(0.,1.110223024625E-16,-1.));
#2522 = ADVANCED_FACE('',(#2523),#2548,.F.);
#2523 = FACE_BOUND('',#2524,.F.);
#2524 = EDGE_LOOP('',(#2525,#2526,#2534,#2542));
#2525 = ORIENTED_EDGE('',*,*,#2364,.F.);
#2526 = ORIENTED_EDGE('',*,*,#2527,.T.);
#2527 = EDGE_CURVE('',#2365,#2528,#2530,.T.);
#2528 = VERTEX_POINT('',#2529);
#2529 = CARTESIAN_POINT('',(5.375,-16.52936046511,17.939969013372));
#2530 = LINE('',#2531,#2532);
#2531 = CARTESIAN_POINT('',(4.755,-16.52936046511,17.939969013372));
#2532 = VECTOR('',#2533,1.);
#2533 = DIRECTION('',(1.,1.110223024625E-16,1.232595164408E-32));
#2534 = ORIENTED_EDGE('',*,*,#2535,.F.);
#2535 = EDGE_CURVE('',#2536,#2528,#2538,.T.);
#2536 = VERTEX_POINT('',#2537);
#2537 = CARTESIAN_POINT('',(5.375,-16.52936046511,15.0801170875));
#2538 = LINE('',#2539,#2540);
#2539 = CARTESIAN_POINT('',(5.375,-16.52936046511,34.749984506686));
#2540 = VECTOR('',#2541,1.);
#2541 = DIRECTION('',(0.,-1.110223024625E-16,1.));
#2542 = ORIENTED_EDGE('',*,*,#2543,.F.);
#2543 = EDGE_CURVE('',#2367,#2536,#2544,.T.);
#2544 = LINE('',#2545,#2546);
#2545 = CARTESIAN_POINT('',(4.755,-16.52936046511,15.0801170875));
#2546 = VECTOR('',#2547,1.);
#2547 = DIRECTION('',(1.,1.110223024625E-16,1.232595164408E-32));
#2548 = PLANE('',#2549);
#2549 = AXIS2_PLACEMENT_3D('',#2550,#2551,#2552);
#2550 = CARTESIAN_POINT('',(4.755,-16.52936046511,17.939969013372));
#2551 = DIRECTION('',(-1.110223024625E-16,1.,1.110223024625E-16));
#2552 = DIRECTION('',(0.,1.110223024625E-16,-1.));
#2553 = ADVANCED_FACE('',(#2554),#2572,.F.);
#2554 = FACE_BOUND('',#2555,.F.);
#2555 = EDGE_LOOP('',(#2556,#2557,#2565,#2571));
#2556 = ORIENTED_EDGE('',*,*,#2374,.F.);
#2557 = ORIENTED_EDGE('',*,*,#2558,.T.);
#2558 = EDGE_CURVE('',#2375,#2559,#2561,.T.);
#2559 = VERTEX_POINT('',#2560);
#2560 = CARTESIAN_POINT('',(5.375,-12.58459302325,17.939969013372));
#2561 = LINE('',#2562,#2563);
#2562 = CARTESIAN_POINT('',(4.755,-12.58459302325,17.939969013372));
#2563 = VECTOR('',#2564,1.);
#2564 = DIRECTION('',(1.,1.110223024625E-16,1.232595164408E-32));
#2565 = ORIENTED_EDGE('',*,*,#2566,.F.);
#2566 = EDGE_CURVE('',#2528,#2559,#2567,.T.);
#2567 = LINE('',#2568,#2569);
#2568 = CARTESIAN_POINT('',(5.375,-19.54229651162,17.939969013372));
#2569 = VECTOR('',#2570,1.);
#2570 = DIRECTION('',(0.,1.,1.110223024625E-16));
#2571 = ORIENTED_EDGE('',*,*,#2527,.F.);
#2572 = PLANE('',#2573);
#2573 = AXIS2_PLACEMENT_3D('',#2574,#2575,#2576);
#2574 = CARTESIAN_POINT('',(4.755,-12.58459302325,17.939969013372));
#2575 = DIRECTION('',(0.,1.110223024625E-16,-1.));
#2576 = DIRECTION('',(1.110223024625E-16,-1.,-1.110223024625E-16));
#2577 = ADVANCED_FACE('',(#2578),#2596,.F.);
#2578 = FACE_BOUND('',#2579,.F.);
#2579 = EDGE_LOOP('',(#2580,#2581,#2589,#2595));
#2580 = ORIENTED_EDGE('',*,*,#2382,.F.);
#2581 = ORIENTED_EDGE('',*,*,#2582,.T.);
#2582 = EDGE_CURVE('',#2383,#2583,#2585,.T.);
#2583 = VERTEX_POINT('',#2584);
#2584 = CARTESIAN_POINT('',(5.375,-12.58459302325,15.283832567151));
#2585 = LINE('',#2586,#2587);
#2586 = CARTESIAN_POINT('',(4.755,-12.58459302325,15.283832567151));
#2587 = VECTOR('',#2588,1.);
#2588 = DIRECTION('',(1.,1.110223024625E-16,1.232595164408E-32));
#2589 = ORIENTED_EDGE('',*,*,#2590,.F.);
#2590 = EDGE_CURVE('',#2559,#2583,#2591,.T.);
#2591 = LINE('',#2592,#2593);
#2592 = CARTESIAN_POINT('',(5.375,-12.58459302325,33.421916283576));
#2593 = VECTOR('',#2594,1.);
#2594 = DIRECTION('',(-0.,1.110223024625E-16,-1.));
#2595 = ORIENTED_EDGE('',*,*,#2558,.F.);
#2596 = PLANE('',#2597);
#2597 = AXIS2_PLACEMENT_3D('',#2598,#2599,#2600);
#2598 = CARTESIAN_POINT('',(4.755,-12.58459302325,15.283832567151));
#2599 = DIRECTION('',(1.110223024625E-16,-1.,-1.110223024625E-16));
#2600 = DIRECTION('',(0.,-1.110223024625E-16,1.));
#2601 = ADVANCED_FACE('',(#2602),#2633,.F.);
#2602 = FACE_BOUND('',#2603,.F.);
#2603 = EDGE_LOOP('',(#2604,#2605,#2613,#2632));
#2604 = ORIENTED_EDGE('',*,*,#2390,.F.);
#2605 = ORIENTED_EDGE('',*,*,#2606,.T.);
#2606 = EDGE_CURVE('',#2391,#2607,#2609,.T.);
#2607 = VERTEX_POINT('',#2608);
#2608 = CARTESIAN_POINT('',(5.375,-12.77629451308,13.603441033721));
#2609 = LINE('',#2610,#2611);
#2610 = CARTESIAN_POINT('',(4.755,-12.77629451308,13.603441033721));
#2611 = VECTOR('',#2612,1.);
#2612 = DIRECTION('',(1.,1.110223024625E-16,1.232595164408E-32));
#2613 = ORIENTED_EDGE('',*,*,#2614,.F.);
#2614 = EDGE_CURVE('',#2583,#2607,#2615,.T.);
#2615 = B_SPLINE_CURVE_WITH_KNOTS('',8,(#2616,#2617,#2618,#2619,#2620,
    #2621,#2622,#2623,#2624,#2625,#2626,#2627,#2628,#2629,#2630,#2631),
  .UNSPECIFIED.,.F.,.F.,(9,7,9),(0.,0.897968387219,1.),.UNSPECIFIED.);
#2616 = CARTESIAN_POINT('',(5.375,-12.58459302325,15.283832567151));
#2617 = CARTESIAN_POINT('',(5.375,-12.58459302325,15.081901018676));
#2618 = CARTESIAN_POINT('',(5.375,-12.58830559969,14.882035584153));
#2619 = CARTESIAN_POINT('',(5.375,-12.59623520348,14.684206370563));
#2620 = CARTESIAN_POINT('',(5.375,-12.60906774703,14.488813190582));
#2621 = CARTESIAN_POINT('',(5.375,-12.62766003794,14.296672418804));
#2622 = CARTESIAN_POINT('',(5.375,-12.65318390895,14.109124323682));
#2623 = CARTESIAN_POINT('',(5.375,-12.68707708556,13.927992788613));
#2624 = CARTESIAN_POINT('',(5.375,-12.73677043867,13.736495962504));
#2625 = CARTESIAN_POINT('',(5.375,-12.74197824809,13.717079590664));
#2626 = CARTESIAN_POINT('',(5.375,-12.74732672895,13.697790388104));
#2627 = CARTESIAN_POINT('',(5.375,-12.75281910599,13.678633462084));
#2628 = CARTESIAN_POINT('',(5.375,-12.75845867373,13.65961421601));
#2629 = CARTESIAN_POINT('',(5.375,-12.76424879647,13.640738349433));
#2630 = CARTESIAN_POINT('',(5.375,-12.7701929083,13.622011858055));
#2631 = CARTESIAN_POINT('',(5.375,-12.77629451308,13.603441033721));
#2632 = ORIENTED_EDGE('',*,*,#2582,.F.);
#2633 = SURFACE_OF_LINEAR_EXTRUSION('',#2634,#2638);
#2634 = B_SPLINE_CURVE_WITH_KNOTS('',2,(#2635,#2636,#2637),
  .UNSPECIFIED.,.F.,.F.,(3,3),(0.,1.),.PIECEWISE_BEZIER_KNOTS.);
#2635 = CARTESIAN_POINT('',(4.755,-12.77629451308,13.603441033721));
#2636 = CARTESIAN_POINT('',(4.755,-12.58459302325,14.186903061337));
#2637 = CARTESIAN_POINT('',(4.755,-12.58459302325,15.283832567151));
#2638 = VECTOR('',#2639,1.);
#2639 = DIRECTION('',(-1.,-1.110223024625E-16,-1.232595164408E-32));
#2640 = ADVANCED_FACE('',(#2641),#2666,.F.);
#2641 = FACE_BOUND('',#2642,.F.);
#2642 = EDGE_LOOP('',(#2643,#2644,#2652,#2665));
#2643 = ORIENTED_EDGE('',*,*,#2398,.F.);
#2644 = ORIENTED_EDGE('',*,*,#2645,.T.);
#2645 = EDGE_CURVE('',#2399,#2646,#2648,.T.);
#2646 = VERTEX_POINT('',#2647);
#2647 = CARTESIAN_POINT('',(5.375,-13.44176507994,12.690377806977));
#2648 = LINE('',#2649,#2650);
#2649 = CARTESIAN_POINT('',(4.755,-13.44176507994,12.690377806977));
#2650 = VECTOR('',#2651,1.);
#2651 = DIRECTION('',(1.,1.110223024625E-16,1.232595164408E-32));
#2652 = ORIENTED_EDGE('',*,*,#2653,.F.);
#2653 = EDGE_CURVE('',#2607,#2646,#2654,.T.);
#2654 = B_SPLINE_CURVE_WITH_KNOTS('',5,(#2655,#2656,#2657,#2658,#2659,
    #2660,#2661,#2662,#2663,#2664),.UNSPECIFIED.,.F.,.F.,(6,4,6),(0.,
    0.658884722643,1.),.UNSPECIFIED.);
#2655 = CARTESIAN_POINT('',(5.375,-12.77629451308,13.603441033721));
#2656 = CARTESIAN_POINT('',(5.375,-12.82489663145,13.455383354329));
#2657 = CARTESIAN_POINT('',(5.375,-12.88601417878,13.313962522838));
#2658 = CARTESIAN_POINT('',(5.375,-12.96047427133,13.18099973062));
#2659 = CARTESIAN_POINT('',(5.375,-13.04855770967,13.058273842875));
#2660 = CARTESIAN_POINT('',(5.375,-13.20129003417,12.889313655953));
#2661 = CARTESIAN_POINT('',(5.375,-13.25676227176,12.834723950212));
#2662 = CARTESIAN_POINT('',(5.375,-13.31547007901,12.783332250392));
#2663 = CARTESIAN_POINT('',(5.375,-13.37721716518,12.735212631999));
#2664 = CARTESIAN_POINT('',(5.375,-13.44176507994,12.690377806977));
#2665 = ORIENTED_EDGE('',*,*,#2606,.F.);
#2666 = SURFACE_OF_LINEAR_EXTRUSION('',#2667,#2671);
#2667 = B_SPLINE_CURVE_WITH_KNOTS('',2,(#2668,#2669,#2670),
  .UNSPECIFIED.,.F.,.F.,(3,3),(0.,1.),.PIECEWISE_BEZIER_KNOTS.);
#2668 = CARTESIAN_POINT('',(4.755,-13.44176507994,12.690377806977));
#2669 = CARTESIAN_POINT('',(4.755,-12.9679960029,13.019456658721));
#2670 = CARTESIAN_POINT('',(4.755,-12.77629451308,13.603441033721));
#2671 = VECTOR('',#2672,1.);
#2672 = DIRECTION('',(-1.,-1.110223024625E-16,-1.232595164408E-32));
#2673 = ADVANCED_FACE('',(#2674),#2701,.F.);
#2674 = FACE_BOUND('',#2675,.F.);
#2675 = EDGE_LOOP('',(#2676,#2677,#2685,#2700));
#2676 = ORIENTED_EDGE('',*,*,#2406,.F.);
#2677 = ORIENTED_EDGE('',*,*,#2678,.T.);
#2678 = EDGE_CURVE('',#2407,#2679,#2681,.T.);
#2679 = VERTEX_POINT('',#2680);
#2680 = CARTESIAN_POINT('',(5.375,-14.55697674418,12.361298955233));
#2681 = LINE('',#2682,#2683);
#2682 = CARTESIAN_POINT('',(4.755,-14.55697674418,12.361298955233));
#2683 = VECTOR('',#2684,1.);
#2684 = DIRECTION('',(1.,1.110223024625E-16,1.232595164408E-32));
#2685 = ORIENTED_EDGE('',*,*,#2686,.F.);
#2686 = EDGE_CURVE('',#2646,#2679,#2687,.T.);
#2687 = B_SPLINE_CURVE_WITH_KNOTS('',6,(#2688,#2689,#2690,#2691,#2692,
    #2693,#2694,#2695,#2696,#2697,#2698,#2699),.UNSPECIFIED.,.F.,.F.,(7,
    5,7),(0.,0.204361202385,1.),.UNSPECIFIED.);
#2688 = CARTESIAN_POINT('',(5.375,-13.44176507994,12.690377806977));
#2689 = CARTESIAN_POINT('',(5.375,-13.4744654413,12.667639145099));
#2690 = CARTESIAN_POINT('',(5.375,-13.50771546627,12.645797031059));
#2691 = CARTESIAN_POINT('',(5.375,-13.54150281449,12.624869903724));
#2692 = CARTESIAN_POINT('',(5.375,-13.57581312887,12.604873231394));
#2693 = CARTESIAN_POINT('',(5.375,-13.61063003555,12.585819511796));
#2694 = CARTESIAN_POINT('',(5.375,-13.78338840618,12.497244775046));
#2695 = CARTESIAN_POINT('',(5.375,-13.92829006831,12.441183181356));
#2696 = CARTESIAN_POINT('',(5.375,-14.07943140776,12.400178028991));
#2697 = CARTESIAN_POINT('',(5.375,-14.2354638622,12.373861116378));
#2698 = CARTESIAN_POINT('',(5.375,-14.39505104642,12.361298955233));
#2699 = CARTESIAN_POINT('',(5.375,-14.55697674418,12.361298955233));
#2700 = ORIENTED_EDGE('',*,*,#2645,.F.);
#2701 = SURFACE_OF_LINEAR_EXTRUSION('',#2702,#2706);
#2702 = B_SPLINE_CURVE_WITH_KNOTS('',2,(#2703,#2704,#2705),
  .UNSPECIFIED.,.F.,.F.,(3,3),(0.,1.),.PIECEWISE_BEZIER_KNOTS.);
#2703 = CARTESIAN_POINT('',(4.755,-14.55697674418,12.361298955233));
#2704 = CARTESIAN_POINT('',(4.755,-13.91501180959,12.361298955233));
#2705 = CARTESIAN_POINT('',(4.755,-13.44176507994,12.690377806977));
#2706 = VECTOR('',#2707,1.);
#2707 = DIRECTION('',(-1.,-1.110223024625E-16,-1.232595164408E-32));
#2708 = ADVANCED_FACE('',(#2709),#2734,.F.);
#2709 = FACE_BOUND('',#2710,.F.);
#2710 = EDGE_LOOP('',(#2711,#2712,#2720,#2733));
#2711 = ORIENTED_EDGE('',*,*,#2414,.F.);
#2712 = ORIENTED_EDGE('',*,*,#2713,.T.);
#2713 = EDGE_CURVE('',#2415,#2714,#2716,.T.);
#2714 = VERTEX_POINT('',#2715);
#2715 = CARTESIAN_POINT('',(5.375,-15.52384175145,12.588520067151));
#2716 = LINE('',#2717,#2718);
#2717 = CARTESIAN_POINT('',(4.755,-15.52384175145,12.588520067151));
#2718 = VECTOR('',#2719,1.);
#2719 = DIRECTION('',(1.,1.110223024625E-16,1.232595164408E-32));
#2720 = ORIENTED_EDGE('',*,*,#2721,.F.);
#2721 = EDGE_CURVE('',#2679,#2714,#2722,.T.);
#2722 = B_SPLINE_CURVE_WITH_KNOTS('',5,(#2723,#2724,#2725,#2726,#2727,
    #2728,#2729,#2730,#2731,#2732),.UNSPECIFIED.,.F.,.F.,(6,4,6),(0.,
    0.509080002214,1.),.UNSPECIFIED.);
#2723 = CARTESIAN_POINT('',(5.375,-14.55697674418,12.361298955233));
#2724 = CARTESIAN_POINT('',(5.375,-14.66355841846,12.361298955233));
#2725 = CARTESIAN_POINT('',(5.375,-14.76875606825,12.366672185787));
#2726 = CARTESIAN_POINT('',(5.375,-14.87225283425,12.377753882452));
#2727 = CARTESIAN_POINT('',(5.375,-14.97368299952,12.394842849273));
#2728 = CARTESIAN_POINT('',(5.375,-15.16811452072,12.440535832376));
#2729 = CARTESIAN_POINT('',(5.375,-15.26129301783,12.468708485329));
#2730 = CARTESIAN_POINT('',(5.375,-15.35184824447,12.502768869508));
#2731 = CARTESIAN_POINT('',(5.375,-15.43945582448,12.542749645418));
#2732 = CARTESIAN_POINT('',(5.375,-15.52384175145,12.588520067151));
#2733 = ORIENTED_EDGE('',*,*,#2678,.F.);
#2734 = SURFACE_OF_LINEAR_EXTRUSION('',#2735,#2739);
#2735 = B_SPLINE_CURVE_WITH_KNOTS('',2,(#2736,#2737,#2738),
  .UNSPECIFIED.,.F.,.F.,(3,3),(0.,1.),.PIECEWISE_BEZIER_KNOTS.);
#2736 = CARTESIAN_POINT('',(4.755,-15.52384175145,12.588520067151));
#2737 = CARTESIAN_POINT('',(4.755,-15.1049191497,12.361298955233));
#2738 = CARTESIAN_POINT('',(4.755,-14.55697674418,12.361298955233));
#2739 = VECTOR('',#2740,1.);
#2740 = DIRECTION('',(-1.,-1.110223024625E-16,-1.232595164408E-32));
#2741 = ADVANCED_FACE('',(#2742),#2767,.F.);
#2742 = FACE_BOUND('',#2743,.F.);
#2743 = EDGE_LOOP('',(#2744,#2745,#2753,#2766));
#2744 = ORIENTED_EDGE('',*,*,#2422,.F.);
#2745 = ORIENTED_EDGE('',*,*,#2746,.T.);
#2746 = EDGE_CURVE('',#2423,#2747,#2749,.T.);
#2747 = VERTEX_POINT('',#2748);
#2748 = CARTESIAN_POINT('',(5.375,-16.16162790697,13.168325663081));
#2749 = LINE('',#2750,#2751);
#2750 = CARTESIAN_POINT('',(4.755,-16.16162790697,13.168325663081));
#2751 = VECTOR('',#2752,1.);
#2752 = DIRECTION('',(1.,1.110223024625E-16,1.232595164408E-32));
#2753 = ORIENTED_EDGE('',*,*,#2754,.F.);
#2754 = EDGE_CURVE('',#2714,#2747,#2755,.T.);
#2755 = B_SPLINE_CURVE_WITH_KNOTS('',5,(#2756,#2757,#2758,#2759,#2760,
    #2761,#2762,#2763,#2764,#2765),.UNSPECIFIED.,.F.,.F.,(6,4,6),(0.,
    0.503704058454,1.),.UNSPECIFIED.);
#2756 = CARTESIAN_POINT('',(5.375,-15.52384175145,12.588520067151));
#2757 = CARTESIAN_POINT('',(5.375,-15.6048502388,12.632513440431));
#2758 = CARTESIAN_POINT('',(5.375,-15.68232415063,12.680056751148));
#2759 = CARTESIAN_POINT('',(5.375,-15.75590053231,12.731256947386));
#2760 = CARTESIAN_POINT('',(5.375,-15.82521013102,12.786172885129));
#2761 = CARTESIAN_POINT('',(5.375,-15.95370613289,12.902494998105));
#2762 = CARTESIAN_POINT('',(5.375,-16.01303002361,12.963796952261));
#2763 = CARTESIAN_POINT('',(5.375,-16.06759569936,13.028629098644));
#2764 = CARTESIAN_POINT('',(5.375,-16.11717020314,13.096875781925));
#2765 = CARTESIAN_POINT('',(5.375,-16.16162790697,13.168325663081));
#2766 = ORIENTED_EDGE('',*,*,#2713,.F.);
#2767 = SURFACE_OF_LINEAR_EXTRUSION('',#2768,#2772);
#2768 = B_SPLINE_CURVE_WITH_KNOTS('',2,(#2769,#2770,#2771),
  .UNSPECIFIED.,.F.,.F.,(3,3),(0.,1.),.PIECEWISE_BEZIER_KNOTS.);
#2769 = CARTESIAN_POINT('',(4.755,-16.16162790697,13.168325663081));
#2770 = CARTESIAN_POINT('',(4.755,-15.94224200581,12.81574117907));
#2771 = CARTESIAN_POINT('',(4.755,-15.52384175145,12.588520067151));
#2772 = VECTOR('',#2773,1.);
#2773 = DIRECTION('',(-1.,-1.110223024625E-16,-1.232595164408E-32));
#2774 = ADVANCED_FACE('',(#2775),#2797,.F.);
#2775 = FACE_BOUND('',#2776,.F.);
#2776 = EDGE_LOOP('',(#2777,#2778,#2786,#2796));
#2777 = ORIENTED_EDGE('',*,*,#2430,.F.);
#2778 = ORIENTED_EDGE('',*,*,#2779,.T.);
#2779 = EDGE_CURVE('',#2431,#2780,#2782,.T.);
#2780 = VERTEX_POINT('',#2781);
#2781 = CARTESIAN_POINT('',(5.375,-16.47451398982,14.045869267733));
#2782 = LINE('',#2783,#2784);
#2783 = CARTESIAN_POINT('',(4.755,-16.47451398982,14.045869267733));
#2784 = VECTOR('',#2785,1.);
#2785 = DIRECTION('',(1.,1.110223024625E-16,1.232595164408E-32));
#2786 = ORIENTED_EDGE('',*,*,#2787,.F.);
#2787 = EDGE_CURVE('',#2747,#2780,#2788,.T.);
#2788 = B_SPLINE_CURVE_WITH_KNOTS('',6,(#2789,#2790,#2791,#2792,#2793,
    #2794,#2795),.UNSPECIFIED.,.F.,.F.,(7,7),(0.,1.),
  .PIECEWISE_BEZIER_KNOTS.);
#2789 = CARTESIAN_POINT('',(5.375,-16.16162790697,13.168325663081));
#2790 = CARTESIAN_POINT('',(5.375,-16.23862103496,13.292359938476));
#2791 = CARTESIAN_POINT('',(5.375,-16.305048908,13.427106643293));
#2792 = CARTESIAN_POINT('',(5.375,-16.36115026053,13.571197987273));
#2793 = CARTESIAN_POINT('',(5.375,-16.4075845436,13.723171381137));
#2794 = CARTESIAN_POINT('',(5.375,-16.44511724583,13.881737447118));
#2795 = CARTESIAN_POINT('',(5.375,-16.47451398982,14.045869267733));
#2796 = ORIENTED_EDGE('',*,*,#2746,.F.);
#2797 = SURFACE_OF_LINEAR_EXTRUSION('',#2798,#2802);
#2798 = B_SPLINE_CURVE_WITH_KNOTS('',2,(#2799,#2800,#2801),
  .UNSPECIFIED.,.F.,.F.,(3,3),(0.,1.),.PIECEWISE_BEZIER_KNOTS.);
#2799 = CARTESIAN_POINT('',(4.755,-16.47451398982,14.045869267733));
#2800 = CARTESIAN_POINT('',(4.755,-16.38049146075,13.520910147093));
#2801 = CARTESIAN_POINT('',(4.755,-16.16162790697,13.168325663081));
#2802 = VECTOR('',#2803,1.);
#2803 = DIRECTION('',(-1.,-1.110223024625E-16,-1.232595164408E-32));
#2804 = ADVANCED_FACE('',(#2805),#2827,.F.);
#2805 = FACE_BOUND('',#2806,.F.);
#2806 = EDGE_LOOP('',(#2807,#2808,#2809,#2826));
#2807 = ORIENTED_EDGE('',*,*,#2438,.F.);
#2808 = ORIENTED_EDGE('',*,*,#2543,.T.);
#2809 = ORIENTED_EDGE('',*,*,#2810,.F.);
#2810 = EDGE_CURVE('',#2780,#2536,#2811,.T.);
#2811 = B_SPLINE_CURVE_WITH_KNOTS('',7,(#2812,#2813,#2814,#2815,#2816,
    #2817,#2818,#2819,#2820,#2821,#2822,#2823,#2824,#2825),
  .UNSPECIFIED.,.F.,.F.,(8,6,8),(0.,0.84951284875,1.),.UNSPECIFIED.);
#2812 = CARTESIAN_POINT('',(5.375,-16.47451398982,14.045869267733));
#2813 = CARTESIAN_POINT('',(5.375,-16.49105334736,14.135654351501));
#2814 = CARTESIAN_POINT('',(5.375,-16.50353600508,14.242484886387));
#2815 = CARTESIAN_POINT('',(5.375,-16.51282043612,14.3612771658));
#2816 = CARTESIAN_POINT('',(5.375,-16.51952433614,14.488471524098));
#2817 = CARTESIAN_POINT('',(5.375,-16.52414512648,14.621604396483));
#2818 = CARTESIAN_POINT('',(5.375,-16.52704797688,14.759361095092));
#2819 = CARTESIAN_POINT('',(5.375,-16.52874512083,14.926658695555));
#2820 = CARTESIAN_POINT('',(5.375,-16.52895452259,14.951957506284));
#2821 = CARTESIAN_POINT('',(5.375,-16.52911939809,14.977373666679));
#2822 = CARTESIAN_POINT('',(5.375,-16.529241144,15.002902189776));
#2823 = CARTESIAN_POINT('',(5.375,-16.52932108326,15.0285384234));
#2824 = CARTESIAN_POINT('',(5.375,-16.52936046511,15.054278050171));
#2825 = CARTESIAN_POINT('',(5.375,-16.52936046511,15.0801170875));
#2826 = ORIENTED_EDGE('',*,*,#2779,.F.);
#2827 = SURFACE_OF_LINEAR_EXTRUSION('',#2828,#2832);
#2828 = B_SPLINE_CURVE_WITH_KNOTS('',2,(#2829,#2830,#2831),
  .UNSPECIFIED.,.F.,.F.,(3,3),(0.,1.),.PIECEWISE_BEZIER_KNOTS.);
#2829 = CARTESIAN_POINT('',(4.755,-16.52936046511,15.0801170875));
#2830 = CARTESIAN_POINT('',(4.755,-16.52936046511,14.343607276453));
#2831 = CARTESIAN_POINT('',(4.755,-16.47451398982,14.045869267733));
#2832 = VECTOR('',#2833,1.);
#2833 = DIRECTION('',(-1.,-1.110223024625E-16,-1.232595164408E-32));
#2834 = ADVANCED_FACE('',(#2835),#2860,.F.);
#2835 = FACE_BOUND('',#2836,.F.);
#2836 = EDGE_LOOP('',(#2837,#2838,#2846,#2854));
#2837 = ORIENTED_EDGE('',*,*,#2446,.F.);
#2838 = ORIENTED_EDGE('',*,*,#2839,.T.);
#2839 = EDGE_CURVE('',#2447,#2840,#2842,.T.);
#2840 = VERTEX_POINT('',#2841);
#2841 = CARTESIAN_POINT('',(5.375,-11.21395348837,17.939969013372));
#2842 = LINE('',#2843,#2844);
#2843 = CARTESIAN_POINT('',(4.755,-11.21395348837,17.939969013372));
#2844 = VECTOR('',#2845,1.);
#2845 = DIRECTION('',(1.,1.110223024625E-16,1.232595164408E-32));
#2846 = ORIENTED_EDGE('',*,*,#2847,.F.);
#2847 = EDGE_CURVE('',#2848,#2840,#2850,.T.);
#2848 = VERTEX_POINT('',#2849);
#2849 = CARTESIAN_POINT('',(5.375,-11.21395348837,15.456207203779));
#2850 = LINE('',#2851,#2852);
#2851 = CARTESIAN_POINT('',(5.375,-11.21395348837,34.749984506686));
#2852 = VECTOR('',#2853,1.);
#2853 = DIRECTION('',(0.,-1.110223024625E-16,1.));
#2854 = ORIENTED_EDGE('',*,*,#2855,.F.);
#2855 = EDGE_CURVE('',#2449,#2848,#2856,.T.);
#2856 = LINE('',#2857,#2858);
#2857 = CARTESIAN_POINT('',(4.755,-11.21395348837,15.456207203779));
#2858 = VECTOR('',#2859,1.);
#2859 = DIRECTION('',(1.,1.110223024625E-16,1.232595164408E-32));
#2860 = PLANE('',#2861);
#2861 = AXIS2_PLACEMENT_3D('',#2862,#2863,#2864);
#2862 = CARTESIAN_POINT('',(4.755,-11.21395348837,17.939969013372));
#2863 = DIRECTION('',(-1.110223024625E-16,1.,1.110223024625E-16));
#2864 = DIRECTION('',(0.,1.110223024625E-16,-1.));
#2865 = ADVANCED_FACE('',(#2866),#2884,.F.);
#2866 = FACE_BOUND('',#2867,.F.);
#2867 = EDGE_LOOP('',(#2868,#2869,#2877,#2883));
#2868 = ORIENTED_EDGE('',*,*,#2456,.F.);
#2869 = ORIENTED_EDGE('',*,*,#2870,.T.);
#2870 = EDGE_CURVE('',#2457,#2871,#2873,.T.);
#2871 = VERTEX_POINT('',#2872);
#2872 = CARTESIAN_POINT('',(5.375,-7.770639534884,17.939969013372));
#2873 = LINE('',#2874,#2875);
#2874 = CARTESIAN_POINT('',(4.755,-7.770639534884,17.939969013372));
#2875 = VECTOR('',#2876,1.);
#2876 = DIRECTION('',(1.,1.110223024625E-16,1.232595164408E-32));
#2877 = ORIENTED_EDGE('',*,*,#2878,.F.);
#2878 = EDGE_CURVE('',#2840,#2871,#2879,.T.);
#2879 = LINE('',#2880,#2881);
#2880 = CARTESIAN_POINT('',(5.375,-17.13531976744,17.939969013372));
#2881 = VECTOR('',#2882,1.);
#2882 = DIRECTION('',(0.,1.,1.110223024625E-16));
#2883 = ORIENTED_EDGE('',*,*,#2839,.F.);
#2884 = PLANE('',#2885);
#2885 = AXIS2_PLACEMENT_3D('',#2886,#2887,#2888);
#2886 = CARTESIAN_POINT('',(4.755,-7.770639534884,17.939969013372));
#2887 = DIRECTION('',(0.,1.110223024625E-16,-1.));
#2888 = DIRECTION('',(1.110223024625E-16,-1.,-1.110223024625E-16));
#2889 = ADVANCED_FACE('',(#2890),#2908,.F.);
#2890 = FACE_BOUND('',#2891,.F.);
#2891 = EDGE_LOOP('',(#2892,#2893,#2901,#2907));
#2892 = ORIENTED_EDGE('',*,*,#2464,.F.);
#2893 = ORIENTED_EDGE('',*,*,#2894,.T.);
#2894 = EDGE_CURVE('',#2465,#2895,#2897,.T.);
#2895 = VERTEX_POINT('',#2896);
#2896 = CARTESIAN_POINT('',(5.375,-7.770639534884,15.644252261919));
#2897 = LINE('',#2898,#2899);
#2898 = CARTESIAN_POINT('',(4.755,-7.770639534884,15.644252261919));
#2899 = VECTOR('',#2900,1.);
#2900 = DIRECTION('',(1.,1.110223024625E-16,1.232595164408E-32));
#2901 = ORIENTED_EDGE('',*,*,#2902,.F.);
#2902 = EDGE_CURVE('',#2871,#2895,#2903,.T.);
#2903 = LINE('',#2904,#2905);
#2904 = CARTESIAN_POINT('',(5.375,-7.770639534884,33.602126130959));
#2905 = VECTOR('',#2906,1.);
#2906 = DIRECTION('',(-0.,1.110223024625E-16,-1.));
#2907 = ORIENTED_EDGE('',*,*,#2870,.F.);
#2908 = PLANE('',#2909);
#2909 = AXIS2_PLACEMENT_3D('',#2910,#2911,#2912);
#2910 = CARTESIAN_POINT('',(4.755,-7.770639534884,15.644252261919));
#2911 = DIRECTION('',(1.110223024625E-16,-1.,-1.110223024625E-16));
#2912 = DIRECTION('',(0.,-1.110223024625E-16,1.));
#2913 = ADVANCED_FACE('',(#2914),#2945,.F.);
#2914 = FACE_BOUND('',#2915,.F.);
#2915 = EDGE_LOOP('',(#2916,#2917,#2925,#2944));
#2916 = ORIENTED_EDGE('',*,*,#2472,.F.);
#2917 = ORIENTED_EDGE('',*,*,#2918,.T.);
#2918 = EDGE_CURVE('',#2473,#2919,#2921,.T.);
#2919 = VERTEX_POINT('',#2920);
#2920 = CARTESIAN_POINT('',(5.375,-7.929955486919,13.897000263372));
#2921 = LINE('',#2922,#2923);
#2922 = CARTESIAN_POINT('',(4.755,-7.929955486919,13.897000263372));
#2923 = VECTOR('',#2924,1.);
#2924 = DIRECTION('',(1.,1.110223024625E-16,1.232595164408E-32));
#2925 = ORIENTED_EDGE('',*,*,#2926,.F.);
#2926 = EDGE_CURVE('',#2895,#2919,#2927,.T.);
#2927 = B_SPLINE_CURVE_WITH_KNOTS('',8,(#2928,#2929,#2930,#2931,#2932,
    #2933,#2934,#2935,#2936,#2937,#2938,#2939,#2940,#2941,#2942,#2943),
  .UNSPECIFIED.,.F.,.F.,(9,7,9),(0.,0.710896477102,1.),.UNSPECIFIED.);
#2928 = CARTESIAN_POINT('',(5.375,-7.770639534884,15.644252261919));
#2929 = CARTESIAN_POINT('',(5.375,-7.770639534884,15.476519811783));
#2930 = CARTESIAN_POINT('',(5.375,-7.772311026137,15.31004097881));
#2931 = CARTESIAN_POINT('',(5.375,-7.775875037391,15.14482526797));
#2932 = CARTESIAN_POINT('',(5.375,-7.781629056049,14.981087622669));
#2933 = CARTESIAN_POINT('',(5.375,-7.789936446024,14.819235125381));
#2934 = CARTESIAN_POINT('',(5.375,-7.801325305444,14.659959015174));
#2935 = CARTESIAN_POINT('',(5.375,-7.81644552889,14.504194152355));
#2936 = CARTESIAN_POINT('',(5.375,-7.84466767894,14.292218269048));
#2937 = CARTESIAN_POINT('',(5.375,-7.853638577813,14.231817960872));
#2938 = CARTESIAN_POINT('',(5.375,-7.863501633466,14.172394597192));
#2939 = CARTESIAN_POINT('',(5.375,-7.874349510098,14.114094880688));
#2940 = CARTESIAN_POINT('',(5.375,-7.886287255625,14.057117853799));
#2941 = CARTESIAN_POINT('',(5.375,-7.89943516773,14.001718514357));
#2942 = CARTESIAN_POINT('',(5.375,-7.91393442554,13.948215131712));
#2943 = CARTESIAN_POINT('',(5.375,-7.929955486919,13.897000263372));
#2944 = ORIENTED_EDGE('',*,*,#2894,.F.);
#2945 = SURFACE_OF_LINEAR_EXTRUSION('',#2946,#2950);
#2946 = B_SPLINE_CURVE_WITH_KNOTS('',2,(#2947,#2948,#2949),
  .UNSPECIFIED.,.F.,.F.,(3,3),(0.,1.),.PIECEWISE_BEZIER_KNOTS.);
#2947 = CARTESIAN_POINT('',(4.755,-7.929955486919,13.897000263372));
#2948 = CARTESIAN_POINT('',(4.755,-7.770639534884,14.4062889625));
#2949 = CARTESIAN_POINT('',(4.755,-7.770639534884,15.644252261919));
#2950 = VECTOR('',#2951,1.);
#2951 = DIRECTION('',(-1.,-1.110223024625E-16,-1.232595164408E-32));
#2952 = ADVANCED_FACE('',(#2953),#2978,.F.);
#2953 = FACE_BOUND('',#2954,.F.);
#2954 = EDGE_LOOP('',(#2955,#2956,#2964,#2977));
#2955 = ORIENTED_EDGE('',*,*,#2480,.F.);
#2956 = ORIENTED_EDGE('',*,*,#2957,.T.);
#2957 = EDGE_CURVE('',#2481,#2958,#2960,.T.);
#2958 = VERTEX_POINT('',#2959);
#2959 = CARTESIAN_POINT('',(5.375,-8.520730377907,13.113479187791));
#2960 = LINE('',#2961,#2962);
#2961 = CARTESIAN_POINT('',(4.755,-8.520730377907,13.113479187791));
#2962 = VECTOR('',#2963,1.);
#2963 = DIRECTION('',(1.,1.110223024625E-16,1.232595164408E-32));
#2964 = ORIENTED_EDGE('',*,*,#2965,.F.);
#2965 = EDGE_CURVE('',#2919,#2958,#2966,.T.);
#2966 = B_SPLINE_CURVE_WITH_KNOTS('',5,(#2967,#2968,#2969,#2970,#2971,
    #2972,#2973,#2974,#2975,#2976),.UNSPECIFIED.,.F.,.F.,(6,4,6),(0.,
    0.591865123464,1.),.UNSPECIFIED.);
#2967 = CARTESIAN_POINT('',(5.375,-7.929955486919,13.897000263372));
#2968 = CARTESIAN_POINT('',(5.375,-7.966476476778,13.780252836774));
#2969 = CARTESIAN_POINT('',(5.375,-8.012693890681,13.668802221904));
#2970 = CARTESIAN_POINT('',(5.375,-8.069162308248,13.563881933862));
#2971 = CARTESIAN_POINT('',(5.375,-8.136048513344,13.466647548667));
#2972 = CARTESIAN_POINT('',(5.375,-8.26552526013,13.316638972687));
#2973 = CARTESIAN_POINT('',(5.375,-8.323015206968,13.259419753306));
#2974 = CARTESIAN_POINT('',(5.375,-8.384943437987,13.206448815446));
#2975 = CARTESIAN_POINT('',(5.375,-8.450981984101,13.157810794024));
#2976 = CARTESIAN_POINT('',(5.375,-8.520730377907,13.113479187791));
#2977 = ORIENTED_EDGE('',*,*,#2918,.F.);
#2978 = SURFACE_OF_LINEAR_EXTRUSION('',#2979,#2983);
#2979 = B_SPLINE_CURVE_WITH_KNOTS('',2,(#2980,#2981,#2982),
  .UNSPECIFIED.,.F.,.F.,(3,3),(0.,1.),.PIECEWISE_BEZIER_KNOTS.);
#2980 = CARTESIAN_POINT('',(4.755,-8.520730377907,13.113479187791));
#2981 = CARTESIAN_POINT('',(4.755,-8.089271438953,13.387711564244));
#2982 = CARTESIAN_POINT('',(4.755,-7.929955486919,13.897000263372));
#2983 = VECTOR('',#2984,1.);
#2984 = DIRECTION('',(-1.,-1.110223024625E-16,-1.232595164408E-32));
#2985 = ADVANCED_FACE('',(#2986),#3013,.F.);
#2986 = FACE_BOUND('',#2987,.F.);
#2987 = EDGE_LOOP('',(#2988,#2989,#2997,#3012));
#2988 = ORIENTED_EDGE('',*,*,#2488,.F.);
#2989 = ORIENTED_EDGE('',*,*,#2990,.T.);
#2990 = EDGE_CURVE('',#2489,#2991,#2993,.T.);
#2991 = VERTEX_POINT('',#2992);
#2992 = CARTESIAN_POINT('',(5.375,-9.519458575581,12.839246811337));
#2993 = LINE('',#2994,#2995);
#2994 = CARTESIAN_POINT('',(4.755,-9.519458575581,12.839246811337));
#2995 = VECTOR('',#2996,1.);
#2996 = DIRECTION('',(1.,1.110223024625E-16,1.232595164408E-32));
#2997 = ORIENTED_EDGE('',*,*,#2998,.F.);
#2998 = EDGE_CURVE('',#2958,#2991,#2999,.T.);
#2999 = B_SPLINE_CURVE_WITH_KNOTS('',6,(#3000,#3001,#3002,#3003,#3004,
    #3005,#3006,#3007,#3008,#3009,#3010,#3011),.UNSPECIFIED.,.F.,.F.,(7,
    5,7),(0.,0.175207068786,1.),.UNSPECIFIED.);
#3000 = CARTESIAN_POINT('',(5.375,-8.520730377907,13.113479187791));
#3001 = CARTESIAN_POINT('',(5.375,-8.546280974336,13.097239401925));
#3002 = CARTESIAN_POINT('',(5.375,-8.572146843095,13.081557875533));
#3003 = CARTESIAN_POINT('',(5.375,-8.598321956807,13.066441750073));
#3004 = CARTESIAN_POINT('',(5.375,-8.624799640127,13.051897103437));
#3005 = CARTESIAN_POINT('',(5.375,-8.651572569736,13.037928949954));
#3006 = CARTESIAN_POINT('',(5.375,-8.806019560929,12.961518165516));
#3007 = CARTESIAN_POINT('',(5.375,-8.939807923358,12.911340469568));
#3008 = CARTESIAN_POINT('',(5.375,-9.079078499118,12.874479042122));
#3009 = CARTESIAN_POINT('',(5.375,-9.222799381666,12.850680513268));
#3010 = CARTESIAN_POINT('',(5.375,-9.369922455564,12.839246811337));
#3011 = CARTESIAN_POINT('',(5.375,-9.519458575581,12.839246811337));
#3012 = ORIENTED_EDGE('',*,*,#2957,.F.);
#3013 = SURFACE_OF_LINEAR_EXTRUSION('',#3014,#3018);
#3014 = B_SPLINE_CURVE_WITH_KNOTS('',2,(#3015,#3016,#3017),
  .UNSPECIFIED.,.F.,.F.,(3,3),(0.,1.),.PIECEWISE_BEZIER_KNOTS.);
#3015 = CARTESIAN_POINT('',(4.755,-9.519458575581,12.839246811337));
#3016 = CARTESIAN_POINT('',(4.755,-8.95218931686,12.839246811337));
#3017 = CARTESIAN_POINT('',(4.755,-8.520730377907,13.113479187791));
#3018 = VECTOR('',#3019,1.);
#3019 = DIRECTION('',(-1.,-1.110223024625E-16,-1.232595164408E-32));
#3020 = ADVANCED_FACE('',(#3021),#3046,.F.);
#3021 = FACE_BOUND('',#3022,.F.);
#3022 = EDGE_LOOP('',(#3023,#3024,#3032,#3045));
#3023 = ORIENTED_EDGE('',*,*,#2496,.F.);
#3024 = ORIENTED_EDGE('',*,*,#3025,.T.);
#3025 = EDGE_CURVE('',#2497,#3026,#3028,.T.);
#3026 = VERTEX_POINT('',#3027);
#3027 = CARTESIAN_POINT('',(5.375,-10.51453034157,13.133328388372));
#3028 = LINE('',#3029,#3030);
#3029 = CARTESIAN_POINT('',(4.755,-10.51453034157,13.133328388372));
#3030 = VECTOR('',#3031,1.);
#3031 = DIRECTION('',(1.,1.110223024625E-16,1.232595164408E-32));
#3032 = ORIENTED_EDGE('',*,*,#3033,.F.);
#3033 = EDGE_CURVE('',#2991,#3026,#3034,.T.);
#3034 = B_SPLINE_CURVE_WITH_KNOTS('',5,(#3035,#3036,#3037,#3038,#3039,
    #3040,#3041,#3042,#3043,#3044),.UNSPECIFIED.,.F.,.F.,(6,4,6),(0.,
    0.48968960684,1.),.UNSPECIFIED.);
#3035 = CARTESIAN_POINT('',(5.375,-9.519458575581,12.839246811337));
#3036 = CARTESIAN_POINT('',(5.375,-9.628818426954,12.839246811337));
#3037 = CARTESIAN_POINT('',(5.375,-9.736448262271,12.845381810708));
#3038 = CARTESIAN_POINT('',(5.375,-9.841865765112,12.85820635157));
#3039 = CARTESIAN_POINT('',(5.375,-9.94444997053,12.878270504449));
#3040 = CARTESIAN_POINT('',(5.375,-10.14678924045,12.934649349131));
#3041 = CARTESIAN_POINT('',(5.375,-10.24626257275,12.971617421366));
#3042 = CARTESIAN_POINT('',(5.375,-10.34114894661,13.017116046902));
#3043 = CARTESIAN_POINT('',(5.375,-10.43073916332,13.071174984748));
#3044 = CARTESIAN_POINT('',(5.375,-10.51453034157,13.133328388372));
#3045 = ORIENTED_EDGE('',*,*,#2990,.F.);
#3046 = SURFACE_OF_LINEAR_EXTRUSION('',#3047,#3051);
#3047 = B_SPLINE_CURVE_WITH_KNOTS('',2,(#3048,#3049,#3050),
  .UNSPECIFIED.,.F.,.F.,(3,3),(0.,1.),.PIECEWISE_BEZIER_KNOTS.);
#3048 = CARTESIAN_POINT('',(4.755,-10.51453034157,13.133328388372));
#3049 = CARTESIAN_POINT('',(4.755,-10.11806867732,12.839246811337));
#3050 = CARTESIAN_POINT('',(4.755,-9.519458575581,12.839246811337));
#3051 = VECTOR('',#3052,1.);
#3052 = DIRECTION('',(-1.,-1.110223024625E-16,-1.232595164408E-32));
#3053 = ADVANCED_FACE('',(#3054),#3083,.F.);
#3054 = FACE_BOUND('',#3055,.F.);
#3055 = EDGE_LOOP('',(#3056,#3057,#3065,#3082));
#3056 = ORIENTED_EDGE('',*,*,#2504,.F.);
#3057 = ORIENTED_EDGE('',*,*,#3058,.T.);
#3058 = EDGE_CURVE('',#2505,#3059,#3061,.T.);
#3059 = VERTEX_POINT('',#3060);
#3060 = CARTESIAN_POINT('',(5.375,-11.08179960029,14.006693213953));
#3061 = LINE('',#3062,#3063);
#3062 = CARTESIAN_POINT('',(4.755,-11.08179960029,14.006693213953));
#3063 = VECTOR('',#3064,1.);
#3064 = DIRECTION('',(1.,1.110223024625E-16,1.232595164408E-32));
#3065 = ORIENTED_EDGE('',*,*,#3066,.F.);
#3066 = EDGE_CURVE('',#3026,#3059,#3067,.T.);
#3067 = B_SPLINE_CURVE_WITH_KNOTS('',5,(#3068,#3069,#3070,#3071,#3072,
    #3073,#3074,#3075,#3076,#3077,#3078,#3079,#3080,#3081),
  .UNSPECIFIED.,.F.,.F.,(6,4,4,6),(0.,3.852881553453E-02,0.505541778603,
    1.),.UNSPECIFIED.);
#3068 = CARTESIAN_POINT('',(5.375,-10.51453034157,13.133328388372));
#3069 = CARTESIAN_POINT('',(5.375,-10.52087278654,13.138024638801));
#3070 = CARTESIAN_POINT('',(5.375,-10.52717983596,13.142767192164));
#3071 = CARTESIAN_POINT('',(5.375,-10.53345124655,13.147555900271));
#3072 = CARTESIAN_POINT('',(5.375,-10.53968678503,13.152390601525));
#3073 = CARTESIAN_POINT('',(5.375,-10.62103051388,13.216428554059));
#3074 = CARTESIAN_POINT('',(5.375,-10.6908804193,13.282324603125));
#3075 = CARTESIAN_POINT('',(5.375,-10.75500725741,13.354628287169));
#3076 = CARTESIAN_POINT('',(5.375,-10.81329797207,13.432762074488));
#3077 = CARTESIAN_POINT('',(5.375,-10.9214566483,13.604193454865));
#3078 = CARTESIAN_POINT('',(5.375,-10.97063534026,13.698124816556));
#3079 = CARTESIAN_POINT('',(5.375,-11.0134879478,13.79703478983));
#3080 = CARTESIAN_POINT('',(5.375,-11.0504008609,13.900110337155));
#3081 = CARTESIAN_POINT('',(5.375,-11.08179960029,14.006693213953));
#3082 = ORIENTED_EDGE('',*,*,#3025,.F.);
#3083 = SURFACE_OF_LINEAR_EXTRUSION('',#3084,#3088);
#3084 = B_SPLINE_CURVE_WITH_KNOTS('',2,(#3085,#3086,#3087),
  .UNSPECIFIED.,.F.,.F.,(3,3),(0.,1.),.PIECEWISE_BEZIER_KNOTS.);
#3085 = CARTESIAN_POINT('',(4.755,-11.08179960029,14.006693213953));
#3086 = CARTESIAN_POINT('',(4.755,-10.91099200581,13.426887618023));
#3087 = CARTESIAN_POINT('',(4.755,-10.51453034157,13.133328388372));
#3088 = VECTOR('',#3089,1.);
#3089 = DIRECTION('',(-1.,-1.110223024625E-16,-1.232595164408E-32));
#3090 = ADVANCED_FACE('',(#3091),#3115,.F.);
#3091 = FACE_BOUND('',#3092,.F.);
#3092 = EDGE_LOOP('',(#3093,#3094,#3095,#3114));
#3093 = ORIENTED_EDGE('',*,*,#2512,.F.);
#3094 = ORIENTED_EDGE('',*,*,#2855,.T.);
#3095 = ORIENTED_EDGE('',*,*,#3096,.F.);
#3096 = EDGE_CURVE('',#3059,#2848,#3097,.T.);
#3097 = B_SPLINE_CURVE_WITH_KNOTS('',8,(#3098,#3099,#3100,#3101,#3102,
    #3103,#3104,#3105,#3106,#3107,#3108,#3109,#3110,#3111,#3112,#3113),
  .UNSPECIFIED.,.F.,.F.,(9,7,9),(0.,0.649835713605,1.),.UNSPECIFIED.);
#3098 = CARTESIAN_POINT('',(5.375,-11.08179960029,14.006693213953));
#3099 = CARTESIAN_POINT('',(5.375,-11.10996495753,14.100206653025));
#3100 = CARTESIAN_POINT('',(5.375,-11.13289564135,14.202573982889));
#3101 = CARTESIAN_POINT('',(5.375,-11.15163187755,14.311371443742));
#3102 = CARTESIAN_POINT('',(5.375,-11.16686247927,14.424924084526));
#3103 = CARTESIAN_POINT('',(5.375,-11.17915674579,14.541980549289));
#3104 = CARTESIAN_POINT('',(5.375,-11.18895104797,14.661734779219));
#3105 = CARTESIAN_POINT('',(5.375,-11.19660019732,14.783749160752));
#3106 = CARTESIAN_POINT('',(5.375,-11.20548628325,14.974893511076));
#3107 = CARTESIAN_POINT('',(5.375,-11.20804989319,15.042382451295));
#3108 = CARTESIAN_POINT('',(5.375,-11.21010781033,15.110368638018));
#3109 = CARTESIAN_POINT('',(5.375,-11.21169685403,15.178800630976));
#3110 = CARTESIAN_POINT('',(5.375,-11.21284916474,15.247634565624));
#3111 = CARTESIAN_POINT('',(5.375,-11.213592993,15.316833400462));
#3112 = CARTESIAN_POINT('',(5.375,-11.21395348837,15.386366164341));
#3113 = CARTESIAN_POINT('',(5.375,-11.21395348837,15.456207203779));
#3114 = ORIENTED_EDGE('',*,*,#3058,.F.);
#3115 = SURFACE_OF_LINEAR_EXTRUSION('',#3116,#3120);
#3116 = B_SPLINE_CURVE_WITH_KNOTS('',2,(#3117,#3118,#3119),
  .UNSPECIFIED.,.F.,.F.,(3,3),(0.,1.),.PIECEWISE_BEZIER_KNOTS.);
#3117 = CARTESIAN_POINT('',(4.755,-11.21395348837,15.456207203779));
#3118 = CARTESIAN_POINT('',(4.755,-11.21395348837,14.445465016279));
#3119 = CARTESIAN_POINT('',(4.755,-11.08179960029,14.006693213953));
#3120 = VECTOR('',#3121,1.);
#3121 = DIRECTION('',(-1.,-1.110223024625E-16,-1.232595164408E-32));
#3122 = ADVANCED_FACE('',(#3123),#3135,.T.);
#3123 = FACE_BOUND('',#3124,.T.);
#3124 = EDGE_LOOP('',(#3125,#3126,#3127,#3128,#3129,#3130,#3131,#3132,
    #3133,#3134));
#3125 = ORIENTED_EDGE('',*,*,#2535,.F.);
#3126 = ORIENTED_EDGE('',*,*,#2810,.F.);
#3127 = ORIENTED_EDGE('',*,*,#2787,.F.);
#3128 = ORIENTED_EDGE('',*,*,#2754,.F.);
#3129 = ORIENTED_EDGE('',*,*,#2721,.F.);
#3130 = ORIENTED_EDGE('',*,*,#2686,.F.);
#3131 = ORIENTED_EDGE('',*,*,#2653,.F.);
#3132 = ORIENTED_EDGE('',*,*,#2614,.F.);
#3133 = ORIENTED_EDGE('',*,*,#2590,.F.);
#3134 = ORIENTED_EDGE('',*,*,#2566,.F.);
#3135 = PLANE('',#3136);
#3136 = AXIS2_PLACEMENT_3D('',#3137,#3138,#3139);
#3137 = CARTESIAN_POINT('',(5.375,-26.5,51.56));
#3138 = DIRECTION('',(1.,0.,-0.));
#3139 = DIRECTION('',(0.,1.,2.22044604925E-16));
#3140 = ADVANCED_FACE('',(#3141),#3152,.T.);
#3141 = FACE_BOUND('',#3142,.T.);
#3142 = EDGE_LOOP('',(#3143,#3144,#3145,#3146,#3147,#3148,#3149,#3150,
    #3151));
#3143 = ORIENTED_EDGE('',*,*,#2847,.F.);
#3144 = ORIENTED_EDGE('',*,*,#3096,.F.);
#3145 = ORIENTED_EDGE('',*,*,#3066,.F.);
#3146 = ORIENTED_EDGE('',*,*,#3033,.F.);
#3147 = ORIENTED_EDGE('',*,*,#2998,.F.);
#3148 = ORIENTED_EDGE('',*,*,#2965,.F.);
#3149 = ORIENTED_EDGE('',*,*,#2926,.F.);
#3150 = ORIENTED_EDGE('',*,*,#2902,.F.);
#3151 = ORIENTED_EDGE('',*,*,#2878,.F.);
#3152 = PLANE('',#3153);
#3153 = AXIS2_PLACEMENT_3D('',#3154,#3155,#3156);
#3154 = CARTESIAN_POINT('',(5.375,-26.5,51.56));
#3155 = DIRECTION('',(1.,0.,-0.));
#3156 = DIRECTION('',(0.,1.,2.22044604925E-16));
#3157 = ( GEOMETRIC_REPRESENTATION_CONTEXT(3) 
GLOBAL_UNCERTAINTY_ASSIGNED_CONTEXT((#3161)) 
GLOBAL_UNIT_ASSIGNED_CONTEXT((#3158,#3159,#3160)) REPRESENTATION_CONTEXT
('Context #1','3D Context with UNIT and UNCERTAINTY') );
#3158 = ( LENGTH_UNIT() NAMED_UNIT(*) SI_UNIT(.MILLI.,.METRE.) );
#3159 = ( NAMED_UNIT(*) PLANE_ANGLE_UNIT() SI_UNIT($,.RADIAN.) );
#3160 = ( NAMED_UNIT(*) SI_UNIT($,.STERADIAN.) SOLID_ANGLE_UNIT() );
#3161 = UNCERTAINTY_MEASURE_WITH_UNIT(LENGTH_MEASURE(2.E-06),#3158,
  'distance_accuracy_value','confusion accuracy');
#3162 = PRODUCT_RELATED_PRODUCT_CATEGORY('part',$,(#7));
ENDSEC;
END-ISO-10303-21;
