ISO-10303-21;
HEADER;
FILE_DESCRIPTION(('FreeCAD Model'),'2;1');
FILE_NAME('Open CASCADE Shape Model','2026-09-24T22:27:16',('FreeCAD'),(
    'FreeCAD'),'Open CASCADE STEP processor 7.8','FreeCAD','Unknown');
FILE_SCHEMA(('AUTOMOTIVE_DESIGN { 1 0 10303 214 1 1 1 1 }'));
ENDSEC;
DATA;
#1 = APPLICATION_PROTOCOL_DEFINITION('international standard',
  'automotive_design',2000,#2);
#2 = APPLICATION_CONTEXT(
  'core data for automotive mechanical design processes');
#3 = SHAPE_DEFINITION_REPRESENTATION(#4,#10);
#4 = PRODUCT_DEFINITION_SHAPE('','',#5);
#5 = PRODUCT_DEFINITION('design','',#6,#9);
#6 = PRODUCT_DEFINITION_FORMATION('','',#7);
#7 = PRODUCT('Open CASCADE STEP translator 7.8 6',
  'Open CASCADE STEP translator 7.8 6','',(#8));
#8 = PRODUCT_CONTEXT('',#2,'mechanical');
#9 = PRODUCT_DEFINITION_CONTEXT('part definition',#2,'design');
#10 = ADVANCED_BREP_SHAPE_REPRESENTATION('',(#11,#15),#1893);
#11 = AXIS2_PLACEMENT_3D('',#12,#13,#14);
#12 = CARTESIAN_POINT('',(0.,0.,0.));
#13 = DIRECTION('',(0.,0.,1.));
#14 = DIRECTION('',(1.,0.,-0.));
#15 = MANIFOLD_SOLID_BREP('',#16);
#16 = CLOSED_SHELL('',(#17,#57,#104,#128,#711,#728,#745,#762,#774,#859,
    #901,#925,#960,#1002,#1028,#1054,#1080,#1106,#1132,#1158,#1184,#1208
    ,#1234,#1260,#1286,#1312,#1338,#1364,#1390,#1425,#1450,#1481,#1505,
    #1531,#1557,#1581,#1607,#1633,#1657,#1674,#1700,#1720,#1760,#1774,
    #1788,#1808,#1825,#1850,#1875,#1884));
#17 = ADVANCED_FACE('',(#18),#52,.F.);
#18 = FACE_BOUND('',#19,.F.);
#19 = EDGE_LOOP('',(#20,#30,#38,#46));
#20 = ORIENTED_EDGE('',*,*,#21,.F.);
#21 = EDGE_CURVE('',#22,#24,#26,.T.);
#22 = VERTEX_POINT('',#23);
#23 = CARTESIAN_POINT('',(-18.,17.,0.));
#24 = VERTEX_POINT('',#25);
#25 = CARTESIAN_POINT('',(-18.,-17.,7.549516567451E-15));
#26 = LINE('',#27,#28);
#27 = CARTESIAN_POINT('',(-18.,17.,0.));
#28 = VECTOR('',#29,1.);
#29 = DIRECTION('',(0.,-1.,2.22044604925E-16));
#30 = ORIENTED_EDGE('',*,*,#31,.T.);
#31 = EDGE_CURVE('',#22,#32,#34,.T.);
#32 = VERTEX_POINT('',#33);
#33 = CARTESIAN_POINT('',(-18.,17.,3.));
#34 = LINE('',#35,#36);
#35 = CARTESIAN_POINT('',(-18.,17.,0.));
#36 = VECTOR('',#37,1.);
#37 = DIRECTION('',(0.,2.22044604925E-16,1.));
#38 = ORIENTED_EDGE('',*,*,#39,.T.);
#39 = EDGE_CURVE('',#32,#40,#42,.T.);
#40 = VERTEX_POINT('',#41);
#41 = CARTESIAN_POINT('',(-18.,-17.,3.));
#42 = LINE('',#43,#44);
#43 = CARTESIAN_POINT('',(-18.,17.,3.));
#44 = VECTOR('',#45,1.);
#45 = DIRECTION('',(0.,-1.,2.22044604925E-16));
#46 = ORIENTED_EDGE('',*,*,#47,.T.);
#47 = EDGE_CURVE('',#40,#24,#48,.T.);
#48 = LINE('',#49,#50);
#49 = CARTESIAN_POINT('',(-18.,-17.,-96.25));
#50 = VECTOR('',#51,1.);
#51 = DIRECTION('',(0.,-2.22044604925E-16,-1.));
#52 = PLANE('',#53);
#53 = AXIS2_PLACEMENT_3D('',#54,#55,#56);
#54 = CARTESIAN_POINT('',(-18.,17.,0.));
#55 = DIRECTION('',(1.,0.,0.));
#56 = DIRECTION('',(0.,-1.,2.22044604925E-16));
#57 = ADVANCED_FACE('',(#58),#99,.F.);
#58 = FACE_BOUND('',#59,.F.);
#59 = EDGE_LOOP('',(#60,#68,#69,#77,#85,#93));
#60 = ORIENTED_EDGE('',*,*,#61,.F.);
#61 = EDGE_CURVE('',#22,#62,#64,.T.);
#62 = VERTEX_POINT('',#63);
#63 = CARTESIAN_POINT('',(18.,17.,0.));
#64 = LINE('',#65,#66);
#65 = CARTESIAN_POINT('',(-18.,17.,0.));
#66 = VECTOR('',#67,1.);
#67 = DIRECTION('',(1.,0.,0.));
#68 = ORIENTED_EDGE('',*,*,#21,.T.);
#69 = ORIENTED_EDGE('',*,*,#70,.T.);
#70 = EDGE_CURVE('',#24,#71,#73,.T.);
#71 = VERTEX_POINT('',#72);
#72 = CARTESIAN_POINT('',(3.,-17.,7.549516567451E-15));
#73 = LINE('',#74,#75);
#74 = CARTESIAN_POINT('',(-20.,-17.,7.549516567451E-15));
#75 = VECTOR('',#76,1.);
#76 = DIRECTION('',(1.,0.,0.));
#77 = ORIENTED_EDGE('',*,*,#78,.T.);
#78 = EDGE_CURVE('',#71,#79,#81,.T.);
#79 = VERTEX_POINT('',#80);
#80 = CARTESIAN_POINT('',(3.,-2.,4.218847493576E-15));
#81 = LINE('',#82,#83);
#82 = CARTESIAN_POINT('',(3.,7.5,2.109423746788E-15));
#83 = VECTOR('',#84,1.);
#84 = DIRECTION('',(0.,1.,-2.22044604925E-16));
#85 = ORIENTED_EDGE('',*,*,#86,.T.);
#86 = EDGE_CURVE('',#79,#87,#89,.T.);
#87 = VERTEX_POINT('',#88);
#88 = CARTESIAN_POINT('',(18.,-2.,4.218847493576E-15));
#89 = LINE('',#90,#91);
#90 = CARTESIAN_POINT('',(-7.5,-2.,4.218847493576E-15));
#91 = VECTOR('',#92,1.);
#92 = DIRECTION('',(1.,0.,0.));
#93 = ORIENTED_EDGE('',*,*,#94,.T.);
#94 = EDGE_CURVE('',#87,#62,#95,.T.);
#95 = LINE('',#96,#97);
#96 = CARTESIAN_POINT('',(18.,20.,-6.661338147751E-16));
#97 = VECTOR('',#98,1.);
#98 = DIRECTION('',(0.,1.,-2.22044604925E-16));
#99 = PLANE('',#100);
#100 = AXIS2_PLACEMENT_3D('',#101,#102,#103);
#101 = CARTESIAN_POINT('',(-18.,17.,0.));
#102 = DIRECTION('',(0.,2.22044604925E-16,1.));
#103 = DIRECTION('',(0.,-1.,2.22044604925E-16));
#104 = ADVANCED_FACE('',(#105),#123,.T.);
#105 = FACE_BOUND('',#106,.T.);
#106 = EDGE_LOOP('',(#107,#115,#116,#117));
#107 = ORIENTED_EDGE('',*,*,#108,.F.);
#108 = EDGE_CURVE('',#40,#109,#111,.T.);
#109 = VERTEX_POINT('',#110);
#110 = CARTESIAN_POINT('',(3.,-17.,3.));
#111 = LINE('',#112,#113);
#112 = CARTESIAN_POINT('',(-20.,-17.,3.));
#113 = VECTOR('',#114,1.);
#114 = DIRECTION('',(1.,0.,0.));
#115 = ORIENTED_EDGE('',*,*,#47,.T.);
#116 = ORIENTED_EDGE('',*,*,#70,.T.);
#117 = ORIENTED_EDGE('',*,*,#118,.F.);
#118 = EDGE_CURVE('',#109,#71,#119,.T.);
#119 = LINE('',#120,#121);
#120 = CARTESIAN_POINT('',(3.,-17.,-97.25));
#121 = VECTOR('',#122,1.);
#122 = DIRECTION('',(0.,-2.22044604925E-16,-1.));
#123 = PLANE('',#124);
#124 = AXIS2_PLACEMENT_3D('',#125,#126,#127);
#125 = CARTESIAN_POINT('',(-22.,-17.,-192.5));
#126 = DIRECTION('',(0.,-1.,2.22044604925E-16));
#127 = DIRECTION('',(1.,0.,0.));
#128 = ADVANCED_FACE('',(#129,#163,#594,#605),#706,.T.);
#129 = FACE_BOUND('',#130,.T.);
#130 = EDGE_LOOP('',(#131,#139,#140,#141,#149,#157));
#131 = ORIENTED_EDGE('',*,*,#132,.F.);
#132 = EDGE_CURVE('',#32,#133,#135,.T.);
#133 = VERTEX_POINT('',#134);
#134 = CARTESIAN_POINT('',(18.,17.,3.));
#135 = LINE('',#136,#137);
#136 = CARTESIAN_POINT('',(-18.,17.,3.));
#137 = VECTOR('',#138,1.);
#138 = DIRECTION('',(1.,0.,0.));
#139 = ORIENTED_EDGE('',*,*,#39,.T.);
#140 = ORIENTED_EDGE('',*,*,#108,.T.);
#141 = ORIENTED_EDGE('',*,*,#142,.T.);
#142 = EDGE_CURVE('',#109,#143,#145,.T.);
#143 = VERTEX_POINT('',#144);
#144 = CARTESIAN_POINT('',(3.,-2.,3.));
#145 = LINE('',#146,#147);
#146 = CARTESIAN_POINT('',(3.,7.5,3.));
#147 = VECTOR('',#148,1.);
#148 = DIRECTION('',(0.,1.,-2.22044604925E-16));
#149 = ORIENTED_EDGE('',*,*,#150,.T.);
#150 = EDGE_CURVE('',#143,#151,#153,.T.);
#151 = VERTEX_POINT('',#152);
#152 = CARTESIAN_POINT('',(18.,-2.,3.));
#153 = LINE('',#154,#155);
#154 = CARTESIAN_POINT('',(-7.5,-2.,3.));
#155 = VECTOR('',#156,1.);
#156 = DIRECTION('',(1.,0.,0.));
#157 = ORIENTED_EDGE('',*,*,#158,.T.);
#158 = EDGE_CURVE('',#151,#133,#159,.T.);
#159 = LINE('',#160,#161);
#160 = CARTESIAN_POINT('',(18.,20.,3.));
#161 = VECTOR('',#162,1.);
#162 = DIRECTION('',(0.,1.,-2.22044604925E-16));
#163 = FACE_BOUND('',#164,.T.);
#164 = EDGE_LOOP('',(#165,#176,#185,#208,#227,#244,#259,#278,#305,#328,
    #351,#359,#382,#405,#424,#443,#466,#485,#507,#530,#539,#566,#574));
#165 = ORIENTED_EDGE('',*,*,#166,.F.);
#166 = EDGE_CURVE('',#167,#169,#171,.T.);
#167 = VERTEX_POINT('',#168);
#168 = CARTESIAN_POINT('',(-10.1,-5.5,3.));
#169 = VERTEX_POINT('',#170);
#170 = CARTESIAN_POINT('',(-9.477960267527,-5.45680003716,3.));
#171 = CIRCLE('',#172,4.5);
#172 = AXIS2_PLACEMENT_3D('',#173,#174,#175);
#173 = CARTESIAN_POINT('',(-10.1,-1.,3.));
#174 = DIRECTION('',(-0.,2.22044604925E-16,1.));
#175 = DIRECTION('',(0.,-1.,2.22044604925E-16));
#176 = ORIENTED_EDGE('',*,*,#177,.F.);
#177 = EDGE_CURVE('',#178,#167,#180,.T.);
#178 = VERTEX_POINT('',#179);
#179 = CARTESIAN_POINT('',(-13.12243939176,-4.333895637705,3.));
#180 = CIRCLE('',#181,4.5);
#181 = AXIS2_PLACEMENT_3D('',#182,#183,#184);
#182 = CARTESIAN_POINT('',(-10.1,-1.,3.));
#183 = DIRECTION('',(-0.,2.22044604925E-16,1.));
#184 = DIRECTION('',(0.,-1.,2.22044604925E-16));
#185 = ORIENTED_EDGE('',*,*,#186,.T.);
#186 = EDGE_CURVE('',#178,#187,#189,.T.);
#187 = VERTEX_POINT('',#188);
#188 = CARTESIAN_POINT('',(-14.07787053953,-4.744871911337,3.));
#189 = B_SPLINE_CURVE_WITH_KNOTS('',5,(#190,#191,#192,#193,#194,#195,
    #196,#197,#198,#199,#200,#201,#202,#203,#204,#205,#206,#207),
  .UNSPECIFIED.,.F.,.F.,(6,4,4,4,6),(0.,0.249791920111,0.494908529465,
    0.746005717993,1.),.UNSPECIFIED.);
#190 = CARTESIAN_POINT('',(-12.12690306133,-4.203197674419,3.));
#191 = CARTESIAN_POINT('',(-12.22980162926,-4.203197674419,3.));
#192 = CARTESIAN_POINT('',(-12.33253569185,-4.206449495488,3.));
#193 = CARTESIAN_POINT('',(-12.43498546777,-4.213045278218,3.));
#194 = CARTESIAN_POINT('',(-12.53702159971,-4.223054752863,3.));
#195 = CARTESIAN_POINT('',(-12.73809186562,-4.249718968519,3.));
#196 = CARTESIAN_POINT('',(-12.83714800697,-4.266245787651,3.));
#197 = CARTESIAN_POINT('',(-12.93554380109,-4.286127228565,3.));
#198 = CARTESIAN_POINT('',(-13.03315125838,-4.309363569875,3.));
#199 = CARTESIAN_POINT('',(-13.22889896077,-4.363127221094,3.));
#200 = CARTESIAN_POINT('',(-13.32699577985,-4.39381907507,3.));
#201 = CARTESIAN_POINT('',(-13.4240020545,-4.427959306822,3.));
#202 = CARTESIAN_POINT('',(-13.51980000095,-4.465476719069,3.));
#203 = CARTESIAN_POINT('',(-13.70986606992,-4.547527056949,3.));
#204 = CARTESIAN_POINT('',(-13.80410528921,-4.59213688922,3.));
#205 = CARTESIAN_POINT('',(-13.89690089157,-4.639989352072,3.));
#206 = CARTESIAN_POINT('',(-13.98817494694,-4.690950560892,3.));
#207 = CARTESIAN_POINT('',(-14.07787053953,-4.744871911337,3.));
#208 = ORIENTED_EDGE('',*,*,#209,.T.);
#209 = EDGE_CURVE('',#187,#210,#212,.T.);
#210 = VERTEX_POINT('',#211);
#211 = CARTESIAN_POINT('',(-15.40619993633,-6.381386264535,3.));
#212 = B_SPLINE_CURVE_WITH_KNOTS('',5,(#213,#214,#215,#216,#217,#218,
    #219,#220,#221,#222,#223,#224,#225,#226),.UNSPECIFIED.,.F.,.F.,(6,4,
    4,6),(0.,0.234063278135,0.606775452809,1.),.UNSPECIFIED.);
#213 = CARTESIAN_POINT('',(-14.07787053953,-4.744871911337,3.));
#214 = CARTESIAN_POINT('',(-14.1637182825,-4.796480090733,3.));
#215 = CARTESIAN_POINT('',(-14.24735994754,-4.851516204061,3.));
#216 = CARTESIAN_POINT('',(-14.32858570405,-4.909960887317,3.));
#217 = CARTESIAN_POINT('',(-14.4072111224,-4.971744791491,3.));
#218 = CARTESIAN_POINT('',(-14.60390345259,-5.140230095905,3.));
#219 = CARTESIAN_POINT('',(-14.71776146902,-5.251873471751,3.));
#220 = CARTESIAN_POINT('',(-14.8240222425,-5.371128328426,3.));
#221 = CARTESIAN_POINT('',(-14.922447449,-5.497202466572,3.));
#222 = CARTESIAN_POINT('',(-15.10864868297,-5.768431102484,3.));
#223 = CARTESIAN_POINT('',(-15.19555173595,-5.914271567136,3.));
#224 = CARTESIAN_POINT('',(-15.27381583037,-6.065682279936,3.));
#225 = CARTESIAN_POINT('',(-15.34386281681,-6.221656921594,3.));
#226 = CARTESIAN_POINT('',(-15.40619993633,-6.381386264535,3.));
#227 = ORIENTED_EDGE('',*,*,#228,.T.);
#228 = EDGE_CURVE('',#210,#229,#231,.T.);
#229 = VERTEX_POINT('',#230);
#230 = CARTESIAN_POINT('',(-15.83295774883,-8.94402252907,3.));
#231 = B_SPLINE_CURVE_WITH_KNOTS('',6,(#232,#233,#234,#235,#236,#237,
    #238,#239,#240,#241,#242,#243),.UNSPECIFIED.,.F.,.F.,(7,5,7),(0.,
    0.313825396795,1.),.UNSPECIFIED.);
#232 = CARTESIAN_POINT('',(-15.40619993633,-6.381386264535,3.));
#233 = CARTESIAN_POINT('',(-15.45511448687,-6.506875735684,3.));
#234 = CARTESIAN_POINT('',(-15.50019831303,-6.634107637557,3.));
#235 = CARTESIAN_POINT('',(-15.54153749902,-6.76288796326,3.));
#236 = CARTESIAN_POINT('',(-15.57924062138,-6.893035044871,3.));
#237 = CARTESIAN_POINT('',(-15.61343030435,-7.024382825796,3.));
#238 = CARTESIAN_POINT('',(-15.71158829655,-7.446277639559,3.));
#239 = CARTESIAN_POINT('',(-15.76274775431,-7.740763008907,3.));
#240 = CARTESIAN_POINT('',(-15.79908715266,-8.038783653893,3.));
#241 = CARTESIAN_POINT('',(-15.8220508846,-8.33917101325,3.));
#242 = CARTESIAN_POINT('',(-15.83295774883,-8.641085147937,3.));
#243 = CARTESIAN_POINT('',(-15.83295774883,-8.94402252907,3.));
#244 = ORIENTED_EDGE('',*,*,#245,.T.);
#245 = EDGE_CURVE('',#229,#246,#248,.T.);
#246 = VERTEX_POINT('',#247);
#247 = CARTESIAN_POINT('',(-15.47253805407,-11.1535519622,3.));
#248 = B_SPLINE_CURVE_WITH_KNOTS('',5,(#249,#250,#251,#252,#253,#254,
    #255,#256,#257,#258),.UNSPECIFIED.,.F.,.F.,(6,4,6),(0.,
    0.566480955219,1.),.UNSPECIFIED.);
#249 = CARTESIAN_POINT('',(-15.83295774883,-8.94402252907,3.));
#250 = CARTESIAN_POINT('',(-15.83295774883,-9.199299787575,3.));
#251 = CARTESIAN_POINT('',(-15.82162648225,-9.454245227348,3.));
#252 = CARTESIAN_POINT('',(-15.79864947816,-9.70826176932,3.));
#253 = CARTESIAN_POINT('',(-15.76389990521,-9.960735207867,3.));
#254 = CARTESIAN_POINT('',(-15.68198229141,-10.40259446217,3.));
#255 = CARTESIAN_POINT('',(-15.63964227769,-10.59288514203,3.));
#256 = CARTESIAN_POINT('',(-15.59052592561,-10.78163548858,3.));
#257 = CARTESIAN_POINT('',(-15.53476046162,-10.9685981102,3.));
#258 = CARTESIAN_POINT('',(-15.47253805407,-11.1535519622,3.));
#259 = ORIENTED_EDGE('',*,*,#260,.T.);
#260 = EDGE_CURVE('',#246,#261,#263,.T.);
#261 = VERTEX_POINT('',#262);
#262 = CARTESIAN_POINT('',(-14.2230831122,-12.86110555959,3.));
#263 = B_SPLINE_CURVE_WITH_KNOTS('',5,(#264,#265,#266,#267,#268,#269,
    #270,#271,#272,#273,#274,#275,#276,#277),.UNSPECIFIED.,.F.,.F.,(6,4,
    4,6),(0.,0.300446117869,0.59238884274,1.),.UNSPECIFIED.);
#264 = CARTESIAN_POINT('',(-15.47253805407,-11.1535519622,3.));
#265 = CARTESIAN_POINT('',(-15.43096961796,-11.27717287655,3.));
#266 = CARTESIAN_POINT('',(-15.38446274217,-11.39878447536,3.));
#267 = CARTESIAN_POINT('',(-15.33284038871,-11.51804141596,3.));
#268 = CARTESIAN_POINT('',(-15.27598225571,-11.63456819273,3.));
#269 = CARTESIAN_POINT('',(-15.15355051131,-11.85820298755,3.));
#270 = CARTESIAN_POINT('',(-15.08826639338,-11.96548939529,3.));
#271 = CARTESIAN_POINT('',(-15.0180372506,-12.06950050613,3.));
#272 = CARTESIAN_POINT('',(-14.94295589736,-12.16992663152,3.));
#273 = CARTESIAN_POINT('',(-14.75192067471,-12.40137360796,3.));
#274 = CARTESIAN_POINT('',(-14.6315425473,-12.52877156609,3.));
#275 = CARTESIAN_POINT('',(-14.50267794752,-12.64799895537,3.));
#276 = CARTESIAN_POINT('',(-14.36619162907,-12.75877708425,3.));
#277 = CARTESIAN_POINT('',(-14.2230831122,-12.86110555959,3.));
#278 = ORIENTED_EDGE('',*,*,#279,.T.);
#279 = EDGE_CURVE('',#261,#280,#282,.T.);
#280 = VERTEX_POINT('',#281);
#281 = CARTESIAN_POINT('',(-12.0093749,-13.49680232558,3.));
#282 = B_SPLINE_CURVE_WITH_KNOTS('',5,(#283,#284,#285,#286,#287,#288,
    #289,#290,#291,#292,#293,#294,#295,#296,#297,#298,#299,#300,#301,
    #302,#303,#304),.UNSPECIFIED.,.F.,.F.,(6,4,4,4,4,6),(0.,
    2.832178113141E-02,0.258642130083,0.493446257813,0.739758604873,1.),
  .UNSPECIFIED.);
#283 = CARTESIAN_POINT('',(-14.2230831122,-12.86110555959,3.));
#284 = CARTESIAN_POINT('',(-14.21240970454,-12.86873300359,3.));
#285 = CARTESIAN_POINT('',(-14.20169622295,-12.87630394178,3.));
#286 = CARTESIAN_POINT('',(-14.19094298126,-12.88381811896,3.));
#287 = CARTESIAN_POINT('',(-14.18015030327,-12.89127529372,3.));
#288 = CARTESIAN_POINT('',(-14.08123156802,-12.95885358128,3.));
#289 = CARTESIAN_POINT('',(-13.99055673951,-13.01524838113,3.));
#290 = CARTESIAN_POINT('',(-13.8974789271,-13.06773303242,3.));
#291 = CARTESIAN_POINT('',(-13.80221281358,-13.11625422257,3.));
#292 = CARTESIAN_POINT('',(-13.60588435338,-13.20624962814,3.));
#293 = CARTESIAN_POINT('',(-13.50474193108,-13.24756975445,3.));
#294 = CARTESIAN_POINT('',(-13.40181493438,-13.28478606389,3.));
#295 = CARTESIAN_POINT('',(-13.29734898069,-13.31797952649,3.));
#296 = CARTESIAN_POINT('',(-13.08061447972,-13.37799719286,3.));
#297 = CARTESIAN_POINT('',(-12.96821307819,-13.40442984029,3.));
#298 = CARTESIAN_POINT('',(-12.85463085942,-13.42670906709,3.));
#299 = CARTESIAN_POINT('',(-12.74009979153,-13.44502377119,3.));
#300 = CARTESIAN_POINT('',(-12.50300524705,-13.47494577455,3.));
#301 = CARTESIAN_POINT('',(-12.38035473661,-13.48611509142,3.));
#302 = CARTESIAN_POINT('',(-12.2570849577,-13.49331787712,3.));
#303 = CARTESIAN_POINT('',(-12.13337898392,-13.49680232558,3.));
#304 = CARTESIAN_POINT('',(-12.0093749,-13.49680232558,3.));
#305 = ORIENTED_EDGE('',*,*,#306,.T.);
#306 = EDGE_CURVE('',#280,#307,#309,.T.);
#307 = VERTEX_POINT('',#308);
#308 = CARTESIAN_POINT('',(-10.09758347558,-12.92378724564,3.));
#309 = B_SPLINE_CURVE_WITH_KNOTS('',5,(#310,#311,#312,#313,#314,#315,
    #316,#317,#318,#319,#320,#321,#322,#323,#324,#325,#326,#327),
  .UNSPECIFIED.,.F.,.F.,(6,4,4,4,6),(0.,0.362350581766,0.655878118169,
    0.939284208632,1.),.UNSPECIFIED.);
#310 = CARTESIAN_POINT('',(-12.0093749,-13.49680232558,3.));
#311 = CARTESIAN_POINT('',(-11.85878446055,-13.49680232558,3.));
#312 = CARTESIAN_POINT('',(-11.7088603139,-13.49067973579,3.));
#313 = CARTESIAN_POINT('',(-11.55995361552,-13.47786491577,3.));
#314 = CARTESIAN_POINT('',(-11.41257885399,-13.45773712142,3.));
#315 = CARTESIAN_POINT('',(-11.14976312083,-13.40713325697,3.));
#316 = CARTESIAN_POINT('',(-11.03357396458,-13.37934908124,3.));
#317 = CARTESIAN_POINT('',(-10.91916906523,-13.34615812751,3.));
#318 = CARTESIAN_POINT('',(-10.80695782115,-13.30734205513,3.));
#319 = CARTESIAN_POINT('',(-10.59155952431,-13.21984934511,3.));
#320 = CARTESIAN_POINT('',(-10.48818793954,-13.17155628208,3.));
#321 = CARTESIAN_POINT('',(-10.38765064899,-13.11788693957,3.));
#322 = CARTESIAN_POINT('',(-10.29030984248,-13.05889381953,3.));
#323 = CARTESIAN_POINT('',(-10.17636625178,-12.98105192506,3.));
#324 = CARTESIAN_POINT('',(-10.15642288699,-12.96708285987,3.));
#325 = CARTESIAN_POINT('',(-10.13664288417,-12.9528808712,3.));
#326 = CARTESIAN_POINT('',(-10.11702892057,-12.93844817564,3.));
#327 = CARTESIAN_POINT('',(-10.09758347558,-12.92378724564,3.));
#328 = ORIENTED_EDGE('',*,*,#329,.T.);
#329 = EDGE_CURVE('',#307,#330,#332,.T.);
#330 = VERTEX_POINT('',#331);
#331 = CARTESIAN_POINT('',(-8.937972283721,-11.09504905523,3.));
#332 = B_SPLINE_CURVE_WITH_KNOTS('',5,(#333,#334,#335,#336,#337,#338,
    #339,#340,#341,#342,#343,#344,#345,#346,#347,#348,#349,#350),
  .UNSPECIFIED.,.F.,.F.,(6,4,4,4,6),(0.,0.23458986098,0.481538747692,
    0.73073805681,1.),.UNSPECIFIED.);
#333 = CARTESIAN_POINT('',(-10.09758347558,-12.92378724564,3.));
#334 = CARTESIAN_POINT('',(-10.0173775165,-12.8633158112,3.));
#335 = CARTESIAN_POINT('',(-9.940215460008,-12.79849568283,3.));
#336 = CARTESIAN_POINT('',(-9.866256838794,-12.72962505862,3.));
#337 = CARTESIAN_POINT('',(-9.795548627884,-12.65706245389,3.));
#338 = CARTESIAN_POINT('',(-9.657042084659,-12.50127658753,3.));
#339 = CARTESIAN_POINT('',(-9.589591823098,-12.41769130868,3.));
#340 = CARTESIAN_POINT('',(-9.525693451123,-12.33082709256,3.));
#341 = CARTESIAN_POINT('',(-9.46523280962,-12.24108599499,3.));
#342 = CARTESIAN_POINT('',(-9.350373667787,-12.05569170847,3.));
#343 = CARTESIAN_POINT('',(-9.296036461923,-11.95999389315,3.));
#344 = CARTESIAN_POINT('',(-9.24489850329,-11.86206448379,3.));
#345 = CARTESIAN_POINT('',(-9.1967824157,-11.76220537689,3.));
#346 = CARTESIAN_POINT('',(-9.102594794982,-11.55092944338,3.));
#347 = CARTESIAN_POINT('',(-9.057001612456,-11.43923298106,3.));
#348 = CARTESIAN_POINT('',(-9.014505541386,-11.32586778781,3.));
#349 = CARTESIAN_POINT('',(-8.974894915423,-11.21107782204,3.));
#350 = CARTESIAN_POINT('',(-8.937972283721,-11.09504905523,3.));
#351 = ORIENTED_EDGE('',*,*,#352,.F.);
#352 = EDGE_CURVE('',#353,#330,#355,.T.);
#353 = VERTEX_POINT('',#354);
#354 = CARTESIAN_POINT('',(-7.44144702936,-11.44815588662,3.));
#355 = LINE('',#356,#357);
#356 = CARTESIAN_POINT('',(-15.6215030886,-9.518062380153,3.));
#357 = VECTOR('',#358,1.);
#358 = DIRECTION('',(-0.973274412165,0.229645201614,-5.099147806528E-17)
  );
#359 = ORIENTED_EDGE('',*,*,#360,.T.);
#360 = EDGE_CURVE('',#353,#361,#363,.T.);
#361 = VERTEX_POINT('',#362);
#362 = CARTESIAN_POINT('',(-9.079006077326,-13.92094840116,3.));
#363 = B_SPLINE_CURVE_WITH_KNOTS('',5,(#364,#365,#366,#367,#368,#369,
    #370,#371,#372,#373,#374,#375,#376,#377,#378,#379,#380,#381),
  .UNSPECIFIED.,.F.,.F.,(6,4,4,4,6),(0.,0.291604802358,0.550030775278,
    0.800420757795,1.),.UNSPECIFIED.);
#364 = CARTESIAN_POINT('',(-7.44144702936,-11.44815588662,3.));
#365 = CARTESIAN_POINT('',(-7.490940536959,-11.61878265689,3.));
#366 = CARTESIAN_POINT('',(-7.54643457719,-11.78736579441,3.));
#367 = CARTESIAN_POINT('',(-7.608282549203,-11.95348930183,3.));
#368 = CARTESIAN_POINT('',(-7.676816795061,-12.11663598935,3.));
#369 = CARTESIAN_POINT('',(-7.819113280702,-12.41766030373,3.));
#370 = CARTESIAN_POINT('',(-7.891393991627,-12.5563023362,3.));
#371 = CARTESIAN_POINT('',(-7.969246956624,-12.69174355279,3.));
#372 = CARTESIAN_POINT('',(-8.052751048837,-12.82354717436,3.));
#373 = CARTESIAN_POINT('',(-8.228181661431,-13.07505935592,3.));
#374 = CARTESIAN_POINT('',(-8.319769216389,-13.19502201386,3.));
#375 = CARTESIAN_POINT('',(-8.416561297456,-13.31078567794,3.));
#376 = CARTESIAN_POINT('',(-8.518409895276,-13.42201082911,3.));
#377 = CARTESIAN_POINT('',(-8.710044795881,-13.61325619346,3.));
#378 = CARTESIAN_POINT('',(-8.798087881992,-13.69503160591,3.));
#379 = CARTESIAN_POINT('',(-8.889042856136,-13.77362385387,3.));
#380 = CARTESIAN_POINT('',(-8.982745404465,-13.84894541786,3.));
#381 = CARTESIAN_POINT('',(-9.079006077326,-13.92094840116,3.));
#382 = ORIENTED_EDGE('',*,*,#383,.T.);
#383 = EDGE_CURVE('',#361,#384,#386,.T.);
#384 = VERTEX_POINT('',#385);
#385 = CARTESIAN_POINT('',(-11.97803405697,-14.80058139534,3.));
#386 = B_SPLINE_CURVE_WITH_KNOTS('',5,(#387,#388,#389,#390,#391,#392,
    #393,#394,#395,#396,#397,#398,#399,#400,#401,#402,#403,#404),
  .UNSPECIFIED.,.F.,.F.,(6,4,4,4,6),(0.,0.114540811978,0.384038720076,
    0.662806403588,1.),.UNSPECIFIED.);
#387 = CARTESIAN_POINT('',(-9.079006077326,-13.92094840116,3.));
#388 = CARTESIAN_POINT('',(-9.135298140218,-13.9630798829,3.));
#389 = CARTESIAN_POINT('',(-9.192467174867,-14.00401795963,3.));
#390 = CARTESIAN_POINT('',(-9.250488738294,-14.04373233077,3.));
#391 = CARTESIAN_POINT('',(-9.309334363002,-14.08219766589,3.));
#392 = CARTESIAN_POINT('',(-9.509289219682,-14.20691025057,3.));
#393 = CARTESIAN_POINT('',(-9.653995518824,-14.28740386313,3.));
#394 = CARTESIAN_POINT('',(-9.802652390757,-14.3605990726,3.));
#395 = CARTESIAN_POINT('',(-9.954758393432,-14.42642629491,3.));
#396 = CARTESIAN_POINT('',(-10.27012487489,-14.54552373439,3.));
#397 = CARTESIAN_POINT('',(-10.43359913444,-14.5982877432,3.));
#398 = CARTESIAN_POINT('',(-10.5996176894,-14.64335606698,3.));
#399 = CARTESIAN_POINT('',(-10.76763809404,-14.68101700435,3.));
#400 = CARTESIAN_POINT('',(-11.14228721844,-14.74865771165,3.));
#401 = CARTESIAN_POINT('',(-11.34962696101,-14.77537297498,3.));
#402 = CARTESIAN_POINT('',(-11.55841498045,-14.79242056556,3.));
#403 = CARTESIAN_POINT('',(-11.76802572929,-14.80058139534,3.));
#404 = CARTESIAN_POINT('',(-11.97803405697,-14.80058139534,3.));
#405 = ORIENTED_EDGE('',*,*,#406,.T.);
#406 = EDGE_CURVE('',#384,#407,#409,.T.);
#407 = VERTEX_POINT('',#408);
#408 = CARTESIAN_POINT('',(-14.76371265436,-14.105859375,3.));
#409 = B_SPLINE_CURVE_WITH_KNOTS('',5,(#410,#411,#412,#413,#414,#415,
    #416,#417,#418,#419,#420,#421,#422,#423),.UNSPECIFIED.,.F.,.F.,(6,4,
    4,6),(0.,0.359734211229,0.70930376255,1.),.UNSPECIFIED.);
#410 = CARTESIAN_POINT('',(-11.97803405697,-14.80058139534,3.));
#411 = CARTESIAN_POINT('',(-12.18782394644,-14.80058139534,3.));
#412 = CARTESIAN_POINT('',(-12.39732205144,-14.79231032439,3.));
#413 = CARTESIAN_POINT('',(-12.6061065866,-14.77533737204,3.));
#414 = CARTESIAN_POINT('',(-12.81367917637,-14.74930024493,3.));
#415 = CARTESIAN_POINT('',(-13.21946064198,-14.67972239691,3.));
#416 = CARTESIAN_POINT('',(-13.41777760403,-14.63669560108,3.));
#417 = CARTESIAN_POINT('',(-13.61390170503,-14.58476230091,3.));
#418 = CARTESIAN_POINT('',(-13.80731560306,-14.52390530616,3.));
#419 = CARTESIAN_POINT('',(-14.15569802943,-14.39643007618,3.));
#420 = CARTESIAN_POINT('',(-14.31166201955,-14.33250584823,3.));
#421 = CARTESIAN_POINT('',(-14.46513363919,-14.26263680505,3.));
#422 = CARTESIAN_POINT('',(-14.61588035069,-14.18700545996,3.));
#423 = CARTESIAN_POINT('',(-14.76371265436,-14.105859375,3.));
#424 = ORIENTED_EDGE('',*,*,#425,.T.);
#425 = EDGE_CURVE('',#407,#426,#428,.T.);
#426 = VERTEX_POINT('',#427);
#427 = CARTESIAN_POINT('',(-16.71468013255,-12.07236101017,3.));
#428 = B_SPLINE_CURVE_WITH_KNOTS('',5,(#429,#430,#431,#432,#433,#434,
    #435,#436,#437,#438,#439,#440,#441,#442),.UNSPECIFIED.,.F.,.F.,(6,4,
    4,6),(0.,0.376963304968,0.683656509009,1.),.UNSPECIFIED.);
#429 = CARTESIAN_POINT('',(-14.76371265436,-14.105859375,3.));
#430 = CARTESIAN_POINT('',(-14.9529979433,-14.00191658627,3.));
#431 = CARTESIAN_POINT('',(-15.13636096515,-13.88776444748,3.));
#432 = CARTESIAN_POINT('',(-15.31280628502,-13.76332863843,3.));
#433 = CARTESIAN_POINT('',(-15.48143819872,-13.62881966863,3.));
#434 = CARTESIAN_POINT('',(-15.77183230383,-13.36775267116,3.));
#435 = CARTESIAN_POINT('',(-15.89648466064,-13.24437493073,3.));
#436 = CARTESIAN_POINT('',(-16.01514488768,-13.115067713,3.));
#437 = CARTESIAN_POINT('',(-16.12760611675,-12.9802731054,3.));
#438 = CARTESIAN_POINT('',(-16.34331279106,-12.69634657027,3.));
#439 = CARTESIAN_POINT('',(-16.446162714,-12.54688906363,3.));
#440 = CARTESIAN_POINT('',(-16.54225818665,-12.392693595,3.));
#441 = CARTESIAN_POINT('',(-16.63170055181,-12.23433866854,3.));
#442 = CARTESIAN_POINT('',(-16.71468013255,-12.07236101017,3.));
#443 = ORIENTED_EDGE('',*,*,#444,.T.);
#444 = EDGE_CURVE('',#426,#445,#447,.T.);
#445 = VERTEX_POINT('',#446);
#446 = CARTESIAN_POINT('',(-17.3999999,-8.936187318314,3.));
#447 = B_SPLINE_CURVE_WITH_KNOTS('',5,(#448,#449,#450,#451,#452,#453,
    #454,#455,#456,#457,#458,#459,#460,#461,#462,#463,#464,#465),
  .UNSPECIFIED.,.F.,.F.,(6,4,4,4,6),(0.,0.23686316819,0.479960160343,
    0.733688638133,1.),.UNSPECIFIED.);
#448 = CARTESIAN_POINT('',(-16.71468013255,-12.07236101017,3.));
#449 = CARTESIAN_POINT('',(-16.78417751117,-11.93665042785,3.));
#450 = CARTESIAN_POINT('',(-16.8490153881,-11.79848282281,3.));
#451 = CARTESIAN_POINT('',(-16.90916069991,-11.65809229981,3.));
#452 = CARTESIAN_POINT('',(-16.96464311827,-11.51571863281,3.));
#453 = CARTESIAN_POINT('',(-17.06776591265,-11.2236845772,3.));
#454 = CARTESIAN_POINT('',(-17.11516205069,-11.07392932487,3.));
#455 = CARTESIAN_POINT('',(-17.15780215158,-10.92258536298,3.));
#456 = CARTESIAN_POINT('',(-17.19581535841,-10.76988951591,3.));
#457 = CARTESIAN_POINT('',(-17.26436061531,-10.4554906251,3.));
#458 = CARTESIAN_POINT('',(-17.29449282913,-10.29368547291,3.));
#459 = CARTESIAN_POINT('',(-17.31992603802,-10.13087754101,3.));
#460 = CARTESIAN_POINT('',(-17.3408628169,-9.967275270434,3.));
#461 = CARTESIAN_POINT('',(-17.37498149688,-9.630683747781,3.));
#462 = CARTESIAN_POINT('',(-17.38772723128,-9.45763238151,3.));
#463 = CARTESIAN_POINT('',(-17.39598577492,-9.284096127391,3.));
#464 = CARTESIAN_POINT('',(-17.3999999,-9.110238708466,3.));
#465 = CARTESIAN_POINT('',(-17.3999999,-8.936187318314,3.));
#466 = ORIENTED_EDGE('',*,*,#467,.T.);
#467 = EDGE_CURVE('',#445,#468,#470,.T.);
#468 = VERTEX_POINT('',#469);
#469 = CARTESIAN_POINT('',(-16.79303224011,-5.851203670058,3.));
#470 = B_SPLINE_CURVE_WITH_KNOTS('',5,(#471,#472,#473,#474,#475,#476,
    #477,#478,#479,#480,#481,#482,#483,#484),.UNSPECIFIED.,.F.,.F.,(6,4,
    4,6),(0.,0.429772543705,0.848248474725,1.),.UNSPECIFIED.);
#471 = CARTESIAN_POINT('',(-17.3999999,-8.936187318314,3.));
#472 = CARTESIAN_POINT('',(-17.3999999,-8.663127543637,3.));
#473 = CARTESIAN_POINT('',(-17.38959175575,-8.390369470535,3.));
#474 = CARTESIAN_POINT('',(-17.36826780333,-8.118428265162,3.));
#475 = CARTESIAN_POINT('',(-17.33560742441,-7.847905906176,3.));
#476 = CARTESIAN_POINT('',(-17.24834624999,-7.318106451194,3.));
#477 = CARTESIAN_POINT('',(-17.19434310008,-7.058709943419,3.));
#478 = CARTESIAN_POINT('',(-17.1291885681,-6.801924141067,3.));
#479 = CARTESIAN_POINT('',(-17.05286465019,-6.548374072465,3.));
#480 = CARTESIAN_POINT('',(-16.93393273079,-6.208108371693,3.));
#481 = CARTESIAN_POINT('',(-16.90084080328,-6.118058990156,3.));
#482 = CARTESIAN_POINT('',(-16.86631741998,-6.028541134777,3.));
#483 = CARTESIAN_POINT('',(-16.83037572535,-5.939581109299,3.));
#484 = CARTESIAN_POINT('',(-16.79303224011,-5.851203670058,3.));
#485 = ORIENTED_EDGE('',*,*,#486,.T.);
#486 = EDGE_CURVE('',#468,#487,#489,.T.);
#487 = VERTEX_POINT('',#488);
#488 = CARTESIAN_POINT('',(-15.0222746093,-3.656822311047,3.));
#489 = B_SPLINE_CURVE_WITH_KNOTS('',6,(#490,#491,#492,#493,#494,#495,
    #496,#497,#498,#499,#500,#501,#502,#503,#504,#505,#506),
  .UNSPECIFIED.,.F.,.F.,(7,5,5,7),(0.,0.428353880544,0.833193968365,1.),
  .UNSPECIFIED.);
#490 = CARTESIAN_POINT('',(-16.79303224011,-5.851203670058,3.));
#491 = CARTESIAN_POINT('',(-16.71272905277,-5.66132081091,3.));
#492 = CARTESIAN_POINT('',(-16.6250845364,-5.474970859406,3.));
#493 = CARTESIAN_POINT('',(-16.5297262063,-5.292751004384,3.));
#494 = CARTESIAN_POINT('',(-16.4263338269,-5.115357432666,3.));
#495 = CARTESIAN_POINT('',(-16.31468885778,-4.943554860088,3.));
#496 = CARTESIAN_POINT('',(-16.08143866661,-4.621758398846,3.));
#497 = CARTESIAN_POINT('',(-15.96070500234,-4.471069021831,3.));
#498 = CARTESIAN_POINT('',(-15.83257545552,-4.326733069965,3.));
#499 = CARTESIAN_POINT('',(-15.69718211067,-4.189378500808,3.));
#500 = CARTESIAN_POINT('',(-15.55482243096,-4.059539901172,3.));
#501 = CARTESIAN_POINT('',(-15.34467590221,-3.887388918269,3.));
#502 = CARTESIAN_POINT('',(-15.28225495683,-3.838498110869,3.));
#503 = CARTESIAN_POINT('',(-15.21876674689,-3.790976941669,3.));
#504 = CARTESIAN_POINT('',(-15.15424735644,-3.744847107504,3.));
#505 = CARTESIAN_POINT('',(-15.08873591734,-3.700125121094,3.));
#506 = CARTESIAN_POINT('',(-15.0222746093,-3.656822311047,3.));
#507 = ORIENTED_EDGE('',*,*,#508,.T.);
#508 = EDGE_CURVE('',#487,#509,#511,.T.);
#509 = VERTEX_POINT('',#510);
#510 = CARTESIAN_POINT('',(-14.031892731,-3.188657020163,3.));
#511 = B_SPLINE_CURVE_WITH_KNOTS('',5,(#512,#513,#514,#515,#516,#517,
    #518,#519,#520,#521,#522,#523,#524,#525,#526,#527,#528,#529),
  .UNSPECIFIED.,.F.,.F.,(6,4,4,4,6),(0.,0.234166207014,0.479448581284,
    0.729382171565,1.),.UNSPECIFIED.);
#512 = CARTESIAN_POINT('',(-15.0222746093,-3.656822311047,3.));
#513 = CARTESIAN_POINT('',(-14.89990006621,-3.577179991709,3.));
#514 = CARTESIAN_POINT('',(-14.7735938638,-3.503330541699,3.));
#515 = CARTESIAN_POINT('',(-14.64380711071,-3.43533244428,3.));
#516 = CARTESIAN_POINT('',(-14.51100467546,-3.373087013027,3.));
#517 = CARTESIAN_POINT('',(-14.23380806599,-3.25705846607,3.));
#518 = CARTESIAN_POINT('',(-14.08916043727,-3.203816387965,3.));
#519 = CARTESIAN_POINT('',(-13.94216441039,-3.15648287803,3.));
#520 = CARTESIAN_POINT('',(-13.79325211985,-3.1147549099,3.));
#521 = CARTESIAN_POINT('',(-13.48943382121,-3.041182739309,3.));
#522 = CARTESIAN_POINT('',(-13.3344703934,-3.009541535714,3.));
#523 = CARTESIAN_POINT('',(-13.17824174689,-2.983050921576,3.));
#524 = CARTESIAN_POINT('',(-13.02104127353,-2.961359947629,3.));
#525 = CARTESIAN_POINT('',(-12.69205607128,-2.925500229923,3.));
#526 = CARTESIAN_POINT('',(-12.52014626991,-2.912103073118,3.));
#527 = CARTESIAN_POINT('',(-12.34762918758,-2.90353554549,3.));
#528 = CARTESIAN_POINT('',(-12.1747130996,-2.899418604651,3.));
#529 = CARTESIAN_POINT('',(-12.00153968924,-2.899418604651,3.));
#530 = ORIENTED_EDGE('',*,*,#531,.F.);
#531 = EDGE_CURVE('',#532,#509,#534,.T.);
#532 = VERTEX_POINT('',#533);
#533 = CARTESIAN_POINT('',(-7.988431168753,-4.973823985899,3.));
#534 = CIRCLE('',#535,4.5);
#535 = AXIS2_PLACEMENT_3D('',#536,#537,#538);
#536 = CARTESIAN_POINT('',(-10.1,-1.,3.));
#537 = DIRECTION('',(-0.,2.22044604925E-16,1.));
#538 = DIRECTION('',(0.,-1.,2.22044604925E-16));
#539 = ORIENTED_EDGE('',*,*,#540,.T.);
#540 = EDGE_CURVE('',#532,#541,#543,.T.);
#541 = VERTEX_POINT('',#542);
#542 = CARTESIAN_POINT('',(-7.245566760465,-6.746507085756,3.));
#543 = B_SPLINE_CURVE_WITH_KNOTS('',6,(#544,#545,#546,#547,#548,#549,
    #550,#551,#552,#553,#554,#555,#556,#557,#558,#559,#560,#561,#562,
    #563,#564,#565),.UNSPECIFIED.,.F.,.F.,(7,5,5,5,7),(0.,
    4.875687766217E-02,0.327284445949,0.616445064157,1.),.UNSPECIFIED.);
#544 = CARTESIAN_POINT('',(-8.965656695058,-3.884565770349,3.));
#545 = CARTESIAN_POINT('',(-8.944135859408,-3.901643069285,3.));
#546 = CARTESIAN_POINT('',(-8.922746880011,-3.918885356467,3.));
#547 = CARTESIAN_POINT('',(-8.901491338881,-3.936291648515,3.));
#548 = CARTESIAN_POINT('',(-8.880370760354,-3.953860886597,3.));
#549 = CARTESIAN_POINT('',(-8.85938661109,-3.971591936435,3.));
#550 = CARTESIAN_POINT('',(-8.719454078929,-4.091691082406,3.));
#551 = CARTESIAN_POINT('',(-8.604859990196,-4.199144726387,3.));
#552 = CARTESIAN_POINT('',(-8.49503519576,-4.311608354875,3.));
#553 = CARTESIAN_POINT('',(-8.390163381505,-4.428784703178,3.));
#554 = CARTESIAN_POINT('',(-8.290348073586,-4.550328063885,3.));
#555 = CARTESIAN_POINT('',(-8.097287730524,-4.80617800522,3.));
#556 = CARTESIAN_POINT('',(-8.004432622105,-4.940803573638,3.));
#557 = CARTESIAN_POINT('',(-7.917093181411,-5.079319090361,3.));
#558 = CARTESIAN_POINT('',(-7.835205299421,-5.22130654261,3.));
#559 = CARTESIAN_POINT('',(-7.758638033824,-5.36636408233,3.));
#560 = CARTESIAN_POINT('',(-7.592496079385,-5.71012286364,3.));
#561 = CARTESIAN_POINT('',(-7.506837100977,-5.910871617532,3.));
#562 = CARTESIAN_POINT('',(-7.429836087818,-6.115546146139,3.));
#563 = CARTESIAN_POINT('',(-7.360977528587,-6.323417181901,3.));
#564 = CARTESIAN_POINT('',(-7.299727806811,-6.533887983599,3.));
#565 = CARTESIAN_POINT('',(-7.245566760465,-6.746507085756,3.));
#566 = ORIENTED_EDGE('',*,*,#567,.F.);
#567 = EDGE_CURVE('',#568,#541,#570,.T.);
#568 = VERTEX_POINT('',#569);
#569 = CARTESIAN_POINT('',(-8.765597647093,-7.130954760174,3.));
#570 = LINE('',#571,#572);
#571 = CARTESIAN_POINT('',(-10.23705875994,-7.503118120676,3.));
#572 = VECTOR('',#573,1.);
#573 = DIRECTION('',(0.969472534993,0.245199926376,-5.444532077984E-17)
  );
#574 = ORIENTED_EDGE('',*,*,#575,.T.);
#575 = EDGE_CURVE('',#568,#169,#576,.T.);
#576 = B_SPLINE_CURVE_WITH_KNOTS('',6,(#577,#578,#579,#580,#581,#582,
    #583,#584,#585,#586,#587,#588,#589,#590,#591,#592,#593),
  .UNSPECIFIED.,.F.,.F.,(7,5,5,7),(0.,0.434570539062,0.723509479818,1.),
  .UNSPECIFIED.);
#577 = CARTESIAN_POINT('',(-8.765597647093,-7.130954760174,3.));
#578 = CARTESIAN_POINT('',(-8.805199124434,-6.947467915163,3.));
#579 = CARTESIAN_POINT('',(-8.851324844954,-6.765979509542,3.));
#580 = CARTESIAN_POINT('',(-8.904566564122,-6.586939878181,3.));
#581 = CARTESIAN_POINT('',(-8.965558405723,-6.410995912492,3.));
#582 = CARTESIAN_POINT('',(-9.034946606407,-6.238978713175,3.));
#583 = CARTESIAN_POINT('',(-9.165355813655,-5.960736786253,3.));
#584 = CARTESIAN_POINT('',(-9.221385227681,-5.851789004972,3.));
#585 = CARTESIAN_POINT('',(-9.281515834607,-5.745307806537,3.));
#586 = CARTESIAN_POINT('',(-9.34587386802,-5.641625367606,3.));
#587 = CARTESIAN_POINT('',(-9.414533859382,-5.541091651551,3.));
#588 = CARTESIAN_POINT('',(-9.557307606272,-5.351201702381,3.));
#589 = CARTESIAN_POINT('',(-9.631063375824,-5.261544256163,3.));
#590 = CARTESIAN_POINT('',(-9.708749288668,-5.175400506775,3.));
#591 = CARTESIAN_POINT('',(-9.790300552249,-5.093061467402,3.));
#592 = CARTESIAN_POINT('',(-9.875584129945,-5.014779010804,3.));
#593 = CARTESIAN_POINT('',(-9.964384892733,-4.940752180233,3.));
#594 = FACE_BOUND('',#595,.T.);
#595 = EDGE_LOOP('',(#596));
#596 = ORIENTED_EDGE('',*,*,#597,.F.);
#597 = EDGE_CURVE('',#598,#598,#600,.T.);
#598 = VERTEX_POINT('',#599);
#599 = CARTESIAN_POINT('',(-2.,-1.5,3.));
#600 = CIRCLE('',#601,4.5);
#601 = AXIS2_PLACEMENT_3D('',#602,#603,#604);
#602 = CARTESIAN_POINT('',(-2.,3.,3.));
#603 = DIRECTION('',(-0.,2.22044604925E-16,1.));
#604 = DIRECTION('',(0.,-1.,2.22044604925E-16));
#605 = FACE_BOUND('',#606,.T.);
#606 = EDGE_LOOP('',(#607,#617,#625,#633,#650,#665,#673,#685,#700));
#607 = ORIENTED_EDGE('',*,*,#608,.F.);
#608 = EDGE_CURVE('',#609,#611,#613,.T.);
#609 = VERTEX_POINT('',#610);
#610 = CARTESIAN_POINT('',(-0.620634892733,-3.1,3.));
#611 = VERTEX_POINT('',#612);
#612 = CARTESIAN_POINT('',(-2.030972828779,-3.1,3.));
#613 = LINE('',#614,#615);
#614 = CARTESIAN_POINT('',(-9.310317446366,-3.1,3.));
#615 = VECTOR('',#616,1.);
#616 = DIRECTION('',(-1.,0.,0.));
#617 = ORIENTED_EDGE('',*,*,#618,.F.);
#618 = EDGE_CURVE('',#619,#609,#621,.T.);
#619 = VERTEX_POINT('',#620);
#620 = CARTESIAN_POINT('',(-0.620634892733,-14.66686046511,3.));
#621 = LINE('',#622,#623);
#622 = CARTESIAN_POINT('',(-0.620634892733,1.166569767442,3.));
#623 = VECTOR('',#624,1.);
#624 = DIRECTION('',(0.,1.,-2.22044604925E-16));
#625 = ORIENTED_EDGE('',*,*,#626,.F.);
#626 = EDGE_CURVE('',#627,#619,#629,.T.);
#627 = VERTEX_POINT('',#628);
#628 = CARTESIAN_POINT('',(-1.529519340407,-14.66686046511,3.));
#629 = LINE('',#630,#631);
#630 = CARTESIAN_POINT('',(-9.764759670203,-14.66686046511,3.));
#631 = VECTOR('',#632,1.);
#632 = DIRECTION('',(1.,0.,0.));
#633 = ORIENTED_EDGE('',*,*,#634,.T.);
#634 = EDGE_CURVE('',#627,#635,#637,.T.);
#635 = VERTEX_POINT('',#636);
#636 = CARTESIAN_POINT('',(-2.783153061337,-13.12645803052,3.));
#637 = B_SPLINE_CURVE_WITH_KNOTS('',6,(#638,#639,#640,#641,#642,#643,
    #644,#645,#646,#647,#648,#649),.UNSPECIFIED.,.F.,.F.,(7,5,7),(0.,
    0.466011463307,1.),.UNSPECIFIED.);
#638 = CARTESIAN_POINT('',(-1.529519340407,-14.66686046511,3.));
#639 = CARTESIAN_POINT('',(-1.595388871893,-14.53334619491,3.));
#640 = CARTESIAN_POINT('',(-1.6694825639,-14.4023711991,3.));
#641 = CARTESIAN_POINT('',(-1.750802870017,-14.27409383066,3.));
#642 = CARTESIAN_POINT('',(-1.83841892696,-14.14855654958,3.));
#643 = CARTESIAN_POINT('',(-1.931546191242,-14.02571816846,3.));
#644 = CARTESIAN_POINT('',(-2.141880862842,-13.76766333046,3.));
#645 = CARTESIAN_POINT('',(-2.260595356675,-13.63328403815,3.));
#646 = CARTESIAN_POINT('',(-2.384765771831,-13.50215383218,3.));
#647 = CARTESIAN_POINT('',(-2.513626389552,-13.37409954252,3.));
#648 = CARTESIAN_POINT('',(-2.646573866736,-13.24893612833,3.));
#649 = CARTESIAN_POINT('',(-2.783153061337,-13.12645803052,3.));
#650 = ORIENTED_EDGE('',*,*,#651,.T.);
#651 = EDGE_CURVE('',#635,#652,#654,.T.);
#652 = VERTEX_POINT('',#653);
#653 = CARTESIAN_POINT('',(-4.851648700872,-11.77514534883,3.));
#654 = B_SPLINE_CURVE_WITH_KNOTS('',5,(#655,#656,#657,#658,#659,#660,
    #661,#662,#663,#664),.UNSPECIFIED.,.F.,.F.,(6,4,6),(0.,
    0.491603781875,1.),.UNSPECIFIED.);
#655 = CARTESIAN_POINT('',(-2.783153061337,-13.12645803052,3.));
#656 = CARTESIAN_POINT('',(-2.963612739295,-12.96473634862,3.));
#657 = CARTESIAN_POINT('',(-3.150744817342,-12.81007983022,3.));
#658 = CARTESIAN_POINT('',(-3.344056957037,-12.66262319772,3.));
#659 = CARTESIAN_POINT('',(-3.543018332177,-12.52236172958,3.));
#660 = CARTESIAN_POINT('',(-3.958162064799,-12.25150052921,3.));
#661 = CARTESIAN_POINT('',(-4.174702870356,-12.12139300652,3.));
#662 = CARTESIAN_POINT('',(-4.396153065407,-11.99877831463,3.));
#663 = CARTESIAN_POINT('',(-4.621963629843,-11.88344718365,3.));
#664 = CARTESIAN_POINT('',(-4.851648700872,-11.77514534883,3.));
#665 = ORIENTED_EDGE('',*,*,#666,.F.);
#666 = EDGE_CURVE('',#667,#652,#669,.T.);
#667 = VERTEX_POINT('',#668);
#668 = CARTESIAN_POINT('',(-4.851648700872,-10.40763989825,3.));
#669 = LINE('',#670,#671);
#670 = CARTESIAN_POINT('',(-4.851648700872,3.296180050872,3.));
#671 = VECTOR('',#672,1.);
#672 = DIRECTION('',(0.,-1.,2.22044604925E-16));
#673 = ORIENTED_EDGE('',*,*,#674,.T.);
#674 = EDGE_CURVE('',#667,#675,#677,.T.);
#675 = VERTEX_POINT('',#676);
#676 = CARTESIAN_POINT('',(-3.367137436337,-11.13840388808,3.));
#677 = B_SPLINE_CURVE_WITH_KNOTS('',6,(#678,#679,#680,#681,#682,#683,
    #684),.UNSPECIFIED.,.F.,.F.,(7,7),(0.,1.),.PIECEWISE_BEZIER_KNOTS.);
#678 = CARTESIAN_POINT('',(-4.851648700872,-10.40763989825,3.));
#679 = CARTESIAN_POINT('',(-4.605068272409,-10.49883551703,3.));
#680 = CARTESIAN_POINT('',(-4.357124212754,-10.60583947654,3.));
#681 = CARTESIAN_POINT('',(-4.108859484219,-10.72529433817,3.));
#682 = CARTESIAN_POINT('',(-3.860952948009,-10.854905372,3.));
#683 = CARTESIAN_POINT('',(-3.613725911952,-10.99297591858,3.));
#684 = CARTESIAN_POINT('',(-3.367137436337,-11.13840388808,3.));
#685 = ORIENTED_EDGE('',*,*,#686,.T.);
#686 = EDGE_CURVE('',#675,#687,#689,.T.);
#687 = VERTEX_POINT('',#688);
#688 = CARTESIAN_POINT('',(-2.030972828779,-12.1131041061,3.));
#689 = B_SPLINE_CURVE_WITH_KNOTS('',5,(#690,#691,#692,#693,#694,#695,
    #696,#697,#698,#699),.UNSPECIFIED.,.F.,.F.,(6,4,6),(0.,
    0.547147886256,1.),.UNSPECIFIED.);
#690 = CARTESIAN_POINT('',(-3.367137436337,-11.13840388808,3.));
#691 = CARTESIAN_POINT('',(-3.205161722886,-11.23387030668,3.));
#692 = CARTESIAN_POINT('',(-3.046362919394,-11.3319532284,3.));
#693 = CARTESIAN_POINT('',(-2.891187900457,-11.43288268197,3.));
#694 = CARTESIAN_POINT('',(-2.740252868434,-11.53689696182,3.));
#695 = CARTESIAN_POINT('',(-2.473657638101,-11.7331443423,3.));
#696 = CARTESIAN_POINT('',(-2.356409701368,-11.82431221157,3.));
#697 = CARTESIAN_POINT('',(-2.243108462483,-11.91793622054,3.));
#698 = CARTESIAN_POINT('',(-2.134372555751,-12.01415852121,3.));
#699 = CARTESIAN_POINT('',(-2.030972828779,-12.1131041061,3.));
#700 = ORIENTED_EDGE('',*,*,#701,.F.);
#701 = EDGE_CURVE('',#611,#687,#702,.T.);
#702 = LINE('',#703,#704);
#703 = CARTESIAN_POINT('',(-2.030972828779,6.95,3.));
#704 = VECTOR('',#705,1.);
#705 = DIRECTION('',(0.,-1.,2.22044604925E-16));
#706 = PLANE('',#707);
#707 = AXIS2_PLACEMENT_3D('',#708,#709,#710);
#708 = CARTESIAN_POINT('',(-18.,17.,3.));
#709 = DIRECTION('',(0.,2.22044604925E-16,1.));
#710 = DIRECTION('',(0.,-1.,2.22044604925E-16));
#711 = ADVANCED_FACE('',(#712),#723,.F.);
#712 = FACE_BOUND('',#713,.F.);
#713 = EDGE_LOOP('',(#714,#715,#716,#722));
#714 = ORIENTED_EDGE('',*,*,#31,.F.);
#715 = ORIENTED_EDGE('',*,*,#61,.T.);
#716 = ORIENTED_EDGE('',*,*,#717,.T.);
#717 = EDGE_CURVE('',#62,#133,#718,.T.);
#718 = LINE('',#719,#720);
#719 = CARTESIAN_POINT('',(18.,17.,-96.25));
#720 = VECTOR('',#721,1.);
#721 = DIRECTION('',(0.,2.22044604925E-16,1.));
#722 = ORIENTED_EDGE('',*,*,#132,.F.);
#723 = PLANE('',#724);
#724 = AXIS2_PLACEMENT_3D('',#725,#726,#727);
#725 = CARTESIAN_POINT('',(-18.,17.,0.));
#726 = DIRECTION('',(0.,-1.,2.22044604925E-16));
#727 = DIRECTION('',(1.,0.,0.));
#728 = ADVANCED_FACE('',(#729),#740,.T.);
#729 = FACE_BOUND('',#730,.T.);
#730 = EDGE_LOOP('',(#731,#737,#738,#739));
#731 = ORIENTED_EDGE('',*,*,#732,.F.);
#732 = EDGE_CURVE('',#87,#151,#733,.T.);
#733 = LINE('',#734,#735);
#734 = CARTESIAN_POINT('',(18.,-2.,-97.25));
#735 = VECTOR('',#736,1.);
#736 = DIRECTION('',(0.,2.22044604925E-16,1.));
#737 = ORIENTED_EDGE('',*,*,#94,.T.);
#738 = ORIENTED_EDGE('',*,*,#717,.T.);
#739 = ORIENTED_EDGE('',*,*,#158,.F.);
#740 = PLANE('',#741);
#741 = AXIS2_PLACEMENT_3D('',#742,#743,#744);
#742 = CARTESIAN_POINT('',(18.,23.,-192.5));
#743 = DIRECTION('',(1.,0.,0.));
#744 = DIRECTION('',(0.,-1.,2.22044604925E-16));
#745 = ADVANCED_FACE('',(#746),#757,.T.);
#746 = FACE_BOUND('',#747,.T.);
#747 = EDGE_LOOP('',(#748,#754,#755,#756));
#748 = ORIENTED_EDGE('',*,*,#749,.F.);
#749 = EDGE_CURVE('',#79,#143,#750,.T.);
#750 = LINE('',#751,#752);
#751 = CARTESIAN_POINT('',(3.,-2.,-2.));
#752 = VECTOR('',#753,1.);
#753 = DIRECTION('',(0.,2.22044604925E-16,1.));
#754 = ORIENTED_EDGE('',*,*,#86,.T.);
#755 = ORIENTED_EDGE('',*,*,#732,.T.);
#756 = ORIENTED_EDGE('',*,*,#150,.F.);
#757 = PLANE('',#758);
#758 = AXIS2_PLACEMENT_3D('',#759,#760,#761);
#759 = CARTESIAN_POINT('',(3.,-2.,-2.));
#760 = DIRECTION('',(0.,-1.,2.22044604925E-16));
#761 = DIRECTION('',(1.,0.,0.));
#762 = ADVANCED_FACE('',(#763),#769,.T.);
#763 = FACE_BOUND('',#764,.T.);
#764 = EDGE_LOOP('',(#765,#766,#767,#768));
#765 = ORIENTED_EDGE('',*,*,#118,.T.);
#766 = ORIENTED_EDGE('',*,*,#78,.T.);
#767 = ORIENTED_EDGE('',*,*,#749,.T.);
#768 = ORIENTED_EDGE('',*,*,#142,.F.);
#769 = PLANE('',#770);
#770 = AXIS2_PLACEMENT_3D('',#771,#772,#773);
#771 = CARTESIAN_POINT('',(3.,-2.,-2.));
#772 = DIRECTION('',(1.,0.,0.));
#773 = DIRECTION('',(0.,-1.,2.22044604925E-16));
#774 = ADVANCED_FACE('',(#775),#854,.T.);
#775 = FACE_BOUND('',#776,.T.);
#776 = EDGE_LOOP('',(#777,#778,#786,#793,#794,#795,#806,#815,#824,#825,
    #836,#845));
#777 = ORIENTED_EDGE('',*,*,#177,.T.);
#778 = ORIENTED_EDGE('',*,*,#779,.T.);
#779 = EDGE_CURVE('',#167,#780,#782,.T.);
#780 = VERTEX_POINT('',#781);
#781 = CARTESIAN_POINT('',(-10.1,-5.5,10.1));
#782 = LINE('',#783,#784);
#783 = CARTESIAN_POINT('',(-10.1,-5.5,2.7));
#784 = VECTOR('',#785,1.);
#785 = DIRECTION('',(0.,2.22044604925E-16,1.));
#786 = ORIENTED_EDGE('',*,*,#787,.F.);
#787 = EDGE_CURVE('',#780,#780,#788,.T.);
#788 = CIRCLE('',#789,4.5);
#789 = AXIS2_PLACEMENT_3D('',#790,#791,#792);
#790 = CARTESIAN_POINT('',(-10.1,-1.,10.1));
#791 = DIRECTION('',(-0.,2.22044604925E-16,1.));
#792 = DIRECTION('',(0.,-1.,2.22044604925E-16));
#793 = ORIENTED_EDGE('',*,*,#779,.F.);
#794 = ORIENTED_EDGE('',*,*,#166,.T.);
#795 = ORIENTED_EDGE('',*,*,#796,.T.);
#796 = EDGE_CURVE('',#169,#797,#799,.T.);
#797 = VERTEX_POINT('',#798);
#798 = CARTESIAN_POINT('',(-9.477960267527,-5.45680003716,3.6));
#799 = B_SPLINE_CURVE_WITH_KNOTS('',5,(#800,#801,#802,#803,#804,#805),
  .UNSPECIFIED.,.F.,.F.,(6,6),(0.,1.),.PIECEWISE_BEZIER_KNOTS.);
#800 = CARTESIAN_POINT('',(-9.477960267527,-5.45680003716,2.999999386065
    ));
#801 = CARTESIAN_POINT('',(-9.477960267527,-5.45680003716,3.090134097241
    ));
#802 = CARTESIAN_POINT('',(-9.477960267527,-5.45680003716,3.234669694003
    ));
#803 = CARTESIAN_POINT('',(-9.477960267527,-5.45680003716,3.366864610172
    ));
#804 = CARTESIAN_POINT('',(-9.477960267527,-5.45680003716,3.475508758473
    ));
#805 = CARTESIAN_POINT('',(-9.477960267527,-5.45680003716,3.600000613935
    ));
#806 = ORIENTED_EDGE('',*,*,#807,.T.);
#807 = EDGE_CURVE('',#797,#808,#810,.T.);
#808 = VERTEX_POINT('',#809);
#809 = CARTESIAN_POINT('',(-7.988431168753,-4.973823985899,3.6));
#810 = CIRCLE('',#811,4.5);
#811 = AXIS2_PLACEMENT_3D('',#812,#813,#814);
#812 = CARTESIAN_POINT('',(-10.1,-1.,3.6));
#813 = DIRECTION('',(-0.,2.22044604925E-16,1.));
#814 = DIRECTION('',(0.,-1.,2.22044604925E-16));
#815 = ORIENTED_EDGE('',*,*,#816,.F.);
#816 = EDGE_CURVE('',#532,#808,#817,.T.);
#817 = B_SPLINE_CURVE_WITH_KNOTS('',5,(#818,#819,#820,#821,#822,#823),
  .UNSPECIFIED.,.F.,.F.,(6,6),(0.,1.),.PIECEWISE_BEZIER_KNOTS.);
#818 = CARTESIAN_POINT('',(-7.988431168753,-4.973823985899,
    2.999999386065));
#819 = CARTESIAN_POINT('',(-7.988431168753,-4.973823985899,
    3.090134097241));
#820 = CARTESIAN_POINT('',(-7.988431168753,-4.973823985899,
    3.234669694003));
#821 = CARTESIAN_POINT('',(-7.988431168753,-4.973823985899,
    3.366864610172));
#822 = CARTESIAN_POINT('',(-7.988431168753,-4.973823985899,
    3.475508758473));
#823 = CARTESIAN_POINT('',(-7.988431168753,-4.973823985899,
    3.600000613935));
#824 = ORIENTED_EDGE('',*,*,#531,.T.);
#825 = ORIENTED_EDGE('',*,*,#826,.T.);
#826 = EDGE_CURVE('',#509,#827,#829,.T.);
#827 = VERTEX_POINT('',#828);
#828 = CARTESIAN_POINT('',(-14.031892731,-3.188657020163,3.6));
#829 = B_SPLINE_CURVE_WITH_KNOTS('',5,(#830,#831,#832,#833,#834,#835),
  .UNSPECIFIED.,.F.,.F.,(6,6),(0.,1.),.PIECEWISE_BEZIER_KNOTS.);
#830 = CARTESIAN_POINT('',(-14.031892731,-3.188657020163,2.999999386065)
  );
#831 = CARTESIAN_POINT('',(-14.031892731,-3.188657020163,3.091411624967)
  );
#832 = CARTESIAN_POINT('',(-14.031892731,-3.188657020163,3.234438256222)
  );
#833 = CARTESIAN_POINT('',(-14.031892731,-3.188657020163,3.366572535615)
  );
#834 = CARTESIAN_POINT('',(-14.031892731,-3.188657020163,3.47659102794)
  );
#835 = CARTESIAN_POINT('',(-14.031892731,-3.188657020163,3.600000613935)
  );
#836 = ORIENTED_EDGE('',*,*,#837,.T.);
#837 = EDGE_CURVE('',#827,#838,#840,.T.);
#838 = VERTEX_POINT('',#839);
#839 = CARTESIAN_POINT('',(-13.12243939176,-4.333895637705,3.6));
#840 = CIRCLE('',#841,4.5);
#841 = AXIS2_PLACEMENT_3D('',#842,#843,#844);
#842 = CARTESIAN_POINT('',(-10.1,-1.,3.6));
#843 = DIRECTION('',(-0.,2.22044604925E-16,1.));
#844 = DIRECTION('',(0.,-1.,2.22044604925E-16));
#845 = ORIENTED_EDGE('',*,*,#846,.F.);
#846 = EDGE_CURVE('',#178,#838,#847,.T.);
#847 = B_SPLINE_CURVE_WITH_KNOTS('',5,(#848,#849,#850,#851,#852,#853),
  .UNSPECIFIED.,.F.,.F.,(6,6),(0.,1.),.PIECEWISE_BEZIER_KNOTS.);
#848 = CARTESIAN_POINT('',(-13.12243939176,-4.333895637705,
    2.999999386065));
#849 = CARTESIAN_POINT('',(-13.12243939176,-4.333895637705,
    3.090134097241));
#850 = CARTESIAN_POINT('',(-13.12243939176,-4.333895637705,
    3.234669694003));
#851 = CARTESIAN_POINT('',(-13.12243939176,-4.333895637705,
    3.366864610172));
#852 = CARTESIAN_POINT('',(-13.12243939176,-4.333895637705,
    3.475508758473));
#853 = CARTESIAN_POINT('',(-13.12243939176,-4.333895637705,
    3.600000613935));
#854 = CYLINDRICAL_SURFACE('',#855,4.5);
#855 = AXIS2_PLACEMENT_3D('',#856,#857,#858);
#856 = CARTESIAN_POINT('',(-10.1,-1.,2.7));
#857 = DIRECTION('',(0.,2.22044604925E-16,1.));
#858 = DIRECTION('',(0.,-1.,2.22044604925E-16));
#859 = ADVANCED_FACE('',(#860),#894,.F.);
#860 = FACE_BOUND('',#861,.F.);
#861 = EDGE_LOOP('',(#862,#870,#878,#886,#892,#893));
#862 = ORIENTED_EDGE('',*,*,#863,.F.);
#863 = EDGE_CURVE('',#864,#797,#866,.T.);
#864 = VERTEX_POINT('',#865);
#865 = CARTESIAN_POINT('',(-9.964384892733,-4.940752180233,3.6));
#866 = B_SPLINE_CURVE_WITH_KNOTS('',2,(#867,#868,#869),.UNSPECIFIED.,.F.
  ,.F.,(3,3),(0.,1.),.PIECEWISE_BEZIER_KNOTS.);
#867 = CARTESIAN_POINT('',(-9.964384892733,-4.940752180233,3.6));
#868 = CARTESIAN_POINT('',(-9.079006077326,-5.67882903343,3.6));
#869 = CARTESIAN_POINT('',(-8.765597647093,-7.130954760174,3.6));
#870 = ORIENTED_EDGE('',*,*,#871,.T.);
#871 = EDGE_CURVE('',#864,#872,#874,.T.);
#872 = VERTEX_POINT('',#873);
#873 = CARTESIAN_POINT('',(-9.964384892733,-4.940752180233,2.4));
#874 = LINE('',#875,#876);
#875 = CARTESIAN_POINT('',(-9.964384892733,-4.940752180233,3.6));
#876 = VECTOR('',#877,1.);
#877 = DIRECTION('',(0.,-4.440892098501E-16,-1.));
#878 = ORIENTED_EDGE('',*,*,#879,.T.);
#879 = EDGE_CURVE('',#872,#880,#882,.T.);
#880 = VERTEX_POINT('',#881);
#881 = CARTESIAN_POINT('',(-8.765597647093,-7.130954760174,2.4));
#882 = B_SPLINE_CURVE_WITH_KNOTS('',2,(#883,#884,#885),.UNSPECIFIED.,.F.
  ,.F.,(3,3),(0.,1.),.PIECEWISE_BEZIER_KNOTS.);
#883 = CARTESIAN_POINT('',(-9.964384892733,-4.940752180233,2.4));
#884 = CARTESIAN_POINT('',(-9.079006077326,-5.67882903343,2.4));
#885 = CARTESIAN_POINT('',(-8.765597647093,-7.130954760174,2.4));
#886 = ORIENTED_EDGE('',*,*,#887,.F.);
#887 = EDGE_CURVE('',#568,#880,#888,.T.);
#888 = LINE('',#889,#890);
#889 = CARTESIAN_POINT('',(-8.765597647093,-7.130954760174,3.6));
#890 = VECTOR('',#891,1.);
#891 = DIRECTION('',(0.,-4.440892098501E-16,-1.));
#892 = ORIENTED_EDGE('',*,*,#575,.T.);
#893 = ORIENTED_EDGE('',*,*,#796,.T.);
#894 = SURFACE_OF_LINEAR_EXTRUSION('',#895,#899);
#895 = B_SPLINE_CURVE_WITH_KNOTS('',2,(#896,#897,#898),.UNSPECIFIED.,.F.
  ,.F.,(3,3),(0.,1.),.PIECEWISE_BEZIER_KNOTS.);
#896 = CARTESIAN_POINT('',(-9.964384892733,-4.940752180233,3.6));
#897 = CARTESIAN_POINT('',(-9.079006077326,-5.67882903343,3.6));
#898 = CARTESIAN_POINT('',(-8.765597647093,-7.130954760174,3.6));
#899 = VECTOR('',#900,1.);
#900 = DIRECTION('',(-0.,4.440892098501E-16,1.));
#901 = ADVANCED_FACE('',(#902),#920,.F.);
#902 = FACE_BOUND('',#903,.F.);
#903 = EDGE_LOOP('',(#904,#905,#906,#914));
#904 = ORIENTED_EDGE('',*,*,#567,.F.);
#905 = ORIENTED_EDGE('',*,*,#887,.T.);
#906 = ORIENTED_EDGE('',*,*,#907,.T.);
#907 = EDGE_CURVE('',#880,#908,#910,.T.);
#908 = VERTEX_POINT('',#909);
#909 = CARTESIAN_POINT('',(-7.245566760465,-6.746507085756,2.4));
#910 = LINE('',#911,#912);
#911 = CARTESIAN_POINT('',(-8.765597647093,-7.130954760174,2.4));
#912 = VECTOR('',#913,1.);
#913 = DIRECTION('',(0.969472534993,0.245199926376,-1.088906415597E-16)
  );
#914 = ORIENTED_EDGE('',*,*,#915,.F.);
#915 = EDGE_CURVE('',#541,#908,#916,.T.);
#916 = LINE('',#917,#918);
#917 = CARTESIAN_POINT('',(-7.245566760465,-6.746507085756,3.6));
#918 = VECTOR('',#919,1.);
#919 = DIRECTION('',(0.,-4.440892098501E-16,-1.));
#920 = PLANE('',#921);
#921 = AXIS2_PLACEMENT_3D('',#922,#923,#924);
#922 = CARTESIAN_POINT('',(-8.765597647093,-7.130954760174,3.6));
#923 = DIRECTION('',(0.245199926376,-0.969472534993,4.305322920362E-16)
  );
#924 = DIRECTION('',(0.969472534993,0.245199926376,-1.088906415597E-16)
  );
#925 = ADVANCED_FACE('',(#926),#953,.F.);
#926 = FACE_BOUND('',#927,.F.);
#927 = EDGE_LOOP('',(#928,#929,#930,#938,#946,#952));
#928 = ORIENTED_EDGE('',*,*,#540,.T.);
#929 = ORIENTED_EDGE('',*,*,#915,.T.);
#930 = ORIENTED_EDGE('',*,*,#931,.T.);
#931 = EDGE_CURVE('',#908,#932,#934,.T.);
#932 = VERTEX_POINT('',#933);
#933 = CARTESIAN_POINT('',(-8.965656695058,-3.884565770349,2.4));
#934 = B_SPLINE_CURVE_WITH_KNOTS('',2,(#935,#936,#937),.UNSPECIFIED.,.F.
  ,.F.,(3,3),(0.,1.),.PIECEWISE_BEZIER_KNOTS.);
#935 = CARTESIAN_POINT('',(-7.245566760465,-6.746507085756,2.4));
#936 = CARTESIAN_POINT('',(-7.72351461657,-4.87023528343,2.4));
#937 = CARTESIAN_POINT('',(-8.965656695058,-3.884565770349,2.4));
#938 = ORIENTED_EDGE('',*,*,#939,.F.);
#939 = EDGE_CURVE('',#940,#932,#942,.T.);
#940 = VERTEX_POINT('',#941);
#941 = CARTESIAN_POINT('',(-8.965656695058,-3.884565770349,3.6));
#942 = LINE('',#943,#944);
#943 = CARTESIAN_POINT('',(-8.965656695058,-3.884565770349,3.6));
#944 = VECTOR('',#945,1.);
#945 = DIRECTION('',(0.,-4.440892098501E-16,-1.));
#946 = ORIENTED_EDGE('',*,*,#947,.F.);
#947 = EDGE_CURVE('',#808,#940,#948,.T.);
#948 = B_SPLINE_CURVE_WITH_KNOTS('',2,(#949,#950,#951),.UNSPECIFIED.,.F.
  ,.F.,(3,3),(0.,1.),.PIECEWISE_BEZIER_KNOTS.);
#949 = CARTESIAN_POINT('',(-7.245566760465,-6.746507085756,3.6));
#950 = CARTESIAN_POINT('',(-7.72351461657,-4.87023528343,3.6));
#951 = CARTESIAN_POINT('',(-8.965656695058,-3.884565770349,3.6));
#952 = ORIENTED_EDGE('',*,*,#816,.F.);
#953 = SURFACE_OF_LINEAR_EXTRUSION('',#954,#958);
#954 = B_SPLINE_CURVE_WITH_KNOTS('',2,(#955,#956,#957),.UNSPECIFIED.,.F.
  ,.F.,(3,3),(0.,1.),.PIECEWISE_BEZIER_KNOTS.);
#955 = CARTESIAN_POINT('',(-7.245566760465,-6.746507085756,3.6));
#956 = CARTESIAN_POINT('',(-7.72351461657,-4.87023528343,3.6));
#957 = CARTESIAN_POINT('',(-8.965656695058,-3.884565770349,3.6));
#958 = VECTOR('',#959,1.);
#959 = DIRECTION('',(-0.,4.440892098501E-16,1.));
#960 = ADVANCED_FACE('',(#961),#995,.F.);
#961 = FACE_BOUND('',#962,.F.);
#962 = EDGE_LOOP('',(#963,#971,#979,#987,#993,#994));
#963 = ORIENTED_EDGE('',*,*,#964,.F.);
#964 = EDGE_CURVE('',#965,#827,#967,.T.);
#965 = VERTEX_POINT('',#966);
#966 = CARTESIAN_POINT('',(-12.00153968924,-2.899418604651,3.6));
#967 = B_SPLINE_CURVE_WITH_KNOTS('',2,(#968,#969,#970),.UNSPECIFIED.,.F.
  ,.F.,(3,3),(0.,1.),.PIECEWISE_BEZIER_KNOTS.);
#968 = CARTESIAN_POINT('',(-12.00153968924,-2.899418604651,3.6));
#969 = CARTESIAN_POINT('',(-13.85848463837,-2.899418604651,3.6));
#970 = CARTESIAN_POINT('',(-15.0222746093,-3.656822311047,3.6));
#971 = ORIENTED_EDGE('',*,*,#972,.T.);
#972 = EDGE_CURVE('',#965,#973,#975,.T.);
#973 = VERTEX_POINT('',#974);
#974 = CARTESIAN_POINT('',(-12.00153968924,-2.899418604651,2.4));
#975 = LINE('',#976,#977);
#976 = CARTESIAN_POINT('',(-12.00153968924,-2.899418604651,3.6));
#977 = VECTOR('',#978,1.);
#978 = DIRECTION('',(0.,-4.440892098501E-16,-1.));
#979 = ORIENTED_EDGE('',*,*,#980,.T.);
#980 = EDGE_CURVE('',#973,#981,#983,.T.);
#981 = VERTEX_POINT('',#982);
#982 = CARTESIAN_POINT('',(-15.0222746093,-3.656822311047,2.4));
#983 = B_SPLINE_CURVE_WITH_KNOTS('',2,(#984,#985,#986),.UNSPECIFIED.,.F.
  ,.F.,(3,3),(0.,1.),.PIECEWISE_BEZIER_KNOTS.);
#984 = CARTESIAN_POINT('',(-12.00153968924,-2.899418604651,2.4));
#985 = CARTESIAN_POINT('',(-13.85848463837,-2.899418604651,2.4));
#986 = CARTESIAN_POINT('',(-15.0222746093,-3.656822311047,2.4));
#987 = ORIENTED_EDGE('',*,*,#988,.F.);
#988 = EDGE_CURVE('',#487,#981,#989,.T.);
#989 = LINE('',#990,#991);
#990 = CARTESIAN_POINT('',(-15.0222746093,-3.656822311047,3.6));
#991 = VECTOR('',#992,1.);
#992 = DIRECTION('',(0.,-4.440892098501E-16,-1.));
#993 = ORIENTED_EDGE('',*,*,#508,.T.);
#994 = ORIENTED_EDGE('',*,*,#826,.T.);
#995 = SURFACE_OF_LINEAR_EXTRUSION('',#996,#1000);
#996 = B_SPLINE_CURVE_WITH_KNOTS('',2,(#997,#998,#999),.UNSPECIFIED.,.F.
  ,.F.,(3,3),(0.,1.),.PIECEWISE_BEZIER_KNOTS.);
#997 = CARTESIAN_POINT('',(-12.00153968924,-2.899418604651,3.6));
#998 = CARTESIAN_POINT('',(-13.85848463837,-2.899418604651,3.6));
#999 = CARTESIAN_POINT('',(-15.0222746093,-3.656822311047,3.6));
#1000 = VECTOR('',#1001,1.);
#1001 = DIRECTION('',(-0.,4.440892098501E-16,1.));
#1002 = ADVANCED_FACE('',(#1003),#1021,.F.);
#1003 = FACE_BOUND('',#1004,.F.);
#1004 = EDGE_LOOP('',(#1005,#1006,#1007,#1015));
#1005 = ORIENTED_EDGE('',*,*,#486,.T.);
#1006 = ORIENTED_EDGE('',*,*,#988,.T.);
#1007 = ORIENTED_EDGE('',*,*,#1008,.T.);
#1008 = EDGE_CURVE('',#981,#1009,#1011,.T.);
#1009 = VERTEX_POINT('',#1010);
#1010 = CARTESIAN_POINT('',(-16.79303224011,-5.851203670058,2.4));
#1011 = B_SPLINE_CURVE_WITH_KNOTS('',2,(#1012,#1013,#1014),
  .UNSPECIFIED.,.F.,.F.,(3,3),(0.,1.),.PIECEWISE_BEZIER_KNOTS.);
#1012 = CARTESIAN_POINT('',(-15.0222746093,-3.656822311047,2.4));
#1013 = CARTESIAN_POINT('',(-16.18554223284,-4.414748364826,2.4));
#1014 = CARTESIAN_POINT('',(-16.79303224011,-5.851203670058,2.4));
#1015 = ORIENTED_EDGE('',*,*,#1016,.F.);
#1016 = EDGE_CURVE('',#468,#1009,#1017,.T.);
#1017 = LINE('',#1018,#1019);
#1018 = CARTESIAN_POINT('',(-16.79303224011,-5.851203670058,3.6));
#1019 = VECTOR('',#1020,1.);
#1020 = DIRECTION('',(0.,-4.440892098501E-16,-1.));
#1021 = SURFACE_OF_LINEAR_EXTRUSION('',#1022,#1026);
#1022 = B_SPLINE_CURVE_WITH_KNOTS('',2,(#1023,#1024,#1025),
  .UNSPECIFIED.,.F.,.F.,(3,3),(0.,1.),.PIECEWISE_BEZIER_KNOTS.);
#1023 = CARTESIAN_POINT('',(-15.0222746093,-3.656822311047,3.6));
#1024 = CARTESIAN_POINT('',(-16.18554223284,-4.414748364826,3.6));
#1025 = CARTESIAN_POINT('',(-16.79303224011,-5.851203670058,3.6));
#1026 = VECTOR('',#1027,1.);
#1027 = DIRECTION('',(-0.,4.440892098501E-16,1.));
#1028 = ADVANCED_FACE('',(#1029),#1047,.F.);
#1029 = FACE_BOUND('',#1030,.F.);
#1030 = EDGE_LOOP('',(#1031,#1032,#1033,#1041));
#1031 = ORIENTED_EDGE('',*,*,#467,.T.);
#1032 = ORIENTED_EDGE('',*,*,#1016,.T.);
#1033 = ORIENTED_EDGE('',*,*,#1034,.T.);
#1034 = EDGE_CURVE('',#1009,#1035,#1037,.T.);
#1035 = VERTEX_POINT('',#1036);
#1036 = CARTESIAN_POINT('',(-17.3999999,-8.936187318314,2.4));
#1037 = B_SPLINE_CURVE_WITH_KNOTS('',2,(#1038,#1039,#1040),
  .UNSPECIFIED.,.F.,.F.,(3,3),(0.,1.),.PIECEWISE_BEZIER_KNOTS.);
#1038 = CARTESIAN_POINT('',(-16.79303224011,-5.851203670058,2.4));
#1039 = CARTESIAN_POINT('',(-17.3999999,-7.287658975291,2.4));
#1040 = CARTESIAN_POINT('',(-17.3999999,-8.936187318314,2.4));
#1041 = ORIENTED_EDGE('',*,*,#1042,.F.);
#1042 = EDGE_CURVE('',#445,#1035,#1043,.T.);
#1043 = LINE('',#1044,#1045);
#1044 = CARTESIAN_POINT('',(-17.3999999,-8.936187318314,3.6));
#1045 = VECTOR('',#1046,1.);
#1046 = DIRECTION('',(0.,-4.440892098501E-16,-1.));
#1047 = SURFACE_OF_LINEAR_EXTRUSION('',#1048,#1052);
#1048 = B_SPLINE_CURVE_WITH_KNOTS('',2,(#1049,#1050,#1051),
  .UNSPECIFIED.,.F.,.F.,(3,3),(0.,1.),.PIECEWISE_BEZIER_KNOTS.);
#1049 = CARTESIAN_POINT('',(-16.79303224011,-5.851203670058,3.6));
#1050 = CARTESIAN_POINT('',(-17.3999999,-7.287658975291,3.6));
#1051 = CARTESIAN_POINT('',(-17.3999999,-8.936187318314,3.6));
#1052 = VECTOR('',#1053,1.);
#1053 = DIRECTION('',(-0.,4.440892098501E-16,1.));
#1054 = ADVANCED_FACE('',(#1055),#1073,.F.);
#1055 = FACE_BOUND('',#1056,.F.);
#1056 = EDGE_LOOP('',(#1057,#1058,#1059,#1067));
#1057 = ORIENTED_EDGE('',*,*,#444,.T.);
#1058 = ORIENTED_EDGE('',*,*,#1042,.T.);
#1059 = ORIENTED_EDGE('',*,*,#1060,.T.);
#1060 = EDGE_CURVE('',#1035,#1061,#1063,.T.);
#1061 = VERTEX_POINT('',#1062);
#1062 = CARTESIAN_POINT('',(-16.71468013255,-12.07236101017,2.4));
#1063 = B_SPLINE_CURVE_WITH_KNOTS('',2,(#1064,#1065,#1066),
  .UNSPECIFIED.,.F.,.F.,(3,3),(0.,1.),.PIECEWISE_BEZIER_KNOTS.);
#1064 = CARTESIAN_POINT('',(-17.3999999,-8.936187318314,2.4));
#1065 = CARTESIAN_POINT('',(-17.3999999,-10.73410701308,2.4));
#1066 = CARTESIAN_POINT('',(-16.71468013255,-12.07236101017,2.4));
#1067 = ORIENTED_EDGE('',*,*,#1068,.F.);
#1068 = EDGE_CURVE('',#426,#1061,#1069,.T.);
#1069 = LINE('',#1070,#1071);
#1070 = CARTESIAN_POINT('',(-16.71468013255,-12.07236101017,3.6));
#1071 = VECTOR('',#1072,1.);
#1072 = DIRECTION('',(0.,-4.440892098501E-16,-1.));
#1073 = SURFACE_OF_LINEAR_EXTRUSION('',#1074,#1078);
#1074 = B_SPLINE_CURVE_WITH_KNOTS('',2,(#1075,#1076,#1077),
  .UNSPECIFIED.,.F.,.F.,(3,3),(0.,1.),.PIECEWISE_BEZIER_KNOTS.);
#1075 = CARTESIAN_POINT('',(-17.3999999,-8.936187318314,3.6));
#1076 = CARTESIAN_POINT('',(-17.3999999,-10.73410701308,3.6));
#1077 = CARTESIAN_POINT('',(-16.71468013255,-12.07236101017,3.6));
#1078 = VECTOR('',#1079,1.);
#1079 = DIRECTION('',(-0.,4.440892098501E-16,1.));
#1080 = ADVANCED_FACE('',(#1081),#1099,.F.);
#1081 = FACE_BOUND('',#1082,.F.);
#1082 = EDGE_LOOP('',(#1083,#1084,#1085,#1093));
#1083 = ORIENTED_EDGE('',*,*,#425,.T.);
#1084 = ORIENTED_EDGE('',*,*,#1068,.T.);
#1085 = ORIENTED_EDGE('',*,*,#1086,.T.);
#1086 = EDGE_CURVE('',#1061,#1087,#1089,.T.);
#1087 = VERTEX_POINT('',#1088);
#1088 = CARTESIAN_POINT('',(-14.76371265436,-14.105859375,2.4));
#1089 = B_SPLINE_CURVE_WITH_KNOTS('',2,(#1090,#1091,#1092),
  .UNSPECIFIED.,.F.,.F.,(3,3),(0.,1.),.PIECEWISE_BEZIER_KNOTS.);
#1090 = CARTESIAN_POINT('',(-16.71468013255,-12.07236101017,2.4));
#1091 = CARTESIAN_POINT('',(-16.02883801773,-13.41113735465,2.4));
#1092 = CARTESIAN_POINT('',(-14.76371265436,-14.105859375,2.4));
#1093 = ORIENTED_EDGE('',*,*,#1094,.F.);
#1094 = EDGE_CURVE('',#407,#1087,#1095,.T.);
#1095 = LINE('',#1096,#1097);
#1096 = CARTESIAN_POINT('',(-14.76371265436,-14.105859375,3.6));
#1097 = VECTOR('',#1098,1.);
#1098 = DIRECTION('',(0.,-4.440892098501E-16,-1.));
#1099 = SURFACE_OF_LINEAR_EXTRUSION('',#1100,#1104);
#1100 = B_SPLINE_CURVE_WITH_KNOTS('',2,(#1101,#1102,#1103),
  .UNSPECIFIED.,.F.,.F.,(3,3),(0.,1.),.PIECEWISE_BEZIER_KNOTS.);
#1101 = CARTESIAN_POINT('',(-16.71468013255,-12.07236101017,3.6));
#1102 = CARTESIAN_POINT('',(-16.02883801773,-13.41113735465,3.6));
#1103 = CARTESIAN_POINT('',(-14.76371265436,-14.105859375,3.6));
#1104 = VECTOR('',#1105,1.);
#1105 = DIRECTION('',(-0.,4.440892098501E-16,1.));
#1106 = ADVANCED_FACE('',(#1107),#1125,.F.);
#1107 = FACE_BOUND('',#1108,.F.);
#1108 = EDGE_LOOP('',(#1109,#1110,#1111,#1119));
#1109 = ORIENTED_EDGE('',*,*,#406,.T.);
#1110 = ORIENTED_EDGE('',*,*,#1094,.T.);
#1111 = ORIENTED_EDGE('',*,*,#1112,.T.);
#1112 = EDGE_CURVE('',#1087,#1113,#1115,.T.);
#1113 = VERTEX_POINT('',#1114);
#1114 = CARTESIAN_POINT('',(-11.97803405697,-14.80058139534,2.4));
#1115 = B_SPLINE_CURVE_WITH_KNOTS('',2,(#1116,#1117,#1118),
  .UNSPECIFIED.,.F.,.F.,(3,3),(0.,1.),.PIECEWISE_BEZIER_KNOTS.);
#1116 = CARTESIAN_POINT('',(-14.76371265436,-14.105859375,2.4));
#1117 = CARTESIAN_POINT('',(-13.4980649436,-14.80058139534,2.4));
#1118 = CARTESIAN_POINT('',(-11.97803405697,-14.80058139534,2.4));
#1119 = ORIENTED_EDGE('',*,*,#1120,.F.);
#1120 = EDGE_CURVE('',#384,#1113,#1121,.T.);
#1121 = LINE('',#1122,#1123);
#1122 = CARTESIAN_POINT('',(-11.97803405697,-14.80058139534,3.6));
#1123 = VECTOR('',#1124,1.);
#1124 = DIRECTION('',(0.,-4.440892098501E-16,-1.));
#1125 = SURFACE_OF_LINEAR_EXTRUSION('',#1126,#1130);
#1126 = B_SPLINE_CURVE_WITH_KNOTS('',2,(#1127,#1128,#1129),
  .UNSPECIFIED.,.F.,.F.,(3,3),(0.,1.),.PIECEWISE_BEZIER_KNOTS.);
#1127 = CARTESIAN_POINT('',(-14.76371265436,-14.105859375,3.6));
#1128 = CARTESIAN_POINT('',(-13.4980649436,-14.80058139534,3.6));
#1129 = CARTESIAN_POINT('',(-11.97803405697,-14.80058139534,3.6));
#1130 = VECTOR('',#1131,1.);
#1131 = DIRECTION('',(-0.,4.440892098501E-16,1.));
#1132 = ADVANCED_FACE('',(#1133),#1151,.F.);
#1133 = FACE_BOUND('',#1134,.F.);
#1134 = EDGE_LOOP('',(#1135,#1136,#1137,#1145));
#1135 = ORIENTED_EDGE('',*,*,#383,.T.);
#1136 = ORIENTED_EDGE('',*,*,#1120,.T.);
#1137 = ORIENTED_EDGE('',*,*,#1138,.T.);
#1138 = EDGE_CURVE('',#1113,#1139,#1141,.T.);
#1139 = VERTEX_POINT('',#1140);
#1140 = CARTESIAN_POINT('',(-9.079006077326,-13.92094840116,2.4));
#1141 = B_SPLINE_CURVE_WITH_KNOTS('',2,(#1142,#1143,#1144),
  .UNSPECIFIED.,.F.,.F.,(3,3),(0.,1.),.PIECEWISE_BEZIER_KNOTS.);
#1142 = CARTESIAN_POINT('',(-11.97803405697,-14.80058139534,2.4));
#1143 = CARTESIAN_POINT('',(-10.25428769069,-14.80058139534,2.4));
#1144 = CARTESIAN_POINT('',(-9.079006077326,-13.92094840116,2.4));
#1145 = ORIENTED_EDGE('',*,*,#1146,.F.);
#1146 = EDGE_CURVE('',#361,#1139,#1147,.T.);
#1147 = LINE('',#1148,#1149);
#1148 = CARTESIAN_POINT('',(-9.079006077326,-13.92094840116,3.6));
#1149 = VECTOR('',#1150,1.);
#1150 = DIRECTION('',(0.,-4.440892098501E-16,-1.));
#1151 = SURFACE_OF_LINEAR_EXTRUSION('',#1152,#1156);
#1152 = B_SPLINE_CURVE_WITH_KNOTS('',2,(#1153,#1154,#1155),
  .UNSPECIFIED.,.F.,.F.,(3,3),(0.,1.),.PIECEWISE_BEZIER_KNOTS.);
#1153 = CARTESIAN_POINT('',(-11.97803405697,-14.80058139534,3.6));
#1154 = CARTESIAN_POINT('',(-10.25428769069,-14.80058139534,3.6));
#1155 = CARTESIAN_POINT('',(-9.079006077326,-13.92094840116,3.6));
#1156 = VECTOR('',#1157,1.);
#1157 = DIRECTION('',(-0.,4.440892098501E-16,1.));
#1158 = ADVANCED_FACE('',(#1159),#1177,.F.);
#1159 = FACE_BOUND('',#1160,.F.);
#1160 = EDGE_LOOP('',(#1161,#1162,#1163,#1171));
#1161 = ORIENTED_EDGE('',*,*,#360,.T.);
#1162 = ORIENTED_EDGE('',*,*,#1146,.T.);
#1163 = ORIENTED_EDGE('',*,*,#1164,.T.);
#1164 = EDGE_CURVE('',#1139,#1165,#1167,.T.);
#1165 = VERTEX_POINT('',#1166);
#1166 = CARTESIAN_POINT('',(-7.44144702936,-11.44815588662,2.4));
#1167 = B_SPLINE_CURVE_WITH_KNOTS('',2,(#1168,#1169,#1170),
  .UNSPECIFIED.,.F.,.F.,(3,3),(0.,1.),.PIECEWISE_BEZIER_KNOTS.);
#1168 = CARTESIAN_POINT('',(-9.079006077326,-13.92094840116,2.4));
#1169 = CARTESIAN_POINT('',(-7.903724463953,-13.04183775436,2.4));
#1170 = CARTESIAN_POINT('',(-7.44144702936,-11.44815588662,2.4));
#1171 = ORIENTED_EDGE('',*,*,#1172,.F.);
#1172 = EDGE_CURVE('',#353,#1165,#1173,.T.);
#1173 = LINE('',#1174,#1175);
#1174 = CARTESIAN_POINT('',(-7.44144702936,-11.44815588662,3.6));
#1175 = VECTOR('',#1176,1.);
#1176 = DIRECTION('',(0.,-4.440892098501E-16,-1.));
#1177 = SURFACE_OF_LINEAR_EXTRUSION('',#1178,#1182);
#1178 = B_SPLINE_CURVE_WITH_KNOTS('',2,(#1179,#1180,#1181),
  .UNSPECIFIED.,.F.,.F.,(3,3),(0.,1.),.PIECEWISE_BEZIER_KNOTS.);
#1179 = CARTESIAN_POINT('',(-9.079006077326,-13.92094840116,3.6));
#1180 = CARTESIAN_POINT('',(-7.903724463953,-13.04183775436,3.6));
#1181 = CARTESIAN_POINT('',(-7.44144702936,-11.44815588662,3.6));
#1182 = VECTOR('',#1183,1.);
#1183 = DIRECTION('',(-0.,4.440892098501E-16,1.));
#1184 = ADVANCED_FACE('',(#1185),#1203,.F.);
#1185 = FACE_BOUND('',#1186,.F.);
#1186 = EDGE_LOOP('',(#1187,#1188,#1189,#1197));
#1187 = ORIENTED_EDGE('',*,*,#352,.F.);
#1188 = ORIENTED_EDGE('',*,*,#1172,.T.);
#1189 = ORIENTED_EDGE('',*,*,#1190,.T.);
#1190 = EDGE_CURVE('',#1165,#1191,#1193,.T.);
#1191 = VERTEX_POINT('',#1192);
#1192 = CARTESIAN_POINT('',(-8.937972283721,-11.09504905523,2.4));
#1193 = LINE('',#1194,#1195);
#1194 = CARTESIAN_POINT('',(-7.44144702936,-11.44815588662,2.4));
#1195 = VECTOR('',#1196,1.);
#1196 = DIRECTION('',(-0.973274412165,0.229645201614,-1.019829561306E-16
    ));
#1197 = ORIENTED_EDGE('',*,*,#1198,.F.);
#1198 = EDGE_CURVE('',#330,#1191,#1199,.T.);
#1199 = LINE('',#1200,#1201);
#1200 = CARTESIAN_POINT('',(-8.937972283721,-11.09504905523,3.6));
#1201 = VECTOR('',#1202,1.);
#1202 = DIRECTION('',(0.,-4.440892098501E-16,-1.));
#1203 = PLANE('',#1204);
#1204 = AXIS2_PLACEMENT_3D('',#1205,#1206,#1207);
#1205 = CARTESIAN_POINT('',(-7.44144702936,-11.44815588662,3.6));
#1206 = DIRECTION('',(0.229645201614,0.973274412165,-4.322206646658E-16)
  );
#1207 = DIRECTION('',(-0.973274412165,0.229645201614,-1.019829561306E-16
    ));
#1208 = ADVANCED_FACE('',(#1209),#1227,.F.);
#1209 = FACE_BOUND('',#1210,.F.);
#1210 = EDGE_LOOP('',(#1211,#1212,#1213,#1221));
#1211 = ORIENTED_EDGE('',*,*,#329,.T.);
#1212 = ORIENTED_EDGE('',*,*,#1198,.T.);
#1213 = ORIENTED_EDGE('',*,*,#1214,.T.);
#1214 = EDGE_CURVE('',#1191,#1215,#1217,.T.);
#1215 = VERTEX_POINT('',#1216);
#1216 = CARTESIAN_POINT('',(-10.09758347558,-12.92378724564,2.4));
#1217 = B_SPLINE_CURVE_WITH_KNOTS('',2,(#1218,#1219,#1220),
  .UNSPECIFIED.,.F.,.F.,(3,3),(0.,1.),.PIECEWISE_BEZIER_KNOTS.);
#1218 = CARTESIAN_POINT('',(-8.937972283721,-11.09504905523,2.4));
#1219 = CARTESIAN_POINT('',(-9.337568032267,-12.35077216569,2.4));
#1220 = CARTESIAN_POINT('',(-10.09758347558,-12.92378724564,2.4));
#1221 = ORIENTED_EDGE('',*,*,#1222,.F.);
#1222 = EDGE_CURVE('',#307,#1215,#1223,.T.);
#1223 = LINE('',#1224,#1225);
#1224 = CARTESIAN_POINT('',(-10.09758347558,-12.92378724564,3.6));
#1225 = VECTOR('',#1226,1.);
#1226 = DIRECTION('',(0.,-4.440892098501E-16,-1.));
#1227 = SURFACE_OF_LINEAR_EXTRUSION('',#1228,#1232);
#1228 = B_SPLINE_CURVE_WITH_KNOTS('',2,(#1229,#1230,#1231),
  .UNSPECIFIED.,.F.,.F.,(3,3),(0.,1.),.PIECEWISE_BEZIER_KNOTS.);
#1229 = CARTESIAN_POINT('',(-8.937972283721,-11.09504905523,3.6));
#1230 = CARTESIAN_POINT('',(-9.337568032267,-12.35077216569,3.6));
#1231 = CARTESIAN_POINT('',(-10.09758347558,-12.92378724564,3.6));
#1232 = VECTOR('',#1233,1.);
#1233 = DIRECTION('',(-0.,4.440892098501E-16,1.));
#1234 = ADVANCED_FACE('',(#1235),#1253,.F.);
#1235 = FACE_BOUND('',#1236,.F.);
#1236 = EDGE_LOOP('',(#1237,#1238,#1239,#1247));
#1237 = ORIENTED_EDGE('',*,*,#306,.T.);
#1238 = ORIENTED_EDGE('',*,*,#1222,.T.);
#1239 = ORIENTED_EDGE('',*,*,#1240,.T.);
#1240 = EDGE_CURVE('',#1215,#1241,#1243,.T.);
#1241 = VERTEX_POINT('',#1242);
#1242 = CARTESIAN_POINT('',(-12.0093749,-13.49680232558,2.4));
#1243 = B_SPLINE_CURVE_WITH_KNOTS('',2,(#1244,#1245,#1246),
  .UNSPECIFIED.,.F.,.F.,(3,3),(0.,1.),.PIECEWISE_BEZIER_KNOTS.);
#1244 = CARTESIAN_POINT('',(-10.09758347558,-12.92378724564,2.4));
#1245 = CARTESIAN_POINT('',(-10.85759891889,-13.49680232558,2.4));
#1246 = CARTESIAN_POINT('',(-12.0093749,-13.49680232558,2.4));
#1247 = ORIENTED_EDGE('',*,*,#1248,.F.);
#1248 = EDGE_CURVE('',#280,#1241,#1249,.T.);
#1249 = LINE('',#1250,#1251);
#1250 = CARTESIAN_POINT('',(-12.0093749,-13.49680232558,3.6));
#1251 = VECTOR('',#1252,1.);
#1252 = DIRECTION('',(0.,-4.440892098501E-16,-1.));
#1253 = SURFACE_OF_LINEAR_EXTRUSION('',#1254,#1258);
#1254 = B_SPLINE_CURVE_WITH_KNOTS('',2,(#1255,#1256,#1257),
  .UNSPECIFIED.,.F.,.F.,(3,3),(0.,1.),.PIECEWISE_BEZIER_KNOTS.);
#1255 = CARTESIAN_POINT('',(-10.09758347558,-12.92378724564,3.6));
#1256 = CARTESIAN_POINT('',(-10.85759891889,-13.49680232558,3.6));
#1257 = CARTESIAN_POINT('',(-12.0093749,-13.49680232558,3.6));
#1258 = VECTOR('',#1259,1.);
#1259 = DIRECTION('',(-0.,4.440892098501E-16,1.));
#1260 = ADVANCED_FACE('',(#1261),#1279,.F.);
#1261 = FACE_BOUND('',#1262,.F.);
#1262 = EDGE_LOOP('',(#1263,#1264,#1265,#1273));
#1263 = ORIENTED_EDGE('',*,*,#279,.T.);
#1264 = ORIENTED_EDGE('',*,*,#1248,.T.);
#1265 = ORIENTED_EDGE('',*,*,#1266,.T.);
#1266 = EDGE_CURVE('',#1241,#1267,#1269,.T.);
#1267 = VERTEX_POINT('',#1268);
#1268 = CARTESIAN_POINT('',(-14.2230831122,-12.86110555959,2.4));
#1269 = B_SPLINE_CURVE_WITH_KNOTS('',2,(#1270,#1271,#1272),
  .UNSPECIFIED.,.F.,.F.,(3,3),(0.,1.),.PIECEWISE_BEZIER_KNOTS.);
#1270 = CARTESIAN_POINT('',(-12.0093749,-13.49680232558,2.4));
#1271 = CARTESIAN_POINT('',(-13.33352551773,-13.49680232558,2.4));
#1272 = CARTESIAN_POINT('',(-14.2230831122,-12.86110555959,2.4));
#1273 = ORIENTED_EDGE('',*,*,#1274,.F.);
#1274 = EDGE_CURVE('',#261,#1267,#1275,.T.);
#1275 = LINE('',#1276,#1277);
#1276 = CARTESIAN_POINT('',(-14.2230831122,-12.86110555959,3.6));
#1277 = VECTOR('',#1278,1.);
#1278 = DIRECTION('',(0.,-4.440892098501E-16,-1.));
#1279 = SURFACE_OF_LINEAR_EXTRUSION('',#1280,#1284);
#1280 = B_SPLINE_CURVE_WITH_KNOTS('',2,(#1281,#1282,#1283),
  .UNSPECIFIED.,.F.,.F.,(3,3),(0.,1.),.PIECEWISE_BEZIER_KNOTS.);
#1281 = CARTESIAN_POINT('',(-12.0093749,-13.49680232558,3.6));
#1282 = CARTESIAN_POINT('',(-13.33352551773,-13.49680232558,3.6));
#1283 = CARTESIAN_POINT('',(-14.2230831122,-12.86110555959,3.6));
#1284 = VECTOR('',#1285,1.);
#1285 = DIRECTION('',(-0.,4.440892098501E-16,1.));
#1286 = ADVANCED_FACE('',(#1287),#1305,.F.);
#1287 = FACE_BOUND('',#1288,.F.);
#1288 = EDGE_LOOP('',(#1289,#1290,#1291,#1299));
#1289 = ORIENTED_EDGE('',*,*,#260,.T.);
#1290 = ORIENTED_EDGE('',*,*,#1274,.T.);
#1291 = ORIENTED_EDGE('',*,*,#1292,.T.);
#1292 = EDGE_CURVE('',#1267,#1293,#1295,.T.);
#1293 = VERTEX_POINT('',#1294);
#1294 = CARTESIAN_POINT('',(-15.47253805407,-11.1535519622,2.4));
#1295 = B_SPLINE_CURVE_WITH_KNOTS('',2,(#1296,#1297,#1298),
  .UNSPECIFIED.,.F.,.F.,(3,3),(0.,1.),.PIECEWISE_BEZIER_KNOTS.);
#1296 = CARTESIAN_POINT('',(-14.2230831122,-12.86110555959,2.4));
#1297 = CARTESIAN_POINT('',(-15.1121183593,-12.2254087936,2.4));
#1298 = CARTESIAN_POINT('',(-15.47253805407,-11.1535519622,2.4));
#1299 = ORIENTED_EDGE('',*,*,#1300,.F.);
#1300 = EDGE_CURVE('',#246,#1293,#1301,.T.);
#1301 = LINE('',#1302,#1303);
#1302 = CARTESIAN_POINT('',(-15.47253805407,-11.1535519622,3.6));
#1303 = VECTOR('',#1304,1.);
#1304 = DIRECTION('',(0.,-4.440892098501E-16,-1.));
#1305 = SURFACE_OF_LINEAR_EXTRUSION('',#1306,#1310);
#1306 = B_SPLINE_CURVE_WITH_KNOTS('',2,(#1307,#1308,#1309),
  .UNSPECIFIED.,.F.,.F.,(3,3),(0.,1.),.PIECEWISE_BEZIER_KNOTS.);
#1307 = CARTESIAN_POINT('',(-14.2230831122,-12.86110555959,3.6));
#1308 = CARTESIAN_POINT('',(-15.1121183593,-12.2254087936,3.6));
#1309 = CARTESIAN_POINT('',(-15.47253805407,-11.1535519622,3.6));
#1310 = VECTOR('',#1311,1.);
#1311 = DIRECTION('',(-0.,4.440892098501E-16,1.));
#1312 = ADVANCED_FACE('',(#1313),#1331,.F.);
#1313 = FACE_BOUND('',#1314,.F.);
#1314 = EDGE_LOOP('',(#1315,#1316,#1317,#1325));
#1315 = ORIENTED_EDGE('',*,*,#245,.T.);
#1316 = ORIENTED_EDGE('',*,*,#1300,.T.);
#1317 = ORIENTED_EDGE('',*,*,#1318,.T.);
#1318 = EDGE_CURVE('',#1293,#1319,#1321,.T.);
#1319 = VERTEX_POINT('',#1320);
#1320 = CARTESIAN_POINT('',(-15.83295774883,-8.94402252907,2.4));
#1321 = B_SPLINE_CURVE_WITH_KNOTS('',2,(#1322,#1323,#1324),
  .UNSPECIFIED.,.F.,.F.,(3,3),(0.,1.),.PIECEWISE_BEZIER_KNOTS.);
#1322 = CARTESIAN_POINT('',(-15.47253805407,-11.1535519622,2.4));
#1323 = CARTESIAN_POINT('',(-15.83295774883,-10.08221747819,2.4));
#1324 = CARTESIAN_POINT('',(-15.83295774883,-8.94402252907,2.4));
#1325 = ORIENTED_EDGE('',*,*,#1326,.F.);
#1326 = EDGE_CURVE('',#229,#1319,#1327,.T.);
#1327 = LINE('',#1328,#1329);
#1328 = CARTESIAN_POINT('',(-15.83295774883,-8.94402252907,3.6));
#1329 = VECTOR('',#1330,1.);
#1330 = DIRECTION('',(0.,-4.440892098501E-16,-1.));
#1331 = SURFACE_OF_LINEAR_EXTRUSION('',#1332,#1336);
#1332 = B_SPLINE_CURVE_WITH_KNOTS('',2,(#1333,#1334,#1335),
  .UNSPECIFIED.,.F.,.F.,(3,3),(0.,1.),.PIECEWISE_BEZIER_KNOTS.);
#1333 = CARTESIAN_POINT('',(-15.47253805407,-11.1535519622,3.6));
#1334 = CARTESIAN_POINT('',(-15.83295774883,-10.08221747819,3.6));
#1335 = CARTESIAN_POINT('',(-15.83295774883,-8.94402252907,3.6));
#1336 = VECTOR('',#1337,1.);
#1337 = DIRECTION('',(-0.,4.440892098501E-16,1.));
#1338 = ADVANCED_FACE('',(#1339),#1357,.F.);
#1339 = FACE_BOUND('',#1340,.F.);
#1340 = EDGE_LOOP('',(#1341,#1342,#1343,#1351));
#1341 = ORIENTED_EDGE('',*,*,#228,.T.);
#1342 = ORIENTED_EDGE('',*,*,#1326,.T.);
#1343 = ORIENTED_EDGE('',*,*,#1344,.T.);
#1344 = EDGE_CURVE('',#1319,#1345,#1347,.T.);
#1345 = VERTEX_POINT('',#1346);
#1346 = CARTESIAN_POINT('',(-15.40619993633,-6.381386264535,2.4));
#1347 = B_SPLINE_CURVE_WITH_KNOTS('',2,(#1348,#1349,#1350),
  .UNSPECIFIED.,.F.,.F.,(3,3),(0.,1.),.PIECEWISE_BEZIER_KNOTS.);
#1348 = CARTESIAN_POINT('',(-15.83295774883,-8.94402252907,2.4));
#1349 = CARTESIAN_POINT('',(-15.83295774883,-7.476226380814,2.4));
#1350 = CARTESIAN_POINT('',(-15.40619993633,-6.381386264535,2.4));
#1351 = ORIENTED_EDGE('',*,*,#1352,.F.);
#1352 = EDGE_CURVE('',#210,#1345,#1353,.T.);
#1353 = LINE('',#1354,#1355);
#1354 = CARTESIAN_POINT('',(-15.40619993633,-6.381386264535,3.6));
#1355 = VECTOR('',#1356,1.);
#1356 = DIRECTION('',(0.,-4.440892098501E-16,-1.));
#1357 = SURFACE_OF_LINEAR_EXTRUSION('',#1358,#1362);
#1358 = B_SPLINE_CURVE_WITH_KNOTS('',2,(#1359,#1360,#1361),
  .UNSPECIFIED.,.F.,.F.,(3,3),(0.,1.),.PIECEWISE_BEZIER_KNOTS.);
#1359 = CARTESIAN_POINT('',(-15.83295774883,-8.94402252907,3.6));
#1360 = CARTESIAN_POINT('',(-15.83295774883,-7.476226380814,3.6));
#1361 = CARTESIAN_POINT('',(-15.40619993633,-6.381386264535,3.6));
#1362 = VECTOR('',#1363,1.);
#1363 = DIRECTION('',(-0.,4.440892098501E-16,1.));
#1364 = ADVANCED_FACE('',(#1365),#1383,.F.);
#1365 = FACE_BOUND('',#1366,.F.);
#1366 = EDGE_LOOP('',(#1367,#1368,#1369,#1377));
#1367 = ORIENTED_EDGE('',*,*,#209,.T.);
#1368 = ORIENTED_EDGE('',*,*,#1352,.T.);
#1369 = ORIENTED_EDGE('',*,*,#1370,.T.);
#1370 = EDGE_CURVE('',#1345,#1371,#1373,.T.);
#1371 = VERTEX_POINT('',#1372);
#1372 = CARTESIAN_POINT('',(-14.07787053953,-4.744871911337,2.4));
#1373 = B_SPLINE_CURVE_WITH_KNOTS('',2,(#1374,#1375,#1376),
  .UNSPECIFIED.,.F.,.F.,(3,3),(0.,1.),.PIECEWISE_BEZIER_KNOTS.);
#1374 = CARTESIAN_POINT('',(-15.40619993633,-6.381386264535,2.4));
#1375 = CARTESIAN_POINT('',(-14.97891977645,-5.286546148256,2.4));
#1376 = CARTESIAN_POINT('',(-14.07787053953,-4.744871911337,2.4));
#1377 = ORIENTED_EDGE('',*,*,#1378,.F.);
#1378 = EDGE_CURVE('',#187,#1371,#1379,.T.);
#1379 = LINE('',#1380,#1381);
#1380 = CARTESIAN_POINT('',(-14.07787053953,-4.744871911337,3.6));
#1381 = VECTOR('',#1382,1.);
#1382 = DIRECTION('',(0.,-4.440892098501E-16,-1.));
#1383 = SURFACE_OF_LINEAR_EXTRUSION('',#1384,#1388);
#1384 = B_SPLINE_CURVE_WITH_KNOTS('',2,(#1385,#1386,#1387),
  .UNSPECIFIED.,.F.,.F.,(3,3),(0.,1.),.PIECEWISE_BEZIER_KNOTS.);
#1385 = CARTESIAN_POINT('',(-15.40619993633,-6.381386264535,3.6));
#1386 = CARTESIAN_POINT('',(-14.97891977645,-5.286546148256,3.6));
#1387 = CARTESIAN_POINT('',(-14.07787053953,-4.744871911337,3.6));
#1388 = VECTOR('',#1389,1.);
#1389 = DIRECTION('',(-0.,4.440892098501E-16,1.));
#1390 = ADVANCED_FACE('',(#1391),#1418,.F.);
#1391 = FACE_BOUND('',#1392,.F.);
#1392 = EDGE_LOOP('',(#1393,#1394,#1395,#1403,#1411,#1417));
#1393 = ORIENTED_EDGE('',*,*,#186,.T.);
#1394 = ORIENTED_EDGE('',*,*,#1378,.T.);
#1395 = ORIENTED_EDGE('',*,*,#1396,.T.);
#1396 = EDGE_CURVE('',#1371,#1397,#1399,.T.);
#1397 = VERTEX_POINT('',#1398);
#1398 = CARTESIAN_POINT('',(-12.12690306133,-4.203197674419,2.4));
#1399 = B_SPLINE_CURVE_WITH_KNOTS('',2,(#1400,#1401,#1402),
  .UNSPECIFIED.,.F.,.F.,(3,3),(0.,1.),.PIECEWISE_BEZIER_KNOTS.);
#1400 = CARTESIAN_POINT('',(-14.07787053953,-4.744871911337,2.4));
#1401 = CARTESIAN_POINT('',(-13.17682130261,-4.203197674419,2.4));
#1402 = CARTESIAN_POINT('',(-12.12690306133,-4.203197674419,2.4));
#1403 = ORIENTED_EDGE('',*,*,#1404,.F.);
#1404 = EDGE_CURVE('',#1405,#1397,#1407,.T.);
#1405 = VERTEX_POINT('',#1406);
#1406 = CARTESIAN_POINT('',(-12.12690306133,-4.203197674419,3.6));
#1407 = LINE('',#1408,#1409);
#1408 = CARTESIAN_POINT('',(-12.12690306133,-4.203197674419,3.6));
#1409 = VECTOR('',#1410,1.);
#1410 = DIRECTION('',(0.,-4.440892098501E-16,-1.));
#1411 = ORIENTED_EDGE('',*,*,#1412,.F.);
#1412 = EDGE_CURVE('',#838,#1405,#1413,.T.);
#1413 = B_SPLINE_CURVE_WITH_KNOTS('',2,(#1414,#1415,#1416),
  .UNSPECIFIED.,.F.,.F.,(3,3),(0.,1.),.PIECEWISE_BEZIER_KNOTS.);
#1414 = CARTESIAN_POINT('',(-14.07787053953,-4.744871911337,3.6));
#1415 = CARTESIAN_POINT('',(-13.17682130261,-4.203197674419,3.6));
#1416 = CARTESIAN_POINT('',(-12.12690306133,-4.203197674419,3.6));
#1417 = ORIENTED_EDGE('',*,*,#846,.F.);
#1418 = SURFACE_OF_LINEAR_EXTRUSION('',#1419,#1423);
#1419 = B_SPLINE_CURVE_WITH_KNOTS('',2,(#1420,#1421,#1422),
  .UNSPECIFIED.,.F.,.F.,(3,3),(0.,1.),.PIECEWISE_BEZIER_KNOTS.);
#1420 = CARTESIAN_POINT('',(-14.07787053953,-4.744871911337,3.6));
#1421 = CARTESIAN_POINT('',(-13.17682130261,-4.203197674419,3.6));
#1422 = CARTESIAN_POINT('',(-12.12690306133,-4.203197674419,3.6));
#1423 = VECTOR('',#1424,1.);
#1424 = DIRECTION('',(-0.,4.440892098501E-16,1.));
#1425 = ADVANCED_FACE('',(#1426),#1445,.T.);
#1426 = FACE_BOUND('',#1427,.T.);
#1427 = EDGE_LOOP('',(#1428,#1436,#1443,#1444));
#1428 = ORIENTED_EDGE('',*,*,#1429,.T.);
#1429 = EDGE_CURVE('',#598,#1430,#1432,.T.);
#1430 = VERTEX_POINT('',#1431);
#1431 = CARTESIAN_POINT('',(-2.,-1.5,10.1));
#1432 = LINE('',#1433,#1434);
#1433 = CARTESIAN_POINT('',(-2.,-1.5,2.7));
#1434 = VECTOR('',#1435,1.);
#1435 = DIRECTION('',(0.,2.22044604925E-16,1.));
#1436 = ORIENTED_EDGE('',*,*,#1437,.F.);
#1437 = EDGE_CURVE('',#1430,#1430,#1438,.T.);
#1438 = CIRCLE('',#1439,4.5);
#1439 = AXIS2_PLACEMENT_3D('',#1440,#1441,#1442);
#1440 = CARTESIAN_POINT('',(-2.,3.,10.1));
#1441 = DIRECTION('',(-0.,2.22044604925E-16,1.));
#1442 = DIRECTION('',(0.,-1.,2.22044604925E-16));
#1443 = ORIENTED_EDGE('',*,*,#1429,.F.);
#1444 = ORIENTED_EDGE('',*,*,#597,.T.);
#1445 = CYLINDRICAL_SURFACE('',#1446,4.5);
#1446 = AXIS2_PLACEMENT_3D('',#1447,#1448,#1449);
#1447 = CARTESIAN_POINT('',(-2.,3.,2.7));
#1448 = DIRECTION('',(0.,2.22044604925E-16,1.));
#1449 = DIRECTION('',(0.,-1.,2.22044604925E-16));
#1450 = ADVANCED_FACE('',(#1451),#1476,.F.);
#1451 = FACE_BOUND('',#1452,.F.);
#1452 = EDGE_LOOP('',(#1453,#1454,#1462,#1470));
#1453 = ORIENTED_EDGE('',*,*,#608,.F.);
#1454 = ORIENTED_EDGE('',*,*,#1455,.T.);
#1455 = EDGE_CURVE('',#609,#1456,#1458,.T.);
#1456 = VERTEX_POINT('',#1457);
#1457 = CARTESIAN_POINT('',(-0.620634892733,-3.1,2.4));
#1458 = LINE('',#1459,#1460);
#1459 = CARTESIAN_POINT('',(-0.620634892733,-3.1,3.6));
#1460 = VECTOR('',#1461,1.);
#1461 = DIRECTION('',(0.,-4.440892098501E-16,-1.));
#1462 = ORIENTED_EDGE('',*,*,#1463,.T.);
#1463 = EDGE_CURVE('',#1456,#1464,#1466,.T.);
#1464 = VERTEX_POINT('',#1465);
#1465 = CARTESIAN_POINT('',(-2.030972828779,-3.1,2.4));
#1466 = LINE('',#1467,#1468);
#1467 = CARTESIAN_POINT('',(-0.620634892733,-3.1,2.4));
#1468 = VECTOR('',#1469,1.);
#1469 = DIRECTION('',(-1.,-0.,0.));
#1470 = ORIENTED_EDGE('',*,*,#1471,.F.);
#1471 = EDGE_CURVE('',#611,#1464,#1472,.T.);
#1472 = LINE('',#1473,#1474);
#1473 = CARTESIAN_POINT('',(-2.030972828779,-3.1,3.6));
#1474 = VECTOR('',#1475,1.);
#1475 = DIRECTION('',(0.,-4.440892098501E-16,-1.));
#1476 = PLANE('',#1477);
#1477 = AXIS2_PLACEMENT_3D('',#1478,#1479,#1480);
#1478 = CARTESIAN_POINT('',(-0.620634892733,-3.1,3.6));
#1479 = DIRECTION('',(0.,1.,-4.440892098501E-16));
#1480 = DIRECTION('',(-1.,-0.,0.));
#1481 = ADVANCED_FACE('',(#1482),#1500,.F.);
#1482 = FACE_BOUND('',#1483,.F.);
#1483 = EDGE_LOOP('',(#1484,#1485,#1486,#1494));
#1484 = ORIENTED_EDGE('',*,*,#701,.F.);
#1485 = ORIENTED_EDGE('',*,*,#1471,.T.);
#1486 = ORIENTED_EDGE('',*,*,#1487,.T.);
#1487 = EDGE_CURVE('',#1464,#1488,#1490,.T.);
#1488 = VERTEX_POINT('',#1489);
#1489 = CARTESIAN_POINT('',(-2.030972828779,-12.1131041061,2.4));
#1490 = LINE('',#1491,#1492);
#1491 = CARTESIAN_POINT('',(-2.030972828779,-3.1,2.4));
#1492 = VECTOR('',#1493,1.);
#1493 = DIRECTION('',(0.,-1.,4.440892098501E-16));
#1494 = ORIENTED_EDGE('',*,*,#1495,.F.);
#1495 = EDGE_CURVE('',#687,#1488,#1496,.T.);
#1496 = LINE('',#1497,#1498);
#1497 = CARTESIAN_POINT('',(-2.030972828779,-12.1131041061,3.6));
#1498 = VECTOR('',#1499,1.);
#1499 = DIRECTION('',(0.,-4.440892098501E-16,-1.));
#1500 = PLANE('',#1501);
#1501 = AXIS2_PLACEMENT_3D('',#1502,#1503,#1504);
#1502 = CARTESIAN_POINT('',(-2.030972828779,-3.1,3.6));
#1503 = DIRECTION('',(-1.,-0.,0.));
#1504 = DIRECTION('',(0.,-1.,4.440892098501E-16));
#1505 = ADVANCED_FACE('',(#1506),#1524,.F.);
#1506 = FACE_BOUND('',#1507,.F.);
#1507 = EDGE_LOOP('',(#1508,#1509,#1510,#1518));
#1508 = ORIENTED_EDGE('',*,*,#686,.T.);
#1509 = ORIENTED_EDGE('',*,*,#1495,.T.);
#1510 = ORIENTED_EDGE('',*,*,#1511,.T.);
#1511 = EDGE_CURVE('',#1488,#1512,#1514,.T.);
#1512 = VERTEX_POINT('',#1513);
#1513 = CARTESIAN_POINT('',(-3.367137436337,-11.13840388808,2.4));
#1514 = B_SPLINE_CURVE_WITH_KNOTS('',2,(#1515,#1516,#1517),
  .UNSPECIFIED.,.F.,.F.,(3,3),(0.,1.),.PIECEWISE_BEZIER_KNOTS.);
#1515 = CARTESIAN_POINT('',(-2.030972828779,-12.1131041061,2.4));
#1516 = CARTESIAN_POINT('',(-2.540261527907,-11.62575399709,2.4));
#1517 = CARTESIAN_POINT('',(-3.367137436337,-11.13840388808,2.4));
#1518 = ORIENTED_EDGE('',*,*,#1519,.F.);
#1519 = EDGE_CURVE('',#675,#1512,#1520,.T.);
#1520 = LINE('',#1521,#1522);
#1521 = CARTESIAN_POINT('',(-3.367137436337,-11.13840388808,3.6));
#1522 = VECTOR('',#1523,1.);
#1523 = DIRECTION('',(0.,-4.440892098501E-16,-1.));
#1524 = SURFACE_OF_LINEAR_EXTRUSION('',#1525,#1529);
#1525 = B_SPLINE_CURVE_WITH_KNOTS('',2,(#1526,#1527,#1528),
  .UNSPECIFIED.,.F.,.F.,(3,3),(0.,1.),.PIECEWISE_BEZIER_KNOTS.);
#1526 = CARTESIAN_POINT('',(-2.030972828779,-12.1131041061,3.6));
#1527 = CARTESIAN_POINT('',(-2.540261527907,-11.62575399709,3.6));
#1528 = CARTESIAN_POINT('',(-3.367137436337,-11.13840388808,3.6));
#1529 = VECTOR('',#1530,1.);
#1530 = DIRECTION('',(-0.,4.440892098501E-16,1.));
#1531 = ADVANCED_FACE('',(#1532),#1550,.F.);
#1532 = FACE_BOUND('',#1533,.F.);
#1533 = EDGE_LOOP('',(#1534,#1535,#1536,#1544));
#1534 = ORIENTED_EDGE('',*,*,#674,.T.);
#1535 = ORIENTED_EDGE('',*,*,#1519,.T.);
#1536 = ORIENTED_EDGE('',*,*,#1537,.T.);
#1537 = EDGE_CURVE('',#1512,#1538,#1540,.T.);
#1538 = VERTEX_POINT('',#1539);
#1539 = CARTESIAN_POINT('',(-4.851648700872,-10.40763989825,2.4));
#1540 = B_SPLINE_CURVE_WITH_KNOTS('',2,(#1541,#1542,#1543),
  .UNSPECIFIED.,.F.,.F.,(3,3),(0.,1.),.PIECEWISE_BEZIER_KNOTS.);
#1541 = CARTESIAN_POINT('',(-3.367137436337,-11.13840388808,2.4));
#1542 = CARTESIAN_POINT('',(-4.193490997384,-10.65105377907,2.4));
#1543 = CARTESIAN_POINT('',(-4.851648700872,-10.40763989825,2.4));
#1544 = ORIENTED_EDGE('',*,*,#1545,.F.);
#1545 = EDGE_CURVE('',#667,#1538,#1546,.T.);
#1546 = LINE('',#1547,#1548);
#1547 = CARTESIAN_POINT('',(-4.851648700872,-10.40763989825,3.6));
#1548 = VECTOR('',#1549,1.);
#1549 = DIRECTION('',(0.,-4.440892098501E-16,-1.));
#1550 = SURFACE_OF_LINEAR_EXTRUSION('',#1551,#1555);
#1551 = B_SPLINE_CURVE_WITH_KNOTS('',2,(#1552,#1553,#1554),
  .UNSPECIFIED.,.F.,.F.,(3,3),(0.,1.),.PIECEWISE_BEZIER_KNOTS.);
#1552 = CARTESIAN_POINT('',(-3.367137436337,-11.13840388808,3.6));
#1553 = CARTESIAN_POINT('',(-4.193490997384,-10.65105377907,3.6));
#1554 = CARTESIAN_POINT('',(-4.851648700872,-10.40763989825,3.6));
#1555 = VECTOR('',#1556,1.);
#1556 = DIRECTION('',(-0.,4.440892098501E-16,1.));
#1557 = ADVANCED_FACE('',(#1558),#1576,.F.);
#1558 = FACE_BOUND('',#1559,.F.);
#1559 = EDGE_LOOP('',(#1560,#1561,#1562,#1570));
#1560 = ORIENTED_EDGE('',*,*,#666,.F.);
#1561 = ORIENTED_EDGE('',*,*,#1545,.T.);
#1562 = ORIENTED_EDGE('',*,*,#1563,.T.);
#1563 = EDGE_CURVE('',#1538,#1564,#1566,.T.);
#1564 = VERTEX_POINT('',#1565);
#1565 = CARTESIAN_POINT('',(-4.851648700872,-11.77514534883,2.4));
#1566 = LINE('',#1567,#1568);
#1567 = CARTESIAN_POINT('',(-4.851648700872,-10.40763989825,2.4));
#1568 = VECTOR('',#1569,1.);
#1569 = DIRECTION('',(0.,-1.,4.440892098501E-16));
#1570 = ORIENTED_EDGE('',*,*,#1571,.F.);
#1571 = EDGE_CURVE('',#652,#1564,#1572,.T.);
#1572 = LINE('',#1573,#1574);
#1573 = CARTESIAN_POINT('',(-4.851648700872,-11.77514534883,3.6));
#1574 = VECTOR('',#1575,1.);
#1575 = DIRECTION('',(0.,-4.440892098501E-16,-1.));
#1576 = PLANE('',#1577);
#1577 = AXIS2_PLACEMENT_3D('',#1578,#1579,#1580);
#1578 = CARTESIAN_POINT('',(-4.851648700872,-10.40763989825,3.6));
#1579 = DIRECTION('',(-1.,-0.,0.));
#1580 = DIRECTION('',(0.,-1.,4.440892098501E-16));
#1581 = ADVANCED_FACE('',(#1582),#1600,.F.);
#1582 = FACE_BOUND('',#1583,.F.);
#1583 = EDGE_LOOP('',(#1584,#1585,#1586,#1594));
#1584 = ORIENTED_EDGE('',*,*,#651,.T.);
#1585 = ORIENTED_EDGE('',*,*,#1571,.T.);
#1586 = ORIENTED_EDGE('',*,*,#1587,.T.);
#1587 = EDGE_CURVE('',#1564,#1588,#1590,.T.);
#1588 = VERTEX_POINT('',#1589);
#1589 = CARTESIAN_POINT('',(-2.783153061337,-13.12645803052,2.4));
#1590 = B_SPLINE_CURVE_WITH_KNOTS('',2,(#1591,#1592,#1593),
  .UNSPECIFIED.,.F.,.F.,(3,3),(0.,1.),.PIECEWISE_BEZIER_KNOTS.);
#1591 = CARTESIAN_POINT('',(-4.851648700872,-11.77514534883,2.4));
#1592 = CARTESIAN_POINT('',(-3.668531876744,-12.33301235465,2.4));
#1593 = CARTESIAN_POINT('',(-2.783153061337,-13.12645803052,2.4));
#1594 = ORIENTED_EDGE('',*,*,#1595,.F.);
#1595 = EDGE_CURVE('',#635,#1588,#1596,.T.);
#1596 = LINE('',#1597,#1598);
#1597 = CARTESIAN_POINT('',(-2.783153061337,-13.12645803052,3.6));
#1598 = VECTOR('',#1599,1.);
#1599 = DIRECTION('',(0.,-4.440892098501E-16,-1.));
#1600 = SURFACE_OF_LINEAR_EXTRUSION('',#1601,#1605);
#1601 = B_SPLINE_CURVE_WITH_KNOTS('',2,(#1602,#1603,#1604),
  .UNSPECIFIED.,.F.,.F.,(3,3),(0.,1.),.PIECEWISE_BEZIER_KNOTS.);
#1602 = CARTESIAN_POINT('',(-4.851648700872,-11.77514534883,3.6));
#1603 = CARTESIAN_POINT('',(-3.668531876744,-12.33301235465,3.6));
#1604 = CARTESIAN_POINT('',(-2.783153061337,-13.12645803052,3.6));
#1605 = VECTOR('',#1606,1.);
#1606 = DIRECTION('',(-0.,4.440892098501E-16,1.));
#1607 = ADVANCED_FACE('',(#1608),#1626,.F.);
#1608 = FACE_BOUND('',#1609,.F.);
#1609 = EDGE_LOOP('',(#1610,#1611,#1612,#1620));
#1610 = ORIENTED_EDGE('',*,*,#634,.T.);
#1611 = ORIENTED_EDGE('',*,*,#1595,.T.);
#1612 = ORIENTED_EDGE('',*,*,#1613,.T.);
#1613 = EDGE_CURVE('',#1588,#1614,#1616,.T.);
#1614 = VERTEX_POINT('',#1615);
#1615 = CARTESIAN_POINT('',(-1.529519340407,-14.66686046511,2.4));
#1616 = B_SPLINE_CURVE_WITH_KNOTS('',2,(#1617,#1618,#1619),
  .UNSPECIFIED.,.F.,.F.,(3,3),(0.,1.),.PIECEWISE_BEZIER_KNOTS.);
#1617 = CARTESIAN_POINT('',(-2.783153061337,-13.12645803052,2.4));
#1618 = CARTESIAN_POINT('',(-1.89777424593,-13.92042605377,2.4));
#1619 = CARTESIAN_POINT('',(-1.529519340407,-14.66686046511,2.4));
#1620 = ORIENTED_EDGE('',*,*,#1621,.F.);
#1621 = EDGE_CURVE('',#627,#1614,#1622,.T.);
#1622 = LINE('',#1623,#1624);
#1623 = CARTESIAN_POINT('',(-1.529519340407,-14.66686046511,3.6));
#1624 = VECTOR('',#1625,1.);
#1625 = DIRECTION('',(0.,-4.440892098501E-16,-1.));
#1626 = SURFACE_OF_LINEAR_EXTRUSION('',#1627,#1631);
#1627 = B_SPLINE_CURVE_WITH_KNOTS('',2,(#1628,#1629,#1630),
  .UNSPECIFIED.,.F.,.F.,(3,3),(0.,1.),.PIECEWISE_BEZIER_KNOTS.);
#1628 = CARTESIAN_POINT('',(-2.783153061337,-13.12645803052,3.6));
#1629 = CARTESIAN_POINT('',(-1.89777424593,-13.92042605377,3.6));
#1630 = CARTESIAN_POINT('',(-1.529519340407,-14.66686046511,3.6));
#1631 = VECTOR('',#1632,1.);
#1632 = DIRECTION('',(-0.,4.440892098501E-16,1.));
#1633 = ADVANCED_FACE('',(#1634),#1652,.F.);
#1634 = FACE_BOUND('',#1635,.F.);
#1635 = EDGE_LOOP('',(#1636,#1637,#1638,#1646));
#1636 = ORIENTED_EDGE('',*,*,#626,.F.);
#1637 = ORIENTED_EDGE('',*,*,#1621,.T.);
#1638 = ORIENTED_EDGE('',*,*,#1639,.T.);
#1639 = EDGE_CURVE('',#1614,#1640,#1642,.T.);
#1640 = VERTEX_POINT('',#1641);
#1641 = CARTESIAN_POINT('',(-0.620634892733,-14.66686046511,2.4));
#1642 = LINE('',#1643,#1644);
#1643 = CARTESIAN_POINT('',(-1.529519340407,-14.66686046511,2.4));
#1644 = VECTOR('',#1645,1.);
#1645 = DIRECTION('',(1.,0.,0.));
#1646 = ORIENTED_EDGE('',*,*,#1647,.F.);
#1647 = EDGE_CURVE('',#619,#1640,#1648,.T.);
#1648 = LINE('',#1649,#1650);
#1649 = CARTESIAN_POINT('',(-0.620634892733,-14.66686046511,3.6));
#1650 = VECTOR('',#1651,1.);
#1651 = DIRECTION('',(0.,-4.440892098501E-16,-1.));
#1652 = PLANE('',#1653);
#1653 = AXIS2_PLACEMENT_3D('',#1654,#1655,#1656);
#1654 = CARTESIAN_POINT('',(-1.529519340407,-14.66686046511,3.6));
#1655 = DIRECTION('',(0.,-1.,4.440892098501E-16));
#1656 = DIRECTION('',(1.,0.,0.));
#1657 = ADVANCED_FACE('',(#1658),#1669,.F.);
#1658 = FACE_BOUND('',#1659,.F.);
#1659 = EDGE_LOOP('',(#1660,#1661,#1662,#1668));
#1660 = ORIENTED_EDGE('',*,*,#618,.F.);
#1661 = ORIENTED_EDGE('',*,*,#1647,.T.);
#1662 = ORIENTED_EDGE('',*,*,#1663,.T.);
#1663 = EDGE_CURVE('',#1640,#1456,#1664,.T.);
#1664 = LINE('',#1665,#1666);
#1665 = CARTESIAN_POINT('',(-0.620634892733,-14.66686046511,2.4));
#1666 = VECTOR('',#1667,1.);
#1667 = DIRECTION('',(0.,1.,-4.440892098501E-16));
#1668 = ORIENTED_EDGE('',*,*,#1455,.F.);
#1669 = PLANE('',#1670);
#1670 = AXIS2_PLACEMENT_3D('',#1671,#1672,#1673);
#1671 = CARTESIAN_POINT('',(-0.620634892733,-14.66686046511,3.6));
#1672 = DIRECTION('',(1.,0.,0.));
#1673 = DIRECTION('',(0.,1.,-4.440892098501E-16));
#1674 = ADVANCED_FACE('',(#1675),#1695,.T.);
#1675 = FACE_BOUND('',#1676,.T.);
#1676 = EDGE_LOOP('',(#1677,#1678,#1679,#1685,#1686,#1687,#1688,#1694));
#1677 = ORIENTED_EDGE('',*,*,#807,.F.);
#1678 = ORIENTED_EDGE('',*,*,#863,.F.);
#1679 = ORIENTED_EDGE('',*,*,#1680,.F.);
#1680 = EDGE_CURVE('',#1405,#864,#1681,.T.);
#1681 = B_SPLINE_CURVE_WITH_KNOTS('',2,(#1682,#1683,#1684),
  .UNSPECIFIED.,.F.,.F.,(3,3),(0.,1.),.PIECEWISE_BEZIER_KNOTS.);
#1682 = CARTESIAN_POINT('',(-12.12690306133,-4.203197674419,3.6));
#1683 = CARTESIAN_POINT('',(-10.84976370814,-4.203197674419,3.6));
#1684 = CARTESIAN_POINT('',(-9.964384892733,-4.940752180233,3.6));
#1685 = ORIENTED_EDGE('',*,*,#1412,.F.);
#1686 = ORIENTED_EDGE('',*,*,#837,.F.);
#1687 = ORIENTED_EDGE('',*,*,#964,.F.);
#1688 = ORIENTED_EDGE('',*,*,#1689,.F.);
#1689 = EDGE_CURVE('',#940,#965,#1690,.T.);
#1690 = B_SPLINE_CURVE_WITH_KNOTS('',2,(#1691,#1692,#1693),
  .UNSPECIFIED.,.F.,.F.,(3,3),(0.,1.),.PIECEWISE_BEZIER_KNOTS.);
#1691 = CARTESIAN_POINT('',(-8.965656695058,-3.884565770349,3.6));
#1692 = CARTESIAN_POINT('',(-10.20727642616,-2.899418604651,3.6));
#1693 = CARTESIAN_POINT('',(-12.00153968924,-2.899418604651,3.6));
#1694 = ORIENTED_EDGE('',*,*,#947,.F.);
#1695 = PLANE('',#1696);
#1696 = AXIS2_PLACEMENT_3D('',#1697,#1698,#1699);
#1697 = CARTESIAN_POINT('',(-8.73493506436,-9.011659825644,3.6));
#1698 = DIRECTION('',(0.,-4.440892098501E-16,-1.));
#1699 = DIRECTION('',(1.,0.,0.));
#1700 = ADVANCED_FACE('',(#1701,#1704),#1715,.T.);
#1701 = FACE_BOUND('',#1702,.T.);
#1702 = EDGE_LOOP('',(#1703));
#1703 = ORIENTED_EDGE('',*,*,#787,.T.);
#1704 = FACE_BOUND('',#1705,.T.);
#1705 = EDGE_LOOP('',(#1706));
#1706 = ORIENTED_EDGE('',*,*,#1707,.F.);
#1707 = EDGE_CURVE('',#1708,#1708,#1710,.T.);
#1708 = VERTEX_POINT('',#1709);
#1709 = CARTESIAN_POINT('',(-10.1,-3.,10.1));
#1710 = CIRCLE('',#1711,2.);
#1711 = AXIS2_PLACEMENT_3D('',#1712,#1713,#1714);
#1712 = CARTESIAN_POINT('',(-10.1,-1.,10.1));
#1713 = DIRECTION('',(-0.,2.22044604925E-16,1.));
#1714 = DIRECTION('',(0.,-1.,2.22044604925E-16));
#1715 = PLANE('',#1716);
#1716 = AXIS2_PLACEMENT_3D('',#1717,#1718,#1719);
#1717 = CARTESIAN_POINT('',(-10.1,-1.,10.1));
#1718 = DIRECTION('',(0.,2.22044604925E-16,1.));
#1719 = DIRECTION('',(0.,-1.,2.22044604925E-16));
#1720 = ADVANCED_FACE('',(#1721),#1755,.F.);
#1721 = FACE_BOUND('',#1722,.F.);
#1722 = EDGE_LOOP('',(#1723,#1724,#1725,#1731,#1732,#1733,#1734,#1735,
    #1736,#1737,#1738,#1739,#1740,#1741,#1742,#1743,#1744,#1745,#1746,
    #1747,#1748,#1754));
#1723 = ORIENTED_EDGE('',*,*,#907,.F.);
#1724 = ORIENTED_EDGE('',*,*,#879,.F.);
#1725 = ORIENTED_EDGE('',*,*,#1726,.F.);
#1726 = EDGE_CURVE('',#1397,#872,#1727,.T.);
#1727 = B_SPLINE_CURVE_WITH_KNOTS('',2,(#1728,#1729,#1730),
  .UNSPECIFIED.,.F.,.F.,(3,3),(0.,1.),.PIECEWISE_BEZIER_KNOTS.);
#1728 = CARTESIAN_POINT('',(-12.12690306133,-4.203197674419,2.4));
#1729 = CARTESIAN_POINT('',(-10.84976370814,-4.203197674419,2.4));
#1730 = CARTESIAN_POINT('',(-9.964384892733,-4.940752180233,2.4));
#1731 = ORIENTED_EDGE('',*,*,#1396,.F.);
#1732 = ORIENTED_EDGE('',*,*,#1370,.F.);
#1733 = ORIENTED_EDGE('',*,*,#1344,.F.);
#1734 = ORIENTED_EDGE('',*,*,#1318,.F.);
#1735 = ORIENTED_EDGE('',*,*,#1292,.F.);
#1736 = ORIENTED_EDGE('',*,*,#1266,.F.);
#1737 = ORIENTED_EDGE('',*,*,#1240,.F.);
#1738 = ORIENTED_EDGE('',*,*,#1214,.F.);
#1739 = ORIENTED_EDGE('',*,*,#1190,.F.);
#1740 = ORIENTED_EDGE('',*,*,#1164,.F.);
#1741 = ORIENTED_EDGE('',*,*,#1138,.F.);
#1742 = ORIENTED_EDGE('',*,*,#1112,.F.);
#1743 = ORIENTED_EDGE('',*,*,#1086,.F.);
#1744 = ORIENTED_EDGE('',*,*,#1060,.F.);
#1745 = ORIENTED_EDGE('',*,*,#1034,.F.);
#1746 = ORIENTED_EDGE('',*,*,#1008,.F.);
#1747 = ORIENTED_EDGE('',*,*,#980,.F.);
#1748 = ORIENTED_EDGE('',*,*,#1749,.F.);
#1749 = EDGE_CURVE('',#932,#973,#1750,.T.);
#1750 = B_SPLINE_CURVE_WITH_KNOTS('',2,(#1751,#1752,#1753),
  .UNSPECIFIED.,.F.,.F.,(3,3),(0.,1.),.PIECEWISE_BEZIER_KNOTS.);
#1751 = CARTESIAN_POINT('',(-8.965656695058,-3.884565770349,2.4));
#1752 = CARTESIAN_POINT('',(-10.20727642616,-2.899418604651,2.4));
#1753 = CARTESIAN_POINT('',(-12.00153968924,-2.899418604651,2.4));
#1754 = ORIENTED_EDGE('',*,*,#931,.F.);
#1755 = PLANE('',#1756);
#1756 = AXIS2_PLACEMENT_3D('',#1757,#1758,#1759);
#1757 = CARTESIAN_POINT('',(-8.73493506436,-9.011659825644,2.4));
#1758 = DIRECTION('',(0.,-4.440892098501E-16,-1.));
#1759 = DIRECTION('',(1.,0.,0.));
#1760 = ADVANCED_FACE('',(#1761),#1767,.F.);
#1761 = FACE_BOUND('',#1762,.F.);
#1762 = EDGE_LOOP('',(#1763,#1764,#1765,#1766));
#1763 = ORIENTED_EDGE('',*,*,#1404,.T.);
#1764 = ORIENTED_EDGE('',*,*,#1726,.T.);
#1765 = ORIENTED_EDGE('',*,*,#871,.F.);
#1766 = ORIENTED_EDGE('',*,*,#1680,.F.);
#1767 = SURFACE_OF_LINEAR_EXTRUSION('',#1768,#1772);
#1768 = B_SPLINE_CURVE_WITH_KNOTS('',2,(#1769,#1770,#1771),
  .UNSPECIFIED.,.F.,.F.,(3,3),(0.,1.),.PIECEWISE_BEZIER_KNOTS.);
#1769 = CARTESIAN_POINT('',(-12.12690306133,-4.203197674419,3.6));
#1770 = CARTESIAN_POINT('',(-10.84976370814,-4.203197674419,3.6));
#1771 = CARTESIAN_POINT('',(-9.964384892733,-4.940752180233,3.6));
#1772 = VECTOR('',#1773,1.);
#1773 = DIRECTION('',(-0.,4.440892098501E-16,1.));
#1774 = ADVANCED_FACE('',(#1775),#1781,.F.);
#1775 = FACE_BOUND('',#1776,.F.);
#1776 = EDGE_LOOP('',(#1777,#1778,#1779,#1780));
#1777 = ORIENTED_EDGE('',*,*,#939,.T.);
#1778 = ORIENTED_EDGE('',*,*,#1749,.T.);
#1779 = ORIENTED_EDGE('',*,*,#972,.F.);
#1780 = ORIENTED_EDGE('',*,*,#1689,.F.);
#1781 = SURFACE_OF_LINEAR_EXTRUSION('',#1782,#1786);
#1782 = B_SPLINE_CURVE_WITH_KNOTS('',2,(#1783,#1784,#1785),
  .UNSPECIFIED.,.F.,.F.,(3,3),(0.,1.),.PIECEWISE_BEZIER_KNOTS.);
#1783 = CARTESIAN_POINT('',(-8.965656695058,-3.884565770349,3.6));
#1784 = CARTESIAN_POINT('',(-10.20727642616,-2.899418604651,3.6));
#1785 = CARTESIAN_POINT('',(-12.00153968924,-2.899418604651,3.6));
#1786 = VECTOR('',#1787,1.);
#1787 = DIRECTION('',(-0.,4.440892098501E-16,1.));
#1788 = ADVANCED_FACE('',(#1789,#1792),#1803,.T.);
#1789 = FACE_BOUND('',#1790,.T.);
#1790 = EDGE_LOOP('',(#1791));
#1791 = ORIENTED_EDGE('',*,*,#1437,.T.);
#1792 = FACE_BOUND('',#1793,.T.);
#1793 = EDGE_LOOP('',(#1794));
#1794 = ORIENTED_EDGE('',*,*,#1795,.F.);
#1795 = EDGE_CURVE('',#1796,#1796,#1798,.T.);
#1796 = VERTEX_POINT('',#1797);
#1797 = CARTESIAN_POINT('',(-2.,1.,10.1));
#1798 = CIRCLE('',#1799,2.);
#1799 = AXIS2_PLACEMENT_3D('',#1800,#1801,#1802);
#1800 = CARTESIAN_POINT('',(-2.,3.,10.1));
#1801 = DIRECTION('',(-0.,2.22044604925E-16,1.));
#1802 = DIRECTION('',(0.,-1.,2.22044604925E-16));
#1803 = PLANE('',#1804);
#1804 = AXIS2_PLACEMENT_3D('',#1805,#1806,#1807);
#1805 = CARTESIAN_POINT('',(-2.,3.,10.1));
#1806 = DIRECTION('',(0.,2.22044604925E-16,1.));
#1807 = DIRECTION('',(0.,-1.,2.22044604925E-16));
#1808 = ADVANCED_FACE('',(#1809),#1820,.F.);
#1809 = FACE_BOUND('',#1810,.F.);
#1810 = EDGE_LOOP('',(#1811,#1812,#1813,#1814,#1815,#1816,#1817,#1818,
    #1819));
#1811 = ORIENTED_EDGE('',*,*,#1463,.F.);
#1812 = ORIENTED_EDGE('',*,*,#1663,.F.);
#1813 = ORIENTED_EDGE('',*,*,#1639,.F.);
#1814 = ORIENTED_EDGE('',*,*,#1613,.F.);
#1815 = ORIENTED_EDGE('',*,*,#1587,.F.);
#1816 = ORIENTED_EDGE('',*,*,#1563,.F.);
#1817 = ORIENTED_EDGE('',*,*,#1537,.F.);
#1818 = ORIENTED_EDGE('',*,*,#1511,.F.);
#1819 = ORIENTED_EDGE('',*,*,#1487,.F.);
#1820 = PLANE('',#1821);
#1821 = AXIS2_PLACEMENT_3D('',#1822,#1823,#1824);
#1822 = CARTESIAN_POINT('',(-8.73493506436,-9.011659825644,2.4));
#1823 = DIRECTION('',(0.,-4.440892098501E-16,-1.));
#1824 = DIRECTION('',(1.,0.,0.));
#1825 = ADVANCED_FACE('',(#1826),#1845,.F.);
#1826 = FACE_BOUND('',#1827,.F.);
#1827 = EDGE_LOOP('',(#1828,#1829,#1837,#1844));
#1828 = ORIENTED_EDGE('',*,*,#1707,.F.);
#1829 = ORIENTED_EDGE('',*,*,#1830,.F.);
#1830 = EDGE_CURVE('',#1831,#1708,#1833,.T.);
#1831 = VERTEX_POINT('',#1832);
#1832 = CARTESIAN_POINT('',(-10.1,-3.,3.9));
#1833 = LINE('',#1834,#1835);
#1834 = CARTESIAN_POINT('',(-10.1,-3.,3.9));
#1835 = VECTOR('',#1836,1.);
#1836 = DIRECTION('',(0.,2.22044604925E-16,1.));
#1837 = ORIENTED_EDGE('',*,*,#1838,.T.);
#1838 = EDGE_CURVE('',#1831,#1831,#1839,.T.);
#1839 = CIRCLE('',#1840,2.);
#1840 = AXIS2_PLACEMENT_3D('',#1841,#1842,#1843);
#1841 = CARTESIAN_POINT('',(-10.1,-1.,3.9));
#1842 = DIRECTION('',(-0.,2.22044604925E-16,1.));
#1843 = DIRECTION('',(0.,-1.,2.22044604925E-16));
#1844 = ORIENTED_EDGE('',*,*,#1830,.T.);
#1845 = CYLINDRICAL_SURFACE('',#1846,2.);
#1846 = AXIS2_PLACEMENT_3D('',#1847,#1848,#1849);
#1847 = CARTESIAN_POINT('',(-10.1,-1.,3.9));
#1848 = DIRECTION('',(0.,2.22044604925E-16,1.));
#1849 = DIRECTION('',(0.,-1.,2.22044604925E-16));
#1850 = ADVANCED_FACE('',(#1851),#1870,.F.);
#1851 = FACE_BOUND('',#1852,.F.);
#1852 = EDGE_LOOP('',(#1853,#1854,#1862,#1869));
#1853 = ORIENTED_EDGE('',*,*,#1795,.F.);
#1854 = ORIENTED_EDGE('',*,*,#1855,.F.);
#1855 = EDGE_CURVE('',#1856,#1796,#1858,.T.);
#1856 = VERTEX_POINT('',#1857);
#1857 = CARTESIAN_POINT('',(-2.,1.,3.9));
#1858 = LINE('',#1859,#1860);
#1859 = CARTESIAN_POINT('',(-2.,1.,3.9));
#1860 = VECTOR('',#1861,1.);
#1861 = DIRECTION('',(0.,2.22044604925E-16,1.));
#1862 = ORIENTED_EDGE('',*,*,#1863,.T.);
#1863 = EDGE_CURVE('',#1856,#1856,#1864,.T.);
#1864 = CIRCLE('',#1865,2.);
#1865 = AXIS2_PLACEMENT_3D('',#1866,#1867,#1868);
#1866 = CARTESIAN_POINT('',(-2.,3.,3.9));
#1867 = DIRECTION('',(-0.,2.22044604925E-16,1.));
#1868 = DIRECTION('',(0.,-1.,2.22044604925E-16));
#1869 = ORIENTED_EDGE('',*,*,#1855,.T.);
#1870 = CYLINDRICAL_SURFACE('',#1871,2.);
#1871 = AXIS2_PLACEMENT_3D('',#1872,#1873,#1874);
#1872 = CARTESIAN_POINT('',(-2.,3.,3.9));
#1873 = DIRECTION('',(0.,2.22044604925E-16,1.));
#1874 = DIRECTION('',(0.,-1.,2.22044604925E-16));
#1875 = ADVANCED_FACE('',(#1876),#1879,.T.);
#1876 = FACE_BOUND('',#1877,.F.);
#1877 = EDGE_LOOP('',(#1878));
#1878 = ORIENTED_EDGE('',*,*,#1838,.F.);
#1879 = PLANE('',#1880);
#1880 = AXIS2_PLACEMENT_3D('',#1881,#1882,#1883);
#1881 = CARTESIAN_POINT('',(-10.1,-1.,3.9));
#1882 = DIRECTION('',(0.,2.22044604925E-16,1.));
#1883 = DIRECTION('',(0.,-1.,2.22044604925E-16));
#1884 = ADVANCED_FACE('',(#1885),#1888,.T.);
#1885 = FACE_BOUND('',#1886,.F.);
#1886 = EDGE_LOOP('',(#1887));
#1887 = ORIENTED_EDGE('',*,*,#1863,.F.);
#1888 = PLANE('',#1889);
#1889 = AXIS2_PLACEMENT_3D('',#1890,#1891,#1892);
#1890 = CARTESIAN_POINT('',(-2.,3.,3.9));
#1891 = DIRECTION('',(0.,2.22044604925E-16,1.));
#1892 = DIRECTION('',(0.,-1.,2.22044604925E-16));
#1893 = ( GEOMETRIC_REPRESENTATION_CONTEXT(3) 
GLOBAL_UNCERTAINTY_ASSIGNED_CONTEXT((#1897)) 
GLOBAL_UNIT_ASSIGNED_CONTEXT((#1894,#1895,#1896)) REPRESENTATION_CONTEXT
('Context #1','3D Context with UNIT and UNCERTAINTY') );
#1894 = ( LENGTH_UNIT() NAMED_UNIT(*) SI_UNIT(.MILLI.,.METRE.) );
#1895 = ( NAMED_UNIT(*) PLANE_ANGLE_UNIT() SI_UNIT($,.RADIAN.) );
#1896 = ( NAMED_UNIT(*) SI_UNIT($,.STERADIAN.) SOLID_ANGLE_UNIT() );
#1897 = UNCERTAINTY_MEASURE_WITH_UNIT(LENGTH_MEASURE(2.E-06),#1894,
  'distance_accuracy_value','confusion accuracy');
#1898 = PRODUCT_RELATED_PRODUCT_CATEGORY('part',$,(#7));
ENDSEC;
END-ISO-10303-21;
