ISO-10303-21;
HEADER;
FILE_DESCRIPTION(('FreeCAD Model'),'2;1');
FILE_NAME('Open CASCADE Shape Model','2026-09-24T22:27:16',('FreeCAD'),(
    'FreeCAD'),'Open CASCADE STEP processor 7.8','FreeCAD','Unknown');
FILE_SCHEMA(('AUTOMOTIVE_DESIGN { 1 0 10303 214 1 1 1 1 }'));
ENDSEC;
DATA;
#1 = APPLICATION_PROTOCOL_DEFINITION('international standard',
  'automotive_design',2000,#2);
#2 = APPLICATION_CONTEXT(
  'core data for automotive mechanical design processes');
#3 = SHAPE_DEFINITION_REPRESENTATION(#4,#10);
#4 = PRODUCT_DEFINITION_SHAPE('','',#5);
#5 = PRODUCT_DEFINITION('design','',#6,#9);
#6 = PRODUCT_DEFINITION_FORMATION('','',#7);
#7 = PRODUCT('Open CASCADE STEP translator 7.8 8',
  'Open CASCADE STEP translator 7.8 8','',(#8));
#8 = PRODUCT_CONTEXT('',#2,'mechanical');
#9 = PRODUCT_DEFINITION_CONTEXT('part definition',#2,'design');
#10 = ADVANCED_BREP_SHAPE_REPRESENTATION('',(#11,#15),#2622);
#11 = AXIS2_PLACEMENT_3D('',#12,#13,#14);
#12 = CARTESIAN_POINT('',(0.,0.,0.));
#13 = DIRECTION('',(0.,0.,1.));
#14 = DIRECTION('',(1.,0.,-0.));
#15 = MANIFOLD_SOLID_BREP('',#16);
#16 = CLOSED_SHELL('',(#17,#57,#99,#123,#1166,#1183,#1195,#1212,#1243,
    #1269,#1295,#1321,#1347,#1373,#1399,#1425,#1451,#1477,#1503,#1527,
    #1553,#1579,#1605,#1631,#1657,#1683,#1709,#1735,#1761,#1780,#1811,
    #1837,#1863,#1889,#1915,#1941,#1967,#1993,#2017,#2043,#2069,#2095,
    #2121,#2147,#2173,#2199,#2223,#2249,#2275,#2301,#2327,#2353,#2379,
    #2405,#2431,#2457,#2483,#2509,#2535,#2554,#2584));
#17 = ADVANCED_FACE('',(#18),#52,.F.);
#18 = FACE_BOUND('',#19,.F.);
#19 = EDGE_LOOP('',(#20,#30,#38,#46));
#20 = ORIENTED_EDGE('',*,*,#21,.F.);
#21 = EDGE_CURVE('',#22,#24,#26,.T.);
#22 = VERTEX_POINT('',#23);
#23 = CARTESIAN_POINT('',(-12.35,12.35,7.105427357601E-15));
#24 = VERTEX_POINT('',#25);
#25 = CARTESIAN_POINT('',(-12.35,-12.35,1.24344978758E-14));
#26 = LINE('',#27,#28);
#27 = CARTESIAN_POINT('',(-12.35,12.35,7.105427357601E-15));
#28 = VECTOR('',#29,1.);
#29 = DIRECTION('',(0.,-1.,2.22044604925E-16));
#30 = ORIENTED_EDGE('',*,*,#31,.T.);
#31 = EDGE_CURVE('',#22,#32,#34,.T.);
#32 = VERTEX_POINT('',#33);
#33 = CARTESIAN_POINT('',(-12.35,12.35,1.));
#34 = LINE('',#35,#36);
#35 = CARTESIAN_POINT('',(-12.35,12.35,7.105427357601E-15));
#36 = VECTOR('',#37,1.);
#37 = DIRECTION('',(0.,2.22044604925E-16,1.));
#38 = ORIENTED_EDGE('',*,*,#39,.T.);
#39 = EDGE_CURVE('',#32,#40,#42,.T.);
#40 = VERTEX_POINT('',#41);
#41 = CARTESIAN_POINT('',(-12.35,-12.35,1.));
#42 = LINE('',#43,#44);
#43 = CARTESIAN_POINT('',(-12.35,12.35,1.));
#44 = VECTOR('',#45,1.);
#45 = DIRECTION('',(0.,-1.,2.22044604925E-16));
#46 = ORIENTED_EDGE('',*,*,#47,.T.);
#47 = EDGE_CURVE('',#40,#24,#48,.T.);
#48 = LINE('',#49,#50);
#49 = CARTESIAN_POINT('',(-12.35,-12.35,-102.3));
#50 = VECTOR('',#51,1.);
#51 = DIRECTION('',(0.,-2.22044604925E-16,-1.));
#52 = PLANE('',#53);
#53 = AXIS2_PLACEMENT_3D('',#54,#55,#56);
#54 = CARTESIAN_POINT('',(-12.35,12.35,7.105427357601E-15));
#55 = DIRECTION('',(1.,0.,0.));
#56 = DIRECTION('',(0.,-1.,2.22044604925E-16));
#57 = ADVANCED_FACE('',(#58,#83),#94,.F.);
#58 = FACE_BOUND('',#59,.F.);
#59 = EDGE_LOOP('',(#60,#68,#69,#77));
#60 = ORIENTED_EDGE('',*,*,#61,.F.);
#61 = EDGE_CURVE('',#22,#62,#64,.T.);
#62 = VERTEX_POINT('',#63);
#63 = CARTESIAN_POINT('',(12.35,12.35,7.105427357601E-15));
#64 = LINE('',#65,#66);
#65 = CARTESIAN_POINT('',(-12.35,12.35,7.105427357601E-15));
#66 = VECTOR('',#67,1.);
#67 = DIRECTION('',(1.,0.,0.));
#68 = ORIENTED_EDGE('',*,*,#21,.T.);
#69 = ORIENTED_EDGE('',*,*,#70,.T.);
#70 = EDGE_CURVE('',#24,#71,#73,.T.);
#71 = VERTEX_POINT('',#72);
#72 = CARTESIAN_POINT('',(12.35,-12.35,7.105427357601E-15));
#73 = LINE('',#74,#75);
#74 = CARTESIAN_POINT('',(-20.,-12.35,1.06581410364E-14));
#75 = VECTOR('',#76,1.);
#76 = DIRECTION('',(1.,0.,0.));
#77 = ORIENTED_EDGE('',*,*,#78,.T.);
#78 = EDGE_CURVE('',#71,#62,#79,.T.);
#79 = LINE('',#80,#81);
#80 = CARTESIAN_POINT('',(12.35,20.,3.552713678801E-15));
#81 = VECTOR('',#82,1.);
#82 = DIRECTION('',(0.,1.,-2.22044604925E-16));
#83 = FACE_BOUND('',#84,.F.);
#84 = EDGE_LOOP('',(#85));
#85 = ORIENTED_EDGE('',*,*,#86,.F.);
#86 = EDGE_CURVE('',#87,#87,#89,.T.);
#87 = VERTEX_POINT('',#88);
#88 = CARTESIAN_POINT('',(-7.65,5.95,8.881784197001E-15));
#89 = CIRCLE('',#90,1.7);
#90 = AXIS2_PLACEMENT_3D('',#91,#92,#93);
#91 = CARTESIAN_POINT('',(-7.65,7.65,8.881784197001E-15));
#92 = DIRECTION('',(-0.,2.22044604925E-16,1.));
#93 = DIRECTION('',(0.,-1.,2.22044604925E-16));
#94 = PLANE('',#95);
#95 = AXIS2_PLACEMENT_3D('',#96,#97,#98);
#96 = CARTESIAN_POINT('',(-12.35,12.35,7.105427357601E-15));
#97 = DIRECTION('',(0.,2.22044604925E-16,1.));
#98 = DIRECTION('',(0.,-1.,2.22044604925E-16));
#99 = ADVANCED_FACE('',(#100),#118,.T.);
#100 = FACE_BOUND('',#101,.T.);
#101 = EDGE_LOOP('',(#102,#110,#116,#117));
#102 = ORIENTED_EDGE('',*,*,#103,.T.);
#103 = EDGE_CURVE('',#71,#104,#106,.T.);
#104 = VERTEX_POINT('',#105);
#105 = CARTESIAN_POINT('',(12.35,-12.35,1.));
#106 = LINE('',#107,#108);
#107 = CARTESIAN_POINT('',(12.35,-12.35,-204.6));
#108 = VECTOR('',#109,1.);
#109 = DIRECTION('',(0.,2.22044604925E-16,1.));
#110 = ORIENTED_EDGE('',*,*,#111,.F.);
#111 = EDGE_CURVE('',#40,#104,#112,.T.);
#112 = LINE('',#113,#114);
#113 = CARTESIAN_POINT('',(-20.,-12.35,1.));
#114 = VECTOR('',#115,1.);
#115 = DIRECTION('',(1.,0.,0.));
#116 = ORIENTED_EDGE('',*,*,#47,.T.);
#117 = ORIENTED_EDGE('',*,*,#70,.T.);
#118 = PLANE('',#119);
#119 = AXIS2_PLACEMENT_3D('',#120,#121,#122);
#120 = CARTESIAN_POINT('',(-27.65,-12.35,-204.6));
#121 = DIRECTION('',(0.,-1.,2.22044604925E-16));
#122 = DIRECTION('',(1.,0.,0.));
#123 = ADVANCED_FACE('',(#124,#142,#153,#603),#1161,.T.);
#124 = FACE_BOUND('',#125,.T.);
#125 = EDGE_LOOP('',(#126,#134,#135,#136));
#126 = ORIENTED_EDGE('',*,*,#127,.F.);
#127 = EDGE_CURVE('',#32,#128,#130,.T.);
#128 = VERTEX_POINT('',#129);
#129 = CARTESIAN_POINT('',(12.35,12.35,1.));
#130 = LINE('',#131,#132);
#131 = CARTESIAN_POINT('',(-12.35,12.35,1.));
#132 = VECTOR('',#133,1.);
#133 = DIRECTION('',(1.,0.,0.));
#134 = ORIENTED_EDGE('',*,*,#39,.T.);
#135 = ORIENTED_EDGE('',*,*,#111,.T.);
#136 = ORIENTED_EDGE('',*,*,#137,.T.);
#137 = EDGE_CURVE('',#104,#128,#138,.T.);
#138 = LINE('',#139,#140);
#139 = CARTESIAN_POINT('',(12.35,20.,1.));
#140 = VECTOR('',#141,1.);
#141 = DIRECTION('',(0.,1.,-2.22044604925E-16));
#142 = FACE_BOUND('',#143,.T.);
#143 = EDGE_LOOP('',(#144));
#144 = ORIENTED_EDGE('',*,*,#145,.F.);
#145 = EDGE_CURVE('',#146,#146,#148,.T.);
#146 = VERTEX_POINT('',#147);
#147 = CARTESIAN_POINT('',(-7.65,5.95,1.));
#148 = CIRCLE('',#149,1.7);
#149 = AXIS2_PLACEMENT_3D('',#150,#151,#152);
#150 = CARTESIAN_POINT('',(-7.65,7.65,1.));
#151 = DIRECTION('',(-0.,2.22044604925E-16,1.));
#152 = DIRECTION('',(0.,-1.,2.22044604925E-16));
#153 = FACE_BOUND('',#154,.T.);
#154 = EDGE_LOOP('',(#155,#165,#187,#210,#233,#252,#269,#284,#303,#330,
    #353,#376,#384,#407,#430,#449,#468,#491,#510,#532,#555,#578));
#155 = ORIENTED_EDGE('',*,*,#156,.F.);
#156 = EDGE_CURVE('',#157,#159,#161,.T.);
#157 = VERTEX_POINT('',#158);
#158 = CARTESIAN_POINT('',(1.384402352907,-2.780954760174,1.));
#159 = VERTEX_POINT('',#160);
#160 = CARTESIAN_POINT('',(2.904433239535,-2.396507085756,1.));
#161 = LINE('',#162,#163);
#162 = CARTESIAN_POINT('',(-3.271497675101,-3.958529475162,1.));
#163 = VECTOR('',#164,1.);
#164 = DIRECTION('',(0.969472534993,0.245199926376,-5.444532077984E-17)
  );
#165 = ORIENTED_EDGE('',*,*,#166,.T.);
#166 = EDGE_CURVE('',#157,#167,#169,.T.);
#167 = VERTEX_POINT('',#168);
#168 = CARTESIAN_POINT('',(0.185615107267,-0.590752180233,1.));
#169 = B_SPLINE_CURVE_WITH_KNOTS('',6,(#170,#171,#172,#173,#174,#175,
    #176,#177,#178,#179,#180,#181,#182,#183,#184,#185,#186),
  .UNSPECIFIED.,.F.,.F.,(7,5,5,7),(0.,0.434570539062,0.723509479818,1.),
  .UNSPECIFIED.);
#170 = CARTESIAN_POINT('',(1.384402352907,-2.780954760174,1.));
#171 = CARTESIAN_POINT('',(1.344800875566,-2.597467915163,1.));
#172 = CARTESIAN_POINT('',(1.298675155046,-2.415979509542,1.));
#173 = CARTESIAN_POINT('',(1.245433435878,-2.236939878181,1.));
#174 = CARTESIAN_POINT('',(1.184441594277,-2.060995912493,1.));
#175 = CARTESIAN_POINT('',(1.115053393593,-1.888978713175,1.));
#176 = CARTESIAN_POINT('',(0.984644186345,-1.610736786253,1.));
#177 = CARTESIAN_POINT('',(0.928614772319,-1.501789004972,1.));
#178 = CARTESIAN_POINT('',(0.868484165393,-1.395307806537,1.));
#179 = CARTESIAN_POINT('',(0.80412613198,-1.291625367606,1.));
#180 = CARTESIAN_POINT('',(0.735466140618,-1.191091651551,1.));
#181 = CARTESIAN_POINT('',(0.592692393728,-1.001201702381,1.));
#182 = CARTESIAN_POINT('',(0.518936624176,-0.911544256163,1.));
#183 = CARTESIAN_POINT('',(0.441250711332,-0.825400506775,1.));
#184 = CARTESIAN_POINT('',(0.359699447751,-0.743061467402,1.));
#185 = CARTESIAN_POINT('',(0.274415870055,-0.664779010804,1.));
#186 = CARTESIAN_POINT('',(0.185615107267,-0.590752180233,1.));
#187 = ORIENTED_EDGE('',*,*,#188,.T.);
#188 = EDGE_CURVE('',#167,#189,#191,.T.);
#189 = VERTEX_POINT('',#190);
#190 = CARTESIAN_POINT('',(-1.976903061337,0.146802325581,1.));
#191 = B_SPLINE_CURVE_WITH_KNOTS('',5,(#192,#193,#194,#195,#196,#197,
    #198,#199,#200,#201,#202,#203,#204,#205,#206,#207,#208,#209),
  .UNSPECIFIED.,.F.,.F.,(6,4,4,4,6),(0.,0.276693029789,0.507020988843,
    0.74310369131,1.),.UNSPECIFIED.);
#192 = CARTESIAN_POINT('',(0.185615107267,-0.590752180233,1.));
#193 = CARTESIAN_POINT('',(8.658036567249E-02,-0.508252442692,1.));
#194 = CARTESIAN_POINT('',(-1.638800860596E-02,-0.430795372665,1.));
#195 = CARTESIAN_POINT('',(-0.123139093812,-0.358799219201,1.));
#196 = CARTESIAN_POINT('',(-0.233427523273,-0.292591691458,1.));
#197 = CARTESIAN_POINT('',(-0.441330585203,-0.182232854646,1.));
#198 = CARTESIAN_POINT('',(-0.537977993367,-0.136241567123,1.));
#199 = CARTESIAN_POINT('',(-0.636618069582,-9.450387143729E-02,1.));
#200 = CARTESIAN_POINT('',(-0.737018915379,-5.70486996176E-02,1.));
#201 = CARTESIAN_POINT('',(-0.943393637262,1.020039843263E-02,1.));
#202 = CARTESIAN_POINT('',(-1.049447940008,3.978073381459E-02,1.));
#203 = CARTESIAN_POINT('',(-1.15683347191,6.494258236768E-02,1.));
#204 = CARTESIAN_POINT('',(-1.26529982651,8.580610931428E-02,1.));
#205 = CARTESIAN_POINT('',(-1.493578524199,0.120729595297,1.));
#206 = CARTESIAN_POINT('',(-1.613549560451,0.134027747945,1.));
#207 = CARTESIAN_POINT('',(-1.73424659294,0.142631871538,1.));
#208 = CARTESIAN_POINT('',(-1.855427699279,0.146802325581,1.));
#209 = CARTESIAN_POINT('',(-1.976903061337,0.146802325581,1.));
#210 = ORIENTED_EDGE('',*,*,#211,.T.);
#211 = EDGE_CURVE('',#189,#212,#214,.T.);
#212 = VERTEX_POINT('',#213);
#213 = CARTESIAN_POINT('',(-3.927870539535,-0.394871911337,1.));
#214 = B_SPLINE_CURVE_WITH_KNOTS('',5,(#215,#216,#217,#218,#219,#220,
    #221,#222,#223,#224,#225,#226,#227,#228,#229,#230,#231,#232),
  .UNSPECIFIED.,.F.,.F.,(6,4,4,4,6),(0.,0.249791920111,0.494908529465,
    0.746005717993,1.),.UNSPECIFIED.);
#215 = CARTESIAN_POINT('',(-1.976903061337,0.146802325581,1.));
#216 = CARTESIAN_POINT('',(-2.079801629269,0.146802325581,1.));
#217 = CARTESIAN_POINT('',(-2.182535691853,0.143550504512,1.));
#218 = CARTESIAN_POINT('',(-2.284985467772,0.136954721782,1.));
#219 = CARTESIAN_POINT('',(-2.387021599717,0.126945247137,1.));
#220 = CARTESIAN_POINT('',(-2.588091865629,0.100281031481,1.));
#221 = CARTESIAN_POINT('',(-2.687148006979,8.375421234915E-02,1.));
#222 = CARTESIAN_POINT('',(-2.785543801092,6.387277143463E-02,1.));
#223 = CARTESIAN_POINT('',(-2.883151258383,4.06364301251E-02,1.));
#224 = CARTESIAN_POINT('',(-3.078898960778,-1.312722109409E-02,1.));
#225 = CARTESIAN_POINT('',(-3.176995779858,-4.381907506995E-02,1.));
#226 = CARTESIAN_POINT('',(-3.274002054501,-7.795930682212E-02,1.));
#227 = CARTESIAN_POINT('',(-3.369800000957,-0.115476719069,1.));
#228 = CARTESIAN_POINT('',(-3.559866069921,-0.197527056949,1.));
#229 = CARTESIAN_POINT('',(-3.654105289216,-0.24213688922,1.));
#230 = CARTESIAN_POINT('',(-3.746900891573,-0.289989352072,1.));
#231 = CARTESIAN_POINT('',(-3.838174946944,-0.340950560892,1.));
#232 = CARTESIAN_POINT('',(-3.927870539535,-0.394871911337,1.));
#233 = ORIENTED_EDGE('',*,*,#234,.T.);
#234 = EDGE_CURVE('',#212,#235,#237,.T.);
#235 = VERTEX_POINT('',#236);
#236 = CARTESIAN_POINT('',(-5.256199936337,-2.031386264535,1.));
#237 = B_SPLINE_CURVE_WITH_KNOTS('',5,(#238,#239,#240,#241,#242,#243,
    #244,#245,#246,#247,#248,#249,#250,#251),.UNSPECIFIED.,.F.,.F.,(6,4,
    4,6),(0.,0.234063278135,0.606775452809,1.),.UNSPECIFIED.);
#238 = CARTESIAN_POINT('',(-3.927870539535,-0.394871911337,1.));
#239 = CARTESIAN_POINT('',(-4.013718282503,-0.446480090733,1.));
#240 = CARTESIAN_POINT('',(-4.097359947549,-0.501516204061,1.));
#241 = CARTESIAN_POINT('',(-4.178585704054,-0.559960887317,1.));
#242 = CARTESIAN_POINT('',(-4.257211122406,-0.621744791491,1.));
#243 = CARTESIAN_POINT('',(-4.453903452598,-0.790230095905,1.));
#244 = CARTESIAN_POINT('',(-4.567761469023,-0.901873471751,1.));
#245 = CARTESIAN_POINT('',(-4.674022242506,-1.021128328426,1.));
#246 = CARTESIAN_POINT('',(-4.772447449002,-1.147202466572,1.));
#247 = CARTESIAN_POINT('',(-4.958648682974,-1.418431102484,1.));
#248 = CARTESIAN_POINT('',(-5.045551735956,-1.564271567136,1.));
#249 = CARTESIAN_POINT('',(-5.123815830373,-1.715682279936,1.));
#250 = CARTESIAN_POINT('',(-5.193862816812,-1.871656921594,1.));
#251 = CARTESIAN_POINT('',(-5.256199936337,-2.031386264535,1.));
#252 = ORIENTED_EDGE('',*,*,#253,.T.);
#253 = EDGE_CURVE('',#235,#254,#256,.T.);
#254 = VERTEX_POINT('',#255);
#255 = CARTESIAN_POINT('',(-5.682957748837,-4.59402252907,1.));
#256 = B_SPLINE_CURVE_WITH_KNOTS('',6,(#257,#258,#259,#260,#261,#262,
    #263,#264,#265,#266,#267,#268),.UNSPECIFIED.,.F.,.F.,(7,5,7),(0.,
    0.313825396795,1.),.UNSPECIFIED.);
#257 = CARTESIAN_POINT('',(-5.256199936337,-2.031386264535,1.));
#258 = CARTESIAN_POINT('',(-5.305114486876,-2.156875735684,1.));
#259 = CARTESIAN_POINT('',(-5.350198313039,-2.284107637557,1.));
#260 = CARTESIAN_POINT('',(-5.391537499022,-2.41288796326,1.));
#261 = CARTESIAN_POINT('',(-5.42924062138,-2.543035044871,1.));
#262 = CARTESIAN_POINT('',(-5.463430304356,-2.674382825796,1.));
#263 = CARTESIAN_POINT('',(-5.56158829655,-3.096277639559,1.));
#264 = CARTESIAN_POINT('',(-5.612747754312,-3.390763008907,1.));
#265 = CARTESIAN_POINT('',(-5.64908715266,-3.688783653893,1.));
#266 = CARTESIAN_POINT('',(-5.672050884605,-3.98917101325,1.));
#267 = CARTESIAN_POINT('',(-5.682957748837,-4.291085147937,1.));
#268 = CARTESIAN_POINT('',(-5.682957748837,-4.59402252907,1.));
#269 = ORIENTED_EDGE('',*,*,#270,.T.);
#270 = EDGE_CURVE('',#254,#271,#273,.T.);
#271 = VERTEX_POINT('',#272);
#272 = CARTESIAN_POINT('',(-5.32253805407,-6.803551962209,1.));
#273 = B_SPLINE_CURVE_WITH_KNOTS('',5,(#274,#275,#276,#277,#278,#279,
    #280,#281,#282,#283),.UNSPECIFIED.,.F.,.F.,(6,4,6),(0.,
    0.566480955219,1.),.UNSPECIFIED.);
#274 = CARTESIAN_POINT('',(-5.682957748837,-4.59402252907,1.));
#275 = CARTESIAN_POINT('',(-5.682957748837,-4.849299787575,1.));
#276 = CARTESIAN_POINT('',(-5.671626482258,-5.104245227348,1.));
#277 = CARTESIAN_POINT('',(-5.648649478163,-5.35826176932,1.));
#278 = CARTESIAN_POINT('',(-5.613899905213,-5.610735207867,1.));
#279 = CARTESIAN_POINT('',(-5.531982291417,-6.052594462175,1.));
#280 = CARTESIAN_POINT('',(-5.48964227769,-6.242885142039,1.));
#281 = CARTESIAN_POINT('',(-5.44052592561,-6.431635488583,1.));
#282 = CARTESIAN_POINT('',(-5.38476046162,-6.618598110202,1.));
#283 = CARTESIAN_POINT('',(-5.32253805407,-6.803551962209,1.));
#284 = ORIENTED_EDGE('',*,*,#285,.T.);
#285 = EDGE_CURVE('',#271,#286,#288,.T.);
#286 = VERTEX_POINT('',#287);
#287 = CARTESIAN_POINT('',(-4.073083112209,-8.511105559593,1.));
#288 = B_SPLINE_CURVE_WITH_KNOTS('',5,(#289,#290,#291,#292,#293,#294,
    #295,#296,#297,#298,#299,#300,#301,#302),.UNSPECIFIED.,.F.,.F.,(6,4,
    4,6),(0.,0.300446117869,0.59238884274,1.),.UNSPECIFIED.);
#289 = CARTESIAN_POINT('',(-5.32253805407,-6.803551962209,1.));
#290 = CARTESIAN_POINT('',(-5.28096961796,-6.927172876554,1.));
#291 = CARTESIAN_POINT('',(-5.234462742175,-7.048784475365,1.));
#292 = CARTESIAN_POINT('',(-5.182840388713,-7.168041415969,1.));
#293 = CARTESIAN_POINT('',(-5.125982255714,-7.284568192736,1.));
#294 = CARTESIAN_POINT('',(-5.003550511312,-7.508202987557,1.));
#295 = CARTESIAN_POINT('',(-4.938266393385,-7.615489395296,1.));
#296 = CARTESIAN_POINT('',(-4.868037250602,-7.719500506136,1.));
#297 = CARTESIAN_POINT('',(-4.792955897361,-7.819926631522,1.));
#298 = CARTESIAN_POINT('',(-4.601920674714,-8.05137360796,1.));
#299 = CARTESIAN_POINT('',(-4.481542547306,-8.17877156609,1.));
#300 = CARTESIAN_POINT('',(-4.352677947528,-8.297998955377,1.));
#301 = CARTESIAN_POINT('',(-4.216191629077,-8.408777084254,1.));
#302 = CARTESIAN_POINT('',(-4.073083112209,-8.511105559593,1.));
#303 = ORIENTED_EDGE('',*,*,#304,.T.);
#304 = EDGE_CURVE('',#286,#305,#307,.T.);
#305 = VERTEX_POINT('',#306);
#306 = CARTESIAN_POINT('',(-1.8593749,-9.146802325581,1.));
#307 = B_SPLINE_CURVE_WITH_KNOTS('',5,(#308,#309,#310,#311,#312,#313,
    #314,#315,#316,#317,#318,#319,#320,#321,#322,#323,#324,#325,#326,
    #327,#328,#329),.UNSPECIFIED.,.F.,.F.,(6,4,4,4,4,6),(0.,
    2.832178113141E-02,0.258642130083,0.493446257813,0.739758604873,1.),
  .UNSPECIFIED.);
#308 = CARTESIAN_POINT('',(-4.073083112209,-8.511105559593,1.));
#309 = CARTESIAN_POINT('',(-4.062409704543,-8.518733003592,1.));
#310 = CARTESIAN_POINT('',(-4.051696222959,-8.526303941789,1.));
#311 = CARTESIAN_POINT('',(-4.040942981265,-8.533818118969,1.));
#312 = CARTESIAN_POINT('',(-4.030150303276,-8.541275293724,1.));
#313 = CARTESIAN_POINT('',(-3.931231568021,-8.608853581289,1.));
#314 = CARTESIAN_POINT('',(-3.840556739512,-8.665248381134,1.));
#315 = CARTESIAN_POINT('',(-3.747478927109,-8.717733032423,1.));
#316 = CARTESIAN_POINT('',(-3.652212813588,-8.766254222573,1.));
#317 = CARTESIAN_POINT('',(-3.455884353384,-8.85624962814,1.));
#318 = CARTESIAN_POINT('',(-3.354741931084,-8.897569754455,1.));
#319 = CARTESIAN_POINT('',(-3.251814934388,-8.934786063891,1.));
#320 = CARTESIAN_POINT('',(-3.147348980697,-8.967979526494,1.));
#321 = CARTESIAN_POINT('',(-2.930614479729,-9.027997192868,1.));
#322 = CARTESIAN_POINT('',(-2.818213078192,-9.054429840292,1.));
#323 = CARTESIAN_POINT('',(-2.704630859422,-9.076709067091,1.));
#324 = CARTESIAN_POINT('',(-2.590099791539,-9.095023771198,1.));
#325 = CARTESIAN_POINT('',(-2.353005247055,-9.124945774558,1.));
#326 = CARTESIAN_POINT('',(-2.230354736616,-9.136115091425,1.));
#327 = CARTESIAN_POINT('',(-2.107084957709,-9.143317877125,1.));
#328 = CARTESIAN_POINT('',(-1.983378983929,-9.146802325581,1.));
#329 = CARTESIAN_POINT('',(-1.8593749,-9.146802325581,1.));
#330 = ORIENTED_EDGE('',*,*,#331,.T.);
#331 = EDGE_CURVE('',#305,#332,#334,.T.);
#332 = VERTEX_POINT('',#333);
#333 = CARTESIAN_POINT('',(5.241652441856E-02,-8.57378724564,1.));
#334 = B_SPLINE_CURVE_WITH_KNOTS('',5,(#335,#336,#337,#338,#339,#340,
    #341,#342,#343,#344,#345,#346,#347,#348,#349,#350,#351,#352),
  .UNSPECIFIED.,.F.,.F.,(6,4,4,4,6),(0.,0.362350581766,0.655878118168,
    0.939284208632,1.),.UNSPECIFIED.);
#335 = CARTESIAN_POINT('',(-1.8593749,-9.146802325581,1.));
#336 = CARTESIAN_POINT('',(-1.708784460558,-9.146802325581,1.));
#337 = CARTESIAN_POINT('',(-1.558860313906,-9.140679735792,1.));
#338 = CARTESIAN_POINT('',(-1.409953615521,-9.127864915771,1.));
#339 = CARTESIAN_POINT('',(-1.262578853995,-9.107737121423,1.));
#340 = CARTESIAN_POINT('',(-0.999763120831,-9.057133256977,1.));
#341 = CARTESIAN_POINT('',(-0.883573964581,-9.029349081248,1.));
#342 = CARTESIAN_POINT('',(-0.76916906523,-8.99615812751,1.));
#343 = CARTESIAN_POINT('',(-0.656957821158,-8.957342055137,1.));
#344 = CARTESIAN_POINT('',(-0.441559524314,-8.869849345117,1.));
#345 = CARTESIAN_POINT('',(-0.338187939546,-8.821556282083,1.));
#346 = CARTESIAN_POINT('',(-0.23765064899,-8.767886939576,1.));
#347 = CARTESIAN_POINT('',(-0.140309842486,-8.708893819534,1.));
#348 = CARTESIAN_POINT('',(-2.636625178346E-02,-8.631051925067,1.));
#349 = CARTESIAN_POINT('',(-6.422886992141E-03,-8.617082859873,1.));
#350 = CARTESIAN_POINT('',(1.33571158207E-02,-8.602880871209,1.));
#351 = CARTESIAN_POINT('',(3.297107942362E-02,-8.588448175646,1.));
#352 = CARTESIAN_POINT('',(5.241652441856E-02,-8.57378724564,1.));
#353 = ORIENTED_EDGE('',*,*,#354,.T.);
#354 = EDGE_CURVE('',#332,#355,#357,.T.);
#355 = VERTEX_POINT('',#356);
#356 = CARTESIAN_POINT('',(1.212027716279,-6.745049055233,1.));
#357 = B_SPLINE_CURVE_WITH_KNOTS('',5,(#358,#359,#360,#361,#362,#363,
    #364,#365,#366,#367,#368,#369,#370,#371,#372,#373,#374,#375),
  .UNSPECIFIED.,.F.,.F.,(6,4,4,4,6),(0.,0.23458986098,0.481538747692,
    0.73073805681,1.),.UNSPECIFIED.);
#358 = CARTESIAN_POINT('',(5.241652441856E-02,-8.57378724564,1.));
#359 = CARTESIAN_POINT('',(0.132622483497,-8.513315811201,1.));
#360 = CARTESIAN_POINT('',(0.209784539992,-8.448495682834,1.));
#361 = CARTESIAN_POINT('',(0.283743161206,-8.37962505862,1.));
#362 = CARTESIAN_POINT('',(0.354451372116,-8.307062453896,1.));
#363 = CARTESIAN_POINT('',(0.492957915341,-8.15127658753,1.));
#364 = CARTESIAN_POINT('',(0.560408176902,-8.067691308685,1.));
#365 = CARTESIAN_POINT('',(0.624306548877,-7.980827092564,1.));
#366 = CARTESIAN_POINT('',(0.68476719038,-7.891085994994,1.));
#367 = CARTESIAN_POINT('',(0.799626332213,-7.705691708479,1.));
#368 = CARTESIAN_POINT('',(0.853963538077,-7.609993893159,1.));
#369 = CARTESIAN_POINT('',(0.90510149671,-7.512064483793,1.));
#370 = CARTESIAN_POINT('',(0.9532175843,-7.412205376893,1.));
#371 = CARTESIAN_POINT('',(1.047405205018,-7.200929443382,1.));
#372 = CARTESIAN_POINT('',(1.092998387544,-7.089232981066,1.));
#373 = CARTESIAN_POINT('',(1.135494458614,-6.97586778781,1.));
#374 = CARTESIAN_POINT('',(1.175105084577,-6.861077822045,1.));
#375 = CARTESIAN_POINT('',(1.212027716279,-6.745049055233,1.));
#376 = ORIENTED_EDGE('',*,*,#377,.F.);
#377 = EDGE_CURVE('',#378,#355,#380,.T.);
#378 = VERTEX_POINT('',#379);
#379 = CARTESIAN_POINT('',(2.70855297064,-7.098155886628,1.));
#380 = LINE('',#381,#382);
#381 = CARTESIAN_POINT('',(-6.59705992797,-4.902485967096,1.));
#382 = VECTOR('',#383,1.);
#383 = DIRECTION('',(-0.973274412165,0.229645201614,-5.099147806528E-17)
  );
#384 = ORIENTED_EDGE('',*,*,#385,.T.);
#385 = EDGE_CURVE('',#378,#386,#388,.T.);
#386 = VERTEX_POINT('',#387);
#387 = CARTESIAN_POINT('',(1.070993922674,-9.570948401163,1.));
#388 = B_SPLINE_CURVE_WITH_KNOTS('',5,(#389,#390,#391,#392,#393,#394,
    #395,#396,#397,#398,#399,#400,#401,#402,#403,#404,#405,#406),
  .UNSPECIFIED.,.F.,.F.,(6,4,4,4,6),(0.,0.291604802358,0.550030775278,
    0.800420757795,1.),.UNSPECIFIED.);
#389 = CARTESIAN_POINT('',(2.70855297064,-7.098155886628,1.));
#390 = CARTESIAN_POINT('',(2.659059463041,-7.268782656891,1.));
#391 = CARTESIAN_POINT('',(2.603565422809,-7.437365794413,1.));
#392 = CARTESIAN_POINT('',(2.541717450797,-7.603489301832,1.));
#393 = CARTESIAN_POINT('',(2.473183204939,-7.766635989358,1.));
#394 = CARTESIAN_POINT('',(2.330886719298,-8.067660303731,1.));
#395 = CARTESIAN_POINT('',(2.258606008373,-8.206302336203,1.));
#396 = CARTESIAN_POINT('',(2.180753043376,-8.34174355279,1.));
#397 = CARTESIAN_POINT('',(2.097248951163,-8.473547174361,1.));
#398 = CARTESIAN_POINT('',(1.921818338569,-8.725059355924,1.));
#399 = CARTESIAN_POINT('',(1.83023078361,-8.845022013865,1.));
#400 = CARTESIAN_POINT('',(1.733438702544,-8.960785677944,1.));
#401 = CARTESIAN_POINT('',(1.631590104724,-9.072010829115,1.));
#402 = CARTESIAN_POINT('',(1.439955204119,-9.263256193466,1.));
#403 = CARTESIAN_POINT('',(1.351912118008,-9.345031605913,1.));
#404 = CARTESIAN_POINT('',(1.260957143863,-9.423623853875,1.));
#405 = CARTESIAN_POINT('',(1.167254595535,-9.498945417863,1.));
#406 = CARTESIAN_POINT('',(1.070993922674,-9.570948401163,1.));
#407 = ORIENTED_EDGE('',*,*,#408,.T.);
#408 = EDGE_CURVE('',#386,#409,#411,.T.);
#409 = VERTEX_POINT('',#410);
#410 = CARTESIAN_POINT('',(-1.828034056977,-10.45058139534,1.));
#411 = B_SPLINE_CURVE_WITH_KNOTS('',5,(#412,#413,#414,#415,#416,#417,
    #418,#419,#420,#421,#422,#423,#424,#425,#426,#427,#428,#429),
  .UNSPECIFIED.,.F.,.F.,(6,4,4,4,6),(0.,0.114540811978,0.384038720076,
    0.662806403588,1.),.UNSPECIFIED.);
#412 = CARTESIAN_POINT('',(1.070993922674,-9.570948401163,1.));
#413 = CARTESIAN_POINT('',(1.014701859782,-9.613079882901,1.));
#414 = CARTESIAN_POINT('',(0.957532825133,-9.654017959631,1.));
#415 = CARTESIAN_POINT('',(0.899511261706,-9.693732330777,1.));
#416 = CARTESIAN_POINT('',(0.840665636998,-9.732197665891,1.));
#417 = CARTESIAN_POINT('',(0.640710780318,-9.856910250575,1.));
#418 = CARTESIAN_POINT('',(0.496004481176,-9.937403863131,1.));
#419 = CARTESIAN_POINT('',(0.347347609243,-10.0105990726,1.));
#420 = CARTESIAN_POINT('',(0.195241606568,-10.07642629491,1.));
#421 = CARTESIAN_POINT('',(-0.120124874893,-10.19552373439,1.));
#422 = CARTESIAN_POINT('',(-0.283599134441,-10.2482877432,1.));
#423 = CARTESIAN_POINT('',(-0.449617689404,-10.29335606698,1.));
#424 = CARTESIAN_POINT('',(-0.617638094043,-10.33101700435,1.));
#425 = CARTESIAN_POINT('',(-0.992287218449,-10.39865771165,1.));
#426 = CARTESIAN_POINT('',(-1.199626961018,-10.42537297498,1.));
#427 = CARTESIAN_POINT('',(-1.40841498045,-10.44242056556,1.));
#428 = CARTESIAN_POINT('',(-1.618025729295,-10.45058139534,1.));
#429 = CARTESIAN_POINT('',(-1.828034056977,-10.45058139534,1.));
#430 = ORIENTED_EDGE('',*,*,#431,.T.);
#431 = EDGE_CURVE('',#409,#432,#434,.T.);
#432 = VERTEX_POINT('',#433);
#433 = CARTESIAN_POINT('',(-4.61371265436,-9.755859375,1.));
#434 = B_SPLINE_CURVE_WITH_KNOTS('',5,(#435,#436,#437,#438,#439,#440,
    #441,#442,#443,#444,#445,#446,#447,#448),.UNSPECIFIED.,.F.,.F.,(6,4,
    4,6),(0.,0.359734211229,0.70930376255,1.),.UNSPECIFIED.);
#435 = CARTESIAN_POINT('',(-1.828034056977,-10.45058139534,1.));
#436 = CARTESIAN_POINT('',(-2.037823946443,-10.45058139534,1.));
#437 = CARTESIAN_POINT('',(-2.247322051445,-10.44231032439,1.));
#438 = CARTESIAN_POINT('',(-2.456106586606,-10.42533737204,1.));
#439 = CARTESIAN_POINT('',(-2.663679176372,-10.39930024493,1.));
#440 = CARTESIAN_POINT('',(-3.069460641987,-10.32972239691,1.));
#441 = CARTESIAN_POINT('',(-3.267777604039,-10.28669560108,1.));
#442 = CARTESIAN_POINT('',(-3.463901705032,-10.23476230091,1.));
#443 = CARTESIAN_POINT('',(-3.657315603064,-10.17390530616,1.));
#444 = CARTESIAN_POINT('',(-4.005698029438,-10.04643007618,1.));
#445 = CARTESIAN_POINT('',(-4.161662019556,-9.982505848237,1.));
#446 = CARTESIAN_POINT('',(-4.315133639194,-9.912636805051,1.));
#447 = CARTESIAN_POINT('',(-4.465880350692,-9.837005459968,1.));
#448 = CARTESIAN_POINT('',(-4.61371265436,-9.755859375,1.));
#449 = ORIENTED_EDGE('',*,*,#450,.T.);
#450 = EDGE_CURVE('',#432,#451,#453,.T.);
#451 = VERTEX_POINT('',#452);
#452 = CARTESIAN_POINT('',(-6.564680132558,-7.722361010174,1.));
#453 = B_SPLINE_CURVE_WITH_KNOTS('',5,(#454,#455,#456,#457,#458,#459,
    #460,#461,#462,#463,#464,#465,#466,#467),.UNSPECIFIED.,.F.,.F.,(6,4,
    4,6),(0.,0.376963304968,0.683656509009,1.),.UNSPECIFIED.);
#454 = CARTESIAN_POINT('',(-4.61371265436,-9.755859375,1.));
#455 = CARTESIAN_POINT('',(-4.802997943306,-9.651916586273,1.));
#456 = CARTESIAN_POINT('',(-4.986360965159,-9.537764447489,1.));
#457 = CARTESIAN_POINT('',(-5.162806285029,-9.413328638435,1.));
#458 = CARTESIAN_POINT('',(-5.331438198721,-9.278819668636,1.));
#459 = CARTESIAN_POINT('',(-5.621832303835,-9.01775267116,1.));
#460 = CARTESIAN_POINT('',(-5.746484660649,-8.894374930737,1.));
#461 = CARTESIAN_POINT('',(-5.865144887685,-8.765067713009,1.));
#462 = CARTESIAN_POINT('',(-5.977606116754,-8.630273105407,1.));
#463 = CARTESIAN_POINT('',(-6.193312791069,-8.346346570272,1.));
#464 = CARTESIAN_POINT('',(-6.296162714002,-8.196889063637,1.));
#465 = CARTESIAN_POINT('',(-6.392258186655,-8.042693595004,1.));
#466 = CARTESIAN_POINT('',(-6.481700551817,-7.884338668544,1.));
#467 = CARTESIAN_POINT('',(-6.564680132558,-7.722361010174,1.));
#468 = ORIENTED_EDGE('',*,*,#469,.T.);
#469 = EDGE_CURVE('',#451,#470,#472,.T.);
#470 = VERTEX_POINT('',#471);
#471 = CARTESIAN_POINT('',(-7.2499999,-4.586187318314,1.));
#472 = B_SPLINE_CURVE_WITH_KNOTS('',5,(#473,#474,#475,#476,#477,#478,
    #479,#480,#481,#482,#483,#484,#485,#486,#487,#488,#489,#490),
  .UNSPECIFIED.,.F.,.F.,(6,4,4,4,6),(0.,0.23686316819,0.479960160343,
    0.733688638133,1.),.UNSPECIFIED.);
#473 = CARTESIAN_POINT('',(-6.564680132558,-7.722361010174,1.));
#474 = CARTESIAN_POINT('',(-6.634177511172,-7.58665042785,1.));
#475 = CARTESIAN_POINT('',(-6.6990153881,-7.448482822811,1.));
#476 = CARTESIAN_POINT('',(-6.759160699913,-7.308092299818,1.));
#477 = CARTESIAN_POINT('',(-6.814643118272,-7.165718632816,1.));
#478 = CARTESIAN_POINT('',(-6.917765912659,-6.873684577201,1.));
#479 = CARTESIAN_POINT('',(-6.965162050698,-6.723929324876,1.));
#480 = CARTESIAN_POINT('',(-7.007802151585,-6.57258536298,1.));
#481 = CARTESIAN_POINT('',(-7.045815358418,-6.419889515913,1.));
#482 = CARTESIAN_POINT('',(-7.114360615314,-6.1054906251,1.));
#483 = CARTESIAN_POINT('',(-7.144492829135,-5.943685472914,1.));
#484 = CARTESIAN_POINT('',(-7.169926038026,-5.780877541018,1.));
#485 = CARTESIAN_POINT('',(-7.1908628169,-5.617275270434,1.));
#486 = CARTESIAN_POINT('',(-7.224981496886,-5.280683747781,1.));
#487 = CARTESIAN_POINT('',(-7.237727231281,-5.10763238151,1.));
#488 = CARTESIAN_POINT('',(-7.245985774923,-4.934096127391,1.));
#489 = CARTESIAN_POINT('',(-7.2499999,-4.760238708466,1.));
#490 = CARTESIAN_POINT('',(-7.2499999,-4.586187318314,1.));
#491 = ORIENTED_EDGE('',*,*,#492,.T.);
#492 = EDGE_CURVE('',#470,#493,#495,.T.);
#493 = VERTEX_POINT('',#494);
#494 = CARTESIAN_POINT('',(-6.643032240116,-1.501203670058,1.));
#495 = B_SPLINE_CURVE_WITH_KNOTS('',5,(#496,#497,#498,#499,#500,#501,
    #502,#503,#504,#505,#506,#507,#508,#509),.UNSPECIFIED.,.F.,.F.,(6,4,
    4,6),(0.,0.429772543705,0.848248474725,1.),.UNSPECIFIED.);
#496 = CARTESIAN_POINT('',(-7.2499999,-4.586187318314,1.));
#497 = CARTESIAN_POINT('',(-7.2499999,-4.313127543637,1.));
#498 = CARTESIAN_POINT('',(-7.239591755753,-4.040369470535,1.));
#499 = CARTESIAN_POINT('',(-7.218267803331,-3.768428265162,1.));
#500 = CARTESIAN_POINT('',(-7.185607424414,-3.497905906176,1.));
#501 = CARTESIAN_POINT('',(-7.09834624999,-2.968106451194,1.));
#502 = CARTESIAN_POINT('',(-7.044343100085,-2.708709943419,1.));
#503 = CARTESIAN_POINT('',(-6.979188568101,-2.451924141067,1.));
#504 = CARTESIAN_POINT('',(-6.902864650192,-2.198374072465,1.));
#505 = CARTESIAN_POINT('',(-6.783932730793,-1.858108371693,1.));
#506 = CARTESIAN_POINT('',(-6.750840803282,-1.768058990156,1.));
#507 = CARTESIAN_POINT('',(-6.716317419983,-1.678541134777,1.));
#508 = CARTESIAN_POINT('',(-6.680375725352,-1.589581109299,1.));
#509 = CARTESIAN_POINT('',(-6.643032240116,-1.501203670058,1.));
#510 = ORIENTED_EDGE('',*,*,#511,.T.);
#511 = EDGE_CURVE('',#493,#512,#514,.T.);
#512 = VERTEX_POINT('',#513);
#513 = CARTESIAN_POINT('',(-4.872274609302,0.693177688953,1.));
#514 = B_SPLINE_CURVE_WITH_KNOTS('',6,(#515,#516,#517,#518,#519,#520,
    #521,#522,#523,#524,#525,#526,#527,#528,#529,#530,#531),
  .UNSPECIFIED.,.F.,.F.,(7,5,5,7),(0.,0.428353880544,0.833193968365,1.),
  .UNSPECIFIED.);
#515 = CARTESIAN_POINT('',(-6.643032240116,-1.501203670058,1.));
#516 = CARTESIAN_POINT('',(-6.562729052775,-1.31132081091,1.));
#517 = CARTESIAN_POINT('',(-6.475084536409,-1.124970859406,1.));
#518 = CARTESIAN_POINT('',(-6.379726206307,-0.942751004384,1.));
#519 = CARTESIAN_POINT('',(-6.276333826907,-0.765357432666,1.));
#520 = CARTESIAN_POINT('',(-6.164688857786,-0.593554860088,1.));
#521 = CARTESIAN_POINT('',(-5.931438666613,-0.271758398846,1.));
#522 = CARTESIAN_POINT('',(-5.810705002345,-0.121069021831,1.));
#523 = CARTESIAN_POINT('',(-5.682575455524,2.326693003468E-02,1.));
#524 = CARTESIAN_POINT('',(-5.547182110679,0.160621499192,1.));
#525 = CARTESIAN_POINT('',(-5.404822430964,0.290460098828,1.));
#526 = CARTESIAN_POINT('',(-5.194675902211,0.462611081731,1.));
#527 = CARTESIAN_POINT('',(-5.132254956832,0.511501889131,1.));
#528 = CARTESIAN_POINT('',(-5.068766746892,0.559023058331,1.));
#529 = CARTESIAN_POINT('',(-5.004247356442,0.605152892496,1.));
#530 = CARTESIAN_POINT('',(-4.938735917349,0.649874878906,1.));
#531 = CARTESIAN_POINT('',(-4.872274609302,0.693177688953,1.));
#532 = ORIENTED_EDGE('',*,*,#533,.T.);
#533 = EDGE_CURVE('',#512,#534,#536,.T.);
#534 = VERTEX_POINT('',#535);
#535 = CARTESIAN_POINT('',(-1.851539689244,1.450581395349,1.));
#536 = B_SPLINE_CURVE_WITH_KNOTS('',5,(#537,#538,#539,#540,#541,#542,
    #543,#544,#545,#546,#547,#548,#549,#550,#551,#552,#553,#554),
  .UNSPECIFIED.,.F.,.F.,(6,4,4,4,6),(0.,0.234166207014,0.479448581284,
    0.729382171565,1.),.UNSPECIFIED.);
#537 = CARTESIAN_POINT('',(-4.872274609302,0.693177688953,1.));
#538 = CARTESIAN_POINT('',(-4.74990006621,0.772820008291,1.));
#539 = CARTESIAN_POINT('',(-4.6235938638,0.846669458301,1.));
#540 = CARTESIAN_POINT('',(-4.493807110716,0.91466755572,1.));
#541 = CARTESIAN_POINT('',(-4.361004675462,0.976912986973,1.));
#542 = CARTESIAN_POINT('',(-4.083808065993,1.09294153393,1.));
#543 = CARTESIAN_POINT('',(-3.939160437277,1.146183612035,1.));
#544 = CARTESIAN_POINT('',(-3.792164410396,1.19351712197,1.));
#545 = CARTESIAN_POINT('',(-3.643252119855,1.2352450901,1.));
#546 = CARTESIAN_POINT('',(-3.33943382122,1.308817260691,1.));
#547 = CARTESIAN_POINT('',(-3.184470393402,1.340458464286,1.));
#548 = CARTESIAN_POINT('',(-3.028241746893,1.366949078424,1.));
#549 = CARTESIAN_POINT('',(-2.871041273531,1.388640052371,1.));
#550 = CARTESIAN_POINT('',(-2.542056071284,1.424499770077,1.));
#551 = CARTESIAN_POINT('',(-2.370146269914,1.437896926882,1.));
#552 = CARTESIAN_POINT('',(-2.197629187584,1.44646445451,1.));
#553 = CARTESIAN_POINT('',(-2.024713099607,1.450581395349,1.));
#554 = CARTESIAN_POINT('',(-1.851539689244,1.450581395349,1.));
#555 = ORIENTED_EDGE('',*,*,#556,.T.);
#556 = EDGE_CURVE('',#534,#557,#559,.T.);
#557 = VERTEX_POINT('',#558);
#558 = CARTESIAN_POINT('',(1.184343304942,0.465434229651,1.));
#559 = B_SPLINE_CURVE_WITH_KNOTS('',5,(#560,#561,#562,#563,#564,#565,
    #566,#567,#568,#569,#570,#571,#572,#573,#574,#575,#576,#577),
  .UNSPECIFIED.,.F.,.F.,(6,4,4,4,6),(0.,0.28813190989,0.53963873015,
    0.783997050785,1.),.UNSPECIFIED.);
#560 = CARTESIAN_POINT('',(-1.851539689244,1.450581395349,1.));
#561 = CARTESIAN_POINT('',(-1.66251320687,1.450581395349,1.));
#562 = CARTESIAN_POINT('',(-1.473763516998,1.443747473198,1.));
#563 = CARTESIAN_POINT('',(-1.285620064705,1.429566871772,1.));
#564 = CARTESIAN_POINT('',(-1.098533256778,1.407512541959,1.));
#565 = CARTESIAN_POINT('',(-0.751162507808,1.35066444288,1.));
#566 = CARTESIAN_POINT('',(-0.590493130731,1.317846246636,1.));
#567 = CARTESIAN_POINT('',(-0.431431552237,1.278425152944,1.));
#568 = CARTESIAN_POINT('',(-0.274409107399,1.232184001174,1.));
#569 = CARTESIAN_POINT('',(3.024586213598E-02,1.127426619609,1.));
#570 = CARTESIAN_POINT('',(0.178025448462,1.069294334393,1.));
#571 = CARTESIAN_POINT('',(0.323023184797,1.004588726305,1.));
#572 = CARTESIAN_POINT('',(0.464835019899,0.933362327748,1.));
#573 = CARTESIAN_POINT('',(0.725317857778,0.787274718475,1.));
#574 = CARTESIAN_POINT('',(0.844770497163,0.713791057292,1.));
#575 = CARTESIAN_POINT('',(0.961207320732,0.635507483572,1.));
#576 = CARTESIAN_POINT('',(1.07444251416,0.552633594992,1.));
#577 = CARTESIAN_POINT('',(1.184343304942,0.465434229651,1.));
#578 = ORIENTED_EDGE('',*,*,#579,.T.);
#579 = EDGE_CURVE('',#557,#159,#580,.T.);
#580 = B_SPLINE_CURVE_WITH_KNOTS('',6,(#581,#582,#583,#584,#585,#586,
    #587,#588,#589,#590,#591,#592,#593,#594,#595,#596,#597,#598,#599,
    #600,#601,#602),.UNSPECIFIED.,.F.,.F.,(7,5,5,5,7),(0.,
    4.875687766217E-02,0.327284445949,0.616445064157,1.),.UNSPECIFIED.);
#581 = CARTESIAN_POINT('',(1.184343304942,0.465434229651,1.));
#582 = CARTESIAN_POINT('',(1.205864140592,0.448356930715,1.));
#583 = CARTESIAN_POINT('',(1.227253119989,0.431114643533,1.));
#584 = CARTESIAN_POINT('',(1.248508661119,0.413708351485,1.));
#585 = CARTESIAN_POINT('',(1.269629239646,0.396139113403,1.));
#586 = CARTESIAN_POINT('',(1.290613388909,0.378408063565,1.));
#587 = CARTESIAN_POINT('',(1.430545921071,0.258308917594,1.));
#588 = CARTESIAN_POINT('',(1.545140009804,0.150855273613,1.));
#589 = CARTESIAN_POINT('',(1.65496480424,3.839164512486E-02,1.));
#590 = CARTESIAN_POINT('',(1.759836618495,-7.878470317839E-02,1.));
#591 = CARTESIAN_POINT('',(1.859651926414,-0.200328063885,1.));
#592 = CARTESIAN_POINT('',(2.052712269476,-0.45617800522,1.));
#593 = CARTESIAN_POINT('',(2.145567377895,-0.590803573638,1.));
#594 = CARTESIAN_POINT('',(2.232906818589,-0.729319090361,1.));
#595 = CARTESIAN_POINT('',(2.314794700579,-0.87130654261,1.));
#596 = CARTESIAN_POINT('',(2.391361966176,-1.01636408233,1.));
#597 = CARTESIAN_POINT('',(2.557503920615,-1.36012286364,1.));
#598 = CARTESIAN_POINT('',(2.643162899023,-1.560871617532,1.));
#599 = CARTESIAN_POINT('',(2.720163912182,-1.765546146139,1.));
#600 = CARTESIAN_POINT('',(2.789022471413,-1.973417181901,1.));
#601 = CARTESIAN_POINT('',(2.850272193189,-2.183887983599,1.));
#602 = CARTESIAN_POINT('',(2.904433239535,-2.396507085756,1.));
#603 = FACE_BOUND('',#604,.T.);
#604 = EDGE_LOOP('',(#605,#615,#634,#657,#679,#702,#729,#752,#769,#784,
    #799,#816,#833,#856,#879,#887,#909,#928,#951,#970,#993,#1010,#1021,
    #1029,#1041,#1060,#1079,#1098,#1121,#1140));
#605 = ORIENTED_EDGE('',*,*,#606,.F.);
#606 = EDGE_CURVE('',#607,#609,#611,.T.);
#607 = VERTEX_POINT('',#608);
#608 = CARTESIAN_POINT('',(4.224927425581,-1.758720930233,1.));
#609 = VERTEX_POINT('',#610);
#610 = CARTESIAN_POINT('',(5.635265361628,-1.959302325581,1.));
#611 = LINE('',#612,#613);
#612 = CARTESIAN_POINT('',(-4.881623442952,-0.46356702893,1.));
#613 = VECTOR('',#614,1.);
#614 = DIRECTION('',(0.990037305309,-0.140805305644,3.126505846304E-17)
  );
#615 = ORIENTED_EDGE('',*,*,#616,.T.);
#616 = EDGE_CURVE('',#607,#617,#619,.T.);
#617 = VERTEX_POINT('',#618);
#618 = CARTESIAN_POINT('',(5.36468941686,0.556845021802,1.));
#619 = B_SPLINE_CURVE_WITH_KNOTS('',5,(#620,#621,#622,#623,#624,#625,
    #626,#627,#628,#629,#630,#631,#632,#633),.UNSPECIFIED.,.F.,.F.,(6,4,
    4,6),(0.,0.21800595452,0.625745281083,1.),.UNSPECIFIED.);
#620 = CARTESIAN_POINT('',(4.224927425581,-1.758720930233,1.));
#621 = CARTESIAN_POINT('',(4.236412007234,-1.642939332983,1.));
#622 = CARTESIAN_POINT('',(4.251611990714,-1.527726302845,1.));
#623 = CARTESIAN_POINT('',(4.270720392182,-1.413260636209,1.));
#624 = CARTESIAN_POINT('',(4.293919319963,-1.299758161314,1.));
#625 = CARTESIAN_POINT('',(4.372638166826,-0.97743823539,1.));
#626 = CARTESIAN_POINT('',(4.438730638507,-0.771577885268,1.));
#627 = CARTESIAN_POINT('',(4.520486149718,-0.571635677508,1.));
#628 = CARTESIAN_POINT('',(4.618184947351,-0.379412768689,1.));
#629 = CARTESIAN_POINT('',(4.834269467608,-2.853751129838E-02,1.));
#630 = CARTESIAN_POINT('',(4.950334875076,0.131636446866,1.));
#631 = CARTESIAN_POINT('',(5.07832165755,0.282859325042,1.));
#632 = CARTESIAN_POINT('',(5.216939233978,0.42462715417,1.));
#633 = CARTESIAN_POINT('',(5.36468941686,0.556845021802,1.));
#634 = ORIENTED_EDGE('',*,*,#635,.T.);
#635 = EDGE_CURVE('',#617,#636,#638,.T.);
#636 = VERTEX_POINT('',#637);
#637 = CARTESIAN_POINT('',(7.876135637791,1.450581395349,1.));
#638 = B_SPLINE_CURVE_WITH_KNOTS('',5,(#639,#640,#641,#642,#643,#644,
    #645,#646,#647,#648,#649,#650,#651,#652,#653,#654,#655,#656),
  .UNSPECIFIED.,.F.,.F.,(6,4,4,4,6),(0.,0.262458209581,0.492513268084,
    0.728339682661,1.),.UNSPECIFIED.);
#639 = CARTESIAN_POINT('',(5.36468941686,0.556845021802,1.));
#640 = CARTESIAN_POINT('',(5.471239922682,0.652144507145,1.));
#641 = CARTESIAN_POINT('',(5.582434599934,0.741986426236,1.));
#642 = CARTESIAN_POINT('',(5.698115570716,0.825868943192,1.));
#643 = CARTESIAN_POINT('',(5.818007367277,0.903391506157,1.));
#644 = CARTESIAN_POINT('',(6.050080999574,1.036471532669,1.));
#645 = CARTESIAN_POINT('',(6.161395756565,1.093564044342,1.));
#646 = CARTESIAN_POINT('',(6.275335911379,1.145421783994,1.));
#647 = CARTESIAN_POINT('',(6.391579283364,1.192002757047,1.));
#648 = CARTESIAN_POINT('',(6.630949042592,1.275754084331,1.));
#649 = CARTESIAN_POINT('',(6.754180819821,1.312660998474,1.));
#650 = CARTESIAN_POINT('',(6.879113052492,1.344138907923,1.));
#651 = CARTESIAN_POINT('',(7.005402656305,1.37036126133,1.));
#652 = CARTESIAN_POINT('',(7.279440441257,1.415960530036,1.));
#653 = CARTESIAN_POINT('',(7.42753467801,1.433691932857,1.));
#654 = CARTESIAN_POINT('',(7.576577365879,1.445089858552,1.));
#655 = CARTESIAN_POINT('',(7.726200962421,1.450581395349,1.));
#656 = CARTESIAN_POINT('',(7.876135637791,1.450581395349,1.));
#657 = ORIENTED_EDGE('',*,*,#658,.T.);
#658 = EDGE_CURVE('',#636,#659,#661,.T.);
#659 = VERTEX_POINT('',#660);
#660 = CARTESIAN_POINT('',(10.649800245349,0.403274890988,1.));
#661 = B_SPLINE_CURVE_WITH_KNOTS('',6,(#662,#663,#664,#665,#666,#667,
    #668,#669,#670,#671,#672,#673,#674,#675,#676,#677,#678),
  .UNSPECIFIED.,.F.,.F.,(7,5,5,7),(0.,0.25019787135,0.68516676032,1.),
  .UNSPECIFIED.);
#662 = CARTESIAN_POINT('',(7.876135637791,1.450581395349,1.));
#663 = CARTESIAN_POINT('',(8.004094084948,1.450581395349,1.));
#664 = CARTESIAN_POINT('',(8.131886905618,1.446921670791,1.));
#665 = CARTESIAN_POINT('',(8.259383185124,1.439403265018,1.));
#666 = CARTESIAN_POINT('',(8.386421754663,1.427824650439,1.));
#667 = CARTESIAN_POINT('',(8.512813050891,1.411996296275,1.));
#668 = CARTESIAN_POINT('',(8.856571217057,1.356566162478,1.));
#669 = CARTESIAN_POINT('',(9.072269553245,1.30802801326,1.));
#670 = CARTESIAN_POINT('',(9.284151585133,1.245294091544,1.));
#671 = CARTESIAN_POINT('',(9.490846998314,1.167807821126,1.));
#672 = CARTESIAN_POINT('',(9.690978824563,1.075517612539,1.));
#673 = CARTESIAN_POINT('',(10.022436195956,0.892162778567,1.));
#674 = CARTESIAN_POINT('',(10.157536907782,0.807778774415,1.));
#675 = CARTESIAN_POINT('',(10.288090375645,0.716256877348,1.));
#676 = CARTESIAN_POINT('',(10.413771355947,0.617991156925,1.));
#677 = CARTESIAN_POINT('',(10.534376765475,0.513476832487,1.));
#678 = CARTESIAN_POINT('',(10.649800245349,0.403274890988,1.));
#679 = ORIENTED_EDGE('',*,*,#680,.T.);
#680 = EDGE_CURVE('',#659,#681,#683,.T.);
#681 = VERTEX_POINT('',#682);
#682 = CARTESIAN_POINT('',(11.746729751163,-2.14995912064,1.));
#683 = B_SPLINE_CURVE_WITH_KNOTS('',5,(#684,#685,#686,#687,#688,#689,
    #690,#691,#692,#693,#694,#695,#696,#697,#698,#699,#700,#701),
  .UNSPECIFIED.,.F.,.F.,(6,4,4,4,6),(0.,0.173207277357,0.51158469747,
    0.835803992104,1.),.UNSPECIFIED.);
#684 = CARTESIAN_POINT('',(10.649800245349,0.403274890988,1.));
#685 = CARTESIAN_POINT('',(10.721928544121,0.334409539066,1.));
#686 = CARTESIAN_POINT('',(10.791933135026,0.263502316751,1.));
#687 = CARTESIAN_POINT('',(10.859637783758,0.190532008566,1.));
#688 = CARTESIAN_POINT('',(10.92485653924,0.115498536193,1.));
#689 = CARTESIAN_POINT('',(11.109610843984,-0.112113860773,1.));
#690 = CARTESIAN_POINT('',(11.221662186002,-0.270440500657,1.));
#691 = CARTESIAN_POINT('',(11.322147751151,-0.436220589786,1.));
#692 = CARTESIAN_POINT('',(11.409910669653,-0.608770586238,1.));
#693 = CARTESIAN_POINT('',(11.555833055514,-0.957435139211,1.));
#694 = CARTESIAN_POINT('',(11.615099044026,-1.13314977799,1.));
#695 = CARTESIAN_POINT('',(11.661759311298,-1.31287247415,1.));
#696 = CARTESIAN_POINT('',(11.696063201646,-1.495457072507,1.));
#697 = CARTESIAN_POINT('',(11.730086269021,-1.773162259231,1.));
#698 = CARTESIAN_POINT('',(11.738519669918,-1.866981937872,1.));
#699 = CARTESIAN_POINT('',(11.744031719432,-1.961129599562,1.));
#700 = CARTESIAN_POINT('',(11.746729751163,-2.055488492849,1.));
#701 = CARTESIAN_POINT('',(11.746729751163,-2.14995912064,1.));
#702 = ORIENTED_EDGE('',*,*,#703,.T.);
#703 = EDGE_CURVE('',#681,#704,#706,.T.);
#704 = VERTEX_POINT('',#705);
#705 = CARTESIAN_POINT('',(11.182594576744,-4.005337027616,1.));
#706 = B_SPLINE_CURVE_WITH_KNOTS('',5,(#707,#708,#709,#710,#711,#712,
    #713,#714,#715,#716,#717,#718,#719,#720,#721,#722,#723,#724,#725,
    #726,#727,#728),.UNSPECIFIED.,.F.,.F.,(6,4,4,4,4,6),(0.,
    0.244028783314,0.474418458221,0.696061744571,0.913204664296,1.),
  .UNSPECIFIED.);
#707 = CARTESIAN_POINT('',(11.746729751163,-2.14995912064,1.));
#708 = CARTESIAN_POINT('',(11.746729751163,-2.248554997117,1.));
#709 = CARTESIAN_POINT('',(11.743968627791,-2.346844454915,1.));
#710 = CARTESIAN_POINT('',(11.738276458506,-2.444718037139,1.));
#711 = CARTESIAN_POINT('',(11.729476423219,-2.542035992565,1.));
#712 = CARTESIAN_POINT('',(11.706005831903,-2.729828174074,1.));
#713 = CARTESIAN_POINT('',(11.691690916316,-2.820380580778,1.));
#714 = CARTESIAN_POINT('',(11.674321012669,-2.910146811763,1.));
#715 = CARTESIAN_POINT('',(11.653768386392,-2.99896091691,1.));
#716 = CARTESIAN_POINT('',(11.607015567546,-3.170990168722,1.));
#717 = CARTESIAN_POINT('',(11.581059152606,-3.254290835828,1.));
#718 = CARTESIAN_POINT('',(11.551988031692,-3.336376758739,1.));
#719 = CARTESIAN_POINT('',(11.519748591686,-3.417074702305,1.));
#720 = CARTESIAN_POINT('',(11.449644310423,-3.573742580525,1.));
#721 = CARTESIAN_POINT('',(11.411906086432,-3.649777298512,1.));
#722 = CARTESIAN_POINT('',(11.371119039308,-3.724152239059,1.));
#723 = CARTESIAN_POINT('',(11.327320326209,-3.796718766474,1.));
#724 = CARTESIAN_POINT('',(11.261918979701,-3.895579844769,1.));
#725 = CARTESIAN_POINT('',(11.242774750153,-3.923502203362,1.));
#726 = CARTESIAN_POINT('',(11.223168222452,-3.951107226184,1.));
#727 = CARTESIAN_POINT('',(11.203105724626,-3.978387658316,1.));
#728 = CARTESIAN_POINT('',(11.182594576744,-4.005337027616,1.));
#729 = ORIENTED_EDGE('',*,*,#730,.T.);
#730 = EDGE_CURVE('',#704,#731,#733,.T.);
#731 = VERTEX_POINT('',#732);
#732 = CARTESIAN_POINT('',(9.59988200407,-4.982126635174,1.));
#733 = B_SPLINE_CURVE_WITH_KNOTS('',5,(#734,#735,#736,#737,#738,#739,
    #740,#741,#742,#743,#744,#745,#746,#747,#748,#749,#750,#751),
  .UNSPECIFIED.,.F.,.F.,(6,4,4,4,6),(0.,0.24984301467,0.488853434718,
    0.73382073769,1.),.UNSPECIFIED.);
#734 = CARTESIAN_POINT('',(11.182594576744,-4.005337027616,1.));
#735 = CARTESIAN_POINT('',(11.125352898709,-4.080546232368,1.));
#736 = CARTESIAN_POINT('',(11.064800610435,-4.153009397864,1.));
#737 = CARTESIAN_POINT('',(11.000976573743,-4.222483791565,1.));
#738 = CARTESIAN_POINT('',(10.933977963291,-4.288764774426,1.));
#739 = CARTESIAN_POINT('',(10.797007279412,-4.411906331472,1.));
#740 = CARTESIAN_POINT('',(10.727286722202,-4.469053766931,1.));
#741 = CARTESIAN_POINT('',(10.654961394551,-4.523008414879,1.));
#742 = CARTESIAN_POINT('',(10.580216677714,-4.573701367701,1.));
#743 = CARTESIAN_POINT('',(10.424396822813,-4.669712721387,1.));
#744 = CARTESIAN_POINT('',(10.343207411242,-4.714867437679,1.));
#745 = CARTESIAN_POINT('',(10.259923840873,-4.756563973285,1.));
#746 = CARTESIAN_POINT('',(10.174780361112,-4.794855164989,1.));
#747 = CARTESIAN_POINT('',(9.993706343646,-4.867836051677,1.));
#748 = CARTESIAN_POINT('',(9.897478966335,-4.901927214226,1.));
#749 = CARTESIAN_POINT('',(9.799601003242,-4.932222947659,1.));
#750 = CARTESIAN_POINT('',(9.700330177126,-4.958894775662,1.));
#751 = CARTESIAN_POINT('',(9.59988200407,-4.982126635174,1.));
#752 = ORIENTED_EDGE('',*,*,#753,.T.);
#753 = EDGE_CURVE('',#731,#754,#756,.T.);
#754 = VERTEX_POINT('',#755);
#755 = CARTESIAN_POINT('',(10.782998828198,-5.957871547965,1.));
#756 = B_SPLINE_CURVE_WITH_KNOTS('',6,(#757,#758,#759,#760,#761,#762,
    #763,#764,#765,#766,#767,#768),.UNSPECIFIED.,.F.,.F.,(7,5,7),(0.,
    0.513216703415,1.),.UNSPECIFIED.);
#757 = CARTESIAN_POINT('',(9.59988200407,-4.982126635174,1.));
#758 = CARTESIAN_POINT('',(9.724090248558,-5.039510844128,1.));
#759 = CARTESIAN_POINT('',(9.845001949274,-5.10184277306,1.));
#760 = CARTESIAN_POINT('',(9.962132839063,-5.169385792701,1.));
#761 = CARTESIAN_POINT('',(10.074921809416,-5.242366323523,1.));
#762 = CARTESIAN_POINT('',(10.18276021581,-5.320937946412,1.));
#763 = CARTESIAN_POINT('',(10.382079065045,-5.484938459489,1.));
#764 = CARTESIAN_POINT('',(10.474127425897,-5.569815172303,1.));
#765 = CARTESIAN_POINT('',(10.560665681913,-5.659722108331,1.));
#766 = CARTESIAN_POINT('',(10.641220064842,-5.7545497479,1.));
#767 = CARTESIAN_POINT('',(10.715412856551,-5.854063029423,1.));
#768 = CARTESIAN_POINT('',(10.782998828198,-5.957871547965,1.));
#769 = ORIENTED_EDGE('',*,*,#770,.T.);
#770 = EDGE_CURVE('',#754,#771,#773,.T.);
#771 = VERTEX_POINT('',#772);
#772 = CARTESIAN_POINT('',(11.182594576744,-7.319108829942,1.));
#773 = B_SPLINE_CURVE_WITH_KNOTS('',5,(#774,#775,#776,#777,#778,#779,
    #780,#781,#782,#783),.UNSPECIFIED.,.F.,.F.,(6,4,6),(0.,0.43680958577
    ,1.),.UNSPECIFIED.);
#774 = CARTESIAN_POINT('',(10.782998828198,-5.957871547965,1.));
#775 = CARTESIAN_POINT('',(10.851990196659,-6.06383868253,1.));
#776 = CARTESIAN_POINT('',(10.914276960994,-6.173433879708,1.));
#777 = CARTESIAN_POINT('',(10.969325411084,-6.286435129981,1.));
#778 = CARTESIAN_POINT('',(11.016747039779,-6.402509840543,1.));
#779 = CARTESIAN_POINT('',(11.107490509365,-6.674178392451,1.));
#780 = CARTESIAN_POINT('',(11.145668924392,-6.83152709213,1.));
#781 = CARTESIAN_POINT('',(11.170561043011,-6.992169935912,1.));
#782 = CARTESIAN_POINT('',(11.182594576744,-7.155033621123,1.));
#783 = CARTESIAN_POINT('',(11.182594576744,-7.319108829942,1.));
#784 = ORIENTED_EDGE('',*,*,#785,.T.);
#785 = EDGE_CURVE('',#771,#786,#788,.T.);
#786 = VERTEX_POINT('',#787);
#787 = CARTESIAN_POINT('',(10.763149627616,-8.805709484012,1.));
#788 = B_SPLINE_CURVE_WITH_KNOTS('',5,(#789,#790,#791,#792,#793,#794,
    #795,#796,#797,#798),.UNSPECIFIED.,.F.,.F.,(6,4,6),(0.,0.36989299113
    ,1.),.UNSPECIFIED.);
#789 = CARTESIAN_POINT('',(11.182594576744,-7.319108829942,1.));
#790 = CARTESIAN_POINT('',(11.182594576744,-7.435016156357,1.));
#791 = CARTESIAN_POINT('',(11.176903336707,-7.550589051183,1.));
#792 = CARTESIAN_POINT('',(11.165355378189,-7.66553786717,1.));
#793 = CARTESIAN_POINT('',(11.147883517699,-7.77956742333,1.));
#794 = CARTESIAN_POINT('',(11.084802001275,-8.084557293084,1.));
#795 = CARTESIAN_POINT('',(11.028034223471,-8.273253506496,1.));
#796 = CARTESIAN_POINT('',(10.954554296396,-8.456922575656,1.));
#797 = CARTESIAN_POINT('',(10.865685976962,-8.634602749113,1.));
#798 = CARTESIAN_POINT('',(10.763149627616,-8.805709484012,1.));
#799 = ORIENTED_EDGE('',*,*,#800,.T.);
#800 = EDGE_CURVE('',#786,#801,#803,.T.);
#801 = VERTEX_POINT('',#802);
#802 = CARTESIAN_POINT('',(9.552870739535,-9.911518895349,1.));
#803 = B_SPLINE_CURVE_WITH_KNOTS('',6,(#804,#805,#806,#807,#808,#809,
    #810,#811,#812,#813,#814,#815),.UNSPECIFIED.,.F.,.F.,(7,5,7),(0.,
    0.220195673301,1.),.UNSPECIFIED.);
#804 = CARTESIAN_POINT('',(10.763149627616,-8.805709484012,1.));
#805 = CARTESIAN_POINT('',(10.731999866868,-8.857794059028,1.));
#806 = CARTESIAN_POINT('',(10.699537591803,-8.909028518498,1.));
#807 = CARTESIAN_POINT('',(10.665769637909,-8.959372727953,1.));
#808 = CARTESIAN_POINT('',(10.630708508097,-9.00878977357,1.));
#809 = CARTESIAN_POINT('',(10.594372372701,-9.057245962169,1.));
#810 = CARTESIAN_POINT('',(10.423672818704,-9.272803599337,1.));
#811 = CARTESIAN_POINT('',(10.274821540571,-9.428525142157,1.));
#812 = CARTESIAN_POINT('',(10.111401466731,-9.570350612739,1.));
#813 = CARTESIAN_POINT('',(9.935230319433,-9.697876623986,1.));
#814 = CARTESIAN_POINT('',(9.748374178523,-9.811379840131,1.));
#815 = CARTESIAN_POINT('',(9.552870739535,-9.911518895349,1.));
#816 = ORIENTED_EDGE('',*,*,#817,.T.);
#817 = EDGE_CURVE('',#801,#818,#820,.T.);
#818 = VERTEX_POINT('',#819);
#819 = CARTESIAN_POINT('',(7.8212891625,-10.31686046511,1.));
#820 = B_SPLINE_CURVE_WITH_KNOTS('',6,(#821,#822,#823,#824,#825,#826,
    #827,#828,#829,#830,#831,#832),.UNSPECIFIED.,.F.,.F.,(7,5,7),(0.,
    0.247247476997,1.),.UNSPECIFIED.);
#821 = CARTESIAN_POINT('',(9.552870739535,-9.911518895349,1.));
#822 = CARTESIAN_POINT('',(9.487170239357,-9.945171428773,1.));
#823 = CARTESIAN_POINT('',(9.420707581811,-9.977222719648,1.));
#824 = CARTESIAN_POINT('',(9.353513007806,-10.00764038275,1.));
#825 = CARTESIAN_POINT('',(9.285619964081,-10.03639790479,1.));
#826 = CARTESIAN_POINT('',(9.217065103209,-10.0634746444,1.));
#827 = CARTESIAN_POINT('',(8.937277335684,-10.16612963617,1.));
#828 = CARTESIAN_POINT('',(8.720855709978,-10.22770459582,1.));
#829 = CARTESIAN_POINT('',(8.499846798007,-10.27311861438,1.));
#830 = CARTESIAN_POINT('',(8.275477025469,-10.30260439761,1.));
#831 = CARTESIAN_POINT('',(8.048927039919,-10.31686046511,1.));
#832 = CARTESIAN_POINT('',(7.8212891625,-10.31686046511,1.));
#833 = ORIENTED_EDGE('',*,*,#834,.T.);
#834 = EDGE_CURVE('',#818,#835,#837,.T.);
#835 = VERTEX_POINT('',#836);
#836 = CARTESIAN_POINT('',(5.541242832558,-9.537518168605,1.));
#837 = B_SPLINE_CURVE_WITH_KNOTS('',5,(#838,#839,#840,#841,#842,#843,
    #844,#845,#846,#847,#848,#849,#850,#851,#852,#853,#854,#855),
  .UNSPECIFIED.,.F.,.F.,(6,4,4,4,6),(0.,0.278519689392,0.524222250797,
    0.762106112295,1.),.UNSPECIFIED.);
#838 = CARTESIAN_POINT('',(7.8212891625,-10.31686046511,1.));
#839 = CARTESIAN_POINT('',(7.682280188629,-10.31686046511,1.));
#840 = CARTESIAN_POINT('',(7.543615574087,-10.31179628726,1.));
#841 = CARTESIAN_POINT('',(7.405543366537,-10.30129633387,1.));
#842 = CARTESIAN_POINT('',(7.268396293887,-10.28498065653,1.));
#843 = CARTESIAN_POINT('',(7.01276540206,-10.24274990313,1.));
#844 = CARTESIAN_POINT('',(6.893985497228,-10.21819230366,1.));
#845 = CARTESIAN_POINT('',(6.776524457094,-10.18866287338,1.));
#846 = CARTESIAN_POINT('',(6.660702764285,-10.15400101049,1.));
#847 = CARTESIAN_POINT('',(6.436636851293,-10.07557407587,1.));
#848 = CARTESIAN_POINT('',(6.328263787874,-10.03213211681,1.));
#849 = CARTESIAN_POINT('',(6.222051682726,-9.983780723238,1.));
#850 = CARTESIAN_POINT('',(6.118291880452,-9.930558816212,1.));
#851 = CARTESIAN_POINT('',(5.916189962892,-9.814670486733,1.));
#852 = CARTESIAN_POINT('',(5.817841885561,-9.752000116356,1.));
#853 = CARTESIAN_POINT('',(5.722458273544,-9.684752925105,1.));
#854 = CARTESIAN_POINT('',(5.630219585927,-9.613161083719,1.));
#855 = CARTESIAN_POINT('',(5.541242832558,-9.537518168605,1.));
#856 = ORIENTED_EDGE('',*,*,#857,.T.);
#857 = EDGE_CURVE('',#835,#858,#860,.T.);
#858 = VERTEX_POINT('',#859);
#859 = CARTESIAN_POINT('',(4.365961219186,-7.341569767442,1.));
#860 = B_SPLINE_CURVE_WITH_KNOTS('',5,(#861,#862,#863,#864,#865,#866,
    #867,#868,#869,#870,#871,#872,#873,#874,#875,#876,#877,#878),
  .UNSPECIFIED.,.F.,.F.,(6,4,4,4,6),(0.,0.119833436703,0.384588035775,
    0.658119609862,1.),.UNSPECIFIED.);
#861 = CARTESIAN_POINT('',(5.541242832558,-9.537518168605,1.));
#862 = CARTESIAN_POINT('',(5.495162020037,-9.498369170617,1.));
#863 = CARTESIAN_POINT('',(5.450029835853,-9.458135064166,1.));
#864 = CARTESIAN_POINT('',(5.405883971918,-9.416832824892,1.));
#865 = CARTESIAN_POINT('',(5.362757403722,-9.374485409475,1.));
#866 = CARTESIAN_POINT('',(5.227710912931,-9.235316051453,1.));
#867 = CARTESIAN_POINT('',(5.139851560656,-9.134544650594,1.));
#868 = CARTESIAN_POINT('',(5.05741680345,-9.029130892316,1.));
#869 = CARTESIAN_POINT('',(4.980547947879,-8.919496095568,1.));
#870 = CARTESIAN_POINT('',(4.83560372222,-8.688989894985,1.));
#871 = CARTESIAN_POINT('',(4.767899384422,-8.567858202394,1.));
#872 = CARTESIAN_POINT('',(4.706151114846,-8.443245434186,1.));
#873 = CARTESIAN_POINT('',(4.650189584234,-8.315670694997,1.));
#874 = CARTESIAN_POINT('',(4.536763550409,-8.023014982805,1.));
#875 = CARTESIAN_POINT('',(4.482418592057,-7.856529256897,1.));
#876 = CARTESIAN_POINT('',(4.436255820338,-7.687010809824,1.));
#877 = CARTESIAN_POINT('',(4.397638458283,-7.515186635461,1.));
#878 = CARTESIAN_POINT('',(4.365961219186,-7.341569767442,1.));
#879 = ORIENTED_EDGE('',*,*,#880,.F.);
#880 = EDGE_CURVE('',#881,#858,#883,.T.);
#881 = VERTEX_POINT('',#882);
#882 = CARTESIAN_POINT('',(5.776299155233,-7.074127906977,1.));
#883 = LINE('',#884,#885);
#884 = CARTESIAN_POINT('',(-1.194489962602,-8.395996065618,1.));
#885 = VECTOR('',#886,1.);
#886 = DIRECTION('',(-0.98249111826,-0.18630942687,4.136900308316E-17));
#887 = ORIENTED_EDGE('',*,*,#888,.T.);
#888 = EDGE_CURVE('',#881,#889,#891,.T.);
#889 = VERTEX_POINT('',#890);
#890 = CARTESIAN_POINT('',(6.481468123256,-8.62863372093,1.));
#891 = B_SPLINE_CURVE_WITH_KNOTS('',6,(#892,#893,#894,#895,#896,#897,
    #898,#899,#900,#901,#902,#903,#904,#905,#906,#907,#908),
  .UNSPECIFIED.,.F.,.F.,(7,5,5,7),(0.,0.485993420828,0.749189227195,1.),
  .UNSPECIFIED.);
#892 = CARTESIAN_POINT('',(5.776299155233,-7.074127906977,1.));
#893 = CARTESIAN_POINT('',(5.798244296318,-7.219258440024,1.));
#894 = CARTESIAN_POINT('',(5.82544638241,-7.362571921318,1.));
#895 = CARTESIAN_POINT('',(5.858458475426,-7.503674537335,1.));
#896 = CARTESIAN_POINT('',(5.89789977041,-7.641961711933,1.));
#897 = CARTESIAN_POINT('',(5.944434808423,-7.776627569013,1.));
#898 = CARTESIAN_POINT('',(6.028035520988,-7.977167873694,1.));
#899 = CARTESIAN_POINT('',(6.059659624645,-8.046270298445,1.));
#900 = CARTESIAN_POINT('',(6.093629447528,-8.113865288344,1.));
#901 = CARTESIAN_POINT('',(6.130027081479,-8.179774752918,1.));
#902 = CARTESIAN_POINT('',(6.168914288416,-8.243809103041,1.));
#903 = CARTESIAN_POINT('',(6.249779756637,-8.364825592871,1.));
#904 = CARTESIAN_POINT('',(6.291527645662,-8.421999697277,1.));
#905 = CARTESIAN_POINT('',(6.335588105028,-8.477126733061,1.));
#906 = CARTESIAN_POINT('',(6.381960540725,-8.530040270307,1.));
#907 = CARTESIAN_POINT('',(6.430611921912,-8.580586719279,1.));
#908 = CARTESIAN_POINT('',(6.481468123256,-8.62863372093,1.));
#909 = ORIENTED_EDGE('',*,*,#910,.T.);
#910 = EDGE_CURVE('',#889,#911,#913,.T.);
#911 = VERTEX_POINT('',#912);
#912 = CARTESIAN_POINT('',(7.852630005523,-9.146802325581,1.));
#913 = B_SPLINE_CURVE_WITH_KNOTS('',5,(#914,#915,#916,#917,#918,#919,
    #920,#921,#922,#923,#924,#925,#926,#927),.UNSPECIFIED.,.F.,.F.,(6,4,
    4,6),(0.,0.339089235256,0.772110361435,1.),.UNSPECIFIED.);
#914 = CARTESIAN_POINT('',(6.481468123256,-8.62863372093,1.));
#915 = CARTESIAN_POINT('',(6.555675799662,-8.69874230664,1.));
#916 = CARTESIAN_POINT('',(6.633933233703,-8.763784074845,1.));
#917 = CARTESIAN_POINT('',(6.716137120506,-8.823224152679,1.));
#918 = CARTESIAN_POINT('',(6.802054291546,-8.876641148354,1.));
#919 = CARTESIAN_POINT('',(7.005184610699,-8.98405823063,1.));
#920 = CARTESIAN_POINT('',(7.124508826099,-9.034138976566,1.));
#921 = CARTESIAN_POINT('',(7.248341179248,-9.073576502064,1.));
#922 = CARTESIAN_POINT('',(7.375654540464,-9.102638528504,1.));
#923 = CARTESIAN_POINT('',(7.573744988216,-9.132113882414,1.));
#924 = CARTESIAN_POINT('',(7.642743022824,-9.139578233563,1.));
#925 = CARTESIAN_POINT('',(7.712300154846,-9.144435293131,1.));
#926 = CARTESIAN_POINT('',(7.782296225572,-9.146802325581,1.));
#927 = CARTESIAN_POINT('',(7.852630005523,-9.146802325581,1.));
#928 = ORIENTED_EDGE('',*,*,#929,.T.);
#929 = EDGE_CURVE('',#911,#930,#932,.T.);
#930 = VERTEX_POINT('',#931);
#931 = CARTESIAN_POINT('',(9.208121466279,-8.635424236919,1.));
#932 = B_SPLINE_CURVE_WITH_KNOTS('',5,(#933,#934,#935,#936,#937,#938,
    #939,#940,#941,#942,#943,#944,#945,#946,#947,#948,#949,#950),
  .UNSPECIFIED.,.F.,.F.,(6,4,4,4,6),(0.,0.257049188198,0.492118361638,
    0.72139307436,1.),.UNSPECIFIED.);
#933 = CARTESIAN_POINT('',(7.852630005523,-9.146802325581,1.));
#934 = CARTESIAN_POINT('',(7.93158985945,-9.146802325581,1.));
#935 = CARTESIAN_POINT('',(8.010090578807,-9.143913432139,1.));
#936 = CARTESIAN_POINT('',(8.087989885234,-9.137950625814,1.));
#937 = CARTESIAN_POINT('',(8.165110576685,-9.128730380978,1.));
#938 = CARTESIAN_POINT('',(8.310876558923,-9.104562755444,1.));
#939 = CARTESIAN_POINT('',(8.379683468283,-9.090172412838,1.));
#940 = CARTESIAN_POINT('',(8.44751088643,-9.072825149173,1.));
#941 = CARTESIAN_POINT('',(8.514186970557,-9.052437335114,1.));
#942 = CARTESIAN_POINT('',(8.643276114634,-9.006102496598,1.));
#943 = CARTESIAN_POINT('',(8.705756094395,-8.980304087059,1.));
#944 = CARTESIAN_POINT('',(8.76681242536,-8.951559946532,1.));
#945 = CARTESIAN_POINT('',(8.826295116724,-8.919890341886,1.));
#946 = CARTESIAN_POINT('',(8.954286248092,-8.843428823961,1.));
#947 = CARTESIAN_POINT('',(9.021988401375,-8.797276333074,1.));
#948 = CARTESIAN_POINT('',(9.086944441604,-8.747055577293,1.));
#949 = CARTESIAN_POINT('',(9.149012399734,-8.693004113682,1.));
#950 = CARTESIAN_POINT('',(9.208121466279,-8.635424236919,1.));
#951 = ORIENTED_EDGE('',*,*,#952,.T.);
#952 = EDGE_CURVE('',#930,#953,#955,.T.);
#953 = VERTEX_POINT('',#954);
#954 = CARTESIAN_POINT('',(9.733080586919,-7.346270893895,1.));
#955 = B_SPLINE_CURVE_WITH_KNOTS('',5,(#956,#957,#958,#959,#960,#961,
    #962,#963,#964,#965,#966,#967,#968,#969),.UNSPECIFIED.,.F.,.F.,(6,4,
    4,6),(0.,0.396423979523,0.794854376028,1.),.UNSPECIFIED.);
#956 = CARTESIAN_POINT('',(9.208121466279,-8.635424236919,1.));
#957 = CARTESIAN_POINT('',(9.290102304437,-8.55564586904,1.));
#958 = CARTESIAN_POINT('',(9.365512309703,-8.470398534947,1.));
#959 = CARTESIAN_POINT('',(9.43342217995,-8.379759278946,1.));
#960 = CARTESIAN_POINT('',(9.493068047288,-8.284040220904,1.));
#961 = CARTESIAN_POINT('',(9.595380823464,-8.083351080505,1.));
#962 = CARTESIAN_POINT('',(9.637977193542,-7.978303425846,1.));
#963 = CARTESIAN_POINT('',(9.67151307975,-7.869519248703,1.));
#964 = CARTESIAN_POINT('',(9.696189598078,-7.757812446546,1.));
#965 = CARTESIAN_POINT('',(9.720898108329,-7.585387549121,1.));
#966 = CARTESIAN_POINT('',(9.727079186064,-7.526216274357,1.));
#967 = CARTESIAN_POINT('',(9.73111102241,-7.466580388916,1.));
#968 = CARTESIAN_POINT('',(9.733080586919,-7.406572121667,1.));
#969 = CARTESIAN_POINT('',(9.733080586919,-7.346270893895,1.));
#970 = ORIENTED_EDGE('',*,*,#971,.T.);
#971 = EDGE_CURVE('',#953,#972,#974,.T.);
#972 = VERTEX_POINT('',#973);
#973 = CARTESIAN_POINT('',(9.012241197384,-5.892055777616,1.));
#974 = B_SPLINE_CURVE_WITH_KNOTS('',5,(#975,#976,#977,#978,#979,#980,
    #981,#982,#983,#984,#985,#986,#987,#988,#989,#990,#991,#992),
  .UNSPECIFIED.,.F.,.F.,(6,4,4,4,6),(0.,0.250263866449,0.383195526924,
    0.651609814576,1.),.UNSPECIFIED.);
#975 = CARTESIAN_POINT('',(9.733080586919,-7.346270893895,1.));
#976 = CARTESIAN_POINT('',(9.733080586919,-7.258324112052,1.));
#977 = CARTESIAN_POINT('',(9.729470719858,-7.170904946041,1.));
#978 = CARTESIAN_POINT('',(9.721919142482,-7.08422908065,1.));
#979 = CARTESIAN_POINT('',(9.710065457946,-6.99860584058,1.));
#980 = CARTESIAN_POINT('',(9.684869887462,-6.869698335983,1.));
#981 = CARTESIAN_POINT('',(9.674831731496,-6.825385043581,1.));
#982 = CARTESIAN_POINT('',(9.663450311674,-6.781535674566,1.));
#983 = CARTESIAN_POINT('',(9.650688951887,-6.738213682254,1.));
#984 = CARTESIAN_POINT('',(9.607909666787,-6.60921416588,1.));
#985 = CARTESIAN_POINT('',(9.573556402149,-6.525354107137,1.));
#986 = CARTESIAN_POINT('',(9.533249861093,-6.444500000002,1.));
#987 = CARTESIAN_POINT('',(9.486973569646,-6.367213308156,1.));
#988 = CARTESIAN_POINT('',(9.367656045241,-6.198841589407,1.));
#989 = CARTESIAN_POINT('',(9.290716723271,-6.110462808407,1.));
#990 = CARTESIAN_POINT('',(9.204945001589,-6.029831412553,1.));
#991 = CARTESIAN_POINT('',(9.11165309386,-5.957105735963,1.));
#992 = CARTESIAN_POINT('',(9.012241197384,-5.892055777616,1.));
#993 = ORIENTED_EDGE('',*,*,#994,.T.);
#994 = EDGE_CURVE('',#972,#995,#997,.T.);
#995 = VERTEX_POINT('',#996);
#996 = CARTESIAN_POINT('',(7.39035257093,-5.420376090116,1.));
#997 = B_SPLINE_CURVE_WITH_KNOTS('',6,(#998,#999,#1000,#1001,#1002,#1003
    ,#1004,#1005,#1006,#1007,#1008,#1009),.UNSPECIFIED.,.F.,.F.,(7,5,7),
  (0.,0.360295666197,1.),.UNSPECIFIED.);
#998 = CARTESIAN_POINT('',(9.012241197384,-5.892055777616,1.));
#999 = CARTESIAN_POINT('',(8.926012534765,-5.835632239685,1.));
#1000 = CARTESIAN_POINT('',(8.837655564151,-5.782878178214,1.));
#1001 = CARTESIAN_POINT('',(8.747261329953,-5.733981162899,1.));
#1002 = CARTESIAN_POINT('',(8.654946219154,-5.689095650849,1.));
#1003 = CARTESIAN_POINT('',(8.560855311418,-5.648335933783,1.));
#1004 = CARTESIAN_POINT('',(8.295269041046,-5.546844708714,1.));
#1005 = CARTESIAN_POINT('',(8.120288541468,-5.495121000076,1.));
#1006 = CARTESIAN_POINT('',(7.941269239452,-5.45700965107,1.));
#1007 = CARTESIAN_POINT('',(7.759269900858,-5.432301429904,1.));
#1008 = CARTESIAN_POINT('',(7.575314932731,-5.420376090116,1.));
#1009 = CARTESIAN_POINT('',(7.39035257093,-5.420376090116,1.));
#1010 = ORIENTED_EDGE('',*,*,#1011,.T.);
#1011 = EDGE_CURVE('',#995,#1012,#1014,.T.);
#1012 = VERTEX_POINT('',#1013);
#1013 = CARTESIAN_POINT('',(7.163131459012,-5.436046511628,1.));
#1014 = B_SPLINE_CURVE_WITH_KNOTS('',5,(#1015,#1016,#1017,#1018,#1019,
    #1020),.UNSPECIFIED.,.F.,.F.,(6,6),(0.,1.),
  .PIECEWISE_BEZIER_KNOTS.);
#1015 = CARTESIAN_POINT('',(7.39035257093,-5.420376090116,1.));
#1016 = CARTESIAN_POINT('',(7.355491537039,-5.420376090116,1.));
#1017 = CARTESIAN_POINT('',(7.315184019402,-5.421978432312,1.));
#1018 = CARTESIAN_POINT('',(7.269568064156,-5.425153366372,1.));
#1019 = CARTESIAN_POINT('',(7.218818825609,-5.42985902645,1.));
#1020 = CARTESIAN_POINT('',(7.163131459012,-5.436046511628,1.));
#1021 = ORIENTED_EDGE('',*,*,#1022,.F.);
#1022 = EDGE_CURVE('',#1023,#1012,#1025,.T.);
#1023 = VERTEX_POINT('',#1024);
#1024 = CARTESIAN_POINT('',(7.006427243895,-4.199127906977,1.));
#1025 = LINE('',#1026,#1027);
#1026 = CARTESIAN_POINT('',(5.82180600831,5.151482379243,1.));
#1027 = VECTOR('',#1028,1.);
#1028 = DIRECTION('',(0.125684576001,-0.992070253236,2.202838474376E-16)
  );
#1029 = ORIENTED_EDGE('',*,*,#1030,.T.);
#1030 = EDGE_CURVE('',#1023,#1031,#1033,.T.);
#1031 = VERTEX_POINT('',#1032);
#1032 = CARTESIAN_POINT('',(8.001499009884,-4.355832122093,1.));
#1033 = B_SPLINE_CURVE_WITH_KNOTS('',6,(#1034,#1035,#1036,#1037,#1038,
    #1039,#1040),.UNSPECIFIED.,.F.,.F.,(7,7),(0.,1.),
  .PIECEWISE_BEZIER_KNOTS.);
#1034 = CARTESIAN_POINT('',(7.006427243895,-4.199127906977,1.));
#1035 = CARTESIAN_POINT('',(7.184628919206,-4.24602308469,1.));
#1036 = CARTESIAN_POINT('',(7.359394977536,-4.286363941537,1.));
#1037 = CARTESIAN_POINT('',(7.530061045166,-4.319131030214,1.));
#1038 = CARTESIAN_POINT('',(7.695337012255,-4.342899463647,1.));
#1039 = CARTESIAN_POINT('',(7.853300838459,-4.355832122093,1.));
#1040 = CARTESIAN_POINT('',(8.001499009884,-4.355832122093,1.));
#1041 = ORIENTED_EDGE('',*,*,#1042,.T.);
#1042 = EDGE_CURVE('',#1031,#1043,#1045,.T.);
#1043 = VERTEX_POINT('',#1044);
#1044 = CARTESIAN_POINT('',(9.615552425581,-3.724314135174,1.));
#1045 = B_SPLINE_CURVE_WITH_KNOTS('',5,(#1046,#1047,#1048,#1049,#1050,
    #1051,#1052,#1053,#1054,#1055,#1056,#1057,#1058,#1059),
  .UNSPECIFIED.,.F.,.F.,(6,4,4,6),(0.,0.231307456909,0.657643777375,1.),
  .UNSPECIFIED.);
#1046 = CARTESIAN_POINT('',(8.001499009884,-4.355832122093,1.));
#1047 = CARTESIAN_POINT('',(8.085664690579,-4.355832122093,1.));
#1048 = CARTESIAN_POINT('',(8.169501542518,-4.352917230578,1.));
#1049 = CARTESIAN_POINT('',(8.252876625325,-4.346912906295,1.));
#1050 = CARTESIAN_POINT('',(8.335625194344,-4.337648286573,1.));
#1051 = CARTESIAN_POINT('',(8.568568901698,-4.301653516789,1.));
#1052 = CARTESIAN_POINT('',(8.716854303121,-4.266775648213,1.));
#1053 = CARTESIAN_POINT('',(8.861095481734,-4.219516355478,1.));
#1054 = CARTESIAN_POINT('',(8.999909800247,-4.15949020896,1.));
#1055 = CARTESIAN_POINT('',(9.238222533999,-4.029458435827,1.));
#1056 = CARTESIAN_POINT('',(9.340112558895,-3.963729724521,1.));
#1057 = CARTESIAN_POINT('',(9.437137077102,-3.890516395887,1.));
#1058 = CARTESIAN_POINT('',(9.528987205969,-3.810451872221,1.));
#1059 = CARTESIAN_POINT('',(9.615552425581,-3.724314135174,1.));
#1060 = ORIENTED_EDGE('',*,*,#1061,.T.);
#1061 = EDGE_CURVE('',#1043,#1062,#1064,.T.);
#1062 = VERTEX_POINT('',#1063);
#1063 = CARTESIAN_POINT('',(10.250204496802,-2.120185319767,1.));
#1064 = B_SPLINE_CURVE_WITH_KNOTS('',5,(#1065,#1066,#1067,#1068,#1069,
    #1070,#1071,#1072,#1073,#1074,#1075,#1076,#1077,#1078),
  .UNSPECIFIED.,.F.,.F.,(6,4,4,6),(0.,0.355715511892,0.774242967647,1.),
  .UNSPECIFIED.);
#1065 = CARTESIAN_POINT('',(9.615552425581,-3.724314135174,1.));
#1066 = CARTESIAN_POINT('',(9.70520140683,-3.635107864944,1.));
#1067 = CARTESIAN_POINT('',(9.788361554814,-3.540228936317,1.));
#1068 = CARTESIAN_POINT('',(9.864149587179,-3.439785101872,1.));
#1069 = CARTESIAN_POINT('',(9.931839871088,-3.334111211577,1.));
#1070 = CARTESIAN_POINT('',(10.060743107769,-3.094242126214,1.));
#1071 = CARTESIAN_POINT('',(10.11872881499,-2.958254644662,1.));
#1072 = CARTESIAN_POINT('',(10.16438871874,-2.817096258911,1.));
#1073 = CARTESIAN_POINT('',(10.198080264656,-2.672074248662,1.));
#1074 = CARTESIAN_POINT('',(10.232738348924,-2.444803636574,1.));
#1075 = CARTESIAN_POINT('',(10.241632366559,-2.364394438875,1.));
#1076 = CARTESIAN_POINT('',(10.247401494677,-2.283389993098,1.));
#1077 = CARTESIAN_POINT('',(10.250204496802,-2.201945022197,1.));
#1078 = CARTESIAN_POINT('',(10.250204496802,-2.120185319767,1.));
#1079 = ORIENTED_EDGE('',*,*,#1080,.T.);
#1080 = EDGE_CURVE('',#1062,#1081,#1083,.T.);
#1081 = VERTEX_POINT('',#1082);
#1082 = CARTESIAN_POINT('',(9.564362381977,-0.409497638081,1.));
#1083 = B_SPLINE_CURVE_WITH_KNOTS('',5,(#1084,#1085,#1086,#1087,#1088,
    #1089,#1090,#1091,#1092,#1093,#1094,#1095,#1096,#1097),
  .UNSPECIFIED.,.F.,.F.,(6,4,4,6),(0.,0.199090405936,0.584255526642,1.),
  .UNSPECIFIED.);
#1084 = CARTESIAN_POINT('',(10.250204496802,-2.120185319767,1.));
#1085 = CARTESIAN_POINT('',(10.250204496802,-2.043607688285,1.));
#1086 = CARTESIAN_POINT('',(10.247789097555,-1.967254678153,1.));
#1087 = CARTESIAN_POINT('',(10.242840336819,-1.891223183444,1.));
#1088 = CARTESIAN_POINT('',(10.235246841645,-1.815628235989,1.));
#1089 = CARTESIAN_POINT('',(10.204946175856,-1.595449359597,1.));
#1090 = CARTESIAN_POINT('',(10.174741777119,-1.45238676968,1.));
#1091 = CARTESIAN_POINT('',(10.133682162502,-1.312438905594,1.));
#1092 = CARTESIAN_POINT('',(10.081506657082,-1.176666239886,1.));
#1093 = CARTESIAN_POINT('',(9.950888118656,-0.90503879324,1.));
#1094 = CARTESIAN_POINT('',(9.870660279731,-0.76997493562,1.));
#1095 = CARTESIAN_POINT('',(9.778592241722,-0.642085643984,1.));
#1096 = CARTESIAN_POINT('',(9.675986442749,-0.521886829506,1.));
#1097 = CARTESIAN_POINT('',(9.564362381977,-0.409497638081,1.));
#1098 = ORIENTED_EDGE('',*,*,#1099,.T.);
#1099 = EDGE_CURVE('',#1081,#1100,#1102,.T.);
#1100 = VERTEX_POINT('',#1101);
#1101 = CARTESIAN_POINT('',(7.883970848546,0.280523255814,1.));
#1102 = B_SPLINE_CURVE_WITH_KNOTS('',5,(#1103,#1104,#1105,#1106,#1107,
    #1108,#1109,#1110,#1111,#1112,#1113,#1114,#1115,#1116,#1117,#1118,
    #1119,#1120),.UNSPECIFIED.,.F.,.F.,(6,4,4,4,6),(0.,0.233322894486,
    0.459395398827,0.818628189151,1.),.UNSPECIFIED.);
#1103 = CARTESIAN_POINT('',(9.564362381977,-0.409497638081,1.));
#1104 = CARTESIAN_POINT('',(9.502402216315,-0.347112440796,1.));
#1105 = CARTESIAN_POINT('',(9.438085940224,-0.287473527651,1.));
#1106 = CARTESIAN_POINT('',(9.371412019196,-0.230834572393,1.));
#1107 = CARTESIAN_POINT('',(9.30241992262,-0.177447658361,1.));
#1108 = CARTESIAN_POINT('',(9.162224649906,-7.915994374207E-02,1.));
#1109 = CARTESIAN_POINT('',(9.091153919615,-3.404490886698E-02,1.));
#1110 = CARTESIAN_POINT('',(9.018103303949,7.618467554813E-03,1.));
#1111 = CARTESIAN_POINT('',(8.943212180421,4.568069077709E-02,1.));
#1112 = CARTESIAN_POINT('',(8.745040031585,0.134683301041,1.));
#1113 = CARTESIAN_POINT('',(8.619216329124,0.180014096189,1.));
#1114 = CARTESIAN_POINT('',(8.489981328124,0.215691293285,1.));
#1115 = CARTESIAN_POINT('',(8.358180583709,0.241906686491,1.));
#1116 = CARTESIAN_POINT('',(8.15721900734,0.267854666234,1.));
#1117 = CARTESIAN_POINT('',(8.089347337437,0.274273685153,1.));
#1118 = CARTESIAN_POINT('',(8.021125105567,0.278469400444,1.));
#1119 = CARTESIAN_POINT('',(7.952640808947,0.280523255814,1.));
#1120 = CARTESIAN_POINT('',(7.883970848546,0.280523255814,1.));
#1121 = ORIENTED_EDGE('',*,*,#1122,.T.);
#1122 = EDGE_CURVE('',#1100,#1123,#1125,.T.);
#1123 = VERTEX_POINT('',#1124);
#1124 = CARTESIAN_POINT('',(6.461618922674,-0.244435864826,1.));
#1125 = B_SPLINE_CURVE_WITH_KNOTS('',5,(#1126,#1127,#1128,#1129,#1130,
    #1131,#1132,#1133,#1134,#1135,#1136,#1137,#1138,#1139),
  .UNSPECIFIED.,.F.,.F.,(6,4,4,6),(0.,0.213244000672,0.630894192003,1.),
  .UNSPECIFIED.);
#1126 = CARTESIAN_POINT('',(7.883970848546,0.280523255814,1.));
#1127 = CARTESIAN_POINT('',(7.81632689947,0.280523255814,1.));
#1128 = CARTESIAN_POINT('',(7.748954318216,0.278387272779,1.));
#1129 = CARTESIAN_POINT('',(7.68193614261,0.274018953001,1.));
#1130 = CARTESIAN_POINT('',(7.615368556415,0.267328484358,1.));
#1131 = CARTESIAN_POINT('',(7.42007391619,0.240457719074,1.));
#1132 = CARTESIAN_POINT('',(7.292901846292,0.213490479528,1.));
#1133 = CARTESIAN_POINT('',(7.168707670563,0.176822611021,1.));
#1134 = CARTESIAN_POINT('',(7.048366607254,0.130245259109,1.));
#1135 = CARTESIAN_POINT('',(6.830408519488,2.456841229848E-02,1.));
#1136 = CARTESIAN_POINT('',(6.73175139874,-3.245824237638E-02,1.));
#1137 = CARTESIAN_POINT('',(6.637229700309,-9.667618778393E-02,1.));
#1138 = CARTESIAN_POINT('',(6.547140423157,-0.167558308488,1.));
#1139 = CARTESIAN_POINT('',(6.461618922674,-0.244435864826,1.));
#1140 = ORIENTED_EDGE('',*,*,#1141,.T.);
#1141 = EDGE_CURVE('',#1123,#609,#1142,.T.);
#1142 = B_SPLINE_CURVE_WITH_KNOTS('',5,(#1143,#1144,#1145,#1146,#1147,
    #1148,#1149,#1150,#1151,#1152,#1153,#1154,#1155,#1156,#1157,#1158,
    #1159,#1160),.UNSPECIFIED.,.F.,.F.,(6,4,4,4,6),(0.,0.202084901685,
    0.416045518717,0.654766008115,1.),.UNSPECIFIED.);
#1143 = CARTESIAN_POINT('',(6.461618922674,-0.244435864826,1.));
#1144 = CARTESIAN_POINT('',(6.406341207273,-0.294170962389,1.));
#1145 = CARTESIAN_POINT('',(6.353542103425,-0.347125402315,1.));
#1146 = CARTESIAN_POINT('',(6.303280031352,-0.403021761868,1.));
#1147 = CARTESIAN_POINT('',(6.255531303826,-0.461556753213,1.));
#1148 = CARTESIAN_POINT('',(6.162271972823,-0.586920216243,1.));
#1149 = CARTESIAN_POINT('',(6.117057818489,-0.654033889751,1.));
#1150 = CARTESIAN_POINT('',(6.074510099588,-0.723460841558,1.));
#1151 = CARTESIAN_POINT('',(6.034502772031,-0.794898570358,1.));
#1152 = CARTESIAN_POINT('',(5.954942756356,-0.949775167182,1.));
#1153 = CARTESIAN_POINT('',(5.915980074457,-1.033642834279,1.));
#1154 = CARTESIAN_POINT('',(5.879816998817,-1.119364289029,1.));
#1155 = CARTESIAN_POINT('',(5.846255746734,-1.206658774023,1.));
#1156 = CARTESIAN_POINT('',(5.770069364955,-1.423529909762,1.));
#1157 = CARTESIAN_POINT('',(5.730085630943,-1.554581121329,1.));
#1158 = CARTESIAN_POINT('',(5.694593774176,-1.687836922739,1.));
#1159 = CARTESIAN_POINT('',(5.663120742,-1.822840913779,1.));
#1160 = CARTESIAN_POINT('',(5.635265361628,-1.959302325581,1.));
#1161 = PLANE('',#1162);
#1162 = AXIS2_PLACEMENT_3D('',#1163,#1164,#1165);
#1163 = CARTESIAN_POINT('',(-12.35,12.35,1.));
#1164 = DIRECTION('',(0.,2.22044604925E-16,1.));
#1165 = DIRECTION('',(0.,-1.,2.22044604925E-16));
#1166 = ADVANCED_FACE('',(#1167),#1178,.F.);
#1167 = FACE_BOUND('',#1168,.F.);
#1168 = EDGE_LOOP('',(#1169,#1170,#1171,#1177));
#1169 = ORIENTED_EDGE('',*,*,#31,.F.);
#1170 = ORIENTED_EDGE('',*,*,#61,.T.);
#1171 = ORIENTED_EDGE('',*,*,#1172,.T.);
#1172 = EDGE_CURVE('',#62,#128,#1173,.T.);
#1173 = LINE('',#1174,#1175);
#1174 = CARTESIAN_POINT('',(12.35,12.35,-102.3));
#1175 = VECTOR('',#1176,1.);
#1176 = DIRECTION('',(0.,2.22044604925E-16,1.));
#1177 = ORIENTED_EDGE('',*,*,#127,.F.);
#1178 = PLANE('',#1179);
#1179 = AXIS2_PLACEMENT_3D('',#1180,#1181,#1182);
#1180 = CARTESIAN_POINT('',(-12.35,12.35,7.105427357601E-15));
#1181 = DIRECTION('',(0.,-1.,2.22044604925E-16));
#1182 = DIRECTION('',(1.,0.,0.));
#1183 = ADVANCED_FACE('',(#1184),#1190,.T.);
#1184 = FACE_BOUND('',#1185,.T.);
#1185 = EDGE_LOOP('',(#1186,#1187,#1188,#1189));
#1186 = ORIENTED_EDGE('',*,*,#103,.F.);
#1187 = ORIENTED_EDGE('',*,*,#78,.T.);
#1188 = ORIENTED_EDGE('',*,*,#1172,.T.);
#1189 = ORIENTED_EDGE('',*,*,#137,.F.);
#1190 = PLANE('',#1191);
#1191 = AXIS2_PLACEMENT_3D('',#1192,#1193,#1194);
#1192 = CARTESIAN_POINT('',(12.35,27.65,-204.6));
#1193 = DIRECTION('',(1.,0.,0.));
#1194 = DIRECTION('',(0.,-1.,2.22044604925E-16));
#1195 = ADVANCED_FACE('',(#1196),#1207,.F.);
#1196 = FACE_BOUND('',#1197,.F.);
#1197 = EDGE_LOOP('',(#1198,#1199,#1205,#1206));
#1198 = ORIENTED_EDGE('',*,*,#145,.F.);
#1199 = ORIENTED_EDGE('',*,*,#1200,.F.);
#1200 = EDGE_CURVE('',#87,#146,#1201,.T.);
#1201 = LINE('',#1202,#1203);
#1202 = CARTESIAN_POINT('',(-7.65,5.95,-14.1));
#1203 = VECTOR('',#1204,1.);
#1204 = DIRECTION('',(0.,2.22044604925E-16,1.));
#1205 = ORIENTED_EDGE('',*,*,#86,.T.);
#1206 = ORIENTED_EDGE('',*,*,#1200,.T.);
#1207 = CYLINDRICAL_SURFACE('',#1208,1.7);
#1208 = AXIS2_PLACEMENT_3D('',#1209,#1210,#1211);
#1209 = CARTESIAN_POINT('',(-7.65,7.65,-14.1));
#1210 = DIRECTION('',(0.,2.22044604925E-16,1.));
#1211 = DIRECTION('',(0.,-1.,2.22044604925E-16));
#1212 = ADVANCED_FACE('',(#1213),#1238,.F.);
#1213 = FACE_BOUND('',#1214,.F.);
#1214 = EDGE_LOOP('',(#1215,#1216,#1224,#1232));
#1215 = ORIENTED_EDGE('',*,*,#156,.F.);
#1216 = ORIENTED_EDGE('',*,*,#1217,.T.);
#1217 = EDGE_CURVE('',#157,#1218,#1220,.T.);
#1218 = VERTEX_POINT('',#1219);
#1219 = CARTESIAN_POINT('',(1.384402352907,-2.780954760174,0.4));
#1220 = LINE('',#1221,#1222);
#1221 = CARTESIAN_POINT('',(1.384402352907,-2.780954760174,1.6));
#1222 = VECTOR('',#1223,1.);
#1223 = DIRECTION('',(0.,-4.440892098501E-16,-1.));
#1224 = ORIENTED_EDGE('',*,*,#1225,.T.);
#1225 = EDGE_CURVE('',#1218,#1226,#1228,.T.);
#1226 = VERTEX_POINT('',#1227);
#1227 = CARTESIAN_POINT('',(2.904433239535,-2.396507085756,0.4));
#1228 = LINE('',#1229,#1230);
#1229 = CARTESIAN_POINT('',(1.384402352907,-2.780954760174,0.4));
#1230 = VECTOR('',#1231,1.);
#1231 = DIRECTION('',(0.969472534993,0.245199926376,-1.088906415597E-16)
  );
#1232 = ORIENTED_EDGE('',*,*,#1233,.F.);
#1233 = EDGE_CURVE('',#159,#1226,#1234,.T.);
#1234 = LINE('',#1235,#1236);
#1235 = CARTESIAN_POINT('',(2.904433239535,-2.396507085756,1.6));
#1236 = VECTOR('',#1237,1.);
#1237 = DIRECTION('',(0.,-4.440892098501E-16,-1.));
#1238 = PLANE('',#1239);
#1239 = AXIS2_PLACEMENT_3D('',#1240,#1241,#1242);
#1240 = CARTESIAN_POINT('',(1.384402352907,-2.780954760174,1.6));
#1241 = DIRECTION('',(0.245199926376,-0.969472534993,4.305322920362E-16)
  );
#1242 = DIRECTION('',(0.969472534993,0.245199926376,-1.088906415597E-16)
  );
#1243 = ADVANCED_FACE('',(#1244),#1262,.F.);
#1244 = FACE_BOUND('',#1245,.F.);
#1245 = EDGE_LOOP('',(#1246,#1247,#1248,#1256));
#1246 = ORIENTED_EDGE('',*,*,#579,.T.);
#1247 = ORIENTED_EDGE('',*,*,#1233,.T.);
#1248 = ORIENTED_EDGE('',*,*,#1249,.T.);
#1249 = EDGE_CURVE('',#1226,#1250,#1252,.T.);
#1250 = VERTEX_POINT('',#1251);
#1251 = CARTESIAN_POINT('',(1.184343304942,0.465434229651,0.4));
#1252 = B_SPLINE_CURVE_WITH_KNOTS('',2,(#1253,#1254,#1255),
  .UNSPECIFIED.,.F.,.F.,(3,3),(0.,1.),.PIECEWISE_BEZIER_KNOTS.);
#1253 = CARTESIAN_POINT('',(2.904433239535,-2.396507085756,0.4));
#1254 = CARTESIAN_POINT('',(2.42648538343,-0.52023528343,0.4));
#1255 = CARTESIAN_POINT('',(1.184343304942,0.465434229651,0.4));
#1256 = ORIENTED_EDGE('',*,*,#1257,.F.);
#1257 = EDGE_CURVE('',#557,#1250,#1258,.T.);
#1258 = LINE('',#1259,#1260);
#1259 = CARTESIAN_POINT('',(1.184343304942,0.465434229651,1.6));
#1260 = VECTOR('',#1261,1.);
#1261 = DIRECTION('',(0.,-4.440892098501E-16,-1.));
#1262 = SURFACE_OF_LINEAR_EXTRUSION('',#1263,#1267);
#1263 = B_SPLINE_CURVE_WITH_KNOTS('',2,(#1264,#1265,#1266),
  .UNSPECIFIED.,.F.,.F.,(3,3),(0.,1.),.PIECEWISE_BEZIER_KNOTS.);
#1264 = CARTESIAN_POINT('',(2.904433239535,-2.396507085756,1.6));
#1265 = CARTESIAN_POINT('',(2.42648538343,-0.52023528343,1.6));
#1266 = CARTESIAN_POINT('',(1.184343304942,0.465434229651,1.6));
#1267 = VECTOR('',#1268,1.);
#1268 = DIRECTION('',(-0.,4.440892098501E-16,1.));
#1269 = ADVANCED_FACE('',(#1270),#1288,.F.);
#1270 = FACE_BOUND('',#1271,.F.);
#1271 = EDGE_LOOP('',(#1272,#1273,#1274,#1282));
#1272 = ORIENTED_EDGE('',*,*,#556,.T.);
#1273 = ORIENTED_EDGE('',*,*,#1257,.T.);
#1274 = ORIENTED_EDGE('',*,*,#1275,.T.);
#1275 = EDGE_CURVE('',#1250,#1276,#1278,.T.);
#1276 = VERTEX_POINT('',#1277);
#1277 = CARTESIAN_POINT('',(-1.851539689244,1.450581395349,0.4));
#1278 = B_SPLINE_CURVE_WITH_KNOTS('',2,(#1279,#1280,#1281),
  .UNSPECIFIED.,.F.,.F.,(3,3),(0.,1.),.PIECEWISE_BEZIER_KNOTS.);
#1279 = CARTESIAN_POINT('',(1.184343304942,0.465434229651,0.4));
#1280 = CARTESIAN_POINT('',(-5.727642616282E-02,1.450581395349,0.4));
#1281 = CARTESIAN_POINT('',(-1.851539689244,1.450581395349,0.4));
#1282 = ORIENTED_EDGE('',*,*,#1283,.F.);
#1283 = EDGE_CURVE('',#534,#1276,#1284,.T.);
#1284 = LINE('',#1285,#1286);
#1285 = CARTESIAN_POINT('',(-1.851539689244,1.450581395349,1.6));
#1286 = VECTOR('',#1287,1.);
#1287 = DIRECTION('',(0.,-4.440892098501E-16,-1.));
#1288 = SURFACE_OF_LINEAR_EXTRUSION('',#1289,#1293);
#1289 = B_SPLINE_CURVE_WITH_KNOTS('',2,(#1290,#1291,#1292),
  .UNSPECIFIED.,.F.,.F.,(3,3),(0.,1.),.PIECEWISE_BEZIER_KNOTS.);
#1290 = CARTESIAN_POINT('',(1.184343304942,0.465434229651,1.6));
#1291 = CARTESIAN_POINT('',(-5.727642616282E-02,1.450581395349,1.6));
#1292 = CARTESIAN_POINT('',(-1.851539689244,1.450581395349,1.6));
#1293 = VECTOR('',#1294,1.);
#1294 = DIRECTION('',(-0.,4.440892098501E-16,1.));
#1295 = ADVANCED_FACE('',(#1296),#1314,.F.);
#1296 = FACE_BOUND('',#1297,.F.);
#1297 = EDGE_LOOP('',(#1298,#1299,#1300,#1308));
#1298 = ORIENTED_EDGE('',*,*,#533,.T.);
#1299 = ORIENTED_EDGE('',*,*,#1283,.T.);
#1300 = ORIENTED_EDGE('',*,*,#1301,.T.);
#1301 = EDGE_CURVE('',#1276,#1302,#1304,.T.);
#1302 = VERTEX_POINT('',#1303);
#1303 = CARTESIAN_POINT('',(-4.872274609302,0.693177688953,0.4));
#1304 = B_SPLINE_CURVE_WITH_KNOTS('',2,(#1305,#1306,#1307),
  .UNSPECIFIED.,.F.,.F.,(3,3),(0.,1.),.PIECEWISE_BEZIER_KNOTS.);
#1305 = CARTESIAN_POINT('',(-1.851539689244,1.450581395349,0.4));
#1306 = CARTESIAN_POINT('',(-3.708484638372,1.450581395349,0.4));
#1307 = CARTESIAN_POINT('',(-4.872274609302,0.693177688953,0.4));
#1308 = ORIENTED_EDGE('',*,*,#1309,.F.);
#1309 = EDGE_CURVE('',#512,#1302,#1310,.T.);
#1310 = LINE('',#1311,#1312);
#1311 = CARTESIAN_POINT('',(-4.872274609302,0.693177688953,1.6));
#1312 = VECTOR('',#1313,1.);
#1313 = DIRECTION('',(0.,-4.440892098501E-16,-1.));
#1314 = SURFACE_OF_LINEAR_EXTRUSION('',#1315,#1319);
#1315 = B_SPLINE_CURVE_WITH_KNOTS('',2,(#1316,#1317,#1318),
  .UNSPECIFIED.,.F.,.F.,(3,3),(0.,1.),.PIECEWISE_BEZIER_KNOTS.);
#1316 = CARTESIAN_POINT('',(-1.851539689244,1.450581395349,1.6));
#1317 = CARTESIAN_POINT('',(-3.708484638372,1.450581395349,1.6));
#1318 = CARTESIAN_POINT('',(-4.872274609302,0.693177688953,1.6));
#1319 = VECTOR('',#1320,1.);
#1320 = DIRECTION('',(-0.,4.440892098501E-16,1.));
#1321 = ADVANCED_FACE('',(#1322),#1340,.F.);
#1322 = FACE_BOUND('',#1323,.F.);
#1323 = EDGE_LOOP('',(#1324,#1325,#1326,#1334));
#1324 = ORIENTED_EDGE('',*,*,#511,.T.);
#1325 = ORIENTED_EDGE('',*,*,#1309,.T.);
#1326 = ORIENTED_EDGE('',*,*,#1327,.T.);
#1327 = EDGE_CURVE('',#1302,#1328,#1330,.T.);
#1328 = VERTEX_POINT('',#1329);
#1329 = CARTESIAN_POINT('',(-6.643032240116,-1.501203670058,0.4));
#1330 = B_SPLINE_CURVE_WITH_KNOTS('',2,(#1331,#1332,#1333),
  .UNSPECIFIED.,.F.,.F.,(3,3),(0.,1.),.PIECEWISE_BEZIER_KNOTS.);
#1331 = CARTESIAN_POINT('',(-4.872274609302,0.693177688953,0.4));
#1332 = CARTESIAN_POINT('',(-6.035542232849,-6.474836482558E-02,0.4));
#1333 = CARTESIAN_POINT('',(-6.643032240116,-1.501203670058,0.4));
#1334 = ORIENTED_EDGE('',*,*,#1335,.F.);
#1335 = EDGE_CURVE('',#493,#1328,#1336,.T.);
#1336 = LINE('',#1337,#1338);
#1337 = CARTESIAN_POINT('',(-6.643032240116,-1.501203670058,1.6));
#1338 = VECTOR('',#1339,1.);
#1339 = DIRECTION('',(0.,-4.440892098501E-16,-1.));
#1340 = SURFACE_OF_LINEAR_EXTRUSION('',#1341,#1345);
#1341 = B_SPLINE_CURVE_WITH_KNOTS('',2,(#1342,#1343,#1344),
  .UNSPECIFIED.,.F.,.F.,(3,3),(0.,1.),.PIECEWISE_BEZIER_KNOTS.);
#1342 = CARTESIAN_POINT('',(-4.872274609302,0.693177688953,1.6));
#1343 = CARTESIAN_POINT('',(-6.035542232849,-6.474836482558E-02,1.6));
#1344 = CARTESIAN_POINT('',(-6.643032240116,-1.501203670058,1.6));
#1345 = VECTOR('',#1346,1.);
#1346 = DIRECTION('',(-0.,4.440892098501E-16,1.));
#1347 = ADVANCED_FACE('',(#1348),#1366,.F.);
#1348 = FACE_BOUND('',#1349,.F.);
#1349 = EDGE_LOOP('',(#1350,#1351,#1352,#1360));
#1350 = ORIENTED_EDGE('',*,*,#492,.T.);
#1351 = ORIENTED_EDGE('',*,*,#1335,.T.);
#1352 = ORIENTED_EDGE('',*,*,#1353,.T.);
#1353 = EDGE_CURVE('',#1328,#1354,#1356,.T.);
#1354 = VERTEX_POINT('',#1355);
#1355 = CARTESIAN_POINT('',(-7.2499999,-4.586187318314,0.4));
#1356 = B_SPLINE_CURVE_WITH_KNOTS('',2,(#1357,#1358,#1359),
  .UNSPECIFIED.,.F.,.F.,(3,3),(0.,1.),.PIECEWISE_BEZIER_KNOTS.);
#1357 = CARTESIAN_POINT('',(-6.643032240116,-1.501203670058,0.4));
#1358 = CARTESIAN_POINT('',(-7.2499999,-2.937658975291,0.4));
#1359 = CARTESIAN_POINT('',(-7.2499999,-4.586187318314,0.4));
#1360 = ORIENTED_EDGE('',*,*,#1361,.F.);
#1361 = EDGE_CURVE('',#470,#1354,#1362,.T.);
#1362 = LINE('',#1363,#1364);
#1363 = CARTESIAN_POINT('',(-7.2499999,-4.586187318314,1.6));
#1364 = VECTOR('',#1365,1.);
#1365 = DIRECTION('',(0.,-4.440892098501E-16,-1.));
#1366 = SURFACE_OF_LINEAR_EXTRUSION('',#1367,#1371);
#1367 = B_SPLINE_CURVE_WITH_KNOTS('',2,(#1368,#1369,#1370),
  .UNSPECIFIED.,.F.,.F.,(3,3),(0.,1.),.PIECEWISE_BEZIER_KNOTS.);
#1368 = CARTESIAN_POINT('',(-6.643032240116,-1.501203670058,1.6));
#1369 = CARTESIAN_POINT('',(-7.2499999,-2.937658975291,1.6));
#1370 = CARTESIAN_POINT('',(-7.2499999,-4.586187318314,1.6));
#1371 = VECTOR('',#1372,1.);
#1372 = DIRECTION('',(-0.,4.440892098501E-16,1.));
#1373 = ADVANCED_FACE('',(#1374),#1392,.F.);
#1374 = FACE_BOUND('',#1375,.F.);
#1375 = EDGE_LOOP('',(#1376,#1377,#1378,#1386));
#1376 = ORIENTED_EDGE('',*,*,#469,.T.);
#1377 = ORIENTED_EDGE('',*,*,#1361,.T.);
#1378 = ORIENTED_EDGE('',*,*,#1379,.T.);
#1379 = EDGE_CURVE('',#1354,#1380,#1382,.T.);
#1380 = VERTEX_POINT('',#1381);
#1381 = CARTESIAN_POINT('',(-6.564680132558,-7.722361010174,0.4));
#1382 = B_SPLINE_CURVE_WITH_KNOTS('',2,(#1383,#1384,#1385),
  .UNSPECIFIED.,.F.,.F.,(3,3),(0.,1.),.PIECEWISE_BEZIER_KNOTS.);
#1383 = CARTESIAN_POINT('',(-7.2499999,-4.586187318314,0.4));
#1384 = CARTESIAN_POINT('',(-7.2499999,-6.384107013081,0.4));
#1385 = CARTESIAN_POINT('',(-6.564680132558,-7.722361010174,0.4));
#1386 = ORIENTED_EDGE('',*,*,#1387,.F.);
#1387 = EDGE_CURVE('',#451,#1380,#1388,.T.);
#1388 = LINE('',#1389,#1390);
#1389 = CARTESIAN_POINT('',(-6.564680132558,-7.722361010174,1.6));
#1390 = VECTOR('',#1391,1.);
#1391 = DIRECTION('',(0.,-4.440892098501E-16,-1.));
#1392 = SURFACE_OF_LINEAR_EXTRUSION('',#1393,#1397);
#1393 = B_SPLINE_CURVE_WITH_KNOTS('',2,(#1394,#1395,#1396),
  .UNSPECIFIED.,.F.,.F.,(3,3),(0.,1.),.PIECEWISE_BEZIER_KNOTS.);
#1394 = CARTESIAN_POINT('',(-7.2499999,-4.586187318314,1.6));
#1395 = CARTESIAN_POINT('',(-7.2499999,-6.384107013081,1.6));
#1396 = CARTESIAN_POINT('',(-6.564680132558,-7.722361010174,1.6));
#1397 = VECTOR('',#1398,1.);
#1398 = DIRECTION('',(-0.,4.440892098501E-16,1.));
#1399 = ADVANCED_FACE('',(#1400),#1418,.F.);
#1400 = FACE_BOUND('',#1401,.F.);
#1401 = EDGE_LOOP('',(#1402,#1403,#1404,#1412));
#1402 = ORIENTED_EDGE('',*,*,#450,.T.);
#1403 = ORIENTED_EDGE('',*,*,#1387,.T.);
#1404 = ORIENTED_EDGE('',*,*,#1405,.T.);
#1405 = EDGE_CURVE('',#1380,#1406,#1408,.T.);
#1406 = VERTEX_POINT('',#1407);
#1407 = CARTESIAN_POINT('',(-4.61371265436,-9.755859375,0.4));
#1408 = B_SPLINE_CURVE_WITH_KNOTS('',2,(#1409,#1410,#1411),
  .UNSPECIFIED.,.F.,.F.,(3,3),(0.,1.),.PIECEWISE_BEZIER_KNOTS.);
#1409 = CARTESIAN_POINT('',(-6.564680132558,-7.722361010174,0.4));
#1410 = CARTESIAN_POINT('',(-5.878838017733,-9.061137354651,0.4));
#1411 = CARTESIAN_POINT('',(-4.61371265436,-9.755859375,0.4));
#1412 = ORIENTED_EDGE('',*,*,#1413,.F.);
#1413 = EDGE_CURVE('',#432,#1406,#1414,.T.);
#1414 = LINE('',#1415,#1416);
#1415 = CARTESIAN_POINT('',(-4.61371265436,-9.755859375,1.6));
#1416 = VECTOR('',#1417,1.);
#1417 = DIRECTION('',(0.,-4.440892098501E-16,-1.));
#1418 = SURFACE_OF_LINEAR_EXTRUSION('',#1419,#1423);
#1419 = B_SPLINE_CURVE_WITH_KNOTS('',2,(#1420,#1421,#1422),
  .UNSPECIFIED.,.F.,.F.,(3,3),(0.,1.),.PIECEWISE_BEZIER_KNOTS.);
#1420 = CARTESIAN_POINT('',(-6.564680132558,-7.722361010174,1.6));
#1421 = CARTESIAN_POINT('',(-5.878838017733,-9.061137354651,1.6));
#1422 = CARTESIAN_POINT('',(-4.61371265436,-9.755859375,1.6));
#1423 = VECTOR('',#1424,1.);
#1424 = DIRECTION('',(-0.,4.440892098501E-16,1.));
#1425 = ADVANCED_FACE('',(#1426),#1444,.F.);
#1426 = FACE_BOUND('',#1427,.F.);
#1427 = EDGE_LOOP('',(#1428,#1429,#1430,#1438));
#1428 = ORIENTED_EDGE('',*,*,#431,.T.);
#1429 = ORIENTED_EDGE('',*,*,#1413,.T.);
#1430 = ORIENTED_EDGE('',*,*,#1431,.T.);
#1431 = EDGE_CURVE('',#1406,#1432,#1434,.T.);
#1432 = VERTEX_POINT('',#1433);
#1433 = CARTESIAN_POINT('',(-1.828034056977,-10.45058139534,0.4));
#1434 = B_SPLINE_CURVE_WITH_KNOTS('',2,(#1435,#1436,#1437),
  .UNSPECIFIED.,.F.,.F.,(3,3),(0.,1.),.PIECEWISE_BEZIER_KNOTS.);
#1435 = CARTESIAN_POINT('',(-4.61371265436,-9.755859375,0.4));
#1436 = CARTESIAN_POINT('',(-3.348064943605,-10.45058139534,0.4));
#1437 = CARTESIAN_POINT('',(-1.828034056977,-10.45058139534,0.4));
#1438 = ORIENTED_EDGE('',*,*,#1439,.F.);
#1439 = EDGE_CURVE('',#409,#1432,#1440,.T.);
#1440 = LINE('',#1441,#1442);
#1441 = CARTESIAN_POINT('',(-1.828034056977,-10.45058139534,1.6));
#1442 = VECTOR('',#1443,1.);
#1443 = DIRECTION('',(0.,-4.440892098501E-16,-1.));
#1444 = SURFACE_OF_LINEAR_EXTRUSION('',#1445,#1449);
#1445 = B_SPLINE_CURVE_WITH_KNOTS('',2,(#1446,#1447,#1448),
  .UNSPECIFIED.,.F.,.F.,(3,3),(0.,1.),.PIECEWISE_BEZIER_KNOTS.);
#1446 = CARTESIAN_POINT('',(-4.61371265436,-9.755859375,1.6));
#1447 = CARTESIAN_POINT('',(-3.348064943605,-10.45058139534,1.6));
#1448 = CARTESIAN_POINT('',(-1.828034056977,-10.45058139534,1.6));
#1449 = VECTOR('',#1450,1.);
#1450 = DIRECTION('',(-0.,4.440892098501E-16,1.));
#1451 = ADVANCED_FACE('',(#1452),#1470,.F.);
#1452 = FACE_BOUND('',#1453,.F.);
#1453 = EDGE_LOOP('',(#1454,#1455,#1456,#1464));
#1454 = ORIENTED_EDGE('',*,*,#408,.T.);
#1455 = ORIENTED_EDGE('',*,*,#1439,.T.);
#1456 = ORIENTED_EDGE('',*,*,#1457,.T.);
#1457 = EDGE_CURVE('',#1432,#1458,#1460,.T.);
#1458 = VERTEX_POINT('',#1459);
#1459 = CARTESIAN_POINT('',(1.070993922674,-9.570948401163,0.4));
#1460 = B_SPLINE_CURVE_WITH_KNOTS('',2,(#1461,#1462,#1463),
  .UNSPECIFIED.,.F.,.F.,(3,3),(0.,1.),.PIECEWISE_BEZIER_KNOTS.);
#1461 = CARTESIAN_POINT('',(-1.828034056977,-10.45058139534,0.4));
#1462 = CARTESIAN_POINT('',(-0.104287690698,-10.45058139534,0.4));
#1463 = CARTESIAN_POINT('',(1.070993922674,-9.570948401163,0.4));
#1464 = ORIENTED_EDGE('',*,*,#1465,.F.);
#1465 = EDGE_CURVE('',#386,#1458,#1466,.T.);
#1466 = LINE('',#1467,#1468);
#1467 = CARTESIAN_POINT('',(1.070993922674,-9.570948401163,1.6));
#1468 = VECTOR('',#1469,1.);
#1469 = DIRECTION('',(0.,-4.440892098501E-16,-1.));
#1470 = SURFACE_OF_LINEAR_EXTRUSION('',#1471,#1475);
#1471 = B_SPLINE_CURVE_WITH_KNOTS('',2,(#1472,#1473,#1474),
  .UNSPECIFIED.,.F.,.F.,(3,3),(0.,1.),.PIECEWISE_BEZIER_KNOTS.);
#1472 = CARTESIAN_POINT('',(-1.828034056977,-10.45058139534,1.6));
#1473 = CARTESIAN_POINT('',(-0.104287690698,-10.45058139534,1.6));
#1474 = CARTESIAN_POINT('',(1.070993922674,-9.570948401163,1.6));
#1475 = VECTOR('',#1476,1.);
#1476 = DIRECTION('',(-0.,4.440892098501E-16,1.));
#1477 = ADVANCED_FACE('',(#1478),#1496,.F.);
#1478 = FACE_BOUND('',#1479,.F.);
#1479 = EDGE_LOOP('',(#1480,#1481,#1482,#1490));
#1480 = ORIENTED_EDGE('',*,*,#385,.T.);
#1481 = ORIENTED_EDGE('',*,*,#1465,.T.);
#1482 = ORIENTED_EDGE('',*,*,#1483,.T.);
#1483 = EDGE_CURVE('',#1458,#1484,#1486,.T.);
#1484 = VERTEX_POINT('',#1485);
#1485 = CARTESIAN_POINT('',(2.70855297064,-7.098155886628,0.4));
#1486 = B_SPLINE_CURVE_WITH_KNOTS('',2,(#1487,#1488,#1489),
  .UNSPECIFIED.,.F.,.F.,(3,3),(0.,1.),.PIECEWISE_BEZIER_KNOTS.);
#1487 = CARTESIAN_POINT('',(1.070993922674,-9.570948401163,0.4));
#1488 = CARTESIAN_POINT('',(2.246275536046,-8.69183775436,0.4));
#1489 = CARTESIAN_POINT('',(2.70855297064,-7.098155886628,0.4));
#1490 = ORIENTED_EDGE('',*,*,#1491,.F.);
#1491 = EDGE_CURVE('',#378,#1484,#1492,.T.);
#1492 = LINE('',#1493,#1494);
#1493 = CARTESIAN_POINT('',(2.70855297064,-7.098155886628,1.6));
#1494 = VECTOR('',#1495,1.);
#1495 = DIRECTION('',(0.,-4.440892098501E-16,-1.));
#1496 = SURFACE_OF_LINEAR_EXTRUSION('',#1497,#1501);
#1497 = B_SPLINE_CURVE_WITH_KNOTS('',2,(#1498,#1499,#1500),
  .UNSPECIFIED.,.F.,.F.,(3,3),(0.,1.),.PIECEWISE_BEZIER_KNOTS.);
#1498 = CARTESIAN_POINT('',(1.070993922674,-9.570948401163,1.6));
#1499 = CARTESIAN_POINT('',(2.246275536046,-8.69183775436,1.6));
#1500 = CARTESIAN_POINT('',(2.70855297064,-7.098155886628,1.6));
#1501 = VECTOR('',#1502,1.);
#1502 = DIRECTION('',(-0.,4.440892098501E-16,1.));
#1503 = ADVANCED_FACE('',(#1504),#1522,.F.);
#1504 = FACE_BOUND('',#1505,.F.);
#1505 = EDGE_LOOP('',(#1506,#1507,#1508,#1516));
#1506 = ORIENTED_EDGE('',*,*,#377,.F.);
#1507 = ORIENTED_EDGE('',*,*,#1491,.T.);
#1508 = ORIENTED_EDGE('',*,*,#1509,.T.);
#1509 = EDGE_CURVE('',#1484,#1510,#1512,.T.);
#1510 = VERTEX_POINT('',#1511);
#1511 = CARTESIAN_POINT('',(1.212027716279,-6.745049055233,0.4));
#1512 = LINE('',#1513,#1514);
#1513 = CARTESIAN_POINT('',(2.70855297064,-7.098155886628,0.4));
#1514 = VECTOR('',#1515,1.);
#1515 = DIRECTION('',(-0.973274412165,0.229645201614,-1.019829561306E-16
    ));
#1516 = ORIENTED_EDGE('',*,*,#1517,.F.);
#1517 = EDGE_CURVE('',#355,#1510,#1518,.T.);
#1518 = LINE('',#1519,#1520);
#1519 = CARTESIAN_POINT('',(1.212027716279,-6.745049055233,1.6));
#1520 = VECTOR('',#1521,1.);
#1521 = DIRECTION('',(0.,-4.440892098501E-16,-1.));
#1522 = PLANE('',#1523);
#1523 = AXIS2_PLACEMENT_3D('',#1524,#1525,#1526);
#1524 = CARTESIAN_POINT('',(2.70855297064,-7.098155886628,1.6));
#1525 = DIRECTION('',(0.229645201614,0.973274412165,-4.322206646658E-16)
  );
#1526 = DIRECTION('',(-0.973274412165,0.229645201614,-1.019829561306E-16
    ));
#1527 = ADVANCED_FACE('',(#1528),#1546,.F.);
#1528 = FACE_BOUND('',#1529,.F.);
#1529 = EDGE_LOOP('',(#1530,#1531,#1532,#1540));
#1530 = ORIENTED_EDGE('',*,*,#354,.T.);
#1531 = ORIENTED_EDGE('',*,*,#1517,.T.);
#1532 = ORIENTED_EDGE('',*,*,#1533,.T.);
#1533 = EDGE_CURVE('',#1510,#1534,#1536,.T.);
#1534 = VERTEX_POINT('',#1535);
#1535 = CARTESIAN_POINT('',(5.241652441859E-02,-8.57378724564,0.4));
#1536 = B_SPLINE_CURVE_WITH_KNOTS('',2,(#1537,#1538,#1539),
  .UNSPECIFIED.,.F.,.F.,(3,3),(0.,1.),.PIECEWISE_BEZIER_KNOTS.);
#1537 = CARTESIAN_POINT('',(1.212027716279,-6.745049055233,0.4));
#1538 = CARTESIAN_POINT('',(0.812431967733,-8.000772165698,0.4));
#1539 = CARTESIAN_POINT('',(5.241652441858E-02,-8.57378724564,0.4));
#1540 = ORIENTED_EDGE('',*,*,#1541,.F.);
#1541 = EDGE_CURVE('',#332,#1534,#1542,.T.);
#1542 = LINE('',#1543,#1544);
#1543 = CARTESIAN_POINT('',(5.241652441858E-02,-8.57378724564,1.6));
#1544 = VECTOR('',#1545,1.);
#1545 = DIRECTION('',(0.,-4.440892098501E-16,-1.));
#1546 = SURFACE_OF_LINEAR_EXTRUSION('',#1547,#1551);
#1547 = B_SPLINE_CURVE_WITH_KNOTS('',2,(#1548,#1549,#1550),
  .UNSPECIFIED.,.F.,.F.,(3,3),(0.,1.),.PIECEWISE_BEZIER_KNOTS.);
#1548 = CARTESIAN_POINT('',(1.212027716279,-6.745049055233,1.6));
#1549 = CARTESIAN_POINT('',(0.812431967733,-8.000772165698,1.6));
#1550 = CARTESIAN_POINT('',(5.241652441858E-02,-8.57378724564,1.6));
#1551 = VECTOR('',#1552,1.);
#1552 = DIRECTION('',(-0.,4.440892098501E-16,1.));
#1553 = ADVANCED_FACE('',(#1554),#1572,.F.);
#1554 = FACE_BOUND('',#1555,.F.);
#1555 = EDGE_LOOP('',(#1556,#1557,#1558,#1566));
#1556 = ORIENTED_EDGE('',*,*,#331,.T.);
#1557 = ORIENTED_EDGE('',*,*,#1541,.T.);
#1558 = ORIENTED_EDGE('',*,*,#1559,.T.);
#1559 = EDGE_CURVE('',#1534,#1560,#1562,.T.);
#1560 = VERTEX_POINT('',#1561);
#1561 = CARTESIAN_POINT('',(-1.8593749,-9.146802325581,0.4));
#1562 = B_SPLINE_CURVE_WITH_KNOTS('',2,(#1563,#1564,#1565),
  .UNSPECIFIED.,.F.,.F.,(3,3),(0.,1.),.PIECEWISE_BEZIER_KNOTS.);
#1563 = CARTESIAN_POINT('',(5.241652441858E-02,-8.57378724564,0.4));
#1564 = CARTESIAN_POINT('',(-0.707598918895,-9.146802325581,0.4));
#1565 = CARTESIAN_POINT('',(-1.8593749,-9.146802325581,0.4));
#1566 = ORIENTED_EDGE('',*,*,#1567,.F.);
#1567 = EDGE_CURVE('',#305,#1560,#1568,.T.);
#1568 = LINE('',#1569,#1570);
#1569 = CARTESIAN_POINT('',(-1.8593749,-9.146802325581,1.6));
#1570 = VECTOR('',#1571,1.);
#1571 = DIRECTION('',(0.,-4.440892098501E-16,-1.));
#1572 = SURFACE_OF_LINEAR_EXTRUSION('',#1573,#1577);
#1573 = B_SPLINE_CURVE_WITH_KNOTS('',2,(#1574,#1575,#1576),
  .UNSPECIFIED.,.F.,.F.,(3,3),(0.,1.),.PIECEWISE_BEZIER_KNOTS.);
#1574 = CARTESIAN_POINT('',(5.241652441858E-02,-8.57378724564,1.6));
#1575 = CARTESIAN_POINT('',(-0.707598918895,-9.146802325581,1.6));
#1576 = CARTESIAN_POINT('',(-1.8593749,-9.146802325581,1.6));
#1577 = VECTOR('',#1578,1.);
#1578 = DIRECTION('',(-0.,4.440892098501E-16,1.));
#1579 = ADVANCED_FACE('',(#1580),#1598,.F.);
#1580 = FACE_BOUND('',#1581,.F.);
#1581 = EDGE_LOOP('',(#1582,#1583,#1584,#1592));
#1582 = ORIENTED_EDGE('',*,*,#304,.T.);
#1583 = ORIENTED_EDGE('',*,*,#1567,.T.);
#1584 = ORIENTED_EDGE('',*,*,#1585,.T.);
#1585 = EDGE_CURVE('',#1560,#1586,#1588,.T.);
#1586 = VERTEX_POINT('',#1587);
#1587 = CARTESIAN_POINT('',(-4.073083112209,-8.511105559593,0.4));
#1588 = B_SPLINE_CURVE_WITH_KNOTS('',2,(#1589,#1590,#1591),
  .UNSPECIFIED.,.F.,.F.,(3,3),(0.,1.),.PIECEWISE_BEZIER_KNOTS.);
#1589 = CARTESIAN_POINT('',(-1.8593749,-9.146802325581,0.4));
#1590 = CARTESIAN_POINT('',(-3.183525517733,-9.146802325581,0.4));
#1591 = CARTESIAN_POINT('',(-4.073083112209,-8.511105559593,0.4));
#1592 = ORIENTED_EDGE('',*,*,#1593,.F.);
#1593 = EDGE_CURVE('',#286,#1586,#1594,.T.);
#1594 = LINE('',#1595,#1596);
#1595 = CARTESIAN_POINT('',(-4.073083112209,-8.511105559593,1.6));
#1596 = VECTOR('',#1597,1.);
#1597 = DIRECTION('',(0.,-4.440892098501E-16,-1.));
#1598 = SURFACE_OF_LINEAR_EXTRUSION('',#1599,#1603);
#1599 = B_SPLINE_CURVE_WITH_KNOTS('',2,(#1600,#1601,#1602),
  .UNSPECIFIED.,.F.,.F.,(3,3),(0.,1.),.PIECEWISE_BEZIER_KNOTS.);
#1600 = CARTESIAN_POINT('',(-1.8593749,-9.146802325581,1.6));
#1601 = CARTESIAN_POINT('',(-3.183525517733,-9.146802325581,1.6));
#1602 = CARTESIAN_POINT('',(-4.073083112209,-8.511105559593,1.6));
#1603 = VECTOR('',#1604,1.);
#1604 = DIRECTION('',(-0.,4.440892098501E-16,1.));
#1605 = ADVANCED_FACE('',(#1606),#1624,.F.);
#1606 = FACE_BOUND('',#1607,.F.);
#1607 = EDGE_LOOP('',(#1608,#1609,#1610,#1618));
#1608 = ORIENTED_EDGE('',*,*,#285,.T.);
#1609 = ORIENTED_EDGE('',*,*,#1593,.T.);
#1610 = ORIENTED_EDGE('',*,*,#1611,.T.);
#1611 = EDGE_CURVE('',#1586,#1612,#1614,.T.);
#1612 = VERTEX_POINT('',#1613);
#1613 = CARTESIAN_POINT('',(-5.32253805407,-6.803551962209,0.4));
#1614 = B_SPLINE_CURVE_WITH_KNOTS('',2,(#1615,#1616,#1617),
  .UNSPECIFIED.,.F.,.F.,(3,3),(0.,1.),.PIECEWISE_BEZIER_KNOTS.);
#1615 = CARTESIAN_POINT('',(-4.073083112209,-8.511105559593,0.4));
#1616 = CARTESIAN_POINT('',(-4.962118359302,-7.875408793605,0.4));
#1617 = CARTESIAN_POINT('',(-5.32253805407,-6.803551962209,0.4));
#1618 = ORIENTED_EDGE('',*,*,#1619,.F.);
#1619 = EDGE_CURVE('',#271,#1612,#1620,.T.);
#1620 = LINE('',#1621,#1622);
#1621 = CARTESIAN_POINT('',(-5.32253805407,-6.803551962209,1.6));
#1622 = VECTOR('',#1623,1.);
#1623 = DIRECTION('',(0.,-4.440892098501E-16,-1.));
#1624 = SURFACE_OF_LINEAR_EXTRUSION('',#1625,#1629);
#1625 = B_SPLINE_CURVE_WITH_KNOTS('',2,(#1626,#1627,#1628),
  .UNSPECIFIED.,.F.,.F.,(3,3),(0.,1.),.PIECEWISE_BEZIER_KNOTS.);
#1626 = CARTESIAN_POINT('',(-4.073083112209,-8.511105559593,1.6));
#1627 = CARTESIAN_POINT('',(-4.962118359302,-7.875408793605,1.6));
#1628 = CARTESIAN_POINT('',(-5.32253805407,-6.803551962209,1.6));
#1629 = VECTOR('',#1630,1.);
#1630 = DIRECTION('',(-0.,4.440892098501E-16,1.));
#1631 = ADVANCED_FACE('',(#1632),#1650,.F.);
#1632 = FACE_BOUND('',#1633,.F.);
#1633 = EDGE_LOOP('',(#1634,#1635,#1636,#1644));
#1634 = ORIENTED_EDGE('',*,*,#270,.T.);
#1635 = ORIENTED_EDGE('',*,*,#1619,.T.);
#1636 = ORIENTED_EDGE('',*,*,#1637,.T.);
#1637 = EDGE_CURVE('',#1612,#1638,#1640,.T.);
#1638 = VERTEX_POINT('',#1639);
#1639 = CARTESIAN_POINT('',(-5.682957748837,-4.59402252907,0.4));
#1640 = B_SPLINE_CURVE_WITH_KNOTS('',2,(#1641,#1642,#1643),
  .UNSPECIFIED.,.F.,.F.,(3,3),(0.,1.),.PIECEWISE_BEZIER_KNOTS.);
#1641 = CARTESIAN_POINT('',(-5.32253805407,-6.803551962209,0.4));
#1642 = CARTESIAN_POINT('',(-5.682957748837,-5.732217478198,0.4));
#1643 = CARTESIAN_POINT('',(-5.682957748837,-4.59402252907,0.4));
#1644 = ORIENTED_EDGE('',*,*,#1645,.F.);
#1645 = EDGE_CURVE('',#254,#1638,#1646,.T.);
#1646 = LINE('',#1647,#1648);
#1647 = CARTESIAN_POINT('',(-5.682957748837,-4.59402252907,1.6));
#1648 = VECTOR('',#1649,1.);
#1649 = DIRECTION('',(0.,-4.440892098501E-16,-1.));
#1650 = SURFACE_OF_LINEAR_EXTRUSION('',#1651,#1655);
#1651 = B_SPLINE_CURVE_WITH_KNOTS('',2,(#1652,#1653,#1654),
  .UNSPECIFIED.,.F.,.F.,(3,3),(0.,1.),.PIECEWISE_BEZIER_KNOTS.);
#1652 = CARTESIAN_POINT('',(-5.32253805407,-6.803551962209,1.6));
#1653 = CARTESIAN_POINT('',(-5.682957748837,-5.732217478198,1.6));
#1654 = CARTESIAN_POINT('',(-5.682957748837,-4.59402252907,1.6));
#1655 = VECTOR('',#1656,1.);
#1656 = DIRECTION('',(-0.,4.440892098501E-16,1.));
#1657 = ADVANCED_FACE('',(#1658),#1676,.F.);
#1658 = FACE_BOUND('',#1659,.F.);
#1659 = EDGE_LOOP('',(#1660,#1661,#1662,#1670));
#1660 = ORIENTED_EDGE('',*,*,#253,.T.);
#1661 = ORIENTED_EDGE('',*,*,#1645,.T.);
#1662 = ORIENTED_EDGE('',*,*,#1663,.T.);
#1663 = EDGE_CURVE('',#1638,#1664,#1666,.T.);
#1664 = VERTEX_POINT('',#1665);
#1665 = CARTESIAN_POINT('',(-5.256199936337,-2.031386264535,0.4));
#1666 = B_SPLINE_CURVE_WITH_KNOTS('',2,(#1667,#1668,#1669),
  .UNSPECIFIED.,.F.,.F.,(3,3),(0.,1.),.PIECEWISE_BEZIER_KNOTS.);
#1667 = CARTESIAN_POINT('',(-5.682957748837,-4.59402252907,0.4));
#1668 = CARTESIAN_POINT('',(-5.682957748837,-3.126226380814,0.4));
#1669 = CARTESIAN_POINT('',(-5.256199936337,-2.031386264535,0.4));
#1670 = ORIENTED_EDGE('',*,*,#1671,.F.);
#1671 = EDGE_CURVE('',#235,#1664,#1672,.T.);
#1672 = LINE('',#1673,#1674);
#1673 = CARTESIAN_POINT('',(-5.256199936337,-2.031386264535,1.6));
#1674 = VECTOR('',#1675,1.);
#1675 = DIRECTION('',(0.,-4.440892098501E-16,-1.));
#1676 = SURFACE_OF_LINEAR_EXTRUSION('',#1677,#1681);
#1677 = B_SPLINE_CURVE_WITH_KNOTS('',2,(#1678,#1679,#1680),
  .UNSPECIFIED.,.F.,.F.,(3,3),(0.,1.),.PIECEWISE_BEZIER_KNOTS.);
#1678 = CARTESIAN_POINT('',(-5.682957748837,-4.59402252907,1.6));
#1679 = CARTESIAN_POINT('',(-5.682957748837,-3.126226380814,1.6));
#1680 = CARTESIAN_POINT('',(-5.256199936337,-2.031386264535,1.6));
#1681 = VECTOR('',#1682,1.);
#1682 = DIRECTION('',(-0.,4.440892098501E-16,1.));
#1683 = ADVANCED_FACE('',(#1684),#1702,.F.);
#1684 = FACE_BOUND('',#1685,.F.);
#1685 = EDGE_LOOP('',(#1686,#1687,#1688,#1696));
#1686 = ORIENTED_EDGE('',*,*,#234,.T.);
#1687 = ORIENTED_EDGE('',*,*,#1671,.T.);
#1688 = ORIENTED_EDGE('',*,*,#1689,.T.);
#1689 = EDGE_CURVE('',#1664,#1690,#1692,.T.);
#1690 = VERTEX_POINT('',#1691);
#1691 = CARTESIAN_POINT('',(-3.927870539535,-0.394871911337,0.4));
#1692 = B_SPLINE_CURVE_WITH_KNOTS('',2,(#1693,#1694,#1695),
  .UNSPECIFIED.,.F.,.F.,(3,3),(0.,1.),.PIECEWISE_BEZIER_KNOTS.);
#1693 = CARTESIAN_POINT('',(-5.256199936337,-2.031386264535,0.4));
#1694 = CARTESIAN_POINT('',(-4.828919776454,-0.936546148256,0.4));
#1695 = CARTESIAN_POINT('',(-3.927870539535,-0.394871911337,0.4));
#1696 = ORIENTED_EDGE('',*,*,#1697,.F.);
#1697 = EDGE_CURVE('',#212,#1690,#1698,.T.);
#1698 = LINE('',#1699,#1700);
#1699 = CARTESIAN_POINT('',(-3.927870539535,-0.394871911337,1.6));
#1700 = VECTOR('',#1701,1.);
#1701 = DIRECTION('',(0.,-4.440892098501E-16,-1.));
#1702 = SURFACE_OF_LINEAR_EXTRUSION('',#1703,#1707);
#1703 = B_SPLINE_CURVE_WITH_KNOTS('',2,(#1704,#1705,#1706),
  .UNSPECIFIED.,.F.,.F.,(3,3),(0.,1.),.PIECEWISE_BEZIER_KNOTS.);
#1704 = CARTESIAN_POINT('',(-5.256199936337,-2.031386264535,1.6));
#1705 = CARTESIAN_POINT('',(-4.828919776454,-0.936546148256,1.6));
#1706 = CARTESIAN_POINT('',(-3.927870539535,-0.394871911337,1.6));
#1707 = VECTOR('',#1708,1.);
#1708 = DIRECTION('',(-0.,4.440892098501E-16,1.));
#1709 = ADVANCED_FACE('',(#1710),#1728,.F.);
#1710 = FACE_BOUND('',#1711,.F.);
#1711 = EDGE_LOOP('',(#1712,#1713,#1714,#1722));
#1712 = ORIENTED_EDGE('',*,*,#211,.T.);
#1713 = ORIENTED_EDGE('',*,*,#1697,.T.);
#1714 = ORIENTED_EDGE('',*,*,#1715,.T.);
#1715 = EDGE_CURVE('',#1690,#1716,#1718,.T.);
#1716 = VERTEX_POINT('',#1717);
#1717 = CARTESIAN_POINT('',(-1.976903061337,0.146802325581,0.4));
#1718 = B_SPLINE_CURVE_WITH_KNOTS('',2,(#1719,#1720,#1721),
  .UNSPECIFIED.,.F.,.F.,(3,3),(0.,1.),.PIECEWISE_BEZIER_KNOTS.);
#1719 = CARTESIAN_POINT('',(-3.927870539535,-0.394871911337,0.4));
#1720 = CARTESIAN_POINT('',(-3.026821302616,0.146802325581,0.4));
#1721 = CARTESIAN_POINT('',(-1.976903061337,0.146802325581,0.4));
#1722 = ORIENTED_EDGE('',*,*,#1723,.F.);
#1723 = EDGE_CURVE('',#189,#1716,#1724,.T.);
#1724 = LINE('',#1725,#1726);
#1725 = CARTESIAN_POINT('',(-1.976903061337,0.146802325581,1.6));
#1726 = VECTOR('',#1727,1.);
#1727 = DIRECTION('',(0.,-4.440892098501E-16,-1.));
#1728 = SURFACE_OF_LINEAR_EXTRUSION('',#1729,#1733);
#1729 = B_SPLINE_CURVE_WITH_KNOTS('',2,(#1730,#1731,#1732),
  .UNSPECIFIED.,.F.,.F.,(3,3),(0.,1.),.PIECEWISE_BEZIER_KNOTS.);
#1730 = CARTESIAN_POINT('',(-3.927870539535,-0.394871911337,1.6));
#1731 = CARTESIAN_POINT('',(-3.026821302616,0.146802325581,1.6));
#1732 = CARTESIAN_POINT('',(-1.976903061337,0.146802325581,1.6));
#1733 = VECTOR('',#1734,1.);
#1734 = DIRECTION('',(-0.,4.440892098501E-16,1.));
#1735 = ADVANCED_FACE('',(#1736),#1754,.F.);
#1736 = FACE_BOUND('',#1737,.F.);
#1737 = EDGE_LOOP('',(#1738,#1739,#1740,#1748));
#1738 = ORIENTED_EDGE('',*,*,#188,.T.);
#1739 = ORIENTED_EDGE('',*,*,#1723,.T.);
#1740 = ORIENTED_EDGE('',*,*,#1741,.T.);
#1741 = EDGE_CURVE('',#1716,#1742,#1744,.T.);
#1742 = VERTEX_POINT('',#1743);
#1743 = CARTESIAN_POINT('',(0.185615107267,-0.590752180233,0.4));
#1744 = B_SPLINE_CURVE_WITH_KNOTS('',2,(#1745,#1746,#1747),
  .UNSPECIFIED.,.F.,.F.,(3,3),(0.,1.),.PIECEWISE_BEZIER_KNOTS.);
#1745 = CARTESIAN_POINT('',(-1.976903061337,0.146802325581,0.4));
#1746 = CARTESIAN_POINT('',(-0.69976370814,0.146802325581,0.4));
#1747 = CARTESIAN_POINT('',(0.185615107267,-0.590752180233,0.4));
#1748 = ORIENTED_EDGE('',*,*,#1749,.F.);
#1749 = EDGE_CURVE('',#167,#1742,#1750,.T.);
#1750 = LINE('',#1751,#1752);
#1751 = CARTESIAN_POINT('',(0.185615107267,-0.590752180233,1.6));
#1752 = VECTOR('',#1753,1.);
#1753 = DIRECTION('',(0.,-4.440892098501E-16,-1.));
#1754 = SURFACE_OF_LINEAR_EXTRUSION('',#1755,#1759);
#1755 = B_SPLINE_CURVE_WITH_KNOTS('',2,(#1756,#1757,#1758),
  .UNSPECIFIED.,.F.,.F.,(3,3),(0.,1.),.PIECEWISE_BEZIER_KNOTS.);
#1756 = CARTESIAN_POINT('',(-1.976903061337,0.146802325581,1.6));
#1757 = CARTESIAN_POINT('',(-0.69976370814,0.146802325581,1.6));
#1758 = CARTESIAN_POINT('',(0.185615107267,-0.590752180233,1.6));
#1759 = VECTOR('',#1760,1.);
#1760 = DIRECTION('',(-0.,4.440892098501E-16,1.));
#1761 = ADVANCED_FACE('',(#1762),#1773,.F.);
#1762 = FACE_BOUND('',#1763,.F.);
#1763 = EDGE_LOOP('',(#1764,#1765,#1766,#1772));
#1764 = ORIENTED_EDGE('',*,*,#166,.T.);
#1765 = ORIENTED_EDGE('',*,*,#1749,.T.);
#1766 = ORIENTED_EDGE('',*,*,#1767,.T.);
#1767 = EDGE_CURVE('',#1742,#1218,#1768,.T.);
#1768 = B_SPLINE_CURVE_WITH_KNOTS('',2,(#1769,#1770,#1771),
  .UNSPECIFIED.,.F.,.F.,(3,3),(0.,1.),.PIECEWISE_BEZIER_KNOTS.);
#1769 = CARTESIAN_POINT('',(0.185615107267,-0.590752180233,0.4));
#1770 = CARTESIAN_POINT('',(1.070993922674,-1.32882903343,0.4));
#1771 = CARTESIAN_POINT('',(1.384402352907,-2.780954760174,0.4));
#1772 = ORIENTED_EDGE('',*,*,#1217,.F.);
#1773 = SURFACE_OF_LINEAR_EXTRUSION('',#1774,#1778);
#1774 = B_SPLINE_CURVE_WITH_KNOTS('',2,(#1775,#1776,#1777),
  .UNSPECIFIED.,.F.,.F.,(3,3),(0.,1.),.PIECEWISE_BEZIER_KNOTS.);
#1775 = CARTESIAN_POINT('',(0.185615107267,-0.590752180233,1.6));
#1776 = CARTESIAN_POINT('',(1.070993922674,-1.32882903343,1.6));
#1777 = CARTESIAN_POINT('',(1.384402352907,-2.780954760174,1.6));
#1778 = VECTOR('',#1779,1.);
#1779 = DIRECTION('',(-0.,4.440892098501E-16,1.));
#1780 = ADVANCED_FACE('',(#1781),#1806,.F.);
#1781 = FACE_BOUND('',#1782,.F.);
#1782 = EDGE_LOOP('',(#1783,#1784,#1792,#1800));
#1783 = ORIENTED_EDGE('',*,*,#606,.F.);
#1784 = ORIENTED_EDGE('',*,*,#1785,.T.);
#1785 = EDGE_CURVE('',#607,#1786,#1788,.T.);
#1786 = VERTEX_POINT('',#1787);
#1787 = CARTESIAN_POINT('',(4.224927425581,-1.758720930233,0.4));
#1788 = LINE('',#1789,#1790);
#1789 = CARTESIAN_POINT('',(4.224927425581,-1.758720930233,1.6));
#1790 = VECTOR('',#1791,1.);
#1791 = DIRECTION('',(0.,-4.440892098501E-16,-1.));
#1792 = ORIENTED_EDGE('',*,*,#1793,.T.);
#1793 = EDGE_CURVE('',#1786,#1794,#1796,.T.);
#1794 = VERTEX_POINT('',#1795);
#1795 = CARTESIAN_POINT('',(5.635265361628,-1.959302325581,0.4));
#1796 = LINE('',#1797,#1798);
#1797 = CARTESIAN_POINT('',(4.224927425581,-1.758720930233,0.4));
#1798 = VECTOR('',#1799,1.);
#1799 = DIRECTION('',(0.990037305309,-0.140805305644,6.253011692609E-17)
  );
#1800 = ORIENTED_EDGE('',*,*,#1801,.F.);
#1801 = EDGE_CURVE('',#609,#1794,#1802,.T.);
#1802 = LINE('',#1803,#1804);
#1803 = CARTESIAN_POINT('',(5.635265361628,-1.959302325581,1.6));
#1804 = VECTOR('',#1805,1.);
#1805 = DIRECTION('',(0.,-4.440892098501E-16,-1.));
#1806 = PLANE('',#1807);
#1807 = AXIS2_PLACEMENT_3D('',#1808,#1809,#1810);
#1808 = CARTESIAN_POINT('',(4.224927425581,-1.758720930233,1.6));
#1809 = DIRECTION('',(-0.140805305644,-0.990037305309,4.396648846365E-16
    ));
#1810 = DIRECTION('',(0.990037305309,-0.140805305644,6.253011692609E-17)
  );
#1811 = ADVANCED_FACE('',(#1812),#1830,.F.);
#1812 = FACE_BOUND('',#1813,.F.);
#1813 = EDGE_LOOP('',(#1814,#1815,#1816,#1824));
#1814 = ORIENTED_EDGE('',*,*,#1141,.T.);
#1815 = ORIENTED_EDGE('',*,*,#1801,.T.);
#1816 = ORIENTED_EDGE('',*,*,#1817,.T.);
#1817 = EDGE_CURVE('',#1794,#1818,#1820,.T.);
#1818 = VERTEX_POINT('',#1819);
#1819 = CARTESIAN_POINT('',(6.461618922674,-0.244435864826,0.4));
#1820 = B_SPLINE_CURVE_WITH_KNOTS('',2,(#1821,#1822,#1823),
  .UNSPECIFIED.,.F.,.F.,(3,3),(0.,1.),.PIECEWISE_BEZIER_KNOTS.);
#1821 = CARTESIAN_POINT('',(5.635265361628,-1.959302325581,0.4));
#1822 = CARTESIAN_POINT('',(5.878156895058,-0.769394985465,0.4));
#1823 = CARTESIAN_POINT('',(6.461618922674,-0.244435864826,0.4));
#1824 = ORIENTED_EDGE('',*,*,#1825,.F.);
#1825 = EDGE_CURVE('',#1123,#1818,#1826,.T.);
#1826 = LINE('',#1827,#1828);
#1827 = CARTESIAN_POINT('',(6.461618922674,-0.244435864826,1.6));
#1828 = VECTOR('',#1829,1.);
#1829 = DIRECTION('',(0.,-4.440892098501E-16,-1.));
#1830 = SURFACE_OF_LINEAR_EXTRUSION('',#1831,#1835);
#1831 = B_SPLINE_CURVE_WITH_KNOTS('',2,(#1832,#1833,#1834),
  .UNSPECIFIED.,.F.,.F.,(3,3),(0.,1.),.PIECEWISE_BEZIER_KNOTS.);
#1832 = CARTESIAN_POINT('',(5.635265361628,-1.959302325581,1.6));
#1833 = CARTESIAN_POINT('',(5.878156895058,-0.769394985465,1.6));
#1834 = CARTESIAN_POINT('',(6.461618922674,-0.244435864826,1.6));
#1835 = VECTOR('',#1836,1.);
#1836 = DIRECTION('',(-0.,4.440892098501E-16,1.));
#1837 = ADVANCED_FACE('',(#1838),#1856,.F.);
#1838 = FACE_BOUND('',#1839,.F.);
#1839 = EDGE_LOOP('',(#1840,#1841,#1842,#1850));
#1840 = ORIENTED_EDGE('',*,*,#1122,.T.);
#1841 = ORIENTED_EDGE('',*,*,#1825,.T.);
#1842 = ORIENTED_EDGE('',*,*,#1843,.T.);
#1843 = EDGE_CURVE('',#1818,#1844,#1846,.T.);
#1844 = VERTEX_POINT('',#1845);
#1845 = CARTESIAN_POINT('',(7.883970848546,0.280523255814,0.4));
#1846 = B_SPLINE_CURVE_WITH_KNOTS('',2,(#1847,#1848,#1849),
  .UNSPECIFIED.,.F.,.F.,(3,3),(0.,1.),.PIECEWISE_BEZIER_KNOTS.);
#1847 = CARTESIAN_POINT('',(6.461618922674,-0.244435864826,0.4));
#1848 = CARTESIAN_POINT('',(7.045603297674,0.280523255814,0.4));
#1849 = CARTESIAN_POINT('',(7.883970848546,0.280523255814,0.4));
#1850 = ORIENTED_EDGE('',*,*,#1851,.F.);
#1851 = EDGE_CURVE('',#1100,#1844,#1852,.T.);
#1852 = LINE('',#1853,#1854);
#1853 = CARTESIAN_POINT('',(7.883970848546,0.280523255814,1.6));
#1854 = VECTOR('',#1855,1.);
#1855 = DIRECTION('',(0.,-4.440892098501E-16,-1.));
#1856 = SURFACE_OF_LINEAR_EXTRUSION('',#1857,#1861);
#1857 = B_SPLINE_CURVE_WITH_KNOTS('',2,(#1858,#1859,#1860),
  .UNSPECIFIED.,.F.,.F.,(3,3),(0.,1.),.PIECEWISE_BEZIER_KNOTS.);
#1858 = CARTESIAN_POINT('',(6.461618922674,-0.244435864826,1.6));
#1859 = CARTESIAN_POINT('',(7.045603297674,0.280523255814,1.6));
#1860 = CARTESIAN_POINT('',(7.883970848546,0.280523255814,1.6));
#1861 = VECTOR('',#1862,1.);
#1862 = DIRECTION('',(-0.,4.440892098501E-16,1.));
#1863 = ADVANCED_FACE('',(#1864),#1882,.F.);
#1864 = FACE_BOUND('',#1865,.F.);
#1865 = EDGE_LOOP('',(#1866,#1867,#1868,#1876));
#1866 = ORIENTED_EDGE('',*,*,#1099,.T.);
#1867 = ORIENTED_EDGE('',*,*,#1851,.T.);
#1868 = ORIENTED_EDGE('',*,*,#1869,.T.);
#1869 = EDGE_CURVE('',#1844,#1870,#1872,.T.);
#1870 = VERTEX_POINT('',#1871);
#1871 = CARTESIAN_POINT('',(9.564362381977,-0.409497638081,0.4));
#1872 = B_SPLINE_CURVE_WITH_KNOTS('',2,(#1873,#1874,#1875),
  .UNSPECIFIED.,.F.,.F.,(3,3),(0.,1.),.PIECEWISE_BEZIER_KNOTS.);
#1873 = CARTESIAN_POINT('',(7.883970848546,0.280523255814,0.4));
#1874 = CARTESIAN_POINT('',(8.879042614535,0.280523255814,0.4));
#1875 = CARTESIAN_POINT('',(9.564362381977,-0.409497638081,0.4));
#1876 = ORIENTED_EDGE('',*,*,#1877,.F.);
#1877 = EDGE_CURVE('',#1081,#1870,#1878,.T.);
#1878 = LINE('',#1879,#1880);
#1879 = CARTESIAN_POINT('',(9.564362381977,-0.409497638081,1.6));
#1880 = VECTOR('',#1881,1.);
#1881 = DIRECTION('',(0.,-4.440892098501E-16,-1.));
#1882 = SURFACE_OF_LINEAR_EXTRUSION('',#1883,#1887);
#1883 = B_SPLINE_CURVE_WITH_KNOTS('',2,(#1884,#1885,#1886),
  .UNSPECIFIED.,.F.,.F.,(3,3),(0.,1.),.PIECEWISE_BEZIER_KNOTS.);
#1884 = CARTESIAN_POINT('',(7.883970848546,0.280523255814,1.6));
#1885 = CARTESIAN_POINT('',(8.879042614535,0.280523255814,1.6));
#1886 = CARTESIAN_POINT('',(9.564362381977,-0.409497638081,1.6));
#1887 = VECTOR('',#1888,1.);
#1888 = DIRECTION('',(-0.,4.440892098501E-16,1.));
#1889 = ADVANCED_FACE('',(#1890),#1908,.F.);
#1890 = FACE_BOUND('',#1891,.F.);
#1891 = EDGE_LOOP('',(#1892,#1893,#1894,#1902));
#1892 = ORIENTED_EDGE('',*,*,#1080,.T.);
#1893 = ORIENTED_EDGE('',*,*,#1877,.T.);
#1894 = ORIENTED_EDGE('',*,*,#1895,.T.);
#1895 = EDGE_CURVE('',#1870,#1896,#1898,.T.);
#1896 = VERTEX_POINT('',#1897);
#1897 = CARTESIAN_POINT('',(10.250204496802,-2.120185319767,0.4));
#1898 = B_SPLINE_CURVE_WITH_KNOTS('',2,(#1899,#1900,#1901),
  .UNSPECIFIED.,.F.,.F.,(3,3),(0.,1.),.PIECEWISE_BEZIER_KNOTS.);
#1899 = CARTESIAN_POINT('',(9.564362381977,-0.409497638081,0.4));
#1900 = CARTESIAN_POINT('',(10.250204496802,-1.10004087936,0.4));
#1901 = CARTESIAN_POINT('',(10.250204496802,-2.120185319767,0.4));
#1902 = ORIENTED_EDGE('',*,*,#1903,.F.);
#1903 = EDGE_CURVE('',#1062,#1896,#1904,.T.);
#1904 = LINE('',#1905,#1906);
#1905 = CARTESIAN_POINT('',(10.250204496802,-2.120185319767,1.6));
#1906 = VECTOR('',#1907,1.);
#1907 = DIRECTION('',(0.,-4.440892098501E-16,-1.));
#1908 = SURFACE_OF_LINEAR_EXTRUSION('',#1909,#1913);
#1909 = B_SPLINE_CURVE_WITH_KNOTS('',2,(#1910,#1911,#1912),
  .UNSPECIFIED.,.F.,.F.,(3,3),(0.,1.),.PIECEWISE_BEZIER_KNOTS.);
#1910 = CARTESIAN_POINT('',(9.564362381977,-0.409497638081,1.6));
#1911 = CARTESIAN_POINT('',(10.250204496802,-1.10004087936,1.6));
#1912 = CARTESIAN_POINT('',(10.250204496802,-2.120185319767,1.6));
#1913 = VECTOR('',#1914,1.);
#1914 = DIRECTION('',(-0.,4.440892098501E-16,1.));
#1915 = ADVANCED_FACE('',(#1916),#1934,.F.);
#1916 = FACE_BOUND('',#1917,.F.);
#1917 = EDGE_LOOP('',(#1918,#1919,#1920,#1928));
#1918 = ORIENTED_EDGE('',*,*,#1061,.T.);
#1919 = ORIENTED_EDGE('',*,*,#1903,.T.);
#1920 = ORIENTED_EDGE('',*,*,#1921,.T.);
#1921 = EDGE_CURVE('',#1896,#1922,#1924,.T.);
#1922 = VERTEX_POINT('',#1923);
#1923 = CARTESIAN_POINT('',(9.615552425581,-3.724314135174,0.4));
#1924 = B_SPLINE_CURVE_WITH_KNOTS('',2,(#1925,#1926,#1927),
  .UNSPECIFIED.,.F.,.F.,(3,3),(0.,1.),.PIECEWISE_BEZIER_KNOTS.);
#1925 = CARTESIAN_POINT('',(10.250204496802,-2.120185319767,0.4));
#1926 = CARTESIAN_POINT('',(10.250204496802,-3.092796148256,0.4));
#1927 = CARTESIAN_POINT('',(9.615552425581,-3.724314135174,0.4));
#1928 = ORIENTED_EDGE('',*,*,#1929,.F.);
#1929 = EDGE_CURVE('',#1043,#1922,#1930,.T.);
#1930 = LINE('',#1931,#1932);
#1931 = CARTESIAN_POINT('',(9.615552425581,-3.724314135174,1.6));
#1932 = VECTOR('',#1933,1.);
#1933 = DIRECTION('',(0.,-4.440892098501E-16,-1.));
#1934 = SURFACE_OF_LINEAR_EXTRUSION('',#1935,#1939);
#1935 = B_SPLINE_CURVE_WITH_KNOTS('',2,(#1936,#1937,#1938),
  .UNSPECIFIED.,.F.,.F.,(3,3),(0.,1.),.PIECEWISE_BEZIER_KNOTS.);
#1936 = CARTESIAN_POINT('',(10.250204496802,-2.120185319767,1.6));
#1937 = CARTESIAN_POINT('',(10.250204496802,-3.092796148256,1.6));
#1938 = CARTESIAN_POINT('',(9.615552425581,-3.724314135174,1.6));
#1939 = VECTOR('',#1940,1.);
#1940 = DIRECTION('',(-0.,4.440892098501E-16,1.));
#1941 = ADVANCED_FACE('',(#1942),#1960,.F.);
#1942 = FACE_BOUND('',#1943,.F.);
#1943 = EDGE_LOOP('',(#1944,#1945,#1946,#1954));
#1944 = ORIENTED_EDGE('',*,*,#1042,.T.);
#1945 = ORIENTED_EDGE('',*,*,#1929,.T.);
#1946 = ORIENTED_EDGE('',*,*,#1947,.T.);
#1947 = EDGE_CURVE('',#1922,#1948,#1950,.T.);
#1948 = VERTEX_POINT('',#1949);
#1949 = CARTESIAN_POINT('',(8.001499009884,-4.355832122093,0.4));
#1950 = B_SPLINE_CURVE_WITH_KNOTS('',2,(#1951,#1952,#1953),
  .UNSPECIFIED.,.F.,.F.,(3,3),(0.,1.),.PIECEWISE_BEZIER_KNOTS.);
#1951 = CARTESIAN_POINT('',(9.615552425581,-3.724314135174,0.4));
#1952 = CARTESIAN_POINT('',(8.98090035436,-4.355832122093,0.4));
#1953 = CARTESIAN_POINT('',(8.001499009884,-4.355832122093,0.4));
#1954 = ORIENTED_EDGE('',*,*,#1955,.F.);
#1955 = EDGE_CURVE('',#1031,#1948,#1956,.T.);
#1956 = LINE('',#1957,#1958);
#1957 = CARTESIAN_POINT('',(8.001499009884,-4.355832122093,1.6));
#1958 = VECTOR('',#1959,1.);
#1959 = DIRECTION('',(0.,-4.440892098501E-16,-1.));
#1960 = SURFACE_OF_LINEAR_EXTRUSION('',#1961,#1965);
#1961 = B_SPLINE_CURVE_WITH_KNOTS('',2,(#1962,#1963,#1964),
  .UNSPECIFIED.,.F.,.F.,(3,3),(0.,1.),.PIECEWISE_BEZIER_KNOTS.);
#1962 = CARTESIAN_POINT('',(9.615552425581,-3.724314135174,1.6));
#1963 = CARTESIAN_POINT('',(8.98090035436,-4.355832122093,1.6));
#1964 = CARTESIAN_POINT('',(8.001499009884,-4.355832122093,1.6));
#1965 = VECTOR('',#1966,1.);
#1966 = DIRECTION('',(-0.,4.440892098501E-16,1.));
#1967 = ADVANCED_FACE('',(#1968),#1986,.F.);
#1968 = FACE_BOUND('',#1969,.F.);
#1969 = EDGE_LOOP('',(#1970,#1971,#1972,#1980));
#1970 = ORIENTED_EDGE('',*,*,#1030,.T.);
#1971 = ORIENTED_EDGE('',*,*,#1955,.T.);
#1972 = ORIENTED_EDGE('',*,*,#1973,.T.);
#1973 = EDGE_CURVE('',#1948,#1974,#1976,.T.);
#1974 = VERTEX_POINT('',#1975);
#1975 = CARTESIAN_POINT('',(7.006427243895,-4.199127906977,0.4));
#1976 = B_SPLINE_CURVE_WITH_KNOTS('',2,(#1977,#1978,#1979),
  .UNSPECIFIED.,.F.,.F.,(3,3),(0.,1.),.PIECEWISE_BEZIER_KNOTS.);
#1977 = CARTESIAN_POINT('',(8.001499009884,-4.355832122093,0.4));
#1978 = CARTESIAN_POINT('',(7.601903261337,-4.355832122093,0.4));
#1979 = CARTESIAN_POINT('',(7.006427243895,-4.199127906977,0.4));
#1980 = ORIENTED_EDGE('',*,*,#1981,.F.);
#1981 = EDGE_CURVE('',#1023,#1974,#1982,.T.);
#1982 = LINE('',#1983,#1984);
#1983 = CARTESIAN_POINT('',(7.006427243895,-4.199127906977,1.6));
#1984 = VECTOR('',#1985,1.);
#1985 = DIRECTION('',(0.,-4.440892098501E-16,-1.));
#1986 = SURFACE_OF_LINEAR_EXTRUSION('',#1987,#1991);
#1987 = B_SPLINE_CURVE_WITH_KNOTS('',2,(#1988,#1989,#1990),
  .UNSPECIFIED.,.F.,.F.,(3,3),(0.,1.),.PIECEWISE_BEZIER_KNOTS.);
#1988 = CARTESIAN_POINT('',(8.001499009884,-4.355832122093,1.6));
#1989 = CARTESIAN_POINT('',(7.601903261337,-4.355832122093,1.6));
#1990 = CARTESIAN_POINT('',(7.006427243895,-4.199127906977,1.6));
#1991 = VECTOR('',#1992,1.);
#1992 = DIRECTION('',(-0.,4.440892098501E-16,1.));
#1993 = ADVANCED_FACE('',(#1994),#2012,.F.);
#1994 = FACE_BOUND('',#1995,.F.);
#1995 = EDGE_LOOP('',(#1996,#1997,#1998,#2006));
#1996 = ORIENTED_EDGE('',*,*,#1022,.F.);
#1997 = ORIENTED_EDGE('',*,*,#1981,.T.);
#1998 = ORIENTED_EDGE('',*,*,#1999,.T.);
#1999 = EDGE_CURVE('',#1974,#2000,#2002,.T.);
#2000 = VERTEX_POINT('',#2001);
#2001 = CARTESIAN_POINT('',(7.163131459012,-5.436046511628,0.4));
#2002 = LINE('',#2003,#2004);
#2003 = CARTESIAN_POINT('',(7.006427243895,-4.199127906977,0.4));
#2004 = VECTOR('',#2005,1.);
#2005 = DIRECTION('',(0.125684576001,-0.992070253236,4.405676948753E-16)
  );
#2006 = ORIENTED_EDGE('',*,*,#2007,.F.);
#2007 = EDGE_CURVE('',#1012,#2000,#2008,.T.);
#2008 = LINE('',#2009,#2010);
#2009 = CARTESIAN_POINT('',(7.163131459012,-5.436046511628,1.6));
#2010 = VECTOR('',#2011,1.);
#2011 = DIRECTION('',(0.,-4.440892098501E-16,-1.));
#2012 = PLANE('',#2013);
#2013 = AXIS2_PLACEMENT_3D('',#2014,#2015,#2016);
#2014 = CARTESIAN_POINT('',(7.006427243895,-4.199127906977,1.6));
#2015 = DIRECTION('',(-0.992070253236,-0.125684576001,5.58151640467E-17)
  );
#2016 = DIRECTION('',(0.125684576001,-0.992070253236,4.405676948753E-16)
  );
#2017 = ADVANCED_FACE('',(#2018),#2036,.F.);
#2018 = FACE_BOUND('',#2019,.F.);
#2019 = EDGE_LOOP('',(#2020,#2021,#2022,#2030));
#2020 = ORIENTED_EDGE('',*,*,#1011,.T.);
#2021 = ORIENTED_EDGE('',*,*,#2007,.T.);
#2022 = ORIENTED_EDGE('',*,*,#2023,.T.);
#2023 = EDGE_CURVE('',#2000,#2024,#2026,.T.);
#2024 = VERTEX_POINT('',#2025);
#2025 = CARTESIAN_POINT('',(7.39035257093,-5.420376090116,0.4));
#2026 = B_SPLINE_CURVE_WITH_KNOTS('',2,(#2027,#2028,#2029),
  .UNSPECIFIED.,.F.,.F.,(3,3),(0.,1.),.PIECEWISE_BEZIER_KNOTS.);
#2027 = CARTESIAN_POINT('',(7.163131459012,-5.436046511628,0.4));
#2028 = CARTESIAN_POINT('',(7.304165252616,-5.420376090116,0.4));
#2029 = CARTESIAN_POINT('',(7.39035257093,-5.420376090116,0.4));
#2030 = ORIENTED_EDGE('',*,*,#2031,.F.);
#2031 = EDGE_CURVE('',#995,#2024,#2032,.T.);
#2032 = LINE('',#2033,#2034);
#2033 = CARTESIAN_POINT('',(7.39035257093,-5.420376090116,1.6));
#2034 = VECTOR('',#2035,1.);
#2035 = DIRECTION('',(0.,-4.440892098501E-16,-1.));
#2036 = SURFACE_OF_LINEAR_EXTRUSION('',#2037,#2041);
#2037 = B_SPLINE_CURVE_WITH_KNOTS('',2,(#2038,#2039,#2040),
  .UNSPECIFIED.,.F.,.F.,(3,3),(0.,1.),.PIECEWISE_BEZIER_KNOTS.);
#2038 = CARTESIAN_POINT('',(7.163131459012,-5.436046511628,1.6));
#2039 = CARTESIAN_POINT('',(7.304165252616,-5.420376090116,1.6));
#2040 = CARTESIAN_POINT('',(7.39035257093,-5.420376090116,1.6));
#2041 = VECTOR('',#2042,1.);
#2042 = DIRECTION('',(-0.,4.440892098501E-16,1.));
#2043 = ADVANCED_FACE('',(#2044),#2062,.F.);
#2044 = FACE_BOUND('',#2045,.F.);
#2045 = EDGE_LOOP('',(#2046,#2047,#2048,#2056));
#2046 = ORIENTED_EDGE('',*,*,#994,.T.);
#2047 = ORIENTED_EDGE('',*,*,#2031,.T.);
#2048 = ORIENTED_EDGE('',*,*,#2049,.T.);
#2049 = EDGE_CURVE('',#2024,#2050,#2052,.T.);
#2050 = VERTEX_POINT('',#2051);
#2051 = CARTESIAN_POINT('',(9.012241197384,-5.892055777616,0.4));
#2052 = B_SPLINE_CURVE_WITH_KNOTS('',2,(#2053,#2054,#2055),
  .UNSPECIFIED.,.F.,.F.,(3,3),(0.,1.),.PIECEWISE_BEZIER_KNOTS.);
#2053 = CARTESIAN_POINT('',(7.39035257093,-5.420376090116,0.4));
#2054 = CARTESIAN_POINT('',(8.291401807849,-5.420376090116,0.4));
#2055 = CARTESIAN_POINT('',(9.012241197384,-5.892055777616,0.4));
#2056 = ORIENTED_EDGE('',*,*,#2057,.F.);
#2057 = EDGE_CURVE('',#972,#2050,#2058,.T.);
#2058 = LINE('',#2059,#2060);
#2059 = CARTESIAN_POINT('',(9.012241197384,-5.892055777616,1.6));
#2060 = VECTOR('',#2061,1.);
#2061 = DIRECTION('',(0.,-4.440892098501E-16,-1.));
#2062 = SURFACE_OF_LINEAR_EXTRUSION('',#2063,#2067);
#2063 = B_SPLINE_CURVE_WITH_KNOTS('',2,(#2064,#2065,#2066),
  .UNSPECIFIED.,.F.,.F.,(3,3),(0.,1.),.PIECEWISE_BEZIER_KNOTS.);
#2064 = CARTESIAN_POINT('',(7.39035257093,-5.420376090116,1.6));
#2065 = CARTESIAN_POINT('',(8.291401807849,-5.420376090116,1.6));
#2066 = CARTESIAN_POINT('',(9.012241197384,-5.892055777616,1.6));
#2067 = VECTOR('',#2068,1.);
#2068 = DIRECTION('',(-0.,4.440892098501E-16,1.));
#2069 = ADVANCED_FACE('',(#2070),#2088,.F.);
#2070 = FACE_BOUND('',#2071,.F.);
#2071 = EDGE_LOOP('',(#2072,#2073,#2074,#2082));
#2072 = ORIENTED_EDGE('',*,*,#971,.T.);
#2073 = ORIENTED_EDGE('',*,*,#2057,.T.);
#2074 = ORIENTED_EDGE('',*,*,#2075,.T.);
#2075 = EDGE_CURVE('',#2050,#2076,#2078,.T.);
#2076 = VERTEX_POINT('',#2077);
#2077 = CARTESIAN_POINT('',(9.733080586919,-7.346270893895,0.4));
#2078 = B_SPLINE_CURVE_WITH_KNOTS('',2,(#2079,#2080,#2081),
  .UNSPECIFIED.,.F.,.F.,(3,3),(0.,1.),.PIECEWISE_BEZIER_KNOTS.);
#2079 = CARTESIAN_POINT('',(9.012241197384,-5.892055777616,0.4));
#2080 = CARTESIAN_POINT('',(9.733080586919,-6.363735465116,0.4));
#2081 = CARTESIAN_POINT('',(9.733080586919,-7.346270893895,0.4));
#2082 = ORIENTED_EDGE('',*,*,#2083,.F.);
#2083 = EDGE_CURVE('',#953,#2076,#2084,.T.);
#2084 = LINE('',#2085,#2086);
#2085 = CARTESIAN_POINT('',(9.733080586919,-7.346270893895,1.6));
#2086 = VECTOR('',#2087,1.);
#2087 = DIRECTION('',(0.,-4.440892098501E-16,-1.));
#2088 = SURFACE_OF_LINEAR_EXTRUSION('',#2089,#2093);
#2089 = B_SPLINE_CURVE_WITH_KNOTS('',2,(#2090,#2091,#2092),
  .UNSPECIFIED.,.F.,.F.,(3,3),(0.,1.),.PIECEWISE_BEZIER_KNOTS.);
#2090 = CARTESIAN_POINT('',(9.012241197384,-5.892055777616,1.6));
#2091 = CARTESIAN_POINT('',(9.733080586919,-6.363735465116,1.6));
#2092 = CARTESIAN_POINT('',(9.733080586919,-7.346270893895,1.6));
#2093 = VECTOR('',#2094,1.);
#2094 = DIRECTION('',(-0.,4.440892098501E-16,1.));
#2095 = ADVANCED_FACE('',(#2096),#2114,.F.);
#2096 = FACE_BOUND('',#2097,.F.);
#2097 = EDGE_LOOP('',(#2098,#2099,#2100,#2108));
#2098 = ORIENTED_EDGE('',*,*,#952,.T.);
#2099 = ORIENTED_EDGE('',*,*,#2083,.T.);
#2100 = ORIENTED_EDGE('',*,*,#2101,.T.);
#2101 = EDGE_CURVE('',#2076,#2102,#2104,.T.);
#2102 = VERTEX_POINT('',#2103);
#2103 = CARTESIAN_POINT('',(9.208121466279,-8.635424236919,0.4));
#2104 = B_SPLINE_CURVE_WITH_KNOTS('',2,(#2105,#2106,#2107),
  .UNSPECIFIED.,.F.,.F.,(3,3),(0.,1.),.PIECEWISE_BEZIER_KNOTS.);
#2105 = CARTESIAN_POINT('',(9.733080586919,-7.346270893895,0.4));
#2106 = CARTESIAN_POINT('',(9.733080586919,-8.12456849564,0.4));
#2107 = CARTESIAN_POINT('',(9.208121466279,-8.635424236919,0.4));
#2108 = ORIENTED_EDGE('',*,*,#2109,.F.);
#2109 = EDGE_CURVE('',#930,#2102,#2110,.T.);
#2110 = LINE('',#2111,#2112);
#2111 = CARTESIAN_POINT('',(9.208121466279,-8.635424236919,1.6));
#2112 = VECTOR('',#2113,1.);
#2113 = DIRECTION('',(0.,-4.440892098501E-16,-1.));
#2114 = SURFACE_OF_LINEAR_EXTRUSION('',#2115,#2119);
#2115 = B_SPLINE_CURVE_WITH_KNOTS('',2,(#2116,#2117,#2118),
  .UNSPECIFIED.,.F.,.F.,(3,3),(0.,1.),.PIECEWISE_BEZIER_KNOTS.);
#2116 = CARTESIAN_POINT('',(9.733080586919,-7.346270893895,1.6));
#2117 = CARTESIAN_POINT('',(9.733080586919,-8.12456849564,1.6));
#2118 = CARTESIAN_POINT('',(9.208121466279,-8.635424236919,1.6));
#2119 = VECTOR('',#2120,1.);
#2120 = DIRECTION('',(-0.,4.440892098501E-16,1.));
#2121 = ADVANCED_FACE('',(#2122),#2140,.F.);
#2122 = FACE_BOUND('',#2123,.F.);
#2123 = EDGE_LOOP('',(#2124,#2125,#2126,#2134));
#2124 = ORIENTED_EDGE('',*,*,#929,.T.);
#2125 = ORIENTED_EDGE('',*,*,#2109,.T.);
#2126 = ORIENTED_EDGE('',*,*,#2127,.T.);
#2127 = EDGE_CURVE('',#2102,#2128,#2130,.T.);
#2128 = VERTEX_POINT('',#2129);
#2129 = CARTESIAN_POINT('',(7.852630005523,-9.146802325581,0.4));
#2130 = B_SPLINE_CURVE_WITH_KNOTS('',2,(#2131,#2132,#2133),
  .UNSPECIFIED.,.F.,.F.,(3,3),(0.,1.),.PIECEWISE_BEZIER_KNOTS.);
#2131 = CARTESIAN_POINT('',(9.208121466279,-8.635424236919,0.4));
#2132 = CARTESIAN_POINT('',(8.68316234564,-9.146802325581,0.4));
#2133 = CARTESIAN_POINT('',(7.852630005523,-9.146802325581,0.4));
#2134 = ORIENTED_EDGE('',*,*,#2135,.F.);
#2135 = EDGE_CURVE('',#911,#2128,#2136,.T.);
#2136 = LINE('',#2137,#2138);
#2137 = CARTESIAN_POINT('',(7.852630005523,-9.146802325581,1.6));
#2138 = VECTOR('',#2139,1.);
#2139 = DIRECTION('',(0.,-4.440892098501E-16,-1.));
#2140 = SURFACE_OF_LINEAR_EXTRUSION('',#2141,#2145);
#2141 = B_SPLINE_CURVE_WITH_KNOTS('',2,(#2142,#2143,#2144),
  .UNSPECIFIED.,.F.,.F.,(3,3),(0.,1.),.PIECEWISE_BEZIER_KNOTS.);
#2142 = CARTESIAN_POINT('',(9.208121466279,-8.635424236919,1.6));
#2143 = CARTESIAN_POINT('',(8.68316234564,-9.146802325581,1.6));
#2144 = CARTESIAN_POINT('',(7.852630005523,-9.146802325581,1.6));
#2145 = VECTOR('',#2146,1.);
#2146 = DIRECTION('',(-0.,4.440892098501E-16,1.));
#2147 = ADVANCED_FACE('',(#2148),#2166,.F.);
#2148 = FACE_BOUND('',#2149,.F.);
#2149 = EDGE_LOOP('',(#2150,#2151,#2152,#2160));
#2150 = ORIENTED_EDGE('',*,*,#910,.T.);
#2151 = ORIENTED_EDGE('',*,*,#2135,.T.);
#2152 = ORIENTED_EDGE('',*,*,#2153,.T.);
#2153 = EDGE_CURVE('',#2128,#2154,#2156,.T.);
#2154 = VERTEX_POINT('',#2155);
#2155 = CARTESIAN_POINT('',(6.481468123256,-8.62863372093,0.4));
#2156 = B_SPLINE_CURVE_WITH_KNOTS('',2,(#2157,#2158,#2159),
  .UNSPECIFIED.,.F.,.F.,(3,3),(0.,1.),.PIECEWISE_BEZIER_KNOTS.);
#2157 = CARTESIAN_POINT('',(7.852630005523,-9.146802325581,0.4));
#2158 = CARTESIAN_POINT('',(7.029932876163,-9.146802325581,0.4));
#2159 = CARTESIAN_POINT('',(6.481468123256,-8.62863372093,0.4));
#2160 = ORIENTED_EDGE('',*,*,#2161,.F.);
#2161 = EDGE_CURVE('',#889,#2154,#2162,.T.);
#2162 = LINE('',#2163,#2164);
#2163 = CARTESIAN_POINT('',(6.481468123256,-8.62863372093,1.6));
#2164 = VECTOR('',#2165,1.);
#2165 = DIRECTION('',(0.,-4.440892098501E-16,-1.));
#2166 = SURFACE_OF_LINEAR_EXTRUSION('',#2167,#2171);
#2167 = B_SPLINE_CURVE_WITH_KNOTS('',2,(#2168,#2169,#2170),
  .UNSPECIFIED.,.F.,.F.,(3,3),(0.,1.),.PIECEWISE_BEZIER_KNOTS.);
#2168 = CARTESIAN_POINT('',(7.852630005523,-9.146802325581,1.6));
#2169 = CARTESIAN_POINT('',(7.029932876163,-9.146802325581,1.6));
#2170 = CARTESIAN_POINT('',(6.481468123256,-8.62863372093,1.6));
#2171 = VECTOR('',#2172,1.);
#2172 = DIRECTION('',(-0.,4.440892098501E-16,1.));
#2173 = ADVANCED_FACE('',(#2174),#2192,.F.);
#2174 = FACE_BOUND('',#2175,.F.);
#2175 = EDGE_LOOP('',(#2176,#2177,#2178,#2186));
#2176 = ORIENTED_EDGE('',*,*,#888,.T.);
#2177 = ORIENTED_EDGE('',*,*,#2161,.T.);
#2178 = ORIENTED_EDGE('',*,*,#2179,.T.);
#2179 = EDGE_CURVE('',#2154,#2180,#2182,.T.);
#2180 = VERTEX_POINT('',#2181);
#2181 = CARTESIAN_POINT('',(5.776299155233,-7.074127906977,0.4));
#2182 = B_SPLINE_CURVE_WITH_KNOTS('',2,(#2183,#2184,#2185),
  .UNSPECIFIED.,.F.,.F.,(3,3),(0.,1.),.PIECEWISE_BEZIER_KNOTS.);
#2183 = CARTESIAN_POINT('',(6.481468123256,-8.62863372093,0.4));
#2184 = CARTESIAN_POINT('',(5.933003370349,-8.110465116279,0.4));
#2185 = CARTESIAN_POINT('',(5.776299155233,-7.074127906977,0.4));
#2186 = ORIENTED_EDGE('',*,*,#2187,.F.);
#2187 = EDGE_CURVE('',#881,#2180,#2188,.T.);
#2188 = LINE('',#2189,#2190);
#2189 = CARTESIAN_POINT('',(5.776299155233,-7.074127906977,1.6));
#2190 = VECTOR('',#2191,1.);
#2191 = DIRECTION('',(0.,-4.440892098501E-16,-1.));
#2192 = SURFACE_OF_LINEAR_EXTRUSION('',#2193,#2197);
#2193 = B_SPLINE_CURVE_WITH_KNOTS('',2,(#2194,#2195,#2196),
  .UNSPECIFIED.,.F.,.F.,(3,3),(0.,1.),.PIECEWISE_BEZIER_KNOTS.);
#2194 = CARTESIAN_POINT('',(6.481468123256,-8.62863372093,1.6));
#2195 = CARTESIAN_POINT('',(5.933003370349,-8.110465116279,1.6));
#2196 = CARTESIAN_POINT('',(5.776299155233,-7.074127906977,1.6));
#2197 = VECTOR('',#2198,1.);
#2198 = DIRECTION('',(-0.,4.440892098501E-16,1.));
#2199 = ADVANCED_FACE('',(#2200),#2218,.F.);
#2200 = FACE_BOUND('',#2201,.F.);
#2201 = EDGE_LOOP('',(#2202,#2203,#2204,#2212));
#2202 = ORIENTED_EDGE('',*,*,#880,.F.);
#2203 = ORIENTED_EDGE('',*,*,#2187,.T.);
#2204 = ORIENTED_EDGE('',*,*,#2205,.T.);
#2205 = EDGE_CURVE('',#2180,#2206,#2208,.T.);
#2206 = VERTEX_POINT('',#2207);
#2207 = CARTESIAN_POINT('',(4.365961219186,-7.341569767442,0.4));
#2208 = LINE('',#2209,#2210);
#2209 = CARTESIAN_POINT('',(5.776299155233,-7.074127906977,0.4));
#2210 = VECTOR('',#2211,1.);
#2211 = DIRECTION('',(-0.98249111826,-0.18630942687,8.273800616632E-17)
  );
#2212 = ORIENTED_EDGE('',*,*,#2213,.F.);
#2213 = EDGE_CURVE('',#858,#2206,#2214,.T.);
#2214 = LINE('',#2215,#2216);
#2215 = CARTESIAN_POINT('',(4.365961219186,-7.341569767442,1.6));
#2216 = VECTOR('',#2217,1.);
#2217 = DIRECTION('',(0.,-4.440892098501E-16,-1.));
#2218 = PLANE('',#2219);
#2219 = AXIS2_PLACEMENT_3D('',#2220,#2221,#2222);
#2220 = CARTESIAN_POINT('',(5.776299155233,-7.074127906977,1.6));
#2221 = DIRECTION('',(-0.18630942687,0.98249111826,-4.363137043927E-16)
  );
#2222 = DIRECTION('',(-0.98249111826,-0.18630942687,8.273800616632E-17)
  );
#2223 = ADVANCED_FACE('',(#2224),#2242,.F.);
#2224 = FACE_BOUND('',#2225,.F.);
#2225 = EDGE_LOOP('',(#2226,#2227,#2228,#2236));
#2226 = ORIENTED_EDGE('',*,*,#857,.T.);
#2227 = ORIENTED_EDGE('',*,*,#2213,.T.);
#2228 = ORIENTED_EDGE('',*,*,#2229,.T.);
#2229 = EDGE_CURVE('',#2206,#2230,#2232,.T.);
#2230 = VERTEX_POINT('',#2231);
#2231 = CARTESIAN_POINT('',(5.541242832558,-9.537518168605,0.4));
#2232 = B_SPLINE_CURVE_WITH_KNOTS('',2,(#2233,#2234,#2235),
  .UNSPECIFIED.,.F.,.F.,(3,3),(0.,1.),.PIECEWISE_BEZIER_KNOTS.);
#2233 = CARTESIAN_POINT('',(4.365961219186,-7.341569767442,0.4));
#2234 = CARTESIAN_POINT('',(4.624523174128,-8.758698219477,0.4));
#2235 = CARTESIAN_POINT('',(5.541242832558,-9.537518168605,0.4));
#2236 = ORIENTED_EDGE('',*,*,#2237,.F.);
#2237 = EDGE_CURVE('',#835,#2230,#2238,.T.);
#2238 = LINE('',#2239,#2240);
#2239 = CARTESIAN_POINT('',(5.541242832558,-9.537518168605,1.6));
#2240 = VECTOR('',#2241,1.);
#2241 = DIRECTION('',(0.,-4.440892098501E-16,-1.));
#2242 = SURFACE_OF_LINEAR_EXTRUSION('',#2243,#2247);
#2243 = B_SPLINE_CURVE_WITH_KNOTS('',2,(#2244,#2245,#2246),
  .UNSPECIFIED.,.F.,.F.,(3,3),(0.,1.),.PIECEWISE_BEZIER_KNOTS.);
#2244 = CARTESIAN_POINT('',(4.365961219186,-7.341569767442,1.6));
#2245 = CARTESIAN_POINT('',(4.624523174128,-8.758698219477,1.6));
#2246 = CARTESIAN_POINT('',(5.541242832558,-9.537518168605,1.6));
#2247 = VECTOR('',#2248,1.);
#2248 = DIRECTION('',(-0.,4.440892098501E-16,1.));
#2249 = ADVANCED_FACE('',(#2250),#2268,.F.);
#2250 = FACE_BOUND('',#2251,.F.);
#2251 = EDGE_LOOP('',(#2252,#2253,#2254,#2262));
#2252 = ORIENTED_EDGE('',*,*,#834,.T.);
#2253 = ORIENTED_EDGE('',*,*,#2237,.T.);
#2254 = ORIENTED_EDGE('',*,*,#2255,.T.);
#2255 = EDGE_CURVE('',#2230,#2256,#2258,.T.);
#2256 = VERTEX_POINT('',#2257);
#2257 = CARTESIAN_POINT('',(7.8212891625,-10.31686046511,0.4));
#2258 = B_SPLINE_CURVE_WITH_KNOTS('',2,(#2259,#2260,#2261),
  .UNSPECIFIED.,.F.,.F.,(3,3),(0.,1.),.PIECEWISE_BEZIER_KNOTS.);
#2259 = CARTESIAN_POINT('',(5.541242832558,-9.537518168605,0.4));
#2260 = CARTESIAN_POINT('',(6.457962490988,-10.31686046511,0.4));
#2261 = CARTESIAN_POINT('',(7.8212891625,-10.31686046511,0.4));
#2262 = ORIENTED_EDGE('',*,*,#2263,.F.);
#2263 = EDGE_CURVE('',#818,#2256,#2264,.T.);
#2264 = LINE('',#2265,#2266);
#2265 = CARTESIAN_POINT('',(7.8212891625,-10.31686046511,1.6));
#2266 = VECTOR('',#2267,1.);
#2267 = DIRECTION('',(0.,-4.440892098501E-16,-1.));
#2268 = SURFACE_OF_LINEAR_EXTRUSION('',#2269,#2273);
#2269 = B_SPLINE_CURVE_WITH_KNOTS('',2,(#2270,#2271,#2272),
  .UNSPECIFIED.,.F.,.F.,(3,3),(0.,1.),.PIECEWISE_BEZIER_KNOTS.);
#2270 = CARTESIAN_POINT('',(5.541242832558,-9.537518168605,1.6));
#2271 = CARTESIAN_POINT('',(6.457962490988,-10.31686046511,1.6));
#2272 = CARTESIAN_POINT('',(7.8212891625,-10.31686046511,1.6));
#2273 = VECTOR('',#2274,1.);
#2274 = DIRECTION('',(-0.,4.440892098501E-16,1.));
#2275 = ADVANCED_FACE('',(#2276),#2294,.F.);
#2276 = FACE_BOUND('',#2277,.F.);
#2277 = EDGE_LOOP('',(#2278,#2279,#2280,#2288));
#2278 = ORIENTED_EDGE('',*,*,#817,.T.);
#2279 = ORIENTED_EDGE('',*,*,#2263,.T.);
#2280 = ORIENTED_EDGE('',*,*,#2281,.T.);
#2281 = EDGE_CURVE('',#2256,#2282,#2284,.T.);
#2282 = VERTEX_POINT('',#2283);
#2283 = CARTESIAN_POINT('',(9.552870739535,-9.911518895349,0.4));
#2284 = B_SPLINE_CURVE_WITH_KNOTS('',2,(#2285,#2286,#2287),
  .UNSPECIFIED.,.F.,.F.,(3,3),(0.,1.),.PIECEWISE_BEZIER_KNOTS.);
#2285 = CARTESIAN_POINT('',(7.8212891625,-10.31686046511,0.4));
#2286 = CARTESIAN_POINT('',(8.761514453198,-10.31686046511,0.4));
#2287 = CARTESIAN_POINT('',(9.552870739535,-9.911518895349,0.4));
#2288 = ORIENTED_EDGE('',*,*,#2289,.F.);
#2289 = EDGE_CURVE('',#801,#2282,#2290,.T.);
#2290 = LINE('',#2291,#2292);
#2291 = CARTESIAN_POINT('',(9.552870739535,-9.911518895349,1.6));
#2292 = VECTOR('',#2293,1.);
#2293 = DIRECTION('',(0.,-4.440892098501E-16,-1.));
#2294 = SURFACE_OF_LINEAR_EXTRUSION('',#2295,#2299);
#2295 = B_SPLINE_CURVE_WITH_KNOTS('',2,(#2296,#2297,#2298),
  .UNSPECIFIED.,.F.,.F.,(3,3),(0.,1.),.PIECEWISE_BEZIER_KNOTS.);
#2296 = CARTESIAN_POINT('',(7.8212891625,-10.31686046511,1.6));
#2297 = CARTESIAN_POINT('',(8.761514453198,-10.31686046511,1.6));
#2298 = CARTESIAN_POINT('',(9.552870739535,-9.911518895349,1.6));
#2299 = VECTOR('',#2300,1.);
#2300 = DIRECTION('',(-0.,4.440892098501E-16,1.));
#2301 = ADVANCED_FACE('',(#2302),#2320,.F.);
#2302 = FACE_BOUND('',#2303,.F.);
#2303 = EDGE_LOOP('',(#2304,#2305,#2306,#2314));
#2304 = ORIENTED_EDGE('',*,*,#800,.T.);
#2305 = ORIENTED_EDGE('',*,*,#2289,.T.);
#2306 = ORIENTED_EDGE('',*,*,#2307,.T.);
#2307 = EDGE_CURVE('',#2282,#2308,#2310,.T.);
#2308 = VERTEX_POINT('',#2309);
#2309 = CARTESIAN_POINT('',(10.763149627616,-8.805709484012,0.4));
#2310 = B_SPLINE_CURVE_WITH_KNOTS('',2,(#2311,#2312,#2313),
  .UNSPECIFIED.,.F.,.F.,(3,3),(0.,1.),.PIECEWISE_BEZIER_KNOTS.);
#2311 = CARTESIAN_POINT('',(9.552870739535,-9.911518895349,0.4));
#2312 = CARTESIAN_POINT('',(10.344227025872,-9.506177325581,0.4));
#2313 = CARTESIAN_POINT('',(10.763149627616,-8.805709484012,0.4));
#2314 = ORIENTED_EDGE('',*,*,#2315,.F.);
#2315 = EDGE_CURVE('',#786,#2308,#2316,.T.);
#2316 = LINE('',#2317,#2318);
#2317 = CARTESIAN_POINT('',(10.763149627616,-8.805709484012,1.6));
#2318 = VECTOR('',#2319,1.);
#2319 = DIRECTION('',(0.,-4.440892098501E-16,-1.));
#2320 = SURFACE_OF_LINEAR_EXTRUSION('',#2321,#2325);
#2321 = B_SPLINE_CURVE_WITH_KNOTS('',2,(#2322,#2323,#2324),
  .UNSPECIFIED.,.F.,.F.,(3,3),(0.,1.),.PIECEWISE_BEZIER_KNOTS.);
#2322 = CARTESIAN_POINT('',(9.552870739535,-9.911518895349,1.6));
#2323 = CARTESIAN_POINT('',(10.344227025872,-9.506177325581,1.6));
#2324 = CARTESIAN_POINT('',(10.763149627616,-8.805709484012,1.6));
#2325 = VECTOR('',#2326,1.);
#2326 = DIRECTION('',(-0.,4.440892098501E-16,1.));
#2327 = ADVANCED_FACE('',(#2328),#2346,.F.);
#2328 = FACE_BOUND('',#2329,.F.);
#2329 = EDGE_LOOP('',(#2330,#2331,#2332,#2340));
#2330 = ORIENTED_EDGE('',*,*,#785,.T.);
#2331 = ORIENTED_EDGE('',*,*,#2315,.T.);
#2332 = ORIENTED_EDGE('',*,*,#2333,.T.);
#2333 = EDGE_CURVE('',#2308,#2334,#2336,.T.);
#2334 = VERTEX_POINT('',#2335);
#2335 = CARTESIAN_POINT('',(11.182594576744,-7.319108829942,0.4));
#2336 = B_SPLINE_CURVE_WITH_KNOTS('',2,(#2337,#2338,#2339),
  .UNSPECIFIED.,.F.,.F.,(3,3),(0.,1.),.PIECEWISE_BEZIER_KNOTS.);
#2337 = CARTESIAN_POINT('',(10.763149627616,-8.805709484012,0.4));
#2338 = CARTESIAN_POINT('',(11.182594576744,-8.105763989826,0.4));
#2339 = CARTESIAN_POINT('',(11.182594576744,-7.319108829942,0.4));
#2340 = ORIENTED_EDGE('',*,*,#2341,.F.);
#2341 = EDGE_CURVE('',#771,#2334,#2342,.T.);
#2342 = LINE('',#2343,#2344);
#2343 = CARTESIAN_POINT('',(11.182594576744,-7.319108829942,1.6));
#2344 = VECTOR('',#2345,1.);
#2345 = DIRECTION('',(0.,-4.440892098501E-16,-1.));
#2346 = SURFACE_OF_LINEAR_EXTRUSION('',#2347,#2351);
#2347 = B_SPLINE_CURVE_WITH_KNOTS('',2,(#2348,#2349,#2350),
  .UNSPECIFIED.,.F.,.F.,(3,3),(0.,1.),.PIECEWISE_BEZIER_KNOTS.);
#2348 = CARTESIAN_POINT('',(10.763149627616,-8.805709484012,1.6));
#2349 = CARTESIAN_POINT('',(11.182594576744,-8.105763989826,1.6));
#2350 = CARTESIAN_POINT('',(11.182594576744,-7.319108829942,1.6));
#2351 = VECTOR('',#2352,1.);
#2352 = DIRECTION('',(-0.,4.440892098501E-16,1.));
#2353 = ADVANCED_FACE('',(#2354),#2372,.F.);
#2354 = FACE_BOUND('',#2355,.F.);
#2355 = EDGE_LOOP('',(#2356,#2357,#2358,#2366));
#2356 = ORIENTED_EDGE('',*,*,#770,.T.);
#2357 = ORIENTED_EDGE('',*,*,#2341,.T.);
#2358 = ORIENTED_EDGE('',*,*,#2359,.T.);
#2359 = EDGE_CURVE('',#2334,#2360,#2362,.T.);
#2360 = VERTEX_POINT('',#2361);
#2361 = CARTESIAN_POINT('',(10.782998828198,-5.957871547965,0.4));
#2362 = B_SPLINE_CURVE_WITH_KNOTS('',2,(#2363,#2364,#2365),
  .UNSPECIFIED.,.F.,.F.,(3,3),(0.,1.),.PIECEWISE_BEZIER_KNOTS.);
#2363 = CARTESIAN_POINT('',(11.182594576744,-7.319108829942,0.4));
#2364 = CARTESIAN_POINT('',(11.182594576744,-6.571629723837,0.4));
#2365 = CARTESIAN_POINT('',(10.782998828198,-5.957871547965,0.4));
#2366 = ORIENTED_EDGE('',*,*,#2367,.F.);
#2367 = EDGE_CURVE('',#754,#2360,#2368,.T.);
#2368 = LINE('',#2369,#2370);
#2369 = CARTESIAN_POINT('',(10.782998828198,-5.957871547965,1.6));
#2370 = VECTOR('',#2371,1.);
#2371 = DIRECTION('',(0.,-4.440892098501E-16,-1.));
#2372 = SURFACE_OF_LINEAR_EXTRUSION('',#2373,#2377);
#2373 = B_SPLINE_CURVE_WITH_KNOTS('',2,(#2374,#2375,#2376),
  .UNSPECIFIED.,.F.,.F.,(3,3),(0.,1.),.PIECEWISE_BEZIER_KNOTS.);
#2374 = CARTESIAN_POINT('',(11.182594576744,-7.319108829942,1.6));
#2375 = CARTESIAN_POINT('',(11.182594576744,-6.571629723837,1.6));
#2376 = CARTESIAN_POINT('',(10.782998828198,-5.957871547965,1.6));
#2377 = VECTOR('',#2378,1.);
#2378 = DIRECTION('',(-0.,4.440892098501E-16,1.));
#2379 = ADVANCED_FACE('',(#2380),#2398,.F.);
#2380 = FACE_BOUND('',#2381,.F.);
#2381 = EDGE_LOOP('',(#2382,#2383,#2384,#2392));
#2382 = ORIENTED_EDGE('',*,*,#753,.T.);
#2383 = ORIENTED_EDGE('',*,*,#2367,.T.);
#2384 = ORIENTED_EDGE('',*,*,#2385,.T.);
#2385 = EDGE_CURVE('',#2360,#2386,#2388,.T.);
#2386 = VERTEX_POINT('',#2387);
#2387 = CARTESIAN_POINT('',(9.59988200407,-4.982126635174,0.4));
#2388 = B_SPLINE_CURVE_WITH_KNOTS('',2,(#2389,#2390,#2391),
  .UNSPECIFIED.,.F.,.F.,(3,3),(0.,1.),.PIECEWISE_BEZIER_KNOTS.);
#2389 = CARTESIAN_POINT('',(10.782998828198,-5.957871547965,0.4));
#2390 = CARTESIAN_POINT('',(10.383403079651,-5.344113372093,0.4));
#2391 = CARTESIAN_POINT('',(9.59988200407,-4.982126635174,0.4));
#2392 = ORIENTED_EDGE('',*,*,#2393,.F.);
#2393 = EDGE_CURVE('',#731,#2386,#2394,.T.);
#2394 = LINE('',#2395,#2396);
#2395 = CARTESIAN_POINT('',(9.59988200407,-4.982126635174,1.6));
#2396 = VECTOR('',#2397,1.);
#2397 = DIRECTION('',(0.,-4.440892098501E-16,-1.));
#2398 = SURFACE_OF_LINEAR_EXTRUSION('',#2399,#2403);
#2399 = B_SPLINE_CURVE_WITH_KNOTS('',2,(#2400,#2401,#2402),
  .UNSPECIFIED.,.F.,.F.,(3,3),(0.,1.),.PIECEWISE_BEZIER_KNOTS.);
#2400 = CARTESIAN_POINT('',(10.782998828198,-5.957871547965,1.6));
#2401 = CARTESIAN_POINT('',(10.383403079651,-5.344113372093,1.6));
#2402 = CARTESIAN_POINT('',(9.59988200407,-4.982126635174,1.6));
#2403 = VECTOR('',#2404,1.);
#2404 = DIRECTION('',(-0.,4.440892098501E-16,1.));
#2405 = ADVANCED_FACE('',(#2406),#2424,.F.);
#2406 = FACE_BOUND('',#2407,.F.);
#2407 = EDGE_LOOP('',(#2408,#2409,#2410,#2418));
#2408 = ORIENTED_EDGE('',*,*,#730,.T.);
#2409 = ORIENTED_EDGE('',*,*,#2393,.T.);
#2410 = ORIENTED_EDGE('',*,*,#2411,.T.);
#2411 = EDGE_CURVE('',#2386,#2412,#2414,.T.);
#2412 = VERTEX_POINT('',#2413);
#2413 = CARTESIAN_POINT('',(11.182594576744,-4.005337027616,0.4));
#2414 = B_SPLINE_CURVE_WITH_KNOTS('',2,(#2415,#2416,#2417),
  .UNSPECIFIED.,.F.,.F.,(3,3),(0.,1.),.PIECEWISE_BEZIER_KNOTS.);
#2415 = CARTESIAN_POINT('',(9.59988200407,-4.982126635174,0.4));
#2416 = CARTESIAN_POINT('',(10.618459402326,-4.746547965116,0.4));
#2417 = CARTESIAN_POINT('',(11.182594576744,-4.005337027616,0.4));
#2418 = ORIENTED_EDGE('',*,*,#2419,.F.);
#2419 = EDGE_CURVE('',#704,#2412,#2420,.T.);
#2420 = LINE('',#2421,#2422);
#2421 = CARTESIAN_POINT('',(11.182594576744,-4.005337027616,1.6));
#2422 = VECTOR('',#2423,1.);
#2423 = DIRECTION('',(0.,-4.440892098501E-16,-1.));
#2424 = SURFACE_OF_LINEAR_EXTRUSION('',#2425,#2429);
#2425 = B_SPLINE_CURVE_WITH_KNOTS('',2,(#2426,#2427,#2428),
  .UNSPECIFIED.,.F.,.F.,(3,3),(0.,1.),.PIECEWISE_BEZIER_KNOTS.);
#2426 = CARTESIAN_POINT('',(9.59988200407,-4.982126635174,1.6));
#2427 = CARTESIAN_POINT('',(10.618459402326,-4.746547965116,1.6));
#2428 = CARTESIAN_POINT('',(11.182594576744,-4.005337027616,1.6));
#2429 = VECTOR('',#2430,1.);
#2430 = DIRECTION('',(-0.,4.440892098501E-16,1.));
#2431 = ADVANCED_FACE('',(#2432),#2450,.F.);
#2432 = FACE_BOUND('',#2433,.F.);
#2433 = EDGE_LOOP('',(#2434,#2435,#2436,#2444));
#2434 = ORIENTED_EDGE('',*,*,#703,.T.);
#2435 = ORIENTED_EDGE('',*,*,#2419,.T.);
#2436 = ORIENTED_EDGE('',*,*,#2437,.T.);
#2437 = EDGE_CURVE('',#2412,#2438,#2440,.T.);
#2438 = VERTEX_POINT('',#2439);
#2439 = CARTESIAN_POINT('',(11.746729751163,-2.14995912064,0.4));
#2440 = B_SPLINE_CURVE_WITH_KNOTS('',2,(#2441,#2442,#2443),
  .UNSPECIFIED.,.F.,.F.,(3,3),(0.,1.),.PIECEWISE_BEZIER_KNOTS.);
#2441 = CARTESIAN_POINT('',(11.182594576744,-4.005337027616,0.4));
#2442 = CARTESIAN_POINT('',(11.746729751163,-3.264126090116,0.4));
#2443 = CARTESIAN_POINT('',(11.746729751163,-2.14995912064,0.4));
#2444 = ORIENTED_EDGE('',*,*,#2445,.F.);
#2445 = EDGE_CURVE('',#681,#2438,#2446,.T.);
#2446 = LINE('',#2447,#2448);
#2447 = CARTESIAN_POINT('',(11.746729751163,-2.14995912064,1.6));
#2448 = VECTOR('',#2449,1.);
#2449 = DIRECTION('',(0.,-4.440892098501E-16,-1.));
#2450 = SURFACE_OF_LINEAR_EXTRUSION('',#2451,#2455);
#2451 = B_SPLINE_CURVE_WITH_KNOTS('',2,(#2452,#2453,#2454),
  .UNSPECIFIED.,.F.,.F.,(3,3),(0.,1.),.PIECEWISE_BEZIER_KNOTS.);
#2452 = CARTESIAN_POINT('',(11.182594576744,-4.005337027616,1.6));
#2453 = CARTESIAN_POINT('',(11.746729751163,-3.264126090116,1.6));
#2454 = CARTESIAN_POINT('',(11.746729751163,-2.14995912064,1.6));
#2455 = VECTOR('',#2456,1.);
#2456 = DIRECTION('',(-0.,4.440892098501E-16,1.));
#2457 = ADVANCED_FACE('',(#2458),#2476,.F.);
#2458 = FACE_BOUND('',#2459,.F.);
#2459 = EDGE_LOOP('',(#2460,#2461,#2462,#2470));
#2460 = ORIENTED_EDGE('',*,*,#680,.T.);
#2461 = ORIENTED_EDGE('',*,*,#2445,.T.);
#2462 = ORIENTED_EDGE('',*,*,#2463,.T.);
#2463 = EDGE_CURVE('',#2438,#2464,#2466,.T.);
#2464 = VERTEX_POINT('',#2465);
#2465 = CARTESIAN_POINT('',(10.649800245349,0.403274890988,0.4));
#2466 = B_SPLINE_CURVE_WITH_KNOTS('',2,(#2467,#2468,#2469),
  .UNSPECIFIED.,.F.,.F.,(3,3),(0.,1.),.PIECEWISE_BEZIER_KNOTS.);
#2467 = CARTESIAN_POINT('',(11.746729751163,-2.14995912064,0.4));
#2468 = CARTESIAN_POINT('',(11.746729751163,-0.644031613372,0.4));
#2469 = CARTESIAN_POINT('',(10.649800245349,0.403274890988,0.4));
#2470 = ORIENTED_EDGE('',*,*,#2471,.F.);
#2471 = EDGE_CURVE('',#659,#2464,#2472,.T.);
#2472 = LINE('',#2473,#2474);
#2473 = CARTESIAN_POINT('',(10.649800245349,0.403274890988,1.6));
#2474 = VECTOR('',#2475,1.);
#2475 = DIRECTION('',(0.,-4.440892098501E-16,-1.));
#2476 = SURFACE_OF_LINEAR_EXTRUSION('',#2477,#2481);
#2477 = B_SPLINE_CURVE_WITH_KNOTS('',2,(#2478,#2479,#2480),
  .UNSPECIFIED.,.F.,.F.,(3,3),(0.,1.),.PIECEWISE_BEZIER_KNOTS.);
#2478 = CARTESIAN_POINT('',(11.746729751163,-2.14995912064,1.6));
#2479 = CARTESIAN_POINT('',(11.746729751163,-0.644031613372,1.6));
#2480 = CARTESIAN_POINT('',(10.649800245349,0.403274890988,1.6));
#2481 = VECTOR('',#2482,1.);
#2482 = DIRECTION('',(-0.,4.440892098501E-16,1.));
#2483 = ADVANCED_FACE('',(#2484),#2502,.F.);
#2484 = FACE_BOUND('',#2485,.F.);
#2485 = EDGE_LOOP('',(#2486,#2487,#2488,#2496));
#2486 = ORIENTED_EDGE('',*,*,#658,.T.);
#2487 = ORIENTED_EDGE('',*,*,#2471,.T.);
#2488 = ORIENTED_EDGE('',*,*,#2489,.T.);
#2489 = EDGE_CURVE('',#2464,#2490,#2492,.T.);
#2490 = VERTEX_POINT('',#2491);
#2491 = CARTESIAN_POINT('',(7.876135637791,1.450581395349,0.4));
#2492 = B_SPLINE_CURVE_WITH_KNOTS('',2,(#2493,#2494,#2495),
  .UNSPECIFIED.,.F.,.F.,(3,3),(0.,1.),.PIECEWISE_BEZIER_KNOTS.);
#2493 = CARTESIAN_POINT('',(10.649800245349,0.403274890988,0.4));
#2494 = CARTESIAN_POINT('',(9.552870739535,1.450581395349,0.4));
#2495 = CARTESIAN_POINT('',(7.876135637791,1.450581395349,0.4));
#2496 = ORIENTED_EDGE('',*,*,#2497,.F.);
#2497 = EDGE_CURVE('',#636,#2490,#2498,.T.);
#2498 = LINE('',#2499,#2500);
#2499 = CARTESIAN_POINT('',(7.876135637791,1.450581395349,1.6));
#2500 = VECTOR('',#2501,1.);
#2501 = DIRECTION('',(0.,-4.440892098501E-16,-1.));
#2502 = SURFACE_OF_LINEAR_EXTRUSION('',#2503,#2507);
#2503 = B_SPLINE_CURVE_WITH_KNOTS('',2,(#2504,#2505,#2506),
  .UNSPECIFIED.,.F.,.F.,(3,3),(0.,1.),.PIECEWISE_BEZIER_KNOTS.);
#2504 = CARTESIAN_POINT('',(10.649800245349,0.403274890988,1.6));
#2505 = CARTESIAN_POINT('',(9.552870739535,1.450581395349,1.6));
#2506 = CARTESIAN_POINT('',(7.876135637791,1.450581395349,1.6));
#2507 = VECTOR('',#2508,1.);
#2508 = DIRECTION('',(-0.,4.440892098501E-16,1.));
#2509 = ADVANCED_FACE('',(#2510),#2528,.F.);
#2510 = FACE_BOUND('',#2511,.F.);
#2511 = EDGE_LOOP('',(#2512,#2513,#2514,#2522));
#2512 = ORIENTED_EDGE('',*,*,#635,.T.);
#2513 = ORIENTED_EDGE('',*,*,#2497,.T.);
#2514 = ORIENTED_EDGE('',*,*,#2515,.T.);
#2515 = EDGE_CURVE('',#2490,#2516,#2518,.T.);
#2516 = VERTEX_POINT('',#2517);
#2517 = CARTESIAN_POINT('',(5.36468941686,0.556845021802,0.4));
#2518 = B_SPLINE_CURVE_WITH_KNOTS('',2,(#2519,#2520,#2521),
  .UNSPECIFIED.,.F.,.F.,(3,3),(0.,1.),.PIECEWISE_BEZIER_KNOTS.);
#2519 = CARTESIAN_POINT('',(7.876135637791,1.450581395349,0.4));
#2520 = CARTESIAN_POINT('',(6.363939961919,1.450581395349,0.4));
#2521 = CARTESIAN_POINT('',(5.36468941686,0.556845021802,0.4));
#2522 = ORIENTED_EDGE('',*,*,#2523,.F.);
#2523 = EDGE_CURVE('',#617,#2516,#2524,.T.);
#2524 = LINE('',#2525,#2526);
#2525 = CARTESIAN_POINT('',(5.36468941686,0.556845021802,1.6));
#2526 = VECTOR('',#2527,1.);
#2527 = DIRECTION('',(0.,-4.440892098501E-16,-1.));
#2528 = SURFACE_OF_LINEAR_EXTRUSION('',#2529,#2533);
#2529 = B_SPLINE_CURVE_WITH_KNOTS('',2,(#2530,#2531,#2532),
  .UNSPECIFIED.,.F.,.F.,(3,3),(0.,1.),.PIECEWISE_BEZIER_KNOTS.);
#2530 = CARTESIAN_POINT('',(7.876135637791,1.450581395349,1.6));
#2531 = CARTESIAN_POINT('',(6.363939961919,1.450581395349,1.6));
#2532 = CARTESIAN_POINT('',(5.36468941686,0.556845021802,1.6));
#2533 = VECTOR('',#2534,1.);
#2534 = DIRECTION('',(-0.,4.440892098501E-16,1.));
#2535 = ADVANCED_FACE('',(#2536),#2547,.F.);
#2536 = FACE_BOUND('',#2537,.F.);
#2537 = EDGE_LOOP('',(#2538,#2539,#2540,#2546));
#2538 = ORIENTED_EDGE('',*,*,#616,.T.);
#2539 = ORIENTED_EDGE('',*,*,#2523,.T.);
#2540 = ORIENTED_EDGE('',*,*,#2541,.T.);
#2541 = EDGE_CURVE('',#2516,#1786,#2542,.T.);
#2542 = B_SPLINE_CURVE_WITH_KNOTS('',2,(#2543,#2544,#2545),
  .UNSPECIFIED.,.F.,.F.,(3,3),(0.,1.),.PIECEWISE_BEZIER_KNOTS.);
#2543 = CARTESIAN_POINT('',(5.36468941686,0.556845021802,0.4));
#2544 = CARTESIAN_POINT('',(4.365961219186,-0.336891351744,0.4));
#2545 = CARTESIAN_POINT('',(4.224927425581,-1.758720930233,0.4));
#2546 = ORIENTED_EDGE('',*,*,#1785,.F.);
#2547 = SURFACE_OF_LINEAR_EXTRUSION('',#2548,#2552);
#2548 = B_SPLINE_CURVE_WITH_KNOTS('',2,(#2549,#2550,#2551),
  .UNSPECIFIED.,.F.,.F.,(3,3),(0.,1.),.PIECEWISE_BEZIER_KNOTS.);
#2549 = CARTESIAN_POINT('',(5.36468941686,0.556845021802,1.6));
#2550 = CARTESIAN_POINT('',(4.365961219186,-0.336891351744,1.6));
#2551 = CARTESIAN_POINT('',(4.224927425581,-1.758720930233,1.6));
#2552 = VECTOR('',#2553,1.);
#2553 = DIRECTION('',(-0.,4.440892098501E-16,1.));
#2554 = ADVANCED_FACE('',(#2555),#2579,.F.);
#2555 = FACE_BOUND('',#2556,.F.);
#2556 = EDGE_LOOP('',(#2557,#2558,#2559,#2560,#2561,#2562,#2563,#2564,
    #2565,#2566,#2567,#2568,#2569,#2570,#2571,#2572,#2573,#2574,#2575,
    #2576,#2577,#2578));
#2557 = ORIENTED_EDGE('',*,*,#1225,.F.);
#2558 = ORIENTED_EDGE('',*,*,#1767,.F.);
#2559 = ORIENTED_EDGE('',*,*,#1741,.F.);
#2560 = ORIENTED_EDGE('',*,*,#1715,.F.);
#2561 = ORIENTED_EDGE('',*,*,#1689,.F.);
#2562 = ORIENTED_EDGE('',*,*,#1663,.F.);
#2563 = ORIENTED_EDGE('',*,*,#1637,.F.);
#2564 = ORIENTED_EDGE('',*,*,#1611,.F.);
#2565 = ORIENTED_EDGE('',*,*,#1585,.F.);
#2566 = ORIENTED_EDGE('',*,*,#1559,.F.);
#2567 = ORIENTED_EDGE('',*,*,#1533,.F.);
#2568 = ORIENTED_EDGE('',*,*,#1509,.F.);
#2569 = ORIENTED_EDGE('',*,*,#1483,.F.);
#2570 = ORIENTED_EDGE('',*,*,#1457,.F.);
#2571 = ORIENTED_EDGE('',*,*,#1431,.F.);
#2572 = ORIENTED_EDGE('',*,*,#1405,.F.);
#2573 = ORIENTED_EDGE('',*,*,#1379,.F.);
#2574 = ORIENTED_EDGE('',*,*,#1353,.F.);
#2575 = ORIENTED_EDGE('',*,*,#1327,.F.);
#2576 = ORIENTED_EDGE('',*,*,#1301,.F.);
#2577 = ORIENTED_EDGE('',*,*,#1275,.F.);
#2578 = ORIENTED_EDGE('',*,*,#1249,.F.);
#2579 = PLANE('',#2580);
#2580 = AXIS2_PLACEMENT_3D('',#2581,#2582,#2583);
#2581 = CARTESIAN_POINT('',(2.753443308636,-4.437244481313,0.4));
#2582 = DIRECTION('',(0.,-4.440892098501E-16,-1.));
#2583 = DIRECTION('',(1.,0.,0.));
#2584 = ADVANCED_FACE('',(#2585),#2617,.F.);
#2585 = FACE_BOUND('',#2586,.F.);
#2586 = EDGE_LOOP('',(#2587,#2588,#2589,#2590,#2591,#2592,#2593,#2594,
    #2595,#2596,#2597,#2598,#2599,#2600,#2601,#2602,#2603,#2604,#2605,
    #2606,#2607,#2608,#2609,#2610,#2611,#2612,#2613,#2614,#2615,#2616));
#2587 = ORIENTED_EDGE('',*,*,#1793,.F.);
#2588 = ORIENTED_EDGE('',*,*,#2541,.F.);
#2589 = ORIENTED_EDGE('',*,*,#2515,.F.);
#2590 = ORIENTED_EDGE('',*,*,#2489,.F.);
#2591 = ORIENTED_EDGE('',*,*,#2463,.F.);
#2592 = ORIENTED_EDGE('',*,*,#2437,.F.);
#2593 = ORIENTED_EDGE('',*,*,#2411,.F.);
#2594 = ORIENTED_EDGE('',*,*,#2385,.F.);
#2595 = ORIENTED_EDGE('',*,*,#2359,.F.);
#2596 = ORIENTED_EDGE('',*,*,#2333,.F.);
#2597 = ORIENTED_EDGE('',*,*,#2307,.F.);
#2598 = ORIENTED_EDGE('',*,*,#2281,.F.);
#2599 = ORIENTED_EDGE('',*,*,#2255,.F.);
#2600 = ORIENTED_EDGE('',*,*,#2229,.F.);
#2601 = ORIENTED_EDGE('',*,*,#2205,.F.);
#2602 = ORIENTED_EDGE('',*,*,#2179,.F.);
#2603 = ORIENTED_EDGE('',*,*,#2153,.F.);
#2604 = ORIENTED_EDGE('',*,*,#2127,.F.);
#2605 = ORIENTED_EDGE('',*,*,#2101,.F.);
#2606 = ORIENTED_EDGE('',*,*,#2075,.F.);
#2607 = ORIENTED_EDGE('',*,*,#2049,.F.);
#2608 = ORIENTED_EDGE('',*,*,#2023,.F.);
#2609 = ORIENTED_EDGE('',*,*,#1999,.F.);
#2610 = ORIENTED_EDGE('',*,*,#1973,.F.);
#2611 = ORIENTED_EDGE('',*,*,#1947,.F.);
#2612 = ORIENTED_EDGE('',*,*,#1921,.F.);
#2613 = ORIENTED_EDGE('',*,*,#1895,.F.);
#2614 = ORIENTED_EDGE('',*,*,#1869,.F.);
#2615 = ORIENTED_EDGE('',*,*,#1843,.F.);
#2616 = ORIENTED_EDGE('',*,*,#1817,.F.);
#2617 = PLANE('',#2618);
#2618 = AXIS2_PLACEMENT_3D('',#2619,#2620,#2621);
#2619 = CARTESIAN_POINT('',(2.753443308636,-4.437244481313,0.4));
#2620 = DIRECTION('',(0.,-4.440892098501E-16,-1.));
#2621 = DIRECTION('',(1.,0.,0.));
#2622 = ( GEOMETRIC_REPRESENTATION_CONTEXT(3) 
GLOBAL_UNCERTAINTY_ASSIGNED_CONTEXT((#2626)) 
GLOBAL_UNIT_ASSIGNED_CONTEXT((#2623,#2624,#2625)) REPRESENTATION_CONTEXT
('Context #1','3D Context with UNIT and UNCERTAINTY') );
#2623 = ( LENGTH_UNIT() NAMED_UNIT(*) SI_UNIT(.MILLI.,.METRE.) );
#2624 = ( NAMED_UNIT(*) PLANE_ANGLE_UNIT() SI_UNIT($,.RADIAN.) );
#2625 = ( NAMED_UNIT(*) SI_UNIT($,.STERADIAN.) SOLID_ANGLE_UNIT() );
#2626 = UNCERTAINTY_MEASURE_WITH_UNIT(LENGTH_MEASURE(2.E-06),#2623,
  'distance_accuracy_value','confusion accuracy');
#2627 = PRODUCT_RELATED_PRODUCT_CATEGORY('part',$,(#7));
ENDSEC;
END-ISO-10303-21;
