ISO-10303-21;
HEADER;
FILE_DESCRIPTION(('FreeCAD Model'),'2;1');
FILE_NAME('Open CASCADE Shape Model','2026-09-25T00:30:20',('FreeCAD'),(
    'FreeCAD'),'Open CASCADE STEP processor 7.8','FreeCAD','Unknown');
FILE_SCHEMA(('AUTOMOTIVE_DESIGN { 1 0 10303 214 1 1 1 1 }'));
ENDSEC;
DATA;
#1 = APPLICATION_PROTOCOL_DEFINITION('international standard',
  'automotive_design',2000,#2);
#2 = APPLICATION_CONTEXT(
  'core data for automotive mechanical design processes');
#3 = SHAPE_DEFINITION_REPRESENTATION(#4,#10);
#4 = PRODUCT_DEFINITION_SHAPE('','',#5);
#5 = PRODUCT_DEFINITION('design','',#6,#9);
#6 = PRODUCT_DEFINITION_FORMATION('','',#7);
#7 = PRODUCT('Open CASCADE STEP translator 7.8 1',
  'Open CASCADE STEP translator 7.8 1','',(#8));
#8 = PRODUCT_CONTEXT('',#2,'mechanical');
#9 = PRODUCT_DEFINITION_CONTEXT('part definition',#2,'design');
#10 = ADVANCED_BREP_SHAPE_REPRESENTATION('',(#11,#15),#3035);
#11 = AXIS2_PLACEMENT_3D('',#12,#13,#14);
#12 = CARTESIAN_POINT('',(0.,0.,0.));
#13 = DIRECTION('',(0.,0.,1.));
#14 = DIRECTION('',(1.,0.,-0.));
#15 = MANIFOLD_SOLID_BREP('',#16);
#16 = CLOSED_SHELL('',(#17,#57,#200,#224,#470,#487,#499,#516,#538,#555,
    #572,#584,#601,#618,#640,#657,#674,#686,#703,#728,#787,#812,#871,
    #930,#955,#980,#1005,#1064,#1123,#1148,#1176,#1194,#1204,#1224,#1256
    ,#1288,#1323,#1348,#1380,#1412,#1447,#1472,#1492,#1517,#1537,#1569,
    #1601,#1636,#1661,#1693,#1725,#1760,#1785,#1810,#1835,#1860,#1877,
    #1889,#1914,#1931,#1943,#1968,#1993,#2018,#2043,#2060,#2072,#2097,
    #2114,#2126,#2151,#2176,#2185,#2194,#2214,#2234,#2243,#2268,#2277,
    #2297,#2317,#2376,#2401,#2426,#2485,#2510,#2535,#2567,#2599,#2634,
    #2659,#2668,#2677,#2709,#2741,#2776,#2801,#2810,#2819,#2836,#2848,
    #2873,#2890,#2902,#2927,#2947,#2967,#2992,#3017,#3026));
#17 = ADVANCED_FACE('',(#18),#52,.F.);
#18 = FACE_BOUND('',#19,.F.);
#19 = EDGE_LOOP('',(#20,#30,#38,#46));
#20 = ORIENTED_EDGE('',*,*,#21,.F.);
#21 = EDGE_CURVE('',#22,#24,#26,.T.);
#22 = VERTEX_POINT('',#23);
#23 = CARTESIAN_POINT('',(-154.66,0.,0.));
#24 = VERTEX_POINT('',#25);
#25 = CARTESIAN_POINT('',(-154.66,0.,200.24));
#26 = LINE('',#27,#28);
#27 = CARTESIAN_POINT('',(-154.66,0.,0.));
#28 = VECTOR('',#29,1.);
#29 = DIRECTION('',(0.,0.,1.));
#30 = ORIENTED_EDGE('',*,*,#31,.T.);
#31 = EDGE_CURVE('',#22,#32,#34,.T.);
#32 = VERTEX_POINT('',#33);
#33 = CARTESIAN_POINT('',(-154.66,3.,0.));
#34 = LINE('',#35,#36);
#35 = CARTESIAN_POINT('',(-154.66,0.,0.));
#36 = VECTOR('',#37,1.);
#37 = DIRECTION('',(-0.,1.,0.));
#38 = ORIENTED_EDGE('',*,*,#39,.T.);
#39 = EDGE_CURVE('',#32,#40,#42,.T.);
#40 = VERTEX_POINT('',#41);
#41 = CARTESIAN_POINT('',(-154.66,3.,200.24));
#42 = LINE('',#43,#44);
#43 = CARTESIAN_POINT('',(-154.66,3.,0.));
#44 = VECTOR('',#45,1.);
#45 = DIRECTION('',(0.,0.,1.));
#46 = ORIENTED_EDGE('',*,*,#47,.F.);
#47 = EDGE_CURVE('',#24,#40,#48,.T.);
#48 = LINE('',#49,#50);
#49 = CARTESIAN_POINT('',(-154.66,0.,200.24));
#50 = VECTOR('',#51,1.);
#51 = DIRECTION('',(-0.,1.,0.));
#52 = PLANE('',#53);
#53 = AXIS2_PLACEMENT_3D('',#54,#55,#56);
#54 = CARTESIAN_POINT('',(-154.66,0.,0.));
#55 = DIRECTION('',(1.,0.,-0.));
#56 = DIRECTION('',(0.,0.,1.));
#57 = ADVANCED_FACE('',(#58,#83,#94,#128,#139,#150,#184),#195,.F.);
#58 = FACE_BOUND('',#59,.F.);
#59 = EDGE_LOOP('',(#60,#68,#69,#77));
#60 = ORIENTED_EDGE('',*,*,#61,.F.);
#61 = EDGE_CURVE('',#22,#62,#64,.T.);
#62 = VERTEX_POINT('',#63);
#63 = CARTESIAN_POINT('',(64.66,0.,0.));
#64 = LINE('',#65,#66);
#65 = CARTESIAN_POINT('',(-154.66,0.,0.));
#66 = VECTOR('',#67,1.);
#67 = DIRECTION('',(1.,0.,-0.));
#68 = ORIENTED_EDGE('',*,*,#21,.T.);
#69 = ORIENTED_EDGE('',*,*,#70,.T.);
#70 = EDGE_CURVE('',#24,#71,#73,.T.);
#71 = VERTEX_POINT('',#72);
#72 = CARTESIAN_POINT('',(64.66,0.,200.24));
#73 = LINE('',#74,#75);
#74 = CARTESIAN_POINT('',(-154.66,0.,200.24));
#75 = VECTOR('',#76,1.);
#76 = DIRECTION('',(1.,0.,-0.));
#77 = ORIENTED_EDGE('',*,*,#78,.F.);
#78 = EDGE_CURVE('',#62,#71,#79,.T.);
#79 = LINE('',#80,#81);
#80 = CARTESIAN_POINT('',(64.66,0.,0.));
#81 = VECTOR('',#82,1.);
#82 = DIRECTION('',(0.,0.,1.));
#83 = FACE_BOUND('',#84,.F.);
#84 = EDGE_LOOP('',(#85));
#85 = ORIENTED_EDGE('',*,*,#86,.F.);
#86 = EDGE_CURVE('',#87,#87,#89,.T.);
#87 = VERTEX_POINT('',#88);
#88 = CARTESIAN_POINT('',(-126.45,0.,84.42));
#89 = CIRCLE('',#90,3.95);
#90 = AXIS2_PLACEMENT_3D('',#91,#92,#93);
#91 = CARTESIAN_POINT('',(-126.45,0.,80.47));
#92 = DIRECTION('',(0.,1.,0.));
#93 = DIRECTION('',(0.,-0.,1.));
#94 = FACE_BOUND('',#95,.F.);
#95 = EDGE_LOOP('',(#96,#106,#114,#122));
#96 = ORIENTED_EDGE('',*,*,#97,.F.);
#97 = EDGE_CURVE('',#98,#100,#102,.T.);
#98 = VERTEX_POINT('',#99);
#99 = CARTESIAN_POINT('',(-133.66,0.,50.));
#100 = VERTEX_POINT('',#101);
#101 = CARTESIAN_POINT('',(43.66,0.,50.));
#102 = LINE('',#103,#104);
#103 = CARTESIAN_POINT('',(-144.16,0.,50.));
#104 = VECTOR('',#105,1.);
#105 = DIRECTION('',(1.,0.,-0.));
#106 = ORIENTED_EDGE('',*,*,#107,.T.);
#107 = EDGE_CURVE('',#98,#108,#110,.T.);
#108 = VERTEX_POINT('',#109);
#109 = CARTESIAN_POINT('',(-133.66,0.,19.));
#110 = LINE('',#111,#112);
#111 = CARTESIAN_POINT('',(-133.66,0.,9.5));
#112 = VECTOR('',#113,1.);
#113 = DIRECTION('',(-0.,0.,-1.));
#114 = ORIENTED_EDGE('',*,*,#115,.T.);
#115 = EDGE_CURVE('',#108,#116,#118,.T.);
#116 = VERTEX_POINT('',#117);
#117 = CARTESIAN_POINT('',(43.66,0.,19.));
#118 = LINE('',#119,#120);
#119 = CARTESIAN_POINT('',(-144.16,0.,19.));
#120 = VECTOR('',#121,1.);
#121 = DIRECTION('',(1.,0.,-0.));
#122 = ORIENTED_EDGE('',*,*,#123,.F.);
#123 = EDGE_CURVE('',#100,#116,#124,.T.);
#124 = LINE('',#125,#126);
#125 = CARTESIAN_POINT('',(43.66,0.,9.5));
#126 = VECTOR('',#127,1.);
#127 = DIRECTION('',(-0.,0.,-1.));
#128 = FACE_BOUND('',#129,.F.);
#129 = EDGE_LOOP('',(#130));
#130 = ORIENTED_EDGE('',*,*,#131,.F.);
#131 = EDGE_CURVE('',#132,#132,#134,.T.);
#132 = VERTEX_POINT('',#133);
#133 = CARTESIAN_POINT('',(-126.45,0.,183.72));
#134 = CIRCLE('',#135,3.95);
#135 = AXIS2_PLACEMENT_3D('',#136,#137,#138);
#136 = CARTESIAN_POINT('',(-126.45,0.,179.77));
#137 = DIRECTION('',(0.,1.,0.));
#138 = DIRECTION('',(0.,-0.,1.));
#139 = FACE_BOUND('',#140,.F.);
#140 = EDGE_LOOP('',(#141));
#141 = ORIENTED_EDGE('',*,*,#142,.F.);
#142 = EDGE_CURVE('',#143,#143,#145,.T.);
#143 = VERTEX_POINT('',#144);
#144 = CARTESIAN_POINT('',(41.31,0.,84.42));
#145 = CIRCLE('',#146,3.95);
#146 = AXIS2_PLACEMENT_3D('',#147,#148,#149);
#147 = CARTESIAN_POINT('',(41.31,0.,80.47));
#148 = DIRECTION('',(0.,1.,0.));
#149 = DIRECTION('',(0.,-0.,1.));
#150 = FACE_BOUND('',#151,.F.);
#151 = EDGE_LOOP('',(#152,#162,#170,#178));
#152 = ORIENTED_EDGE('',*,*,#153,.F.);
#153 = EDGE_CURVE('',#154,#156,#158,.T.);
#154 = VERTEX_POINT('',#155);
#155 = CARTESIAN_POINT('',(-122.45,0.,175.77));
#156 = VERTEX_POINT('',#157);
#157 = CARTESIAN_POINT('',(37.31,0.,175.77));
#158 = LINE('',#159,#160);
#159 = CARTESIAN_POINT('',(-138.555,0.,175.77));
#160 = VECTOR('',#161,1.);
#161 = DIRECTION('',(1.,0.,-0.));
#162 = ORIENTED_EDGE('',*,*,#163,.T.);
#163 = EDGE_CURVE('',#154,#164,#166,.T.);
#164 = VERTEX_POINT('',#165);
#165 = CARTESIAN_POINT('',(-122.45,0.,84.47));
#166 = LINE('',#167,#168);
#167 = CARTESIAN_POINT('',(-122.45,0.,42.235));
#168 = VECTOR('',#169,1.);
#169 = DIRECTION('',(-0.,0.,-1.));
#170 = ORIENTED_EDGE('',*,*,#171,.T.);
#171 = EDGE_CURVE('',#164,#172,#174,.T.);
#172 = VERTEX_POINT('',#173);
#173 = CARTESIAN_POINT('',(37.31,0.,84.47));
#174 = LINE('',#175,#176);
#175 = CARTESIAN_POINT('',(-138.555,0.,84.47));
#176 = VECTOR('',#177,1.);
#177 = DIRECTION('',(1.,0.,-0.));
#178 = ORIENTED_EDGE('',*,*,#179,.F.);
#179 = EDGE_CURVE('',#156,#172,#180,.T.);
#180 = LINE('',#181,#182);
#181 = CARTESIAN_POINT('',(37.31,0.,42.235));
#182 = VECTOR('',#183,1.);
#183 = DIRECTION('',(-0.,0.,-1.));
#184 = FACE_BOUND('',#185,.F.);
#185 = EDGE_LOOP('',(#186));
#186 = ORIENTED_EDGE('',*,*,#187,.F.);
#187 = EDGE_CURVE('',#188,#188,#190,.T.);
#188 = VERTEX_POINT('',#189);
#189 = CARTESIAN_POINT('',(41.31,0.,183.72));
#190 = CIRCLE('',#191,3.95);
#191 = AXIS2_PLACEMENT_3D('',#192,#193,#194);
#192 = CARTESIAN_POINT('',(41.31,0.,179.77));
#193 = DIRECTION('',(0.,1.,0.));
#194 = DIRECTION('',(0.,-0.,1.));
#195 = PLANE('',#196);
#196 = AXIS2_PLACEMENT_3D('',#197,#198,#199);
#197 = CARTESIAN_POINT('',(-154.66,0.,0.));
#198 = DIRECTION('',(-0.,1.,0.));
#199 = DIRECTION('',(0.,0.,1.));
#200 = ADVANCED_FACE('',(#201),#219,.T.);
#201 = FACE_BOUND('',#202,.T.);
#202 = EDGE_LOOP('',(#203,#204,#205,#213));
#203 = ORIENTED_EDGE('',*,*,#47,.F.);
#204 = ORIENTED_EDGE('',*,*,#70,.T.);
#205 = ORIENTED_EDGE('',*,*,#206,.T.);
#206 = EDGE_CURVE('',#71,#207,#209,.T.);
#207 = VERTEX_POINT('',#208);
#208 = CARTESIAN_POINT('',(64.66,3.,200.24));
#209 = LINE('',#210,#211);
#210 = CARTESIAN_POINT('',(64.66,0.,200.24));
#211 = VECTOR('',#212,1.);
#212 = DIRECTION('',(-0.,1.,0.));
#213 = ORIENTED_EDGE('',*,*,#214,.F.);
#214 = EDGE_CURVE('',#40,#207,#215,.T.);
#215 = LINE('',#216,#217);
#216 = CARTESIAN_POINT('',(-154.66,3.,200.24));
#217 = VECTOR('',#218,1.);
#218 = DIRECTION('',(1.,0.,-0.));
#219 = PLANE('',#220);
#220 = AXIS2_PLACEMENT_3D('',#221,#222,#223);
#221 = CARTESIAN_POINT('',(-154.66,0.,200.24));
#222 = DIRECTION('',(0.,0.,1.));
#223 = DIRECTION('',(1.,0.,-0.));
#224 = ADVANCED_FACE('',(#225,#243,#254,#265,#276,#287,#298,#309,#320,
    #354,#365,#376,#387,#398,#432,#443,#454),#465,.T.);
#225 = FACE_BOUND('',#226,.T.);
#226 = EDGE_LOOP('',(#227,#235,#236,#237));
#227 = ORIENTED_EDGE('',*,*,#228,.F.);
#228 = EDGE_CURVE('',#32,#229,#231,.T.);
#229 = VERTEX_POINT('',#230);
#230 = CARTESIAN_POINT('',(64.66,3.,0.));
#231 = LINE('',#232,#233);
#232 = CARTESIAN_POINT('',(-154.66,3.,0.));
#233 = VECTOR('',#234,1.);
#234 = DIRECTION('',(1.,0.,-0.));
#235 = ORIENTED_EDGE('',*,*,#39,.T.);
#236 = ORIENTED_EDGE('',*,*,#214,.T.);
#237 = ORIENTED_EDGE('',*,*,#238,.F.);
#238 = EDGE_CURVE('',#229,#207,#239,.T.);
#239 = LINE('',#240,#241);
#240 = CARTESIAN_POINT('',(64.66,3.,0.));
#241 = VECTOR('',#242,1.);
#242 = DIRECTION('',(0.,0.,1.));
#243 = FACE_BOUND('',#244,.T.);
#244 = EDGE_LOOP('',(#245));
#245 = ORIENTED_EDGE('',*,*,#246,.F.);
#246 = EDGE_CURVE('',#247,#247,#249,.T.);
#247 = VERTEX_POINT('',#248);
#248 = CARTESIAN_POINT('',(-146.76,3.,22.5));
#249 = CIRCLE('',#250,4.5);
#250 = AXIS2_PLACEMENT_3D('',#251,#252,#253);
#251 = CARTESIAN_POINT('',(-146.76,3.,18.));
#252 = DIRECTION('',(0.,1.,0.));
#253 = DIRECTION('',(0.,-0.,1.));
#254 = FACE_BOUND('',#255,.T.);
#255 = EDGE_LOOP('',(#256));
#256 = ORIENTED_EDGE('',*,*,#257,.F.);
#257 = EDGE_CURVE('',#258,#258,#260,.T.);
#258 = VERTEX_POINT('',#259);
#259 = CARTESIAN_POINT('',(-138.66,3.,18.5));
#260 = CIRCLE('',#261,4.5);
#261 = AXIS2_PLACEMENT_3D('',#262,#263,#264);
#262 = CARTESIAN_POINT('',(-138.66,3.,14.));
#263 = DIRECTION('',(0.,1.,0.));
#264 = DIRECTION('',(0.,-0.,1.));
#265 = FACE_BOUND('',#266,.T.);
#266 = EDGE_LOOP('',(#267));
#267 = ORIENTED_EDGE('',*,*,#268,.F.);
#268 = EDGE_CURVE('',#269,#269,#271,.T.);
#269 = VERTEX_POINT('',#270);
#270 = CARTESIAN_POINT('',(-138.66,3.,59.5));
#271 = CIRCLE('',#272,4.5);
#272 = AXIS2_PLACEMENT_3D('',#273,#274,#275);
#273 = CARTESIAN_POINT('',(-138.66,3.,55.));
#274 = DIRECTION('',(0.,1.,0.));
#275 = DIRECTION('',(0.,-0.,1.));
#276 = FACE_BOUND('',#277,.T.);
#277 = EDGE_LOOP('',(#278));
#278 = ORIENTED_EDGE('',*,*,#279,.F.);
#279 = EDGE_CURVE('',#280,#280,#282,.T.);
#280 = VERTEX_POINT('',#281);
#281 = CARTESIAN_POINT('',(-126.45,3.,84.42));
#282 = CIRCLE('',#283,3.95);
#283 = AXIS2_PLACEMENT_3D('',#284,#285,#286);
#284 = CARTESIAN_POINT('',(-126.45,3.,80.47));
#285 = DIRECTION('',(0.,1.,0.));
#286 = DIRECTION('',(0.,-0.,1.));
#287 = FACE_BOUND('',#288,.T.);
#288 = EDGE_LOOP('',(#289));
#289 = ORIENTED_EDGE('',*,*,#290,.F.);
#290 = EDGE_CURVE('',#291,#291,#293,.T.);
#291 = VERTEX_POINT('',#292);
#292 = CARTESIAN_POINT('',(-146.76,3.,104.62));
#293 = CIRCLE('',#294,4.5);
#294 = AXIS2_PLACEMENT_3D('',#295,#296,#297);
#295 = CARTESIAN_POINT('',(-146.76,3.,100.12));
#296 = DIRECTION('',(0.,1.,0.));
#297 = DIRECTION('',(0.,-0.,1.));
#298 = FACE_BOUND('',#299,.T.);
#299 = EDGE_LOOP('',(#300));
#300 = ORIENTED_EDGE('',*,*,#301,.F.);
#301 = EDGE_CURVE('',#302,#302,#304,.T.);
#302 = VERTEX_POINT('',#303);
#303 = CARTESIAN_POINT('',(-146.76,3.,189.74));
#304 = CIRCLE('',#305,4.5);
#305 = AXIS2_PLACEMENT_3D('',#306,#307,#308);
#306 = CARTESIAN_POINT('',(-146.76,3.,185.24));
#307 = DIRECTION('',(0.,1.,0.));
#308 = DIRECTION('',(0.,-0.,1.));
#309 = FACE_BOUND('',#310,.T.);
#310 = EDGE_LOOP('',(#311));
#311 = ORIENTED_EDGE('',*,*,#312,.F.);
#312 = EDGE_CURVE('',#313,#313,#315,.T.);
#313 = VERTEX_POINT('',#314);
#314 = CARTESIAN_POINT('',(-126.45,3.,183.72));
#315 = CIRCLE('',#316,3.95);
#316 = AXIS2_PLACEMENT_3D('',#317,#318,#319);
#317 = CARTESIAN_POINT('',(-126.45,3.,179.77));
#318 = DIRECTION('',(0.,1.,0.));
#319 = DIRECTION('',(0.,-0.,1.));
#320 = FACE_BOUND('',#321,.T.);
#321 = EDGE_LOOP('',(#322,#332,#340,#348));
#322 = ORIENTED_EDGE('',*,*,#323,.F.);
#323 = EDGE_CURVE('',#324,#326,#328,.T.);
#324 = VERTEX_POINT('',#325);
#325 = CARTESIAN_POINT('',(-133.66,3.,50.));
#326 = VERTEX_POINT('',#327);
#327 = CARTESIAN_POINT('',(43.66,3.,50.));
#328 = LINE('',#329,#330);
#329 = CARTESIAN_POINT('',(-144.16,3.,50.));
#330 = VECTOR('',#331,1.);
#331 = DIRECTION('',(1.,0.,-0.));
#332 = ORIENTED_EDGE('',*,*,#333,.T.);
#333 = EDGE_CURVE('',#324,#334,#336,.T.);
#334 = VERTEX_POINT('',#335);
#335 = CARTESIAN_POINT('',(-133.66,3.,19.));
#336 = LINE('',#337,#338);
#337 = CARTESIAN_POINT('',(-133.66,3.,9.5));
#338 = VECTOR('',#339,1.);
#339 = DIRECTION('',(-0.,0.,-1.));
#340 = ORIENTED_EDGE('',*,*,#341,.T.);
#341 = EDGE_CURVE('',#334,#342,#344,.T.);
#342 = VERTEX_POINT('',#343);
#343 = CARTESIAN_POINT('',(43.66,3.,19.));
#344 = LINE('',#345,#346);
#345 = CARTESIAN_POINT('',(-144.16,3.,19.));
#346 = VECTOR('',#347,1.);
#347 = DIRECTION('',(1.,0.,-0.));
#348 = ORIENTED_EDGE('',*,*,#349,.F.);
#349 = EDGE_CURVE('',#326,#342,#350,.T.);
#350 = LINE('',#351,#352);
#351 = CARTESIAN_POINT('',(43.66,3.,9.5));
#352 = VECTOR('',#353,1.);
#353 = DIRECTION('',(-0.,0.,-1.));
#354 = FACE_BOUND('',#355,.T.);
#355 = EDGE_LOOP('',(#356));
#356 = ORIENTED_EDGE('',*,*,#357,.F.);
#357 = EDGE_CURVE('',#358,#358,#360,.T.);
#358 = VERTEX_POINT('',#359);
#359 = CARTESIAN_POINT('',(48.66,3.,18.5));
#360 = CIRCLE('',#361,4.5);
#361 = AXIS2_PLACEMENT_3D('',#362,#363,#364);
#362 = CARTESIAN_POINT('',(48.66,3.,14.));
#363 = DIRECTION('',(0.,1.,0.));
#364 = DIRECTION('',(0.,-0.,1.));
#365 = FACE_BOUND('',#366,.T.);
#366 = EDGE_LOOP('',(#367));
#367 = ORIENTED_EDGE('',*,*,#368,.F.);
#368 = EDGE_CURVE('',#369,#369,#371,.T.);
#369 = VERTEX_POINT('',#370);
#370 = CARTESIAN_POINT('',(57.16,3.,22.1));
#371 = CIRCLE('',#372,4.1);
#372 = AXIS2_PLACEMENT_3D('',#373,#374,#375);
#373 = CARTESIAN_POINT('',(57.16,3.,18.));
#374 = DIRECTION('',(0.,1.,0.));
#375 = DIRECTION('',(0.,-0.,1.));
#376 = FACE_BOUND('',#377,.T.);
#377 = EDGE_LOOP('',(#378));
#378 = ORIENTED_EDGE('',*,*,#379,.F.);
#379 = EDGE_CURVE('',#380,#380,#382,.T.);
#380 = VERTEX_POINT('',#381);
#381 = CARTESIAN_POINT('',(48.66,3.,59.5));
#382 = CIRCLE('',#383,4.5);
#383 = AXIS2_PLACEMENT_3D('',#384,#385,#386);
#384 = CARTESIAN_POINT('',(48.66,3.,55.));
#385 = DIRECTION('',(0.,1.,0.));
#386 = DIRECTION('',(0.,-0.,1.));
#387 = FACE_BOUND('',#388,.T.);
#388 = EDGE_LOOP('',(#389));
#389 = ORIENTED_EDGE('',*,*,#390,.F.);
#390 = EDGE_CURVE('',#391,#391,#393,.T.);
#391 = VERTEX_POINT('',#392);
#392 = CARTESIAN_POINT('',(41.31,3.,84.42));
#393 = CIRCLE('',#394,3.95);
#394 = AXIS2_PLACEMENT_3D('',#395,#396,#397);
#395 = CARTESIAN_POINT('',(41.31,3.,80.47));
#396 = DIRECTION('',(0.,1.,0.));
#397 = DIRECTION('',(0.,-0.,1.));
#398 = FACE_BOUND('',#399,.T.);
#399 = EDGE_LOOP('',(#400,#410,#418,#426));
#400 = ORIENTED_EDGE('',*,*,#401,.F.);
#401 = EDGE_CURVE('',#402,#404,#406,.T.);
#402 = VERTEX_POINT('',#403);
#403 = CARTESIAN_POINT('',(-122.45,3.,175.77));
#404 = VERTEX_POINT('',#405);
#405 = CARTESIAN_POINT('',(37.31,3.,175.77));
#406 = LINE('',#407,#408);
#407 = CARTESIAN_POINT('',(-138.555,3.,175.77));
#408 = VECTOR('',#409,1.);
#409 = DIRECTION('',(1.,0.,-0.));
#410 = ORIENTED_EDGE('',*,*,#411,.T.);
#411 = EDGE_CURVE('',#402,#412,#414,.T.);
#412 = VERTEX_POINT('',#413);
#413 = CARTESIAN_POINT('',(-122.45,3.,84.47));
#414 = LINE('',#415,#416);
#415 = CARTESIAN_POINT('',(-122.45,3.,42.235));
#416 = VECTOR('',#417,1.);
#417 = DIRECTION('',(-0.,0.,-1.));
#418 = ORIENTED_EDGE('',*,*,#419,.T.);
#419 = EDGE_CURVE('',#412,#420,#422,.T.);
#420 = VERTEX_POINT('',#421);
#421 = CARTESIAN_POINT('',(37.31,3.,84.47));
#422 = LINE('',#423,#424);
#423 = CARTESIAN_POINT('',(-138.555,3.,84.47));
#424 = VECTOR('',#425,1.);
#425 = DIRECTION('',(1.,0.,-0.));
#426 = ORIENTED_EDGE('',*,*,#427,.F.);
#427 = EDGE_CURVE('',#404,#420,#428,.T.);
#428 = LINE('',#429,#430);
#429 = CARTESIAN_POINT('',(37.31,3.,42.235));
#430 = VECTOR('',#431,1.);
#431 = DIRECTION('',(-0.,0.,-1.));
#432 = FACE_BOUND('',#433,.T.);
#433 = EDGE_LOOP('',(#434));
#434 = ORIENTED_EDGE('',*,*,#435,.F.);
#435 = EDGE_CURVE('',#436,#436,#438,.T.);
#436 = VERTEX_POINT('',#437);
#437 = CARTESIAN_POINT('',(57.16,3.,104.22));
#438 = CIRCLE('',#439,4.1);
#439 = AXIS2_PLACEMENT_3D('',#440,#441,#442);
#440 = CARTESIAN_POINT('',(57.16,3.,100.12));
#441 = DIRECTION('',(0.,1.,0.));
#442 = DIRECTION('',(0.,-0.,1.));
#443 = FACE_BOUND('',#444,.T.);
#444 = EDGE_LOOP('',(#445));
#445 = ORIENTED_EDGE('',*,*,#446,.F.);
#446 = EDGE_CURVE('',#447,#447,#449,.T.);
#447 = VERTEX_POINT('',#448);
#448 = CARTESIAN_POINT('',(41.31,3.,183.72));
#449 = CIRCLE('',#450,3.95);
#450 = AXIS2_PLACEMENT_3D('',#451,#452,#453);
#451 = CARTESIAN_POINT('',(41.31,3.,179.77));
#452 = DIRECTION('',(0.,1.,0.));
#453 = DIRECTION('',(0.,-0.,1.));
#454 = FACE_BOUND('',#455,.T.);
#455 = EDGE_LOOP('',(#456));
#456 = ORIENTED_EDGE('',*,*,#457,.F.);
#457 = EDGE_CURVE('',#458,#458,#460,.T.);
#458 = VERTEX_POINT('',#459);
#459 = CARTESIAN_POINT('',(57.16,3.,189.34));
#460 = CIRCLE('',#461,4.1);
#461 = AXIS2_PLACEMENT_3D('',#462,#463,#464);
#462 = CARTESIAN_POINT('',(57.16,3.,185.24));
#463 = DIRECTION('',(0.,1.,0.));
#464 = DIRECTION('',(0.,-0.,1.));
#465 = PLANE('',#466);
#466 = AXIS2_PLACEMENT_3D('',#467,#468,#469);
#467 = CARTESIAN_POINT('',(-154.66,3.,0.));
#468 = DIRECTION('',(-0.,1.,0.));
#469 = DIRECTION('',(0.,0.,1.));
#470 = ADVANCED_FACE('',(#471),#482,.F.);
#471 = FACE_BOUND('',#472,.F.);
#472 = EDGE_LOOP('',(#473,#474,#475,#481));
#473 = ORIENTED_EDGE('',*,*,#31,.F.);
#474 = ORIENTED_EDGE('',*,*,#61,.T.);
#475 = ORIENTED_EDGE('',*,*,#476,.T.);
#476 = EDGE_CURVE('',#62,#229,#477,.T.);
#477 = LINE('',#478,#479);
#478 = CARTESIAN_POINT('',(64.66,0.,0.));
#479 = VECTOR('',#480,1.);
#480 = DIRECTION('',(-0.,1.,0.));
#481 = ORIENTED_EDGE('',*,*,#228,.F.);
#482 = PLANE('',#483);
#483 = AXIS2_PLACEMENT_3D('',#484,#485,#486);
#484 = CARTESIAN_POINT('',(-154.66,0.,0.));
#485 = DIRECTION('',(0.,0.,1.));
#486 = DIRECTION('',(1.,0.,-0.));
#487 = ADVANCED_FACE('',(#488),#494,.T.);
#488 = FACE_BOUND('',#489,.T.);
#489 = EDGE_LOOP('',(#490,#491,#492,#493));
#490 = ORIENTED_EDGE('',*,*,#78,.F.);
#491 = ORIENTED_EDGE('',*,*,#476,.T.);
#492 = ORIENTED_EDGE('',*,*,#238,.T.);
#493 = ORIENTED_EDGE('',*,*,#206,.F.);
#494 = PLANE('',#495);
#495 = AXIS2_PLACEMENT_3D('',#496,#497,#498);
#496 = CARTESIAN_POINT('',(64.66,0.,0.));
#497 = DIRECTION('',(1.,0.,-0.));
#498 = DIRECTION('',(0.,0.,1.));
#499 = ADVANCED_FACE('',(#500),#511,.F.);
#500 = FACE_BOUND('',#501,.F.);
#501 = EDGE_LOOP('',(#502,#503,#509,#510));
#502 = ORIENTED_EDGE('',*,*,#279,.F.);
#503 = ORIENTED_EDGE('',*,*,#504,.F.);
#504 = EDGE_CURVE('',#87,#280,#505,.T.);
#505 = LINE('',#506,#507);
#506 = CARTESIAN_POINT('',(-126.45,-2.,84.42));
#507 = VECTOR('',#508,1.);
#508 = DIRECTION('',(0.,1.,0.));
#509 = ORIENTED_EDGE('',*,*,#86,.T.);
#510 = ORIENTED_EDGE('',*,*,#504,.T.);
#511 = CYLINDRICAL_SURFACE('',#512,3.95);
#512 = AXIS2_PLACEMENT_3D('',#513,#514,#515);
#513 = CARTESIAN_POINT('',(-126.45,-2.,80.47));
#514 = DIRECTION('',(0.,1.,0.));
#515 = DIRECTION('',(0.,-0.,1.));
#516 = ADVANCED_FACE('',(#517),#533,.F.);
#517 = FACE_BOUND('',#518,.F.);
#518 = EDGE_LOOP('',(#519,#525,#526,#532));
#519 = ORIENTED_EDGE('',*,*,#520,.F.);
#520 = EDGE_CURVE('',#98,#324,#521,.T.);
#521 = LINE('',#522,#523);
#522 = CARTESIAN_POINT('',(-133.66,-2.,50.));
#523 = VECTOR('',#524,1.);
#524 = DIRECTION('',(-0.,1.,0.));
#525 = ORIENTED_EDGE('',*,*,#97,.T.);
#526 = ORIENTED_EDGE('',*,*,#527,.T.);
#527 = EDGE_CURVE('',#100,#326,#528,.T.);
#528 = LINE('',#529,#530);
#529 = CARTESIAN_POINT('',(43.66,-2.,50.));
#530 = VECTOR('',#531,1.);
#531 = DIRECTION('',(-0.,1.,0.));
#532 = ORIENTED_EDGE('',*,*,#323,.F.);
#533 = PLANE('',#534);
#534 = AXIS2_PLACEMENT_3D('',#535,#536,#537);
#535 = CARTESIAN_POINT('',(-133.66,-2.,50.));
#536 = DIRECTION('',(0.,0.,1.));
#537 = DIRECTION('',(1.,0.,-0.));
#538 = ADVANCED_FACE('',(#539),#550,.T.);
#539 = FACE_BOUND('',#540,.T.);
#540 = EDGE_LOOP('',(#541,#542,#543,#549));
#541 = ORIENTED_EDGE('',*,*,#520,.F.);
#542 = ORIENTED_EDGE('',*,*,#107,.T.);
#543 = ORIENTED_EDGE('',*,*,#544,.T.);
#544 = EDGE_CURVE('',#108,#334,#545,.T.);
#545 = LINE('',#546,#547);
#546 = CARTESIAN_POINT('',(-133.66,-2.,19.));
#547 = VECTOR('',#548,1.);
#548 = DIRECTION('',(-0.,1.,0.));
#549 = ORIENTED_EDGE('',*,*,#333,.F.);
#550 = PLANE('',#551);
#551 = AXIS2_PLACEMENT_3D('',#552,#553,#554);
#552 = CARTESIAN_POINT('',(-133.66,-2.,19.));
#553 = DIRECTION('',(1.,0.,-0.));
#554 = DIRECTION('',(0.,0.,1.));
#555 = ADVANCED_FACE('',(#556),#567,.F.);
#556 = FACE_BOUND('',#557,.F.);
#557 = EDGE_LOOP('',(#558,#559,#560,#566));
#558 = ORIENTED_EDGE('',*,*,#527,.F.);
#559 = ORIENTED_EDGE('',*,*,#123,.T.);
#560 = ORIENTED_EDGE('',*,*,#561,.T.);
#561 = EDGE_CURVE('',#116,#342,#562,.T.);
#562 = LINE('',#563,#564);
#563 = CARTESIAN_POINT('',(43.66,-2.,19.));
#564 = VECTOR('',#565,1.);
#565 = DIRECTION('',(-0.,1.,0.));
#566 = ORIENTED_EDGE('',*,*,#349,.F.);
#567 = PLANE('',#568);
#568 = AXIS2_PLACEMENT_3D('',#569,#570,#571);
#569 = CARTESIAN_POINT('',(43.66,-2.,19.));
#570 = DIRECTION('',(1.,0.,-0.));
#571 = DIRECTION('',(0.,0.,1.));
#572 = ADVANCED_FACE('',(#573),#579,.T.);
#573 = FACE_BOUND('',#574,.T.);
#574 = EDGE_LOOP('',(#575,#576,#577,#578));
#575 = ORIENTED_EDGE('',*,*,#544,.F.);
#576 = ORIENTED_EDGE('',*,*,#115,.T.);
#577 = ORIENTED_EDGE('',*,*,#561,.T.);
#578 = ORIENTED_EDGE('',*,*,#341,.F.);
#579 = PLANE('',#580);
#580 = AXIS2_PLACEMENT_3D('',#581,#582,#583);
#581 = CARTESIAN_POINT('',(-133.66,-2.,19.));
#582 = DIRECTION('',(0.,0.,1.));
#583 = DIRECTION('',(1.,0.,-0.));
#584 = ADVANCED_FACE('',(#585),#596,.F.);
#585 = FACE_BOUND('',#586,.F.);
#586 = EDGE_LOOP('',(#587,#588,#594,#595));
#587 = ORIENTED_EDGE('',*,*,#312,.F.);
#588 = ORIENTED_EDGE('',*,*,#589,.F.);
#589 = EDGE_CURVE('',#132,#313,#590,.T.);
#590 = LINE('',#591,#592);
#591 = CARTESIAN_POINT('',(-126.45,-2.,183.72));
#592 = VECTOR('',#593,1.);
#593 = DIRECTION('',(0.,1.,0.));
#594 = ORIENTED_EDGE('',*,*,#131,.T.);
#595 = ORIENTED_EDGE('',*,*,#589,.T.);
#596 = CYLINDRICAL_SURFACE('',#597,3.95);
#597 = AXIS2_PLACEMENT_3D('',#598,#599,#600);
#598 = CARTESIAN_POINT('',(-126.45,-2.,179.77));
#599 = DIRECTION('',(0.,1.,0.));
#600 = DIRECTION('',(0.,-0.,1.));
#601 = ADVANCED_FACE('',(#602),#613,.F.);
#602 = FACE_BOUND('',#603,.F.);
#603 = EDGE_LOOP('',(#604,#605,#611,#612));
#604 = ORIENTED_EDGE('',*,*,#390,.F.);
#605 = ORIENTED_EDGE('',*,*,#606,.F.);
#606 = EDGE_CURVE('',#143,#391,#607,.T.);
#607 = LINE('',#608,#609);
#608 = CARTESIAN_POINT('',(41.31,-2.,84.42));
#609 = VECTOR('',#610,1.);
#610 = DIRECTION('',(0.,1.,0.));
#611 = ORIENTED_EDGE('',*,*,#142,.T.);
#612 = ORIENTED_EDGE('',*,*,#606,.T.);
#613 = CYLINDRICAL_SURFACE('',#614,3.95);
#614 = AXIS2_PLACEMENT_3D('',#615,#616,#617);
#615 = CARTESIAN_POINT('',(41.31,-2.,80.47));
#616 = DIRECTION('',(0.,1.,0.));
#617 = DIRECTION('',(0.,-0.,1.));
#618 = ADVANCED_FACE('',(#619),#635,.F.);
#619 = FACE_BOUND('',#620,.F.);
#620 = EDGE_LOOP('',(#621,#627,#628,#634));
#621 = ORIENTED_EDGE('',*,*,#622,.F.);
#622 = EDGE_CURVE('',#154,#402,#623,.T.);
#623 = LINE('',#624,#625);
#624 = CARTESIAN_POINT('',(-122.45,-2.,175.77));
#625 = VECTOR('',#626,1.);
#626 = DIRECTION('',(-0.,1.,0.));
#627 = ORIENTED_EDGE('',*,*,#153,.T.);
#628 = ORIENTED_EDGE('',*,*,#629,.T.);
#629 = EDGE_CURVE('',#156,#404,#630,.T.);
#630 = LINE('',#631,#632);
#631 = CARTESIAN_POINT('',(37.31,-2.,175.77));
#632 = VECTOR('',#633,1.);
#633 = DIRECTION('',(-0.,1.,0.));
#634 = ORIENTED_EDGE('',*,*,#401,.F.);
#635 = PLANE('',#636);
#636 = AXIS2_PLACEMENT_3D('',#637,#638,#639);
#637 = CARTESIAN_POINT('',(-122.45,-2.,175.77));
#638 = DIRECTION('',(0.,0.,1.));
#639 = DIRECTION('',(1.,0.,-0.));
#640 = ADVANCED_FACE('',(#641),#652,.T.);
#641 = FACE_BOUND('',#642,.T.);
#642 = EDGE_LOOP('',(#643,#644,#645,#651));
#643 = ORIENTED_EDGE('',*,*,#622,.F.);
#644 = ORIENTED_EDGE('',*,*,#163,.T.);
#645 = ORIENTED_EDGE('',*,*,#646,.T.);
#646 = EDGE_CURVE('',#164,#412,#647,.T.);
#647 = LINE('',#648,#649);
#648 = CARTESIAN_POINT('',(-122.45,-2.,84.47));
#649 = VECTOR('',#650,1.);
#650 = DIRECTION('',(-0.,1.,0.));
#651 = ORIENTED_EDGE('',*,*,#411,.F.);
#652 = PLANE('',#653);
#653 = AXIS2_PLACEMENT_3D('',#654,#655,#656);
#654 = CARTESIAN_POINT('',(-122.45,-2.,84.47));
#655 = DIRECTION('',(1.,0.,-0.));
#656 = DIRECTION('',(0.,0.,1.));
#657 = ADVANCED_FACE('',(#658),#669,.F.);
#658 = FACE_BOUND('',#659,.F.);
#659 = EDGE_LOOP('',(#660,#661,#662,#668));
#660 = ORIENTED_EDGE('',*,*,#629,.F.);
#661 = ORIENTED_EDGE('',*,*,#179,.T.);
#662 = ORIENTED_EDGE('',*,*,#663,.T.);
#663 = EDGE_CURVE('',#172,#420,#664,.T.);
#664 = LINE('',#665,#666);
#665 = CARTESIAN_POINT('',(37.31,-2.,84.47));
#666 = VECTOR('',#667,1.);
#667 = DIRECTION('',(-0.,1.,0.));
#668 = ORIENTED_EDGE('',*,*,#427,.F.);
#669 = PLANE('',#670);
#670 = AXIS2_PLACEMENT_3D('',#671,#672,#673);
#671 = CARTESIAN_POINT('',(37.31,-2.,84.47));
#672 = DIRECTION('',(1.,0.,-0.));
#673 = DIRECTION('',(0.,0.,1.));
#674 = ADVANCED_FACE('',(#675),#681,.T.);
#675 = FACE_BOUND('',#676,.T.);
#676 = EDGE_LOOP('',(#677,#678,#679,#680));
#677 = ORIENTED_EDGE('',*,*,#646,.F.);
#678 = ORIENTED_EDGE('',*,*,#171,.T.);
#679 = ORIENTED_EDGE('',*,*,#663,.T.);
#680 = ORIENTED_EDGE('',*,*,#419,.F.);
#681 = PLANE('',#682);
#682 = AXIS2_PLACEMENT_3D('',#683,#684,#685);
#683 = CARTESIAN_POINT('',(-122.45,-2.,84.47));
#684 = DIRECTION('',(0.,0.,1.));
#685 = DIRECTION('',(1.,0.,-0.));
#686 = ADVANCED_FACE('',(#687),#698,.F.);
#687 = FACE_BOUND('',#688,.F.);
#688 = EDGE_LOOP('',(#689,#690,#696,#697));
#689 = ORIENTED_EDGE('',*,*,#446,.F.);
#690 = ORIENTED_EDGE('',*,*,#691,.F.);
#691 = EDGE_CURVE('',#188,#447,#692,.T.);
#692 = LINE('',#693,#694);
#693 = CARTESIAN_POINT('',(41.31,-2.,183.72));
#694 = VECTOR('',#695,1.);
#695 = DIRECTION('',(0.,1.,0.));
#696 = ORIENTED_EDGE('',*,*,#187,.T.);
#697 = ORIENTED_EDGE('',*,*,#691,.T.);
#698 = CYLINDRICAL_SURFACE('',#699,3.95);
#699 = AXIS2_PLACEMENT_3D('',#700,#701,#702);
#700 = CARTESIAN_POINT('',(41.31,-2.,179.77));
#701 = DIRECTION('',(0.,1.,0.));
#702 = DIRECTION('',(0.,-0.,1.));
#703 = ADVANCED_FACE('',(#704),#723,.T.);
#704 = FACE_BOUND('',#705,.T.);
#705 = EDGE_LOOP('',(#706,#714,#715,#716));
#706 = ORIENTED_EDGE('',*,*,#707,.F.);
#707 = EDGE_CURVE('',#247,#708,#710,.T.);
#708 = VERTEX_POINT('',#709);
#709 = CARTESIAN_POINT('',(-146.76,5.86,22.5));
#710 = LINE('',#711,#712);
#711 = CARTESIAN_POINT('',(-146.76,2.7,22.5));
#712 = VECTOR('',#713,1.);
#713 = DIRECTION('',(0.,1.,0.));
#714 = ORIENTED_EDGE('',*,*,#246,.T.);
#715 = ORIENTED_EDGE('',*,*,#707,.T.);
#716 = ORIENTED_EDGE('',*,*,#717,.F.);
#717 = EDGE_CURVE('',#708,#708,#718,.T.);
#718 = CIRCLE('',#719,4.5);
#719 = AXIS2_PLACEMENT_3D('',#720,#721,#722);
#720 = CARTESIAN_POINT('',(-146.76,5.86,18.));
#721 = DIRECTION('',(0.,1.,0.));
#722 = DIRECTION('',(0.,-0.,1.));
#723 = CYLINDRICAL_SURFACE('',#724,4.5);
#724 = AXIS2_PLACEMENT_3D('',#725,#726,#727);
#725 = CARTESIAN_POINT('',(-146.76,2.7,18.));
#726 = DIRECTION('',(0.,1.,0.));
#727 = DIRECTION('',(0.,-0.,1.));
#728 = ADVANCED_FACE('',(#729),#782,.T.);
#729 = FACE_BOUND('',#730,.T.);
#730 = EDGE_LOOP('',(#731,#732,#740,#749,#757,#766,#774,#781));
#731 = ORIENTED_EDGE('',*,*,#257,.T.);
#732 = ORIENTED_EDGE('',*,*,#733,.T.);
#733 = EDGE_CURVE('',#258,#734,#736,.T.);
#734 = VERTEX_POINT('',#735);
#735 = CARTESIAN_POINT('',(-138.66,10.1,18.5));
#736 = LINE('',#737,#738);
#737 = CARTESIAN_POINT('',(-138.66,2.7,18.5));
#738 = VECTOR('',#739,1.);
#739 = DIRECTION('',(0.,1.,0.));
#740 = ORIENTED_EDGE('',*,*,#741,.F.);
#741 = EDGE_CURVE('',#742,#734,#744,.T.);
#742 = VERTEX_POINT('',#743);
#743 = CARTESIAN_POINT('',(-142.0827456101,10.1,16.921440139378));
#744 = CIRCLE('',#745,4.5);
#745 = AXIS2_PLACEMENT_3D('',#746,#747,#748);
#746 = CARTESIAN_POINT('',(-138.66,10.1,14.));
#747 = DIRECTION('',(0.,1.,0.));
#748 = DIRECTION('',(0.,-0.,1.));
#749 = ORIENTED_EDGE('',*,*,#750,.F.);
#750 = EDGE_CURVE('',#751,#742,#753,.T.);
#751 = VERTEX_POINT('',#752);
#752 = CARTESIAN_POINT('',(-142.0827456101,5.86,16.921440139376));
#753 = LINE('',#754,#755);
#754 = CARTESIAN_POINT('',(-142.0827456101,2.7,16.921440139378));
#755 = VECTOR('',#756,1.);
#756 = DIRECTION('',(0.,1.,0.));
#757 = ORIENTED_EDGE('',*,*,#758,.F.);
#758 = EDGE_CURVE('',#759,#751,#761,.T.);
#759 = VERTEX_POINT('',#760);
#760 = CARTESIAN_POINT('',(-143.060339796,5.86,14.941811913068));
#761 = CIRCLE('',#762,4.5);
#762 = AXIS2_PLACEMENT_3D('',#763,#764,#765);
#763 = CARTESIAN_POINT('',(-138.66,5.86,14.));
#764 = DIRECTION('',(0.,1.,0.));
#765 = DIRECTION('',(0.,-0.,1.));
#766 = ORIENTED_EDGE('',*,*,#767,.T.);
#767 = EDGE_CURVE('',#759,#768,#770,.T.);
#768 = VERTEX_POINT('',#769);
#769 = CARTESIAN_POINT('',(-143.060339796,10.1,14.941811913067));
#770 = LINE('',#771,#772);
#771 = CARTESIAN_POINT('',(-143.060339796,2.7,14.941811913067));
#772 = VECTOR('',#773,1.);
#773 = DIRECTION('',(0.,1.,0.));
#774 = ORIENTED_EDGE('',*,*,#775,.F.);
#775 = EDGE_CURVE('',#734,#768,#776,.T.);
#776 = CIRCLE('',#777,4.5);
#777 = AXIS2_PLACEMENT_3D('',#778,#779,#780);
#778 = CARTESIAN_POINT('',(-138.66,10.1,14.));
#779 = DIRECTION('',(0.,1.,0.));
#780 = DIRECTION('',(0.,-0.,1.));
#781 = ORIENTED_EDGE('',*,*,#733,.F.);
#782 = CYLINDRICAL_SURFACE('',#783,4.5);
#783 = AXIS2_PLACEMENT_3D('',#784,#785,#786);
#784 = CARTESIAN_POINT('',(-138.66,2.7,14.));
#785 = DIRECTION('',(0.,1.,0.));
#786 = DIRECTION('',(0.,-0.,1.));
#787 = ADVANCED_FACE('',(#788),#807,.T.);
#788 = FACE_BOUND('',#789,.T.);
#789 = EDGE_LOOP('',(#790,#798,#805,#806));
#790 = ORIENTED_EDGE('',*,*,#791,.T.);
#791 = EDGE_CURVE('',#269,#792,#794,.T.);
#792 = VERTEX_POINT('',#793);
#793 = CARTESIAN_POINT('',(-138.66,10.1,59.5));
#794 = LINE('',#795,#796);
#795 = CARTESIAN_POINT('',(-138.66,2.7,59.5));
#796 = VECTOR('',#797,1.);
#797 = DIRECTION('',(0.,1.,0.));
#798 = ORIENTED_EDGE('',*,*,#799,.F.);
#799 = EDGE_CURVE('',#792,#792,#800,.T.);
#800 = CIRCLE('',#801,4.5);
#801 = AXIS2_PLACEMENT_3D('',#802,#803,#804);
#802 = CARTESIAN_POINT('',(-138.66,10.1,55.));
#803 = DIRECTION('',(0.,1.,0.));
#804 = DIRECTION('',(0.,-0.,1.));
#805 = ORIENTED_EDGE('',*,*,#791,.F.);
#806 = ORIENTED_EDGE('',*,*,#268,.T.);
#807 = CYLINDRICAL_SURFACE('',#808,4.5);
#808 = AXIS2_PLACEMENT_3D('',#809,#810,#811);
#809 = CARTESIAN_POINT('',(-138.66,2.7,55.));
#810 = DIRECTION('',(0.,1.,0.));
#811 = DIRECTION('',(0.,-0.,1.));
#812 = ADVANCED_FACE('',(#813),#866,.T.);
#813 = FACE_BOUND('',#814,.T.);
#814 = EDGE_LOOP('',(#815,#816,#824,#833,#841,#850,#858,#865));
#815 = ORIENTED_EDGE('',*,*,#290,.T.);
#816 = ORIENTED_EDGE('',*,*,#817,.T.);
#817 = EDGE_CURVE('',#291,#818,#820,.T.);
#818 = VERTEX_POINT('',#819);
#819 = CARTESIAN_POINT('',(-146.76,19.2,104.62));
#820 = LINE('',#821,#822);
#821 = CARTESIAN_POINT('',(-146.76,2.7,104.62));
#822 = VECTOR('',#823,1.);
#823 = DIRECTION('',(0.,1.,0.));
#824 = ORIENTED_EDGE('',*,*,#825,.F.);
#825 = EDGE_CURVE('',#826,#818,#828,.T.);
#826 = VERTEX_POINT('',#827);
#827 = CARTESIAN_POINT('',(-147.96,19.004459626128,104.45704968844));
#828 = ELLIPSE('',#829,7.029224708316,4.5);
#829 = AXIS2_PLACEMENT_3D('',#830,#831,#832);
#830 = CARTESIAN_POINT('',(-146.76,13.8,100.12));
#831 = DIRECTION('',(0.,0.640184399664,-0.768221279597));
#832 = DIRECTION('',(0.,0.768221279597,0.640184399664));
#833 = ORIENTED_EDGE('',*,*,#834,.T.);
#834 = EDGE_CURVE('',#826,#835,#837,.T.);
#835 = VERTEX_POINT('',#836);
#836 = CARTESIAN_POINT('',(-147.96,51.16,104.45704968844));
#837 = LINE('',#838,#839);
#838 = CARTESIAN_POINT('',(-147.96,2.7,104.45704968844));
#839 = VECTOR('',#840,1.);
#840 = DIRECTION('',(0.,1.,0.));
#841 = ORIENTED_EDGE('',*,*,#842,.F.);
#842 = EDGE_CURVE('',#843,#835,#845,.T.);
#843 = VERTEX_POINT('',#844);
#844 = CARTESIAN_POINT('',(-145.56,51.16,104.45704968844));
#845 = CIRCLE('',#846,4.5);
#846 = AXIS2_PLACEMENT_3D('',#847,#848,#849);
#847 = CARTESIAN_POINT('',(-146.76,51.16,100.12));
#848 = DIRECTION('',(0.,1.,0.));
#849 = DIRECTION('',(0.,-0.,1.));
#850 = ORIENTED_EDGE('',*,*,#851,.F.);
#851 = EDGE_CURVE('',#852,#843,#854,.T.);
#852 = VERTEX_POINT('',#853);
#853 = CARTESIAN_POINT('',(-145.56,19.004459626128,104.45704968844));
#854 = LINE('',#855,#856);
#855 = CARTESIAN_POINT('',(-145.56,2.7,104.45704968844));
#856 = VECTOR('',#857,1.);
#857 = DIRECTION('',(0.,1.,0.));
#858 = ORIENTED_EDGE('',*,*,#859,.F.);
#859 = EDGE_CURVE('',#818,#852,#860,.T.);
#860 = ELLIPSE('',#861,7.029224708316,4.5);
#861 = AXIS2_PLACEMENT_3D('',#862,#863,#864);
#862 = CARTESIAN_POINT('',(-146.76,13.8,100.12));
#863 = DIRECTION('',(0.,0.640184399664,-0.768221279597));
#864 = DIRECTION('',(0.,0.768221279597,0.640184399664));
#865 = ORIENTED_EDGE('',*,*,#817,.F.);
#866 = CYLINDRICAL_SURFACE('',#867,4.5);
#867 = AXIS2_PLACEMENT_3D('',#868,#869,#870);
#868 = CARTESIAN_POINT('',(-146.76,2.7,100.12));
#869 = DIRECTION('',(0.,1.,0.));
#870 = DIRECTION('',(0.,-0.,1.));
#871 = ADVANCED_FACE('',(#872),#925,.T.);
#872 = FACE_BOUND('',#873,.T.);
#873 = EDGE_LOOP('',(#874,#875,#883,#892,#900,#909,#917,#924));
#874 = ORIENTED_EDGE('',*,*,#301,.T.);
#875 = ORIENTED_EDGE('',*,*,#876,.T.);
#876 = EDGE_CURVE('',#302,#877,#879,.T.);
#877 = VERTEX_POINT('',#878);
#878 = CARTESIAN_POINT('',(-146.76,19.2,189.74));
#879 = LINE('',#880,#881);
#880 = CARTESIAN_POINT('',(-146.76,2.7,189.74));
#881 = VECTOR('',#882,1.);
#882 = DIRECTION('',(0.,1.,0.));
#883 = ORIENTED_EDGE('',*,*,#884,.F.);
#884 = EDGE_CURVE('',#885,#877,#887,.T.);
#885 = VERTEX_POINT('',#886);
#886 = CARTESIAN_POINT('',(-147.96,19.004459626128,189.57704968844));
#887 = ELLIPSE('',#888,7.029224708316,4.5);
#888 = AXIS2_PLACEMENT_3D('',#889,#890,#891);
#889 = CARTESIAN_POINT('',(-146.76,13.8,185.24));
#890 = DIRECTION('',(0.,0.640184399664,-0.768221279597));
#891 = DIRECTION('',(0.,0.768221279597,0.640184399664));
#892 = ORIENTED_EDGE('',*,*,#893,.T.);
#893 = EDGE_CURVE('',#885,#894,#896,.T.);
#894 = VERTEX_POINT('',#895);
#895 = CARTESIAN_POINT('',(-147.96,51.16,189.57704968844));
#896 = LINE('',#897,#898);
#897 = CARTESIAN_POINT('',(-147.96,2.7,189.57704968844));
#898 = VECTOR('',#899,1.);
#899 = DIRECTION('',(0.,1.,0.));
#900 = ORIENTED_EDGE('',*,*,#901,.F.);
#901 = EDGE_CURVE('',#902,#894,#904,.T.);
#902 = VERTEX_POINT('',#903);
#903 = CARTESIAN_POINT('',(-145.56,51.16,189.57704968844));
#904 = CIRCLE('',#905,4.5);
#905 = AXIS2_PLACEMENT_3D('',#906,#907,#908);
#906 = CARTESIAN_POINT('',(-146.76,51.16,185.24));
#907 = DIRECTION('',(0.,1.,0.));
#908 = DIRECTION('',(0.,-0.,1.));
#909 = ORIENTED_EDGE('',*,*,#910,.F.);
#910 = EDGE_CURVE('',#911,#902,#913,.T.);
#911 = VERTEX_POINT('',#912);
#912 = CARTESIAN_POINT('',(-145.56,19.004459626128,189.57704968844));
#913 = LINE('',#914,#915);
#914 = CARTESIAN_POINT('',(-145.56,2.7,189.57704968844));
#915 = VECTOR('',#916,1.);
#916 = DIRECTION('',(0.,1.,0.));
#917 = ORIENTED_EDGE('',*,*,#918,.F.);
#918 = EDGE_CURVE('',#877,#911,#919,.T.);
#919 = ELLIPSE('',#920,7.029224708316,4.5);
#920 = AXIS2_PLACEMENT_3D('',#921,#922,#923);
#921 = CARTESIAN_POINT('',(-146.76,13.8,185.24));
#922 = DIRECTION('',(0.,0.640184399664,-0.768221279597));
#923 = DIRECTION('',(0.,0.768221279597,0.640184399664));
#924 = ORIENTED_EDGE('',*,*,#876,.F.);
#925 = CYLINDRICAL_SURFACE('',#926,4.5);
#926 = AXIS2_PLACEMENT_3D('',#927,#928,#929);
#927 = CARTESIAN_POINT('',(-146.76,2.7,185.24));
#928 = DIRECTION('',(0.,1.,0.));
#929 = DIRECTION('',(0.,-0.,1.));
#930 = ADVANCED_FACE('',(#931),#950,.T.);
#931 = FACE_BOUND('',#932,.T.);
#932 = EDGE_LOOP('',(#933,#941,#948,#949));
#933 = ORIENTED_EDGE('',*,*,#934,.T.);
#934 = EDGE_CURVE('',#358,#935,#937,.T.);
#935 = VERTEX_POINT('',#936);
#936 = CARTESIAN_POINT('',(48.66,10.1,18.5));
#937 = LINE('',#938,#939);
#938 = CARTESIAN_POINT('',(48.66,2.7,18.5));
#939 = VECTOR('',#940,1.);
#940 = DIRECTION('',(0.,1.,0.));
#941 = ORIENTED_EDGE('',*,*,#942,.F.);
#942 = EDGE_CURVE('',#935,#935,#943,.T.);
#943 = CIRCLE('',#944,4.5);
#944 = AXIS2_PLACEMENT_3D('',#945,#946,#947);
#945 = CARTESIAN_POINT('',(48.66,10.1,14.));
#946 = DIRECTION('',(0.,1.,0.));
#947 = DIRECTION('',(0.,-0.,1.));
#948 = ORIENTED_EDGE('',*,*,#934,.F.);
#949 = ORIENTED_EDGE('',*,*,#357,.T.);
#950 = CYLINDRICAL_SURFACE('',#951,4.5);
#951 = AXIS2_PLACEMENT_3D('',#952,#953,#954);
#952 = CARTESIAN_POINT('',(48.66,2.7,14.));
#953 = DIRECTION('',(0.,1.,0.));
#954 = DIRECTION('',(0.,-0.,1.));
#955 = ADVANCED_FACE('',(#956),#975,.T.);
#956 = FACE_BOUND('',#957,.T.);
#957 = EDGE_LOOP('',(#958,#966,#967,#968));
#958 = ORIENTED_EDGE('',*,*,#959,.F.);
#959 = EDGE_CURVE('',#369,#960,#962,.T.);
#960 = VERTEX_POINT('',#961);
#961 = CARTESIAN_POINT('',(57.16,6.34,22.1));
#962 = LINE('',#963,#964);
#963 = CARTESIAN_POINT('',(57.16,2.7,22.1));
#964 = VECTOR('',#965,1.);
#965 = DIRECTION('',(0.,1.,0.));
#966 = ORIENTED_EDGE('',*,*,#368,.T.);
#967 = ORIENTED_EDGE('',*,*,#959,.T.);
#968 = ORIENTED_EDGE('',*,*,#969,.F.);
#969 = EDGE_CURVE('',#960,#960,#970,.T.);
#970 = CIRCLE('',#971,4.1);
#971 = AXIS2_PLACEMENT_3D('',#972,#973,#974);
#972 = CARTESIAN_POINT('',(57.16,6.34,18.));
#973 = DIRECTION('',(0.,1.,0.));
#974 = DIRECTION('',(0.,-0.,1.));
#975 = CYLINDRICAL_SURFACE('',#976,4.1);
#976 = AXIS2_PLACEMENT_3D('',#977,#978,#979);
#977 = CARTESIAN_POINT('',(57.16,2.7,18.));
#978 = DIRECTION('',(0.,1.,0.));
#979 = DIRECTION('',(0.,-0.,1.));
#980 = ADVANCED_FACE('',(#981),#1000,.T.);
#981 = FACE_BOUND('',#982,.T.);
#982 = EDGE_LOOP('',(#983,#991,#998,#999));
#983 = ORIENTED_EDGE('',*,*,#984,.T.);
#984 = EDGE_CURVE('',#380,#985,#987,.T.);
#985 = VERTEX_POINT('',#986);
#986 = CARTESIAN_POINT('',(48.66,10.1,59.5));
#987 = LINE('',#988,#989);
#988 = CARTESIAN_POINT('',(48.66,2.7,59.5));
#989 = VECTOR('',#990,1.);
#990 = DIRECTION('',(0.,1.,0.));
#991 = ORIENTED_EDGE('',*,*,#992,.F.);
#992 = EDGE_CURVE('',#985,#985,#993,.T.);
#993 = CIRCLE('',#994,4.5);
#994 = AXIS2_PLACEMENT_3D('',#995,#996,#997);
#995 = CARTESIAN_POINT('',(48.66,10.1,55.));
#996 = DIRECTION('',(0.,1.,0.));
#997 = DIRECTION('',(0.,-0.,1.));
#998 = ORIENTED_EDGE('',*,*,#984,.F.);
#999 = ORIENTED_EDGE('',*,*,#379,.T.);
#1000 = CYLINDRICAL_SURFACE('',#1001,4.5);
#1001 = AXIS2_PLACEMENT_3D('',#1002,#1003,#1004);
#1002 = CARTESIAN_POINT('',(48.66,2.7,55.));
#1003 = DIRECTION('',(0.,1.,0.));
#1004 = DIRECTION('',(0.,-0.,1.));
#1005 = ADVANCED_FACE('',(#1006),#1059,.T.);
#1006 = FACE_BOUND('',#1007,.T.);
#1007 = EDGE_LOOP('',(#1008,#1009,#1017,#1026,#1034,#1043,#1051,#1058));
#1008 = ORIENTED_EDGE('',*,*,#435,.T.);
#1009 = ORIENTED_EDGE('',*,*,#1010,.T.);
#1010 = EDGE_CURVE('',#436,#1011,#1013,.T.);
#1011 = VERTEX_POINT('',#1012);
#1012 = CARTESIAN_POINT('',(57.16,19.2,104.22));
#1013 = LINE('',#1014,#1015);
#1014 = CARTESIAN_POINT('',(57.16,2.7,104.22));
#1015 = VECTOR('',#1016,1.);
#1016 = DIRECTION('',(0.,1.,0.));
#1017 = ORIENTED_EDGE('',*,*,#1018,.F.);
#1018 = EDGE_CURVE('',#1019,#1011,#1021,.T.);
#1019 = VERTEX_POINT('',#1020);
#1020 = CARTESIAN_POINT('',(55.96,18.984550988139,104.04045915678));
#1021 = ELLIPSE('',#1022,6.404404734243,4.1);
#1022 = AXIS2_PLACEMENT_3D('',#1023,#1024,#1025);
#1023 = CARTESIAN_POINT('',(57.16,14.28,100.12));
#1024 = DIRECTION('',(0.,0.640184399664,-0.768221279597));
#1025 = DIRECTION('',(0.,0.768221279597,0.640184399664));
#1026 = ORIENTED_EDGE('',*,*,#1027,.T.);
#1027 = EDGE_CURVE('',#1019,#1028,#1030,.T.);
#1028 = VERTEX_POINT('',#1029);
#1029 = CARTESIAN_POINT('',(55.96,51.16,104.04045915678));
#1030 = LINE('',#1031,#1032);
#1031 = CARTESIAN_POINT('',(55.96,2.7,104.04045915678));
#1032 = VECTOR('',#1033,1.);
#1033 = DIRECTION('',(0.,1.,0.));
#1034 = ORIENTED_EDGE('',*,*,#1035,.F.);
#1035 = EDGE_CURVE('',#1036,#1028,#1038,.T.);
#1036 = VERTEX_POINT('',#1037);
#1037 = CARTESIAN_POINT('',(58.36,51.16,104.04045915678));
#1038 = CIRCLE('',#1039,4.1);
#1039 = AXIS2_PLACEMENT_3D('',#1040,#1041,#1042);
#1040 = CARTESIAN_POINT('',(57.16,51.16,100.12));
#1041 = DIRECTION('',(0.,1.,0.));
#1042 = DIRECTION('',(0.,-0.,1.));
#1043 = ORIENTED_EDGE('',*,*,#1044,.F.);
#1044 = EDGE_CURVE('',#1045,#1036,#1047,.T.);
#1045 = VERTEX_POINT('',#1046);
#1046 = CARTESIAN_POINT('',(58.36,18.984550988139,104.04045915678));
#1047 = LINE('',#1048,#1049);
#1048 = CARTESIAN_POINT('',(58.36,2.7,104.04045915678));
#1049 = VECTOR('',#1050,1.);
#1050 = DIRECTION('',(0.,1.,0.));
#1051 = ORIENTED_EDGE('',*,*,#1052,.F.);
#1052 = EDGE_CURVE('',#1011,#1045,#1053,.T.);
#1053 = ELLIPSE('',#1054,6.404404734243,4.1);
#1054 = AXIS2_PLACEMENT_3D('',#1055,#1056,#1057);
#1055 = CARTESIAN_POINT('',(57.16,14.28,100.12));
#1056 = DIRECTION('',(0.,0.640184399664,-0.768221279597));
#1057 = DIRECTION('',(0.,0.768221279597,0.640184399664));
#1058 = ORIENTED_EDGE('',*,*,#1010,.F.);
#1059 = CYLINDRICAL_SURFACE('',#1060,4.1);
#1060 = AXIS2_PLACEMENT_3D('',#1061,#1062,#1063);
#1061 = CARTESIAN_POINT('',(57.16,2.7,100.12));
#1062 = DIRECTION('',(0.,1.,0.));
#1063 = DIRECTION('',(0.,-0.,1.));
#1064 = ADVANCED_FACE('',(#1065),#1118,.T.);
#1065 = FACE_BOUND('',#1066,.T.);
#1066 = EDGE_LOOP('',(#1067,#1068,#1076,#1085,#1093,#1102,#1110,#1117));
#1067 = ORIENTED_EDGE('',*,*,#457,.T.);
#1068 = ORIENTED_EDGE('',*,*,#1069,.T.);
#1069 = EDGE_CURVE('',#458,#1070,#1072,.T.);
#1070 = VERTEX_POINT('',#1071);
#1071 = CARTESIAN_POINT('',(57.16,19.2,189.34));
#1072 = LINE('',#1073,#1074);
#1073 = CARTESIAN_POINT('',(57.16,2.7,189.34));
#1074 = VECTOR('',#1075,1.);
#1075 = DIRECTION('',(0.,1.,0.));
#1076 = ORIENTED_EDGE('',*,*,#1077,.F.);
#1077 = EDGE_CURVE('',#1078,#1070,#1080,.T.);
#1078 = VERTEX_POINT('',#1079);
#1079 = CARTESIAN_POINT('',(55.96,18.984550988139,189.16045915678));
#1080 = ELLIPSE('',#1081,6.404404734243,4.1);
#1081 = AXIS2_PLACEMENT_3D('',#1082,#1083,#1084);
#1082 = CARTESIAN_POINT('',(57.16,14.28,185.24));
#1083 = DIRECTION('',(0.,0.640184399664,-0.768221279597));
#1084 = DIRECTION('',(0.,0.768221279597,0.640184399664));
#1085 = ORIENTED_EDGE('',*,*,#1086,.T.);
#1086 = EDGE_CURVE('',#1078,#1087,#1089,.T.);
#1087 = VERTEX_POINT('',#1088);
#1088 = CARTESIAN_POINT('',(55.96,51.16,189.16045915678));
#1089 = LINE('',#1090,#1091);
#1090 = CARTESIAN_POINT('',(55.96,2.7,189.16045915678));
#1091 = VECTOR('',#1092,1.);
#1092 = DIRECTION('',(0.,1.,0.));
#1093 = ORIENTED_EDGE('',*,*,#1094,.F.);
#1094 = EDGE_CURVE('',#1095,#1087,#1097,.T.);
#1095 = VERTEX_POINT('',#1096);
#1096 = CARTESIAN_POINT('',(58.36,51.16,189.16045915678));
#1097 = CIRCLE('',#1098,4.1);
#1098 = AXIS2_PLACEMENT_3D('',#1099,#1100,#1101);
#1099 = CARTESIAN_POINT('',(57.16,51.16,185.24));
#1100 = DIRECTION('',(0.,1.,0.));
#1101 = DIRECTION('',(0.,-0.,1.));
#1102 = ORIENTED_EDGE('',*,*,#1103,.F.);
#1103 = EDGE_CURVE('',#1104,#1095,#1106,.T.);
#1104 = VERTEX_POINT('',#1105);
#1105 = CARTESIAN_POINT('',(58.36,18.984550988139,189.16045915678));
#1106 = LINE('',#1107,#1108);
#1107 = CARTESIAN_POINT('',(58.36,2.7,189.16045915678));
#1108 = VECTOR('',#1109,1.);
#1109 = DIRECTION('',(0.,1.,0.));
#1110 = ORIENTED_EDGE('',*,*,#1111,.F.);
#1111 = EDGE_CURVE('',#1070,#1104,#1112,.T.);
#1112 = ELLIPSE('',#1113,6.404404734243,4.1);
#1113 = AXIS2_PLACEMENT_3D('',#1114,#1115,#1116);
#1114 = CARTESIAN_POINT('',(57.16,14.28,185.24));
#1115 = DIRECTION('',(0.,0.640184399664,-0.768221279597));
#1116 = DIRECTION('',(0.,0.768221279597,0.640184399664));
#1117 = ORIENTED_EDGE('',*,*,#1069,.F.);
#1118 = CYLINDRICAL_SURFACE('',#1119,4.1);
#1119 = AXIS2_PLACEMENT_3D('',#1120,#1121,#1122);
#1120 = CARTESIAN_POINT('',(57.16,2.7,185.24));
#1121 = DIRECTION('',(0.,1.,0.));
#1122 = DIRECTION('',(0.,-0.,1.));
#1123 = ADVANCED_FACE('',(#1124),#1143,.T.);
#1124 = FACE_BOUND('',#1125,.T.);
#1125 = EDGE_LOOP('',(#1126,#1135,#1141,#1142));
#1126 = ORIENTED_EDGE('',*,*,#1127,.F.);
#1127 = EDGE_CURVE('',#1128,#1128,#1130,.T.);
#1128 = VERTEX_POINT('',#1129);
#1129 = CARTESIAN_POINT('',(-146.76,9.1,19.8));
#1130 = CIRCLE('',#1131,1.8);
#1131 = AXIS2_PLACEMENT_3D('',#1132,#1133,#1134);
#1132 = CARTESIAN_POINT('',(-146.76,9.1,18.));
#1133 = DIRECTION('',(0.,1.,0.));
#1134 = DIRECTION('',(0.,-0.,1.));
#1135 = ORIENTED_EDGE('',*,*,#1136,.F.);
#1136 = EDGE_CURVE('',#708,#1128,#1137,.T.);
#1137 = LINE('',#1138,#1139);
#1138 = CARTESIAN_POINT('',(-146.76,5.86,22.5));
#1139 = VECTOR('',#1140,1.);
#1140 = DIRECTION('',(1.567999551826E-16,0.768221279597,-0.640184399664)
  );
#1141 = ORIENTED_EDGE('',*,*,#717,.T.);
#1142 = ORIENTED_EDGE('',*,*,#1136,.T.);
#1143 = CONICAL_SURFACE('',#1144,4.5,0.694738276197);
#1144 = AXIS2_PLACEMENT_3D('',#1145,#1146,#1147);
#1145 = CARTESIAN_POINT('',(-146.76,5.86,18.));
#1146 = DIRECTION('',(-0.,-1.,-0.));
#1147 = DIRECTION('',(0.,-0.,1.));
#1148 = ADVANCED_FACE('',(#1149,#1160),#1171,.T.);
#1149 = FACE_BOUND('',#1150,.T.);
#1150 = EDGE_LOOP('',(#1151,#1152,#1153));
#1151 = ORIENTED_EDGE('',*,*,#741,.T.);
#1152 = ORIENTED_EDGE('',*,*,#775,.T.);
#1153 = ORIENTED_EDGE('',*,*,#1154,.F.);
#1154 = EDGE_CURVE('',#742,#768,#1155,.T.);
#1155 = CIRCLE('',#1156,4.8);
#1156 = AXIS2_PLACEMENT_3D('',#1157,#1158,#1159);
#1157 = CARTESIAN_POINT('',(-146.76,10.1,18.));
#1158 = DIRECTION('',(0.,1.,0.));
#1159 = DIRECTION('',(0.,-0.,1.));
#1160 = FACE_BOUND('',#1161,.T.);
#1161 = EDGE_LOOP('',(#1162));
#1162 = ORIENTED_EDGE('',*,*,#1163,.F.);
#1163 = EDGE_CURVE('',#1164,#1164,#1166,.T.);
#1164 = VERTEX_POINT('',#1165);
#1165 = CARTESIAN_POINT('',(-138.66,10.1,16.));
#1166 = CIRCLE('',#1167,2.);
#1167 = AXIS2_PLACEMENT_3D('',#1168,#1169,#1170);
#1168 = CARTESIAN_POINT('',(-138.66,10.1,14.));
#1169 = DIRECTION('',(0.,1.,0.));
#1170 = DIRECTION('',(0.,-0.,1.));
#1171 = PLANE('',#1172);
#1172 = AXIS2_PLACEMENT_3D('',#1173,#1174,#1175);
#1173 = CARTESIAN_POINT('',(-138.66,10.1,14.));
#1174 = DIRECTION('',(0.,1.,0.));
#1175 = DIRECTION('',(0.,-0.,1.));
#1176 = ADVANCED_FACE('',(#1177),#1189,.F.);
#1177 = FACE_BOUND('',#1178,.F.);
#1178 = EDGE_LOOP('',(#1179,#1180,#1187,#1188));
#1179 = ORIENTED_EDGE('',*,*,#750,.F.);
#1180 = ORIENTED_EDGE('',*,*,#1181,.T.);
#1181 = EDGE_CURVE('',#751,#759,#1182,.T.);
#1182 = CIRCLE('',#1183,4.8);
#1183 = AXIS2_PLACEMENT_3D('',#1184,#1185,#1186);
#1184 = CARTESIAN_POINT('',(-146.76,5.86,18.));
#1185 = DIRECTION('',(0.,1.,0.));
#1186 = DIRECTION('',(0.,-0.,1.));
#1187 = ORIENTED_EDGE('',*,*,#767,.T.);
#1188 = ORIENTED_EDGE('',*,*,#1154,.F.);
#1189 = CYLINDRICAL_SURFACE('',#1190,4.8);
#1190 = AXIS2_PLACEMENT_3D('',#1191,#1192,#1193);
#1191 = CARTESIAN_POINT('',(-146.76,5.86,18.));
#1192 = DIRECTION('',(0.,1.,0.));
#1193 = DIRECTION('',(0.,-0.,1.));
#1194 = ADVANCED_FACE('',(#1195),#1199,.T.);
#1195 = FACE_BOUND('',#1196,.T.);
#1196 = EDGE_LOOP('',(#1197,#1198));
#1197 = ORIENTED_EDGE('',*,*,#758,.T.);
#1198 = ORIENTED_EDGE('',*,*,#1181,.T.);
#1199 = PLANE('',#1200);
#1200 = AXIS2_PLACEMENT_3D('',#1201,#1202,#1203);
#1201 = CARTESIAN_POINT('',(-146.76,5.86,18.));
#1202 = DIRECTION('',(0.,1.,0.));
#1203 = DIRECTION('',(0.,-0.,1.));
#1204 = ADVANCED_FACE('',(#1205,#1208),#1219,.T.);
#1205 = FACE_BOUND('',#1206,.T.);
#1206 = EDGE_LOOP('',(#1207));
#1207 = ORIENTED_EDGE('',*,*,#799,.T.);
#1208 = FACE_BOUND('',#1209,.T.);
#1209 = EDGE_LOOP('',(#1210));
#1210 = ORIENTED_EDGE('',*,*,#1211,.F.);
#1211 = EDGE_CURVE('',#1212,#1212,#1214,.T.);
#1212 = VERTEX_POINT('',#1213);
#1213 = CARTESIAN_POINT('',(-138.66,10.1,57.));
#1214 = CIRCLE('',#1215,2.);
#1215 = AXIS2_PLACEMENT_3D('',#1216,#1217,#1218);
#1216 = CARTESIAN_POINT('',(-138.66,10.1,55.));
#1217 = DIRECTION('',(0.,1.,0.));
#1218 = DIRECTION('',(0.,-0.,1.));
#1219 = PLANE('',#1220);
#1220 = AXIS2_PLACEMENT_3D('',#1221,#1222,#1223);
#1221 = CARTESIAN_POINT('',(-138.66,10.1,55.));
#1222 = DIRECTION('',(0.,1.,0.));
#1223 = DIRECTION('',(0.,-0.,1.));
#1224 = ADVANCED_FACE('',(#1225),#1251,.F.);
#1225 = FACE_BOUND('',#1226,.F.);
#1226 = EDGE_LOOP('',(#1227,#1235,#1243,#1249,#1250));
#1227 = ORIENTED_EDGE('',*,*,#1228,.F.);
#1228 = EDGE_CURVE('',#1229,#826,#1231,.T.);
#1229 = VERTEX_POINT('',#1230);
#1230 = CARTESIAN_POINT('',(-147.96,24.9,109.37));
#1231 = LINE('',#1232,#1233);
#1232 = CARTESIAN_POINT('',(-147.96,25.2,109.62));
#1233 = VECTOR('',#1234,1.);
#1234 = DIRECTION('',(0.,-0.768221279597,-0.640184399664));
#1235 = ORIENTED_EDGE('',*,*,#1236,.T.);
#1236 = EDGE_CURVE('',#1229,#1237,#1239,.T.);
#1237 = VERTEX_POINT('',#1238);
#1238 = CARTESIAN_POINT('',(-145.56,24.9,109.37));
#1239 = LINE('',#1240,#1241);
#1240 = CARTESIAN_POINT('',(-147.96,24.9,109.37));
#1241 = VECTOR('',#1242,1.);
#1242 = DIRECTION('',(1.,0.,0.));
#1243 = ORIENTED_EDGE('',*,*,#1244,.T.);
#1244 = EDGE_CURVE('',#1237,#852,#1245,.T.);
#1245 = LINE('',#1246,#1247);
#1246 = CARTESIAN_POINT('',(-145.56,25.2,109.62));
#1247 = VECTOR('',#1248,1.);
#1248 = DIRECTION('',(0.,-0.768221279597,-0.640184399664));
#1249 = ORIENTED_EDGE('',*,*,#859,.F.);
#1250 = ORIENTED_EDGE('',*,*,#825,.F.);
#1251 = PLANE('',#1252);
#1252 = AXIS2_PLACEMENT_3D('',#1253,#1254,#1255);
#1253 = CARTESIAN_POINT('',(-147.96,25.2,109.62));
#1254 = DIRECTION('',(0.,0.640184399664,-0.768221279597));
#1255 = DIRECTION('',(0.,-0.768221279597,-0.640184399664));
#1256 = ADVANCED_FACE('',(#1257),#1283,.T.);
#1257 = FACE_BOUND('',#1258,.T.);
#1258 = EDGE_LOOP('',(#1259,#1260,#1261,#1269,#1277));
#1259 = ORIENTED_EDGE('',*,*,#1244,.T.);
#1260 = ORIENTED_EDGE('',*,*,#851,.T.);
#1261 = ORIENTED_EDGE('',*,*,#1262,.T.);
#1262 = EDGE_CURVE('',#843,#1263,#1265,.T.);
#1263 = VERTEX_POINT('',#1264);
#1264 = CARTESIAN_POINT('',(-145.56,51.16,109.62));
#1265 = LINE('',#1266,#1267);
#1266 = CARTESIAN_POINT('',(-145.56,51.16,103.62));
#1267 = VECTOR('',#1268,1.);
#1268 = DIRECTION('',(0.,0.,1.));
#1269 = ORIENTED_EDGE('',*,*,#1270,.F.);
#1270 = EDGE_CURVE('',#1271,#1263,#1273,.T.);
#1271 = VERTEX_POINT('',#1272);
#1272 = CARTESIAN_POINT('',(-145.56,24.9,109.62));
#1273 = LINE('',#1274,#1275);
#1274 = CARTESIAN_POINT('',(-145.56,24.9,109.62));
#1275 = VECTOR('',#1276,1.);
#1276 = DIRECTION('',(-0.,1.,0.));
#1277 = ORIENTED_EDGE('',*,*,#1278,.F.);
#1278 = EDGE_CURVE('',#1237,#1271,#1279,.T.);
#1279 = LINE('',#1280,#1281);
#1280 = CARTESIAN_POINT('',(-145.56,24.9,103.62));
#1281 = VECTOR('',#1282,1.);
#1282 = DIRECTION('',(0.,0.,1.));
#1283 = PLANE('',#1284);
#1284 = AXIS2_PLACEMENT_3D('',#1285,#1286,#1287);
#1285 = CARTESIAN_POINT('',(-145.56,35.36651697025,102.73712313372));
#1286 = DIRECTION('',(1.,0.,0.));
#1287 = DIRECTION('',(-0.,0.,1.));
#1288 = ADVANCED_FACE('',(#1289,#1307),#1318,.T.);
#1289 = FACE_BOUND('',#1290,.T.);
#1290 = EDGE_LOOP('',(#1291,#1292,#1300,#1306));
#1291 = ORIENTED_EDGE('',*,*,#842,.T.);
#1292 = ORIENTED_EDGE('',*,*,#1293,.T.);
#1293 = EDGE_CURVE('',#835,#1294,#1296,.T.);
#1294 = VERTEX_POINT('',#1295);
#1295 = CARTESIAN_POINT('',(-147.96,51.16,109.62));
#1296 = LINE('',#1297,#1298);
#1297 = CARTESIAN_POINT('',(-147.96,51.16,103.62));
#1298 = VECTOR('',#1299,1.);
#1299 = DIRECTION('',(0.,0.,1.));
#1300 = ORIENTED_EDGE('',*,*,#1301,.T.);
#1301 = EDGE_CURVE('',#1294,#1263,#1302,.T.);
#1302 = LINE('',#1303,#1304);
#1303 = CARTESIAN_POINT('',(-147.96,51.16,109.62));
#1304 = VECTOR('',#1305,1.);
#1305 = DIRECTION('',(1.,0.,-0.));
#1306 = ORIENTED_EDGE('',*,*,#1262,.F.);
#1307 = FACE_BOUND('',#1308,.T.);
#1308 = EDGE_LOOP('',(#1309));
#1309 = ORIENTED_EDGE('',*,*,#1310,.F.);
#1310 = EDGE_CURVE('',#1311,#1311,#1313,.T.);
#1311 = VERTEX_POINT('',#1312);
#1312 = CARTESIAN_POINT('',(-146.76,51.16,101.82));
#1313 = CIRCLE('',#1314,1.7);
#1314 = AXIS2_PLACEMENT_3D('',#1315,#1316,#1317);
#1315 = CARTESIAN_POINT('',(-146.76,51.16,100.12));
#1316 = DIRECTION('',(0.,1.,0.));
#1317 = DIRECTION('',(0.,-0.,1.));
#1318 = PLANE('',#1319);
#1319 = AXIS2_PLACEMENT_3D('',#1320,#1321,#1322);
#1320 = CARTESIAN_POINT('',(-146.76,51.16,102.649282724));
#1321 = DIRECTION('',(0.,1.,0.));
#1322 = DIRECTION('',(0.,-0.,1.));
#1323 = ADVANCED_FACE('',(#1324),#1343,.T.);
#1324 = FACE_BOUND('',#1325,.T.);
#1325 = EDGE_LOOP('',(#1326,#1327,#1328,#1336,#1342));
#1326 = ORIENTED_EDGE('',*,*,#834,.F.);
#1327 = ORIENTED_EDGE('',*,*,#1228,.F.);
#1328 = ORIENTED_EDGE('',*,*,#1329,.T.);
#1329 = EDGE_CURVE('',#1229,#1330,#1332,.T.);
#1330 = VERTEX_POINT('',#1331);
#1331 = CARTESIAN_POINT('',(-147.96,24.9,109.62));
#1332 = LINE('',#1333,#1334);
#1333 = CARTESIAN_POINT('',(-147.96,24.9,103.62));
#1334 = VECTOR('',#1335,1.);
#1335 = DIRECTION('',(0.,0.,1.));
#1336 = ORIENTED_EDGE('',*,*,#1337,.T.);
#1337 = EDGE_CURVE('',#1330,#1294,#1338,.T.);
#1338 = LINE('',#1339,#1340);
#1339 = CARTESIAN_POINT('',(-147.96,24.9,109.62));
#1340 = VECTOR('',#1341,1.);
#1341 = DIRECTION('',(-0.,1.,0.));
#1342 = ORIENTED_EDGE('',*,*,#1293,.F.);
#1343 = PLANE('',#1344);
#1344 = AXIS2_PLACEMENT_3D('',#1345,#1346,#1347);
#1345 = CARTESIAN_POINT('',(-147.96,35.36651697025,102.73712313372));
#1346 = DIRECTION('',(-1.,-0.,-0.));
#1347 = DIRECTION('',(0.,0.,-1.));
#1348 = ADVANCED_FACE('',(#1349),#1375,.F.);
#1349 = FACE_BOUND('',#1350,.F.);
#1350 = EDGE_LOOP('',(#1351,#1359,#1367,#1373,#1374));
#1351 = ORIENTED_EDGE('',*,*,#1352,.F.);
#1352 = EDGE_CURVE('',#1353,#885,#1355,.T.);
#1353 = VERTEX_POINT('',#1354);
#1354 = CARTESIAN_POINT('',(-147.96,24.9,194.49));
#1355 = LINE('',#1356,#1357);
#1356 = CARTESIAN_POINT('',(-147.96,25.2,194.74));
#1357 = VECTOR('',#1358,1.);
#1358 = DIRECTION('',(0.,-0.768221279597,-0.640184399664));
#1359 = ORIENTED_EDGE('',*,*,#1360,.T.);
#1360 = EDGE_CURVE('',#1353,#1361,#1363,.T.);
#1361 = VERTEX_POINT('',#1362);
#1362 = CARTESIAN_POINT('',(-145.56,24.9,194.49));
#1363 = LINE('',#1364,#1365);
#1364 = CARTESIAN_POINT('',(-147.96,24.9,194.49));
#1365 = VECTOR('',#1366,1.);
#1366 = DIRECTION('',(1.,0.,0.));
#1367 = ORIENTED_EDGE('',*,*,#1368,.T.);
#1368 = EDGE_CURVE('',#1361,#911,#1369,.T.);
#1369 = LINE('',#1370,#1371);
#1370 = CARTESIAN_POINT('',(-145.56,25.2,194.74));
#1371 = VECTOR('',#1372,1.);
#1372 = DIRECTION('',(0.,-0.768221279597,-0.640184399664));
#1373 = ORIENTED_EDGE('',*,*,#918,.F.);
#1374 = ORIENTED_EDGE('',*,*,#884,.F.);
#1375 = PLANE('',#1376);
#1376 = AXIS2_PLACEMENT_3D('',#1377,#1378,#1379);
#1377 = CARTESIAN_POINT('',(-147.96,25.2,194.74));
#1378 = DIRECTION('',(0.,0.640184399664,-0.768221279597));
#1379 = DIRECTION('',(0.,-0.768221279597,-0.640184399664));
#1380 = ADVANCED_FACE('',(#1381),#1407,.T.);
#1381 = FACE_BOUND('',#1382,.T.);
#1382 = EDGE_LOOP('',(#1383,#1384,#1385,#1393,#1401));
#1383 = ORIENTED_EDGE('',*,*,#1368,.T.);
#1384 = ORIENTED_EDGE('',*,*,#910,.T.);
#1385 = ORIENTED_EDGE('',*,*,#1386,.T.);
#1386 = EDGE_CURVE('',#902,#1387,#1389,.T.);
#1387 = VERTEX_POINT('',#1388);
#1388 = CARTESIAN_POINT('',(-145.56,51.16,194.74));
#1389 = LINE('',#1390,#1391);
#1390 = CARTESIAN_POINT('',(-145.56,51.16,188.74));
#1391 = VECTOR('',#1392,1.);
#1392 = DIRECTION('',(0.,0.,1.));
#1393 = ORIENTED_EDGE('',*,*,#1394,.F.);
#1394 = EDGE_CURVE('',#1395,#1387,#1397,.T.);
#1395 = VERTEX_POINT('',#1396);
#1396 = CARTESIAN_POINT('',(-145.56,24.9,194.74));
#1397 = LINE('',#1398,#1399);
#1398 = CARTESIAN_POINT('',(-145.56,24.9,194.74));
#1399 = VECTOR('',#1400,1.);
#1400 = DIRECTION('',(-0.,1.,0.));
#1401 = ORIENTED_EDGE('',*,*,#1402,.F.);
#1402 = EDGE_CURVE('',#1361,#1395,#1403,.T.);
#1403 = LINE('',#1404,#1405);
#1404 = CARTESIAN_POINT('',(-145.56,24.9,188.74));
#1405 = VECTOR('',#1406,1.);
#1406 = DIRECTION('',(0.,0.,1.));
#1407 = PLANE('',#1408);
#1408 = AXIS2_PLACEMENT_3D('',#1409,#1410,#1411);
#1409 = CARTESIAN_POINT('',(-145.56,35.36651697025,187.85712313372));
#1410 = DIRECTION('',(1.,0.,0.));
#1411 = DIRECTION('',(-0.,0.,1.));
#1412 = ADVANCED_FACE('',(#1413,#1431),#1442,.T.);
#1413 = FACE_BOUND('',#1414,.T.);
#1414 = EDGE_LOOP('',(#1415,#1416,#1424,#1430));
#1415 = ORIENTED_EDGE('',*,*,#901,.T.);
#1416 = ORIENTED_EDGE('',*,*,#1417,.T.);
#1417 = EDGE_CURVE('',#894,#1418,#1420,.T.);
#1418 = VERTEX_POINT('',#1419);
#1419 = CARTESIAN_POINT('',(-147.96,51.16,194.74));
#1420 = LINE('',#1421,#1422);
#1421 = CARTESIAN_POINT('',(-147.96,51.16,188.74));
#1422 = VECTOR('',#1423,1.);
#1423 = DIRECTION('',(0.,0.,1.));
#1424 = ORIENTED_EDGE('',*,*,#1425,.T.);
#1425 = EDGE_CURVE('',#1418,#1387,#1426,.T.);
#1426 = LINE('',#1427,#1428);
#1427 = CARTESIAN_POINT('',(-147.96,51.16,194.74));
#1428 = VECTOR('',#1429,1.);
#1429 = DIRECTION('',(1.,0.,-0.));
#1430 = ORIENTED_EDGE('',*,*,#1386,.F.);
#1431 = FACE_BOUND('',#1432,.T.);
#1432 = EDGE_LOOP('',(#1433));
#1433 = ORIENTED_EDGE('',*,*,#1434,.F.);
#1434 = EDGE_CURVE('',#1435,#1435,#1437,.T.);
#1435 = VERTEX_POINT('',#1436);
#1436 = CARTESIAN_POINT('',(-146.76,51.16,186.94));
#1437 = CIRCLE('',#1438,1.7);
#1438 = AXIS2_PLACEMENT_3D('',#1439,#1440,#1441);
#1439 = CARTESIAN_POINT('',(-146.76,51.16,185.24));
#1440 = DIRECTION('',(0.,1.,0.));
#1441 = DIRECTION('',(0.,-0.,1.));
#1442 = PLANE('',#1443);
#1443 = AXIS2_PLACEMENT_3D('',#1444,#1445,#1446);
#1444 = CARTESIAN_POINT('',(-146.76,51.16,187.769282724));
#1445 = DIRECTION('',(0.,1.,0.));
#1446 = DIRECTION('',(0.,-0.,1.));
#1447 = ADVANCED_FACE('',(#1448),#1467,.T.);
#1448 = FACE_BOUND('',#1449,.T.);
#1449 = EDGE_LOOP('',(#1450,#1451,#1452,#1460,#1466));
#1450 = ORIENTED_EDGE('',*,*,#893,.F.);
#1451 = ORIENTED_EDGE('',*,*,#1352,.F.);
#1452 = ORIENTED_EDGE('',*,*,#1453,.T.);
#1453 = EDGE_CURVE('',#1353,#1454,#1456,.T.);
#1454 = VERTEX_POINT('',#1455);
#1455 = CARTESIAN_POINT('',(-147.96,24.9,194.74));
#1456 = LINE('',#1457,#1458);
#1457 = CARTESIAN_POINT('',(-147.96,24.9,188.74));
#1458 = VECTOR('',#1459,1.);
#1459 = DIRECTION('',(0.,0.,1.));
#1460 = ORIENTED_EDGE('',*,*,#1461,.T.);
#1461 = EDGE_CURVE('',#1454,#1418,#1462,.T.);
#1462 = LINE('',#1463,#1464);
#1463 = CARTESIAN_POINT('',(-147.96,24.9,194.74));
#1464 = VECTOR('',#1465,1.);
#1465 = DIRECTION('',(-0.,1.,0.));
#1466 = ORIENTED_EDGE('',*,*,#1417,.F.);
#1467 = PLANE('',#1468);
#1468 = AXIS2_PLACEMENT_3D('',#1469,#1470,#1471);
#1469 = CARTESIAN_POINT('',(-147.96,35.36651697025,187.85712313372));
#1470 = DIRECTION('',(-1.,-0.,-0.));
#1471 = DIRECTION('',(0.,0.,-1.));
#1472 = ADVANCED_FACE('',(#1473,#1476),#1487,.T.);
#1473 = FACE_BOUND('',#1474,.T.);
#1474 = EDGE_LOOP('',(#1475));
#1475 = ORIENTED_EDGE('',*,*,#942,.T.);
#1476 = FACE_BOUND('',#1477,.T.);
#1477 = EDGE_LOOP('',(#1478));
#1478 = ORIENTED_EDGE('',*,*,#1479,.F.);
#1479 = EDGE_CURVE('',#1480,#1480,#1482,.T.);
#1480 = VERTEX_POINT('',#1481);
#1481 = CARTESIAN_POINT('',(48.66,10.1,16.));
#1482 = CIRCLE('',#1483,2.);
#1483 = AXIS2_PLACEMENT_3D('',#1484,#1485,#1486);
#1484 = CARTESIAN_POINT('',(48.66,10.1,14.));
#1485 = DIRECTION('',(0.,1.,0.));
#1486 = DIRECTION('',(0.,-0.,1.));
#1487 = PLANE('',#1488);
#1488 = AXIS2_PLACEMENT_3D('',#1489,#1490,#1491);
#1489 = CARTESIAN_POINT('',(48.66,10.1,14.));
#1490 = DIRECTION('',(0.,1.,0.));
#1491 = DIRECTION('',(0.,-0.,1.));
#1492 = ADVANCED_FACE('',(#1493),#1512,.T.);
#1493 = FACE_BOUND('',#1494,.T.);
#1494 = EDGE_LOOP('',(#1495,#1504,#1510,#1511));
#1495 = ORIENTED_EDGE('',*,*,#1496,.F.);
#1496 = EDGE_CURVE('',#1497,#1497,#1499,.T.);
#1497 = VERTEX_POINT('',#1498);
#1498 = CARTESIAN_POINT('',(57.16,9.1,19.8));
#1499 = CIRCLE('',#1500,1.8);
#1500 = AXIS2_PLACEMENT_3D('',#1501,#1502,#1503);
#1501 = CARTESIAN_POINT('',(57.16,9.1,18.));
#1502 = DIRECTION('',(0.,1.,0.));
#1503 = DIRECTION('',(0.,-0.,1.));
#1504 = ORIENTED_EDGE('',*,*,#1505,.F.);
#1505 = EDGE_CURVE('',#960,#1497,#1506,.T.);
#1506 = LINE('',#1507,#1508);
#1507 = CARTESIAN_POINT('',(57.16,6.34,22.1));
#1508 = VECTOR('',#1509,1.);
#1509 = DIRECTION('',(1.567999551826E-16,0.768221279597,-0.640184399664)
  );
#1510 = ORIENTED_EDGE('',*,*,#969,.T.);
#1511 = ORIENTED_EDGE('',*,*,#1505,.T.);
#1512 = CONICAL_SURFACE('',#1513,4.1,0.694738276197);
#1513 = AXIS2_PLACEMENT_3D('',#1514,#1515,#1516);
#1514 = CARTESIAN_POINT('',(57.16,6.34,18.));
#1515 = DIRECTION('',(-0.,-1.,-0.));
#1516 = DIRECTION('',(0.,-0.,1.));
#1517 = ADVANCED_FACE('',(#1518,#1521),#1532,.T.);
#1518 = FACE_BOUND('',#1519,.T.);
#1519 = EDGE_LOOP('',(#1520));
#1520 = ORIENTED_EDGE('',*,*,#992,.T.);
#1521 = FACE_BOUND('',#1522,.T.);
#1522 = EDGE_LOOP('',(#1523));
#1523 = ORIENTED_EDGE('',*,*,#1524,.F.);
#1524 = EDGE_CURVE('',#1525,#1525,#1527,.T.);
#1525 = VERTEX_POINT('',#1526);
#1526 = CARTESIAN_POINT('',(48.66,10.1,57.));
#1527 = CIRCLE('',#1528,2.);
#1528 = AXIS2_PLACEMENT_3D('',#1529,#1530,#1531);
#1529 = CARTESIAN_POINT('',(48.66,10.1,55.));
#1530 = DIRECTION('',(0.,1.,0.));
#1531 = DIRECTION('',(0.,-0.,1.));
#1532 = PLANE('',#1533);
#1533 = AXIS2_PLACEMENT_3D('',#1534,#1535,#1536);
#1534 = CARTESIAN_POINT('',(48.66,10.1,55.));
#1535 = DIRECTION('',(0.,1.,0.));
#1536 = DIRECTION('',(0.,-0.,1.));
#1537 = ADVANCED_FACE('',(#1538),#1564,.F.);
#1538 = FACE_BOUND('',#1539,.F.);
#1539 = EDGE_LOOP('',(#1540,#1548,#1556,#1562,#1563));
#1540 = ORIENTED_EDGE('',*,*,#1541,.F.);
#1541 = EDGE_CURVE('',#1542,#1019,#1544,.T.);
#1542 = VERTEX_POINT('',#1543);
#1543 = CARTESIAN_POINT('',(55.96,24.9,108.97));
#1544 = LINE('',#1545,#1546);
#1545 = CARTESIAN_POINT('',(55.96,25.2,109.22));
#1546 = VECTOR('',#1547,1.);
#1547 = DIRECTION('',(0.,-0.768221279597,-0.640184399664));
#1548 = ORIENTED_EDGE('',*,*,#1549,.T.);
#1549 = EDGE_CURVE('',#1542,#1550,#1552,.T.);
#1550 = VERTEX_POINT('',#1551);
#1551 = CARTESIAN_POINT('',(58.36,24.9,108.97));
#1552 = LINE('',#1553,#1554);
#1553 = CARTESIAN_POINT('',(55.96,24.9,108.97));
#1554 = VECTOR('',#1555,1.);
#1555 = DIRECTION('',(1.,0.,0.));
#1556 = ORIENTED_EDGE('',*,*,#1557,.T.);
#1557 = EDGE_CURVE('',#1550,#1045,#1558,.T.);
#1558 = LINE('',#1559,#1560);
#1559 = CARTESIAN_POINT('',(58.36,25.2,109.22));
#1560 = VECTOR('',#1561,1.);
#1561 = DIRECTION('',(0.,-0.768221279597,-0.640184399664));
#1562 = ORIENTED_EDGE('',*,*,#1052,.F.);
#1563 = ORIENTED_EDGE('',*,*,#1018,.F.);
#1564 = PLANE('',#1565);
#1565 = AXIS2_PLACEMENT_3D('',#1566,#1567,#1568);
#1566 = CARTESIAN_POINT('',(55.96,25.2,109.22));
#1567 = DIRECTION('',(0.,0.640184399664,-0.768221279597));
#1568 = DIRECTION('',(0.,-0.768221279597,-0.640184399664));
#1569 = ADVANCED_FACE('',(#1570),#1596,.T.);
#1570 = FACE_BOUND('',#1571,.T.);
#1571 = EDGE_LOOP('',(#1572,#1573,#1574,#1582,#1590));
#1572 = ORIENTED_EDGE('',*,*,#1557,.T.);
#1573 = ORIENTED_EDGE('',*,*,#1044,.T.);
#1574 = ORIENTED_EDGE('',*,*,#1575,.T.);
#1575 = EDGE_CURVE('',#1036,#1576,#1578,.T.);
#1576 = VERTEX_POINT('',#1577);
#1577 = CARTESIAN_POINT('',(58.36,51.16,109.22));
#1578 = LINE('',#1579,#1580);
#1579 = CARTESIAN_POINT('',(58.36,51.16,103.22));
#1580 = VECTOR('',#1581,1.);
#1581 = DIRECTION('',(0.,0.,1.));
#1582 = ORIENTED_EDGE('',*,*,#1583,.F.);
#1583 = EDGE_CURVE('',#1584,#1576,#1586,.T.);
#1584 = VERTEX_POINT('',#1585);
#1585 = CARTESIAN_POINT('',(58.36,24.9,109.22));
#1586 = LINE('',#1587,#1588);
#1587 = CARTESIAN_POINT('',(58.36,24.9,109.22));
#1588 = VECTOR('',#1589,1.);
#1589 = DIRECTION('',(-0.,1.,0.));
#1590 = ORIENTED_EDGE('',*,*,#1591,.F.);
#1591 = EDGE_CURVE('',#1550,#1584,#1592,.T.);
#1592 = LINE('',#1593,#1594);
#1593 = CARTESIAN_POINT('',(58.36,24.9,103.22));
#1594 = VECTOR('',#1595,1.);
#1595 = DIRECTION('',(0.,0.,1.));
#1596 = PLANE('',#1597);
#1597 = AXIS2_PLACEMENT_3D('',#1598,#1599,#1600);
#1598 = CARTESIAN_POINT('',(58.36,35.380973045122,102.74694122236));
#1599 = DIRECTION('',(1.,0.,0.));
#1600 = DIRECTION('',(-0.,0.,1.));
#1601 = ADVANCED_FACE('',(#1602,#1620),#1631,.T.);
#1602 = FACE_BOUND('',#1603,.T.);
#1603 = EDGE_LOOP('',(#1604,#1605,#1613,#1619));
#1604 = ORIENTED_EDGE('',*,*,#1035,.T.);
#1605 = ORIENTED_EDGE('',*,*,#1606,.T.);
#1606 = EDGE_CURVE('',#1028,#1607,#1609,.T.);
#1607 = VERTEX_POINT('',#1608);
#1608 = CARTESIAN_POINT('',(55.96,51.16,109.22));
#1609 = LINE('',#1610,#1611);
#1610 = CARTESIAN_POINT('',(55.96,51.16,103.22));
#1611 = VECTOR('',#1612,1.);
#1612 = DIRECTION('',(0.,0.,1.));
#1613 = ORIENTED_EDGE('',*,*,#1614,.T.);
#1614 = EDGE_CURVE('',#1607,#1576,#1615,.T.);
#1615 = LINE('',#1616,#1617);
#1616 = CARTESIAN_POINT('',(55.96,51.16,109.22));
#1617 = VECTOR('',#1618,1.);
#1618 = DIRECTION('',(1.,0.,-0.));
#1619 = ORIENTED_EDGE('',*,*,#1575,.F.);
#1620 = FACE_BOUND('',#1621,.T.);
#1621 = EDGE_LOOP('',(#1622));
#1622 = ORIENTED_EDGE('',*,*,#1623,.F.);
#1623 = EDGE_CURVE('',#1624,#1624,#1626,.T.);
#1624 = VERTEX_POINT('',#1625);
#1625 = CARTESIAN_POINT('',(57.16,51.16,101.82));
#1626 = CIRCLE('',#1627,1.7);
#1627 = AXIS2_PLACEMENT_3D('',#1628,#1629,#1630);
#1628 = CARTESIAN_POINT('',(57.16,51.16,100.12));
#1629 = DIRECTION('',(0.,1.,0.));
#1630 = DIRECTION('',(0.,-0.,1.));
#1631 = PLANE('',#1632);
#1632 = AXIS2_PLACEMENT_3D('',#1633,#1634,#1635);
#1633 = CARTESIAN_POINT('',(57.16,51.16,102.67142808158));
#1634 = DIRECTION('',(0.,1.,0.));
#1635 = DIRECTION('',(0.,-0.,1.));
#1636 = ADVANCED_FACE('',(#1637),#1656,.T.);
#1637 = FACE_BOUND('',#1638,.T.);
#1638 = EDGE_LOOP('',(#1639,#1640,#1641,#1649,#1655));
#1639 = ORIENTED_EDGE('',*,*,#1027,.F.);
#1640 = ORIENTED_EDGE('',*,*,#1541,.F.);
#1641 = ORIENTED_EDGE('',*,*,#1642,.T.);
#1642 = EDGE_CURVE('',#1542,#1643,#1645,.T.);
#1643 = VERTEX_POINT('',#1644);
#1644 = CARTESIAN_POINT('',(55.96,24.9,109.22));
#1645 = LINE('',#1646,#1647);
#1646 = CARTESIAN_POINT('',(55.96,24.9,103.22));
#1647 = VECTOR('',#1648,1.);
#1648 = DIRECTION('',(0.,0.,1.));
#1649 = ORIENTED_EDGE('',*,*,#1650,.T.);
#1650 = EDGE_CURVE('',#1643,#1607,#1651,.T.);
#1651 = LINE('',#1652,#1653);
#1652 = CARTESIAN_POINT('',(55.96,24.9,109.22));
#1653 = VECTOR('',#1654,1.);
#1654 = DIRECTION('',(-0.,1.,0.));
#1655 = ORIENTED_EDGE('',*,*,#1606,.F.);
#1656 = PLANE('',#1657);
#1657 = AXIS2_PLACEMENT_3D('',#1658,#1659,#1660);
#1658 = CARTESIAN_POINT('',(55.96,35.380973045122,102.74694122236));
#1659 = DIRECTION('',(-1.,-0.,-0.));
#1660 = DIRECTION('',(0.,0.,-1.));
#1661 = ADVANCED_FACE('',(#1662),#1688,.F.);
#1662 = FACE_BOUND('',#1663,.F.);
#1663 = EDGE_LOOP('',(#1664,#1672,#1680,#1686,#1687));
#1664 = ORIENTED_EDGE('',*,*,#1665,.F.);
#1665 = EDGE_CURVE('',#1666,#1078,#1668,.T.);
#1666 = VERTEX_POINT('',#1667);
#1667 = CARTESIAN_POINT('',(55.96,24.9,194.09));
#1668 = LINE('',#1669,#1670);
#1669 = CARTESIAN_POINT('',(55.96,25.2,194.34));
#1670 = VECTOR('',#1671,1.);
#1671 = DIRECTION('',(0.,-0.768221279597,-0.640184399664));
#1672 = ORIENTED_EDGE('',*,*,#1673,.T.);
#1673 = EDGE_CURVE('',#1666,#1674,#1676,.T.);
#1674 = VERTEX_POINT('',#1675);
#1675 = CARTESIAN_POINT('',(58.36,24.9,194.09));
#1676 = LINE('',#1677,#1678);
#1677 = CARTESIAN_POINT('',(55.96,24.9,194.09));
#1678 = VECTOR('',#1679,1.);
#1679 = DIRECTION('',(1.,0.,0.));
#1680 = ORIENTED_EDGE('',*,*,#1681,.T.);
#1681 = EDGE_CURVE('',#1674,#1104,#1682,.T.);
#1682 = LINE('',#1683,#1684);
#1683 = CARTESIAN_POINT('',(58.36,25.2,194.34));
#1684 = VECTOR('',#1685,1.);
#1685 = DIRECTION('',(0.,-0.768221279597,-0.640184399664));
#1686 = ORIENTED_EDGE('',*,*,#1111,.F.);
#1687 = ORIENTED_EDGE('',*,*,#1077,.F.);
#1688 = PLANE('',#1689);
#1689 = AXIS2_PLACEMENT_3D('',#1690,#1691,#1692);
#1690 = CARTESIAN_POINT('',(55.96,25.2,194.34));
#1691 = DIRECTION('',(0.,0.640184399664,-0.768221279597));
#1692 = DIRECTION('',(0.,-0.768221279597,-0.640184399664));
#1693 = ADVANCED_FACE('',(#1694),#1720,.T.);
#1694 = FACE_BOUND('',#1695,.T.);
#1695 = EDGE_LOOP('',(#1696,#1697,#1698,#1706,#1714));
#1696 = ORIENTED_EDGE('',*,*,#1681,.T.);
#1697 = ORIENTED_EDGE('',*,*,#1103,.T.);
#1698 = ORIENTED_EDGE('',*,*,#1699,.T.);
#1699 = EDGE_CURVE('',#1095,#1700,#1702,.T.);
#1700 = VERTEX_POINT('',#1701);
#1701 = CARTESIAN_POINT('',(58.36,51.16,194.34));
#1702 = LINE('',#1703,#1704);
#1703 = CARTESIAN_POINT('',(58.36,51.16,188.34));
#1704 = VECTOR('',#1705,1.);
#1705 = DIRECTION('',(0.,0.,1.));
#1706 = ORIENTED_EDGE('',*,*,#1707,.F.);
#1707 = EDGE_CURVE('',#1708,#1700,#1710,.T.);
#1708 = VERTEX_POINT('',#1709);
#1709 = CARTESIAN_POINT('',(58.36,24.9,194.34));
#1710 = LINE('',#1711,#1712);
#1711 = CARTESIAN_POINT('',(58.36,24.9,194.34));
#1712 = VECTOR('',#1713,1.);
#1713 = DIRECTION('',(-0.,1.,0.));
#1714 = ORIENTED_EDGE('',*,*,#1715,.F.);
#1715 = EDGE_CURVE('',#1674,#1708,#1716,.T.);
#1716 = LINE('',#1717,#1718);
#1717 = CARTESIAN_POINT('',(58.36,24.9,188.34));
#1718 = VECTOR('',#1719,1.);
#1719 = DIRECTION('',(0.,0.,1.));
#1720 = PLANE('',#1721);
#1721 = AXIS2_PLACEMENT_3D('',#1722,#1723,#1724);
#1722 = CARTESIAN_POINT('',(58.36,35.380973045122,187.86694122236));
#1723 = DIRECTION('',(1.,0.,0.));
#1724 = DIRECTION('',(-0.,0.,1.));
#1725 = ADVANCED_FACE('',(#1726,#1744),#1755,.T.);
#1726 = FACE_BOUND('',#1727,.T.);
#1727 = EDGE_LOOP('',(#1728,#1729,#1737,#1743));
#1728 = ORIENTED_EDGE('',*,*,#1094,.T.);
#1729 = ORIENTED_EDGE('',*,*,#1730,.T.);
#1730 = EDGE_CURVE('',#1087,#1731,#1733,.T.);
#1731 = VERTEX_POINT('',#1732);
#1732 = CARTESIAN_POINT('',(55.96,51.16,194.34));
#1733 = LINE('',#1734,#1735);
#1734 = CARTESIAN_POINT('',(55.96,51.16,188.34));
#1735 = VECTOR('',#1736,1.);
#1736 = DIRECTION('',(0.,0.,1.));
#1737 = ORIENTED_EDGE('',*,*,#1738,.T.);
#1738 = EDGE_CURVE('',#1731,#1700,#1739,.T.);
#1739 = LINE('',#1740,#1741);
#1740 = CARTESIAN_POINT('',(55.96,51.16,194.34));
#1741 = VECTOR('',#1742,1.);
#1742 = DIRECTION('',(1.,0.,-0.));
#1743 = ORIENTED_EDGE('',*,*,#1699,.F.);
#1744 = FACE_BOUND('',#1745,.T.);
#1745 = EDGE_LOOP('',(#1746));
#1746 = ORIENTED_EDGE('',*,*,#1747,.F.);
#1747 = EDGE_CURVE('',#1748,#1748,#1750,.T.);
#1748 = VERTEX_POINT('',#1749);
#1749 = CARTESIAN_POINT('',(57.16,51.16,186.94));
#1750 = CIRCLE('',#1751,1.7);
#1751 = AXIS2_PLACEMENT_3D('',#1752,#1753,#1754);
#1752 = CARTESIAN_POINT('',(57.16,51.16,185.24));
#1753 = DIRECTION('',(0.,1.,0.));
#1754 = DIRECTION('',(0.,-0.,1.));
#1755 = PLANE('',#1756);
#1756 = AXIS2_PLACEMENT_3D('',#1757,#1758,#1759);
#1757 = CARTESIAN_POINT('',(57.16,51.16,187.79142808158));
#1758 = DIRECTION('',(0.,1.,0.));
#1759 = DIRECTION('',(0.,-0.,1.));
#1760 = ADVANCED_FACE('',(#1761),#1780,.T.);
#1761 = FACE_BOUND('',#1762,.T.);
#1762 = EDGE_LOOP('',(#1763,#1764,#1765,#1773,#1779));
#1763 = ORIENTED_EDGE('',*,*,#1086,.F.);
#1764 = ORIENTED_EDGE('',*,*,#1665,.F.);
#1765 = ORIENTED_EDGE('',*,*,#1766,.T.);
#1766 = EDGE_CURVE('',#1666,#1767,#1769,.T.);
#1767 = VERTEX_POINT('',#1768);
#1768 = CARTESIAN_POINT('',(55.96,24.9,194.34));
#1769 = LINE('',#1770,#1771);
#1770 = CARTESIAN_POINT('',(55.96,24.9,188.34));
#1771 = VECTOR('',#1772,1.);
#1772 = DIRECTION('',(0.,0.,1.));
#1773 = ORIENTED_EDGE('',*,*,#1774,.T.);
#1774 = EDGE_CURVE('',#1767,#1731,#1775,.T.);
#1775 = LINE('',#1776,#1777);
#1776 = CARTESIAN_POINT('',(55.96,24.9,194.34));
#1777 = VECTOR('',#1778,1.);
#1778 = DIRECTION('',(-0.,1.,0.));
#1779 = ORIENTED_EDGE('',*,*,#1730,.F.);
#1780 = PLANE('',#1781);
#1781 = AXIS2_PLACEMENT_3D('',#1782,#1783,#1784);
#1782 = CARTESIAN_POINT('',(55.96,35.380973045122,187.86694122236));
#1783 = DIRECTION('',(-1.,-0.,-0.));
#1784 = DIRECTION('',(0.,0.,-1.));
#1785 = ADVANCED_FACE('',(#1786),#1805,.T.);
#1786 = FACE_BOUND('',#1787,.T.);
#1787 = EDGE_LOOP('',(#1788,#1797,#1803,#1804));
#1788 = ORIENTED_EDGE('',*,*,#1789,.F.);
#1789 = EDGE_CURVE('',#1790,#1790,#1792,.T.);
#1790 = VERTEX_POINT('',#1791);
#1791 = CARTESIAN_POINT('',(-146.76,14.1,19.8));
#1792 = CIRCLE('',#1793,1.8);
#1793 = AXIS2_PLACEMENT_3D('',#1794,#1795,#1796);
#1794 = CARTESIAN_POINT('',(-146.76,14.1,18.));
#1795 = DIRECTION('',(0.,1.,0.));
#1796 = DIRECTION('',(0.,-0.,1.));
#1797 = ORIENTED_EDGE('',*,*,#1798,.F.);
#1798 = EDGE_CURVE('',#1128,#1790,#1799,.T.);
#1799 = LINE('',#1800,#1801);
#1800 = CARTESIAN_POINT('',(-146.76,9.1,19.8));
#1801 = VECTOR('',#1802,1.);
#1802 = DIRECTION('',(0.,1.,0.));
#1803 = ORIENTED_EDGE('',*,*,#1127,.T.);
#1804 = ORIENTED_EDGE('',*,*,#1798,.T.);
#1805 = CYLINDRICAL_SURFACE('',#1806,1.8);
#1806 = AXIS2_PLACEMENT_3D('',#1807,#1808,#1809);
#1807 = CARTESIAN_POINT('',(-146.76,9.1,18.));
#1808 = DIRECTION('',(0.,1.,0.));
#1809 = DIRECTION('',(0.,-0.,1.));
#1810 = ADVANCED_FACE('',(#1811),#1830,.F.);
#1811 = FACE_BOUND('',#1812,.F.);
#1812 = EDGE_LOOP('',(#1813,#1814,#1822,#1829));
#1813 = ORIENTED_EDGE('',*,*,#1163,.F.);
#1814 = ORIENTED_EDGE('',*,*,#1815,.F.);
#1815 = EDGE_CURVE('',#1816,#1164,#1818,.T.);
#1816 = VERTEX_POINT('',#1817);
#1817 = CARTESIAN_POINT('',(-138.66,3.9,16.));
#1818 = LINE('',#1819,#1820);
#1819 = CARTESIAN_POINT('',(-138.66,3.9,16.));
#1820 = VECTOR('',#1821,1.);
#1821 = DIRECTION('',(0.,1.,0.));
#1822 = ORIENTED_EDGE('',*,*,#1823,.T.);
#1823 = EDGE_CURVE('',#1816,#1816,#1824,.T.);
#1824 = CIRCLE('',#1825,2.);
#1825 = AXIS2_PLACEMENT_3D('',#1826,#1827,#1828);
#1826 = CARTESIAN_POINT('',(-138.66,3.9,14.));
#1827 = DIRECTION('',(0.,1.,0.));
#1828 = DIRECTION('',(0.,-0.,1.));
#1829 = ORIENTED_EDGE('',*,*,#1815,.T.);
#1830 = CYLINDRICAL_SURFACE('',#1831,2.);
#1831 = AXIS2_PLACEMENT_3D('',#1832,#1833,#1834);
#1832 = CARTESIAN_POINT('',(-138.66,3.9,14.));
#1833 = DIRECTION('',(0.,1.,0.));
#1834 = DIRECTION('',(0.,-0.,1.));
#1835 = ADVANCED_FACE('',(#1836),#1855,.F.);
#1836 = FACE_BOUND('',#1837,.F.);
#1837 = EDGE_LOOP('',(#1838,#1839,#1847,#1854));
#1838 = ORIENTED_EDGE('',*,*,#1211,.F.);
#1839 = ORIENTED_EDGE('',*,*,#1840,.F.);
#1840 = EDGE_CURVE('',#1841,#1212,#1843,.T.);
#1841 = VERTEX_POINT('',#1842);
#1842 = CARTESIAN_POINT('',(-138.66,3.9,57.));
#1843 = LINE('',#1844,#1845);
#1844 = CARTESIAN_POINT('',(-138.66,3.9,57.));
#1845 = VECTOR('',#1846,1.);
#1846 = DIRECTION('',(0.,1.,0.));
#1847 = ORIENTED_EDGE('',*,*,#1848,.T.);
#1848 = EDGE_CURVE('',#1841,#1841,#1849,.T.);
#1849 = CIRCLE('',#1850,2.);
#1850 = AXIS2_PLACEMENT_3D('',#1851,#1852,#1853);
#1851 = CARTESIAN_POINT('',(-138.66,3.9,55.));
#1852 = DIRECTION('',(0.,1.,0.));
#1853 = DIRECTION('',(0.,-0.,1.));
#1854 = ORIENTED_EDGE('',*,*,#1840,.T.);
#1855 = CYLINDRICAL_SURFACE('',#1856,2.);
#1856 = AXIS2_PLACEMENT_3D('',#1857,#1858,#1859);
#1857 = CARTESIAN_POINT('',(-138.66,3.9,55.));
#1858 = DIRECTION('',(0.,1.,0.));
#1859 = DIRECTION('',(0.,-0.,1.));
#1860 = ADVANCED_FACE('',(#1861),#1872,.F.);
#1861 = FACE_BOUND('',#1862,.F.);
#1862 = EDGE_LOOP('',(#1863,#1864,#1865,#1871));
#1863 = ORIENTED_EDGE('',*,*,#1236,.F.);
#1864 = ORIENTED_EDGE('',*,*,#1329,.T.);
#1865 = ORIENTED_EDGE('',*,*,#1866,.T.);
#1866 = EDGE_CURVE('',#1330,#1271,#1867,.T.);
#1867 = LINE('',#1868,#1869);
#1868 = CARTESIAN_POINT('',(-147.96,24.9,109.62));
#1869 = VECTOR('',#1870,1.);
#1870 = DIRECTION('',(1.,0.,-0.));
#1871 = ORIENTED_EDGE('',*,*,#1278,.F.);
#1872 = PLANE('',#1873);
#1873 = AXIS2_PLACEMENT_3D('',#1874,#1875,#1876);
#1874 = CARTESIAN_POINT('',(-147.96,24.9,103.62));
#1875 = DIRECTION('',(-0.,1.,0.));
#1876 = DIRECTION('',(0.,0.,1.));
#1877 = ADVANCED_FACE('',(#1878),#1884,.T.);
#1878 = FACE_BOUND('',#1879,.T.);
#1879 = EDGE_LOOP('',(#1880,#1881,#1882,#1883));
#1880 = ORIENTED_EDGE('',*,*,#1337,.F.);
#1881 = ORIENTED_EDGE('',*,*,#1866,.T.);
#1882 = ORIENTED_EDGE('',*,*,#1270,.T.);
#1883 = ORIENTED_EDGE('',*,*,#1301,.F.);
#1884 = PLANE('',#1885);
#1885 = AXIS2_PLACEMENT_3D('',#1886,#1887,#1888);
#1886 = CARTESIAN_POINT('',(-147.96,24.9,109.62));
#1887 = DIRECTION('',(0.,0.,1.));
#1888 = DIRECTION('',(1.,0.,-0.));
#1889 = ADVANCED_FACE('',(#1890),#1909,.F.);
#1890 = FACE_BOUND('',#1891,.F.);
#1891 = EDGE_LOOP('',(#1892,#1900,#1901,#1902));
#1892 = ORIENTED_EDGE('',*,*,#1893,.T.);
#1893 = EDGE_CURVE('',#1894,#1311,#1896,.T.);
#1894 = VERTEX_POINT('',#1895);
#1895 = CARTESIAN_POINT('',(-146.76,47.86,101.82));
#1896 = LINE('',#1897,#1898);
#1897 = CARTESIAN_POINT('',(-146.76,47.56,101.82));
#1898 = VECTOR('',#1899,1.);
#1899 = DIRECTION('',(0.,1.,0.));
#1900 = ORIENTED_EDGE('',*,*,#1310,.F.);
#1901 = ORIENTED_EDGE('',*,*,#1893,.F.);
#1902 = ORIENTED_EDGE('',*,*,#1903,.T.);
#1903 = EDGE_CURVE('',#1894,#1894,#1904,.T.);
#1904 = CIRCLE('',#1905,1.7);
#1905 = AXIS2_PLACEMENT_3D('',#1906,#1907,#1908);
#1906 = CARTESIAN_POINT('',(-146.76,47.86,100.12));
#1907 = DIRECTION('',(0.,1.,0.));
#1908 = DIRECTION('',(0.,-0.,1.));
#1909 = CYLINDRICAL_SURFACE('',#1910,1.7);
#1910 = AXIS2_PLACEMENT_3D('',#1911,#1912,#1913);
#1911 = CARTESIAN_POINT('',(-146.76,47.56,100.12));
#1912 = DIRECTION('',(0.,1.,0.));
#1913 = DIRECTION('',(0.,-0.,1.));
#1914 = ADVANCED_FACE('',(#1915),#1926,.F.);
#1915 = FACE_BOUND('',#1916,.F.);
#1916 = EDGE_LOOP('',(#1917,#1918,#1919,#1925));
#1917 = ORIENTED_EDGE('',*,*,#1360,.F.);
#1918 = ORIENTED_EDGE('',*,*,#1453,.T.);
#1919 = ORIENTED_EDGE('',*,*,#1920,.T.);
#1920 = EDGE_CURVE('',#1454,#1395,#1921,.T.);
#1921 = LINE('',#1922,#1923);
#1922 = CARTESIAN_POINT('',(-147.96,24.9,194.74));
#1923 = VECTOR('',#1924,1.);
#1924 = DIRECTION('',(1.,0.,-0.));
#1925 = ORIENTED_EDGE('',*,*,#1402,.F.);
#1926 = PLANE('',#1927);
#1927 = AXIS2_PLACEMENT_3D('',#1928,#1929,#1930);
#1928 = CARTESIAN_POINT('',(-147.96,24.9,188.74));
#1929 = DIRECTION('',(-0.,1.,0.));
#1930 = DIRECTION('',(0.,0.,1.));
#1931 = ADVANCED_FACE('',(#1932),#1938,.T.);
#1932 = FACE_BOUND('',#1933,.T.);
#1933 = EDGE_LOOP('',(#1934,#1935,#1936,#1937));
#1934 = ORIENTED_EDGE('',*,*,#1461,.F.);
#1935 = ORIENTED_EDGE('',*,*,#1920,.T.);
#1936 = ORIENTED_EDGE('',*,*,#1394,.T.);
#1937 = ORIENTED_EDGE('',*,*,#1425,.F.);
#1938 = PLANE('',#1939);
#1939 = AXIS2_PLACEMENT_3D('',#1940,#1941,#1942);
#1940 = CARTESIAN_POINT('',(-147.96,24.9,194.74));
#1941 = DIRECTION('',(0.,0.,1.));
#1942 = DIRECTION('',(1.,0.,-0.));
#1943 = ADVANCED_FACE('',(#1944),#1963,.F.);
#1944 = FACE_BOUND('',#1945,.F.);
#1945 = EDGE_LOOP('',(#1946,#1954,#1955,#1956));
#1946 = ORIENTED_EDGE('',*,*,#1947,.T.);
#1947 = EDGE_CURVE('',#1948,#1435,#1950,.T.);
#1948 = VERTEX_POINT('',#1949);
#1949 = CARTESIAN_POINT('',(-146.76,47.86,186.94));
#1950 = LINE('',#1951,#1952);
#1951 = CARTESIAN_POINT('',(-146.76,47.56,186.94));
#1952 = VECTOR('',#1953,1.);
#1953 = DIRECTION('',(0.,1.,0.));
#1954 = ORIENTED_EDGE('',*,*,#1434,.F.);
#1955 = ORIENTED_EDGE('',*,*,#1947,.F.);
#1956 = ORIENTED_EDGE('',*,*,#1957,.T.);
#1957 = EDGE_CURVE('',#1948,#1948,#1958,.T.);
#1958 = CIRCLE('',#1959,1.7);
#1959 = AXIS2_PLACEMENT_3D('',#1960,#1961,#1962);
#1960 = CARTESIAN_POINT('',(-146.76,47.86,185.24));
#1961 = DIRECTION('',(0.,1.,0.));
#1962 = DIRECTION('',(0.,-0.,1.));
#1963 = CYLINDRICAL_SURFACE('',#1964,1.7);
#1964 = AXIS2_PLACEMENT_3D('',#1965,#1966,#1967);
#1965 = CARTESIAN_POINT('',(-146.76,47.56,185.24));
#1966 = DIRECTION('',(0.,1.,0.));
#1967 = DIRECTION('',(0.,-0.,1.));
#1968 = ADVANCED_FACE('',(#1969),#1988,.F.);
#1969 = FACE_BOUND('',#1970,.F.);
#1970 = EDGE_LOOP('',(#1971,#1972,#1980,#1987));
#1971 = ORIENTED_EDGE('',*,*,#1479,.F.);
#1972 = ORIENTED_EDGE('',*,*,#1973,.F.);
#1973 = EDGE_CURVE('',#1974,#1480,#1976,.T.);
#1974 = VERTEX_POINT('',#1975);
#1975 = CARTESIAN_POINT('',(48.66,3.9,16.));
#1976 = LINE('',#1977,#1978);
#1977 = CARTESIAN_POINT('',(48.66,3.9,16.));
#1978 = VECTOR('',#1979,1.);
#1979 = DIRECTION('',(0.,1.,0.));
#1980 = ORIENTED_EDGE('',*,*,#1981,.T.);
#1981 = EDGE_CURVE('',#1974,#1974,#1982,.T.);
#1982 = CIRCLE('',#1983,2.);
#1983 = AXIS2_PLACEMENT_3D('',#1984,#1985,#1986);
#1984 = CARTESIAN_POINT('',(48.66,3.9,14.));
#1985 = DIRECTION('',(0.,1.,0.));
#1986 = DIRECTION('',(0.,-0.,1.));
#1987 = ORIENTED_EDGE('',*,*,#1973,.T.);
#1988 = CYLINDRICAL_SURFACE('',#1989,2.);
#1989 = AXIS2_PLACEMENT_3D('',#1990,#1991,#1992);
#1990 = CARTESIAN_POINT('',(48.66,3.9,14.));
#1991 = DIRECTION('',(0.,1.,0.));
#1992 = DIRECTION('',(0.,-0.,1.));
#1993 = ADVANCED_FACE('',(#1994),#2013,.T.);
#1994 = FACE_BOUND('',#1995,.T.);
#1995 = EDGE_LOOP('',(#1996,#2005,#2011,#2012));
#1996 = ORIENTED_EDGE('',*,*,#1997,.F.);
#1997 = EDGE_CURVE('',#1998,#1998,#2000,.T.);
#1998 = VERTEX_POINT('',#1999);
#1999 = CARTESIAN_POINT('',(57.16,14.1,19.8));
#2000 = CIRCLE('',#2001,1.8);
#2001 = AXIS2_PLACEMENT_3D('',#2002,#2003,#2004);
#2002 = CARTESIAN_POINT('',(57.16,14.1,18.));
#2003 = DIRECTION('',(0.,1.,0.));
#2004 = DIRECTION('',(0.,-0.,1.));
#2005 = ORIENTED_EDGE('',*,*,#2006,.F.);
#2006 = EDGE_CURVE('',#1497,#1998,#2007,.T.);
#2007 = LINE('',#2008,#2009);
#2008 = CARTESIAN_POINT('',(57.16,9.1,19.8));
#2009 = VECTOR('',#2010,1.);
#2010 = DIRECTION('',(0.,1.,0.));
#2011 = ORIENTED_EDGE('',*,*,#1496,.T.);
#2012 = ORIENTED_EDGE('',*,*,#2006,.T.);
#2013 = CYLINDRICAL_SURFACE('',#2014,1.8);
#2014 = AXIS2_PLACEMENT_3D('',#2015,#2016,#2017);
#2015 = CARTESIAN_POINT('',(57.16,9.1,18.));
#2016 = DIRECTION('',(0.,1.,0.));
#2017 = DIRECTION('',(0.,-0.,1.));
#2018 = ADVANCED_FACE('',(#2019),#2038,.F.);
#2019 = FACE_BOUND('',#2020,.F.);
#2020 = EDGE_LOOP('',(#2021,#2022,#2030,#2037));
#2021 = ORIENTED_EDGE('',*,*,#1524,.F.);
#2022 = ORIENTED_EDGE('',*,*,#2023,.F.);
#2023 = EDGE_CURVE('',#2024,#1525,#2026,.T.);
#2024 = VERTEX_POINT('',#2025);
#2025 = CARTESIAN_POINT('',(48.66,3.9,57.));
#2026 = LINE('',#2027,#2028);
#2027 = CARTESIAN_POINT('',(48.66,3.9,57.));
#2028 = VECTOR('',#2029,1.);
#2029 = DIRECTION('',(0.,1.,0.));
#2030 = ORIENTED_EDGE('',*,*,#2031,.T.);
#2031 = EDGE_CURVE('',#2024,#2024,#2032,.T.);
#2032 = CIRCLE('',#2033,2.);
#2033 = AXIS2_PLACEMENT_3D('',#2034,#2035,#2036);
#2034 = CARTESIAN_POINT('',(48.66,3.9,55.));
#2035 = DIRECTION('',(0.,1.,0.));
#2036 = DIRECTION('',(0.,-0.,1.));
#2037 = ORIENTED_EDGE('',*,*,#2023,.T.);
#2038 = CYLINDRICAL_SURFACE('',#2039,2.);
#2039 = AXIS2_PLACEMENT_3D('',#2040,#2041,#2042);
#2040 = CARTESIAN_POINT('',(48.66,3.9,55.));
#2041 = DIRECTION('',(0.,1.,0.));
#2042 = DIRECTION('',(0.,-0.,1.));
#2043 = ADVANCED_FACE('',(#2044),#2055,.F.);
#2044 = FACE_BOUND('',#2045,.F.);
#2045 = EDGE_LOOP('',(#2046,#2047,#2048,#2054));
#2046 = ORIENTED_EDGE('',*,*,#1549,.F.);
#2047 = ORIENTED_EDGE('',*,*,#1642,.T.);
#2048 = ORIENTED_EDGE('',*,*,#2049,.T.);
#2049 = EDGE_CURVE('',#1643,#1584,#2050,.T.);
#2050 = LINE('',#2051,#2052);
#2051 = CARTESIAN_POINT('',(55.96,24.9,109.22));
#2052 = VECTOR('',#2053,1.);
#2053 = DIRECTION('',(1.,0.,-0.));
#2054 = ORIENTED_EDGE('',*,*,#1591,.F.);
#2055 = PLANE('',#2056);
#2056 = AXIS2_PLACEMENT_3D('',#2057,#2058,#2059);
#2057 = CARTESIAN_POINT('',(55.96,24.9,103.22));
#2058 = DIRECTION('',(-0.,1.,0.));
#2059 = DIRECTION('',(0.,0.,1.));
#2060 = ADVANCED_FACE('',(#2061),#2067,.T.);
#2061 = FACE_BOUND('',#2062,.T.);
#2062 = EDGE_LOOP('',(#2063,#2064,#2065,#2066));
#2063 = ORIENTED_EDGE('',*,*,#1650,.F.);
#2064 = ORIENTED_EDGE('',*,*,#2049,.T.);
#2065 = ORIENTED_EDGE('',*,*,#1583,.T.);
#2066 = ORIENTED_EDGE('',*,*,#1614,.F.);
#2067 = PLANE('',#2068);
#2068 = AXIS2_PLACEMENT_3D('',#2069,#2070,#2071);
#2069 = CARTESIAN_POINT('',(55.96,24.9,109.22));
#2070 = DIRECTION('',(0.,0.,1.));
#2071 = DIRECTION('',(1.,0.,-0.));
#2072 = ADVANCED_FACE('',(#2073),#2092,.F.);
#2073 = FACE_BOUND('',#2074,.F.);
#2074 = EDGE_LOOP('',(#2075,#2083,#2084,#2085));
#2075 = ORIENTED_EDGE('',*,*,#2076,.T.);
#2076 = EDGE_CURVE('',#2077,#1624,#2079,.T.);
#2077 = VERTEX_POINT('',#2078);
#2078 = CARTESIAN_POINT('',(57.16,47.86,101.82));
#2079 = LINE('',#2080,#2081);
#2080 = CARTESIAN_POINT('',(57.16,47.56,101.82));
#2081 = VECTOR('',#2082,1.);
#2082 = DIRECTION('',(0.,1.,0.));
#2083 = ORIENTED_EDGE('',*,*,#1623,.F.);
#2084 = ORIENTED_EDGE('',*,*,#2076,.F.);
#2085 = ORIENTED_EDGE('',*,*,#2086,.T.);
#2086 = EDGE_CURVE('',#2077,#2077,#2087,.T.);
#2087 = CIRCLE('',#2088,1.7);
#2088 = AXIS2_PLACEMENT_3D('',#2089,#2090,#2091);
#2089 = CARTESIAN_POINT('',(57.16,47.86,100.12));
#2090 = DIRECTION('',(0.,1.,0.));
#2091 = DIRECTION('',(0.,-0.,1.));
#2092 = CYLINDRICAL_SURFACE('',#2093,1.7);
#2093 = AXIS2_PLACEMENT_3D('',#2094,#2095,#2096);
#2094 = CARTESIAN_POINT('',(57.16,47.56,100.12));
#2095 = DIRECTION('',(0.,1.,0.));
#2096 = DIRECTION('',(0.,-0.,1.));
#2097 = ADVANCED_FACE('',(#2098),#2109,.F.);
#2098 = FACE_BOUND('',#2099,.F.);
#2099 = EDGE_LOOP('',(#2100,#2101,#2102,#2108));
#2100 = ORIENTED_EDGE('',*,*,#1673,.F.);
#2101 = ORIENTED_EDGE('',*,*,#1766,.T.);
#2102 = ORIENTED_EDGE('',*,*,#2103,.T.);
#2103 = EDGE_CURVE('',#1767,#1708,#2104,.T.);
#2104 = LINE('',#2105,#2106);
#2105 = CARTESIAN_POINT('',(55.96,24.9,194.34));
#2106 = VECTOR('',#2107,1.);
#2107 = DIRECTION('',(1.,0.,-0.));
#2108 = ORIENTED_EDGE('',*,*,#1715,.F.);
#2109 = PLANE('',#2110);
#2110 = AXIS2_PLACEMENT_3D('',#2111,#2112,#2113);
#2111 = CARTESIAN_POINT('',(55.96,24.9,188.34));
#2112 = DIRECTION('',(-0.,1.,0.));
#2113 = DIRECTION('',(0.,0.,1.));
#2114 = ADVANCED_FACE('',(#2115),#2121,.T.);
#2115 = FACE_BOUND('',#2116,.T.);
#2116 = EDGE_LOOP('',(#2117,#2118,#2119,#2120));
#2117 = ORIENTED_EDGE('',*,*,#1774,.F.);
#2118 = ORIENTED_EDGE('',*,*,#2103,.T.);
#2119 = ORIENTED_EDGE('',*,*,#1707,.T.);
#2120 = ORIENTED_EDGE('',*,*,#1738,.F.);
#2121 = PLANE('',#2122);
#2122 = AXIS2_PLACEMENT_3D('',#2123,#2124,#2125);
#2123 = CARTESIAN_POINT('',(55.96,24.9,194.34));
#2124 = DIRECTION('',(0.,0.,1.));
#2125 = DIRECTION('',(1.,0.,-0.));
#2126 = ADVANCED_FACE('',(#2127),#2146,.F.);
#2127 = FACE_BOUND('',#2128,.F.);
#2128 = EDGE_LOOP('',(#2129,#2137,#2138,#2139));
#2129 = ORIENTED_EDGE('',*,*,#2130,.T.);
#2130 = EDGE_CURVE('',#2131,#1748,#2133,.T.);
#2131 = VERTEX_POINT('',#2132);
#2132 = CARTESIAN_POINT('',(57.16,47.86,186.94));
#2133 = LINE('',#2134,#2135);
#2134 = CARTESIAN_POINT('',(57.16,47.56,186.94));
#2135 = VECTOR('',#2136,1.);
#2136 = DIRECTION('',(0.,1.,0.));
#2137 = ORIENTED_EDGE('',*,*,#1747,.F.);
#2138 = ORIENTED_EDGE('',*,*,#2130,.F.);
#2139 = ORIENTED_EDGE('',*,*,#2140,.T.);
#2140 = EDGE_CURVE('',#2131,#2131,#2141,.T.);
#2141 = CIRCLE('',#2142,1.7);
#2142 = AXIS2_PLACEMENT_3D('',#2143,#2144,#2145);
#2143 = CARTESIAN_POINT('',(57.16,47.86,185.24));
#2144 = DIRECTION('',(0.,1.,0.));
#2145 = DIRECTION('',(0.,-0.,1.));
#2146 = CYLINDRICAL_SURFACE('',#2147,1.7);
#2147 = AXIS2_PLACEMENT_3D('',#2148,#2149,#2150);
#2148 = CARTESIAN_POINT('',(57.16,47.56,185.24));
#2149 = DIRECTION('',(0.,1.,0.));
#2150 = DIRECTION('',(0.,-0.,1.));
#2151 = ADVANCED_FACE('',(#2152),#2171,.T.);
#2152 = FACE_BOUND('',#2153,.T.);
#2153 = EDGE_LOOP('',(#2154,#2163,#2169,#2170));
#2154 = ORIENTED_EDGE('',*,*,#2155,.F.);
#2155 = EDGE_CURVE('',#2156,#2156,#2158,.T.);
#2156 = VERTEX_POINT('',#2157);
#2157 = CARTESIAN_POINT('',(-146.76,17.34,22.5));
#2158 = CIRCLE('',#2159,4.5);
#2159 = AXIS2_PLACEMENT_3D('',#2160,#2161,#2162);
#2160 = CARTESIAN_POINT('',(-146.76,17.34,18.));
#2161 = DIRECTION('',(0.,1.,0.));
#2162 = DIRECTION('',(0.,-0.,1.));
#2163 = ORIENTED_EDGE('',*,*,#2164,.F.);
#2164 = EDGE_CURVE('',#1790,#2156,#2165,.T.);
#2165 = LINE('',#2166,#2167);
#2166 = CARTESIAN_POINT('',(-146.76,14.1,19.8));
#2167 = VECTOR('',#2168,1.);
#2168 = DIRECTION('',(-1.567999551826E-16,0.768221279597,0.640184399664)
  );
#2169 = ORIENTED_EDGE('',*,*,#1789,.T.);
#2170 = ORIENTED_EDGE('',*,*,#2164,.T.);
#2171 = CONICAL_SURFACE('',#2172,1.8,0.694738276197);
#2172 = AXIS2_PLACEMENT_3D('',#2173,#2174,#2175);
#2173 = CARTESIAN_POINT('',(-146.76,14.1,18.));
#2174 = DIRECTION('',(0.,1.,0.));
#2175 = DIRECTION('',(0.,-0.,1.));
#2176 = ADVANCED_FACE('',(#2177),#2180,.T.);
#2177 = FACE_BOUND('',#2178,.F.);
#2178 = EDGE_LOOP('',(#2179));
#2179 = ORIENTED_EDGE('',*,*,#1823,.F.);
#2180 = PLANE('',#2181);
#2181 = AXIS2_PLACEMENT_3D('',#2182,#2183,#2184);
#2182 = CARTESIAN_POINT('',(-138.66,3.9,14.));
#2183 = DIRECTION('',(0.,1.,0.));
#2184 = DIRECTION('',(0.,-0.,1.));
#2185 = ADVANCED_FACE('',(#2186),#2189,.T.);
#2186 = FACE_BOUND('',#2187,.F.);
#2187 = EDGE_LOOP('',(#2188));
#2188 = ORIENTED_EDGE('',*,*,#1848,.F.);
#2189 = PLANE('',#2190);
#2190 = AXIS2_PLACEMENT_3D('',#2191,#2192,#2193);
#2191 = CARTESIAN_POINT('',(-138.66,3.9,55.));
#2192 = DIRECTION('',(0.,1.,0.));
#2193 = DIRECTION('',(0.,-0.,1.));
#2194 = ADVANCED_FACE('',(#2195,#2206),#2209,.F.);
#2195 = FACE_BOUND('',#2196,.F.);
#2196 = EDGE_LOOP('',(#2197));
#2197 = ORIENTED_EDGE('',*,*,#2198,.T.);
#2198 = EDGE_CURVE('',#2199,#2199,#2201,.T.);
#2199 = VERTEX_POINT('',#2200);
#2200 = CARTESIAN_POINT('',(-146.76,47.86,102.12));
#2201 = CIRCLE('',#2202,2.);
#2202 = AXIS2_PLACEMENT_3D('',#2203,#2204,#2205);
#2203 = CARTESIAN_POINT('',(-146.76,47.86,100.12));
#2204 = DIRECTION('',(0.,1.,0.));
#2205 = DIRECTION('',(0.,-0.,1.));
#2206 = FACE_BOUND('',#2207,.F.);
#2207 = EDGE_LOOP('',(#2208));
#2208 = ORIENTED_EDGE('',*,*,#1903,.F.);
#2209 = PLANE('',#2210);
#2210 = AXIS2_PLACEMENT_3D('',#2211,#2212,#2213);
#2211 = CARTESIAN_POINT('',(-146.76,47.86,100.12));
#2212 = DIRECTION('',(0.,1.,0.));
#2213 = DIRECTION('',(0.,-0.,1.));
#2214 = ADVANCED_FACE('',(#2215,#2226),#2229,.F.);
#2215 = FACE_BOUND('',#2216,.F.);
#2216 = EDGE_LOOP('',(#2217));
#2217 = ORIENTED_EDGE('',*,*,#2218,.T.);
#2218 = EDGE_CURVE('',#2219,#2219,#2221,.T.);
#2219 = VERTEX_POINT('',#2220);
#2220 = CARTESIAN_POINT('',(-146.76,47.86,187.24));
#2221 = CIRCLE('',#2222,2.);
#2222 = AXIS2_PLACEMENT_3D('',#2223,#2224,#2225);
#2223 = CARTESIAN_POINT('',(-146.76,47.86,185.24));
#2224 = DIRECTION('',(0.,1.,0.));
#2225 = DIRECTION('',(0.,-0.,1.));
#2226 = FACE_BOUND('',#2227,.F.);
#2227 = EDGE_LOOP('',(#2228));
#2228 = ORIENTED_EDGE('',*,*,#1957,.F.);
#2229 = PLANE('',#2230);
#2230 = AXIS2_PLACEMENT_3D('',#2231,#2232,#2233);
#2231 = CARTESIAN_POINT('',(-146.76,47.86,185.24));
#2232 = DIRECTION('',(0.,1.,0.));
#2233 = DIRECTION('',(0.,-0.,1.));
#2234 = ADVANCED_FACE('',(#2235),#2238,.T.);
#2235 = FACE_BOUND('',#2236,.F.);
#2236 = EDGE_LOOP('',(#2237));
#2237 = ORIENTED_EDGE('',*,*,#1981,.F.);
#2238 = PLANE('',#2239);
#2239 = AXIS2_PLACEMENT_3D('',#2240,#2241,#2242);
#2240 = CARTESIAN_POINT('',(48.66,3.9,14.));
#2241 = DIRECTION('',(0.,1.,0.));
#2242 = DIRECTION('',(0.,-0.,1.));
#2243 = ADVANCED_FACE('',(#2244),#2263,.T.);
#2244 = FACE_BOUND('',#2245,.T.);
#2245 = EDGE_LOOP('',(#2246,#2255,#2261,#2262));
#2246 = ORIENTED_EDGE('',*,*,#2247,.F.);
#2247 = EDGE_CURVE('',#2248,#2248,#2250,.T.);
#2248 = VERTEX_POINT('',#2249);
#2249 = CARTESIAN_POINT('',(57.16,16.86,22.1));
#2250 = CIRCLE('',#2251,4.1);
#2251 = AXIS2_PLACEMENT_3D('',#2252,#2253,#2254);
#2252 = CARTESIAN_POINT('',(57.16,16.86,18.));
#2253 = DIRECTION('',(0.,1.,0.));
#2254 = DIRECTION('',(0.,-0.,1.));
#2255 = ORIENTED_EDGE('',*,*,#2256,.F.);
#2256 = EDGE_CURVE('',#1998,#2248,#2257,.T.);
#2257 = LINE('',#2258,#2259);
#2258 = CARTESIAN_POINT('',(57.16,14.1,19.8));
#2259 = VECTOR('',#2260,1.);
#2260 = DIRECTION('',(-1.567999551826E-16,0.768221279597,0.640184399664)
  );
#2261 = ORIENTED_EDGE('',*,*,#1997,.T.);
#2262 = ORIENTED_EDGE('',*,*,#2256,.T.);
#2263 = CONICAL_SURFACE('',#2264,1.8,0.694738276197);
#2264 = AXIS2_PLACEMENT_3D('',#2265,#2266,#2267);
#2265 = CARTESIAN_POINT('',(57.16,14.1,18.));
#2266 = DIRECTION('',(0.,1.,0.));
#2267 = DIRECTION('',(0.,-0.,1.));
#2268 = ADVANCED_FACE('',(#2269),#2272,.T.);
#2269 = FACE_BOUND('',#2270,.F.);
#2270 = EDGE_LOOP('',(#2271));
#2271 = ORIENTED_EDGE('',*,*,#2031,.F.);
#2272 = PLANE('',#2273);
#2273 = AXIS2_PLACEMENT_3D('',#2274,#2275,#2276);
#2274 = CARTESIAN_POINT('',(48.66,3.9,55.));
#2275 = DIRECTION('',(0.,1.,0.));
#2276 = DIRECTION('',(0.,-0.,1.));
#2277 = ADVANCED_FACE('',(#2278,#2289),#2292,.F.);
#2278 = FACE_BOUND('',#2279,.F.);
#2279 = EDGE_LOOP('',(#2280));
#2280 = ORIENTED_EDGE('',*,*,#2281,.T.);
#2281 = EDGE_CURVE('',#2282,#2282,#2284,.T.);
#2282 = VERTEX_POINT('',#2283);
#2283 = CARTESIAN_POINT('',(57.16,47.86,102.12));
#2284 = CIRCLE('',#2285,2.);
#2285 = AXIS2_PLACEMENT_3D('',#2286,#2287,#2288);
#2286 = CARTESIAN_POINT('',(57.16,47.86,100.12));
#2287 = DIRECTION('',(0.,1.,0.));
#2288 = DIRECTION('',(0.,-0.,1.));
#2289 = FACE_BOUND('',#2290,.F.);
#2290 = EDGE_LOOP('',(#2291));
#2291 = ORIENTED_EDGE('',*,*,#2086,.F.);
#2292 = PLANE('',#2293);
#2293 = AXIS2_PLACEMENT_3D('',#2294,#2295,#2296);
#2294 = CARTESIAN_POINT('',(57.16,47.86,100.12));
#2295 = DIRECTION('',(0.,1.,0.));
#2296 = DIRECTION('',(0.,-0.,1.));
#2297 = ADVANCED_FACE('',(#2298,#2309),#2312,.F.);
#2298 = FACE_BOUND('',#2299,.F.);
#2299 = EDGE_LOOP('',(#2300));
#2300 = ORIENTED_EDGE('',*,*,#2301,.T.);
#2301 = EDGE_CURVE('',#2302,#2302,#2304,.T.);
#2302 = VERTEX_POINT('',#2303);
#2303 = CARTESIAN_POINT('',(57.16,47.86,187.24));
#2304 = CIRCLE('',#2305,2.);
#2305 = AXIS2_PLACEMENT_3D('',#2306,#2307,#2308);
#2306 = CARTESIAN_POINT('',(57.16,47.86,185.24));
#2307 = DIRECTION('',(0.,1.,0.));
#2308 = DIRECTION('',(0.,-0.,1.));
#2309 = FACE_BOUND('',#2310,.F.);
#2310 = EDGE_LOOP('',(#2311));
#2311 = ORIENTED_EDGE('',*,*,#2140,.F.);
#2312 = PLANE('',#2313);
#2313 = AXIS2_PLACEMENT_3D('',#2314,#2315,#2316);
#2314 = CARTESIAN_POINT('',(57.16,47.86,185.24));
#2315 = DIRECTION('',(0.,1.,0.));
#2316 = DIRECTION('',(0.,-0.,1.));
#2317 = ADVANCED_FACE('',(#2318),#2371,.T.);
#2318 = FACE_BOUND('',#2319,.T.);
#2319 = EDGE_LOOP('',(#2320,#2321,#2329,#2338,#2346,#2355,#2363,#2370));
#2320 = ORIENTED_EDGE('',*,*,#2155,.T.);
#2321 = ORIENTED_EDGE('',*,*,#2322,.T.);
#2322 = EDGE_CURVE('',#2156,#2323,#2325,.T.);
#2323 = VERTEX_POINT('',#2324);
#2324 = CARTESIAN_POINT('',(-146.76,19.2,22.5));
#2325 = LINE('',#2326,#2327);
#2326 = CARTESIAN_POINT('',(-146.76,2.7,22.5));
#2327 = VECTOR('',#2328,1.);
#2328 = DIRECTION('',(0.,1.,0.));
#2329 = ORIENTED_EDGE('',*,*,#2330,.F.);
#2330 = EDGE_CURVE('',#2331,#2323,#2333,.T.);
#2331 = VERTEX_POINT('',#2332);
#2332 = CARTESIAN_POINT('',(-147.96,19.004459626128,22.33704968844));
#2333 = ELLIPSE('',#2334,7.029224708316,4.5);
#2334 = AXIS2_PLACEMENT_3D('',#2335,#2336,#2337);
#2335 = CARTESIAN_POINT('',(-146.76,13.8,18.));
#2336 = DIRECTION('',(0.,0.640184399664,-0.768221279597));
#2337 = DIRECTION('',(0.,0.768221279597,0.640184399664));
#2338 = ORIENTED_EDGE('',*,*,#2339,.T.);
#2339 = EDGE_CURVE('',#2331,#2340,#2342,.T.);
#2340 = VERTEX_POINT('',#2341);
#2341 = CARTESIAN_POINT('',(-147.96,51.16,22.33704968844));
#2342 = LINE('',#2343,#2344);
#2343 = CARTESIAN_POINT('',(-147.96,2.7,22.33704968844));
#2344 = VECTOR('',#2345,1.);
#2345 = DIRECTION('',(0.,1.,0.));
#2346 = ORIENTED_EDGE('',*,*,#2347,.F.);
#2347 = EDGE_CURVE('',#2348,#2340,#2350,.T.);
#2348 = VERTEX_POINT('',#2349);
#2349 = CARTESIAN_POINT('',(-145.56,51.16,22.33704968844));
#2350 = CIRCLE('',#2351,4.5);
#2351 = AXIS2_PLACEMENT_3D('',#2352,#2353,#2354);
#2352 = CARTESIAN_POINT('',(-146.76,51.16,18.));
#2353 = DIRECTION('',(0.,1.,0.));
#2354 = DIRECTION('',(0.,-0.,1.));
#2355 = ORIENTED_EDGE('',*,*,#2356,.F.);
#2356 = EDGE_CURVE('',#2357,#2348,#2359,.T.);
#2357 = VERTEX_POINT('',#2358);
#2358 = CARTESIAN_POINT('',(-145.56,19.004459626128,22.33704968844));
#2359 = LINE('',#2360,#2361);
#2360 = CARTESIAN_POINT('',(-145.56,2.7,22.33704968844));
#2361 = VECTOR('',#2362,1.);
#2362 = DIRECTION('',(0.,1.,0.));
#2363 = ORIENTED_EDGE('',*,*,#2364,.F.);
#2364 = EDGE_CURVE('',#2323,#2357,#2365,.T.);
#2365 = ELLIPSE('',#2366,7.029224708316,4.5);
#2366 = AXIS2_PLACEMENT_3D('',#2367,#2368,#2369);
#2367 = CARTESIAN_POINT('',(-146.76,13.8,18.));
#2368 = DIRECTION('',(0.,0.640184399664,-0.768221279597));
#2369 = DIRECTION('',(0.,0.768221279597,0.640184399664));
#2370 = ORIENTED_EDGE('',*,*,#2322,.F.);
#2371 = CYLINDRICAL_SURFACE('',#2372,4.5);
#2372 = AXIS2_PLACEMENT_3D('',#2373,#2374,#2375);
#2373 = CARTESIAN_POINT('',(-146.76,2.7,18.));
#2374 = DIRECTION('',(0.,1.,0.));
#2375 = DIRECTION('',(0.,-0.,1.));
#2376 = ADVANCED_FACE('',(#2377),#2396,.F.);
#2377 = FACE_BOUND('',#2378,.F.);
#2378 = EDGE_LOOP('',(#2379,#2380,#2388,#2395));
#2379 = ORIENTED_EDGE('',*,*,#2198,.F.);
#2380 = ORIENTED_EDGE('',*,*,#2381,.F.);
#2381 = EDGE_CURVE('',#2382,#2199,#2384,.T.);
#2382 = VERTEX_POINT('',#2383);
#2383 = CARTESIAN_POINT('',(-146.76,41.06,102.12));
#2384 = LINE('',#2385,#2386);
#2385 = CARTESIAN_POINT('',(-146.76,41.06,102.12));
#2386 = VECTOR('',#2387,1.);
#2387 = DIRECTION('',(0.,1.,0.));
#2388 = ORIENTED_EDGE('',*,*,#2389,.T.);
#2389 = EDGE_CURVE('',#2382,#2382,#2390,.T.);
#2390 = CIRCLE('',#2391,2.);
#2391 = AXIS2_PLACEMENT_3D('',#2392,#2393,#2394);
#2392 = CARTESIAN_POINT('',(-146.76,41.06,100.12));
#2393 = DIRECTION('',(0.,1.,0.));
#2394 = DIRECTION('',(0.,-0.,1.));
#2395 = ORIENTED_EDGE('',*,*,#2381,.T.);
#2396 = CYLINDRICAL_SURFACE('',#2397,2.);
#2397 = AXIS2_PLACEMENT_3D('',#2398,#2399,#2400);
#2398 = CARTESIAN_POINT('',(-146.76,41.06,100.12));
#2399 = DIRECTION('',(0.,1.,0.));
#2400 = DIRECTION('',(0.,-0.,1.));
#2401 = ADVANCED_FACE('',(#2402),#2421,.F.);
#2402 = FACE_BOUND('',#2403,.F.);
#2403 = EDGE_LOOP('',(#2404,#2405,#2413,#2420));
#2404 = ORIENTED_EDGE('',*,*,#2218,.F.);
#2405 = ORIENTED_EDGE('',*,*,#2406,.F.);
#2406 = EDGE_CURVE('',#2407,#2219,#2409,.T.);
#2407 = VERTEX_POINT('',#2408);
#2408 = CARTESIAN_POINT('',(-146.76,41.06,187.24));
#2409 = LINE('',#2410,#2411);
#2410 = CARTESIAN_POINT('',(-146.76,41.06,187.24));
#2411 = VECTOR('',#2412,1.);
#2412 = DIRECTION('',(0.,1.,0.));
#2413 = ORIENTED_EDGE('',*,*,#2414,.T.);
#2414 = EDGE_CURVE('',#2407,#2407,#2415,.T.);
#2415 = CIRCLE('',#2416,2.);
#2416 = AXIS2_PLACEMENT_3D('',#2417,#2418,#2419);
#2417 = CARTESIAN_POINT('',(-146.76,41.06,185.24));
#2418 = DIRECTION('',(0.,1.,0.));
#2419 = DIRECTION('',(0.,-0.,1.));
#2420 = ORIENTED_EDGE('',*,*,#2406,.T.);
#2421 = CYLINDRICAL_SURFACE('',#2422,2.);
#2422 = AXIS2_PLACEMENT_3D('',#2423,#2424,#2425);
#2423 = CARTESIAN_POINT('',(-146.76,41.06,185.24));
#2424 = DIRECTION('',(0.,1.,0.));
#2425 = DIRECTION('',(0.,-0.,1.));
#2426 = ADVANCED_FACE('',(#2427),#2480,.T.);
#2427 = FACE_BOUND('',#2428,.T.);
#2428 = EDGE_LOOP('',(#2429,#2430,#2438,#2447,#2455,#2464,#2472,#2479));
#2429 = ORIENTED_EDGE('',*,*,#2247,.T.);
#2430 = ORIENTED_EDGE('',*,*,#2431,.T.);
#2431 = EDGE_CURVE('',#2248,#2432,#2434,.T.);
#2432 = VERTEX_POINT('',#2433);
#2433 = CARTESIAN_POINT('',(57.16,19.2,22.1));
#2434 = LINE('',#2435,#2436);
#2435 = CARTESIAN_POINT('',(57.16,2.7,22.1));
#2436 = VECTOR('',#2437,1.);
#2437 = DIRECTION('',(0.,1.,0.));
#2438 = ORIENTED_EDGE('',*,*,#2439,.F.);
#2439 = EDGE_CURVE('',#2440,#2432,#2442,.T.);
#2440 = VERTEX_POINT('',#2441);
#2441 = CARTESIAN_POINT('',(55.96,18.984550988139,21.920459156783));
#2442 = ELLIPSE('',#2443,6.404404734243,4.1);
#2443 = AXIS2_PLACEMENT_3D('',#2444,#2445,#2446);
#2444 = CARTESIAN_POINT('',(57.16,14.28,18.));
#2445 = DIRECTION('',(0.,0.640184399664,-0.768221279597));
#2446 = DIRECTION('',(0.,0.768221279597,0.640184399664));
#2447 = ORIENTED_EDGE('',*,*,#2448,.T.);
#2448 = EDGE_CURVE('',#2440,#2449,#2451,.T.);
#2449 = VERTEX_POINT('',#2450);
#2450 = CARTESIAN_POINT('',(55.96,51.16,21.920459156783));
#2451 = LINE('',#2452,#2453);
#2452 = CARTESIAN_POINT('',(55.96,2.7,21.920459156783));
#2453 = VECTOR('',#2454,1.);
#2454 = DIRECTION('',(0.,1.,0.));
#2455 = ORIENTED_EDGE('',*,*,#2456,.F.);
#2456 = EDGE_CURVE('',#2457,#2449,#2459,.T.);
#2457 = VERTEX_POINT('',#2458);
#2458 = CARTESIAN_POINT('',(58.36,51.16,21.920459156783));
#2459 = CIRCLE('',#2460,4.1);
#2460 = AXIS2_PLACEMENT_3D('',#2461,#2462,#2463);
#2461 = CARTESIAN_POINT('',(57.16,51.16,18.));
#2462 = DIRECTION('',(0.,1.,0.));
#2463 = DIRECTION('',(0.,-0.,1.));
#2464 = ORIENTED_EDGE('',*,*,#2465,.F.);
#2465 = EDGE_CURVE('',#2466,#2457,#2468,.T.);
#2466 = VERTEX_POINT('',#2467);
#2467 = CARTESIAN_POINT('',(58.36,18.984550988139,21.920459156783));
#2468 = LINE('',#2469,#2470);
#2469 = CARTESIAN_POINT('',(58.36,2.7,21.920459156783));
#2470 = VECTOR('',#2471,1.);
#2471 = DIRECTION('',(0.,1.,0.));
#2472 = ORIENTED_EDGE('',*,*,#2473,.F.);
#2473 = EDGE_CURVE('',#2432,#2466,#2474,.T.);
#2474 = ELLIPSE('',#2475,6.404404734243,4.1);
#2475 = AXIS2_PLACEMENT_3D('',#2476,#2477,#2478);
#2476 = CARTESIAN_POINT('',(57.16,14.28,18.));
#2477 = DIRECTION('',(0.,0.640184399664,-0.768221279597));
#2478 = DIRECTION('',(0.,0.768221279597,0.640184399664));
#2479 = ORIENTED_EDGE('',*,*,#2431,.F.);
#2480 = CYLINDRICAL_SURFACE('',#2481,4.1);
#2481 = AXIS2_PLACEMENT_3D('',#2482,#2483,#2484);
#2482 = CARTESIAN_POINT('',(57.16,2.7,18.));
#2483 = DIRECTION('',(0.,1.,0.));
#2484 = DIRECTION('',(0.,-0.,1.));
#2485 = ADVANCED_FACE('',(#2486),#2505,.F.);
#2486 = FACE_BOUND('',#2487,.F.);
#2487 = EDGE_LOOP('',(#2488,#2489,#2497,#2504));
#2488 = ORIENTED_EDGE('',*,*,#2281,.F.);
#2489 = ORIENTED_EDGE('',*,*,#2490,.F.);
#2490 = EDGE_CURVE('',#2491,#2282,#2493,.T.);
#2491 = VERTEX_POINT('',#2492);
#2492 = CARTESIAN_POINT('',(57.16,41.06,102.12));
#2493 = LINE('',#2494,#2495);
#2494 = CARTESIAN_POINT('',(57.16,41.06,102.12));
#2495 = VECTOR('',#2496,1.);
#2496 = DIRECTION('',(0.,1.,0.));
#2497 = ORIENTED_EDGE('',*,*,#2498,.T.);
#2498 = EDGE_CURVE('',#2491,#2491,#2499,.T.);
#2499 = CIRCLE('',#2500,2.);
#2500 = AXIS2_PLACEMENT_3D('',#2501,#2502,#2503);
#2501 = CARTESIAN_POINT('',(57.16,41.06,100.12));
#2502 = DIRECTION('',(0.,1.,0.));
#2503 = DIRECTION('',(0.,-0.,1.));
#2504 = ORIENTED_EDGE('',*,*,#2490,.T.);
#2505 = CYLINDRICAL_SURFACE('',#2506,2.);
#2506 = AXIS2_PLACEMENT_3D('',#2507,#2508,#2509);
#2507 = CARTESIAN_POINT('',(57.16,41.06,100.12));
#2508 = DIRECTION('',(0.,1.,0.));
#2509 = DIRECTION('',(0.,-0.,1.));
#2510 = ADVANCED_FACE('',(#2511),#2530,.F.);
#2511 = FACE_BOUND('',#2512,.F.);
#2512 = EDGE_LOOP('',(#2513,#2514,#2522,#2529));
#2513 = ORIENTED_EDGE('',*,*,#2301,.F.);
#2514 = ORIENTED_EDGE('',*,*,#2515,.F.);
#2515 = EDGE_CURVE('',#2516,#2302,#2518,.T.);
#2516 = VERTEX_POINT('',#2517);
#2517 = CARTESIAN_POINT('',(57.16,41.06,187.24));
#2518 = LINE('',#2519,#2520);
#2519 = CARTESIAN_POINT('',(57.16,41.06,187.24));
#2520 = VECTOR('',#2521,1.);
#2521 = DIRECTION('',(0.,1.,0.));
#2522 = ORIENTED_EDGE('',*,*,#2523,.T.);
#2523 = EDGE_CURVE('',#2516,#2516,#2524,.T.);
#2524 = CIRCLE('',#2525,2.);
#2525 = AXIS2_PLACEMENT_3D('',#2526,#2527,#2528);
#2526 = CARTESIAN_POINT('',(57.16,41.06,185.24));
#2527 = DIRECTION('',(0.,1.,0.));
#2528 = DIRECTION('',(0.,-0.,1.));
#2529 = ORIENTED_EDGE('',*,*,#2515,.T.);
#2530 = CYLINDRICAL_SURFACE('',#2531,2.);
#2531 = AXIS2_PLACEMENT_3D('',#2532,#2533,#2534);
#2532 = CARTESIAN_POINT('',(57.16,41.06,185.24));
#2533 = DIRECTION('',(0.,1.,0.));
#2534 = DIRECTION('',(0.,-0.,1.));
#2535 = ADVANCED_FACE('',(#2536),#2562,.F.);
#2536 = FACE_BOUND('',#2537,.F.);
#2537 = EDGE_LOOP('',(#2538,#2546,#2554,#2560,#2561));
#2538 = ORIENTED_EDGE('',*,*,#2539,.F.);
#2539 = EDGE_CURVE('',#2540,#2331,#2542,.T.);
#2540 = VERTEX_POINT('',#2541);
#2541 = CARTESIAN_POINT('',(-147.96,24.9,27.25));
#2542 = LINE('',#2543,#2544);
#2543 = CARTESIAN_POINT('',(-147.96,25.2,27.5));
#2544 = VECTOR('',#2545,1.);
#2545 = DIRECTION('',(0.,-0.768221279597,-0.640184399664));
#2546 = ORIENTED_EDGE('',*,*,#2547,.T.);
#2547 = EDGE_CURVE('',#2540,#2548,#2550,.T.);
#2548 = VERTEX_POINT('',#2549);
#2549 = CARTESIAN_POINT('',(-145.56,24.9,27.25));
#2550 = LINE('',#2551,#2552);
#2551 = CARTESIAN_POINT('',(-147.96,24.9,27.25));
#2552 = VECTOR('',#2553,1.);
#2553 = DIRECTION('',(1.,0.,0.));
#2554 = ORIENTED_EDGE('',*,*,#2555,.T.);
#2555 = EDGE_CURVE('',#2548,#2357,#2556,.T.);
#2556 = LINE('',#2557,#2558);
#2557 = CARTESIAN_POINT('',(-145.56,25.2,27.5));
#2558 = VECTOR('',#2559,1.);
#2559 = DIRECTION('',(0.,-0.768221279597,-0.640184399664));
#2560 = ORIENTED_EDGE('',*,*,#2364,.F.);
#2561 = ORIENTED_EDGE('',*,*,#2330,.F.);
#2562 = PLANE('',#2563);
#2563 = AXIS2_PLACEMENT_3D('',#2564,#2565,#2566);
#2564 = CARTESIAN_POINT('',(-147.96,25.2,27.5));
#2565 = DIRECTION('',(0.,0.640184399664,-0.768221279597));
#2566 = DIRECTION('',(0.,-0.768221279597,-0.640184399664));
#2567 = ADVANCED_FACE('',(#2568),#2594,.T.);
#2568 = FACE_BOUND('',#2569,.T.);
#2569 = EDGE_LOOP('',(#2570,#2571,#2572,#2580,#2588));
#2570 = ORIENTED_EDGE('',*,*,#2555,.T.);
#2571 = ORIENTED_EDGE('',*,*,#2356,.T.);
#2572 = ORIENTED_EDGE('',*,*,#2573,.T.);
#2573 = EDGE_CURVE('',#2348,#2574,#2576,.T.);
#2574 = VERTEX_POINT('',#2575);
#2575 = CARTESIAN_POINT('',(-145.56,51.16,27.5));
#2576 = LINE('',#2577,#2578);
#2577 = CARTESIAN_POINT('',(-145.56,51.16,21.5));
#2578 = VECTOR('',#2579,1.);
#2579 = DIRECTION('',(0.,0.,1.));
#2580 = ORIENTED_EDGE('',*,*,#2581,.F.);
#2581 = EDGE_CURVE('',#2582,#2574,#2584,.T.);
#2582 = VERTEX_POINT('',#2583);
#2583 = CARTESIAN_POINT('',(-145.56,24.9,27.5));
#2584 = LINE('',#2585,#2586);
#2585 = CARTESIAN_POINT('',(-145.56,24.9,27.5));
#2586 = VECTOR('',#2587,1.);
#2587 = DIRECTION('',(-0.,1.,0.));
#2588 = ORIENTED_EDGE('',*,*,#2589,.F.);
#2589 = EDGE_CURVE('',#2548,#2582,#2590,.T.);
#2590 = LINE('',#2591,#2592);
#2591 = CARTESIAN_POINT('',(-145.56,24.9,21.5));
#2592 = VECTOR('',#2593,1.);
#2593 = DIRECTION('',(0.,0.,1.));
#2594 = PLANE('',#2595);
#2595 = AXIS2_PLACEMENT_3D('',#2596,#2597,#2598);
#2596 = CARTESIAN_POINT('',(-145.56,35.36651697025,20.61712313372));
#2597 = DIRECTION('',(1.,0.,0.));
#2598 = DIRECTION('',(-0.,0.,1.));
#2599 = ADVANCED_FACE('',(#2600,#2618),#2629,.T.);
#2600 = FACE_BOUND('',#2601,.T.);
#2601 = EDGE_LOOP('',(#2602,#2603,#2611,#2617));
#2602 = ORIENTED_EDGE('',*,*,#2347,.T.);
#2603 = ORIENTED_EDGE('',*,*,#2604,.T.);
#2604 = EDGE_CURVE('',#2340,#2605,#2607,.T.);
#2605 = VERTEX_POINT('',#2606);
#2606 = CARTESIAN_POINT('',(-147.96,51.16,27.5));
#2607 = LINE('',#2608,#2609);
#2608 = CARTESIAN_POINT('',(-147.96,51.16,21.5));
#2609 = VECTOR('',#2610,1.);
#2610 = DIRECTION('',(0.,0.,1.));
#2611 = ORIENTED_EDGE('',*,*,#2612,.T.);
#2612 = EDGE_CURVE('',#2605,#2574,#2613,.T.);
#2613 = LINE('',#2614,#2615);
#2614 = CARTESIAN_POINT('',(-147.96,51.16,27.5));
#2615 = VECTOR('',#2616,1.);
#2616 = DIRECTION('',(1.,0.,-0.));
#2617 = ORIENTED_EDGE('',*,*,#2573,.F.);
#2618 = FACE_BOUND('',#2619,.T.);
#2619 = EDGE_LOOP('',(#2620));
#2620 = ORIENTED_EDGE('',*,*,#2621,.F.);
#2621 = EDGE_CURVE('',#2622,#2622,#2624,.T.);
#2622 = VERTEX_POINT('',#2623);
#2623 = CARTESIAN_POINT('',(-146.76,51.16,19.7));
#2624 = CIRCLE('',#2625,1.7);
#2625 = AXIS2_PLACEMENT_3D('',#2626,#2627,#2628);
#2626 = CARTESIAN_POINT('',(-146.76,51.16,18.));
#2627 = DIRECTION('',(0.,1.,0.));
#2628 = DIRECTION('',(0.,-0.,1.));
#2629 = PLANE('',#2630);
#2630 = AXIS2_PLACEMENT_3D('',#2631,#2632,#2633);
#2631 = CARTESIAN_POINT('',(-146.76,51.16,20.529282724009));
#2632 = DIRECTION('',(0.,1.,0.));
#2633 = DIRECTION('',(0.,-0.,1.));
#2634 = ADVANCED_FACE('',(#2635),#2654,.T.);
#2635 = FACE_BOUND('',#2636,.T.);
#2636 = EDGE_LOOP('',(#2637,#2638,#2639,#2647,#2653));
#2637 = ORIENTED_EDGE('',*,*,#2339,.F.);
#2638 = ORIENTED_EDGE('',*,*,#2539,.F.);
#2639 = ORIENTED_EDGE('',*,*,#2640,.T.);
#2640 = EDGE_CURVE('',#2540,#2641,#2643,.T.);
#2641 = VERTEX_POINT('',#2642);
#2642 = CARTESIAN_POINT('',(-147.96,24.9,27.5));
#2643 = LINE('',#2644,#2645);
#2644 = CARTESIAN_POINT('',(-147.96,24.9,21.5));
#2645 = VECTOR('',#2646,1.);
#2646 = DIRECTION('',(0.,0.,1.));
#2647 = ORIENTED_EDGE('',*,*,#2648,.T.);
#2648 = EDGE_CURVE('',#2641,#2605,#2649,.T.);
#2649 = LINE('',#2650,#2651);
#2650 = CARTESIAN_POINT('',(-147.96,24.9,27.5));
#2651 = VECTOR('',#2652,1.);
#2652 = DIRECTION('',(-0.,1.,0.));
#2653 = ORIENTED_EDGE('',*,*,#2604,.F.);
#2654 = PLANE('',#2655);
#2655 = AXIS2_PLACEMENT_3D('',#2656,#2657,#2658);
#2656 = CARTESIAN_POINT('',(-147.96,35.36651697025,20.61712313372));
#2657 = DIRECTION('',(-1.,-0.,-0.));
#2658 = DIRECTION('',(0.,0.,-1.));
#2659 = ADVANCED_FACE('',(#2660),#2663,.T.);
#2660 = FACE_BOUND('',#2661,.F.);
#2661 = EDGE_LOOP('',(#2662));
#2662 = ORIENTED_EDGE('',*,*,#2389,.F.);
#2663 = PLANE('',#2664);
#2664 = AXIS2_PLACEMENT_3D('',#2665,#2666,#2667);
#2665 = CARTESIAN_POINT('',(-146.76,41.06,100.12));
#2666 = DIRECTION('',(0.,1.,0.));
#2667 = DIRECTION('',(0.,-0.,1.));
#2668 = ADVANCED_FACE('',(#2669),#2672,.T.);
#2669 = FACE_BOUND('',#2670,.F.);
#2670 = EDGE_LOOP('',(#2671));
#2671 = ORIENTED_EDGE('',*,*,#2414,.F.);
#2672 = PLANE('',#2673);
#2673 = AXIS2_PLACEMENT_3D('',#2674,#2675,#2676);
#2674 = CARTESIAN_POINT('',(-146.76,41.06,185.24));
#2675 = DIRECTION('',(0.,1.,0.));
#2676 = DIRECTION('',(0.,-0.,1.));
#2677 = ADVANCED_FACE('',(#2678),#2704,.F.);
#2678 = FACE_BOUND('',#2679,.F.);
#2679 = EDGE_LOOP('',(#2680,#2688,#2696,#2702,#2703));
#2680 = ORIENTED_EDGE('',*,*,#2681,.F.);
#2681 = EDGE_CURVE('',#2682,#2440,#2684,.T.);
#2682 = VERTEX_POINT('',#2683);
#2683 = CARTESIAN_POINT('',(55.96,24.9,26.85));
#2684 = LINE('',#2685,#2686);
#2685 = CARTESIAN_POINT('',(55.96,25.2,27.1));
#2686 = VECTOR('',#2687,1.);
#2687 = DIRECTION('',(0.,-0.768221279597,-0.640184399664));
#2688 = ORIENTED_EDGE('',*,*,#2689,.T.);
#2689 = EDGE_CURVE('',#2682,#2690,#2692,.T.);
#2690 = VERTEX_POINT('',#2691);
#2691 = CARTESIAN_POINT('',(58.36,24.9,26.85));
#2692 = LINE('',#2693,#2694);
#2693 = CARTESIAN_POINT('',(55.96,24.9,26.85));
#2694 = VECTOR('',#2695,1.);
#2695 = DIRECTION('',(1.,0.,0.));
#2696 = ORIENTED_EDGE('',*,*,#2697,.T.);
#2697 = EDGE_CURVE('',#2690,#2466,#2698,.T.);
#2698 = LINE('',#2699,#2700);
#2699 = CARTESIAN_POINT('',(58.36,25.2,27.1));
#2700 = VECTOR('',#2701,1.);
#2701 = DIRECTION('',(0.,-0.768221279597,-0.640184399664));
#2702 = ORIENTED_EDGE('',*,*,#2473,.F.);
#2703 = ORIENTED_EDGE('',*,*,#2439,.F.);
#2704 = PLANE('',#2705);
#2705 = AXIS2_PLACEMENT_3D('',#2706,#2707,#2708);
#2706 = CARTESIAN_POINT('',(55.96,25.2,27.1));
#2707 = DIRECTION('',(0.,0.640184399664,-0.768221279597));
#2708 = DIRECTION('',(0.,-0.768221279597,-0.640184399664));
#2709 = ADVANCED_FACE('',(#2710),#2736,.T.);
#2710 = FACE_BOUND('',#2711,.T.);
#2711 = EDGE_LOOP('',(#2712,#2713,#2714,#2722,#2730));
#2712 = ORIENTED_EDGE('',*,*,#2697,.T.);
#2713 = ORIENTED_EDGE('',*,*,#2465,.T.);
#2714 = ORIENTED_EDGE('',*,*,#2715,.T.);
#2715 = EDGE_CURVE('',#2457,#2716,#2718,.T.);
#2716 = VERTEX_POINT('',#2717);
#2717 = CARTESIAN_POINT('',(58.36,51.16,27.1));
#2718 = LINE('',#2719,#2720);
#2719 = CARTESIAN_POINT('',(58.36,51.16,21.1));
#2720 = VECTOR('',#2721,1.);
#2721 = DIRECTION('',(0.,0.,1.));
#2722 = ORIENTED_EDGE('',*,*,#2723,.F.);
#2723 = EDGE_CURVE('',#2724,#2716,#2726,.T.);
#2724 = VERTEX_POINT('',#2725);
#2725 = CARTESIAN_POINT('',(58.36,24.9,27.1));
#2726 = LINE('',#2727,#2728);
#2727 = CARTESIAN_POINT('',(58.36,24.9,27.1));
#2728 = VECTOR('',#2729,1.);
#2729 = DIRECTION('',(-0.,1.,0.));
#2730 = ORIENTED_EDGE('',*,*,#2731,.F.);
#2731 = EDGE_CURVE('',#2690,#2724,#2732,.T.);
#2732 = LINE('',#2733,#2734);
#2733 = CARTESIAN_POINT('',(58.36,24.9,21.1));
#2734 = VECTOR('',#2735,1.);
#2735 = DIRECTION('',(0.,0.,1.));
#2736 = PLANE('',#2737);
#2737 = AXIS2_PLACEMENT_3D('',#2738,#2739,#2740);
#2738 = CARTESIAN_POINT('',(58.36,35.380973045122,20.626941222369));
#2739 = DIRECTION('',(1.,0.,0.));
#2740 = DIRECTION('',(-0.,0.,1.));
#2741 = ADVANCED_FACE('',(#2742,#2760),#2771,.T.);
#2742 = FACE_BOUND('',#2743,.T.);
#2743 = EDGE_LOOP('',(#2744,#2745,#2753,#2759));
#2744 = ORIENTED_EDGE('',*,*,#2456,.T.);
#2745 = ORIENTED_EDGE('',*,*,#2746,.T.);
#2746 = EDGE_CURVE('',#2449,#2747,#2749,.T.);
#2747 = VERTEX_POINT('',#2748);
#2748 = CARTESIAN_POINT('',(55.96,51.16,27.1));
#2749 = LINE('',#2750,#2751);
#2750 = CARTESIAN_POINT('',(55.96,51.16,21.1));
#2751 = VECTOR('',#2752,1.);
#2752 = DIRECTION('',(0.,0.,1.));
#2753 = ORIENTED_EDGE('',*,*,#2754,.T.);
#2754 = EDGE_CURVE('',#2747,#2716,#2755,.T.);
#2755 = LINE('',#2756,#2757);
#2756 = CARTESIAN_POINT('',(55.96,51.16,27.1));
#2757 = VECTOR('',#2758,1.);
#2758 = DIRECTION('',(1.,0.,-0.));
#2759 = ORIENTED_EDGE('',*,*,#2715,.F.);
#2760 = FACE_BOUND('',#2761,.T.);
#2761 = EDGE_LOOP('',(#2762));
#2762 = ORIENTED_EDGE('',*,*,#2763,.F.);
#2763 = EDGE_CURVE('',#2764,#2764,#2766,.T.);
#2764 = VERTEX_POINT('',#2765);
#2765 = CARTESIAN_POINT('',(57.16,51.16,19.7));
#2766 = CIRCLE('',#2767,1.7);
#2767 = AXIS2_PLACEMENT_3D('',#2768,#2769,#2770);
#2768 = CARTESIAN_POINT('',(57.16,51.16,18.));
#2769 = DIRECTION('',(0.,1.,0.));
#2770 = DIRECTION('',(0.,-0.,1.));
#2771 = PLANE('',#2772);
#2772 = AXIS2_PLACEMENT_3D('',#2773,#2774,#2775);
#2773 = CARTESIAN_POINT('',(57.16,51.16,20.551428081586));
#2774 = DIRECTION('',(0.,1.,0.));
#2775 = DIRECTION('',(0.,-0.,1.));
#2776 = ADVANCED_FACE('',(#2777),#2796,.T.);
#2777 = FACE_BOUND('',#2778,.T.);
#2778 = EDGE_LOOP('',(#2779,#2780,#2781,#2789,#2795));
#2779 = ORIENTED_EDGE('',*,*,#2448,.F.);
#2780 = ORIENTED_EDGE('',*,*,#2681,.F.);
#2781 = ORIENTED_EDGE('',*,*,#2782,.T.);
#2782 = EDGE_CURVE('',#2682,#2783,#2785,.T.);
#2783 = VERTEX_POINT('',#2784);
#2784 = CARTESIAN_POINT('',(55.96,24.9,27.1));
#2785 = LINE('',#2786,#2787);
#2786 = CARTESIAN_POINT('',(55.96,24.9,21.1));
#2787 = VECTOR('',#2788,1.);
#2788 = DIRECTION('',(0.,0.,1.));
#2789 = ORIENTED_EDGE('',*,*,#2790,.T.);
#2790 = EDGE_CURVE('',#2783,#2747,#2791,.T.);
#2791 = LINE('',#2792,#2793);
#2792 = CARTESIAN_POINT('',(55.96,24.9,27.1));
#2793 = VECTOR('',#2794,1.);
#2794 = DIRECTION('',(-0.,1.,0.));
#2795 = ORIENTED_EDGE('',*,*,#2746,.F.);
#2796 = PLANE('',#2797);
#2797 = AXIS2_PLACEMENT_3D('',#2798,#2799,#2800);
#2798 = CARTESIAN_POINT('',(55.96,35.380973045122,20.626941222369));
#2799 = DIRECTION('',(-1.,-0.,-0.));
#2800 = DIRECTION('',(0.,0.,-1.));
#2801 = ADVANCED_FACE('',(#2802),#2805,.T.);
#2802 = FACE_BOUND('',#2803,.F.);
#2803 = EDGE_LOOP('',(#2804));
#2804 = ORIENTED_EDGE('',*,*,#2498,.F.);
#2805 = PLANE('',#2806);
#2806 = AXIS2_PLACEMENT_3D('',#2807,#2808,#2809);
#2807 = CARTESIAN_POINT('',(57.16,41.06,100.12));
#2808 = DIRECTION('',(0.,1.,0.));
#2809 = DIRECTION('',(0.,-0.,1.));
#2810 = ADVANCED_FACE('',(#2811),#2814,.T.);
#2811 = FACE_BOUND('',#2812,.F.);
#2812 = EDGE_LOOP('',(#2813));
#2813 = ORIENTED_EDGE('',*,*,#2523,.F.);
#2814 = PLANE('',#2815);
#2815 = AXIS2_PLACEMENT_3D('',#2816,#2817,#2818);
#2816 = CARTESIAN_POINT('',(57.16,41.06,185.24));
#2817 = DIRECTION('',(0.,1.,0.));
#2818 = DIRECTION('',(0.,-0.,1.));
#2819 = ADVANCED_FACE('',(#2820),#2831,.F.);
#2820 = FACE_BOUND('',#2821,.F.);
#2821 = EDGE_LOOP('',(#2822,#2823,#2824,#2830));
#2822 = ORIENTED_EDGE('',*,*,#2547,.F.);
#2823 = ORIENTED_EDGE('',*,*,#2640,.T.);
#2824 = ORIENTED_EDGE('',*,*,#2825,.T.);
#2825 = EDGE_CURVE('',#2641,#2582,#2826,.T.);
#2826 = LINE('',#2827,#2828);
#2827 = CARTESIAN_POINT('',(-147.96,24.9,27.5));
#2828 = VECTOR('',#2829,1.);
#2829 = DIRECTION('',(1.,0.,-0.));
#2830 = ORIENTED_EDGE('',*,*,#2589,.F.);
#2831 = PLANE('',#2832);
#2832 = AXIS2_PLACEMENT_3D('',#2833,#2834,#2835);
#2833 = CARTESIAN_POINT('',(-147.96,24.9,21.5));
#2834 = DIRECTION('',(-0.,1.,0.));
#2835 = DIRECTION('',(0.,0.,1.));
#2836 = ADVANCED_FACE('',(#2837),#2843,.T.);
#2837 = FACE_BOUND('',#2838,.T.);
#2838 = EDGE_LOOP('',(#2839,#2840,#2841,#2842));
#2839 = ORIENTED_EDGE('',*,*,#2648,.F.);
#2840 = ORIENTED_EDGE('',*,*,#2825,.T.);
#2841 = ORIENTED_EDGE('',*,*,#2581,.T.);
#2842 = ORIENTED_EDGE('',*,*,#2612,.F.);
#2843 = PLANE('',#2844);
#2844 = AXIS2_PLACEMENT_3D('',#2845,#2846,#2847);
#2845 = CARTESIAN_POINT('',(-147.96,24.9,27.5));
#2846 = DIRECTION('',(0.,0.,1.));
#2847 = DIRECTION('',(1.,0.,-0.));
#2848 = ADVANCED_FACE('',(#2849),#2868,.F.);
#2849 = FACE_BOUND('',#2850,.F.);
#2850 = EDGE_LOOP('',(#2851,#2859,#2860,#2861));
#2851 = ORIENTED_EDGE('',*,*,#2852,.T.);
#2852 = EDGE_CURVE('',#2853,#2622,#2855,.T.);
#2853 = VERTEX_POINT('',#2854);
#2854 = CARTESIAN_POINT('',(-146.76,47.86,19.7));
#2855 = LINE('',#2856,#2857);
#2856 = CARTESIAN_POINT('',(-146.76,47.56,19.7));
#2857 = VECTOR('',#2858,1.);
#2858 = DIRECTION('',(0.,1.,0.));
#2859 = ORIENTED_EDGE('',*,*,#2621,.F.);
#2860 = ORIENTED_EDGE('',*,*,#2852,.F.);
#2861 = ORIENTED_EDGE('',*,*,#2862,.T.);
#2862 = EDGE_CURVE('',#2853,#2853,#2863,.T.);
#2863 = CIRCLE('',#2864,1.7);
#2864 = AXIS2_PLACEMENT_3D('',#2865,#2866,#2867);
#2865 = CARTESIAN_POINT('',(-146.76,47.86,18.));
#2866 = DIRECTION('',(0.,1.,0.));
#2867 = DIRECTION('',(0.,-0.,1.));
#2868 = CYLINDRICAL_SURFACE('',#2869,1.7);
#2869 = AXIS2_PLACEMENT_3D('',#2870,#2871,#2872);
#2870 = CARTESIAN_POINT('',(-146.76,47.56,18.));
#2871 = DIRECTION('',(0.,1.,0.));
#2872 = DIRECTION('',(0.,-0.,1.));
#2873 = ADVANCED_FACE('',(#2874),#2885,.F.);
#2874 = FACE_BOUND('',#2875,.F.);
#2875 = EDGE_LOOP('',(#2876,#2877,#2878,#2884));
#2876 = ORIENTED_EDGE('',*,*,#2689,.F.);
#2877 = ORIENTED_EDGE('',*,*,#2782,.T.);
#2878 = ORIENTED_EDGE('',*,*,#2879,.T.);
#2879 = EDGE_CURVE('',#2783,#2724,#2880,.T.);
#2880 = LINE('',#2881,#2882);
#2881 = CARTESIAN_POINT('',(55.96,24.9,27.1));
#2882 = VECTOR('',#2883,1.);
#2883 = DIRECTION('',(1.,0.,-0.));
#2884 = ORIENTED_EDGE('',*,*,#2731,.F.);
#2885 = PLANE('',#2886);
#2886 = AXIS2_PLACEMENT_3D('',#2887,#2888,#2889);
#2887 = CARTESIAN_POINT('',(55.96,24.9,21.1));
#2888 = DIRECTION('',(-0.,1.,0.));
#2889 = DIRECTION('',(0.,0.,1.));
#2890 = ADVANCED_FACE('',(#2891),#2897,.T.);
#2891 = FACE_BOUND('',#2892,.T.);
#2892 = EDGE_LOOP('',(#2893,#2894,#2895,#2896));
#2893 = ORIENTED_EDGE('',*,*,#2790,.F.);
#2894 = ORIENTED_EDGE('',*,*,#2879,.T.);
#2895 = ORIENTED_EDGE('',*,*,#2723,.T.);
#2896 = ORIENTED_EDGE('',*,*,#2754,.F.);
#2897 = PLANE('',#2898);
#2898 = AXIS2_PLACEMENT_3D('',#2899,#2900,#2901);
#2899 = CARTESIAN_POINT('',(55.96,24.9,27.1));
#2900 = DIRECTION('',(0.,0.,1.));
#2901 = DIRECTION('',(1.,0.,-0.));
#2902 = ADVANCED_FACE('',(#2903),#2922,.F.);
#2903 = FACE_BOUND('',#2904,.F.);
#2904 = EDGE_LOOP('',(#2905,#2913,#2914,#2915));
#2905 = ORIENTED_EDGE('',*,*,#2906,.T.);
#2906 = EDGE_CURVE('',#2907,#2764,#2909,.T.);
#2907 = VERTEX_POINT('',#2908);
#2908 = CARTESIAN_POINT('',(57.16,47.86,19.7));
#2909 = LINE('',#2910,#2911);
#2910 = CARTESIAN_POINT('',(57.16,47.56,19.7));
#2911 = VECTOR('',#2912,1.);
#2912 = DIRECTION('',(0.,1.,0.));
#2913 = ORIENTED_EDGE('',*,*,#2763,.F.);
#2914 = ORIENTED_EDGE('',*,*,#2906,.F.);
#2915 = ORIENTED_EDGE('',*,*,#2916,.T.);
#2916 = EDGE_CURVE('',#2907,#2907,#2917,.T.);
#2917 = CIRCLE('',#2918,1.7);
#2918 = AXIS2_PLACEMENT_3D('',#2919,#2920,#2921);
#2919 = CARTESIAN_POINT('',(57.16,47.86,18.));
#2920 = DIRECTION('',(0.,1.,0.));
#2921 = DIRECTION('',(0.,-0.,1.));
#2922 = CYLINDRICAL_SURFACE('',#2923,1.7);
#2923 = AXIS2_PLACEMENT_3D('',#2924,#2925,#2926);
#2924 = CARTESIAN_POINT('',(57.16,47.56,18.));
#2925 = DIRECTION('',(0.,1.,0.));
#2926 = DIRECTION('',(0.,-0.,1.));
#2927 = ADVANCED_FACE('',(#2928,#2939),#2942,.F.);
#2928 = FACE_BOUND('',#2929,.F.);
#2929 = EDGE_LOOP('',(#2930));
#2930 = ORIENTED_EDGE('',*,*,#2931,.T.);
#2931 = EDGE_CURVE('',#2932,#2932,#2934,.T.);
#2932 = VERTEX_POINT('',#2933);
#2933 = CARTESIAN_POINT('',(-146.76,47.86,20.));
#2934 = CIRCLE('',#2935,2.);
#2935 = AXIS2_PLACEMENT_3D('',#2936,#2937,#2938);
#2936 = CARTESIAN_POINT('',(-146.76,47.86,18.));
#2937 = DIRECTION('',(0.,1.,0.));
#2938 = DIRECTION('',(0.,-0.,1.));
#2939 = FACE_BOUND('',#2940,.F.);
#2940 = EDGE_LOOP('',(#2941));
#2941 = ORIENTED_EDGE('',*,*,#2862,.F.);
#2942 = PLANE('',#2943);
#2943 = AXIS2_PLACEMENT_3D('',#2944,#2945,#2946);
#2944 = CARTESIAN_POINT('',(-146.76,47.86,18.));
#2945 = DIRECTION('',(0.,1.,0.));
#2946 = DIRECTION('',(0.,-0.,1.));
#2947 = ADVANCED_FACE('',(#2948,#2959),#2962,.F.);
#2948 = FACE_BOUND('',#2949,.F.);
#2949 = EDGE_LOOP('',(#2950));
#2950 = ORIENTED_EDGE('',*,*,#2951,.T.);
#2951 = EDGE_CURVE('',#2952,#2952,#2954,.T.);
#2952 = VERTEX_POINT('',#2953);
#2953 = CARTESIAN_POINT('',(57.16,47.86,20.));
#2954 = CIRCLE('',#2955,2.);
#2955 = AXIS2_PLACEMENT_3D('',#2956,#2957,#2958);
#2956 = CARTESIAN_POINT('',(57.16,47.86,18.));
#2957 = DIRECTION('',(0.,1.,0.));
#2958 = DIRECTION('',(0.,-0.,1.));
#2959 = FACE_BOUND('',#2960,.F.);
#2960 = EDGE_LOOP('',(#2961));
#2961 = ORIENTED_EDGE('',*,*,#2916,.F.);
#2962 = PLANE('',#2963);
#2963 = AXIS2_PLACEMENT_3D('',#2964,#2965,#2966);
#2964 = CARTESIAN_POINT('',(57.16,47.86,18.));
#2965 = DIRECTION('',(0.,1.,0.));
#2966 = DIRECTION('',(0.,-0.,1.));
#2967 = ADVANCED_FACE('',(#2968),#2987,.F.);
#2968 = FACE_BOUND('',#2969,.F.);
#2969 = EDGE_LOOP('',(#2970,#2971,#2979,#2986));
#2970 = ORIENTED_EDGE('',*,*,#2931,.F.);
#2971 = ORIENTED_EDGE('',*,*,#2972,.F.);
#2972 = EDGE_CURVE('',#2973,#2932,#2975,.T.);
#2973 = VERTEX_POINT('',#2974);
#2974 = CARTESIAN_POINT('',(-146.76,41.06,20.));
#2975 = LINE('',#2976,#2977);
#2976 = CARTESIAN_POINT('',(-146.76,41.06,20.));
#2977 = VECTOR('',#2978,1.);
#2978 = DIRECTION('',(0.,1.,0.));
#2979 = ORIENTED_EDGE('',*,*,#2980,.T.);
#2980 = EDGE_CURVE('',#2973,#2973,#2981,.T.);
#2981 = CIRCLE('',#2982,2.);
#2982 = AXIS2_PLACEMENT_3D('',#2983,#2984,#2985);
#2983 = CARTESIAN_POINT('',(-146.76,41.06,18.));
#2984 = DIRECTION('',(0.,1.,0.));
#2985 = DIRECTION('',(0.,-0.,1.));
#2986 = ORIENTED_EDGE('',*,*,#2972,.T.);
#2987 = CYLINDRICAL_SURFACE('',#2988,2.);
#2988 = AXIS2_PLACEMENT_3D('',#2989,#2990,#2991);
#2989 = CARTESIAN_POINT('',(-146.76,41.06,18.));
#2990 = DIRECTION('',(0.,1.,0.));
#2991 = DIRECTION('',(0.,-0.,1.));
#2992 = ADVANCED_FACE('',(#2993),#3012,.F.);
#2993 = FACE_BOUND('',#2994,.F.);
#2994 = EDGE_LOOP('',(#2995,#2996,#3004,#3011));
#2995 = ORIENTED_EDGE('',*,*,#2951,.F.);
#2996 = ORIENTED_EDGE('',*,*,#2997,.F.);
#2997 = EDGE_CURVE('',#2998,#2952,#3000,.T.);
#2998 = VERTEX_POINT('',#2999);
#2999 = CARTESIAN_POINT('',(57.16,41.06,20.));
#3000 = LINE('',#3001,#3002);
#3001 = CARTESIAN_POINT('',(57.16,41.06,20.));
#3002 = VECTOR('',#3003,1.);
#3003 = DIRECTION('',(0.,1.,0.));
#3004 = ORIENTED_EDGE('',*,*,#3005,.T.);
#3005 = EDGE_CURVE('',#2998,#2998,#3006,.T.);
#3006 = CIRCLE('',#3007,2.);
#3007 = AXIS2_PLACEMENT_3D('',#3008,#3009,#3010);
#3008 = CARTESIAN_POINT('',(57.16,41.06,18.));
#3009 = DIRECTION('',(0.,1.,0.));
#3010 = DIRECTION('',(0.,-0.,1.));
#3011 = ORIENTED_EDGE('',*,*,#2997,.T.);
#3012 = CYLINDRICAL_SURFACE('',#3013,2.);
#3013 = AXIS2_PLACEMENT_3D('',#3014,#3015,#3016);
#3014 = CARTESIAN_POINT('',(57.16,41.06,18.));
#3015 = DIRECTION('',(0.,1.,0.));
#3016 = DIRECTION('',(0.,-0.,1.));
#3017 = ADVANCED_FACE('',(#3018),#3021,.T.);
#3018 = FACE_BOUND('',#3019,.F.);
#3019 = EDGE_LOOP('',(#3020));
#3020 = ORIENTED_EDGE('',*,*,#2980,.F.);
#3021 = PLANE('',#3022);
#3022 = AXIS2_PLACEMENT_3D('',#3023,#3024,#3025);
#3023 = CARTESIAN_POINT('',(-146.76,41.06,18.));
#3024 = DIRECTION('',(0.,1.,0.));
#3025 = DIRECTION('',(0.,-0.,1.));
#3026 = ADVANCED_FACE('',(#3027),#3030,.T.);
#3027 = FACE_BOUND('',#3028,.F.);
#3028 = EDGE_LOOP('',(#3029));
#3029 = ORIENTED_EDGE('',*,*,#3005,.F.);
#3030 = PLANE('',#3031);
#3031 = AXIS2_PLACEMENT_3D('',#3032,#3033,#3034);
#3032 = CARTESIAN_POINT('',(57.16,41.06,18.));
#3033 = DIRECTION('',(0.,1.,0.));
#3034 = DIRECTION('',(0.,-0.,1.));
#3035 = ( GEOMETRIC_REPRESENTATION_CONTEXT(3) 
GLOBAL_UNCERTAINTY_ASSIGNED_CONTEXT((#3039)) 
GLOBAL_UNIT_ASSIGNED_CONTEXT((#3036,#3037,#3038)) REPRESENTATION_CONTEXT
('Context #1','3D Context with UNIT and UNCERTAINTY') );
#3036 = ( LENGTH_UNIT() NAMED_UNIT(*) SI_UNIT(.MILLI.,.METRE.) );
#3037 = ( NAMED_UNIT(*) PLANE_ANGLE_UNIT() SI_UNIT($,.RADIAN.) );
#3038 = ( NAMED_UNIT(*) SI_UNIT($,.STERADIAN.) SOLID_ANGLE_UNIT() );
#3039 = UNCERTAINTY_MEASURE_WITH_UNIT(LENGTH_MEASURE(1.E-07),#3036,
  'distance_accuracy_value','confusion accuracy');
#3040 = PRODUCT_RELATED_PRODUCT_CATEGORY('part',$,(#7));
ENDSEC;
END-ISO-10303-21;
