ISO-10303-21;
HEADER;
FILE_DESCRIPTION(('FreeCAD Model'),'2;1');
FILE_NAME('Open CASCADE Shape Model','2026-09-25T00:30:21',('FreeCAD'),(
    'FreeCAD'),'Open CASCADE STEP processor 7.8','FreeCAD','Unknown');
FILE_SCHEMA(('AUTOMOTIVE_DESIGN { 1 0 10303 214 1 1 1 1 }'));
ENDSEC;
DATA;
#1 = APPLICATION_PROTOCOL_DEFINITION('international standard',
  'automotive_design',2000,#2);
#2 = APPLICATION_CONTEXT(
  'core data for automotive mechanical design processes');
#3 = SHAPE_DEFINITION_REPRESENTATION(#4,#10);
#4 = PRODUCT_DEFINITION_SHAPE('','',#5);
#5 = PRODUCT_DEFINITION('design','',#6,#9);
#6 = PRODUCT_DEFINITION_FORMATION('','',#7);
#7 = PRODUCT('Open CASCADE STEP translator 7.8 2',
  'Open CASCADE STEP translator 7.8 2','',(#8));
#8 = PRODUCT_CONTEXT('',#2,'mechanical');
#9 = PRODUCT_DEFINITION_CONTEXT('part definition',#2,'design');
#10 = ADVANCED_BREP_SHAPE_REPRESENTATION('',(#11,#15),#5351);
#11 = AXIS2_PLACEMENT_3D('',#12,#13,#14);
#12 = CARTESIAN_POINT('',(0.,0.,0.));
#13 = DIRECTION('',(0.,0.,1.));
#14 = DIRECTION('',(1.,0.,-0.));
#15 = MANIFOLD_SOLID_BREP('',#16);
#16 = CLOSED_SHELL('',(#17,#57,#983,#1007,#1120,#1137,#1149,#1180,#1204,
    #1228,#1245,#1276,#1300,#1324,#1341,#1372,#1396,#1420,#1437,#1468,
    #1492,#1516,#1533,#1564,#1588,#1612,#1629,#1660,#1684,#1708,#1725,
    #1756,#1780,#1804,#1821,#1852,#1876,#1900,#1917,#1948,#1972,#1996,
    #2013,#2044,#2068,#2092,#2109,#2140,#2164,#2188,#2205,#2236,#2260,
    #2284,#2301,#2326,#2357,#2381,#2405,#2422,#2453,#2477,#2501,#2518,
    #2549,#2573,#2597,#2614,#2645,#2669,#2693,#2710,#2741,#2765,#2789,
    #2806,#2837,#2861,#2885,#2902,#2933,#2957,#2981,#2998,#3029,#3053,
    #3077,#3094,#3125,#3149,#3173,#3190,#3221,#3245,#3269,#3286,#3317,
    #3341,#3365,#3382,#3413,#3437,#3461,#3478,#3509,#3533,#3557,#3574,
    #3605,#3629,#3653,#3670,#3695,#3726,#3750,#3774,#3791,#3816,#3841,
    #3866,#3891,#3903,#3921,#3933,#3945,#3957,#3969,#3981,#3993,#4005,
    #4017,#4029,#4041,#4053,#4065,#4077,#4089,#4101,#4113,#4125,#4137,
    #4149,#4161,#4173,#4185,#4197,#4209,#4221,#4246,#4271,#4296,#4321,
    #4346,#4371,#4396,#4421,#4446,#4471,#4496,#4521,#4546,#4571,#4630,
    #4689,#4709,#4729,#4761,#4793,#4828,#4853,#4885,#4917,#4952,#4977,
    #5002,#5027,#5044,#5056,#5081,#5098,#5110,#5135,#5155,#5175,#5195,
    #5215,#5240,#5265,#5290,#5315,#5324,#5333,#5342));
#17 = ADVANCED_FACE('',(#18),#52,.F.);
#18 = FACE_BOUND('',#19,.F.);
#19 = EDGE_LOOP('',(#20,#30,#38,#46));
#20 = ORIENTED_EDGE('',*,*,#21,.F.);
#21 = EDGE_CURVE('',#22,#24,#26,.T.);
#22 = VERTEX_POINT('',#23);
#23 = CARTESIAN_POINT('',(64.66,0.,0.));
#24 = VERTEX_POINT('',#25);
#25 = CARTESIAN_POINT('',(64.66,0.,200.24));
#26 = LINE('',#27,#28);
#27 = CARTESIAN_POINT('',(64.66,0.,0.));
#28 = VECTOR('',#29,1.);
#29 = DIRECTION('',(0.,0.,1.));
#30 = ORIENTED_EDGE('',*,*,#31,.T.);
#31 = EDGE_CURVE('',#22,#32,#34,.T.);
#32 = VERTEX_POINT('',#33);
#33 = CARTESIAN_POINT('',(64.66,3.,0.));
#34 = LINE('',#35,#36);
#35 = CARTESIAN_POINT('',(64.66,0.,0.));
#36 = VECTOR('',#37,1.);
#37 = DIRECTION('',(-0.,1.,0.));
#38 = ORIENTED_EDGE('',*,*,#39,.T.);
#39 = EDGE_CURVE('',#32,#40,#42,.T.);
#40 = VERTEX_POINT('',#41);
#41 = CARTESIAN_POINT('',(64.66,3.,200.24));
#42 = LINE('',#43,#44);
#43 = CARTESIAN_POINT('',(64.66,3.,0.));
#44 = VECTOR('',#45,1.);
#45 = DIRECTION('',(0.,0.,1.));
#46 = ORIENTED_EDGE('',*,*,#47,.F.);
#47 = EDGE_CURVE('',#24,#40,#48,.T.);
#48 = LINE('',#49,#50);
#49 = CARTESIAN_POINT('',(64.66,0.,200.24));
#50 = VECTOR('',#51,1.);
#51 = DIRECTION('',(-0.,1.,0.));
#52 = PLANE('',#53);
#53 = AXIS2_PLACEMENT_3D('',#54,#55,#56);
#54 = CARTESIAN_POINT('',(64.66,0.,0.));
#55 = DIRECTION('',(1.,0.,-0.));
#56 = DIRECTION('',(0.,0.,1.));
#57 = ADVANCED_FACE('',(#58,#83,#117,#151,#185,#219,#253,#287,#321,#355,
    #389,#423,#457,#491,#502,#536,#570,#604,#638,#672,#706,#740,#774,
    #808,#842,#876,#910,#944),#978,.F.);
#58 = FACE_BOUND('',#59,.F.);
#59 = EDGE_LOOP('',(#60,#68,#69,#77));
#60 = ORIENTED_EDGE('',*,*,#61,.F.);
#61 = EDGE_CURVE('',#22,#62,#64,.T.);
#62 = VERTEX_POINT('',#63);
#63 = CARTESIAN_POINT('',(154.66,0.,0.));
#64 = LINE('',#65,#66);
#65 = CARTESIAN_POINT('',(64.66,0.,0.));
#66 = VECTOR('',#67,1.);
#67 = DIRECTION('',(1.,0.,-0.));
#68 = ORIENTED_EDGE('',*,*,#21,.T.);
#69 = ORIENTED_EDGE('',*,*,#70,.T.);
#70 = EDGE_CURVE('',#24,#71,#73,.T.);
#71 = VERTEX_POINT('',#72);
#72 = CARTESIAN_POINT('',(154.66,0.,200.24));
#73 = LINE('',#74,#75);
#74 = CARTESIAN_POINT('',(64.66,0.,200.24));
#75 = VECTOR('',#76,1.);
#76 = DIRECTION('',(1.,0.,-0.));
#77 = ORIENTED_EDGE('',*,*,#78,.F.);
#78 = EDGE_CURVE('',#62,#71,#79,.T.);
#79 = LINE('',#80,#81);
#80 = CARTESIAN_POINT('',(154.66,0.,0.));
#81 = VECTOR('',#82,1.);
#82 = DIRECTION('',(0.,0.,1.));
#83 = FACE_BOUND('',#84,.F.);
#84 = EDGE_LOOP('',(#85,#95,#103,#111));
#85 = ORIENTED_EDGE('',*,*,#86,.F.);
#86 = EDGE_CURVE('',#87,#89,#91,.T.);
#87 = VERTEX_POINT('',#88);
#88 = CARTESIAN_POINT('',(102.66,0.,55.04));
#89 = VERTEX_POINT('',#90);
#90 = CARTESIAN_POINT('',(116.66,0.,55.04));
#91 = LINE('',#92,#93);
#92 = CARTESIAN_POINT('',(83.66,0.,55.04));
#93 = VECTOR('',#94,1.);
#94 = DIRECTION('',(1.,0.,-0.));
#95 = ORIENTED_EDGE('',*,*,#96,.T.);
#96 = EDGE_CURVE('',#87,#97,#99,.T.);
#97 = VERTEX_POINT('',#98);
#98 = CARTESIAN_POINT('',(102.66,0.,49.04));
#99 = LINE('',#100,#101);
#100 = CARTESIAN_POINT('',(102.66,0.,24.52));
#101 = VECTOR('',#102,1.);
#102 = DIRECTION('',(-0.,0.,-1.));
#103 = ORIENTED_EDGE('',*,*,#104,.T.);
#104 = EDGE_CURVE('',#97,#105,#107,.T.);
#105 = VERTEX_POINT('',#106);
#106 = CARTESIAN_POINT('',(116.66,0.,49.04));
#107 = LINE('',#108,#109);
#108 = CARTESIAN_POINT('',(83.66,0.,49.04));
#109 = VECTOR('',#110,1.);
#110 = DIRECTION('',(1.,0.,-0.));
#111 = ORIENTED_EDGE('',*,*,#112,.F.);
#112 = EDGE_CURVE('',#89,#105,#113,.T.);
#113 = LINE('',#114,#115);
#114 = CARTESIAN_POINT('',(116.66,0.,24.52));
#115 = VECTOR('',#116,1.);
#116 = DIRECTION('',(-0.,0.,-1.));
#117 = FACE_BOUND('',#118,.F.);
#118 = EDGE_LOOP('',(#119,#129,#137,#145));
#119 = ORIENTED_EDGE('',*,*,#120,.F.);
#120 = EDGE_CURVE('',#121,#123,#125,.T.);
#121 = VERTEX_POINT('',#122);
#122 = CARTESIAN_POINT('',(100.01,0.,78.24));
#123 = VERTEX_POINT('',#124);
#124 = CARTESIAN_POINT('',(119.31,0.,78.24));
#125 = LINE('',#126,#127);
#126 = CARTESIAN_POINT('',(82.335,0.,78.24));
#127 = VECTOR('',#128,1.);
#128 = DIRECTION('',(1.,0.,-0.));
#129 = ORIENTED_EDGE('',*,*,#130,.T.);
#130 = EDGE_CURVE('',#121,#131,#133,.T.);
#131 = VERTEX_POINT('',#132);
#132 = CARTESIAN_POINT('',(100.01,0.,65.04));
#133 = LINE('',#134,#135);
#134 = CARTESIAN_POINT('',(100.01,0.,32.52));
#135 = VECTOR('',#136,1.);
#136 = DIRECTION('',(-0.,0.,-1.));
#137 = ORIENTED_EDGE('',*,*,#138,.T.);
#138 = EDGE_CURVE('',#131,#139,#141,.T.);
#139 = VERTEX_POINT('',#140);
#140 = CARTESIAN_POINT('',(119.31,0.,65.04));
#141 = LINE('',#142,#143);
#142 = CARTESIAN_POINT('',(82.335,0.,65.04));
#143 = VECTOR('',#144,1.);
#144 = DIRECTION('',(1.,0.,-0.));
#145 = ORIENTED_EDGE('',*,*,#146,.F.);
#146 = EDGE_CURVE('',#123,#139,#147,.T.);
#147 = LINE('',#148,#149);
#148 = CARTESIAN_POINT('',(119.31,0.,32.52));
#149 = VECTOR('',#150,1.);
#150 = DIRECTION('',(-0.,0.,-1.));
#151 = FACE_BOUND('',#152,.F.);
#152 = EDGE_LOOP('',(#153,#163,#171,#179));
#153 = ORIENTED_EDGE('',*,*,#154,.F.);
#154 = EDGE_CURVE('',#155,#157,#159,.T.);
#155 = VERTEX_POINT('',#156);
#156 = CARTESIAN_POINT('',(96.593012701892,0.,100.60731409782));
#157 = VERTEX_POINT('',#158);
#158 = CARTESIAN_POINT('',(94.343012701892,0.,96.71019978079));
#159 = LINE('',#160,#161);
#160 = CARTESIAN_POINT('',(70.819263660348,1.110223024625E-17,
    55.965871256335));
#161 = VECTOR('',#162,1.);
#162 = DIRECTION('',(-0.5,0.,-0.866025403784));
#163 = ORIENTED_EDGE('',*,*,#164,.T.);
#164 = EDGE_CURVE('',#155,#165,#167,.T.);
#165 = VERTEX_POINT('',#166);
#166 = CARTESIAN_POINT('',(95.726987298108,0.,101.10731409782));
#167 = LINE('',#168,#169);
#168 = CARTESIAN_POINT('',(105.96724269059,0.,95.195099890395));
#169 = VECTOR('',#170,1.);
#170 = DIRECTION('',(-0.866025403784,-0.,0.5));
#171 = ORIENTED_EDGE('',*,*,#172,.T.);
#172 = EDGE_CURVE('',#165,#173,#175,.T.);
#173 = VERTEX_POINT('',#174);
#174 = CARTESIAN_POINT('',(93.476987298108,0.,97.21019978079));
#175 = LINE('',#176,#177);
#176 = CARTESIAN_POINT('',(69.953238256563,1.110223024625E-17,
    56.465871256335));
#177 = VECTOR('',#178,1.);
#178 = DIRECTION('',(-0.5,0.,-0.866025403784));
#179 = ORIENTED_EDGE('',*,*,#180,.F.);
#180 = EDGE_CURVE('',#157,#173,#181,.T.);
#181 = LINE('',#182,#183);
#182 = CARTESIAN_POINT('',(103.71724269059,0.,91.297985573365));
#183 = VECTOR('',#184,1.);
#184 = DIRECTION('',(-0.866025403784,-0.,0.5));
#185 = FACE_BOUND('',#186,.F.);
#186 = EDGE_LOOP('',(#187,#197,#205,#213));
#187 = ORIENTED_EDGE('',*,*,#188,.F.);
#188 = EDGE_CURVE('',#189,#191,#193,.T.);
#189 = VERTEX_POINT('',#190);
#190 = CARTESIAN_POINT('',(103.15484869537,0.,98.030593167644));
#191 = VERTEX_POINT('',#192);
#192 = CARTESIAN_POINT('',(101.99016299241,0.,93.683926949343));
#193 = LINE('',#194,#195);
#194 = CARTESIAN_POINT('',(89.611691596835,0.,47.486842781002));
#195 = VECTOR('',#196,1.);
#196 = DIRECTION('',(-0.258819045103,0.,-0.965925826289));
#197 = ORIENTED_EDGE('',*,*,#198,.T.);
#198 = EDGE_CURVE('',#189,#199,#201,.T.);
#199 = VERTEX_POINT('',#200);
#200 = CARTESIAN_POINT('',(102.18892286908,0.,98.289412212746));
#201 = LINE('',#202,#203);
#202 = CARTESIAN_POINT('',(96.967618533085,0.,99.688456493015));
#203 = VECTOR('',#204,1.);
#204 = DIRECTION('',(-0.965925826289,-0.,0.258819045103));
#205 = ORIENTED_EDGE('',*,*,#206,.T.);
#206 = EDGE_CURVE('',#199,#207,#209,.T.);
#207 = VERTEX_POINT('',#208);
#208 = CARTESIAN_POINT('',(101.02423716612,0.,93.942745994446));
#209 = LINE('',#210,#211);
#210 = CARTESIAN_POINT('',(88.645765770546,0.,47.745661826104));
#211 = VECTOR('',#212,1.);
#212 = DIRECTION('',(-0.258819045103,0.,-0.965925826289));
#213 = ORIENTED_EDGE('',*,*,#214,.F.);
#214 = EDGE_CURVE('',#191,#207,#215,.T.);
#215 = LINE('',#216,#217);
#216 = CARTESIAN_POINT('',(95.802932830123,0.,95.341790274715));
#217 = VECTOR('',#218,1.);
#218 = DIRECTION('',(-0.965925826289,-0.,0.258819045103));
#219 = FACE_BOUND('',#220,.F.);
#220 = EDGE_LOOP('',(#221,#231,#239,#247));
#221 = ORIENTED_EDGE('',*,*,#222,.F.);
#222 = EDGE_CURVE('',#223,#225,#227,.T.);
#223 = VERTEX_POINT('',#224);
#224 = CARTESIAN_POINT('',(110.16,0.,97.24));
#225 = VERTEX_POINT('',#226);
#226 = CARTESIAN_POINT('',(110.16,0.,92.74));
#227 = LINE('',#228,#229);
#228 = CARTESIAN_POINT('',(110.16,0.,48.62));
#229 = VECTOR('',#230,1.);
#230 = DIRECTION('',(2.22044604925E-16,0.,-1.));
#231 = ORIENTED_EDGE('',*,*,#232,.T.);
#232 = EDGE_CURVE('',#223,#233,#235,.T.);
#233 = VERTEX_POINT('',#234);
#234 = CARTESIAN_POINT('',(109.16,0.,97.24));
#235 = LINE('',#236,#237);
#236 = CARTESIAN_POINT('',(86.91,0.,97.24));
#237 = VECTOR('',#238,1.);
#238 = DIRECTION('',(-1.,0.,-2.22044604925E-16));
#239 = ORIENTED_EDGE('',*,*,#240,.T.);
#240 = EDGE_CURVE('',#233,#241,#243,.T.);
#241 = VERTEX_POINT('',#242);
#242 = CARTESIAN_POINT('',(109.16,0.,92.74));
#243 = LINE('',#244,#245);
#244 = CARTESIAN_POINT('',(109.16,0.,48.62));
#245 = VECTOR('',#246,1.);
#246 = DIRECTION('',(2.22044604925E-16,0.,-1.));
#247 = ORIENTED_EDGE('',*,*,#248,.F.);
#248 = EDGE_CURVE('',#225,#241,#249,.T.);
#249 = LINE('',#250,#251);
#250 = CARTESIAN_POINT('',(86.91,0.,92.74));
#251 = VECTOR('',#252,1.);
#252 = DIRECTION('',(-1.,0.,-2.22044604925E-16));
#253 = FACE_BOUND('',#254,.F.);
#254 = EDGE_LOOP('',(#255,#265,#273,#281));
#255 = ORIENTED_EDGE('',*,*,#256,.F.);
#256 = EDGE_CURVE('',#257,#259,#261,.T.);
#257 = VERTEX_POINT('',#258);
#258 = CARTESIAN_POINT('',(86.52731409782,0.,110.3069872981));
#259 = VERTEX_POINT('',#260);
#260 = CARTESIAN_POINT('',(82.63019978079,0.,108.0569872981));
#261 = LINE('',#262,#263);
#262 = CARTESIAN_POINT('',(54.444908007365,1.110223024625E-17,
    91.784201505533));
#263 = VECTOR('',#264,1.);
#264 = DIRECTION('',(-0.866025403784,0.,-0.5));
#265 = ORIENTED_EDGE('',*,*,#266,.T.);
#266 = EDGE_CURVE('',#257,#267,#269,.T.);
#267 = VERTEX_POINT('',#268);
#268 = CARTESIAN_POINT('',(86.02731409782,0.,111.17301270189));
#269 = LINE('',#270,#271);
#270 = CARTESIAN_POINT('',(107.42606313936,1.110223024625E-17,
    74.109292143521));
#271 = VECTOR('',#272,1.);
#272 = DIRECTION('',(-0.5,-0.,0.866025403784));
#273 = ORIENTED_EDGE('',*,*,#274,.T.);
#274 = EDGE_CURVE('',#267,#275,#277,.T.);
#275 = VERTEX_POINT('',#276);
#276 = CARTESIAN_POINT('',(82.13019978079,0.,108.92301270189));
#277 = LINE('',#278,#279);
#278 = CARTESIAN_POINT('',(53.944908007365,1.110223024625E-17,
    92.650226909317));
#279 = VECTOR('',#280,1.);
#280 = DIRECTION('',(-0.866025403784,0.,-0.5));
#281 = ORIENTED_EDGE('',*,*,#282,.F.);
#282 = EDGE_CURVE('',#259,#275,#283,.T.);
#283 = LINE('',#284,#285);
#284 = CARTESIAN_POINT('',(103.52894882233,1.110223024625E-17,
    71.859292143521));
#285 = VECTOR('',#286,1.);
#286 = DIRECTION('',(-0.5,-0.,0.866025403784));
#287 = FACE_BOUND('',#288,.F.);
#288 = EDGE_LOOP('',(#289,#299,#307,#315));
#289 = ORIENTED_EDGE('',*,*,#290,.F.);
#290 = EDGE_CURVE('',#291,#293,#295,.T.);
#291 = VERTEX_POINT('',#292);
#292 = CARTESIAN_POINT('',(83.709412212746,0.,116.76892286908));
#293 = VERTEX_POINT('',#294);
#294 = CARTESIAN_POINT('',(79.362745994446,0.,115.60423716612));
#295 = LINE('',#296,#297);
#296 = CARTESIAN_POINT('',(60.226625075074,0.,110.47672901951));
#297 = VECTOR('',#298,1.);
#298 = DIRECTION('',(-0.965925826289,0.,-0.258819045103));
#299 = ORIENTED_EDGE('',*,*,#300,.T.);
#300 = EDGE_CURVE('',#291,#301,#303,.T.);
#301 = VERTEX_POINT('',#302);
#302 = CARTESIAN_POINT('',(83.450593167644,0.,117.73484869537));
#303 = LINE('',#304,#305);
#304 = CARTESIAN_POINT('',(97.538083721494,0.,65.15961819726));
#305 = VECTOR('',#306,1.);
#306 = DIRECTION('',(-0.258819045103,-0.,0.965925826289));
#307 = ORIENTED_EDGE('',*,*,#308,.T.);
#308 = EDGE_CURVE('',#301,#309,#311,.T.);
#309 = VERTEX_POINT('',#310);
#310 = CARTESIAN_POINT('',(79.103926949343,0.,116.57016299241));
#311 = LINE('',#312,#313);
#312 = CARTESIAN_POINT('',(59.967806029971,0.,111.4426548458));
#313 = VECTOR('',#314,1.);
#314 = DIRECTION('',(-0.965925826289,0.,-0.258819045103));
#315 = ORIENTED_EDGE('',*,*,#316,.F.);
#316 = EDGE_CURVE('',#293,#309,#317,.T.);
#317 = LINE('',#318,#319);
#318 = CARTESIAN_POINT('',(93.191417503194,0.,63.994932494298));
#319 = VECTOR('',#320,1.);
#320 = DIRECTION('',(-0.258819045103,-0.,0.965925826289));
#321 = FACE_BOUND('',#322,.F.);
#322 = EDGE_LOOP('',(#323,#333,#341,#349));
#323 = ORIENTED_EDGE('',*,*,#324,.F.);
#324 = EDGE_CURVE('',#325,#327,#329,.T.);
#325 = VERTEX_POINT('',#326);
#326 = CARTESIAN_POINT('',(82.66,0.,123.74));
#327 = VERTEX_POINT('',#328);
#328 = CARTESIAN_POINT('',(78.16,0.,123.74));
#329 = LINE('',#330,#331);
#330 = CARTESIAN_POINT('',(73.66,0.,123.74));
#331 = VECTOR('',#332,1.);
#332 = DIRECTION('',(-1.,0.,-1.224646799147E-16));
#333 = ORIENTED_EDGE('',*,*,#334,.T.);
#334 = EDGE_CURVE('',#325,#335,#337,.T.);
#335 = VERTEX_POINT('',#336);
#336 = CARTESIAN_POINT('',(82.66,0.,124.74));
#337 = LINE('',#338,#339);
#338 = CARTESIAN_POINT('',(82.66,0.,62.37));
#339 = VECTOR('',#340,1.);
#340 = DIRECTION('',(-1.224646799147E-16,-0.,1.));
#341 = ORIENTED_EDGE('',*,*,#342,.T.);
#342 = EDGE_CURVE('',#335,#343,#345,.T.);
#343 = VERTEX_POINT('',#344);
#344 = CARTESIAN_POINT('',(78.16,0.,124.74));
#345 = LINE('',#346,#347);
#346 = CARTESIAN_POINT('',(73.66,0.,124.74));
#347 = VECTOR('',#348,1.);
#348 = DIRECTION('',(-1.,0.,-1.224646799147E-16));
#349 = ORIENTED_EDGE('',*,*,#350,.F.);
#350 = EDGE_CURVE('',#327,#343,#351,.T.);
#351 = LINE('',#352,#353);
#352 = CARTESIAN_POINT('',(78.16,0.,62.37));
#353 = VECTOR('',#354,1.);
#354 = DIRECTION('',(-1.224646799147E-16,-0.,1.));
#355 = FACE_BOUND('',#356,.F.);
#356 = EDGE_LOOP('',(#357,#367,#375,#383));
#357 = ORIENTED_EDGE('',*,*,#358,.F.);
#358 = EDGE_CURVE('',#359,#361,#363,.T.);
#359 = VERTEX_POINT('',#360);
#360 = CARTESIAN_POINT('',(90.921670298556,0.,104.79456351737));
#361 = VERTEX_POINT('',#362);
#362 = CARTESIAN_POINT('',(87.739689783217,0.,101.61258300203));
#363 = LINE('',#364,#365);
#364 = CARTESIAN_POINT('',(58.157611844575,1.110223024625E-17,
    72.030505063388));
#365 = VECTOR('',#366,1.);
#366 = DIRECTION('',(-0.707106781187,0.,-0.707106781187));
#367 = ORIENTED_EDGE('',*,*,#368,.T.);
#368 = EDGE_CURVE('',#359,#369,#371,.T.);
#369 = VERTEX_POINT('',#370);
#370 = CARTESIAN_POINT('',(90.21456351737,0.,105.50167029855));
#371 = LINE('',#372,#373);
#372 = CARTESIAN_POINT('',(110.20134021266,1.110223024625E-17,
    85.51489360326));
#373 = VECTOR('',#374,1.);
#374 = DIRECTION('',(-0.707106781187,-0.,0.707106781187));
#375 = ORIENTED_EDGE('',*,*,#376,.T.);
#376 = EDGE_CURVE('',#369,#377,#379,.T.);
#377 = VERTEX_POINT('',#378);
#378 = CARTESIAN_POINT('',(87.03258300203,0.,102.31968978321));
#379 = LINE('',#380,#381);
#380 = CARTESIAN_POINT('',(57.450505063388,1.110223024625E-17,
    72.737611844575));
#381 = VECTOR('',#382,1.);
#382 = DIRECTION('',(-0.707106781187,0.,-0.707106781187));
#383 = ORIENTED_EDGE('',*,*,#384,.F.);
#384 = EDGE_CURVE('',#361,#377,#385,.T.);
#385 = LINE('',#386,#387);
#386 = CARTESIAN_POINT('',(107.01935969732,1.110223024625E-17,
    82.33291308792));
#387 = VECTOR('',#388,1.);
#388 = DIRECTION('',(-0.707106781187,-0.,0.707106781187));
#389 = FACE_BOUND('',#390,.F.);
#390 = EDGE_LOOP('',(#391,#401,#409,#417));
#391 = ORIENTED_EDGE('',*,*,#392,.F.);
#392 = EDGE_CURVE('',#393,#395,#397,.T.);
#393 = VERTEX_POINT('',#394);
#394 = CARTESIAN_POINT('',(83.450593167644,0.,130.74515130462));
#395 = VERTEX_POINT('',#396);
#396 = CARTESIAN_POINT('',(79.103926949343,0.,131.90983700758));
#397 = LINE('',#398,#399);
#398 = CARTESIAN_POINT('',(91.027806029971,0.,128.71484323728));
#399 = VECTOR('',#400,1.);
#400 = DIRECTION('',(-0.965925826289,-0.,0.258819045103));
#401 = ORIENTED_EDGE('',*,*,#402,.T.);
#402 = EDGE_CURVE('',#393,#403,#405,.T.);
#403 = VERTEX_POINT('',#404);
#404 = CARTESIAN_POINT('',(83.709412212746,0.,131.71107713091));
#405 = LINE('',#406,#407);
#406 = CARTESIAN_POINT('',(66.607493244046,1.110223024625E-17,
    67.885846632796));
#407 = VECTOR('',#408,1.);
#408 = DIRECTION('',(0.258819045103,0.,0.965925826289));
#409 = ORIENTED_EDGE('',*,*,#410,.T.);
#410 = EDGE_CURVE('',#403,#411,#413,.T.);
#411 = VERTEX_POINT('',#412);
#412 = CARTESIAN_POINT('',(79.362745994446,0.,132.87576283387));
#413 = LINE('',#414,#415);
#414 = CARTESIAN_POINT('',(91.286625075074,0.,129.68076906357));
#415 = VECTOR('',#416,1.);
#416 = DIRECTION('',(-0.965925826289,-0.,0.258819045103));
#417 = ORIENTED_EDGE('',*,*,#418,.F.);
#418 = EDGE_CURVE('',#395,#411,#419,.T.);
#419 = LINE('',#420,#421);
#420 = CARTESIAN_POINT('',(62.260827025745,1.110223024625E-17,
    69.050532335757));
#421 = VECTOR('',#422,1.);
#422 = DIRECTION('',(0.258819045103,0.,0.965925826289));
#423 = FACE_BOUND('',#424,.F.);
#424 = EDGE_LOOP('',(#425,#435,#443,#451));
#425 = ORIENTED_EDGE('',*,*,#426,.F.);
#426 = EDGE_CURVE('',#427,#429,#431,.T.);
#427 = VERTEX_POINT('',#428);
#428 = CARTESIAN_POINT('',(86.02731409782,0.,137.3069872981));
#429 = VERTEX_POINT('',#430);
#430 = CARTESIAN_POINT('',(82.13019978079,0.,139.5569872981));
#431 = LINE('',#432,#433);
#432 = CARTESIAN_POINT('',(107.74240609045,0.,124.76977309068));
#433 = VECTOR('',#434,1.);
#434 = DIRECTION('',(-0.866025403784,-0.,0.5));
#435 = ORIENTED_EDGE('',*,*,#436,.T.);
#436 = EDGE_CURVE('',#427,#437,#439,.T.);
#437 = VERTEX_POINT('',#438);
#438 = CARTESIAN_POINT('',(86.52731409782,0.,138.17301270189));
#439 = LINE('',#440,#441);
#440 = CARTESIAN_POINT('',(53.878565056275,0.,81.623720558371));
#441 = VECTOR('',#442,1.);
#442 = DIRECTION('',(0.5,0.,0.866025403784));
#443 = ORIENTED_EDGE('',*,*,#444,.T.);
#444 = EDGE_CURVE('',#437,#445,#447,.T.);
#445 = VERTEX_POINT('',#446);
#446 = CARTESIAN_POINT('',(82.63019978079,0.,140.42301270189));
#447 = LINE('',#448,#449);
#448 = CARTESIAN_POINT('',(108.24240609045,0.,125.63579849446));
#449 = VECTOR('',#450,1.);
#450 = DIRECTION('',(-0.866025403784,-0.,0.5));
#451 = ORIENTED_EDGE('',*,*,#452,.F.);
#452 = EDGE_CURVE('',#429,#445,#453,.T.);
#453 = LINE('',#454,#455);
#454 = CARTESIAN_POINT('',(49.981450739246,0.,83.873720558371));
#455 = VECTOR('',#456,1.);
#456 = DIRECTION('',(0.5,0.,0.866025403784));
#457 = FACE_BOUND('',#458,.F.);
#458 = EDGE_LOOP('',(#459,#469,#477,#485));
#459 = ORIENTED_EDGE('',*,*,#460,.F.);
#460 = EDGE_CURVE('',#461,#463,#465,.T.);
#461 = VERTEX_POINT('',#462);
#462 = CARTESIAN_POINT('',(90.21456351737,0.,142.97832970144));
#463 = VERTEX_POINT('',#464);
#464 = CARTESIAN_POINT('',(87.03258300203,0.,146.16031021678));
#465 = LINE('',#466,#467);
#466 = CARTESIAN_POINT('',(119.57050506338,1.110223024625E-17,
    113.62238815542));
#467 = VECTOR('',#468,1.);
#468 = DIRECTION('',(-0.707106781187,-0.,0.707106781187));
#469 = ORIENTED_EDGE('',*,*,#470,.T.);
#470 = EDGE_CURVE('',#461,#471,#473,.T.);
#471 = VERTEX_POINT('',#472);
#472 = CARTESIAN_POINT('',(90.921670298556,0.,143.68543648263));
#473 = LINE('',#474,#475);
#474 = CARTESIAN_POINT('',(48.43489360326,1.110223024625E-17,
    101.19865978733));
#475 = VECTOR('',#476,1.);
#476 = DIRECTION('',(0.707106781187,0.,0.707106781187));
#477 = ORIENTED_EDGE('',*,*,#478,.T.);
#478 = EDGE_CURVE('',#471,#479,#481,.T.);
#479 = VERTEX_POINT('',#480);
#480 = CARTESIAN_POINT('',(87.739689783217,0.,146.86741699796));
#481 = LINE('',#482,#483);
#482 = CARTESIAN_POINT('',(120.27761184457,1.110223024625E-17,
    114.32949493661));
#483 = VECTOR('',#484,1.);
#484 = DIRECTION('',(-0.707106781187,-0.,0.707106781187));
#485 = ORIENTED_EDGE('',*,*,#486,.F.);
#486 = EDGE_CURVE('',#463,#479,#487,.T.);
#487 = LINE('',#488,#489);
#488 = CARTESIAN_POINT('',(45.25291308792,1.110223024625E-17,
    104.38064030267));
#489 = VECTOR('',#490,1.);
#490 = DIRECTION('',(0.707106781187,0.,0.707106781187));
#491 = FACE_BOUND('',#492,.F.);
#492 = EDGE_LOOP('',(#493));
#493 = ORIENTED_EDGE('',*,*,#494,.F.);
#494 = EDGE_CURVE('',#495,#495,#497,.T.);
#495 = VERTEX_POINT('',#496);
#496 = CARTESIAN_POINT('',(109.66,0.,127.89));
#497 = CIRCLE('',#498,3.65);
#498 = AXIS2_PLACEMENT_3D('',#499,#500,#501);
#499 = CARTESIAN_POINT('',(109.66,0.,124.24));
#500 = DIRECTION('',(0.,1.,0.));
#501 = DIRECTION('',(0.,-0.,1.));
#502 = FACE_BOUND('',#503,.F.);
#503 = EDGE_LOOP('',(#504,#514,#522,#530));
#504 = ORIENTED_EDGE('',*,*,#505,.F.);
#505 = EDGE_CURVE('',#506,#508,#510,.T.);
#506 = VERTEX_POINT('',#507);
#507 = CARTESIAN_POINT('',(95.726987298108,0.,147.37268590218));
#508 = VERTEX_POINT('',#509);
#509 = CARTESIAN_POINT('',(93.476987298108,0.,151.26980021921));
#510 = LINE('',#511,#512);
#511 = CARTESIAN_POINT('',(123.75073633965,1.110223024625E-17,
    98.834128743665));
#512 = VECTOR('',#513,1.);
#513 = DIRECTION('',(-0.5,-0.,0.866025403784));
#514 = ORIENTED_EDGE('',*,*,#515,.T.);
#515 = EDGE_CURVE('',#506,#516,#518,.T.);
#516 = VERTEX_POINT('',#517);
#517 = CARTESIAN_POINT('',(96.593012701892,0.,147.87268590218));
#518 = LINE('',#519,#520);
#519 = CARTESIAN_POINT('',(52.602757309401,1.110223024625E-17,
    122.4749001096));
#520 = VECTOR('',#521,1.);
#521 = DIRECTION('',(0.866025403784,0.,0.5));
#522 = ORIENTED_EDGE('',*,*,#523,.T.);
#523 = EDGE_CURVE('',#516,#524,#526,.T.);
#524 = VERTEX_POINT('',#525);
#525 = CARTESIAN_POINT('',(94.343012701892,0.,151.76980021921));
#526 = LINE('',#527,#528);
#527 = CARTESIAN_POINT('',(124.61676174343,1.110223024625E-17,
    99.334128743665));
#528 = VECTOR('',#529,1.);
#529 = DIRECTION('',(-0.5,-0.,0.866025403784));
#530 = ORIENTED_EDGE('',*,*,#531,.F.);
#531 = EDGE_CURVE('',#508,#524,#532,.T.);
#532 = LINE('',#533,#534);
#533 = CARTESIAN_POINT('',(50.352757309401,1.110223024625E-17,
    126.37201442663));
#534 = VECTOR('',#535,1.);
#535 = DIRECTION('',(0.866025403784,0.,0.5));
#536 = FACE_BOUND('',#537,.F.);
#537 = EDGE_LOOP('',(#538,#548,#556,#564));
#538 = ORIENTED_EDGE('',*,*,#539,.F.);
#539 = EDGE_CURVE('',#540,#542,#544,.T.);
#540 = VERTEX_POINT('',#541);
#541 = CARTESIAN_POINT('',(102.18892286908,0.,150.19058778725));
#542 = VERTEX_POINT('',#543);
#543 = CARTESIAN_POINT('',(101.02423716612,0.,154.53725400555));
#544 = LINE('',#545,#546);
#545 = CARTESIAN_POINT('',(119.70576577054,0.,84.816840090806));
#546 = VECTOR('',#547,1.);
#547 = DIRECTION('',(-0.258819045103,-0.,0.965925826289));
#548 = ORIENTED_EDGE('',*,*,#549,.T.);
#549 = EDGE_CURVE('',#540,#550,#552,.T.);
#550 = VERTEX_POINT('',#551);
#551 = CARTESIAN_POINT('',(103.15484869537,0.,150.44940683235));
#552 = LINE('',#553,#554);
#553 = CARTESIAN_POINT('',(66.390581446229,0.,140.59845111262));
#554 = VECTOR('',#555,1.);
#555 = DIRECTION('',(0.965925826289,0.,0.258819045103));
#556 = ORIENTED_EDGE('',*,*,#557,.T.);
#557 = EDGE_CURVE('',#550,#558,#560,.T.);
#558 = VERTEX_POINT('',#559);
#559 = CARTESIAN_POINT('',(101.99016299241,0.,154.79607305065));
#560 = LINE('',#561,#562);
#561 = CARTESIAN_POINT('',(120.67169159683,0.,85.075659135909));
#562 = VECTOR('',#563,1.);
#563 = DIRECTION('',(-0.258819045103,-0.,0.965925826289));
#564 = ORIENTED_EDGE('',*,*,#565,.F.);
#565 = EDGE_CURVE('',#542,#558,#566,.T.);
#566 = LINE('',#567,#568);
#567 = CARTESIAN_POINT('',(65.225895743268,0.,144.94511733092));
#568 = VECTOR('',#569,1.);
#569 = DIRECTION('',(0.965925826289,0.,0.258819045103));
#570 = FACE_BOUND('',#571,.F.);
#571 = EDGE_LOOP('',(#572,#582,#590,#598));
#572 = ORIENTED_EDGE('',*,*,#573,.F.);
#573 = EDGE_CURVE('',#574,#576,#578,.T.);
#574 = VERTEX_POINT('',#575);
#575 = CARTESIAN_POINT('',(109.16,0.,151.24));
#576 = VERTEX_POINT('',#577);
#577 = CARTESIAN_POINT('',(109.16,0.,155.74));
#578 = LINE('',#579,#580);
#579 = CARTESIAN_POINT('',(109.16,0.,75.62));
#580 = VECTOR('',#581,1.);
#581 = DIRECTION('',(-2.22044604925E-16,-0.,1.));
#582 = ORIENTED_EDGE('',*,*,#583,.T.);
#583 = EDGE_CURVE('',#574,#584,#586,.T.);
#584 = VERTEX_POINT('',#585);
#585 = CARTESIAN_POINT('',(110.16,0.,151.24));
#586 = LINE('',#587,#588);
#587 = CARTESIAN_POINT('',(87.41,0.,151.24));
#588 = VECTOR('',#589,1.);
#589 = DIRECTION('',(1.,0.,2.22044604925E-16));
#590 = ORIENTED_EDGE('',*,*,#591,.T.);
#591 = EDGE_CURVE('',#584,#592,#594,.T.);
#592 = VERTEX_POINT('',#593);
#593 = CARTESIAN_POINT('',(110.16,0.,155.74));
#594 = LINE('',#595,#596);
#595 = CARTESIAN_POINT('',(110.16,0.,75.62));
#596 = VECTOR('',#597,1.);
#597 = DIRECTION('',(-2.22044604925E-16,-0.,1.));
#598 = ORIENTED_EDGE('',*,*,#599,.F.);
#599 = EDGE_CURVE('',#576,#592,#600,.T.);
#600 = LINE('',#601,#602);
#601 = CARTESIAN_POINT('',(87.41,0.,155.74));
#602 = VECTOR('',#603,1.);
#603 = DIRECTION('',(1.,0.,2.22044604925E-16));
#604 = FACE_BOUND('',#605,.F.);
#605 = EDGE_LOOP('',(#606,#616,#624,#632));
#606 = ORIENTED_EDGE('',*,*,#607,.F.);
#607 = EDGE_CURVE('',#608,#610,#612,.T.);
#608 = VERTEX_POINT('',#609);
#609 = CARTESIAN_POINT('',(117.13107713091,0.,98.289412212746));
#610 = VERTEX_POINT('',#611);
#611 = CARTESIAN_POINT('',(118.29576283387,0.,93.942745994446));
#612 = LINE('',#613,#614);
#613 = CARTESIAN_POINT('',(127.6598058146,0.,58.995661826104));
#614 = VECTOR('',#615,1.);
#615 = DIRECTION('',(0.258819045103,0.,-0.965925826289));
#616 = ORIENTED_EDGE('',*,*,#617,.T.);
#617 = EDGE_CURVE('',#608,#618,#620,.T.);
#618 = VERTEX_POINT('',#619);
#619 = CARTESIAN_POINT('',(116.16515130462,0.,98.030593167644));
#620 = LINE('',#621,#622);
#621 = CARTESIAN_POINT('',(79.883846968621,0.,88.309046970464));
#622 = VECTOR('',#623,1.);
#623 = DIRECTION('',(-0.965925826289,0.,-0.258819045103));
#624 = ORIENTED_EDGE('',*,*,#625,.T.);
#625 = EDGE_CURVE('',#618,#626,#628,.T.);
#626 = VERTEX_POINT('',#627);
#627 = CARTESIAN_POINT('',(117.32983700758,0.,93.683926949343));
#628 = LINE('',#629,#630);
#629 = CARTESIAN_POINT('',(126.69387998831,0.,58.736842781002));
#630 = VECTOR('',#631,1.);
#631 = DIRECTION('',(0.258819045103,0.,-0.965925826289));
#632 = ORIENTED_EDGE('',*,*,#633,.F.);
#633 = EDGE_CURVE('',#610,#626,#634,.T.);
#634 = LINE('',#635,#636);
#635 = CARTESIAN_POINT('',(81.048532671582,0.,83.962380752163));
#636 = VECTOR('',#637,1.);
#637 = DIRECTION('',(-0.965925826289,0.,-0.258819045103));
#638 = FACE_BOUND('',#639,.F.);
#639 = EDGE_LOOP('',(#640,#650,#658,#666));
#640 = ORIENTED_EDGE('',*,*,#641,.F.);
#641 = EDGE_CURVE('',#642,#644,#646,.T.);
#642 = VERTEX_POINT('',#643);
#643 = CARTESIAN_POINT('',(123.59301270189,0.,101.10731409782));
#644 = VERTEX_POINT('',#645);
#645 = CARTESIAN_POINT('',(125.84301270189,0.,97.21019978079));
#646 = LINE('',#647,#648);
#647 = CARTESIAN_POINT('',(138.11676174343,0.,75.951442841485));
#648 = VECTOR('',#649,1.);
#649 = DIRECTION('',(0.5,0.,-0.866025403784));
#650 = ORIENTED_EDGE('',*,*,#651,.T.);
#651 = EDGE_CURVE('',#642,#652,#654,.T.);
#652 = VERTEX_POINT('',#653);
#653 = CARTESIAN_POINT('',(122.7269872981,0.,100.60731409782));
#654 = LINE('',#655,#656);
#655 = CARTESIAN_POINT('',(79.169744607509,0.,75.459528305245));
#656 = VECTOR('',#657,1.);
#657 = DIRECTION('',(-0.866025403784,0.,-0.5));
#658 = ORIENTED_EDGE('',*,*,#659,.T.);
#659 = EDGE_CURVE('',#652,#660,#662,.T.);
#660 = VERTEX_POINT('',#661);
#661 = CARTESIAN_POINT('',(124.9769872981,0.,96.71019978079));
#662 = LINE('',#663,#664);
#663 = CARTESIAN_POINT('',(137.25073633965,0.,75.451442841485));
#664 = VECTOR('',#665,1.);
#665 = DIRECTION('',(0.5,0.,-0.866025403784));
#666 = ORIENTED_EDGE('',*,*,#667,.F.);
#667 = EDGE_CURVE('',#644,#660,#668,.T.);
#668 = LINE('',#669,#670);
#669 = CARTESIAN_POINT('',(81.419744607509,0.,71.562413988215));
#670 = VECTOR('',#671,1.);
#671 = DIRECTION('',(-0.866025403784,0.,-0.5));
#672 = FACE_BOUND('',#673,.F.);
#673 = EDGE_LOOP('',(#674,#684,#692,#700));
#674 = ORIENTED_EDGE('',*,*,#675,.F.);
#675 = EDGE_CURVE('',#676,#678,#680,.T.);
#676 = VERTEX_POINT('',#677);
#677 = CARTESIAN_POINT('',(116.16515130462,0.,150.44940683235));
#678 = VERTEX_POINT('',#679);
#679 = CARTESIAN_POINT('',(117.32983700758,0.,154.79607305065));
#680 = LINE('',#681,#682);
#681 = CARTESIAN_POINT('',(95.633879988314,1.110223024625E-17,
    73.825659135909));
#682 = VECTOR('',#683,1.);
#683 = DIRECTION('',(0.258819045103,0.,0.965925826289));
#684 = ORIENTED_EDGE('',*,*,#685,.T.);
#685 = EDGE_CURVE('',#676,#686,#688,.T.);
#686 = VERTEX_POINT('',#687);
#687 = CARTESIAN_POINT('',(117.13107713091,0.,150.19058778725));
#688 = LINE('',#689,#690);
#689 = CARTESIAN_POINT('',(111.42680988176,1.110223024625E-17,
    151.71904159007));
#690 = VECTOR('',#691,1.);
#691 = DIRECTION('',(0.965925826289,0.,-0.258819045103));
#692 = ORIENTED_EDGE('',*,*,#693,.T.);
#693 = EDGE_CURVE('',#686,#694,#696,.T.);
#694 = VERTEX_POINT('',#695);
#695 = CARTESIAN_POINT('',(118.29576283387,0.,154.53725400555));
#696 = LINE('',#697,#698);
#697 = CARTESIAN_POINT('',(96.599805814603,1.110223024625E-17,
    73.566840090806));
#698 = VECTOR('',#699,1.);
#699 = DIRECTION('',(0.258819045103,0.,0.965925826289));
#700 = ORIENTED_EDGE('',*,*,#701,.F.);
#701 = EDGE_CURVE('',#678,#694,#702,.T.);
#702 = LINE('',#703,#704);
#703 = CARTESIAN_POINT('',(112.59149558472,1.110223024625E-17,
    156.06570780837));
#704 = VECTOR('',#705,1.);
#705 = DIRECTION('',(0.965925826289,0.,-0.258819045103));
#706 = FACE_BOUND('',#707,.F.);
#707 = EDGE_LOOP('',(#708,#718,#726,#734));
#708 = ORIENTED_EDGE('',*,*,#709,.F.);
#709 = EDGE_CURVE('',#710,#712,#714,.T.);
#710 = VERTEX_POINT('',#711);
#711 = CARTESIAN_POINT('',(122.7269872981,0.,147.87268590218));
#712 = VERTEX_POINT('',#713);
#713 = CARTESIAN_POINT('',(124.9769872981,0.,151.76980021921));
#714 = LINE('',#715,#716);
#715 = CARTESIAN_POINT('',(83.453238256563,0.,79.848557158515));
#716 = VECTOR('',#717,1.);
#717 = DIRECTION('',(0.5,0.,0.866025403784));
#718 = ORIENTED_EDGE('',*,*,#719,.T.);
#719 = EDGE_CURVE('',#710,#720,#722,.T.);
#720 = VERTEX_POINT('',#721);
#721 = CARTESIAN_POINT('',(123.59301270189,0.,147.37268590218));
#722 = LINE('',#723,#724);
#723 = CARTESIAN_POINT('',(133.40025539249,0.,141.71047169475));
#724 = VECTOR('',#725,1.);
#725 = DIRECTION('',(0.866025403784,0.,-0.5));
#726 = ORIENTED_EDGE('',*,*,#727,.T.);
#727 = EDGE_CURVE('',#720,#728,#730,.T.);
#728 = VERTEX_POINT('',#729);
#729 = CARTESIAN_POINT('',(125.84301270189,0.,151.26980021921));
#730 = LINE('',#731,#732);
#731 = CARTESIAN_POINT('',(84.319263660348,0.,79.348557158515));
#732 = VECTOR('',#733,1.);
#733 = DIRECTION('',(0.5,0.,0.866025403784));
#734 = ORIENTED_EDGE('',*,*,#735,.F.);
#735 = EDGE_CURVE('',#712,#728,#736,.T.);
#736 = LINE('',#737,#738);
#737 = CARTESIAN_POINT('',(135.65025539249,0.,145.60758601178));
#738 = VECTOR('',#739,1.);
#739 = DIRECTION('',(0.866025403784,0.,-0.5));
#740 = FACE_BOUND('',#741,.F.);
#741 = EDGE_LOOP('',(#742,#752,#760,#768));
#742 = ORIENTED_EDGE('',*,*,#743,.F.);
#743 = EDGE_CURVE('',#744,#746,#748,.T.);
#744 = VERTEX_POINT('',#745);
#745 = CARTESIAN_POINT('',(129.10543648263,0.,105.50167029855));
#746 = VERTEX_POINT('',#747);
#747 = CARTESIAN_POINT('',(132.28741699797,0.,102.31968978321));
#748 = LINE('',#749,#750);
#749 = CARTESIAN_POINT('',(139.36949493661,0.,95.237611844575));
#750 = VECTOR('',#751,1.);
#751 = DIRECTION('',(0.707106781187,0.,-0.707106781187));
#752 = ORIENTED_EDGE('',*,*,#753,.T.);
#753 = EDGE_CURVE('',#744,#754,#756,.T.);
#754 = VERTEX_POINT('',#755);
#755 = CARTESIAN_POINT('',(128.39832970144,0.,104.79456351737));
#756 = LINE('',#757,#758);
#757 = CARTESIAN_POINT('',(86.26510639674,0.,62.661340212667));
#758 = VECTOR('',#759,1.);
#759 = DIRECTION('',(-0.707106781187,0.,-0.707106781187));
#760 = ORIENTED_EDGE('',*,*,#761,.T.);
#761 = EDGE_CURVE('',#754,#762,#764,.T.);
#762 = VERTEX_POINT('',#763);
#763 = CARTESIAN_POINT('',(131.58031021678,0.,101.61258300203));
#764 = LINE('',#765,#766);
#765 = CARTESIAN_POINT('',(138.66238815542,0.,94.530505063388));
#766 = VECTOR('',#767,1.);
#767 = DIRECTION('',(0.707106781187,0.,-0.707106781187));
#768 = ORIENTED_EDGE('',*,*,#769,.F.);
#769 = EDGE_CURVE('',#746,#762,#770,.T.);
#770 = LINE('',#771,#772);
#771 = CARTESIAN_POINT('',(89.44708691208,0.,59.479359697327));
#772 = VECTOR('',#773,1.);
#773 = DIRECTION('',(-0.707106781187,0.,-0.707106781187));
#774 = FACE_BOUND('',#775,.F.);
#775 = EDGE_LOOP('',(#776,#786,#794,#802));
#776 = ORIENTED_EDGE('',*,*,#777,.F.);
#777 = EDGE_CURVE('',#778,#780,#782,.T.);
#778 = VERTEX_POINT('',#779);
#779 = CARTESIAN_POINT('',(133.29268590218,0.,111.17301270189));
#780 = VERTEX_POINT('',#781);
#781 = CARTESIAN_POINT('',(137.18980021921,0.,108.92301270189));
#782 = LINE('',#783,#784);
#783 = CARTESIAN_POINT('',(131.62509199263,0.,112.13579849446));
#784 = VECTOR('',#785,1.);
#785 = DIRECTION('',(0.866025403784,0.,-0.5));
#786 = ORIENTED_EDGE('',*,*,#787,.T.);
#787 = EDGE_CURVE('',#778,#788,#790,.T.);
#788 = VERTEX_POINT('',#789);
#789 = CARTESIAN_POINT('',(132.79268590218,0.,110.3069872981));
#790 = LINE('',#791,#792);
#791 = CARTESIAN_POINT('',(100.39393686063,0.,54.190707856479));
#792 = VECTOR('',#793,1.);
#793 = DIRECTION('',(-0.5,0.,-0.866025403784));
#794 = ORIENTED_EDGE('',*,*,#795,.T.);
#795 = EDGE_CURVE('',#788,#796,#798,.T.);
#796 = VERTEX_POINT('',#797);
#797 = CARTESIAN_POINT('',(136.68980021921,0.,108.0569872981));
#798 = LINE('',#799,#800);
#799 = CARTESIAN_POINT('',(131.12509199263,0.,111.26977309068));
#800 = VECTOR('',#801,1.);
#801 = DIRECTION('',(0.866025403784,0.,-0.5));
#802 = ORIENTED_EDGE('',*,*,#803,.F.);
#803 = EDGE_CURVE('',#780,#796,#804,.T.);
#804 = LINE('',#805,#806);
#805 = CARTESIAN_POINT('',(104.29105117766,0.,51.940707856479));
#806 = VECTOR('',#807,1.);
#807 = DIRECTION('',(-0.5,0.,-0.866025403784));
#808 = FACE_BOUND('',#809,.F.);
#809 = EDGE_LOOP('',(#810,#820,#828,#836));
#810 = ORIENTED_EDGE('',*,*,#811,.F.);
#811 = EDGE_CURVE('',#812,#814,#816,.T.);
#812 = VERTEX_POINT('',#813);
#813 = CARTESIAN_POINT('',(135.86940683235,0.,117.73484869537));
#814 = VERTEX_POINT('',#815);
#815 = CARTESIAN_POINT('',(140.21607305065,0.,116.57016299241));
#816 = LINE('',#817,#818);
#817 = CARTESIAN_POINT('',(117.36662238487,0.,122.6926548458));
#818 = VECTOR('',#819,1.);
#819 = DIRECTION('',(0.965925826289,0.,-0.258819045103));
#820 = ORIENTED_EDGE('',*,*,#821,.T.);
#821 = EDGE_CURVE('',#812,#822,#824,.T.);
#822 = VERTEX_POINT('',#823);
#823 = CARTESIAN_POINT('',(135.61058778725,0.,116.76892286908));
#824 = LINE('',#825,#826);
#825 = CARTESIAN_POINT('',(118.6380783411,0.,53.426655284115));
#826 = VECTOR('',#827,1.);
#827 = DIRECTION('',(-0.258819045103,0.,-0.965925826289));
#828 = ORIENTED_EDGE('',*,*,#829,.T.);
#829 = EDGE_CURVE('',#822,#830,#832,.T.);
#830 = VERTEX_POINT('',#831);
#831 = CARTESIAN_POINT('',(139.95725400555,0.,115.60423716612));
#832 = LINE('',#833,#834);
#833 = CARTESIAN_POINT('',(117.10780333977,0.,121.72672901951));
#834 = VECTOR('',#835,1.);
#835 = DIRECTION('',(0.965925826289,0.,-0.258819045103));
#836 = ORIENTED_EDGE('',*,*,#837,.F.);
#837 = EDGE_CURVE('',#814,#830,#838,.T.);
#838 = LINE('',#839,#840);
#839 = CARTESIAN_POINT('',(122.9847445594,0.,52.261969581154));
#840 = VECTOR('',#841,1.);
#841 = DIRECTION('',(-0.258819045103,0.,-0.965925826289));
#842 = FACE_BOUND('',#843,.F.);
#843 = EDGE_LOOP('',(#844,#854,#862,#870));
#844 = ORIENTED_EDGE('',*,*,#845,.F.);
#845 = EDGE_CURVE('',#846,#848,#850,.T.);
#846 = VERTEX_POINT('',#847);
#847 = CARTESIAN_POINT('',(136.66,0.,124.74));
#848 = VERTEX_POINT('',#849);
#849 = CARTESIAN_POINT('',(141.16,0.,124.74));
#850 = LINE('',#851,#852);
#851 = CARTESIAN_POINT('',(100.66,0.,124.74));
#852 = VECTOR('',#853,1.);
#853 = DIRECTION('',(1.,0.,-0.));
#854 = ORIENTED_EDGE('',*,*,#855,.T.);
#855 = EDGE_CURVE('',#846,#856,#858,.T.);
#856 = VERTEX_POINT('',#857);
#857 = CARTESIAN_POINT('',(136.66,0.,123.74));
#858 = LINE('',#859,#860);
#859 = CARTESIAN_POINT('',(136.66,0.,61.87));
#860 = VECTOR('',#861,1.);
#861 = DIRECTION('',(0.,0.,-1.));
#862 = ORIENTED_EDGE('',*,*,#863,.T.);
#863 = EDGE_CURVE('',#856,#864,#866,.T.);
#864 = VERTEX_POINT('',#865);
#865 = CARTESIAN_POINT('',(141.16,0.,123.74));
#866 = LINE('',#867,#868);
#867 = CARTESIAN_POINT('',(100.66,0.,123.74));
#868 = VECTOR('',#869,1.);
#869 = DIRECTION('',(1.,0.,-0.));
#870 = ORIENTED_EDGE('',*,*,#871,.F.);
#871 = EDGE_CURVE('',#848,#864,#872,.T.);
#872 = LINE('',#873,#874);
#873 = CARTESIAN_POINT('',(141.16,0.,61.87));
#874 = VECTOR('',#875,1.);
#875 = DIRECTION('',(0.,0.,-1.));
#876 = FACE_BOUND('',#877,.F.);
#877 = EDGE_LOOP('',(#878,#888,#896,#904));
#878 = ORIENTED_EDGE('',*,*,#879,.F.);
#879 = EDGE_CURVE('',#880,#882,#884,.T.);
#880 = VERTEX_POINT('',#881);
#881 = CARTESIAN_POINT('',(128.39832970144,0.,143.68543648263));
#882 = VERTEX_POINT('',#883);
#883 = CARTESIAN_POINT('',(131.58031021678,0.,146.86741699797));
#884 = LINE('',#885,#886);
#885 = CARTESIAN_POINT('',(76.542388155425,0.,91.829494936612));
#886 = VECTOR('',#887,1.);
#887 = DIRECTION('',(0.707106781187,0.,0.707106781187));
#888 = ORIENTED_EDGE('',*,*,#889,.T.);
#889 = EDGE_CURVE('',#880,#890,#892,.T.);
#890 = VERTEX_POINT('',#891);
#891 = CARTESIAN_POINT('',(129.10543648263,0.,142.97832970144));
#892 = LINE('',#893,#894);
#893 = CARTESIAN_POINT('',(148.73865978733,0.,123.34510639674));
#894 = VECTOR('',#895,1.);
#895 = DIRECTION('',(0.707106781187,0.,-0.707106781187));
#896 = ORIENTED_EDGE('',*,*,#897,.T.);
#897 = EDGE_CURVE('',#890,#898,#900,.T.);
#898 = VERTEX_POINT('',#899);
#899 = CARTESIAN_POINT('',(132.28741699797,0.,146.16031021678));
#900 = LINE('',#901,#902);
#901 = CARTESIAN_POINT('',(77.249494936612,0.,91.122388155425));
#902 = VECTOR('',#903,1.);
#903 = DIRECTION('',(0.707106781187,0.,0.707106781187));
#904 = ORIENTED_EDGE('',*,*,#905,.F.);
#905 = EDGE_CURVE('',#882,#898,#906,.T.);
#906 = LINE('',#907,#908);
#907 = CARTESIAN_POINT('',(151.92064030267,0.,126.52708691208));
#908 = VECTOR('',#909,1.);
#909 = DIRECTION('',(0.707106781187,0.,-0.707106781187));
#910 = FACE_BOUND('',#911,.F.);
#911 = EDGE_LOOP('',(#912,#922,#930,#938));
#912 = ORIENTED_EDGE('',*,*,#913,.F.);
#913 = EDGE_CURVE('',#914,#916,#918,.T.);
#914 = VERTEX_POINT('',#915);
#915 = CARTESIAN_POINT('',(132.79268590218,0.,138.17301270189));
#916 = VERTEX_POINT('',#917);
#917 = CARTESIAN_POINT('',(136.68980021921,0.,140.42301270189));
#918 = LINE('',#919,#920);
#919 = CARTESIAN_POINT('',(77.327593909545,0.,106.15022690931));
#920 = VECTOR('',#921,1.);
#921 = DIRECTION('',(0.866025403784,0.,0.5));
#922 = ORIENTED_EDGE('',*,*,#923,.T.);
#923 = EDGE_CURVE('',#914,#924,#926,.T.);
#924 = VERTEX_POINT('',#925);
#925 = CARTESIAN_POINT('',(133.29268590218,0.,137.3069872981));
#926 = LINE('',#927,#928);
#927 = CARTESIAN_POINT('',(154.44143494372,0.,100.67627944162));
#928 = VECTOR('',#929,1.);
#929 = DIRECTION('',(0.5,0.,-0.866025403784));
#930 = ORIENTED_EDGE('',*,*,#931,.T.);
#931 = EDGE_CURVE('',#924,#932,#934,.T.);
#932 = VERTEX_POINT('',#933);
#933 = CARTESIAN_POINT('',(137.18980021921,0.,139.5569872981));
#934 = LINE('',#935,#936);
#935 = CARTESIAN_POINT('',(77.827593909545,0.,105.28420150553));
#936 = VECTOR('',#937,1.);
#937 = DIRECTION('',(0.866025403784,0.,0.5));
#938 = ORIENTED_EDGE('',*,*,#939,.F.);
#939 = EDGE_CURVE('',#916,#932,#940,.T.);
#940 = LINE('',#941,#942);
#941 = CARTESIAN_POINT('',(158.33854926075,0.,102.92627944162));
#942 = VECTOR('',#943,1.);
#943 = DIRECTION('',(0.5,0.,-0.866025403784));
#944 = FACE_BOUND('',#945,.F.);
#945 = EDGE_LOOP('',(#946,#956,#964,#972));
#946 = ORIENTED_EDGE('',*,*,#947,.F.);
#947 = EDGE_CURVE('',#948,#950,#952,.T.);
#948 = VERTEX_POINT('',#949);
#949 = CARTESIAN_POINT('',(135.61058778725,0.,131.71107713091));
#950 = VERTEX_POINT('',#951);
#951 = CARTESIAN_POINT('',(139.95725400555,0.,132.87576283387));
#952 = LINE('',#953,#954);
#953 = CARTESIAN_POINT('',(86.047803339776,0.,118.43076906357));
#954 = VECTOR('',#955,1.);
#955 = DIRECTION('',(0.965925826289,0.,0.258819045103));
#956 = ORIENTED_EDGE('',*,*,#957,.T.);
#957 = EDGE_CURVE('',#948,#958,#960,.T.);
#958 = VERTEX_POINT('',#959);
#959 = CARTESIAN_POINT('',(135.86940683235,0.,130.74515130462));
#960 = LINE('',#961,#962);
#961 = CARTESIAN_POINT('',(149.82748786365,0.,78.652883719651));
#962 = VECTOR('',#963,1.);
#963 = DIRECTION('',(0.258819045103,0.,-0.965925826289));
#964 = ORIENTED_EDGE('',*,*,#965,.T.);
#965 = EDGE_CURVE('',#958,#966,#968,.T.);
#966 = VERTEX_POINT('',#967);
#967 = CARTESIAN_POINT('',(140.21607305065,0.,131.90983700758));
#968 = LINE('',#969,#970);
#969 = CARTESIAN_POINT('',(86.306622384879,0.,117.46484323728));
#970 = VECTOR('',#971,1.);
#971 = DIRECTION('',(0.965925826289,0.,0.258819045103));
#972 = ORIENTED_EDGE('',*,*,#973,.F.);
#973 = EDGE_CURVE('',#950,#966,#974,.T.);
#974 = LINE('',#975,#976);
#975 = CARTESIAN_POINT('',(154.17415408195,0.,79.817569422612));
#976 = VECTOR('',#977,1.);
#977 = DIRECTION('',(0.258819045103,0.,-0.965925826289));
#978 = PLANE('',#979);
#979 = AXIS2_PLACEMENT_3D('',#980,#981,#982);
#980 = CARTESIAN_POINT('',(64.66,0.,0.));
#981 = DIRECTION('',(-0.,1.,0.));
#982 = DIRECTION('',(0.,0.,1.));
#983 = ADVANCED_FACE('',(#984),#1002,.T.);
#984 = FACE_BOUND('',#985,.T.);
#985 = EDGE_LOOP('',(#986,#987,#988,#996));
#986 = ORIENTED_EDGE('',*,*,#47,.F.);
#987 = ORIENTED_EDGE('',*,*,#70,.T.);
#988 = ORIENTED_EDGE('',*,*,#989,.T.);
#989 = EDGE_CURVE('',#71,#990,#992,.T.);
#990 = VERTEX_POINT('',#991);
#991 = CARTESIAN_POINT('',(154.66,3.,200.24));
#992 = LINE('',#993,#994);
#993 = CARTESIAN_POINT('',(154.66,0.,200.24));
#994 = VECTOR('',#995,1.);
#995 = DIRECTION('',(-0.,1.,0.));
#996 = ORIENTED_EDGE('',*,*,#997,.F.);
#997 = EDGE_CURVE('',#40,#990,#998,.T.);
#998 = LINE('',#999,#1000);
#999 = CARTESIAN_POINT('',(64.66,3.,200.24));
#1000 = VECTOR('',#1001,1.);
#1001 = DIRECTION('',(1.,0.,-0.));
#1002 = PLANE('',#1003);
#1003 = AXIS2_PLACEMENT_3D('',#1004,#1005,#1006);
#1004 = CARTESIAN_POINT('',(64.66,0.,200.24));
#1005 = DIRECTION('',(0.,0.,1.));
#1006 = DIRECTION('',(1.,0.,-0.));
#1007 = ADVANCED_FACE('',(#1008,#1026,#1037,#1071,#1082,#1093,#1104),
  #1115,.T.);
#1008 = FACE_BOUND('',#1009,.T.);
#1009 = EDGE_LOOP('',(#1010,#1018,#1019,#1020));
#1010 = ORIENTED_EDGE('',*,*,#1011,.F.);
#1011 = EDGE_CURVE('',#32,#1012,#1014,.T.);
#1012 = VERTEX_POINT('',#1013);
#1013 = CARTESIAN_POINT('',(154.66,3.,0.));
#1014 = LINE('',#1015,#1016);
#1015 = CARTESIAN_POINT('',(64.66,3.,0.));
#1016 = VECTOR('',#1017,1.);
#1017 = DIRECTION('',(1.,0.,-0.));
#1018 = ORIENTED_EDGE('',*,*,#39,.T.);
#1019 = ORIENTED_EDGE('',*,*,#997,.T.);
#1020 = ORIENTED_EDGE('',*,*,#1021,.F.);
#1021 = EDGE_CURVE('',#1012,#990,#1022,.T.);
#1022 = LINE('',#1023,#1024);
#1023 = CARTESIAN_POINT('',(154.66,3.,0.));
#1024 = VECTOR('',#1025,1.);
#1025 = DIRECTION('',(0.,0.,1.));
#1026 = FACE_BOUND('',#1027,.T.);
#1027 = EDGE_LOOP('',(#1028));
#1028 = ORIENTED_EDGE('',*,*,#1029,.F.);
#1029 = EDGE_CURVE('',#1030,#1030,#1032,.T.);
#1030 = VERTEX_POINT('',#1031);
#1031 = CARTESIAN_POINT('',(72.56,3.,22.5));
#1032 = CIRCLE('',#1033,4.5);
#1033 = AXIS2_PLACEMENT_3D('',#1034,#1035,#1036);
#1034 = CARTESIAN_POINT('',(72.56,3.,18.));
#1035 = DIRECTION('',(0.,1.,0.));
#1036 = DIRECTION('',(0.,-0.,1.));
#1037 = FACE_BOUND('',#1038,.T.);
#1038 = EDGE_LOOP('',(#1039,#1049,#1057,#1065));
#1039 = ORIENTED_EDGE('',*,*,#1040,.F.);
#1040 = EDGE_CURVE('',#1041,#1043,#1045,.T.);
#1041 = VERTEX_POINT('',#1042);
#1042 = CARTESIAN_POINT('',(97.01,3.,81.24));
#1043 = VERTEX_POINT('',#1044);
#1044 = CARTESIAN_POINT('',(122.31,3.,81.24));
#1045 = LINE('',#1046,#1047);
#1046 = CARTESIAN_POINT('',(80.835,3.,81.24));
#1047 = VECTOR('',#1048,1.);
#1048 = DIRECTION('',(1.,0.,-0.));
#1049 = ORIENTED_EDGE('',*,*,#1050,.T.);
#1050 = EDGE_CURVE('',#1041,#1051,#1053,.T.);
#1051 = VERTEX_POINT('',#1052);
#1052 = CARTESIAN_POINT('',(97.01,3.,62.04));
#1053 = LINE('',#1054,#1055);
#1054 = CARTESIAN_POINT('',(97.01,3.,31.02));
#1055 = VECTOR('',#1056,1.);
#1056 = DIRECTION('',(-0.,0.,-1.));
#1057 = ORIENTED_EDGE('',*,*,#1058,.T.);
#1058 = EDGE_CURVE('',#1051,#1059,#1061,.T.);
#1059 = VERTEX_POINT('',#1060);
#1060 = CARTESIAN_POINT('',(122.31,3.,62.04));
#1061 = LINE('',#1062,#1063);
#1062 = CARTESIAN_POINT('',(80.835,3.,62.04));
#1063 = VECTOR('',#1064,1.);
#1064 = DIRECTION('',(1.,0.,-0.));
#1065 = ORIENTED_EDGE('',*,*,#1066,.F.);
#1066 = EDGE_CURVE('',#1043,#1059,#1067,.T.);
#1067 = LINE('',#1068,#1069);
#1068 = CARTESIAN_POINT('',(122.31,3.,31.02));
#1069 = VECTOR('',#1070,1.);
#1070 = DIRECTION('',(-0.,0.,-1.));
#1071 = FACE_BOUND('',#1072,.T.);
#1072 = EDGE_LOOP('',(#1073));
#1073 = ORIENTED_EDGE('',*,*,#1074,.F.);
#1074 = EDGE_CURVE('',#1075,#1075,#1077,.T.);
#1075 = VERTEX_POINT('',#1076);
#1076 = CARTESIAN_POINT('',(72.56,3.,189.74));
#1077 = CIRCLE('',#1078,4.5);
#1078 = AXIS2_PLACEMENT_3D('',#1079,#1080,#1081);
#1079 = CARTESIAN_POINT('',(72.56,3.,185.24));
#1080 = DIRECTION('',(0.,1.,0.));
#1081 = DIRECTION('',(0.,-0.,1.));
#1082 = FACE_BOUND('',#1083,.T.);
#1083 = EDGE_LOOP('',(#1084));
#1084 = ORIENTED_EDGE('',*,*,#1085,.F.);
#1085 = EDGE_CURVE('',#1086,#1086,#1088,.T.);
#1086 = VERTEX_POINT('',#1087);
#1087 = CARTESIAN_POINT('',(146.76,3.,22.5));
#1088 = CIRCLE('',#1089,4.5);
#1089 = AXIS2_PLACEMENT_3D('',#1090,#1091,#1092);
#1090 = CARTESIAN_POINT('',(146.76,3.,18.));
#1091 = DIRECTION('',(0.,1.,0.));
#1092 = DIRECTION('',(0.,-0.,1.));
#1093 = FACE_BOUND('',#1094,.T.);
#1094 = EDGE_LOOP('',(#1095));
#1095 = ORIENTED_EDGE('',*,*,#1096,.F.);
#1096 = EDGE_CURVE('',#1097,#1097,#1099,.T.);
#1097 = VERTEX_POINT('',#1098);
#1098 = CARTESIAN_POINT('',(109.66,3.,132.24));
#1099 = CIRCLE('',#1100,8.);
#1100 = AXIS2_PLACEMENT_3D('',#1101,#1102,#1103);
#1101 = CARTESIAN_POINT('',(109.66,3.,124.24));
#1102 = DIRECTION('',(0.,1.,0.));
#1103 = DIRECTION('',(0.,-0.,1.));
#1104 = FACE_BOUND('',#1105,.T.);
#1105 = EDGE_LOOP('',(#1106));
#1106 = ORIENTED_EDGE('',*,*,#1107,.F.);
#1107 = EDGE_CURVE('',#1108,#1108,#1110,.T.);
#1108 = VERTEX_POINT('',#1109);
#1109 = CARTESIAN_POINT('',(146.76,3.,189.74));
#1110 = CIRCLE('',#1111,4.5);
#1111 = AXIS2_PLACEMENT_3D('',#1112,#1113,#1114);
#1112 = CARTESIAN_POINT('',(146.76,3.,185.24));
#1113 = DIRECTION('',(0.,1.,0.));
#1114 = DIRECTION('',(0.,-0.,1.));
#1115 = PLANE('',#1116);
#1116 = AXIS2_PLACEMENT_3D('',#1117,#1118,#1119);
#1117 = CARTESIAN_POINT('',(64.66,3.,0.));
#1118 = DIRECTION('',(-0.,1.,0.));
#1119 = DIRECTION('',(0.,0.,1.));
#1120 = ADVANCED_FACE('',(#1121),#1132,.F.);
#1121 = FACE_BOUND('',#1122,.F.);
#1122 = EDGE_LOOP('',(#1123,#1124,#1125,#1131));
#1123 = ORIENTED_EDGE('',*,*,#31,.F.);
#1124 = ORIENTED_EDGE('',*,*,#61,.T.);
#1125 = ORIENTED_EDGE('',*,*,#1126,.T.);
#1126 = EDGE_CURVE('',#62,#1012,#1127,.T.);
#1127 = LINE('',#1128,#1129);
#1128 = CARTESIAN_POINT('',(154.66,0.,0.));
#1129 = VECTOR('',#1130,1.);
#1130 = DIRECTION('',(-0.,1.,0.));
#1131 = ORIENTED_EDGE('',*,*,#1011,.F.);
#1132 = PLANE('',#1133);
#1133 = AXIS2_PLACEMENT_3D('',#1134,#1135,#1136);
#1134 = CARTESIAN_POINT('',(64.66,0.,0.));
#1135 = DIRECTION('',(0.,0.,1.));
#1136 = DIRECTION('',(1.,0.,-0.));
#1137 = ADVANCED_FACE('',(#1138),#1144,.T.);
#1138 = FACE_BOUND('',#1139,.T.);
#1139 = EDGE_LOOP('',(#1140,#1141,#1142,#1143));
#1140 = ORIENTED_EDGE('',*,*,#78,.F.);
#1141 = ORIENTED_EDGE('',*,*,#1126,.T.);
#1142 = ORIENTED_EDGE('',*,*,#1021,.T.);
#1143 = ORIENTED_EDGE('',*,*,#989,.F.);
#1144 = PLANE('',#1145);
#1145 = AXIS2_PLACEMENT_3D('',#1146,#1147,#1148);
#1146 = CARTESIAN_POINT('',(154.66,0.,0.));
#1147 = DIRECTION('',(1.,0.,-0.));
#1148 = DIRECTION('',(0.,0.,1.));
#1149 = ADVANCED_FACE('',(#1150),#1175,.F.);
#1150 = FACE_BOUND('',#1151,.F.);
#1151 = EDGE_LOOP('',(#1152,#1160,#1161,#1169));
#1152 = ORIENTED_EDGE('',*,*,#1153,.F.);
#1153 = EDGE_CURVE('',#87,#1154,#1156,.T.);
#1154 = VERTEX_POINT('',#1155);
#1155 = CARTESIAN_POINT('',(102.66,1.505,55.04));
#1156 = LINE('',#1157,#1158);
#1157 = CARTESIAN_POINT('',(102.66,-5.E-03,55.04));
#1158 = VECTOR('',#1159,1.);
#1159 = DIRECTION('',(-0.,1.,0.));
#1160 = ORIENTED_EDGE('',*,*,#86,.T.);
#1161 = ORIENTED_EDGE('',*,*,#1162,.T.);
#1162 = EDGE_CURVE('',#89,#1163,#1165,.T.);
#1163 = VERTEX_POINT('',#1164);
#1164 = CARTESIAN_POINT('',(116.66,1.505,55.04));
#1165 = LINE('',#1166,#1167);
#1166 = CARTESIAN_POINT('',(116.66,-5.E-03,55.04));
#1167 = VECTOR('',#1168,1.);
#1168 = DIRECTION('',(-0.,1.,0.));
#1169 = ORIENTED_EDGE('',*,*,#1170,.F.);
#1170 = EDGE_CURVE('',#1154,#1163,#1171,.T.);
#1171 = LINE('',#1172,#1173);
#1172 = CARTESIAN_POINT('',(102.66,1.505,55.04));
#1173 = VECTOR('',#1174,1.);
#1174 = DIRECTION('',(1.,0.,-0.));
#1175 = PLANE('',#1176);
#1176 = AXIS2_PLACEMENT_3D('',#1177,#1178,#1179);
#1177 = CARTESIAN_POINT('',(102.66,-5.E-03,55.04));
#1178 = DIRECTION('',(0.,0.,1.));
#1179 = DIRECTION('',(1.,0.,-0.));
#1180 = ADVANCED_FACE('',(#1181),#1199,.F.);
#1181 = FACE_BOUND('',#1182,.F.);
#1182 = EDGE_LOOP('',(#1183,#1184,#1185,#1193));
#1183 = ORIENTED_EDGE('',*,*,#1162,.F.);
#1184 = ORIENTED_EDGE('',*,*,#112,.T.);
#1185 = ORIENTED_EDGE('',*,*,#1186,.T.);
#1186 = EDGE_CURVE('',#105,#1187,#1189,.T.);
#1187 = VERTEX_POINT('',#1188);
#1188 = CARTESIAN_POINT('',(116.66,1.505,49.04));
#1189 = LINE('',#1190,#1191);
#1190 = CARTESIAN_POINT('',(116.66,-5.E-03,49.04));
#1191 = VECTOR('',#1192,1.);
#1192 = DIRECTION('',(-0.,1.,0.));
#1193 = ORIENTED_EDGE('',*,*,#1194,.T.);
#1194 = EDGE_CURVE('',#1187,#1163,#1195,.T.);
#1195 = LINE('',#1196,#1197);
#1196 = CARTESIAN_POINT('',(116.66,1.505,49.04));
#1197 = VECTOR('',#1198,1.);
#1198 = DIRECTION('',(0.,0.,1.));
#1199 = PLANE('',#1200);
#1200 = AXIS2_PLACEMENT_3D('',#1201,#1202,#1203);
#1201 = CARTESIAN_POINT('',(116.66,-5.E-03,49.04));
#1202 = DIRECTION('',(1.,0.,-0.));
#1203 = DIRECTION('',(0.,0.,1.));
#1204 = ADVANCED_FACE('',(#1205),#1223,.T.);
#1205 = FACE_BOUND('',#1206,.T.);
#1206 = EDGE_LOOP('',(#1207,#1215,#1216,#1217));
#1207 = ORIENTED_EDGE('',*,*,#1208,.F.);
#1208 = EDGE_CURVE('',#97,#1209,#1211,.T.);
#1209 = VERTEX_POINT('',#1210);
#1210 = CARTESIAN_POINT('',(102.66,1.505,49.04));
#1211 = LINE('',#1212,#1213);
#1212 = CARTESIAN_POINT('',(102.66,-5.E-03,49.04));
#1213 = VECTOR('',#1214,1.);
#1214 = DIRECTION('',(-0.,1.,0.));
#1215 = ORIENTED_EDGE('',*,*,#104,.T.);
#1216 = ORIENTED_EDGE('',*,*,#1186,.T.);
#1217 = ORIENTED_EDGE('',*,*,#1218,.F.);
#1218 = EDGE_CURVE('',#1209,#1187,#1219,.T.);
#1219 = LINE('',#1220,#1221);
#1220 = CARTESIAN_POINT('',(102.66,1.505,49.04));
#1221 = VECTOR('',#1222,1.);
#1222 = DIRECTION('',(1.,0.,-0.));
#1223 = PLANE('',#1224);
#1224 = AXIS2_PLACEMENT_3D('',#1225,#1226,#1227);
#1225 = CARTESIAN_POINT('',(102.66,-5.E-03,49.04));
#1226 = DIRECTION('',(0.,0.,1.));
#1227 = DIRECTION('',(1.,0.,-0.));
#1228 = ADVANCED_FACE('',(#1229),#1240,.T.);
#1229 = FACE_BOUND('',#1230,.T.);
#1230 = EDGE_LOOP('',(#1231,#1232,#1233,#1234));
#1231 = ORIENTED_EDGE('',*,*,#1153,.F.);
#1232 = ORIENTED_EDGE('',*,*,#96,.T.);
#1233 = ORIENTED_EDGE('',*,*,#1208,.T.);
#1234 = ORIENTED_EDGE('',*,*,#1235,.T.);
#1235 = EDGE_CURVE('',#1209,#1154,#1236,.T.);
#1236 = LINE('',#1237,#1238);
#1237 = CARTESIAN_POINT('',(102.66,1.505,49.04));
#1238 = VECTOR('',#1239,1.);
#1239 = DIRECTION('',(0.,0.,1.));
#1240 = PLANE('',#1241);
#1241 = AXIS2_PLACEMENT_3D('',#1242,#1243,#1244);
#1242 = CARTESIAN_POINT('',(102.66,-5.E-03,49.04));
#1243 = DIRECTION('',(1.,0.,-0.));
#1244 = DIRECTION('',(0.,0.,1.));
#1245 = ADVANCED_FACE('',(#1246),#1271,.F.);
#1246 = FACE_BOUND('',#1247,.F.);
#1247 = EDGE_LOOP('',(#1248,#1256,#1257,#1265));
#1248 = ORIENTED_EDGE('',*,*,#1249,.F.);
#1249 = EDGE_CURVE('',#121,#1250,#1252,.T.);
#1250 = VERTEX_POINT('',#1251);
#1251 = CARTESIAN_POINT('',(100.01,1.5,78.24));
#1252 = LINE('',#1253,#1254);
#1253 = CARTESIAN_POINT('',(100.01,-2.,78.24));
#1254 = VECTOR('',#1255,1.);
#1255 = DIRECTION('',(-0.,1.,0.));
#1256 = ORIENTED_EDGE('',*,*,#120,.T.);
#1257 = ORIENTED_EDGE('',*,*,#1258,.T.);
#1258 = EDGE_CURVE('',#123,#1259,#1261,.T.);
#1259 = VERTEX_POINT('',#1260);
#1260 = CARTESIAN_POINT('',(119.31,1.5,78.24));
#1261 = LINE('',#1262,#1263);
#1262 = CARTESIAN_POINT('',(119.31,-2.,78.24));
#1263 = VECTOR('',#1264,1.);
#1264 = DIRECTION('',(-0.,1.,0.));
#1265 = ORIENTED_EDGE('',*,*,#1266,.T.);
#1266 = EDGE_CURVE('',#1259,#1250,#1267,.T.);
#1267 = LINE('',#1268,#1269);
#1268 = CARTESIAN_POINT('',(98.51,1.5,78.24));
#1269 = VECTOR('',#1270,1.);
#1270 = DIRECTION('',(-1.,-0.,0.));
#1271 = PLANE('',#1272);
#1272 = AXIS2_PLACEMENT_3D('',#1273,#1274,#1275);
#1273 = CARTESIAN_POINT('',(100.01,-2.,78.24));
#1274 = DIRECTION('',(0.,0.,1.));
#1275 = DIRECTION('',(1.,0.,-0.));
#1276 = ADVANCED_FACE('',(#1277),#1295,.T.);
#1277 = FACE_BOUND('',#1278,.T.);
#1278 = EDGE_LOOP('',(#1279,#1280,#1281,#1289));
#1279 = ORIENTED_EDGE('',*,*,#1249,.F.);
#1280 = ORIENTED_EDGE('',*,*,#130,.T.);
#1281 = ORIENTED_EDGE('',*,*,#1282,.T.);
#1282 = EDGE_CURVE('',#131,#1283,#1285,.T.);
#1283 = VERTEX_POINT('',#1284);
#1284 = CARTESIAN_POINT('',(100.01,1.5,65.04));
#1285 = LINE('',#1286,#1287);
#1286 = CARTESIAN_POINT('',(100.01,-2.,65.04));
#1287 = VECTOR('',#1288,1.);
#1288 = DIRECTION('',(-0.,1.,0.));
#1289 = ORIENTED_EDGE('',*,*,#1290,.T.);
#1290 = EDGE_CURVE('',#1283,#1250,#1291,.T.);
#1291 = LINE('',#1292,#1293);
#1292 = CARTESIAN_POINT('',(100.01,1.5,63.54));
#1293 = VECTOR('',#1294,1.);
#1294 = DIRECTION('',(0.,0.,1.));
#1295 = PLANE('',#1296);
#1296 = AXIS2_PLACEMENT_3D('',#1297,#1298,#1299);
#1297 = CARTESIAN_POINT('',(100.01,-2.,65.04));
#1298 = DIRECTION('',(1.,0.,-0.));
#1299 = DIRECTION('',(0.,0.,1.));
#1300 = ADVANCED_FACE('',(#1301),#1319,.F.);
#1301 = FACE_BOUND('',#1302,.F.);
#1302 = EDGE_LOOP('',(#1303,#1304,#1305,#1313));
#1303 = ORIENTED_EDGE('',*,*,#1258,.F.);
#1304 = ORIENTED_EDGE('',*,*,#146,.T.);
#1305 = ORIENTED_EDGE('',*,*,#1306,.T.);
#1306 = EDGE_CURVE('',#139,#1307,#1309,.T.);
#1307 = VERTEX_POINT('',#1308);
#1308 = CARTESIAN_POINT('',(119.31,1.5,65.04));
#1309 = LINE('',#1310,#1311);
#1310 = CARTESIAN_POINT('',(119.31,-2.,65.04));
#1311 = VECTOR('',#1312,1.);
#1312 = DIRECTION('',(-0.,1.,0.));
#1313 = ORIENTED_EDGE('',*,*,#1314,.T.);
#1314 = EDGE_CURVE('',#1307,#1259,#1315,.T.);
#1315 = LINE('',#1316,#1317);
#1316 = CARTESIAN_POINT('',(119.31,1.5,63.54));
#1317 = VECTOR('',#1318,1.);
#1318 = DIRECTION('',(0.,0.,1.));
#1319 = PLANE('',#1320);
#1320 = AXIS2_PLACEMENT_3D('',#1321,#1322,#1323);
#1321 = CARTESIAN_POINT('',(119.31,-2.,65.04));
#1322 = DIRECTION('',(1.,0.,-0.));
#1323 = DIRECTION('',(0.,0.,1.));
#1324 = ADVANCED_FACE('',(#1325),#1336,.T.);
#1325 = FACE_BOUND('',#1326,.T.);
#1326 = EDGE_LOOP('',(#1327,#1328,#1329,#1330));
#1327 = ORIENTED_EDGE('',*,*,#1282,.F.);
#1328 = ORIENTED_EDGE('',*,*,#138,.T.);
#1329 = ORIENTED_EDGE('',*,*,#1306,.T.);
#1330 = ORIENTED_EDGE('',*,*,#1331,.T.);
#1331 = EDGE_CURVE('',#1307,#1283,#1332,.T.);
#1332 = LINE('',#1333,#1334);
#1333 = CARTESIAN_POINT('',(98.51,1.5,65.04));
#1334 = VECTOR('',#1335,1.);
#1335 = DIRECTION('',(-1.,-0.,0.));
#1336 = PLANE('',#1337);
#1337 = AXIS2_PLACEMENT_3D('',#1338,#1339,#1340);
#1338 = CARTESIAN_POINT('',(100.01,-2.,65.04));
#1339 = DIRECTION('',(0.,0.,1.));
#1340 = DIRECTION('',(1.,0.,-0.));
#1341 = ADVANCED_FACE('',(#1342),#1367,.F.);
#1342 = FACE_BOUND('',#1343,.F.);
#1343 = EDGE_LOOP('',(#1344,#1352,#1353,#1361));
#1344 = ORIENTED_EDGE('',*,*,#1345,.F.);
#1345 = EDGE_CURVE('',#155,#1346,#1348,.T.);
#1346 = VERTEX_POINT('',#1347);
#1347 = CARTESIAN_POINT('',(96.593012701892,0.6,100.60731409782));
#1348 = LINE('',#1349,#1350);
#1349 = CARTESIAN_POINT('',(96.593012701892,-1.E-01,100.60731409782));
#1350 = VECTOR('',#1351,1.);
#1351 = DIRECTION('',(0.,1.,0.));
#1352 = ORIENTED_EDGE('',*,*,#154,.T.);
#1353 = ORIENTED_EDGE('',*,*,#1354,.T.);
#1354 = EDGE_CURVE('',#157,#1355,#1357,.T.);
#1355 = VERTEX_POINT('',#1356);
#1356 = CARTESIAN_POINT('',(94.343012701892,0.6,96.71019978079));
#1357 = LINE('',#1358,#1359);
#1358 = CARTESIAN_POINT('',(94.343012701892,-1.E-01,96.71019978079));
#1359 = VECTOR('',#1360,1.);
#1360 = DIRECTION('',(0.,1.,0.));
#1361 = ORIENTED_EDGE('',*,*,#1362,.F.);
#1362 = EDGE_CURVE('',#1346,#1355,#1363,.T.);
#1363 = LINE('',#1364,#1365);
#1364 = CARTESIAN_POINT('',(96.593012701892,0.6,100.60731409782));
#1365 = VECTOR('',#1366,1.);
#1366 = DIRECTION('',(-0.5,0.,-0.866025403784));
#1367 = PLANE('',#1368);
#1368 = AXIS2_PLACEMENT_3D('',#1369,#1370,#1371);
#1369 = CARTESIAN_POINT('',(96.593012701892,-1.E-01,100.60731409782));
#1370 = DIRECTION('',(0.866025403784,0.,-0.5));
#1371 = DIRECTION('',(-0.5,0.,-0.866025403784));
#1372 = ADVANCED_FACE('',(#1373),#1391,.T.);
#1373 = FACE_BOUND('',#1374,.T.);
#1374 = EDGE_LOOP('',(#1375,#1376,#1377,#1385));
#1375 = ORIENTED_EDGE('',*,*,#1345,.F.);
#1376 = ORIENTED_EDGE('',*,*,#164,.T.);
#1377 = ORIENTED_EDGE('',*,*,#1378,.T.);
#1378 = EDGE_CURVE('',#165,#1379,#1381,.T.);
#1379 = VERTEX_POINT('',#1380);
#1380 = CARTESIAN_POINT('',(95.726987298108,0.6,101.10731409782));
#1381 = LINE('',#1382,#1383);
#1382 = CARTESIAN_POINT('',(95.726987298108,-1.E-01,101.10731409782));
#1383 = VECTOR('',#1384,1.);
#1384 = DIRECTION('',(0.,1.,0.));
#1385 = ORIENTED_EDGE('',*,*,#1386,.T.);
#1386 = EDGE_CURVE('',#1379,#1346,#1387,.T.);
#1387 = LINE('',#1388,#1389);
#1388 = CARTESIAN_POINT('',(95.726987298108,0.6,101.10731409782));
#1389 = VECTOR('',#1390,1.);
#1390 = DIRECTION('',(0.866025403784,0.,-0.5));
#1391 = PLANE('',#1392);
#1392 = AXIS2_PLACEMENT_3D('',#1393,#1394,#1395);
#1393 = CARTESIAN_POINT('',(95.726987298108,-1.E-01,101.10731409782));
#1394 = DIRECTION('',(-0.5,0.,-0.866025403784));
#1395 = DIRECTION('',(0.866025403784,0.,-0.5));
#1396 = ADVANCED_FACE('',(#1397),#1415,.F.);
#1397 = FACE_BOUND('',#1398,.F.);
#1398 = EDGE_LOOP('',(#1399,#1400,#1401,#1409));
#1399 = ORIENTED_EDGE('',*,*,#1354,.F.);
#1400 = ORIENTED_EDGE('',*,*,#180,.T.);
#1401 = ORIENTED_EDGE('',*,*,#1402,.T.);
#1402 = EDGE_CURVE('',#173,#1403,#1405,.T.);
#1403 = VERTEX_POINT('',#1404);
#1404 = CARTESIAN_POINT('',(93.476987298108,0.6,97.21019978079));
#1405 = LINE('',#1406,#1407);
#1406 = CARTESIAN_POINT('',(93.476987298108,-1.E-01,97.21019978079));
#1407 = VECTOR('',#1408,1.);
#1408 = DIRECTION('',(0.,1.,0.));
#1409 = ORIENTED_EDGE('',*,*,#1410,.T.);
#1410 = EDGE_CURVE('',#1403,#1355,#1411,.T.);
#1411 = LINE('',#1412,#1413);
#1412 = CARTESIAN_POINT('',(93.476987298108,0.6,97.21019978079));
#1413 = VECTOR('',#1414,1.);
#1414 = DIRECTION('',(0.866025403784,0.,-0.5));
#1415 = PLANE('',#1416);
#1416 = AXIS2_PLACEMENT_3D('',#1417,#1418,#1419);
#1417 = CARTESIAN_POINT('',(93.476987298108,-1.E-01,97.21019978079));
#1418 = DIRECTION('',(-0.5,0.,-0.866025403784));
#1419 = DIRECTION('',(0.866025403784,0.,-0.5));
#1420 = ADVANCED_FACE('',(#1421),#1432,.T.);
#1421 = FACE_BOUND('',#1422,.T.);
#1422 = EDGE_LOOP('',(#1423,#1424,#1425,#1426));
#1423 = ORIENTED_EDGE('',*,*,#1378,.F.);
#1424 = ORIENTED_EDGE('',*,*,#172,.T.);
#1425 = ORIENTED_EDGE('',*,*,#1402,.T.);
#1426 = ORIENTED_EDGE('',*,*,#1427,.F.);
#1427 = EDGE_CURVE('',#1379,#1403,#1428,.T.);
#1428 = LINE('',#1429,#1430);
#1429 = CARTESIAN_POINT('',(95.726987298108,0.6,101.10731409782));
#1430 = VECTOR('',#1431,1.);
#1431 = DIRECTION('',(-0.5,0.,-0.866025403784));
#1432 = PLANE('',#1433);
#1433 = AXIS2_PLACEMENT_3D('',#1434,#1435,#1436);
#1434 = CARTESIAN_POINT('',(95.726987298108,-1.E-01,101.10731409782));
#1435 = DIRECTION('',(0.866025403784,0.,-0.5));
#1436 = DIRECTION('',(-0.5,0.,-0.866025403784));
#1437 = ADVANCED_FACE('',(#1438),#1463,.F.);
#1438 = FACE_BOUND('',#1439,.F.);
#1439 = EDGE_LOOP('',(#1440,#1448,#1449,#1457));
#1440 = ORIENTED_EDGE('',*,*,#1441,.F.);
#1441 = EDGE_CURVE('',#189,#1442,#1444,.T.);
#1442 = VERTEX_POINT('',#1443);
#1443 = CARTESIAN_POINT('',(103.15484869537,0.6,98.030593167644));
#1444 = LINE('',#1445,#1446);
#1445 = CARTESIAN_POINT('',(103.15484869537,-1.E-01,98.030593167644));
#1446 = VECTOR('',#1447,1.);
#1447 = DIRECTION('',(0.,1.,0.));
#1448 = ORIENTED_EDGE('',*,*,#188,.T.);
#1449 = ORIENTED_EDGE('',*,*,#1450,.T.);
#1450 = EDGE_CURVE('',#191,#1451,#1453,.T.);
#1451 = VERTEX_POINT('',#1452);
#1452 = CARTESIAN_POINT('',(101.99016299241,0.6,93.683926949343));
#1453 = LINE('',#1454,#1455);
#1454 = CARTESIAN_POINT('',(101.99016299241,-1.E-01,93.683926949343));
#1455 = VECTOR('',#1456,1.);
#1456 = DIRECTION('',(0.,1.,0.));
#1457 = ORIENTED_EDGE('',*,*,#1458,.F.);
#1458 = EDGE_CURVE('',#1442,#1451,#1459,.T.);
#1459 = LINE('',#1460,#1461);
#1460 = CARTESIAN_POINT('',(103.15484869537,0.6,98.030593167644));
#1461 = VECTOR('',#1462,1.);
#1462 = DIRECTION('',(-0.258819045103,0.,-0.965925826289));
#1463 = PLANE('',#1464);
#1464 = AXIS2_PLACEMENT_3D('',#1465,#1466,#1467);
#1465 = CARTESIAN_POINT('',(103.15484869537,-1.E-01,98.030593167644));
#1466 = DIRECTION('',(0.965925826289,0.,-0.258819045103));
#1467 = DIRECTION('',(-0.258819045103,0.,-0.965925826289));
#1468 = ADVANCED_FACE('',(#1469),#1487,.T.);
#1469 = FACE_BOUND('',#1470,.T.);
#1470 = EDGE_LOOP('',(#1471,#1472,#1473,#1481));
#1471 = ORIENTED_EDGE('',*,*,#1441,.F.);
#1472 = ORIENTED_EDGE('',*,*,#198,.T.);
#1473 = ORIENTED_EDGE('',*,*,#1474,.T.);
#1474 = EDGE_CURVE('',#199,#1475,#1477,.T.);
#1475 = VERTEX_POINT('',#1476);
#1476 = CARTESIAN_POINT('',(102.18892286908,0.6,98.289412212746));
#1477 = LINE('',#1478,#1479);
#1478 = CARTESIAN_POINT('',(102.18892286908,-1.E-01,98.289412212746));
#1479 = VECTOR('',#1480,1.);
#1480 = DIRECTION('',(0.,1.,0.));
#1481 = ORIENTED_EDGE('',*,*,#1482,.T.);
#1482 = EDGE_CURVE('',#1475,#1442,#1483,.T.);
#1483 = LINE('',#1484,#1485);
#1484 = CARTESIAN_POINT('',(102.18892286908,0.6,98.289412212746));
#1485 = VECTOR('',#1486,1.);
#1486 = DIRECTION('',(0.965925826289,0.,-0.258819045103));
#1487 = PLANE('',#1488);
#1488 = AXIS2_PLACEMENT_3D('',#1489,#1490,#1491);
#1489 = CARTESIAN_POINT('',(102.18892286908,-1.E-01,98.289412212746));
#1490 = DIRECTION('',(-0.258819045103,0.,-0.965925826289));
#1491 = DIRECTION('',(0.965925826289,0.,-0.258819045103));
#1492 = ADVANCED_FACE('',(#1493),#1511,.F.);
#1493 = FACE_BOUND('',#1494,.F.);
#1494 = EDGE_LOOP('',(#1495,#1496,#1497,#1505));
#1495 = ORIENTED_EDGE('',*,*,#1450,.F.);
#1496 = ORIENTED_EDGE('',*,*,#214,.T.);
#1497 = ORIENTED_EDGE('',*,*,#1498,.T.);
#1498 = EDGE_CURVE('',#207,#1499,#1501,.T.);
#1499 = VERTEX_POINT('',#1500);
#1500 = CARTESIAN_POINT('',(101.02423716612,0.6,93.942745994446));
#1501 = LINE('',#1502,#1503);
#1502 = CARTESIAN_POINT('',(101.02423716612,-1.E-01,93.942745994446));
#1503 = VECTOR('',#1504,1.);
#1504 = DIRECTION('',(0.,1.,0.));
#1505 = ORIENTED_EDGE('',*,*,#1506,.T.);
#1506 = EDGE_CURVE('',#1499,#1451,#1507,.T.);
#1507 = LINE('',#1508,#1509);
#1508 = CARTESIAN_POINT('',(101.02423716612,0.6,93.942745994446));
#1509 = VECTOR('',#1510,1.);
#1510 = DIRECTION('',(0.965925826289,0.,-0.258819045103));
#1511 = PLANE('',#1512);
#1512 = AXIS2_PLACEMENT_3D('',#1513,#1514,#1515);
#1513 = CARTESIAN_POINT('',(101.02423716612,-1.E-01,93.942745994446));
#1514 = DIRECTION('',(-0.258819045103,0.,-0.965925826289));
#1515 = DIRECTION('',(0.965925826289,0.,-0.258819045103));
#1516 = ADVANCED_FACE('',(#1517),#1528,.T.);
#1517 = FACE_BOUND('',#1518,.T.);
#1518 = EDGE_LOOP('',(#1519,#1520,#1521,#1522));
#1519 = ORIENTED_EDGE('',*,*,#1474,.F.);
#1520 = ORIENTED_EDGE('',*,*,#206,.T.);
#1521 = ORIENTED_EDGE('',*,*,#1498,.T.);
#1522 = ORIENTED_EDGE('',*,*,#1523,.F.);
#1523 = EDGE_CURVE('',#1475,#1499,#1524,.T.);
#1524 = LINE('',#1525,#1526);
#1525 = CARTESIAN_POINT('',(102.18892286908,0.6,98.289412212746));
#1526 = VECTOR('',#1527,1.);
#1527 = DIRECTION('',(-0.258819045103,0.,-0.965925826289));
#1528 = PLANE('',#1529);
#1529 = AXIS2_PLACEMENT_3D('',#1530,#1531,#1532);
#1530 = CARTESIAN_POINT('',(102.18892286908,-1.E-01,98.289412212746));
#1531 = DIRECTION('',(0.965925826289,0.,-0.258819045103));
#1532 = DIRECTION('',(-0.258819045103,0.,-0.965925826289));
#1533 = ADVANCED_FACE('',(#1534),#1559,.F.);
#1534 = FACE_BOUND('',#1535,.F.);
#1535 = EDGE_LOOP('',(#1536,#1544,#1545,#1553));
#1536 = ORIENTED_EDGE('',*,*,#1537,.F.);
#1537 = EDGE_CURVE('',#223,#1538,#1540,.T.);
#1538 = VERTEX_POINT('',#1539);
#1539 = CARTESIAN_POINT('',(110.16,0.6,97.24));
#1540 = LINE('',#1541,#1542);
#1541 = CARTESIAN_POINT('',(110.16,-1.E-01,97.24));
#1542 = VECTOR('',#1543,1.);
#1543 = DIRECTION('',(0.,1.,0.));
#1544 = ORIENTED_EDGE('',*,*,#222,.T.);
#1545 = ORIENTED_EDGE('',*,*,#1546,.T.);
#1546 = EDGE_CURVE('',#225,#1547,#1549,.T.);
#1547 = VERTEX_POINT('',#1548);
#1548 = CARTESIAN_POINT('',(110.16,0.6,92.74));
#1549 = LINE('',#1550,#1551);
#1550 = CARTESIAN_POINT('',(110.16,-1.E-01,92.74));
#1551 = VECTOR('',#1552,1.);
#1552 = DIRECTION('',(0.,1.,0.));
#1553 = ORIENTED_EDGE('',*,*,#1554,.F.);
#1554 = EDGE_CURVE('',#1538,#1547,#1555,.T.);
#1555 = LINE('',#1556,#1557);
#1556 = CARTESIAN_POINT('',(110.16,0.6,97.24));
#1557 = VECTOR('',#1558,1.);
#1558 = DIRECTION('',(2.22044604925E-16,0.,-1.));
#1559 = PLANE('',#1560);
#1560 = AXIS2_PLACEMENT_3D('',#1561,#1562,#1563);
#1561 = CARTESIAN_POINT('',(110.16,-1.E-01,97.24));
#1562 = DIRECTION('',(1.,0.,2.22044604925E-16));
#1563 = DIRECTION('',(2.22044604925E-16,0.,-1.));
#1564 = ADVANCED_FACE('',(#1565),#1583,.T.);
#1565 = FACE_BOUND('',#1566,.T.);
#1566 = EDGE_LOOP('',(#1567,#1568,#1569,#1577));
#1567 = ORIENTED_EDGE('',*,*,#1537,.F.);
#1568 = ORIENTED_EDGE('',*,*,#232,.T.);
#1569 = ORIENTED_EDGE('',*,*,#1570,.T.);
#1570 = EDGE_CURVE('',#233,#1571,#1573,.T.);
#1571 = VERTEX_POINT('',#1572);
#1572 = CARTESIAN_POINT('',(109.16,0.6,97.24));
#1573 = LINE('',#1574,#1575);
#1574 = CARTESIAN_POINT('',(109.16,-1.E-01,97.24));
#1575 = VECTOR('',#1576,1.);
#1576 = DIRECTION('',(0.,1.,0.));
#1577 = ORIENTED_EDGE('',*,*,#1578,.T.);
#1578 = EDGE_CURVE('',#1571,#1538,#1579,.T.);
#1579 = LINE('',#1580,#1581);
#1580 = CARTESIAN_POINT('',(109.16,0.6,97.24));
#1581 = VECTOR('',#1582,1.);
#1582 = DIRECTION('',(1.,0.,2.22044604925E-16));
#1583 = PLANE('',#1584);
#1584 = AXIS2_PLACEMENT_3D('',#1585,#1586,#1587);
#1585 = CARTESIAN_POINT('',(109.16,-1.E-01,97.24));
#1586 = DIRECTION('',(2.22044604925E-16,0.,-1.));
#1587 = DIRECTION('',(1.,0.,2.22044604925E-16));
#1588 = ADVANCED_FACE('',(#1589),#1607,.F.);
#1589 = FACE_BOUND('',#1590,.F.);
#1590 = EDGE_LOOP('',(#1591,#1592,#1593,#1601));
#1591 = ORIENTED_EDGE('',*,*,#1546,.F.);
#1592 = ORIENTED_EDGE('',*,*,#248,.T.);
#1593 = ORIENTED_EDGE('',*,*,#1594,.T.);
#1594 = EDGE_CURVE('',#241,#1595,#1597,.T.);
#1595 = VERTEX_POINT('',#1596);
#1596 = CARTESIAN_POINT('',(109.16,0.6,92.74));
#1597 = LINE('',#1598,#1599);
#1598 = CARTESIAN_POINT('',(109.16,-1.E-01,92.74));
#1599 = VECTOR('',#1600,1.);
#1600 = DIRECTION('',(0.,1.,0.));
#1601 = ORIENTED_EDGE('',*,*,#1602,.T.);
#1602 = EDGE_CURVE('',#1595,#1547,#1603,.T.);
#1603 = LINE('',#1604,#1605);
#1604 = CARTESIAN_POINT('',(109.16,0.6,92.74));
#1605 = VECTOR('',#1606,1.);
#1606 = DIRECTION('',(1.,0.,2.22044604925E-16));
#1607 = PLANE('',#1608);
#1608 = AXIS2_PLACEMENT_3D('',#1609,#1610,#1611);
#1609 = CARTESIAN_POINT('',(109.16,-1.E-01,92.74));
#1610 = DIRECTION('',(2.22044604925E-16,0.,-1.));
#1611 = DIRECTION('',(1.,0.,2.22044604925E-16));
#1612 = ADVANCED_FACE('',(#1613),#1624,.T.);
#1613 = FACE_BOUND('',#1614,.T.);
#1614 = EDGE_LOOP('',(#1615,#1616,#1617,#1618));
#1615 = ORIENTED_EDGE('',*,*,#1570,.F.);
#1616 = ORIENTED_EDGE('',*,*,#240,.T.);
#1617 = ORIENTED_EDGE('',*,*,#1594,.T.);
#1618 = ORIENTED_EDGE('',*,*,#1619,.F.);
#1619 = EDGE_CURVE('',#1571,#1595,#1620,.T.);
#1620 = LINE('',#1621,#1622);
#1621 = CARTESIAN_POINT('',(109.16,0.6,97.24));
#1622 = VECTOR('',#1623,1.);
#1623 = DIRECTION('',(2.22044604925E-16,0.,-1.));
#1624 = PLANE('',#1625);
#1625 = AXIS2_PLACEMENT_3D('',#1626,#1627,#1628);
#1626 = CARTESIAN_POINT('',(109.16,-1.E-01,97.24));
#1627 = DIRECTION('',(1.,0.,2.22044604925E-16));
#1628 = DIRECTION('',(2.22044604925E-16,0.,-1.));
#1629 = ADVANCED_FACE('',(#1630),#1655,.F.);
#1630 = FACE_BOUND('',#1631,.F.);
#1631 = EDGE_LOOP('',(#1632,#1640,#1641,#1649));
#1632 = ORIENTED_EDGE('',*,*,#1633,.F.);
#1633 = EDGE_CURVE('',#257,#1634,#1636,.T.);
#1634 = VERTEX_POINT('',#1635);
#1635 = CARTESIAN_POINT('',(86.52731409782,0.6,110.3069872981));
#1636 = LINE('',#1637,#1638);
#1637 = CARTESIAN_POINT('',(86.52731409782,-1.E-01,110.3069872981));
#1638 = VECTOR('',#1639,1.);
#1639 = DIRECTION('',(0.,1.,0.));
#1640 = ORIENTED_EDGE('',*,*,#256,.T.);
#1641 = ORIENTED_EDGE('',*,*,#1642,.T.);
#1642 = EDGE_CURVE('',#259,#1643,#1645,.T.);
#1643 = VERTEX_POINT('',#1644);
#1644 = CARTESIAN_POINT('',(82.63019978079,0.6,108.0569872981));
#1645 = LINE('',#1646,#1647);
#1646 = CARTESIAN_POINT('',(82.63019978079,-1.E-01,108.0569872981));
#1647 = VECTOR('',#1648,1.);
#1648 = DIRECTION('',(0.,1.,0.));
#1649 = ORIENTED_EDGE('',*,*,#1650,.F.);
#1650 = EDGE_CURVE('',#1634,#1643,#1651,.T.);
#1651 = LINE('',#1652,#1653);
#1652 = CARTESIAN_POINT('',(86.52731409782,0.6,110.3069872981));
#1653 = VECTOR('',#1654,1.);
#1654 = DIRECTION('',(-0.866025403784,0.,-0.5));
#1655 = PLANE('',#1656);
#1656 = AXIS2_PLACEMENT_3D('',#1657,#1658,#1659);
#1657 = CARTESIAN_POINT('',(86.52731409782,-1.E-01,110.3069872981));
#1658 = DIRECTION('',(0.5,0.,-0.866025403784));
#1659 = DIRECTION('',(-0.866025403784,0.,-0.5));
#1660 = ADVANCED_FACE('',(#1661),#1679,.T.);
#1661 = FACE_BOUND('',#1662,.T.);
#1662 = EDGE_LOOP('',(#1663,#1664,#1665,#1673));
#1663 = ORIENTED_EDGE('',*,*,#1633,.F.);
#1664 = ORIENTED_EDGE('',*,*,#266,.T.);
#1665 = ORIENTED_EDGE('',*,*,#1666,.T.);
#1666 = EDGE_CURVE('',#267,#1667,#1669,.T.);
#1667 = VERTEX_POINT('',#1668);
#1668 = CARTESIAN_POINT('',(86.02731409782,0.6,111.17301270189));
#1669 = LINE('',#1670,#1671);
#1670 = CARTESIAN_POINT('',(86.02731409782,-1.E-01,111.17301270189));
#1671 = VECTOR('',#1672,1.);
#1672 = DIRECTION('',(0.,1.,0.));
#1673 = ORIENTED_EDGE('',*,*,#1674,.T.);
#1674 = EDGE_CURVE('',#1667,#1634,#1675,.T.);
#1675 = LINE('',#1676,#1677);
#1676 = CARTESIAN_POINT('',(86.02731409782,0.6,111.17301270189));
#1677 = VECTOR('',#1678,1.);
#1678 = DIRECTION('',(0.5,0.,-0.866025403784));
#1679 = PLANE('',#1680);
#1680 = AXIS2_PLACEMENT_3D('',#1681,#1682,#1683);
#1681 = CARTESIAN_POINT('',(86.02731409782,-1.E-01,111.17301270189));
#1682 = DIRECTION('',(-0.866025403784,0.,-0.5));
#1683 = DIRECTION('',(0.5,0.,-0.866025403784));
#1684 = ADVANCED_FACE('',(#1685),#1703,.F.);
#1685 = FACE_BOUND('',#1686,.F.);
#1686 = EDGE_LOOP('',(#1687,#1688,#1689,#1697));
#1687 = ORIENTED_EDGE('',*,*,#1642,.F.);
#1688 = ORIENTED_EDGE('',*,*,#282,.T.);
#1689 = ORIENTED_EDGE('',*,*,#1690,.T.);
#1690 = EDGE_CURVE('',#275,#1691,#1693,.T.);
#1691 = VERTEX_POINT('',#1692);
#1692 = CARTESIAN_POINT('',(82.13019978079,0.6,108.92301270189));
#1693 = LINE('',#1694,#1695);
#1694 = CARTESIAN_POINT('',(82.13019978079,-1.E-01,108.92301270189));
#1695 = VECTOR('',#1696,1.);
#1696 = DIRECTION('',(0.,1.,0.));
#1697 = ORIENTED_EDGE('',*,*,#1698,.T.);
#1698 = EDGE_CURVE('',#1691,#1643,#1699,.T.);
#1699 = LINE('',#1700,#1701);
#1700 = CARTESIAN_POINT('',(82.13019978079,0.6,108.92301270189));
#1701 = VECTOR('',#1702,1.);
#1702 = DIRECTION('',(0.5,0.,-0.866025403784));
#1703 = PLANE('',#1704);
#1704 = AXIS2_PLACEMENT_3D('',#1705,#1706,#1707);
#1705 = CARTESIAN_POINT('',(82.13019978079,-1.E-01,108.92301270189));
#1706 = DIRECTION('',(-0.866025403784,0.,-0.5));
#1707 = DIRECTION('',(0.5,0.,-0.866025403784));
#1708 = ADVANCED_FACE('',(#1709),#1720,.T.);
#1709 = FACE_BOUND('',#1710,.T.);
#1710 = EDGE_LOOP('',(#1711,#1712,#1713,#1714));
#1711 = ORIENTED_EDGE('',*,*,#1666,.F.);
#1712 = ORIENTED_EDGE('',*,*,#274,.T.);
#1713 = ORIENTED_EDGE('',*,*,#1690,.T.);
#1714 = ORIENTED_EDGE('',*,*,#1715,.F.);
#1715 = EDGE_CURVE('',#1667,#1691,#1716,.T.);
#1716 = LINE('',#1717,#1718);
#1717 = CARTESIAN_POINT('',(86.02731409782,0.6,111.17301270189));
#1718 = VECTOR('',#1719,1.);
#1719 = DIRECTION('',(-0.866025403784,0.,-0.5));
#1720 = PLANE('',#1721);
#1721 = AXIS2_PLACEMENT_3D('',#1722,#1723,#1724);
#1722 = CARTESIAN_POINT('',(86.02731409782,-1.E-01,111.17301270189));
#1723 = DIRECTION('',(0.5,0.,-0.866025403784));
#1724 = DIRECTION('',(-0.866025403784,0.,-0.5));
#1725 = ADVANCED_FACE('',(#1726),#1751,.F.);
#1726 = FACE_BOUND('',#1727,.F.);
#1727 = EDGE_LOOP('',(#1728,#1736,#1737,#1745));
#1728 = ORIENTED_EDGE('',*,*,#1729,.F.);
#1729 = EDGE_CURVE('',#291,#1730,#1732,.T.);
#1730 = VERTEX_POINT('',#1731);
#1731 = CARTESIAN_POINT('',(83.709412212746,0.6,116.76892286908));
#1732 = LINE('',#1733,#1734);
#1733 = CARTESIAN_POINT('',(83.709412212746,-1.E-01,116.76892286908));
#1734 = VECTOR('',#1735,1.);
#1735 = DIRECTION('',(0.,1.,0.));
#1736 = ORIENTED_EDGE('',*,*,#290,.T.);
#1737 = ORIENTED_EDGE('',*,*,#1738,.T.);
#1738 = EDGE_CURVE('',#293,#1739,#1741,.T.);
#1739 = VERTEX_POINT('',#1740);
#1740 = CARTESIAN_POINT('',(79.362745994446,0.6,115.60423716612));
#1741 = LINE('',#1742,#1743);
#1742 = CARTESIAN_POINT('',(79.362745994446,-1.E-01,115.60423716612));
#1743 = VECTOR('',#1744,1.);
#1744 = DIRECTION('',(0.,1.,0.));
#1745 = ORIENTED_EDGE('',*,*,#1746,.F.);
#1746 = EDGE_CURVE('',#1730,#1739,#1747,.T.);
#1747 = LINE('',#1748,#1749);
#1748 = CARTESIAN_POINT('',(83.709412212746,0.6,116.76892286908));
#1749 = VECTOR('',#1750,1.);
#1750 = DIRECTION('',(-0.965925826289,0.,-0.258819045103));
#1751 = PLANE('',#1752);
#1752 = AXIS2_PLACEMENT_3D('',#1753,#1754,#1755);
#1753 = CARTESIAN_POINT('',(83.709412212746,-1.E-01,116.76892286908));
#1754 = DIRECTION('',(0.258819045103,0.,-0.965925826289));
#1755 = DIRECTION('',(-0.965925826289,0.,-0.258819045103));
#1756 = ADVANCED_FACE('',(#1757),#1775,.T.);
#1757 = FACE_BOUND('',#1758,.T.);
#1758 = EDGE_LOOP('',(#1759,#1760,#1761,#1769));
#1759 = ORIENTED_EDGE('',*,*,#1729,.F.);
#1760 = ORIENTED_EDGE('',*,*,#300,.T.);
#1761 = ORIENTED_EDGE('',*,*,#1762,.T.);
#1762 = EDGE_CURVE('',#301,#1763,#1765,.T.);
#1763 = VERTEX_POINT('',#1764);
#1764 = CARTESIAN_POINT('',(83.450593167644,0.6,117.73484869537));
#1765 = LINE('',#1766,#1767);
#1766 = CARTESIAN_POINT('',(83.450593167644,-1.E-01,117.73484869537));
#1767 = VECTOR('',#1768,1.);
#1768 = DIRECTION('',(0.,1.,0.));
#1769 = ORIENTED_EDGE('',*,*,#1770,.T.);
#1770 = EDGE_CURVE('',#1763,#1730,#1771,.T.);
#1771 = LINE('',#1772,#1773);
#1772 = CARTESIAN_POINT('',(83.450593167644,0.6,117.73484869537));
#1773 = VECTOR('',#1774,1.);
#1774 = DIRECTION('',(0.258819045103,0.,-0.965925826289));
#1775 = PLANE('',#1776);
#1776 = AXIS2_PLACEMENT_3D('',#1777,#1778,#1779);
#1777 = CARTESIAN_POINT('',(83.450593167644,-1.E-01,117.73484869537));
#1778 = DIRECTION('',(-0.965925826289,0.,-0.258819045103));
#1779 = DIRECTION('',(0.258819045103,0.,-0.965925826289));
#1780 = ADVANCED_FACE('',(#1781),#1799,.F.);
#1781 = FACE_BOUND('',#1782,.F.);
#1782 = EDGE_LOOP('',(#1783,#1784,#1785,#1793));
#1783 = ORIENTED_EDGE('',*,*,#1738,.F.);
#1784 = ORIENTED_EDGE('',*,*,#316,.T.);
#1785 = ORIENTED_EDGE('',*,*,#1786,.T.);
#1786 = EDGE_CURVE('',#309,#1787,#1789,.T.);
#1787 = VERTEX_POINT('',#1788);
#1788 = CARTESIAN_POINT('',(79.103926949343,0.6,116.57016299241));
#1789 = LINE('',#1790,#1791);
#1790 = CARTESIAN_POINT('',(79.103926949343,-1.E-01,116.57016299241));
#1791 = VECTOR('',#1792,1.);
#1792 = DIRECTION('',(0.,1.,0.));
#1793 = ORIENTED_EDGE('',*,*,#1794,.T.);
#1794 = EDGE_CURVE('',#1787,#1739,#1795,.T.);
#1795 = LINE('',#1796,#1797);
#1796 = CARTESIAN_POINT('',(79.103926949343,0.6,116.57016299241));
#1797 = VECTOR('',#1798,1.);
#1798 = DIRECTION('',(0.258819045103,0.,-0.965925826289));
#1799 = PLANE('',#1800);
#1800 = AXIS2_PLACEMENT_3D('',#1801,#1802,#1803);
#1801 = CARTESIAN_POINT('',(79.103926949343,-1.E-01,116.57016299241));
#1802 = DIRECTION('',(-0.965925826289,0.,-0.258819045103));
#1803 = DIRECTION('',(0.258819045103,0.,-0.965925826289));
#1804 = ADVANCED_FACE('',(#1805),#1816,.T.);
#1805 = FACE_BOUND('',#1806,.T.);
#1806 = EDGE_LOOP('',(#1807,#1808,#1809,#1810));
#1807 = ORIENTED_EDGE('',*,*,#1762,.F.);
#1808 = ORIENTED_EDGE('',*,*,#308,.T.);
#1809 = ORIENTED_EDGE('',*,*,#1786,.T.);
#1810 = ORIENTED_EDGE('',*,*,#1811,.F.);
#1811 = EDGE_CURVE('',#1763,#1787,#1812,.T.);
#1812 = LINE('',#1813,#1814);
#1813 = CARTESIAN_POINT('',(83.450593167644,0.6,117.73484869537));
#1814 = VECTOR('',#1815,1.);
#1815 = DIRECTION('',(-0.965925826289,0.,-0.258819045103));
#1816 = PLANE('',#1817);
#1817 = AXIS2_PLACEMENT_3D('',#1818,#1819,#1820);
#1818 = CARTESIAN_POINT('',(83.450593167644,-1.E-01,117.73484869537));
#1819 = DIRECTION('',(0.258819045103,0.,-0.965925826289));
#1820 = DIRECTION('',(-0.965925826289,0.,-0.258819045103));
#1821 = ADVANCED_FACE('',(#1822),#1847,.F.);
#1822 = FACE_BOUND('',#1823,.F.);
#1823 = EDGE_LOOP('',(#1824,#1832,#1833,#1841));
#1824 = ORIENTED_EDGE('',*,*,#1825,.F.);
#1825 = EDGE_CURVE('',#325,#1826,#1828,.T.);
#1826 = VERTEX_POINT('',#1827);
#1827 = CARTESIAN_POINT('',(82.66,0.6,123.74));
#1828 = LINE('',#1829,#1830);
#1829 = CARTESIAN_POINT('',(82.66,-1.E-01,123.74));
#1830 = VECTOR('',#1831,1.);
#1831 = DIRECTION('',(0.,1.,0.));
#1832 = ORIENTED_EDGE('',*,*,#324,.T.);
#1833 = ORIENTED_EDGE('',*,*,#1834,.T.);
#1834 = EDGE_CURVE('',#327,#1835,#1837,.T.);
#1835 = VERTEX_POINT('',#1836);
#1836 = CARTESIAN_POINT('',(78.16,0.6,123.74));
#1837 = LINE('',#1838,#1839);
#1838 = CARTESIAN_POINT('',(78.16,-1.E-01,123.74));
#1839 = VECTOR('',#1840,1.);
#1840 = DIRECTION('',(0.,1.,0.));
#1841 = ORIENTED_EDGE('',*,*,#1842,.F.);
#1842 = EDGE_CURVE('',#1826,#1835,#1843,.T.);
#1843 = LINE('',#1844,#1845);
#1844 = CARTESIAN_POINT('',(82.66,0.6,123.74));
#1845 = VECTOR('',#1846,1.);
#1846 = DIRECTION('',(-1.,0.,-1.224646799147E-16));
#1847 = PLANE('',#1848);
#1848 = AXIS2_PLACEMENT_3D('',#1849,#1850,#1851);
#1849 = CARTESIAN_POINT('',(82.66,-1.E-01,123.74));
#1850 = DIRECTION('',(1.224646799147E-16,0.,-1.));
#1851 = DIRECTION('',(-1.,0.,-1.224646799147E-16));
#1852 = ADVANCED_FACE('',(#1853),#1871,.T.);
#1853 = FACE_BOUND('',#1854,.T.);
#1854 = EDGE_LOOP('',(#1855,#1856,#1857,#1865));
#1855 = ORIENTED_EDGE('',*,*,#1825,.F.);
#1856 = ORIENTED_EDGE('',*,*,#334,.T.);
#1857 = ORIENTED_EDGE('',*,*,#1858,.T.);
#1858 = EDGE_CURVE('',#335,#1859,#1861,.T.);
#1859 = VERTEX_POINT('',#1860);
#1860 = CARTESIAN_POINT('',(82.66,0.6,124.74));
#1861 = LINE('',#1862,#1863);
#1862 = CARTESIAN_POINT('',(82.66,-1.E-01,124.74));
#1863 = VECTOR('',#1864,1.);
#1864 = DIRECTION('',(0.,1.,0.));
#1865 = ORIENTED_EDGE('',*,*,#1866,.T.);
#1866 = EDGE_CURVE('',#1859,#1826,#1867,.T.);
#1867 = LINE('',#1868,#1869);
#1868 = CARTESIAN_POINT('',(82.66,0.6,124.74));
#1869 = VECTOR('',#1870,1.);
#1870 = DIRECTION('',(1.224646799147E-16,0.,-1.));
#1871 = PLANE('',#1872);
#1872 = AXIS2_PLACEMENT_3D('',#1873,#1874,#1875);
#1873 = CARTESIAN_POINT('',(82.66,-1.E-01,124.74));
#1874 = DIRECTION('',(-1.,0.,-1.224646799147E-16));
#1875 = DIRECTION('',(1.224646799147E-16,0.,-1.));
#1876 = ADVANCED_FACE('',(#1877),#1895,.F.);
#1877 = FACE_BOUND('',#1878,.F.);
#1878 = EDGE_LOOP('',(#1879,#1880,#1881,#1889));
#1879 = ORIENTED_EDGE('',*,*,#1834,.F.);
#1880 = ORIENTED_EDGE('',*,*,#350,.T.);
#1881 = ORIENTED_EDGE('',*,*,#1882,.T.);
#1882 = EDGE_CURVE('',#343,#1883,#1885,.T.);
#1883 = VERTEX_POINT('',#1884);
#1884 = CARTESIAN_POINT('',(78.16,0.6,124.74));
#1885 = LINE('',#1886,#1887);
#1886 = CARTESIAN_POINT('',(78.16,-1.E-01,124.74));
#1887 = VECTOR('',#1888,1.);
#1888 = DIRECTION('',(0.,1.,0.));
#1889 = ORIENTED_EDGE('',*,*,#1890,.T.);
#1890 = EDGE_CURVE('',#1883,#1835,#1891,.T.);
#1891 = LINE('',#1892,#1893);
#1892 = CARTESIAN_POINT('',(78.16,0.6,124.74));
#1893 = VECTOR('',#1894,1.);
#1894 = DIRECTION('',(1.224646799147E-16,0.,-1.));
#1895 = PLANE('',#1896);
#1896 = AXIS2_PLACEMENT_3D('',#1897,#1898,#1899);
#1897 = CARTESIAN_POINT('',(78.16,-1.E-01,124.74));
#1898 = DIRECTION('',(-1.,0.,-1.224646799147E-16));
#1899 = DIRECTION('',(1.224646799147E-16,0.,-1.));
#1900 = ADVANCED_FACE('',(#1901),#1912,.T.);
#1901 = FACE_BOUND('',#1902,.T.);
#1902 = EDGE_LOOP('',(#1903,#1904,#1905,#1906));
#1903 = ORIENTED_EDGE('',*,*,#1858,.F.);
#1904 = ORIENTED_EDGE('',*,*,#342,.T.);
#1905 = ORIENTED_EDGE('',*,*,#1882,.T.);
#1906 = ORIENTED_EDGE('',*,*,#1907,.F.);
#1907 = EDGE_CURVE('',#1859,#1883,#1908,.T.);
#1908 = LINE('',#1909,#1910);
#1909 = CARTESIAN_POINT('',(82.66,0.6,124.74));
#1910 = VECTOR('',#1911,1.);
#1911 = DIRECTION('',(-1.,0.,-1.224646799147E-16));
#1912 = PLANE('',#1913);
#1913 = AXIS2_PLACEMENT_3D('',#1914,#1915,#1916);
#1914 = CARTESIAN_POINT('',(82.66,-1.E-01,124.74));
#1915 = DIRECTION('',(1.224646799147E-16,0.,-1.));
#1916 = DIRECTION('',(-1.,0.,-1.224646799147E-16));
#1917 = ADVANCED_FACE('',(#1918),#1943,.F.);
#1918 = FACE_BOUND('',#1919,.F.);
#1919 = EDGE_LOOP('',(#1920,#1928,#1929,#1937));
#1920 = ORIENTED_EDGE('',*,*,#1921,.F.);
#1921 = EDGE_CURVE('',#359,#1922,#1924,.T.);
#1922 = VERTEX_POINT('',#1923);
#1923 = CARTESIAN_POINT('',(90.921670298556,0.6,104.79456351737));
#1924 = LINE('',#1925,#1926);
#1925 = CARTESIAN_POINT('',(90.921670298556,-1.E-01,104.79456351737));
#1926 = VECTOR('',#1927,1.);
#1927 = DIRECTION('',(0.,1.,0.));
#1928 = ORIENTED_EDGE('',*,*,#358,.T.);
#1929 = ORIENTED_EDGE('',*,*,#1930,.T.);
#1930 = EDGE_CURVE('',#361,#1931,#1933,.T.);
#1931 = VERTEX_POINT('',#1932);
#1932 = CARTESIAN_POINT('',(87.739689783217,0.6,101.61258300203));
#1933 = LINE('',#1934,#1935);
#1934 = CARTESIAN_POINT('',(87.739689783217,-1.E-01,101.61258300203));
#1935 = VECTOR('',#1936,1.);
#1936 = DIRECTION('',(0.,1.,0.));
#1937 = ORIENTED_EDGE('',*,*,#1938,.F.);
#1938 = EDGE_CURVE('',#1922,#1931,#1939,.T.);
#1939 = LINE('',#1940,#1941);
#1940 = CARTESIAN_POINT('',(90.921670298556,0.6,104.79456351737));
#1941 = VECTOR('',#1942,1.);
#1942 = DIRECTION('',(-0.707106781187,0.,-0.707106781187));
#1943 = PLANE('',#1944);
#1944 = AXIS2_PLACEMENT_3D('',#1945,#1946,#1947);
#1945 = CARTESIAN_POINT('',(90.921670298556,-1.E-01,104.79456351737));
#1946 = DIRECTION('',(0.707106781187,0.,-0.707106781187));
#1947 = DIRECTION('',(-0.707106781187,0.,-0.707106781187));
#1948 = ADVANCED_FACE('',(#1949),#1967,.T.);
#1949 = FACE_BOUND('',#1950,.T.);
#1950 = EDGE_LOOP('',(#1951,#1952,#1953,#1961));
#1951 = ORIENTED_EDGE('',*,*,#1921,.F.);
#1952 = ORIENTED_EDGE('',*,*,#368,.T.);
#1953 = ORIENTED_EDGE('',*,*,#1954,.T.);
#1954 = EDGE_CURVE('',#369,#1955,#1957,.T.);
#1955 = VERTEX_POINT('',#1956);
#1956 = CARTESIAN_POINT('',(90.21456351737,0.6,105.50167029855));
#1957 = LINE('',#1958,#1959);
#1958 = CARTESIAN_POINT('',(90.21456351737,-1.E-01,105.50167029855));
#1959 = VECTOR('',#1960,1.);
#1960 = DIRECTION('',(0.,1.,0.));
#1961 = ORIENTED_EDGE('',*,*,#1962,.T.);
#1962 = EDGE_CURVE('',#1955,#1922,#1963,.T.);
#1963 = LINE('',#1964,#1965);
#1964 = CARTESIAN_POINT('',(90.21456351737,0.6,105.50167029855));
#1965 = VECTOR('',#1966,1.);
#1966 = DIRECTION('',(0.707106781187,0.,-0.707106781187));
#1967 = PLANE('',#1968);
#1968 = AXIS2_PLACEMENT_3D('',#1969,#1970,#1971);
#1969 = CARTESIAN_POINT('',(90.21456351737,-1.E-01,105.50167029855));
#1970 = DIRECTION('',(-0.707106781187,0.,-0.707106781187));
#1971 = DIRECTION('',(0.707106781187,0.,-0.707106781187));
#1972 = ADVANCED_FACE('',(#1973),#1991,.F.);
#1973 = FACE_BOUND('',#1974,.F.);
#1974 = EDGE_LOOP('',(#1975,#1976,#1977,#1985));
#1975 = ORIENTED_EDGE('',*,*,#1930,.F.);
#1976 = ORIENTED_EDGE('',*,*,#384,.T.);
#1977 = ORIENTED_EDGE('',*,*,#1978,.T.);
#1978 = EDGE_CURVE('',#377,#1979,#1981,.T.);
#1979 = VERTEX_POINT('',#1980);
#1980 = CARTESIAN_POINT('',(87.03258300203,0.6,102.31968978321));
#1981 = LINE('',#1982,#1983);
#1982 = CARTESIAN_POINT('',(87.03258300203,-1.E-01,102.31968978321));
#1983 = VECTOR('',#1984,1.);
#1984 = DIRECTION('',(0.,1.,0.));
#1985 = ORIENTED_EDGE('',*,*,#1986,.T.);
#1986 = EDGE_CURVE('',#1979,#1931,#1987,.T.);
#1987 = LINE('',#1988,#1989);
#1988 = CARTESIAN_POINT('',(87.03258300203,0.6,102.31968978321));
#1989 = VECTOR('',#1990,1.);
#1990 = DIRECTION('',(0.707106781187,0.,-0.707106781187));
#1991 = PLANE('',#1992);
#1992 = AXIS2_PLACEMENT_3D('',#1993,#1994,#1995);
#1993 = CARTESIAN_POINT('',(87.03258300203,-1.E-01,102.31968978321));
#1994 = DIRECTION('',(-0.707106781187,0.,-0.707106781187));
#1995 = DIRECTION('',(0.707106781187,0.,-0.707106781187));
#1996 = ADVANCED_FACE('',(#1997),#2008,.T.);
#1997 = FACE_BOUND('',#1998,.T.);
#1998 = EDGE_LOOP('',(#1999,#2000,#2001,#2002));
#1999 = ORIENTED_EDGE('',*,*,#1954,.F.);
#2000 = ORIENTED_EDGE('',*,*,#376,.T.);
#2001 = ORIENTED_EDGE('',*,*,#1978,.T.);
#2002 = ORIENTED_EDGE('',*,*,#2003,.F.);
#2003 = EDGE_CURVE('',#1955,#1979,#2004,.T.);
#2004 = LINE('',#2005,#2006);
#2005 = CARTESIAN_POINT('',(90.21456351737,0.6,105.50167029855));
#2006 = VECTOR('',#2007,1.);
#2007 = DIRECTION('',(-0.707106781187,0.,-0.707106781187));
#2008 = PLANE('',#2009);
#2009 = AXIS2_PLACEMENT_3D('',#2010,#2011,#2012);
#2010 = CARTESIAN_POINT('',(90.21456351737,-1.E-01,105.50167029855));
#2011 = DIRECTION('',(0.707106781187,0.,-0.707106781187));
#2012 = DIRECTION('',(-0.707106781187,0.,-0.707106781187));
#2013 = ADVANCED_FACE('',(#2014),#2039,.F.);
#2014 = FACE_BOUND('',#2015,.F.);
#2015 = EDGE_LOOP('',(#2016,#2024,#2025,#2033));
#2016 = ORIENTED_EDGE('',*,*,#2017,.F.);
#2017 = EDGE_CURVE('',#393,#2018,#2020,.T.);
#2018 = VERTEX_POINT('',#2019);
#2019 = CARTESIAN_POINT('',(83.450593167644,0.6,130.74515130462));
#2020 = LINE('',#2021,#2022);
#2021 = CARTESIAN_POINT('',(83.450593167644,-1.E-01,130.74515130462));
#2022 = VECTOR('',#2023,1.);
#2023 = DIRECTION('',(0.,1.,0.));
#2024 = ORIENTED_EDGE('',*,*,#392,.T.);
#2025 = ORIENTED_EDGE('',*,*,#2026,.T.);
#2026 = EDGE_CURVE('',#395,#2027,#2029,.T.);
#2027 = VERTEX_POINT('',#2028);
#2028 = CARTESIAN_POINT('',(79.103926949343,0.6,131.90983700758));
#2029 = LINE('',#2030,#2031);
#2030 = CARTESIAN_POINT('',(79.103926949343,-1.E-01,131.90983700758));
#2031 = VECTOR('',#2032,1.);
#2032 = DIRECTION('',(0.,1.,0.));
#2033 = ORIENTED_EDGE('',*,*,#2034,.F.);
#2034 = EDGE_CURVE('',#2018,#2027,#2035,.T.);
#2035 = LINE('',#2036,#2037);
#2036 = CARTESIAN_POINT('',(83.450593167644,0.6,130.74515130462));
#2037 = VECTOR('',#2038,1.);
#2038 = DIRECTION('',(-0.965925826289,0.,0.258819045103));
#2039 = PLANE('',#2040);
#2040 = AXIS2_PLACEMENT_3D('',#2041,#2042,#2043);
#2041 = CARTESIAN_POINT('',(83.450593167644,-1.E-01,130.74515130462));
#2042 = DIRECTION('',(-0.258819045103,0.,-0.965925826289));
#2043 = DIRECTION('',(-0.965925826289,0.,0.258819045103));
#2044 = ADVANCED_FACE('',(#2045),#2063,.T.);
#2045 = FACE_BOUND('',#2046,.T.);
#2046 = EDGE_LOOP('',(#2047,#2048,#2049,#2057));
#2047 = ORIENTED_EDGE('',*,*,#2017,.F.);
#2048 = ORIENTED_EDGE('',*,*,#402,.T.);
#2049 = ORIENTED_EDGE('',*,*,#2050,.T.);
#2050 = EDGE_CURVE('',#403,#2051,#2053,.T.);
#2051 = VERTEX_POINT('',#2052);
#2052 = CARTESIAN_POINT('',(83.709412212746,0.6,131.71107713091));
#2053 = LINE('',#2054,#2055);
#2054 = CARTESIAN_POINT('',(83.709412212746,-1.E-01,131.71107713091));
#2055 = VECTOR('',#2056,1.);
#2056 = DIRECTION('',(0.,1.,0.));
#2057 = ORIENTED_EDGE('',*,*,#2058,.T.);
#2058 = EDGE_CURVE('',#2051,#2018,#2059,.T.);
#2059 = LINE('',#2060,#2061);
#2060 = CARTESIAN_POINT('',(83.709412212746,0.6,131.71107713091));
#2061 = VECTOR('',#2062,1.);
#2062 = DIRECTION('',(-0.258819045103,0.,-0.965925826289));
#2063 = PLANE('',#2064);
#2064 = AXIS2_PLACEMENT_3D('',#2065,#2066,#2067);
#2065 = CARTESIAN_POINT('',(83.709412212746,-1.E-01,131.71107713091));
#2066 = DIRECTION('',(-0.965925826289,0.,0.258819045103));
#2067 = DIRECTION('',(-0.258819045103,0.,-0.965925826289));
#2068 = ADVANCED_FACE('',(#2069),#2087,.F.);
#2069 = FACE_BOUND('',#2070,.F.);
#2070 = EDGE_LOOP('',(#2071,#2072,#2073,#2081));
#2071 = ORIENTED_EDGE('',*,*,#2026,.F.);
#2072 = ORIENTED_EDGE('',*,*,#418,.T.);
#2073 = ORIENTED_EDGE('',*,*,#2074,.T.);
#2074 = EDGE_CURVE('',#411,#2075,#2077,.T.);
#2075 = VERTEX_POINT('',#2076);
#2076 = CARTESIAN_POINT('',(79.362745994446,0.6,132.87576283387));
#2077 = LINE('',#2078,#2079);
#2078 = CARTESIAN_POINT('',(79.362745994446,-1.E-01,132.87576283387));
#2079 = VECTOR('',#2080,1.);
#2080 = DIRECTION('',(0.,1.,0.));
#2081 = ORIENTED_EDGE('',*,*,#2082,.T.);
#2082 = EDGE_CURVE('',#2075,#2027,#2083,.T.);
#2083 = LINE('',#2084,#2085);
#2084 = CARTESIAN_POINT('',(79.362745994446,0.6,132.87576283387));
#2085 = VECTOR('',#2086,1.);
#2086 = DIRECTION('',(-0.258819045103,0.,-0.965925826289));
#2087 = PLANE('',#2088);
#2088 = AXIS2_PLACEMENT_3D('',#2089,#2090,#2091);
#2089 = CARTESIAN_POINT('',(79.362745994446,-1.E-01,132.87576283387));
#2090 = DIRECTION('',(-0.965925826289,0.,0.258819045103));
#2091 = DIRECTION('',(-0.258819045103,0.,-0.965925826289));
#2092 = ADVANCED_FACE('',(#2093),#2104,.T.);
#2093 = FACE_BOUND('',#2094,.T.);
#2094 = EDGE_LOOP('',(#2095,#2096,#2097,#2098));
#2095 = ORIENTED_EDGE('',*,*,#2050,.F.);
#2096 = ORIENTED_EDGE('',*,*,#410,.T.);
#2097 = ORIENTED_EDGE('',*,*,#2074,.T.);
#2098 = ORIENTED_EDGE('',*,*,#2099,.F.);
#2099 = EDGE_CURVE('',#2051,#2075,#2100,.T.);
#2100 = LINE('',#2101,#2102);
#2101 = CARTESIAN_POINT('',(83.709412212746,0.6,131.71107713091));
#2102 = VECTOR('',#2103,1.);
#2103 = DIRECTION('',(-0.965925826289,0.,0.258819045103));
#2104 = PLANE('',#2105);
#2105 = AXIS2_PLACEMENT_3D('',#2106,#2107,#2108);
#2106 = CARTESIAN_POINT('',(83.709412212746,-1.E-01,131.71107713091));
#2107 = DIRECTION('',(-0.258819045103,0.,-0.965925826289));
#2108 = DIRECTION('',(-0.965925826289,0.,0.258819045103));
#2109 = ADVANCED_FACE('',(#2110),#2135,.F.);
#2110 = FACE_BOUND('',#2111,.F.);
#2111 = EDGE_LOOP('',(#2112,#2120,#2121,#2129));
#2112 = ORIENTED_EDGE('',*,*,#2113,.F.);
#2113 = EDGE_CURVE('',#427,#2114,#2116,.T.);
#2114 = VERTEX_POINT('',#2115);
#2115 = CARTESIAN_POINT('',(86.02731409782,0.6,137.3069872981));
#2116 = LINE('',#2117,#2118);
#2117 = CARTESIAN_POINT('',(86.02731409782,-0.1,137.3069872981));
#2118 = VECTOR('',#2119,1.);
#2119 = DIRECTION('',(0.,1.,0.));
#2120 = ORIENTED_EDGE('',*,*,#426,.T.);
#2121 = ORIENTED_EDGE('',*,*,#2122,.T.);
#2122 = EDGE_CURVE('',#429,#2123,#2125,.T.);
#2123 = VERTEX_POINT('',#2124);
#2124 = CARTESIAN_POINT('',(82.13019978079,0.6,139.5569872981));
#2125 = LINE('',#2126,#2127);
#2126 = CARTESIAN_POINT('',(82.13019978079,-0.1,139.5569872981));
#2127 = VECTOR('',#2128,1.);
#2128 = DIRECTION('',(0.,1.,0.));
#2129 = ORIENTED_EDGE('',*,*,#2130,.F.);
#2130 = EDGE_CURVE('',#2114,#2123,#2131,.T.);
#2131 = LINE('',#2132,#2133);
#2132 = CARTESIAN_POINT('',(86.02731409782,0.6,137.3069872981));
#2133 = VECTOR('',#2134,1.);
#2134 = DIRECTION('',(-0.866025403784,0.,0.5));
#2135 = PLANE('',#2136);
#2136 = AXIS2_PLACEMENT_3D('',#2137,#2138,#2139);
#2137 = CARTESIAN_POINT('',(86.02731409782,-0.1,137.3069872981));
#2138 = DIRECTION('',(-0.5,0.,-0.866025403784));
#2139 = DIRECTION('',(-0.866025403784,0.,0.5));
#2140 = ADVANCED_FACE('',(#2141),#2159,.T.);
#2141 = FACE_BOUND('',#2142,.T.);
#2142 = EDGE_LOOP('',(#2143,#2144,#2145,#2153));
#2143 = ORIENTED_EDGE('',*,*,#2113,.F.);
#2144 = ORIENTED_EDGE('',*,*,#436,.T.);
#2145 = ORIENTED_EDGE('',*,*,#2146,.T.);
#2146 = EDGE_CURVE('',#437,#2147,#2149,.T.);
#2147 = VERTEX_POINT('',#2148);
#2148 = CARTESIAN_POINT('',(86.52731409782,0.6,138.17301270189));
#2149 = LINE('',#2150,#2151);
#2150 = CARTESIAN_POINT('',(86.52731409782,-0.1,138.17301270189));
#2151 = VECTOR('',#2152,1.);
#2152 = DIRECTION('',(0.,1.,0.));
#2153 = ORIENTED_EDGE('',*,*,#2154,.T.);
#2154 = EDGE_CURVE('',#2147,#2114,#2155,.T.);
#2155 = LINE('',#2156,#2157);
#2156 = CARTESIAN_POINT('',(86.52731409782,0.6,138.17301270189));
#2157 = VECTOR('',#2158,1.);
#2158 = DIRECTION('',(-0.5,0.,-0.866025403784));
#2159 = PLANE('',#2160);
#2160 = AXIS2_PLACEMENT_3D('',#2161,#2162,#2163);
#2161 = CARTESIAN_POINT('',(86.52731409782,-0.1,138.17301270189));
#2162 = DIRECTION('',(-0.866025403784,0.,0.5));
#2163 = DIRECTION('',(-0.5,0.,-0.866025403784));
#2164 = ADVANCED_FACE('',(#2165),#2183,.F.);
#2165 = FACE_BOUND('',#2166,.F.);
#2166 = EDGE_LOOP('',(#2167,#2168,#2169,#2177));
#2167 = ORIENTED_EDGE('',*,*,#2122,.F.);
#2168 = ORIENTED_EDGE('',*,*,#452,.T.);
#2169 = ORIENTED_EDGE('',*,*,#2170,.T.);
#2170 = EDGE_CURVE('',#445,#2171,#2173,.T.);
#2171 = VERTEX_POINT('',#2172);
#2172 = CARTESIAN_POINT('',(82.63019978079,0.6,140.42301270189));
#2173 = LINE('',#2174,#2175);
#2174 = CARTESIAN_POINT('',(82.63019978079,-0.1,140.42301270189));
#2175 = VECTOR('',#2176,1.);
#2176 = DIRECTION('',(0.,1.,0.));
#2177 = ORIENTED_EDGE('',*,*,#2178,.T.);
#2178 = EDGE_CURVE('',#2171,#2123,#2179,.T.);
#2179 = LINE('',#2180,#2181);
#2180 = CARTESIAN_POINT('',(82.63019978079,0.6,140.42301270189));
#2181 = VECTOR('',#2182,1.);
#2182 = DIRECTION('',(-0.5,0.,-0.866025403784));
#2183 = PLANE('',#2184);
#2184 = AXIS2_PLACEMENT_3D('',#2185,#2186,#2187);
#2185 = CARTESIAN_POINT('',(82.63019978079,-0.1,140.42301270189));
#2186 = DIRECTION('',(-0.866025403784,0.,0.5));
#2187 = DIRECTION('',(-0.5,0.,-0.866025403784));
#2188 = ADVANCED_FACE('',(#2189),#2200,.T.);
#2189 = FACE_BOUND('',#2190,.T.);
#2190 = EDGE_LOOP('',(#2191,#2192,#2193,#2194));
#2191 = ORIENTED_EDGE('',*,*,#2146,.F.);
#2192 = ORIENTED_EDGE('',*,*,#444,.T.);
#2193 = ORIENTED_EDGE('',*,*,#2170,.T.);
#2194 = ORIENTED_EDGE('',*,*,#2195,.F.);
#2195 = EDGE_CURVE('',#2147,#2171,#2196,.T.);
#2196 = LINE('',#2197,#2198);
#2197 = CARTESIAN_POINT('',(86.52731409782,0.6,138.17301270189));
#2198 = VECTOR('',#2199,1.);
#2199 = DIRECTION('',(-0.866025403784,0.,0.5));
#2200 = PLANE('',#2201);
#2201 = AXIS2_PLACEMENT_3D('',#2202,#2203,#2204);
#2202 = CARTESIAN_POINT('',(86.52731409782,-0.1,138.17301270189));
#2203 = DIRECTION('',(-0.5,0.,-0.866025403784));
#2204 = DIRECTION('',(-0.866025403784,0.,0.5));
#2205 = ADVANCED_FACE('',(#2206),#2231,.F.);
#2206 = FACE_BOUND('',#2207,.F.);
#2207 = EDGE_LOOP('',(#2208,#2216,#2217,#2225));
#2208 = ORIENTED_EDGE('',*,*,#2209,.F.);
#2209 = EDGE_CURVE('',#461,#2210,#2212,.T.);
#2210 = VERTEX_POINT('',#2211);
#2211 = CARTESIAN_POINT('',(90.21456351737,0.6,142.97832970144));
#2212 = LINE('',#2213,#2214);
#2213 = CARTESIAN_POINT('',(90.21456351737,-0.1,142.97832970144));
#2214 = VECTOR('',#2215,1.);
#2215 = DIRECTION('',(0.,1.,0.));
#2216 = ORIENTED_EDGE('',*,*,#460,.T.);
#2217 = ORIENTED_EDGE('',*,*,#2218,.T.);
#2218 = EDGE_CURVE('',#463,#2219,#2221,.T.);
#2219 = VERTEX_POINT('',#2220);
#2220 = CARTESIAN_POINT('',(87.03258300203,0.6,146.16031021678));
#2221 = LINE('',#2222,#2223);
#2222 = CARTESIAN_POINT('',(87.03258300203,-0.1,146.16031021678));
#2223 = VECTOR('',#2224,1.);
#2224 = DIRECTION('',(0.,1.,0.));
#2225 = ORIENTED_EDGE('',*,*,#2226,.F.);
#2226 = EDGE_CURVE('',#2210,#2219,#2227,.T.);
#2227 = LINE('',#2228,#2229);
#2228 = CARTESIAN_POINT('',(90.21456351737,0.6,142.97832970144));
#2229 = VECTOR('',#2230,1.);
#2230 = DIRECTION('',(-0.707106781187,0.,0.707106781187));
#2231 = PLANE('',#2232);
#2232 = AXIS2_PLACEMENT_3D('',#2233,#2234,#2235);
#2233 = CARTESIAN_POINT('',(90.21456351737,-0.1,142.97832970144));
#2234 = DIRECTION('',(-0.707106781187,0.,-0.707106781187));
#2235 = DIRECTION('',(-0.707106781187,0.,0.707106781187));
#2236 = ADVANCED_FACE('',(#2237),#2255,.T.);
#2237 = FACE_BOUND('',#2238,.T.);
#2238 = EDGE_LOOP('',(#2239,#2240,#2241,#2249));
#2239 = ORIENTED_EDGE('',*,*,#2209,.F.);
#2240 = ORIENTED_EDGE('',*,*,#470,.T.);
#2241 = ORIENTED_EDGE('',*,*,#2242,.T.);
#2242 = EDGE_CURVE('',#471,#2243,#2245,.T.);
#2243 = VERTEX_POINT('',#2244);
#2244 = CARTESIAN_POINT('',(90.921670298556,0.6,143.68543648263));
#2245 = LINE('',#2246,#2247);
#2246 = CARTESIAN_POINT('',(90.921670298556,-0.1,143.68543648263));
#2247 = VECTOR('',#2248,1.);
#2248 = DIRECTION('',(0.,1.,0.));
#2249 = ORIENTED_EDGE('',*,*,#2250,.T.);
#2250 = EDGE_CURVE('',#2243,#2210,#2251,.T.);
#2251 = LINE('',#2252,#2253);
#2252 = CARTESIAN_POINT('',(90.921670298556,0.6,143.68543648263));
#2253 = VECTOR('',#2254,1.);
#2254 = DIRECTION('',(-0.707106781187,0.,-0.707106781187));
#2255 = PLANE('',#2256);
#2256 = AXIS2_PLACEMENT_3D('',#2257,#2258,#2259);
#2257 = CARTESIAN_POINT('',(90.921670298556,-0.1,143.68543648263));
#2258 = DIRECTION('',(-0.707106781187,0.,0.707106781187));
#2259 = DIRECTION('',(-0.707106781187,0.,-0.707106781187));
#2260 = ADVANCED_FACE('',(#2261),#2279,.F.);
#2261 = FACE_BOUND('',#2262,.F.);
#2262 = EDGE_LOOP('',(#2263,#2264,#2265,#2273));
#2263 = ORIENTED_EDGE('',*,*,#2218,.F.);
#2264 = ORIENTED_EDGE('',*,*,#486,.T.);
#2265 = ORIENTED_EDGE('',*,*,#2266,.T.);
#2266 = EDGE_CURVE('',#479,#2267,#2269,.T.);
#2267 = VERTEX_POINT('',#2268);
#2268 = CARTESIAN_POINT('',(87.739689783217,0.6,146.86741699796));
#2269 = LINE('',#2270,#2271);
#2270 = CARTESIAN_POINT('',(87.739689783217,-0.1,146.86741699796));
#2271 = VECTOR('',#2272,1.);
#2272 = DIRECTION('',(0.,1.,0.));
#2273 = ORIENTED_EDGE('',*,*,#2274,.T.);
#2274 = EDGE_CURVE('',#2267,#2219,#2275,.T.);
#2275 = LINE('',#2276,#2277);
#2276 = CARTESIAN_POINT('',(87.739689783217,0.6,146.86741699796));
#2277 = VECTOR('',#2278,1.);
#2278 = DIRECTION('',(-0.707106781187,0.,-0.707106781187));
#2279 = PLANE('',#2280);
#2280 = AXIS2_PLACEMENT_3D('',#2281,#2282,#2283);
#2281 = CARTESIAN_POINT('',(87.739689783217,-0.1,146.86741699796));
#2282 = DIRECTION('',(-0.707106781187,0.,0.707106781187));
#2283 = DIRECTION('',(-0.707106781187,0.,-0.707106781187));
#2284 = ADVANCED_FACE('',(#2285),#2296,.T.);
#2285 = FACE_BOUND('',#2286,.T.);
#2286 = EDGE_LOOP('',(#2287,#2288,#2289,#2290));
#2287 = ORIENTED_EDGE('',*,*,#2242,.F.);
#2288 = ORIENTED_EDGE('',*,*,#478,.T.);
#2289 = ORIENTED_EDGE('',*,*,#2266,.T.);
#2290 = ORIENTED_EDGE('',*,*,#2291,.F.);
#2291 = EDGE_CURVE('',#2243,#2267,#2292,.T.);
#2292 = LINE('',#2293,#2294);
#2293 = CARTESIAN_POINT('',(90.921670298556,0.6,143.68543648263));
#2294 = VECTOR('',#2295,1.);
#2295 = DIRECTION('',(-0.707106781187,0.,0.707106781187));
#2296 = PLANE('',#2297);
#2297 = AXIS2_PLACEMENT_3D('',#2298,#2299,#2300);
#2298 = CARTESIAN_POINT('',(90.921670298556,-0.1,143.68543648263));
#2299 = DIRECTION('',(-0.707106781187,0.,-0.707106781187));
#2300 = DIRECTION('',(-0.707106781187,0.,0.707106781187));
#2301 = ADVANCED_FACE('',(#2302),#2321,.F.);
#2302 = FACE_BOUND('',#2303,.F.);
#2303 = EDGE_LOOP('',(#2304,#2313,#2319,#2320));
#2304 = ORIENTED_EDGE('',*,*,#2305,.F.);
#2305 = EDGE_CURVE('',#2306,#2306,#2308,.T.);
#2306 = VERTEX_POINT('',#2307);
#2307 = CARTESIAN_POINT('',(109.66,2.25,127.89));
#2308 = CIRCLE('',#2309,3.65);
#2309 = AXIS2_PLACEMENT_3D('',#2310,#2311,#2312);
#2310 = CARTESIAN_POINT('',(109.66,2.25,124.24));
#2311 = DIRECTION('',(0.,1.,0.));
#2312 = DIRECTION('',(0.,-0.,1.));
#2313 = ORIENTED_EDGE('',*,*,#2314,.F.);
#2314 = EDGE_CURVE('',#495,#2306,#2315,.T.);
#2315 = LINE('',#2316,#2317);
#2316 = CARTESIAN_POINT('',(109.66,-2.,127.89));
#2317 = VECTOR('',#2318,1.);
#2318 = DIRECTION('',(0.,1.,0.));
#2319 = ORIENTED_EDGE('',*,*,#494,.T.);
#2320 = ORIENTED_EDGE('',*,*,#2314,.T.);
#2321 = CYLINDRICAL_SURFACE('',#2322,3.65);
#2322 = AXIS2_PLACEMENT_3D('',#2323,#2324,#2325);
#2323 = CARTESIAN_POINT('',(109.66,-2.,124.24));
#2324 = DIRECTION('',(0.,1.,0.));
#2325 = DIRECTION('',(0.,-0.,1.));
#2326 = ADVANCED_FACE('',(#2327),#2352,.F.);
#2327 = FACE_BOUND('',#2328,.F.);
#2328 = EDGE_LOOP('',(#2329,#2337,#2338,#2346));
#2329 = ORIENTED_EDGE('',*,*,#2330,.F.);
#2330 = EDGE_CURVE('',#506,#2331,#2333,.T.);
#2331 = VERTEX_POINT('',#2332);
#2332 = CARTESIAN_POINT('',(95.726987298108,0.6,147.37268590218));
#2333 = LINE('',#2334,#2335);
#2334 = CARTESIAN_POINT('',(95.726987298108,-1.E-01,147.37268590218));
#2335 = VECTOR('',#2336,1.);
#2336 = DIRECTION('',(0.,1.,0.));
#2337 = ORIENTED_EDGE('',*,*,#505,.T.);
#2338 = ORIENTED_EDGE('',*,*,#2339,.T.);
#2339 = EDGE_CURVE('',#508,#2340,#2342,.T.);
#2340 = VERTEX_POINT('',#2341);
#2341 = CARTESIAN_POINT('',(93.476987298108,0.6,151.26980021921));
#2342 = LINE('',#2343,#2344);
#2343 = CARTESIAN_POINT('',(93.476987298108,-1.E-01,151.26980021921));
#2344 = VECTOR('',#2345,1.);
#2345 = DIRECTION('',(0.,1.,0.));
#2346 = ORIENTED_EDGE('',*,*,#2347,.F.);
#2347 = EDGE_CURVE('',#2331,#2340,#2348,.T.);
#2348 = LINE('',#2349,#2350);
#2349 = CARTESIAN_POINT('',(95.726987298108,0.6,147.37268590218));
#2350 = VECTOR('',#2351,1.);
#2351 = DIRECTION('',(-0.5,0.,0.866025403784));
#2352 = PLANE('',#2353);
#2353 = AXIS2_PLACEMENT_3D('',#2354,#2355,#2356);
#2354 = CARTESIAN_POINT('',(95.726987298108,-1.E-01,147.37268590218));
#2355 = DIRECTION('',(-0.866025403784,0.,-0.5));
#2356 = DIRECTION('',(-0.5,0.,0.866025403784));
#2357 = ADVANCED_FACE('',(#2358),#2376,.T.);
#2358 = FACE_BOUND('',#2359,.T.);
#2359 = EDGE_LOOP('',(#2360,#2361,#2362,#2370));
#2360 = ORIENTED_EDGE('',*,*,#2330,.F.);
#2361 = ORIENTED_EDGE('',*,*,#515,.T.);
#2362 = ORIENTED_EDGE('',*,*,#2363,.T.);
#2363 = EDGE_CURVE('',#516,#2364,#2366,.T.);
#2364 = VERTEX_POINT('',#2365);
#2365 = CARTESIAN_POINT('',(96.593012701892,0.6,147.87268590218));
#2366 = LINE('',#2367,#2368);
#2367 = CARTESIAN_POINT('',(96.593012701892,-1.E-01,147.87268590218));
#2368 = VECTOR('',#2369,1.);
#2369 = DIRECTION('',(0.,1.,0.));
#2370 = ORIENTED_EDGE('',*,*,#2371,.T.);
#2371 = EDGE_CURVE('',#2364,#2331,#2372,.T.);
#2372 = LINE('',#2373,#2374);
#2373 = CARTESIAN_POINT('',(96.593012701892,0.6,147.87268590218));
#2374 = VECTOR('',#2375,1.);
#2375 = DIRECTION('',(-0.866025403784,0.,-0.5));
#2376 = PLANE('',#2377);
#2377 = AXIS2_PLACEMENT_3D('',#2378,#2379,#2380);
#2378 = CARTESIAN_POINT('',(96.593012701892,-1.E-01,147.87268590218));
#2379 = DIRECTION('',(-0.5,0.,0.866025403784));
#2380 = DIRECTION('',(-0.866025403784,0.,-0.5));
#2381 = ADVANCED_FACE('',(#2382),#2400,.F.);
#2382 = FACE_BOUND('',#2383,.F.);
#2383 = EDGE_LOOP('',(#2384,#2385,#2386,#2394));
#2384 = ORIENTED_EDGE('',*,*,#2339,.F.);
#2385 = ORIENTED_EDGE('',*,*,#531,.T.);
#2386 = ORIENTED_EDGE('',*,*,#2387,.T.);
#2387 = EDGE_CURVE('',#524,#2388,#2390,.T.);
#2388 = VERTEX_POINT('',#2389);
#2389 = CARTESIAN_POINT('',(94.343012701892,0.6,151.76980021921));
#2390 = LINE('',#2391,#2392);
#2391 = CARTESIAN_POINT('',(94.343012701892,-1.E-01,151.76980021921));
#2392 = VECTOR('',#2393,1.);
#2393 = DIRECTION('',(0.,1.,0.));
#2394 = ORIENTED_EDGE('',*,*,#2395,.T.);
#2395 = EDGE_CURVE('',#2388,#2340,#2396,.T.);
#2396 = LINE('',#2397,#2398);
#2397 = CARTESIAN_POINT('',(94.343012701892,0.6,151.76980021921));
#2398 = VECTOR('',#2399,1.);
#2399 = DIRECTION('',(-0.866025403784,0.,-0.5));
#2400 = PLANE('',#2401);
#2401 = AXIS2_PLACEMENT_3D('',#2402,#2403,#2404);
#2402 = CARTESIAN_POINT('',(94.343012701892,-1.E-01,151.76980021921));
#2403 = DIRECTION('',(-0.5,0.,0.866025403784));
#2404 = DIRECTION('',(-0.866025403784,0.,-0.5));
#2405 = ADVANCED_FACE('',(#2406),#2417,.T.);
#2406 = FACE_BOUND('',#2407,.T.);
#2407 = EDGE_LOOP('',(#2408,#2409,#2410,#2411));
#2408 = ORIENTED_EDGE('',*,*,#2363,.F.);
#2409 = ORIENTED_EDGE('',*,*,#523,.T.);
#2410 = ORIENTED_EDGE('',*,*,#2387,.T.);
#2411 = ORIENTED_EDGE('',*,*,#2412,.F.);
#2412 = EDGE_CURVE('',#2364,#2388,#2413,.T.);
#2413 = LINE('',#2414,#2415);
#2414 = CARTESIAN_POINT('',(96.593012701892,0.6,147.87268590218));
#2415 = VECTOR('',#2416,1.);
#2416 = DIRECTION('',(-0.5,0.,0.866025403784));
#2417 = PLANE('',#2418);
#2418 = AXIS2_PLACEMENT_3D('',#2419,#2420,#2421);
#2419 = CARTESIAN_POINT('',(96.593012701892,-1.E-01,147.87268590218));
#2420 = DIRECTION('',(-0.866025403784,0.,-0.5));
#2421 = DIRECTION('',(-0.5,0.,0.866025403784));
#2422 = ADVANCED_FACE('',(#2423),#2448,.F.);
#2423 = FACE_BOUND('',#2424,.F.);
#2424 = EDGE_LOOP('',(#2425,#2433,#2434,#2442));
#2425 = ORIENTED_EDGE('',*,*,#2426,.F.);
#2426 = EDGE_CURVE('',#540,#2427,#2429,.T.);
#2427 = VERTEX_POINT('',#2428);
#2428 = CARTESIAN_POINT('',(102.18892286908,0.6,150.19058778725));
#2429 = LINE('',#2430,#2431);
#2430 = CARTESIAN_POINT('',(102.18892286908,-1.E-01,150.19058778725));
#2431 = VECTOR('',#2432,1.);
#2432 = DIRECTION('',(0.,1.,0.));
#2433 = ORIENTED_EDGE('',*,*,#539,.T.);
#2434 = ORIENTED_EDGE('',*,*,#2435,.T.);
#2435 = EDGE_CURVE('',#542,#2436,#2438,.T.);
#2436 = VERTEX_POINT('',#2437);
#2437 = CARTESIAN_POINT('',(101.02423716612,0.6,154.53725400555));
#2438 = LINE('',#2439,#2440);
#2439 = CARTESIAN_POINT('',(101.02423716612,-1.E-01,154.53725400555));
#2440 = VECTOR('',#2441,1.);
#2441 = DIRECTION('',(0.,1.,0.));
#2442 = ORIENTED_EDGE('',*,*,#2443,.F.);
#2443 = EDGE_CURVE('',#2427,#2436,#2444,.T.);
#2444 = LINE('',#2445,#2446);
#2445 = CARTESIAN_POINT('',(102.18892286908,0.6,150.19058778725));
#2446 = VECTOR('',#2447,1.);
#2447 = DIRECTION('',(-0.258819045103,0.,0.965925826289));
#2448 = PLANE('',#2449);
#2449 = AXIS2_PLACEMENT_3D('',#2450,#2451,#2452);
#2450 = CARTESIAN_POINT('',(102.18892286908,-1.E-01,150.19058778725));
#2451 = DIRECTION('',(-0.965925826289,0.,-0.258819045103));
#2452 = DIRECTION('',(-0.258819045103,0.,0.965925826289));
#2453 = ADVANCED_FACE('',(#2454),#2472,.T.);
#2454 = FACE_BOUND('',#2455,.T.);
#2455 = EDGE_LOOP('',(#2456,#2457,#2458,#2466));
#2456 = ORIENTED_EDGE('',*,*,#2426,.F.);
#2457 = ORIENTED_EDGE('',*,*,#549,.T.);
#2458 = ORIENTED_EDGE('',*,*,#2459,.T.);
#2459 = EDGE_CURVE('',#550,#2460,#2462,.T.);
#2460 = VERTEX_POINT('',#2461);
#2461 = CARTESIAN_POINT('',(103.15484869537,0.6,150.44940683235));
#2462 = LINE('',#2463,#2464);
#2463 = CARTESIAN_POINT('',(103.15484869537,-1.E-01,150.44940683235));
#2464 = VECTOR('',#2465,1.);
#2465 = DIRECTION('',(0.,1.,0.));
#2466 = ORIENTED_EDGE('',*,*,#2467,.T.);
#2467 = EDGE_CURVE('',#2460,#2427,#2468,.T.);
#2468 = LINE('',#2469,#2470);
#2469 = CARTESIAN_POINT('',(103.15484869537,0.6,150.44940683235));
#2470 = VECTOR('',#2471,1.);
#2471 = DIRECTION('',(-0.965925826289,0.,-0.258819045103));
#2472 = PLANE('',#2473);
#2473 = AXIS2_PLACEMENT_3D('',#2474,#2475,#2476);
#2474 = CARTESIAN_POINT('',(103.15484869537,-1.E-01,150.44940683235));
#2475 = DIRECTION('',(-0.258819045103,0.,0.965925826289));
#2476 = DIRECTION('',(-0.965925826289,0.,-0.258819045103));
#2477 = ADVANCED_FACE('',(#2478),#2496,.F.);
#2478 = FACE_BOUND('',#2479,.F.);
#2479 = EDGE_LOOP('',(#2480,#2481,#2482,#2490));
#2480 = ORIENTED_EDGE('',*,*,#2435,.F.);
#2481 = ORIENTED_EDGE('',*,*,#565,.T.);
#2482 = ORIENTED_EDGE('',*,*,#2483,.T.);
#2483 = EDGE_CURVE('',#558,#2484,#2486,.T.);
#2484 = VERTEX_POINT('',#2485);
#2485 = CARTESIAN_POINT('',(101.99016299241,0.6,154.79607305065));
#2486 = LINE('',#2487,#2488);
#2487 = CARTESIAN_POINT('',(101.99016299241,-1.E-01,154.79607305065));
#2488 = VECTOR('',#2489,1.);
#2489 = DIRECTION('',(0.,1.,0.));
#2490 = ORIENTED_EDGE('',*,*,#2491,.T.);
#2491 = EDGE_CURVE('',#2484,#2436,#2492,.T.);
#2492 = LINE('',#2493,#2494);
#2493 = CARTESIAN_POINT('',(101.99016299241,0.6,154.79607305065));
#2494 = VECTOR('',#2495,1.);
#2495 = DIRECTION('',(-0.965925826289,0.,-0.258819045103));
#2496 = PLANE('',#2497);
#2497 = AXIS2_PLACEMENT_3D('',#2498,#2499,#2500);
#2498 = CARTESIAN_POINT('',(101.99016299241,-1.E-01,154.79607305065));
#2499 = DIRECTION('',(-0.258819045103,0.,0.965925826289));
#2500 = DIRECTION('',(-0.965925826289,0.,-0.258819045103));
#2501 = ADVANCED_FACE('',(#2502),#2513,.T.);
#2502 = FACE_BOUND('',#2503,.T.);
#2503 = EDGE_LOOP('',(#2504,#2505,#2506,#2507));
#2504 = ORIENTED_EDGE('',*,*,#2459,.F.);
#2505 = ORIENTED_EDGE('',*,*,#557,.T.);
#2506 = ORIENTED_EDGE('',*,*,#2483,.T.);
#2507 = ORIENTED_EDGE('',*,*,#2508,.F.);
#2508 = EDGE_CURVE('',#2460,#2484,#2509,.T.);
#2509 = LINE('',#2510,#2511);
#2510 = CARTESIAN_POINT('',(103.15484869537,0.6,150.44940683235));
#2511 = VECTOR('',#2512,1.);
#2512 = DIRECTION('',(-0.258819045103,0.,0.965925826289));
#2513 = PLANE('',#2514);
#2514 = AXIS2_PLACEMENT_3D('',#2515,#2516,#2517);
#2515 = CARTESIAN_POINT('',(103.15484869537,-1.E-01,150.44940683235));
#2516 = DIRECTION('',(-0.965925826289,0.,-0.258819045103));
#2517 = DIRECTION('',(-0.258819045103,0.,0.965925826289));
#2518 = ADVANCED_FACE('',(#2519),#2544,.F.);
#2519 = FACE_BOUND('',#2520,.F.);
#2520 = EDGE_LOOP('',(#2521,#2529,#2530,#2538));
#2521 = ORIENTED_EDGE('',*,*,#2522,.F.);
#2522 = EDGE_CURVE('',#574,#2523,#2525,.T.);
#2523 = VERTEX_POINT('',#2524);
#2524 = CARTESIAN_POINT('',(109.16,0.6,151.24));
#2525 = LINE('',#2526,#2527);
#2526 = CARTESIAN_POINT('',(109.16,-1.E-01,151.24));
#2527 = VECTOR('',#2528,1.);
#2528 = DIRECTION('',(0.,1.,0.));
#2529 = ORIENTED_EDGE('',*,*,#573,.T.);
#2530 = ORIENTED_EDGE('',*,*,#2531,.T.);
#2531 = EDGE_CURVE('',#576,#2532,#2534,.T.);
#2532 = VERTEX_POINT('',#2533);
#2533 = CARTESIAN_POINT('',(109.16,0.6,155.74));
#2534 = LINE('',#2535,#2536);
#2535 = CARTESIAN_POINT('',(109.16,-1.E-01,155.74));
#2536 = VECTOR('',#2537,1.);
#2537 = DIRECTION('',(0.,1.,0.));
#2538 = ORIENTED_EDGE('',*,*,#2539,.F.);
#2539 = EDGE_CURVE('',#2523,#2532,#2540,.T.);
#2540 = LINE('',#2541,#2542);
#2541 = CARTESIAN_POINT('',(109.16,0.6,151.24));
#2542 = VECTOR('',#2543,1.);
#2543 = DIRECTION('',(-2.22044604925E-16,0.,1.));
#2544 = PLANE('',#2545);
#2545 = AXIS2_PLACEMENT_3D('',#2546,#2547,#2548);
#2546 = CARTESIAN_POINT('',(109.16,-1.E-01,151.24));
#2547 = DIRECTION('',(-1.,0.,-2.22044604925E-16));
#2548 = DIRECTION('',(-2.22044604925E-16,0.,1.));
#2549 = ADVANCED_FACE('',(#2550),#2568,.T.);
#2550 = FACE_BOUND('',#2551,.T.);
#2551 = EDGE_LOOP('',(#2552,#2553,#2554,#2562));
#2552 = ORIENTED_EDGE('',*,*,#2522,.F.);
#2553 = ORIENTED_EDGE('',*,*,#583,.T.);
#2554 = ORIENTED_EDGE('',*,*,#2555,.T.);
#2555 = EDGE_CURVE('',#584,#2556,#2558,.T.);
#2556 = VERTEX_POINT('',#2557);
#2557 = CARTESIAN_POINT('',(110.16,0.6,151.24));
#2558 = LINE('',#2559,#2560);
#2559 = CARTESIAN_POINT('',(110.16,-1.E-01,151.24));
#2560 = VECTOR('',#2561,1.);
#2561 = DIRECTION('',(0.,1.,0.));
#2562 = ORIENTED_EDGE('',*,*,#2563,.T.);
#2563 = EDGE_CURVE('',#2556,#2523,#2564,.T.);
#2564 = LINE('',#2565,#2566);
#2565 = CARTESIAN_POINT('',(110.16,0.6,151.24));
#2566 = VECTOR('',#2567,1.);
#2567 = DIRECTION('',(-1.,0.,-2.22044604925E-16));
#2568 = PLANE('',#2569);
#2569 = AXIS2_PLACEMENT_3D('',#2570,#2571,#2572);
#2570 = CARTESIAN_POINT('',(110.16,-1.E-01,151.24));
#2571 = DIRECTION('',(-2.22044604925E-16,0.,1.));
#2572 = DIRECTION('',(-1.,0.,-2.22044604925E-16));
#2573 = ADVANCED_FACE('',(#2574),#2592,.F.);
#2574 = FACE_BOUND('',#2575,.F.);
#2575 = EDGE_LOOP('',(#2576,#2577,#2578,#2586));
#2576 = ORIENTED_EDGE('',*,*,#2531,.F.);
#2577 = ORIENTED_EDGE('',*,*,#599,.T.);
#2578 = ORIENTED_EDGE('',*,*,#2579,.T.);
#2579 = EDGE_CURVE('',#592,#2580,#2582,.T.);
#2580 = VERTEX_POINT('',#2581);
#2581 = CARTESIAN_POINT('',(110.16,0.6,155.74));
#2582 = LINE('',#2583,#2584);
#2583 = CARTESIAN_POINT('',(110.16,-1.E-01,155.74));
#2584 = VECTOR('',#2585,1.);
#2585 = DIRECTION('',(0.,1.,0.));
#2586 = ORIENTED_EDGE('',*,*,#2587,.T.);
#2587 = EDGE_CURVE('',#2580,#2532,#2588,.T.);
#2588 = LINE('',#2589,#2590);
#2589 = CARTESIAN_POINT('',(110.16,0.6,155.74));
#2590 = VECTOR('',#2591,1.);
#2591 = DIRECTION('',(-1.,0.,-2.22044604925E-16));
#2592 = PLANE('',#2593);
#2593 = AXIS2_PLACEMENT_3D('',#2594,#2595,#2596);
#2594 = CARTESIAN_POINT('',(110.16,-1.E-01,155.74));
#2595 = DIRECTION('',(-2.22044604925E-16,0.,1.));
#2596 = DIRECTION('',(-1.,0.,-2.22044604925E-16));
#2597 = ADVANCED_FACE('',(#2598),#2609,.T.);
#2598 = FACE_BOUND('',#2599,.T.);
#2599 = EDGE_LOOP('',(#2600,#2601,#2602,#2603));
#2600 = ORIENTED_EDGE('',*,*,#2555,.F.);
#2601 = ORIENTED_EDGE('',*,*,#591,.T.);
#2602 = ORIENTED_EDGE('',*,*,#2579,.T.);
#2603 = ORIENTED_EDGE('',*,*,#2604,.F.);
#2604 = EDGE_CURVE('',#2556,#2580,#2605,.T.);
#2605 = LINE('',#2606,#2607);
#2606 = CARTESIAN_POINT('',(110.16,0.6,151.24));
#2607 = VECTOR('',#2608,1.);
#2608 = DIRECTION('',(-2.22044604925E-16,0.,1.));
#2609 = PLANE('',#2610);
#2610 = AXIS2_PLACEMENT_3D('',#2611,#2612,#2613);
#2611 = CARTESIAN_POINT('',(110.16,-1.E-01,151.24));
#2612 = DIRECTION('',(-1.,0.,-2.22044604925E-16));
#2613 = DIRECTION('',(-2.22044604925E-16,0.,1.));
#2614 = ADVANCED_FACE('',(#2615),#2640,.F.);
#2615 = FACE_BOUND('',#2616,.F.);
#2616 = EDGE_LOOP('',(#2617,#2625,#2626,#2634));
#2617 = ORIENTED_EDGE('',*,*,#2618,.F.);
#2618 = EDGE_CURVE('',#608,#2619,#2621,.T.);
#2619 = VERTEX_POINT('',#2620);
#2620 = CARTESIAN_POINT('',(117.13107713091,0.6,98.289412212746));
#2621 = LINE('',#2622,#2623);
#2622 = CARTESIAN_POINT('',(117.13107713091,-1.E-01,98.289412212746));
#2623 = VECTOR('',#2624,1.);
#2624 = DIRECTION('',(0.,1.,0.));
#2625 = ORIENTED_EDGE('',*,*,#607,.T.);
#2626 = ORIENTED_EDGE('',*,*,#2627,.T.);
#2627 = EDGE_CURVE('',#610,#2628,#2630,.T.);
#2628 = VERTEX_POINT('',#2629);
#2629 = CARTESIAN_POINT('',(118.29576283387,0.6,93.942745994446));
#2630 = LINE('',#2631,#2632);
#2631 = CARTESIAN_POINT('',(118.29576283387,-1.E-01,93.942745994446));
#2632 = VECTOR('',#2633,1.);
#2633 = DIRECTION('',(0.,1.,0.));
#2634 = ORIENTED_EDGE('',*,*,#2635,.F.);
#2635 = EDGE_CURVE('',#2619,#2628,#2636,.T.);
#2636 = LINE('',#2637,#2638);
#2637 = CARTESIAN_POINT('',(117.13107713091,0.6,98.289412212746));
#2638 = VECTOR('',#2639,1.);
#2639 = DIRECTION('',(0.258819045103,0.,-0.965925826289));
#2640 = PLANE('',#2641);
#2641 = AXIS2_PLACEMENT_3D('',#2642,#2643,#2644);
#2642 = CARTESIAN_POINT('',(117.13107713091,-1.E-01,98.289412212746));
#2643 = DIRECTION('',(0.965925826289,0.,0.258819045103));
#2644 = DIRECTION('',(0.258819045103,0.,-0.965925826289));
#2645 = ADVANCED_FACE('',(#2646),#2664,.T.);
#2646 = FACE_BOUND('',#2647,.T.);
#2647 = EDGE_LOOP('',(#2648,#2649,#2650,#2658));
#2648 = ORIENTED_EDGE('',*,*,#2618,.F.);
#2649 = ORIENTED_EDGE('',*,*,#617,.T.);
#2650 = ORIENTED_EDGE('',*,*,#2651,.T.);
#2651 = EDGE_CURVE('',#618,#2652,#2654,.T.);
#2652 = VERTEX_POINT('',#2653);
#2653 = CARTESIAN_POINT('',(116.16515130462,0.6,98.030593167644));
#2654 = LINE('',#2655,#2656);
#2655 = CARTESIAN_POINT('',(116.16515130462,-1.E-01,98.030593167644));
#2656 = VECTOR('',#2657,1.);
#2657 = DIRECTION('',(0.,1.,0.));
#2658 = ORIENTED_EDGE('',*,*,#2659,.T.);
#2659 = EDGE_CURVE('',#2652,#2619,#2660,.T.);
#2660 = LINE('',#2661,#2662);
#2661 = CARTESIAN_POINT('',(116.16515130462,0.6,98.030593167644));
#2662 = VECTOR('',#2663,1.);
#2663 = DIRECTION('',(0.965925826289,0.,0.258819045103));
#2664 = PLANE('',#2665);
#2665 = AXIS2_PLACEMENT_3D('',#2666,#2667,#2668);
#2666 = CARTESIAN_POINT('',(116.16515130462,-1.E-01,98.030593167644));
#2667 = DIRECTION('',(0.258819045103,0.,-0.965925826289));
#2668 = DIRECTION('',(0.965925826289,0.,0.258819045103));
#2669 = ADVANCED_FACE('',(#2670),#2688,.F.);
#2670 = FACE_BOUND('',#2671,.F.);
#2671 = EDGE_LOOP('',(#2672,#2673,#2674,#2682));
#2672 = ORIENTED_EDGE('',*,*,#2627,.F.);
#2673 = ORIENTED_EDGE('',*,*,#633,.T.);
#2674 = ORIENTED_EDGE('',*,*,#2675,.T.);
#2675 = EDGE_CURVE('',#626,#2676,#2678,.T.);
#2676 = VERTEX_POINT('',#2677);
#2677 = CARTESIAN_POINT('',(117.32983700758,0.6,93.683926949343));
#2678 = LINE('',#2679,#2680);
#2679 = CARTESIAN_POINT('',(117.32983700758,-1.E-01,93.683926949343));
#2680 = VECTOR('',#2681,1.);
#2681 = DIRECTION('',(0.,1.,0.));
#2682 = ORIENTED_EDGE('',*,*,#2683,.T.);
#2683 = EDGE_CURVE('',#2676,#2628,#2684,.T.);
#2684 = LINE('',#2685,#2686);
#2685 = CARTESIAN_POINT('',(117.32983700758,0.6,93.683926949343));
#2686 = VECTOR('',#2687,1.);
#2687 = DIRECTION('',(0.965925826289,0.,0.258819045103));
#2688 = PLANE('',#2689);
#2689 = AXIS2_PLACEMENT_3D('',#2690,#2691,#2692);
#2690 = CARTESIAN_POINT('',(117.32983700758,-1.E-01,93.683926949343));
#2691 = DIRECTION('',(0.258819045103,0.,-0.965925826289));
#2692 = DIRECTION('',(0.965925826289,0.,0.258819045103));
#2693 = ADVANCED_FACE('',(#2694),#2705,.T.);
#2694 = FACE_BOUND('',#2695,.T.);
#2695 = EDGE_LOOP('',(#2696,#2697,#2698,#2699));
#2696 = ORIENTED_EDGE('',*,*,#2651,.F.);
#2697 = ORIENTED_EDGE('',*,*,#625,.T.);
#2698 = ORIENTED_EDGE('',*,*,#2675,.T.);
#2699 = ORIENTED_EDGE('',*,*,#2700,.F.);
#2700 = EDGE_CURVE('',#2652,#2676,#2701,.T.);
#2701 = LINE('',#2702,#2703);
#2702 = CARTESIAN_POINT('',(116.16515130462,0.6,98.030593167644));
#2703 = VECTOR('',#2704,1.);
#2704 = DIRECTION('',(0.258819045103,0.,-0.965925826289));
#2705 = PLANE('',#2706);
#2706 = AXIS2_PLACEMENT_3D('',#2707,#2708,#2709);
#2707 = CARTESIAN_POINT('',(116.16515130462,-1.E-01,98.030593167644));
#2708 = DIRECTION('',(0.965925826289,0.,0.258819045103));
#2709 = DIRECTION('',(0.258819045103,0.,-0.965925826289));
#2710 = ADVANCED_FACE('',(#2711),#2736,.F.);
#2711 = FACE_BOUND('',#2712,.F.);
#2712 = EDGE_LOOP('',(#2713,#2721,#2722,#2730));
#2713 = ORIENTED_EDGE('',*,*,#2714,.F.);
#2714 = EDGE_CURVE('',#642,#2715,#2717,.T.);
#2715 = VERTEX_POINT('',#2716);
#2716 = CARTESIAN_POINT('',(123.59301270189,0.6,101.10731409782));
#2717 = LINE('',#2718,#2719);
#2718 = CARTESIAN_POINT('',(123.59301270189,-1.E-01,101.10731409782));
#2719 = VECTOR('',#2720,1.);
#2720 = DIRECTION('',(0.,1.,0.));
#2721 = ORIENTED_EDGE('',*,*,#641,.T.);
#2722 = ORIENTED_EDGE('',*,*,#2723,.T.);
#2723 = EDGE_CURVE('',#644,#2724,#2726,.T.);
#2724 = VERTEX_POINT('',#2725);
#2725 = CARTESIAN_POINT('',(125.84301270189,0.6,97.21019978079));
#2726 = LINE('',#2727,#2728);
#2727 = CARTESIAN_POINT('',(125.84301270189,-1.E-01,97.21019978079));
#2728 = VECTOR('',#2729,1.);
#2729 = DIRECTION('',(0.,1.,0.));
#2730 = ORIENTED_EDGE('',*,*,#2731,.F.);
#2731 = EDGE_CURVE('',#2715,#2724,#2732,.T.);
#2732 = LINE('',#2733,#2734);
#2733 = CARTESIAN_POINT('',(123.59301270189,0.6,101.10731409782));
#2734 = VECTOR('',#2735,1.);
#2735 = DIRECTION('',(0.5,0.,-0.866025403784));
#2736 = PLANE('',#2737);
#2737 = AXIS2_PLACEMENT_3D('',#2738,#2739,#2740);
#2738 = CARTESIAN_POINT('',(123.59301270189,-1.E-01,101.10731409782));
#2739 = DIRECTION('',(0.866025403784,0.,0.5));
#2740 = DIRECTION('',(0.5,0.,-0.866025403784));
#2741 = ADVANCED_FACE('',(#2742),#2760,.T.);
#2742 = FACE_BOUND('',#2743,.T.);
#2743 = EDGE_LOOP('',(#2744,#2745,#2746,#2754));
#2744 = ORIENTED_EDGE('',*,*,#2714,.F.);
#2745 = ORIENTED_EDGE('',*,*,#651,.T.);
#2746 = ORIENTED_EDGE('',*,*,#2747,.T.);
#2747 = EDGE_CURVE('',#652,#2748,#2750,.T.);
#2748 = VERTEX_POINT('',#2749);
#2749 = CARTESIAN_POINT('',(122.7269872981,0.6,100.60731409782));
#2750 = LINE('',#2751,#2752);
#2751 = CARTESIAN_POINT('',(122.7269872981,-1.E-01,100.60731409782));
#2752 = VECTOR('',#2753,1.);
#2753 = DIRECTION('',(0.,1.,0.));
#2754 = ORIENTED_EDGE('',*,*,#2755,.T.);
#2755 = EDGE_CURVE('',#2748,#2715,#2756,.T.);
#2756 = LINE('',#2757,#2758);
#2757 = CARTESIAN_POINT('',(122.7269872981,0.6,100.60731409782));
#2758 = VECTOR('',#2759,1.);
#2759 = DIRECTION('',(0.866025403784,0.,0.5));
#2760 = PLANE('',#2761);
#2761 = AXIS2_PLACEMENT_3D('',#2762,#2763,#2764);
#2762 = CARTESIAN_POINT('',(122.7269872981,-1.E-01,100.60731409782));
#2763 = DIRECTION('',(0.5,0.,-0.866025403784));
#2764 = DIRECTION('',(0.866025403784,0.,0.5));
#2765 = ADVANCED_FACE('',(#2766),#2784,.F.);
#2766 = FACE_BOUND('',#2767,.F.);
#2767 = EDGE_LOOP('',(#2768,#2769,#2770,#2778));
#2768 = ORIENTED_EDGE('',*,*,#2723,.F.);
#2769 = ORIENTED_EDGE('',*,*,#667,.T.);
#2770 = ORIENTED_EDGE('',*,*,#2771,.T.);
#2771 = EDGE_CURVE('',#660,#2772,#2774,.T.);
#2772 = VERTEX_POINT('',#2773);
#2773 = CARTESIAN_POINT('',(124.9769872981,0.6,96.71019978079));
#2774 = LINE('',#2775,#2776);
#2775 = CARTESIAN_POINT('',(124.9769872981,-1.E-01,96.71019978079));
#2776 = VECTOR('',#2777,1.);
#2777 = DIRECTION('',(0.,1.,0.));
#2778 = ORIENTED_EDGE('',*,*,#2779,.T.);
#2779 = EDGE_CURVE('',#2772,#2724,#2780,.T.);
#2780 = LINE('',#2781,#2782);
#2781 = CARTESIAN_POINT('',(124.9769872981,0.6,96.71019978079));
#2782 = VECTOR('',#2783,1.);
#2783 = DIRECTION('',(0.866025403784,0.,0.5));
#2784 = PLANE('',#2785);
#2785 = AXIS2_PLACEMENT_3D('',#2786,#2787,#2788);
#2786 = CARTESIAN_POINT('',(124.9769872981,-1.E-01,96.71019978079));
#2787 = DIRECTION('',(0.5,0.,-0.866025403784));
#2788 = DIRECTION('',(0.866025403784,0.,0.5));
#2789 = ADVANCED_FACE('',(#2790),#2801,.T.);
#2790 = FACE_BOUND('',#2791,.T.);
#2791 = EDGE_LOOP('',(#2792,#2793,#2794,#2795));
#2792 = ORIENTED_EDGE('',*,*,#2747,.F.);
#2793 = ORIENTED_EDGE('',*,*,#659,.T.);
#2794 = ORIENTED_EDGE('',*,*,#2771,.T.);
#2795 = ORIENTED_EDGE('',*,*,#2796,.F.);
#2796 = EDGE_CURVE('',#2748,#2772,#2797,.T.);
#2797 = LINE('',#2798,#2799);
#2798 = CARTESIAN_POINT('',(122.7269872981,0.6,100.60731409782));
#2799 = VECTOR('',#2800,1.);
#2800 = DIRECTION('',(0.5,0.,-0.866025403784));
#2801 = PLANE('',#2802);
#2802 = AXIS2_PLACEMENT_3D('',#2803,#2804,#2805);
#2803 = CARTESIAN_POINT('',(122.7269872981,-1.E-01,100.60731409782));
#2804 = DIRECTION('',(0.866025403784,0.,0.5));
#2805 = DIRECTION('',(0.5,0.,-0.866025403784));
#2806 = ADVANCED_FACE('',(#2807),#2832,.F.);
#2807 = FACE_BOUND('',#2808,.F.);
#2808 = EDGE_LOOP('',(#2809,#2817,#2818,#2826));
#2809 = ORIENTED_EDGE('',*,*,#2810,.F.);
#2810 = EDGE_CURVE('',#676,#2811,#2813,.T.);
#2811 = VERTEX_POINT('',#2812);
#2812 = CARTESIAN_POINT('',(116.16515130462,0.6,150.44940683235));
#2813 = LINE('',#2814,#2815);
#2814 = CARTESIAN_POINT('',(116.16515130462,-1.E-01,150.44940683235));
#2815 = VECTOR('',#2816,1.);
#2816 = DIRECTION('',(0.,1.,0.));
#2817 = ORIENTED_EDGE('',*,*,#675,.T.);
#2818 = ORIENTED_EDGE('',*,*,#2819,.T.);
#2819 = EDGE_CURVE('',#678,#2820,#2822,.T.);
#2820 = VERTEX_POINT('',#2821);
#2821 = CARTESIAN_POINT('',(117.32983700758,0.6,154.79607305065));
#2822 = LINE('',#2823,#2824);
#2823 = CARTESIAN_POINT('',(117.32983700758,-1.E-01,154.79607305065));
#2824 = VECTOR('',#2825,1.);
#2825 = DIRECTION('',(0.,1.,0.));
#2826 = ORIENTED_EDGE('',*,*,#2827,.F.);
#2827 = EDGE_CURVE('',#2811,#2820,#2828,.T.);
#2828 = LINE('',#2829,#2830);
#2829 = CARTESIAN_POINT('',(116.16515130462,0.6,150.44940683235));
#2830 = VECTOR('',#2831,1.);
#2831 = DIRECTION('',(0.258819045103,0.,0.965925826289));
#2832 = PLANE('',#2833);
#2833 = AXIS2_PLACEMENT_3D('',#2834,#2835,#2836);
#2834 = CARTESIAN_POINT('',(116.16515130462,-1.E-01,150.44940683235));
#2835 = DIRECTION('',(-0.965925826289,0.,0.258819045103));
#2836 = DIRECTION('',(0.258819045103,0.,0.965925826289));
#2837 = ADVANCED_FACE('',(#2838),#2856,.T.);
#2838 = FACE_BOUND('',#2839,.T.);
#2839 = EDGE_LOOP('',(#2840,#2841,#2842,#2850));
#2840 = ORIENTED_EDGE('',*,*,#2810,.F.);
#2841 = ORIENTED_EDGE('',*,*,#685,.T.);
#2842 = ORIENTED_EDGE('',*,*,#2843,.T.);
#2843 = EDGE_CURVE('',#686,#2844,#2846,.T.);
#2844 = VERTEX_POINT('',#2845);
#2845 = CARTESIAN_POINT('',(117.13107713091,0.6,150.19058778725));
#2846 = LINE('',#2847,#2848);
#2847 = CARTESIAN_POINT('',(117.13107713091,-1.E-01,150.19058778725));
#2848 = VECTOR('',#2849,1.);
#2849 = DIRECTION('',(0.,1.,0.));
#2850 = ORIENTED_EDGE('',*,*,#2851,.T.);
#2851 = EDGE_CURVE('',#2844,#2811,#2852,.T.);
#2852 = LINE('',#2853,#2854);
#2853 = CARTESIAN_POINT('',(117.13107713091,0.6,150.19058778725));
#2854 = VECTOR('',#2855,1.);
#2855 = DIRECTION('',(-0.965925826289,0.,0.258819045103));
#2856 = PLANE('',#2857);
#2857 = AXIS2_PLACEMENT_3D('',#2858,#2859,#2860);
#2858 = CARTESIAN_POINT('',(117.13107713091,-1.E-01,150.19058778725));
#2859 = DIRECTION('',(0.258819045103,0.,0.965925826289));
#2860 = DIRECTION('',(-0.965925826289,0.,0.258819045103));
#2861 = ADVANCED_FACE('',(#2862),#2880,.F.);
#2862 = FACE_BOUND('',#2863,.F.);
#2863 = EDGE_LOOP('',(#2864,#2865,#2866,#2874));
#2864 = ORIENTED_EDGE('',*,*,#2819,.F.);
#2865 = ORIENTED_EDGE('',*,*,#701,.T.);
#2866 = ORIENTED_EDGE('',*,*,#2867,.T.);
#2867 = EDGE_CURVE('',#694,#2868,#2870,.T.);
#2868 = VERTEX_POINT('',#2869);
#2869 = CARTESIAN_POINT('',(118.29576283387,0.6,154.53725400555));
#2870 = LINE('',#2871,#2872);
#2871 = CARTESIAN_POINT('',(118.29576283387,-1.E-01,154.53725400555));
#2872 = VECTOR('',#2873,1.);
#2873 = DIRECTION('',(0.,1.,0.));
#2874 = ORIENTED_EDGE('',*,*,#2875,.T.);
#2875 = EDGE_CURVE('',#2868,#2820,#2876,.T.);
#2876 = LINE('',#2877,#2878);
#2877 = CARTESIAN_POINT('',(118.29576283387,0.6,154.53725400555));
#2878 = VECTOR('',#2879,1.);
#2879 = DIRECTION('',(-0.965925826289,0.,0.258819045103));
#2880 = PLANE('',#2881);
#2881 = AXIS2_PLACEMENT_3D('',#2882,#2883,#2884);
#2882 = CARTESIAN_POINT('',(118.29576283387,-1.E-01,154.53725400555));
#2883 = DIRECTION('',(0.258819045103,0.,0.965925826289));
#2884 = DIRECTION('',(-0.965925826289,0.,0.258819045103));
#2885 = ADVANCED_FACE('',(#2886),#2897,.T.);
#2886 = FACE_BOUND('',#2887,.T.);
#2887 = EDGE_LOOP('',(#2888,#2889,#2890,#2891));
#2888 = ORIENTED_EDGE('',*,*,#2843,.F.);
#2889 = ORIENTED_EDGE('',*,*,#693,.T.);
#2890 = ORIENTED_EDGE('',*,*,#2867,.T.);
#2891 = ORIENTED_EDGE('',*,*,#2892,.F.);
#2892 = EDGE_CURVE('',#2844,#2868,#2893,.T.);
#2893 = LINE('',#2894,#2895);
#2894 = CARTESIAN_POINT('',(117.13107713091,0.6,150.19058778725));
#2895 = VECTOR('',#2896,1.);
#2896 = DIRECTION('',(0.258819045103,0.,0.965925826289));
#2897 = PLANE('',#2898);
#2898 = AXIS2_PLACEMENT_3D('',#2899,#2900,#2901);
#2899 = CARTESIAN_POINT('',(117.13107713091,-1.E-01,150.19058778725));
#2900 = DIRECTION('',(-0.965925826289,0.,0.258819045103));
#2901 = DIRECTION('',(0.258819045103,0.,0.965925826289));
#2902 = ADVANCED_FACE('',(#2903),#2928,.F.);
#2903 = FACE_BOUND('',#2904,.F.);
#2904 = EDGE_LOOP('',(#2905,#2913,#2914,#2922));
#2905 = ORIENTED_EDGE('',*,*,#2906,.F.);
#2906 = EDGE_CURVE('',#710,#2907,#2909,.T.);
#2907 = VERTEX_POINT('',#2908);
#2908 = CARTESIAN_POINT('',(122.7269872981,0.6,147.87268590218));
#2909 = LINE('',#2910,#2911);
#2910 = CARTESIAN_POINT('',(122.7269872981,-1.E-01,147.87268590218));
#2911 = VECTOR('',#2912,1.);
#2912 = DIRECTION('',(0.,1.,0.));
#2913 = ORIENTED_EDGE('',*,*,#709,.T.);
#2914 = ORIENTED_EDGE('',*,*,#2915,.T.);
#2915 = EDGE_CURVE('',#712,#2916,#2918,.T.);
#2916 = VERTEX_POINT('',#2917);
#2917 = CARTESIAN_POINT('',(124.9769872981,0.6,151.76980021921));
#2918 = LINE('',#2919,#2920);
#2919 = CARTESIAN_POINT('',(124.9769872981,-1.E-01,151.76980021921));
#2920 = VECTOR('',#2921,1.);
#2921 = DIRECTION('',(0.,1.,0.));
#2922 = ORIENTED_EDGE('',*,*,#2923,.F.);
#2923 = EDGE_CURVE('',#2907,#2916,#2924,.T.);
#2924 = LINE('',#2925,#2926);
#2925 = CARTESIAN_POINT('',(122.7269872981,0.6,147.87268590218));
#2926 = VECTOR('',#2927,1.);
#2927 = DIRECTION('',(0.5,0.,0.866025403784));
#2928 = PLANE('',#2929);
#2929 = AXIS2_PLACEMENT_3D('',#2930,#2931,#2932);
#2930 = CARTESIAN_POINT('',(122.7269872981,-1.E-01,147.87268590218));
#2931 = DIRECTION('',(-0.866025403784,0.,0.5));
#2932 = DIRECTION('',(0.5,0.,0.866025403784));
#2933 = ADVANCED_FACE('',(#2934),#2952,.T.);
#2934 = FACE_BOUND('',#2935,.T.);
#2935 = EDGE_LOOP('',(#2936,#2937,#2938,#2946));
#2936 = ORIENTED_EDGE('',*,*,#2906,.F.);
#2937 = ORIENTED_EDGE('',*,*,#719,.T.);
#2938 = ORIENTED_EDGE('',*,*,#2939,.T.);
#2939 = EDGE_CURVE('',#720,#2940,#2942,.T.);
#2940 = VERTEX_POINT('',#2941);
#2941 = CARTESIAN_POINT('',(123.59301270189,0.6,147.37268590218));
#2942 = LINE('',#2943,#2944);
#2943 = CARTESIAN_POINT('',(123.59301270189,-1.E-01,147.37268590218));
#2944 = VECTOR('',#2945,1.);
#2945 = DIRECTION('',(0.,1.,0.));
#2946 = ORIENTED_EDGE('',*,*,#2947,.T.);
#2947 = EDGE_CURVE('',#2940,#2907,#2948,.T.);
#2948 = LINE('',#2949,#2950);
#2949 = CARTESIAN_POINT('',(123.59301270189,0.6,147.37268590218));
#2950 = VECTOR('',#2951,1.);
#2951 = DIRECTION('',(-0.866025403784,0.,0.5));
#2952 = PLANE('',#2953);
#2953 = AXIS2_PLACEMENT_3D('',#2954,#2955,#2956);
#2954 = CARTESIAN_POINT('',(123.59301270189,-1.E-01,147.37268590218));
#2955 = DIRECTION('',(0.5,0.,0.866025403784));
#2956 = DIRECTION('',(-0.866025403784,0.,0.5));
#2957 = ADVANCED_FACE('',(#2958),#2976,.F.);
#2958 = FACE_BOUND('',#2959,.F.);
#2959 = EDGE_LOOP('',(#2960,#2961,#2962,#2970));
#2960 = ORIENTED_EDGE('',*,*,#2915,.F.);
#2961 = ORIENTED_EDGE('',*,*,#735,.T.);
#2962 = ORIENTED_EDGE('',*,*,#2963,.T.);
#2963 = EDGE_CURVE('',#728,#2964,#2966,.T.);
#2964 = VERTEX_POINT('',#2965);
#2965 = CARTESIAN_POINT('',(125.84301270189,0.6,151.26980021921));
#2966 = LINE('',#2967,#2968);
#2967 = CARTESIAN_POINT('',(125.84301270189,-1.E-01,151.26980021921));
#2968 = VECTOR('',#2969,1.);
#2969 = DIRECTION('',(0.,1.,0.));
#2970 = ORIENTED_EDGE('',*,*,#2971,.T.);
#2971 = EDGE_CURVE('',#2964,#2916,#2972,.T.);
#2972 = LINE('',#2973,#2974);
#2973 = CARTESIAN_POINT('',(125.84301270189,0.6,151.26980021921));
#2974 = VECTOR('',#2975,1.);
#2975 = DIRECTION('',(-0.866025403784,0.,0.5));
#2976 = PLANE('',#2977);
#2977 = AXIS2_PLACEMENT_3D('',#2978,#2979,#2980);
#2978 = CARTESIAN_POINT('',(125.84301270189,-1.E-01,151.26980021921));
#2979 = DIRECTION('',(0.5,0.,0.866025403784));
#2980 = DIRECTION('',(-0.866025403784,0.,0.5));
#2981 = ADVANCED_FACE('',(#2982),#2993,.T.);
#2982 = FACE_BOUND('',#2983,.T.);
#2983 = EDGE_LOOP('',(#2984,#2985,#2986,#2987));
#2984 = ORIENTED_EDGE('',*,*,#2939,.F.);
#2985 = ORIENTED_EDGE('',*,*,#727,.T.);
#2986 = ORIENTED_EDGE('',*,*,#2963,.T.);
#2987 = ORIENTED_EDGE('',*,*,#2988,.F.);
#2988 = EDGE_CURVE('',#2940,#2964,#2989,.T.);
#2989 = LINE('',#2990,#2991);
#2990 = CARTESIAN_POINT('',(123.59301270189,0.6,147.37268590218));
#2991 = VECTOR('',#2992,1.);
#2992 = DIRECTION('',(0.5,0.,0.866025403784));
#2993 = PLANE('',#2994);
#2994 = AXIS2_PLACEMENT_3D('',#2995,#2996,#2997);
#2995 = CARTESIAN_POINT('',(123.59301270189,-1.E-01,147.37268590218));
#2996 = DIRECTION('',(-0.866025403784,0.,0.5));
#2997 = DIRECTION('',(0.5,0.,0.866025403784));
#2998 = ADVANCED_FACE('',(#2999),#3024,.F.);
#2999 = FACE_BOUND('',#3000,.F.);
#3000 = EDGE_LOOP('',(#3001,#3009,#3010,#3018));
#3001 = ORIENTED_EDGE('',*,*,#3002,.F.);
#3002 = EDGE_CURVE('',#744,#3003,#3005,.T.);
#3003 = VERTEX_POINT('',#3004);
#3004 = CARTESIAN_POINT('',(129.10543648263,0.6,105.50167029855));
#3005 = LINE('',#3006,#3007);
#3006 = CARTESIAN_POINT('',(129.10543648263,-1.E-01,105.50167029855));
#3007 = VECTOR('',#3008,1.);
#3008 = DIRECTION('',(0.,1.,0.));
#3009 = ORIENTED_EDGE('',*,*,#743,.T.);
#3010 = ORIENTED_EDGE('',*,*,#3011,.T.);
#3011 = EDGE_CURVE('',#746,#3012,#3014,.T.);
#3012 = VERTEX_POINT('',#3013);
#3013 = CARTESIAN_POINT('',(132.28741699797,0.6,102.31968978321));
#3014 = LINE('',#3015,#3016);
#3015 = CARTESIAN_POINT('',(132.28741699797,-1.E-01,102.31968978321));
#3016 = VECTOR('',#3017,1.);
#3017 = DIRECTION('',(0.,1.,0.));
#3018 = ORIENTED_EDGE('',*,*,#3019,.F.);
#3019 = EDGE_CURVE('',#3003,#3012,#3020,.T.);
#3020 = LINE('',#3021,#3022);
#3021 = CARTESIAN_POINT('',(129.10543648263,0.6,105.50167029855));
#3022 = VECTOR('',#3023,1.);
#3023 = DIRECTION('',(0.707106781187,0.,-0.707106781187));
#3024 = PLANE('',#3025);
#3025 = AXIS2_PLACEMENT_3D('',#3026,#3027,#3028);
#3026 = CARTESIAN_POINT('',(129.10543648263,-1.E-01,105.50167029855));
#3027 = DIRECTION('',(0.707106781187,0.,0.707106781187));
#3028 = DIRECTION('',(0.707106781187,0.,-0.707106781187));
#3029 = ADVANCED_FACE('',(#3030),#3048,.T.);
#3030 = FACE_BOUND('',#3031,.T.);
#3031 = EDGE_LOOP('',(#3032,#3033,#3034,#3042));
#3032 = ORIENTED_EDGE('',*,*,#3002,.F.);
#3033 = ORIENTED_EDGE('',*,*,#753,.T.);
#3034 = ORIENTED_EDGE('',*,*,#3035,.T.);
#3035 = EDGE_CURVE('',#754,#3036,#3038,.T.);
#3036 = VERTEX_POINT('',#3037);
#3037 = CARTESIAN_POINT('',(128.39832970144,0.6,104.79456351737));
#3038 = LINE('',#3039,#3040);
#3039 = CARTESIAN_POINT('',(128.39832970144,-1.E-01,104.79456351737));
#3040 = VECTOR('',#3041,1.);
#3041 = DIRECTION('',(0.,1.,0.));
#3042 = ORIENTED_EDGE('',*,*,#3043,.T.);
#3043 = EDGE_CURVE('',#3036,#3003,#3044,.T.);
#3044 = LINE('',#3045,#3046);
#3045 = CARTESIAN_POINT('',(128.39832970144,0.6,104.79456351737));
#3046 = VECTOR('',#3047,1.);
#3047 = DIRECTION('',(0.707106781187,0.,0.707106781187));
#3048 = PLANE('',#3049);
#3049 = AXIS2_PLACEMENT_3D('',#3050,#3051,#3052);
#3050 = CARTESIAN_POINT('',(128.39832970144,-1.E-01,104.79456351737));
#3051 = DIRECTION('',(0.707106781187,0.,-0.707106781187));
#3052 = DIRECTION('',(0.707106781187,0.,0.707106781187));
#3053 = ADVANCED_FACE('',(#3054),#3072,.F.);
#3054 = FACE_BOUND('',#3055,.F.);
#3055 = EDGE_LOOP('',(#3056,#3057,#3058,#3066));
#3056 = ORIENTED_EDGE('',*,*,#3011,.F.);
#3057 = ORIENTED_EDGE('',*,*,#769,.T.);
#3058 = ORIENTED_EDGE('',*,*,#3059,.T.);
#3059 = EDGE_CURVE('',#762,#3060,#3062,.T.);
#3060 = VERTEX_POINT('',#3061);
#3061 = CARTESIAN_POINT('',(131.58031021678,0.6,101.61258300203));
#3062 = LINE('',#3063,#3064);
#3063 = CARTESIAN_POINT('',(131.58031021678,-1.E-01,101.61258300203));
#3064 = VECTOR('',#3065,1.);
#3065 = DIRECTION('',(0.,1.,0.));
#3066 = ORIENTED_EDGE('',*,*,#3067,.T.);
#3067 = EDGE_CURVE('',#3060,#3012,#3068,.T.);
#3068 = LINE('',#3069,#3070);
#3069 = CARTESIAN_POINT('',(131.58031021678,0.6,101.61258300203));
#3070 = VECTOR('',#3071,1.);
#3071 = DIRECTION('',(0.707106781187,0.,0.707106781187));
#3072 = PLANE('',#3073);
#3073 = AXIS2_PLACEMENT_3D('',#3074,#3075,#3076);
#3074 = CARTESIAN_POINT('',(131.58031021678,-1.E-01,101.61258300203));
#3075 = DIRECTION('',(0.707106781187,0.,-0.707106781187));
#3076 = DIRECTION('',(0.707106781187,0.,0.707106781187));
#3077 = ADVANCED_FACE('',(#3078),#3089,.T.);
#3078 = FACE_BOUND('',#3079,.T.);
#3079 = EDGE_LOOP('',(#3080,#3081,#3082,#3083));
#3080 = ORIENTED_EDGE('',*,*,#3035,.F.);
#3081 = ORIENTED_EDGE('',*,*,#761,.T.);
#3082 = ORIENTED_EDGE('',*,*,#3059,.T.);
#3083 = ORIENTED_EDGE('',*,*,#3084,.F.);
#3084 = EDGE_CURVE('',#3036,#3060,#3085,.T.);
#3085 = LINE('',#3086,#3087);
#3086 = CARTESIAN_POINT('',(128.39832970144,0.6,104.79456351737));
#3087 = VECTOR('',#3088,1.);
#3088 = DIRECTION('',(0.707106781187,0.,-0.707106781187));
#3089 = PLANE('',#3090);
#3090 = AXIS2_PLACEMENT_3D('',#3091,#3092,#3093);
#3091 = CARTESIAN_POINT('',(128.39832970144,-1.E-01,104.79456351737));
#3092 = DIRECTION('',(0.707106781187,0.,0.707106781187));
#3093 = DIRECTION('',(0.707106781187,0.,-0.707106781187));
#3094 = ADVANCED_FACE('',(#3095),#3120,.F.);
#3095 = FACE_BOUND('',#3096,.F.);
#3096 = EDGE_LOOP('',(#3097,#3105,#3106,#3114));
#3097 = ORIENTED_EDGE('',*,*,#3098,.F.);
#3098 = EDGE_CURVE('',#778,#3099,#3101,.T.);
#3099 = VERTEX_POINT('',#3100);
#3100 = CARTESIAN_POINT('',(133.29268590218,0.6,111.17301270189));
#3101 = LINE('',#3102,#3103);
#3102 = CARTESIAN_POINT('',(133.29268590218,-1.E-01,111.17301270189));
#3103 = VECTOR('',#3104,1.);
#3104 = DIRECTION('',(0.,1.,0.));
#3105 = ORIENTED_EDGE('',*,*,#777,.T.);
#3106 = ORIENTED_EDGE('',*,*,#3107,.T.);
#3107 = EDGE_CURVE('',#780,#3108,#3110,.T.);
#3108 = VERTEX_POINT('',#3109);
#3109 = CARTESIAN_POINT('',(137.18980021921,0.6,108.92301270189));
#3110 = LINE('',#3111,#3112);
#3111 = CARTESIAN_POINT('',(137.18980021921,-1.E-01,108.92301270189));
#3112 = VECTOR('',#3113,1.);
#3113 = DIRECTION('',(0.,1.,0.));
#3114 = ORIENTED_EDGE('',*,*,#3115,.F.);
#3115 = EDGE_CURVE('',#3099,#3108,#3116,.T.);
#3116 = LINE('',#3117,#3118);
#3117 = CARTESIAN_POINT('',(133.29268590218,0.6,111.17301270189));
#3118 = VECTOR('',#3119,1.);
#3119 = DIRECTION('',(0.866025403784,0.,-0.5));
#3120 = PLANE('',#3121);
#3121 = AXIS2_PLACEMENT_3D('',#3122,#3123,#3124);
#3122 = CARTESIAN_POINT('',(133.29268590218,-1.E-01,111.17301270189));
#3123 = DIRECTION('',(0.5,0.,0.866025403784));
#3124 = DIRECTION('',(0.866025403784,0.,-0.5));
#3125 = ADVANCED_FACE('',(#3126),#3144,.T.);
#3126 = FACE_BOUND('',#3127,.T.);
#3127 = EDGE_LOOP('',(#3128,#3129,#3130,#3138));
#3128 = ORIENTED_EDGE('',*,*,#3098,.F.);
#3129 = ORIENTED_EDGE('',*,*,#787,.T.);
#3130 = ORIENTED_EDGE('',*,*,#3131,.T.);
#3131 = EDGE_CURVE('',#788,#3132,#3134,.T.);
#3132 = VERTEX_POINT('',#3133);
#3133 = CARTESIAN_POINT('',(132.79268590218,0.6,110.3069872981));
#3134 = LINE('',#3135,#3136);
#3135 = CARTESIAN_POINT('',(132.79268590218,-1.E-01,110.3069872981));
#3136 = VECTOR('',#3137,1.);
#3137 = DIRECTION('',(0.,1.,0.));
#3138 = ORIENTED_EDGE('',*,*,#3139,.T.);
#3139 = EDGE_CURVE('',#3132,#3099,#3140,.T.);
#3140 = LINE('',#3141,#3142);
#3141 = CARTESIAN_POINT('',(132.79268590218,0.6,110.3069872981));
#3142 = VECTOR('',#3143,1.);
#3143 = DIRECTION('',(0.5,0.,0.866025403784));
#3144 = PLANE('',#3145);
#3145 = AXIS2_PLACEMENT_3D('',#3146,#3147,#3148);
#3146 = CARTESIAN_POINT('',(132.79268590218,-1.E-01,110.3069872981));
#3147 = DIRECTION('',(0.866025403784,0.,-0.5));
#3148 = DIRECTION('',(0.5,0.,0.866025403784));
#3149 = ADVANCED_FACE('',(#3150),#3168,.F.);
#3150 = FACE_BOUND('',#3151,.F.);
#3151 = EDGE_LOOP('',(#3152,#3153,#3154,#3162));
#3152 = ORIENTED_EDGE('',*,*,#3107,.F.);
#3153 = ORIENTED_EDGE('',*,*,#803,.T.);
#3154 = ORIENTED_EDGE('',*,*,#3155,.T.);
#3155 = EDGE_CURVE('',#796,#3156,#3158,.T.);
#3156 = VERTEX_POINT('',#3157);
#3157 = CARTESIAN_POINT('',(136.68980021921,0.6,108.0569872981));
#3158 = LINE('',#3159,#3160);
#3159 = CARTESIAN_POINT('',(136.68980021921,-1.E-01,108.0569872981));
#3160 = VECTOR('',#3161,1.);
#3161 = DIRECTION('',(0.,1.,0.));
#3162 = ORIENTED_EDGE('',*,*,#3163,.T.);
#3163 = EDGE_CURVE('',#3156,#3108,#3164,.T.);
#3164 = LINE('',#3165,#3166);
#3165 = CARTESIAN_POINT('',(136.68980021921,0.6,108.0569872981));
#3166 = VECTOR('',#3167,1.);
#3167 = DIRECTION('',(0.5,0.,0.866025403784));
#3168 = PLANE('',#3169);
#3169 = AXIS2_PLACEMENT_3D('',#3170,#3171,#3172);
#3170 = CARTESIAN_POINT('',(136.68980021921,-1.E-01,108.0569872981));
#3171 = DIRECTION('',(0.866025403784,0.,-0.5));
#3172 = DIRECTION('',(0.5,0.,0.866025403784));
#3173 = ADVANCED_FACE('',(#3174),#3185,.T.);
#3174 = FACE_BOUND('',#3175,.T.);
#3175 = EDGE_LOOP('',(#3176,#3177,#3178,#3179));
#3176 = ORIENTED_EDGE('',*,*,#3131,.F.);
#3177 = ORIENTED_EDGE('',*,*,#795,.T.);
#3178 = ORIENTED_EDGE('',*,*,#3155,.T.);
#3179 = ORIENTED_EDGE('',*,*,#3180,.F.);
#3180 = EDGE_CURVE('',#3132,#3156,#3181,.T.);
#3181 = LINE('',#3182,#3183);
#3182 = CARTESIAN_POINT('',(132.79268590218,0.6,110.3069872981));
#3183 = VECTOR('',#3184,1.);
#3184 = DIRECTION('',(0.866025403784,0.,-0.5));
#3185 = PLANE('',#3186);
#3186 = AXIS2_PLACEMENT_3D('',#3187,#3188,#3189);
#3187 = CARTESIAN_POINT('',(132.79268590218,-1.E-01,110.3069872981));
#3188 = DIRECTION('',(0.5,0.,0.866025403784));
#3189 = DIRECTION('',(0.866025403784,0.,-0.5));
#3190 = ADVANCED_FACE('',(#3191),#3216,.F.);
#3191 = FACE_BOUND('',#3192,.F.);
#3192 = EDGE_LOOP('',(#3193,#3201,#3202,#3210));
#3193 = ORIENTED_EDGE('',*,*,#3194,.F.);
#3194 = EDGE_CURVE('',#812,#3195,#3197,.T.);
#3195 = VERTEX_POINT('',#3196);
#3196 = CARTESIAN_POINT('',(135.86940683235,0.6,117.73484869537));
#3197 = LINE('',#3198,#3199);
#3198 = CARTESIAN_POINT('',(135.86940683235,-1.E-01,117.73484869537));
#3199 = VECTOR('',#3200,1.);
#3200 = DIRECTION('',(0.,1.,0.));
#3201 = ORIENTED_EDGE('',*,*,#811,.T.);
#3202 = ORIENTED_EDGE('',*,*,#3203,.T.);
#3203 = EDGE_CURVE('',#814,#3204,#3206,.T.);
#3204 = VERTEX_POINT('',#3205);
#3205 = CARTESIAN_POINT('',(140.21607305065,0.6,116.57016299241));
#3206 = LINE('',#3207,#3208);
#3207 = CARTESIAN_POINT('',(140.21607305065,-1.E-01,116.57016299241));
#3208 = VECTOR('',#3209,1.);
#3209 = DIRECTION('',(0.,1.,0.));
#3210 = ORIENTED_EDGE('',*,*,#3211,.F.);
#3211 = EDGE_CURVE('',#3195,#3204,#3212,.T.);
#3212 = LINE('',#3213,#3214);
#3213 = CARTESIAN_POINT('',(135.86940683235,0.6,117.73484869537));
#3214 = VECTOR('',#3215,1.);
#3215 = DIRECTION('',(0.965925826289,0.,-0.258819045103));
#3216 = PLANE('',#3217);
#3217 = AXIS2_PLACEMENT_3D('',#3218,#3219,#3220);
#3218 = CARTESIAN_POINT('',(135.86940683235,-1.E-01,117.73484869537));
#3219 = DIRECTION('',(0.258819045103,0.,0.965925826289));
#3220 = DIRECTION('',(0.965925826289,0.,-0.258819045103));
#3221 = ADVANCED_FACE('',(#3222),#3240,.T.);
#3222 = FACE_BOUND('',#3223,.T.);
#3223 = EDGE_LOOP('',(#3224,#3225,#3226,#3234));
#3224 = ORIENTED_EDGE('',*,*,#3194,.F.);
#3225 = ORIENTED_EDGE('',*,*,#821,.T.);
#3226 = ORIENTED_EDGE('',*,*,#3227,.T.);
#3227 = EDGE_CURVE('',#822,#3228,#3230,.T.);
#3228 = VERTEX_POINT('',#3229);
#3229 = CARTESIAN_POINT('',(135.61058778725,0.6,116.76892286908));
#3230 = LINE('',#3231,#3232);
#3231 = CARTESIAN_POINT('',(135.61058778725,-1.E-01,116.76892286908));
#3232 = VECTOR('',#3233,1.);
#3233 = DIRECTION('',(0.,1.,0.));
#3234 = ORIENTED_EDGE('',*,*,#3235,.T.);
#3235 = EDGE_CURVE('',#3228,#3195,#3236,.T.);
#3236 = LINE('',#3237,#3238);
#3237 = CARTESIAN_POINT('',(135.61058778725,0.6,116.76892286908));
#3238 = VECTOR('',#3239,1.);
#3239 = DIRECTION('',(0.258819045103,0.,0.965925826289));
#3240 = PLANE('',#3241);
#3241 = AXIS2_PLACEMENT_3D('',#3242,#3243,#3244);
#3242 = CARTESIAN_POINT('',(135.61058778725,-1.E-01,116.76892286908));
#3243 = DIRECTION('',(0.965925826289,0.,-0.258819045103));
#3244 = DIRECTION('',(0.258819045103,0.,0.965925826289));
#3245 = ADVANCED_FACE('',(#3246),#3264,.F.);
#3246 = FACE_BOUND('',#3247,.F.);
#3247 = EDGE_LOOP('',(#3248,#3249,#3250,#3258));
#3248 = ORIENTED_EDGE('',*,*,#3203,.F.);
#3249 = ORIENTED_EDGE('',*,*,#837,.T.);
#3250 = ORIENTED_EDGE('',*,*,#3251,.T.);
#3251 = EDGE_CURVE('',#830,#3252,#3254,.T.);
#3252 = VERTEX_POINT('',#3253);
#3253 = CARTESIAN_POINT('',(139.95725400555,0.6,115.60423716612));
#3254 = LINE('',#3255,#3256);
#3255 = CARTESIAN_POINT('',(139.95725400555,-1.E-01,115.60423716612));
#3256 = VECTOR('',#3257,1.);
#3257 = DIRECTION('',(0.,1.,0.));
#3258 = ORIENTED_EDGE('',*,*,#3259,.T.);
#3259 = EDGE_CURVE('',#3252,#3204,#3260,.T.);
#3260 = LINE('',#3261,#3262);
#3261 = CARTESIAN_POINT('',(139.95725400555,0.6,115.60423716612));
#3262 = VECTOR('',#3263,1.);
#3263 = DIRECTION('',(0.258819045103,0.,0.965925826289));
#3264 = PLANE('',#3265);
#3265 = AXIS2_PLACEMENT_3D('',#3266,#3267,#3268);
#3266 = CARTESIAN_POINT('',(139.95725400555,-1.E-01,115.60423716612));
#3267 = DIRECTION('',(0.965925826289,0.,-0.258819045103));
#3268 = DIRECTION('',(0.258819045103,0.,0.965925826289));
#3269 = ADVANCED_FACE('',(#3270),#3281,.T.);
#3270 = FACE_BOUND('',#3271,.T.);
#3271 = EDGE_LOOP('',(#3272,#3273,#3274,#3275));
#3272 = ORIENTED_EDGE('',*,*,#3227,.F.);
#3273 = ORIENTED_EDGE('',*,*,#829,.T.);
#3274 = ORIENTED_EDGE('',*,*,#3251,.T.);
#3275 = ORIENTED_EDGE('',*,*,#3276,.F.);
#3276 = EDGE_CURVE('',#3228,#3252,#3277,.T.);
#3277 = LINE('',#3278,#3279);
#3278 = CARTESIAN_POINT('',(135.61058778725,0.6,116.76892286908));
#3279 = VECTOR('',#3280,1.);
#3280 = DIRECTION('',(0.965925826289,0.,-0.258819045103));
#3281 = PLANE('',#3282);
#3282 = AXIS2_PLACEMENT_3D('',#3283,#3284,#3285);
#3283 = CARTESIAN_POINT('',(135.61058778725,-1.E-01,116.76892286908));
#3284 = DIRECTION('',(0.258819045103,0.,0.965925826289));
#3285 = DIRECTION('',(0.965925826289,0.,-0.258819045103));
#3286 = ADVANCED_FACE('',(#3287),#3312,.F.);
#3287 = FACE_BOUND('',#3288,.F.);
#3288 = EDGE_LOOP('',(#3289,#3297,#3298,#3306));
#3289 = ORIENTED_EDGE('',*,*,#3290,.F.);
#3290 = EDGE_CURVE('',#846,#3291,#3293,.T.);
#3291 = VERTEX_POINT('',#3292);
#3292 = CARTESIAN_POINT('',(136.66,0.6,124.74));
#3293 = LINE('',#3294,#3295);
#3294 = CARTESIAN_POINT('',(136.66,-1.E-01,124.74));
#3295 = VECTOR('',#3296,1.);
#3296 = DIRECTION('',(0.,1.,0.));
#3297 = ORIENTED_EDGE('',*,*,#845,.T.);
#3298 = ORIENTED_EDGE('',*,*,#3299,.T.);
#3299 = EDGE_CURVE('',#848,#3300,#3302,.T.);
#3300 = VERTEX_POINT('',#3301);
#3301 = CARTESIAN_POINT('',(141.16,0.6,124.74));
#3302 = LINE('',#3303,#3304);
#3303 = CARTESIAN_POINT('',(141.16,-1.E-01,124.74));
#3304 = VECTOR('',#3305,1.);
#3305 = DIRECTION('',(0.,1.,0.));
#3306 = ORIENTED_EDGE('',*,*,#3307,.F.);
#3307 = EDGE_CURVE('',#3291,#3300,#3308,.T.);
#3308 = LINE('',#3309,#3310);
#3309 = CARTESIAN_POINT('',(136.66,0.6,124.74));
#3310 = VECTOR('',#3311,1.);
#3311 = DIRECTION('',(1.,0.,0.));
#3312 = PLANE('',#3313);
#3313 = AXIS2_PLACEMENT_3D('',#3314,#3315,#3316);
#3314 = CARTESIAN_POINT('',(136.66,-1.E-01,124.74));
#3315 = DIRECTION('',(0.,0.,1.));
#3316 = DIRECTION('',(1.,0.,0.));
#3317 = ADVANCED_FACE('',(#3318),#3336,.T.);
#3318 = FACE_BOUND('',#3319,.T.);
#3319 = EDGE_LOOP('',(#3320,#3321,#3322,#3330));
#3320 = ORIENTED_EDGE('',*,*,#3290,.F.);
#3321 = ORIENTED_EDGE('',*,*,#855,.T.);
#3322 = ORIENTED_EDGE('',*,*,#3323,.T.);
#3323 = EDGE_CURVE('',#856,#3324,#3326,.T.);
#3324 = VERTEX_POINT('',#3325);
#3325 = CARTESIAN_POINT('',(136.66,0.6,123.74));
#3326 = LINE('',#3327,#3328);
#3327 = CARTESIAN_POINT('',(136.66,-1.E-01,123.74));
#3328 = VECTOR('',#3329,1.);
#3329 = DIRECTION('',(0.,1.,0.));
#3330 = ORIENTED_EDGE('',*,*,#3331,.T.);
#3331 = EDGE_CURVE('',#3324,#3291,#3332,.T.);
#3332 = LINE('',#3333,#3334);
#3333 = CARTESIAN_POINT('',(136.66,0.6,123.74));
#3334 = VECTOR('',#3335,1.);
#3335 = DIRECTION('',(0.,0.,1.));
#3336 = PLANE('',#3337);
#3337 = AXIS2_PLACEMENT_3D('',#3338,#3339,#3340);
#3338 = CARTESIAN_POINT('',(136.66,-1.E-01,123.74));
#3339 = DIRECTION('',(1.,0.,0.));
#3340 = DIRECTION('',(0.,0.,1.));
#3341 = ADVANCED_FACE('',(#3342),#3360,.F.);
#3342 = FACE_BOUND('',#3343,.F.);
#3343 = EDGE_LOOP('',(#3344,#3345,#3346,#3354));
#3344 = ORIENTED_EDGE('',*,*,#3299,.F.);
#3345 = ORIENTED_EDGE('',*,*,#871,.T.);
#3346 = ORIENTED_EDGE('',*,*,#3347,.T.);
#3347 = EDGE_CURVE('',#864,#3348,#3350,.T.);
#3348 = VERTEX_POINT('',#3349);
#3349 = CARTESIAN_POINT('',(141.16,0.6,123.74));
#3350 = LINE('',#3351,#3352);
#3351 = CARTESIAN_POINT('',(141.16,-1.E-01,123.74));
#3352 = VECTOR('',#3353,1.);
#3353 = DIRECTION('',(0.,1.,0.));
#3354 = ORIENTED_EDGE('',*,*,#3355,.T.);
#3355 = EDGE_CURVE('',#3348,#3300,#3356,.T.);
#3356 = LINE('',#3357,#3358);
#3357 = CARTESIAN_POINT('',(141.16,0.6,123.74));
#3358 = VECTOR('',#3359,1.);
#3359 = DIRECTION('',(0.,0.,1.));
#3360 = PLANE('',#3361);
#3361 = AXIS2_PLACEMENT_3D('',#3362,#3363,#3364);
#3362 = CARTESIAN_POINT('',(141.16,-1.E-01,123.74));
#3363 = DIRECTION('',(1.,0.,0.));
#3364 = DIRECTION('',(0.,0.,1.));
#3365 = ADVANCED_FACE('',(#3366),#3377,.T.);
#3366 = FACE_BOUND('',#3367,.T.);
#3367 = EDGE_LOOP('',(#3368,#3369,#3370,#3371));
#3368 = ORIENTED_EDGE('',*,*,#3323,.F.);
#3369 = ORIENTED_EDGE('',*,*,#863,.T.);
#3370 = ORIENTED_EDGE('',*,*,#3347,.T.);
#3371 = ORIENTED_EDGE('',*,*,#3372,.F.);
#3372 = EDGE_CURVE('',#3324,#3348,#3373,.T.);
#3373 = LINE('',#3374,#3375);
#3374 = CARTESIAN_POINT('',(136.66,0.6,123.74));
#3375 = VECTOR('',#3376,1.);
#3376 = DIRECTION('',(1.,0.,0.));
#3377 = PLANE('',#3378);
#3378 = AXIS2_PLACEMENT_3D('',#3379,#3380,#3381);
#3379 = CARTESIAN_POINT('',(136.66,-1.E-01,123.74));
#3380 = DIRECTION('',(0.,0.,1.));
#3381 = DIRECTION('',(1.,0.,0.));
#3382 = ADVANCED_FACE('',(#3383),#3408,.F.);
#3383 = FACE_BOUND('',#3384,.F.);
#3384 = EDGE_LOOP('',(#3385,#3393,#3394,#3402));
#3385 = ORIENTED_EDGE('',*,*,#3386,.F.);
#3386 = EDGE_CURVE('',#880,#3387,#3389,.T.);
#3387 = VERTEX_POINT('',#3388);
#3388 = CARTESIAN_POINT('',(128.39832970144,0.6,143.68543648263));
#3389 = LINE('',#3390,#3391);
#3390 = CARTESIAN_POINT('',(128.39832970144,-1.E-01,143.68543648263));
#3391 = VECTOR('',#3392,1.);
#3392 = DIRECTION('',(0.,1.,0.));
#3393 = ORIENTED_EDGE('',*,*,#879,.T.);
#3394 = ORIENTED_EDGE('',*,*,#3395,.T.);
#3395 = EDGE_CURVE('',#882,#3396,#3398,.T.);
#3396 = VERTEX_POINT('',#3397);
#3397 = CARTESIAN_POINT('',(131.58031021678,0.6,146.86741699797));
#3398 = LINE('',#3399,#3400);
#3399 = CARTESIAN_POINT('',(131.58031021678,-1.E-01,146.86741699797));
#3400 = VECTOR('',#3401,1.);
#3401 = DIRECTION('',(0.,1.,0.));
#3402 = ORIENTED_EDGE('',*,*,#3403,.F.);
#3403 = EDGE_CURVE('',#3387,#3396,#3404,.T.);
#3404 = LINE('',#3405,#3406);
#3405 = CARTESIAN_POINT('',(128.39832970144,0.6,143.68543648263));
#3406 = VECTOR('',#3407,1.);
#3407 = DIRECTION('',(0.707106781187,0.,0.707106781187));
#3408 = PLANE('',#3409);
#3409 = AXIS2_PLACEMENT_3D('',#3410,#3411,#3412);
#3410 = CARTESIAN_POINT('',(128.39832970144,-1.E-01,143.68543648263));
#3411 = DIRECTION('',(-0.707106781187,0.,0.707106781187));
#3412 = DIRECTION('',(0.707106781187,0.,0.707106781187));
#3413 = ADVANCED_FACE('',(#3414),#3432,.T.);
#3414 = FACE_BOUND('',#3415,.T.);
#3415 = EDGE_LOOP('',(#3416,#3417,#3418,#3426));
#3416 = ORIENTED_EDGE('',*,*,#3386,.F.);
#3417 = ORIENTED_EDGE('',*,*,#889,.T.);
#3418 = ORIENTED_EDGE('',*,*,#3419,.T.);
#3419 = EDGE_CURVE('',#890,#3420,#3422,.T.);
#3420 = VERTEX_POINT('',#3421);
#3421 = CARTESIAN_POINT('',(129.10543648263,0.6,142.97832970144));
#3422 = LINE('',#3423,#3424);
#3423 = CARTESIAN_POINT('',(129.10543648263,-1.E-01,142.97832970144));
#3424 = VECTOR('',#3425,1.);
#3425 = DIRECTION('',(0.,1.,0.));
#3426 = ORIENTED_EDGE('',*,*,#3427,.T.);
#3427 = EDGE_CURVE('',#3420,#3387,#3428,.T.);
#3428 = LINE('',#3429,#3430);
#3429 = CARTESIAN_POINT('',(129.10543648263,0.6,142.97832970144));
#3430 = VECTOR('',#3431,1.);
#3431 = DIRECTION('',(-0.707106781187,0.,0.707106781187));
#3432 = PLANE('',#3433);
#3433 = AXIS2_PLACEMENT_3D('',#3434,#3435,#3436);
#3434 = CARTESIAN_POINT('',(129.10543648263,-1.E-01,142.97832970144));
#3435 = DIRECTION('',(0.707106781187,0.,0.707106781187));
#3436 = DIRECTION('',(-0.707106781187,0.,0.707106781187));
#3437 = ADVANCED_FACE('',(#3438),#3456,.F.);
#3438 = FACE_BOUND('',#3439,.F.);
#3439 = EDGE_LOOP('',(#3440,#3441,#3442,#3450));
#3440 = ORIENTED_EDGE('',*,*,#3395,.F.);
#3441 = ORIENTED_EDGE('',*,*,#905,.T.);
#3442 = ORIENTED_EDGE('',*,*,#3443,.T.);
#3443 = EDGE_CURVE('',#898,#3444,#3446,.T.);
#3444 = VERTEX_POINT('',#3445);
#3445 = CARTESIAN_POINT('',(132.28741699797,0.6,146.16031021678));
#3446 = LINE('',#3447,#3448);
#3447 = CARTESIAN_POINT('',(132.28741699797,-1.E-01,146.16031021678));
#3448 = VECTOR('',#3449,1.);
#3449 = DIRECTION('',(0.,1.,0.));
#3450 = ORIENTED_EDGE('',*,*,#3451,.T.);
#3451 = EDGE_CURVE('',#3444,#3396,#3452,.T.);
#3452 = LINE('',#3453,#3454);
#3453 = CARTESIAN_POINT('',(132.28741699797,0.6,146.16031021678));
#3454 = VECTOR('',#3455,1.);
#3455 = DIRECTION('',(-0.707106781187,0.,0.707106781187));
#3456 = PLANE('',#3457);
#3457 = AXIS2_PLACEMENT_3D('',#3458,#3459,#3460);
#3458 = CARTESIAN_POINT('',(132.28741699797,-1.E-01,146.16031021678));
#3459 = DIRECTION('',(0.707106781187,0.,0.707106781187));
#3460 = DIRECTION('',(-0.707106781187,0.,0.707106781187));
#3461 = ADVANCED_FACE('',(#3462),#3473,.T.);
#3462 = FACE_BOUND('',#3463,.T.);
#3463 = EDGE_LOOP('',(#3464,#3465,#3466,#3467));
#3464 = ORIENTED_EDGE('',*,*,#3419,.F.);
#3465 = ORIENTED_EDGE('',*,*,#897,.T.);
#3466 = ORIENTED_EDGE('',*,*,#3443,.T.);
#3467 = ORIENTED_EDGE('',*,*,#3468,.F.);
#3468 = EDGE_CURVE('',#3420,#3444,#3469,.T.);
#3469 = LINE('',#3470,#3471);
#3470 = CARTESIAN_POINT('',(129.10543648263,0.6,142.97832970144));
#3471 = VECTOR('',#3472,1.);
#3472 = DIRECTION('',(0.707106781187,0.,0.707106781187));
#3473 = PLANE('',#3474);
#3474 = AXIS2_PLACEMENT_3D('',#3475,#3476,#3477);
#3475 = CARTESIAN_POINT('',(129.10543648263,-1.E-01,142.97832970144));
#3476 = DIRECTION('',(-0.707106781187,0.,0.707106781187));
#3477 = DIRECTION('',(0.707106781187,0.,0.707106781187));
#3478 = ADVANCED_FACE('',(#3479),#3504,.F.);
#3479 = FACE_BOUND('',#3480,.F.);
#3480 = EDGE_LOOP('',(#3481,#3489,#3490,#3498));
#3481 = ORIENTED_EDGE('',*,*,#3482,.F.);
#3482 = EDGE_CURVE('',#914,#3483,#3485,.T.);
#3483 = VERTEX_POINT('',#3484);
#3484 = CARTESIAN_POINT('',(132.79268590218,0.6,138.17301270189));
#3485 = LINE('',#3486,#3487);
#3486 = CARTESIAN_POINT('',(132.79268590218,-1.E-01,138.17301270189));
#3487 = VECTOR('',#3488,1.);
#3488 = DIRECTION('',(0.,1.,0.));
#3489 = ORIENTED_EDGE('',*,*,#913,.T.);
#3490 = ORIENTED_EDGE('',*,*,#3491,.T.);
#3491 = EDGE_CURVE('',#916,#3492,#3494,.T.);
#3492 = VERTEX_POINT('',#3493);
#3493 = CARTESIAN_POINT('',(136.68980021921,0.6,140.42301270189));
#3494 = LINE('',#3495,#3496);
#3495 = CARTESIAN_POINT('',(136.68980021921,-1.E-01,140.42301270189));
#3496 = VECTOR('',#3497,1.);
#3497 = DIRECTION('',(0.,1.,0.));
#3498 = ORIENTED_EDGE('',*,*,#3499,.F.);
#3499 = EDGE_CURVE('',#3483,#3492,#3500,.T.);
#3500 = LINE('',#3501,#3502);
#3501 = CARTESIAN_POINT('',(132.79268590218,0.6,138.17301270189));
#3502 = VECTOR('',#3503,1.);
#3503 = DIRECTION('',(0.866025403784,0.,0.5));
#3504 = PLANE('',#3505);
#3505 = AXIS2_PLACEMENT_3D('',#3506,#3507,#3508);
#3506 = CARTESIAN_POINT('',(132.79268590218,-1.E-01,138.17301270189));
#3507 = DIRECTION('',(-0.5,0.,0.866025403784));
#3508 = DIRECTION('',(0.866025403784,0.,0.5));
#3509 = ADVANCED_FACE('',(#3510),#3528,.T.);
#3510 = FACE_BOUND('',#3511,.T.);
#3511 = EDGE_LOOP('',(#3512,#3513,#3514,#3522));
#3512 = ORIENTED_EDGE('',*,*,#3482,.F.);
#3513 = ORIENTED_EDGE('',*,*,#923,.T.);
#3514 = ORIENTED_EDGE('',*,*,#3515,.T.);
#3515 = EDGE_CURVE('',#924,#3516,#3518,.T.);
#3516 = VERTEX_POINT('',#3517);
#3517 = CARTESIAN_POINT('',(133.29268590218,0.6,137.3069872981));
#3518 = LINE('',#3519,#3520);
#3519 = CARTESIAN_POINT('',(133.29268590218,-1.E-01,137.3069872981));
#3520 = VECTOR('',#3521,1.);
#3521 = DIRECTION('',(0.,1.,0.));
#3522 = ORIENTED_EDGE('',*,*,#3523,.T.);
#3523 = EDGE_CURVE('',#3516,#3483,#3524,.T.);
#3524 = LINE('',#3525,#3526);
#3525 = CARTESIAN_POINT('',(133.29268590218,0.6,137.3069872981));
#3526 = VECTOR('',#3527,1.);
#3527 = DIRECTION('',(-0.5,0.,0.866025403784));
#3528 = PLANE('',#3529);
#3529 = AXIS2_PLACEMENT_3D('',#3530,#3531,#3532);
#3530 = CARTESIAN_POINT('',(133.29268590218,-1.E-01,137.3069872981));
#3531 = DIRECTION('',(0.866025403784,0.,0.5));
#3532 = DIRECTION('',(-0.5,0.,0.866025403784));
#3533 = ADVANCED_FACE('',(#3534),#3552,.F.);
#3534 = FACE_BOUND('',#3535,.F.);
#3535 = EDGE_LOOP('',(#3536,#3537,#3538,#3546));
#3536 = ORIENTED_EDGE('',*,*,#3491,.F.);
#3537 = ORIENTED_EDGE('',*,*,#939,.T.);
#3538 = ORIENTED_EDGE('',*,*,#3539,.T.);
#3539 = EDGE_CURVE('',#932,#3540,#3542,.T.);
#3540 = VERTEX_POINT('',#3541);
#3541 = CARTESIAN_POINT('',(137.18980021921,0.6,139.5569872981));
#3542 = LINE('',#3543,#3544);
#3543 = CARTESIAN_POINT('',(137.18980021921,-1.E-01,139.5569872981));
#3544 = VECTOR('',#3545,1.);
#3545 = DIRECTION('',(0.,1.,0.));
#3546 = ORIENTED_EDGE('',*,*,#3547,.T.);
#3547 = EDGE_CURVE('',#3540,#3492,#3548,.T.);
#3548 = LINE('',#3549,#3550);
#3549 = CARTESIAN_POINT('',(137.18980021921,0.6,139.5569872981));
#3550 = VECTOR('',#3551,1.);
#3551 = DIRECTION('',(-0.5,0.,0.866025403784));
#3552 = PLANE('',#3553);
#3553 = AXIS2_PLACEMENT_3D('',#3554,#3555,#3556);
#3554 = CARTESIAN_POINT('',(137.18980021921,-1.E-01,139.5569872981));
#3555 = DIRECTION('',(0.866025403784,0.,0.5));
#3556 = DIRECTION('',(-0.5,0.,0.866025403784));
#3557 = ADVANCED_FACE('',(#3558),#3569,.T.);
#3558 = FACE_BOUND('',#3559,.T.);
#3559 = EDGE_LOOP('',(#3560,#3561,#3562,#3563));
#3560 = ORIENTED_EDGE('',*,*,#3515,.F.);
#3561 = ORIENTED_EDGE('',*,*,#931,.T.);
#3562 = ORIENTED_EDGE('',*,*,#3539,.T.);
#3563 = ORIENTED_EDGE('',*,*,#3564,.F.);
#3564 = EDGE_CURVE('',#3516,#3540,#3565,.T.);
#3565 = LINE('',#3566,#3567);
#3566 = CARTESIAN_POINT('',(133.29268590218,0.6,137.3069872981));
#3567 = VECTOR('',#3568,1.);
#3568 = DIRECTION('',(0.866025403784,0.,0.5));
#3569 = PLANE('',#3570);
#3570 = AXIS2_PLACEMENT_3D('',#3571,#3572,#3573);
#3571 = CARTESIAN_POINT('',(133.29268590218,-1.E-01,137.3069872981));
#3572 = DIRECTION('',(-0.5,0.,0.866025403784));
#3573 = DIRECTION('',(0.866025403784,0.,0.5));
#3574 = ADVANCED_FACE('',(#3575),#3600,.F.);
#3575 = FACE_BOUND('',#3576,.F.);
#3576 = EDGE_LOOP('',(#3577,#3585,#3586,#3594));
#3577 = ORIENTED_EDGE('',*,*,#3578,.F.);
#3578 = EDGE_CURVE('',#948,#3579,#3581,.T.);
#3579 = VERTEX_POINT('',#3580);
#3580 = CARTESIAN_POINT('',(135.61058778725,0.6,131.71107713091));
#3581 = LINE('',#3582,#3583);
#3582 = CARTESIAN_POINT('',(135.61058778725,-1.E-01,131.71107713091));
#3583 = VECTOR('',#3584,1.);
#3584 = DIRECTION('',(0.,1.,0.));
#3585 = ORIENTED_EDGE('',*,*,#947,.T.);
#3586 = ORIENTED_EDGE('',*,*,#3587,.T.);
#3587 = EDGE_CURVE('',#950,#3588,#3590,.T.);
#3588 = VERTEX_POINT('',#3589);
#3589 = CARTESIAN_POINT('',(139.95725400555,0.6,132.87576283387));
#3590 = LINE('',#3591,#3592);
#3591 = CARTESIAN_POINT('',(139.95725400555,-1.E-01,132.87576283387));
#3592 = VECTOR('',#3593,1.);
#3593 = DIRECTION('',(0.,1.,0.));
#3594 = ORIENTED_EDGE('',*,*,#3595,.F.);
#3595 = EDGE_CURVE('',#3579,#3588,#3596,.T.);
#3596 = LINE('',#3597,#3598);
#3597 = CARTESIAN_POINT('',(135.61058778725,0.6,131.71107713091));
#3598 = VECTOR('',#3599,1.);
#3599 = DIRECTION('',(0.965925826289,0.,0.258819045103));
#3600 = PLANE('',#3601);
#3601 = AXIS2_PLACEMENT_3D('',#3602,#3603,#3604);
#3602 = CARTESIAN_POINT('',(135.61058778725,-1.E-01,131.71107713091));
#3603 = DIRECTION('',(-0.258819045103,0.,0.965925826289));
#3604 = DIRECTION('',(0.965925826289,0.,0.258819045103));
#3605 = ADVANCED_FACE('',(#3606),#3624,.T.);
#3606 = FACE_BOUND('',#3607,.T.);
#3607 = EDGE_LOOP('',(#3608,#3609,#3610,#3618));
#3608 = ORIENTED_EDGE('',*,*,#3578,.F.);
#3609 = ORIENTED_EDGE('',*,*,#957,.T.);
#3610 = ORIENTED_EDGE('',*,*,#3611,.T.);
#3611 = EDGE_CURVE('',#958,#3612,#3614,.T.);
#3612 = VERTEX_POINT('',#3613);
#3613 = CARTESIAN_POINT('',(135.86940683235,0.6,130.74515130462));
#3614 = LINE('',#3615,#3616);
#3615 = CARTESIAN_POINT('',(135.86940683235,-1.E-01,130.74515130462));
#3616 = VECTOR('',#3617,1.);
#3617 = DIRECTION('',(0.,1.,0.));
#3618 = ORIENTED_EDGE('',*,*,#3619,.T.);
#3619 = EDGE_CURVE('',#3612,#3579,#3620,.T.);
#3620 = LINE('',#3621,#3622);
#3621 = CARTESIAN_POINT('',(135.86940683235,0.6,130.74515130462));
#3622 = VECTOR('',#3623,1.);
#3623 = DIRECTION('',(-0.258819045103,0.,0.965925826289));
#3624 = PLANE('',#3625);
#3625 = AXIS2_PLACEMENT_3D('',#3626,#3627,#3628);
#3626 = CARTESIAN_POINT('',(135.86940683235,-1.E-01,130.74515130462));
#3627 = DIRECTION('',(0.965925826289,0.,0.258819045103));
#3628 = DIRECTION('',(-0.258819045103,0.,0.965925826289));
#3629 = ADVANCED_FACE('',(#3630),#3648,.F.);
#3630 = FACE_BOUND('',#3631,.F.);
#3631 = EDGE_LOOP('',(#3632,#3633,#3634,#3642));
#3632 = ORIENTED_EDGE('',*,*,#3587,.F.);
#3633 = ORIENTED_EDGE('',*,*,#973,.T.);
#3634 = ORIENTED_EDGE('',*,*,#3635,.T.);
#3635 = EDGE_CURVE('',#966,#3636,#3638,.T.);
#3636 = VERTEX_POINT('',#3637);
#3637 = CARTESIAN_POINT('',(140.21607305065,0.6,131.90983700758));
#3638 = LINE('',#3639,#3640);
#3639 = CARTESIAN_POINT('',(140.21607305065,-1.E-01,131.90983700758));
#3640 = VECTOR('',#3641,1.);
#3641 = DIRECTION('',(0.,1.,0.));
#3642 = ORIENTED_EDGE('',*,*,#3643,.T.);
#3643 = EDGE_CURVE('',#3636,#3588,#3644,.T.);
#3644 = LINE('',#3645,#3646);
#3645 = CARTESIAN_POINT('',(140.21607305065,0.6,131.90983700758));
#3646 = VECTOR('',#3647,1.);
#3647 = DIRECTION('',(-0.258819045103,0.,0.965925826289));
#3648 = PLANE('',#3649);
#3649 = AXIS2_PLACEMENT_3D('',#3650,#3651,#3652);
#3650 = CARTESIAN_POINT('',(140.21607305065,-1.E-01,131.90983700758));
#3651 = DIRECTION('',(0.965925826289,0.,0.258819045103));
#3652 = DIRECTION('',(-0.258819045103,0.,0.965925826289));
#3653 = ADVANCED_FACE('',(#3654),#3665,.T.);
#3654 = FACE_BOUND('',#3655,.T.);
#3655 = EDGE_LOOP('',(#3656,#3657,#3658,#3659));
#3656 = ORIENTED_EDGE('',*,*,#3611,.F.);
#3657 = ORIENTED_EDGE('',*,*,#965,.T.);
#3658 = ORIENTED_EDGE('',*,*,#3635,.T.);
#3659 = ORIENTED_EDGE('',*,*,#3660,.F.);
#3660 = EDGE_CURVE('',#3612,#3636,#3661,.T.);
#3661 = LINE('',#3662,#3663);
#3662 = CARTESIAN_POINT('',(135.86940683235,0.6,130.74515130462));
#3663 = VECTOR('',#3664,1.);
#3664 = DIRECTION('',(0.965925826289,0.,0.258819045103));
#3665 = PLANE('',#3666);
#3666 = AXIS2_PLACEMENT_3D('',#3667,#3668,#3669);
#3667 = CARTESIAN_POINT('',(135.86940683235,-1.E-01,130.74515130462));
#3668 = DIRECTION('',(-0.258819045103,0.,0.965925826289));
#3669 = DIRECTION('',(0.965925826289,0.,0.258819045103));
#3670 = ADVANCED_FACE('',(#3671),#3690,.T.);
#3671 = FACE_BOUND('',#3672,.T.);
#3672 = EDGE_LOOP('',(#3673,#3674,#3682,#3689));
#3673 = ORIENTED_EDGE('',*,*,#1029,.T.);
#3674 = ORIENTED_EDGE('',*,*,#3675,.T.);
#3675 = EDGE_CURVE('',#1030,#3676,#3678,.T.);
#3676 = VERTEX_POINT('',#3677);
#3677 = CARTESIAN_POINT('',(72.56,8.739202710604,22.5));
#3678 = LINE('',#3679,#3680);
#3679 = CARTESIAN_POINT('',(72.56,2.7,22.5));
#3680 = VECTOR('',#3681,1.);
#3681 = DIRECTION('',(0.,1.,0.));
#3682 = ORIENTED_EDGE('',*,*,#3683,.F.);
#3683 = EDGE_CURVE('',#3676,#3676,#3684,.T.);
#3684 = CIRCLE('',#3685,4.5);
#3685 = AXIS2_PLACEMENT_3D('',#3686,#3687,#3688);
#3686 = CARTESIAN_POINT('',(72.56,8.739202710604,18.));
#3687 = DIRECTION('',(0.,1.,0.));
#3688 = DIRECTION('',(0.,-0.,1.));
#3689 = ORIENTED_EDGE('',*,*,#3675,.F.);
#3690 = CYLINDRICAL_SURFACE('',#3691,4.5);
#3691 = AXIS2_PLACEMENT_3D('',#3692,#3693,#3694);
#3692 = CARTESIAN_POINT('',(72.56,2.7,18.));
#3693 = DIRECTION('',(0.,1.,0.));
#3694 = DIRECTION('',(0.,-0.,1.));
#3695 = ADVANCED_FACE('',(#3696),#3721,.F.);
#3696 = FACE_BOUND('',#3697,.F.);
#3697 = EDGE_LOOP('',(#3698,#3706,#3714,#3720));
#3698 = ORIENTED_EDGE('',*,*,#3699,.F.);
#3699 = EDGE_CURVE('',#3700,#1041,#3702,.T.);
#3700 = VERTEX_POINT('',#3701);
#3701 = CARTESIAN_POINT('',(97.01,1.5,81.24));
#3702 = LINE('',#3703,#3704);
#3703 = CARTESIAN_POINT('',(97.01,1.5,81.24));
#3704 = VECTOR('',#3705,1.);
#3705 = DIRECTION('',(-0.,1.,0.));
#3706 = ORIENTED_EDGE('',*,*,#3707,.T.);
#3707 = EDGE_CURVE('',#3700,#3708,#3710,.T.);
#3708 = VERTEX_POINT('',#3709);
#3709 = CARTESIAN_POINT('',(122.31,1.5,81.24));
#3710 = LINE('',#3711,#3712);
#3711 = CARTESIAN_POINT('',(97.01,1.5,81.24));
#3712 = VECTOR('',#3713,1.);
#3713 = DIRECTION('',(1.,0.,-0.));
#3714 = ORIENTED_EDGE('',*,*,#3715,.T.);
#3715 = EDGE_CURVE('',#3708,#1043,#3716,.T.);
#3716 = LINE('',#3717,#3718);
#3717 = CARTESIAN_POINT('',(122.31,1.5,81.24));
#3718 = VECTOR('',#3719,1.);
#3719 = DIRECTION('',(-0.,1.,0.));
#3720 = ORIENTED_EDGE('',*,*,#1040,.F.);
#3721 = PLANE('',#3722);
#3722 = AXIS2_PLACEMENT_3D('',#3723,#3724,#3725);
#3723 = CARTESIAN_POINT('',(97.01,1.5,81.24));
#3724 = DIRECTION('',(0.,0.,1.));
#3725 = DIRECTION('',(1.,0.,-0.));
#3726 = ADVANCED_FACE('',(#3727),#3745,.T.);
#3727 = FACE_BOUND('',#3728,.T.);
#3728 = EDGE_LOOP('',(#3729,#3730,#3738,#3744));
#3729 = ORIENTED_EDGE('',*,*,#3699,.F.);
#3730 = ORIENTED_EDGE('',*,*,#3731,.F.);
#3731 = EDGE_CURVE('',#3732,#3700,#3734,.T.);
#3732 = VERTEX_POINT('',#3733);
#3733 = CARTESIAN_POINT('',(97.01,1.5,62.04));
#3734 = LINE('',#3735,#3736);
#3735 = CARTESIAN_POINT('',(97.01,1.5,62.04));
#3736 = VECTOR('',#3737,1.);
#3737 = DIRECTION('',(0.,0.,1.));
#3738 = ORIENTED_EDGE('',*,*,#3739,.T.);
#3739 = EDGE_CURVE('',#3732,#1051,#3740,.T.);
#3740 = LINE('',#3741,#3742);
#3741 = CARTESIAN_POINT('',(97.01,1.5,62.04));
#3742 = VECTOR('',#3743,1.);
#3743 = DIRECTION('',(-0.,1.,0.));
#3744 = ORIENTED_EDGE('',*,*,#1050,.F.);
#3745 = PLANE('',#3746);
#3746 = AXIS2_PLACEMENT_3D('',#3747,#3748,#3749);
#3747 = CARTESIAN_POINT('',(97.01,1.5,62.04));
#3748 = DIRECTION('',(1.,0.,-0.));
#3749 = DIRECTION('',(0.,0.,1.));
#3750 = ADVANCED_FACE('',(#3751),#3769,.F.);
#3751 = FACE_BOUND('',#3752,.F.);
#3752 = EDGE_LOOP('',(#3753,#3754,#3762,#3768));
#3753 = ORIENTED_EDGE('',*,*,#3715,.F.);
#3754 = ORIENTED_EDGE('',*,*,#3755,.F.);
#3755 = EDGE_CURVE('',#3756,#3708,#3758,.T.);
#3756 = VERTEX_POINT('',#3757);
#3757 = CARTESIAN_POINT('',(122.31,1.5,62.04));
#3758 = LINE('',#3759,#3760);
#3759 = CARTESIAN_POINT('',(122.31,1.5,62.04));
#3760 = VECTOR('',#3761,1.);
#3761 = DIRECTION('',(0.,0.,1.));
#3762 = ORIENTED_EDGE('',*,*,#3763,.T.);
#3763 = EDGE_CURVE('',#3756,#1059,#3764,.T.);
#3764 = LINE('',#3765,#3766);
#3765 = CARTESIAN_POINT('',(122.31,1.5,62.04));
#3766 = VECTOR('',#3767,1.);
#3767 = DIRECTION('',(-0.,1.,0.));
#3768 = ORIENTED_EDGE('',*,*,#1066,.F.);
#3769 = PLANE('',#3770);
#3770 = AXIS2_PLACEMENT_3D('',#3771,#3772,#3773);
#3771 = CARTESIAN_POINT('',(122.31,1.5,62.04));
#3772 = DIRECTION('',(1.,0.,-0.));
#3773 = DIRECTION('',(0.,0.,1.));
#3774 = ADVANCED_FACE('',(#3775),#3786,.T.);
#3775 = FACE_BOUND('',#3776,.T.);
#3776 = EDGE_LOOP('',(#3777,#3778,#3784,#3785));
#3777 = ORIENTED_EDGE('',*,*,#3739,.F.);
#3778 = ORIENTED_EDGE('',*,*,#3779,.T.);
#3779 = EDGE_CURVE('',#3732,#3756,#3780,.T.);
#3780 = LINE('',#3781,#3782);
#3781 = CARTESIAN_POINT('',(97.01,1.5,62.04));
#3782 = VECTOR('',#3783,1.);
#3783 = DIRECTION('',(1.,0.,-0.));
#3784 = ORIENTED_EDGE('',*,*,#3763,.T.);
#3785 = ORIENTED_EDGE('',*,*,#1058,.F.);
#3786 = PLANE('',#3787);
#3787 = AXIS2_PLACEMENT_3D('',#3788,#3789,#3790);
#3788 = CARTESIAN_POINT('',(97.01,1.5,62.04));
#3789 = DIRECTION('',(0.,0.,1.));
#3790 = DIRECTION('',(1.,0.,-0.));
#3791 = ADVANCED_FACE('',(#3792),#3811,.T.);
#3792 = FACE_BOUND('',#3793,.T.);
#3793 = EDGE_LOOP('',(#3794,#3795,#3803,#3810));
#3794 = ORIENTED_EDGE('',*,*,#1074,.T.);
#3795 = ORIENTED_EDGE('',*,*,#3796,.T.);
#3796 = EDGE_CURVE('',#1075,#3797,#3799,.T.);
#3797 = VERTEX_POINT('',#3798);
#3798 = CARTESIAN_POINT('',(72.56,8.739202710604,189.74));
#3799 = LINE('',#3800,#3801);
#3800 = CARTESIAN_POINT('',(72.56,2.7,189.74));
#3801 = VECTOR('',#3802,1.);
#3802 = DIRECTION('',(0.,1.,0.));
#3803 = ORIENTED_EDGE('',*,*,#3804,.F.);
#3804 = EDGE_CURVE('',#3797,#3797,#3805,.T.);
#3805 = CIRCLE('',#3806,4.5);
#3806 = AXIS2_PLACEMENT_3D('',#3807,#3808,#3809);
#3807 = CARTESIAN_POINT('',(72.56,8.739202710604,185.24));
#3808 = DIRECTION('',(0.,1.,0.));
#3809 = DIRECTION('',(0.,-0.,1.));
#3810 = ORIENTED_EDGE('',*,*,#3796,.F.);
#3811 = CYLINDRICAL_SURFACE('',#3812,4.5);
#3812 = AXIS2_PLACEMENT_3D('',#3813,#3814,#3815);
#3813 = CARTESIAN_POINT('',(72.56,2.7,185.24));
#3814 = DIRECTION('',(0.,1.,0.));
#3815 = DIRECTION('',(0.,-0.,1.));
#3816 = ADVANCED_FACE('',(#3817),#3836,.T.);
#3817 = FACE_BOUND('',#3818,.T.);
#3818 = EDGE_LOOP('',(#3819,#3827,#3828,#3829));
#3819 = ORIENTED_EDGE('',*,*,#3820,.F.);
#3820 = EDGE_CURVE('',#1086,#3821,#3823,.T.);
#3821 = VERTEX_POINT('',#3822);
#3822 = CARTESIAN_POINT('',(146.76,8.739202710604,22.5));
#3823 = LINE('',#3824,#3825);
#3824 = CARTESIAN_POINT('',(146.76,2.7,22.5));
#3825 = VECTOR('',#3826,1.);
#3826 = DIRECTION('',(0.,1.,0.));
#3827 = ORIENTED_EDGE('',*,*,#1085,.T.);
#3828 = ORIENTED_EDGE('',*,*,#3820,.T.);
#3829 = ORIENTED_EDGE('',*,*,#3830,.F.);
#3830 = EDGE_CURVE('',#3821,#3821,#3831,.T.);
#3831 = CIRCLE('',#3832,4.5);
#3832 = AXIS2_PLACEMENT_3D('',#3833,#3834,#3835);
#3833 = CARTESIAN_POINT('',(146.76,8.739202710604,18.));
#3834 = DIRECTION('',(0.,1.,0.));
#3835 = DIRECTION('',(0.,-0.,1.));
#3836 = CYLINDRICAL_SURFACE('',#3837,4.5);
#3837 = AXIS2_PLACEMENT_3D('',#3838,#3839,#3840);
#3838 = CARTESIAN_POINT('',(146.76,2.7,18.));
#3839 = DIRECTION('',(0.,1.,0.));
#3840 = DIRECTION('',(0.,-0.,1.));
#3841 = ADVANCED_FACE('',(#3842),#3861,.F.);
#3842 = FACE_BOUND('',#3843,.F.);
#3843 = EDGE_LOOP('',(#3844,#3845,#3853,#3860));
#3844 = ORIENTED_EDGE('',*,*,#1096,.F.);
#3845 = ORIENTED_EDGE('',*,*,#3846,.F.);
#3846 = EDGE_CURVE('',#3847,#1097,#3849,.T.);
#3847 = VERTEX_POINT('',#3848);
#3848 = CARTESIAN_POINT('',(109.66,2.25,132.24));
#3849 = LINE('',#3850,#3851);
#3850 = CARTESIAN_POINT('',(109.66,2.25,132.24));
#3851 = VECTOR('',#3852,1.);
#3852 = DIRECTION('',(0.,1.,0.));
#3853 = ORIENTED_EDGE('',*,*,#3854,.T.);
#3854 = EDGE_CURVE('',#3847,#3847,#3855,.T.);
#3855 = CIRCLE('',#3856,8.);
#3856 = AXIS2_PLACEMENT_3D('',#3857,#3858,#3859);
#3857 = CARTESIAN_POINT('',(109.66,2.25,124.24));
#3858 = DIRECTION('',(0.,1.,0.));
#3859 = DIRECTION('',(0.,-0.,1.));
#3860 = ORIENTED_EDGE('',*,*,#3846,.T.);
#3861 = CYLINDRICAL_SURFACE('',#3862,8.);
#3862 = AXIS2_PLACEMENT_3D('',#3863,#3864,#3865);
#3863 = CARTESIAN_POINT('',(109.66,2.25,124.24));
#3864 = DIRECTION('',(0.,1.,0.));
#3865 = DIRECTION('',(0.,-0.,1.));
#3866 = ADVANCED_FACE('',(#3867),#3886,.T.);
#3867 = FACE_BOUND('',#3868,.T.);
#3868 = EDGE_LOOP('',(#3869,#3877,#3878,#3879));
#3869 = ORIENTED_EDGE('',*,*,#3870,.F.);
#3870 = EDGE_CURVE('',#1108,#3871,#3873,.T.);
#3871 = VERTEX_POINT('',#3872);
#3872 = CARTESIAN_POINT('',(146.76,8.739202710604,189.74));
#3873 = LINE('',#3874,#3875);
#3874 = CARTESIAN_POINT('',(146.76,2.7,189.74));
#3875 = VECTOR('',#3876,1.);
#3876 = DIRECTION('',(0.,1.,0.));
#3877 = ORIENTED_EDGE('',*,*,#1107,.T.);
#3878 = ORIENTED_EDGE('',*,*,#3870,.T.);
#3879 = ORIENTED_EDGE('',*,*,#3880,.F.);
#3880 = EDGE_CURVE('',#3871,#3871,#3881,.T.);
#3881 = CIRCLE('',#3882,4.5);
#3882 = AXIS2_PLACEMENT_3D('',#3883,#3884,#3885);
#3883 = CARTESIAN_POINT('',(146.76,8.739202710604,185.24));
#3884 = DIRECTION('',(0.,1.,0.));
#3885 = DIRECTION('',(0.,-0.,1.));
#3886 = CYLINDRICAL_SURFACE('',#3887,4.5);
#3887 = AXIS2_PLACEMENT_3D('',#3888,#3889,#3890);
#3888 = CARTESIAN_POINT('',(146.76,2.7,185.24));
#3889 = DIRECTION('',(0.,1.,0.));
#3890 = DIRECTION('',(0.,-0.,1.));
#3891 = ADVANCED_FACE('',(#3892),#3898,.F.);
#3892 = FACE_BOUND('',#3893,.F.);
#3893 = EDGE_LOOP('',(#3894,#3895,#3896,#3897));
#3894 = ORIENTED_EDGE('',*,*,#1218,.F.);
#3895 = ORIENTED_EDGE('',*,*,#1235,.T.);
#3896 = ORIENTED_EDGE('',*,*,#1170,.T.);
#3897 = ORIENTED_EDGE('',*,*,#1194,.F.);
#3898 = PLANE('',#3899);
#3899 = AXIS2_PLACEMENT_3D('',#3900,#3901,#3902);
#3900 = CARTESIAN_POINT('',(102.66,1.505,49.04));
#3901 = DIRECTION('',(-0.,1.,0.));
#3902 = DIRECTION('',(0.,0.,1.));
#3903 = ADVANCED_FACE('',(#3904,#3910),#3916,.T.);
#3904 = FACE_BOUND('',#3905,.T.);
#3905 = EDGE_LOOP('',(#3906,#3907,#3908,#3909));
#3906 = ORIENTED_EDGE('',*,*,#3779,.F.);
#3907 = ORIENTED_EDGE('',*,*,#3731,.T.);
#3908 = ORIENTED_EDGE('',*,*,#3707,.T.);
#3909 = ORIENTED_EDGE('',*,*,#3755,.F.);
#3910 = FACE_BOUND('',#3911,.T.);
#3911 = EDGE_LOOP('',(#3912,#3913,#3914,#3915));
#3912 = ORIENTED_EDGE('',*,*,#1314,.T.);
#3913 = ORIENTED_EDGE('',*,*,#1266,.T.);
#3914 = ORIENTED_EDGE('',*,*,#1290,.F.);
#3915 = ORIENTED_EDGE('',*,*,#1331,.F.);
#3916 = PLANE('',#3917);
#3917 = AXIS2_PLACEMENT_3D('',#3918,#3919,#3920);
#3918 = CARTESIAN_POINT('',(97.01,1.5,62.04));
#3919 = DIRECTION('',(-0.,1.,0.));
#3920 = DIRECTION('',(0.,0.,1.));
#3921 = ADVANCED_FACE('',(#3922),#3928,.F.);
#3922 = FACE_BOUND('',#3923,.F.);
#3923 = EDGE_LOOP('',(#3924,#3925,#3926,#3927));
#3924 = ORIENTED_EDGE('',*,*,#1427,.F.);
#3925 = ORIENTED_EDGE('',*,*,#1386,.T.);
#3926 = ORIENTED_EDGE('',*,*,#1362,.T.);
#3927 = ORIENTED_EDGE('',*,*,#1410,.F.);
#3928 = PLANE('',#3929);
#3929 = AXIS2_PLACEMENT_3D('',#3930,#3931,#3932);
#3930 = CARTESIAN_POINT('',(95.726987298108,0.6,101.10731409782));
#3931 = DIRECTION('',(0.,1.,0.));
#3932 = DIRECTION('',(0.866025403784,0.,-0.5));
#3933 = ADVANCED_FACE('',(#3934),#3940,.F.);
#3934 = FACE_BOUND('',#3935,.F.);
#3935 = EDGE_LOOP('',(#3936,#3937,#3938,#3939));
#3936 = ORIENTED_EDGE('',*,*,#1523,.F.);
#3937 = ORIENTED_EDGE('',*,*,#1482,.T.);
#3938 = ORIENTED_EDGE('',*,*,#1458,.T.);
#3939 = ORIENTED_EDGE('',*,*,#1506,.F.);
#3940 = PLANE('',#3941);
#3941 = AXIS2_PLACEMENT_3D('',#3942,#3943,#3944);
#3942 = CARTESIAN_POINT('',(102.18892286908,0.6,98.289412212746));
#3943 = DIRECTION('',(0.,1.,0.));
#3944 = DIRECTION('',(0.965925826289,0.,-0.258819045103));
#3945 = ADVANCED_FACE('',(#3946),#3952,.F.);
#3946 = FACE_BOUND('',#3947,.F.);
#3947 = EDGE_LOOP('',(#3948,#3949,#3950,#3951));
#3948 = ORIENTED_EDGE('',*,*,#1619,.F.);
#3949 = ORIENTED_EDGE('',*,*,#1578,.T.);
#3950 = ORIENTED_EDGE('',*,*,#1554,.T.);
#3951 = ORIENTED_EDGE('',*,*,#1602,.F.);
#3952 = PLANE('',#3953);
#3953 = AXIS2_PLACEMENT_3D('',#3954,#3955,#3956);
#3954 = CARTESIAN_POINT('',(109.16,0.6,97.24));
#3955 = DIRECTION('',(0.,1.,0.));
#3956 = DIRECTION('',(1.,0.,2.22044604925E-16));
#3957 = ADVANCED_FACE('',(#3958),#3964,.F.);
#3958 = FACE_BOUND('',#3959,.F.);
#3959 = EDGE_LOOP('',(#3960,#3961,#3962,#3963));
#3960 = ORIENTED_EDGE('',*,*,#1715,.F.);
#3961 = ORIENTED_EDGE('',*,*,#1674,.T.);
#3962 = ORIENTED_EDGE('',*,*,#1650,.T.);
#3963 = ORIENTED_EDGE('',*,*,#1698,.F.);
#3964 = PLANE('',#3965);
#3965 = AXIS2_PLACEMENT_3D('',#3966,#3967,#3968);
#3966 = CARTESIAN_POINT('',(86.02731409782,0.6,111.17301270189));
#3967 = DIRECTION('',(0.,1.,0.));
#3968 = DIRECTION('',(0.5,0.,-0.866025403784));
#3969 = ADVANCED_FACE('',(#3970),#3976,.F.);
#3970 = FACE_BOUND('',#3971,.F.);
#3971 = EDGE_LOOP('',(#3972,#3973,#3974,#3975));
#3972 = ORIENTED_EDGE('',*,*,#1811,.F.);
#3973 = ORIENTED_EDGE('',*,*,#1770,.T.);
#3974 = ORIENTED_EDGE('',*,*,#1746,.T.);
#3975 = ORIENTED_EDGE('',*,*,#1794,.F.);
#3976 = PLANE('',#3977);
#3977 = AXIS2_PLACEMENT_3D('',#3978,#3979,#3980);
#3978 = CARTESIAN_POINT('',(83.450593167644,0.6,117.73484869537));
#3979 = DIRECTION('',(0.,1.,0.));
#3980 = DIRECTION('',(0.258819045103,0.,-0.965925826289));
#3981 = ADVANCED_FACE('',(#3982),#3988,.F.);
#3982 = FACE_BOUND('',#3983,.F.);
#3983 = EDGE_LOOP('',(#3984,#3985,#3986,#3987));
#3984 = ORIENTED_EDGE('',*,*,#1907,.F.);
#3985 = ORIENTED_EDGE('',*,*,#1866,.T.);
#3986 = ORIENTED_EDGE('',*,*,#1842,.T.);
#3987 = ORIENTED_EDGE('',*,*,#1890,.F.);
#3988 = PLANE('',#3989);
#3989 = AXIS2_PLACEMENT_3D('',#3990,#3991,#3992);
#3990 = CARTESIAN_POINT('',(82.66,0.6,124.74));
#3991 = DIRECTION('',(0.,1.,0.));
#3992 = DIRECTION('',(1.224646799147E-16,0.,-1.));
#3993 = ADVANCED_FACE('',(#3994),#4000,.F.);
#3994 = FACE_BOUND('',#3995,.F.);
#3995 = EDGE_LOOP('',(#3996,#3997,#3998,#3999));
#3996 = ORIENTED_EDGE('',*,*,#2003,.F.);
#3997 = ORIENTED_EDGE('',*,*,#1962,.T.);
#3998 = ORIENTED_EDGE('',*,*,#1938,.T.);
#3999 = ORIENTED_EDGE('',*,*,#1986,.F.);
#4000 = PLANE('',#4001);
#4001 = AXIS2_PLACEMENT_3D('',#4002,#4003,#4004);
#4002 = CARTESIAN_POINT('',(90.21456351737,0.6,105.50167029855));
#4003 = DIRECTION('',(0.,1.,0.));
#4004 = DIRECTION('',(0.707106781187,0.,-0.707106781187));
#4005 = ADVANCED_FACE('',(#4006),#4012,.F.);
#4006 = FACE_BOUND('',#4007,.F.);
#4007 = EDGE_LOOP('',(#4008,#4009,#4010,#4011));
#4008 = ORIENTED_EDGE('',*,*,#2099,.F.);
#4009 = ORIENTED_EDGE('',*,*,#2058,.T.);
#4010 = ORIENTED_EDGE('',*,*,#2034,.T.);
#4011 = ORIENTED_EDGE('',*,*,#2082,.F.);
#4012 = PLANE('',#4013);
#4013 = AXIS2_PLACEMENT_3D('',#4014,#4015,#4016);
#4014 = CARTESIAN_POINT('',(83.709412212746,0.6,131.71107713091));
#4015 = DIRECTION('',(0.,1.,0.));
#4016 = DIRECTION('',(-0.258819045103,0.,-0.965925826289));
#4017 = ADVANCED_FACE('',(#4018),#4024,.F.);
#4018 = FACE_BOUND('',#4019,.F.);
#4019 = EDGE_LOOP('',(#4020,#4021,#4022,#4023));
#4020 = ORIENTED_EDGE('',*,*,#2195,.F.);
#4021 = ORIENTED_EDGE('',*,*,#2154,.T.);
#4022 = ORIENTED_EDGE('',*,*,#2130,.T.);
#4023 = ORIENTED_EDGE('',*,*,#2178,.F.);
#4024 = PLANE('',#4025);
#4025 = AXIS2_PLACEMENT_3D('',#4026,#4027,#4028);
#4026 = CARTESIAN_POINT('',(86.52731409782,0.6,138.17301270189));
#4027 = DIRECTION('',(0.,1.,0.));
#4028 = DIRECTION('',(-0.5,0.,-0.866025403784));
#4029 = ADVANCED_FACE('',(#4030),#4036,.F.);
#4030 = FACE_BOUND('',#4031,.F.);
#4031 = EDGE_LOOP('',(#4032,#4033,#4034,#4035));
#4032 = ORIENTED_EDGE('',*,*,#2291,.F.);
#4033 = ORIENTED_EDGE('',*,*,#2250,.T.);
#4034 = ORIENTED_EDGE('',*,*,#2226,.T.);
#4035 = ORIENTED_EDGE('',*,*,#2274,.F.);
#4036 = PLANE('',#4037);
#4037 = AXIS2_PLACEMENT_3D('',#4038,#4039,#4040);
#4038 = CARTESIAN_POINT('',(90.921670298556,0.6,143.68543648263));
#4039 = DIRECTION('',(0.,1.,0.));
#4040 = DIRECTION('',(-0.707106781187,0.,-0.707106781187));
#4041 = ADVANCED_FACE('',(#4042,#4045),#4048,.T.);
#4042 = FACE_BOUND('',#4043,.T.);
#4043 = EDGE_LOOP('',(#4044));
#4044 = ORIENTED_EDGE('',*,*,#3854,.T.);
#4045 = FACE_BOUND('',#4046,.T.);
#4046 = EDGE_LOOP('',(#4047));
#4047 = ORIENTED_EDGE('',*,*,#2305,.F.);
#4048 = PLANE('',#4049);
#4049 = AXIS2_PLACEMENT_3D('',#4050,#4051,#4052);
#4050 = CARTESIAN_POINT('',(109.66,2.25,124.24));
#4051 = DIRECTION('',(0.,1.,0.));
#4052 = DIRECTION('',(0.,-0.,1.));
#4053 = ADVANCED_FACE('',(#4054),#4060,.F.);
#4054 = FACE_BOUND('',#4055,.F.);
#4055 = EDGE_LOOP('',(#4056,#4057,#4058,#4059));
#4056 = ORIENTED_EDGE('',*,*,#2412,.F.);
#4057 = ORIENTED_EDGE('',*,*,#2371,.T.);
#4058 = ORIENTED_EDGE('',*,*,#2347,.T.);
#4059 = ORIENTED_EDGE('',*,*,#2395,.F.);
#4060 = PLANE('',#4061);
#4061 = AXIS2_PLACEMENT_3D('',#4062,#4063,#4064);
#4062 = CARTESIAN_POINT('',(96.593012701892,0.6,147.87268590218));
#4063 = DIRECTION('',(0.,1.,0.));
#4064 = DIRECTION('',(-0.866025403784,0.,-0.5));
#4065 = ADVANCED_FACE('',(#4066),#4072,.F.);
#4066 = FACE_BOUND('',#4067,.F.);
#4067 = EDGE_LOOP('',(#4068,#4069,#4070,#4071));
#4068 = ORIENTED_EDGE('',*,*,#2508,.F.);
#4069 = ORIENTED_EDGE('',*,*,#2467,.T.);
#4070 = ORIENTED_EDGE('',*,*,#2443,.T.);
#4071 = ORIENTED_EDGE('',*,*,#2491,.F.);
#4072 = PLANE('',#4073);
#4073 = AXIS2_PLACEMENT_3D('',#4074,#4075,#4076);
#4074 = CARTESIAN_POINT('',(103.15484869537,0.6,150.44940683235));
#4075 = DIRECTION('',(0.,1.,0.));
#4076 = DIRECTION('',(-0.965925826289,0.,-0.258819045103));
#4077 = ADVANCED_FACE('',(#4078),#4084,.F.);
#4078 = FACE_BOUND('',#4079,.F.);
#4079 = EDGE_LOOP('',(#4080,#4081,#4082,#4083));
#4080 = ORIENTED_EDGE('',*,*,#2604,.F.);
#4081 = ORIENTED_EDGE('',*,*,#2563,.T.);
#4082 = ORIENTED_EDGE('',*,*,#2539,.T.);
#4083 = ORIENTED_EDGE('',*,*,#2587,.F.);
#4084 = PLANE('',#4085);
#4085 = AXIS2_PLACEMENT_3D('',#4086,#4087,#4088);
#4086 = CARTESIAN_POINT('',(110.16,0.6,151.24));
#4087 = DIRECTION('',(0.,1.,0.));
#4088 = DIRECTION('',(-1.,0.,-2.22044604925E-16));
#4089 = ADVANCED_FACE('',(#4090),#4096,.F.);
#4090 = FACE_BOUND('',#4091,.F.);
#4091 = EDGE_LOOP('',(#4092,#4093,#4094,#4095));
#4092 = ORIENTED_EDGE('',*,*,#2700,.F.);
#4093 = ORIENTED_EDGE('',*,*,#2659,.T.);
#4094 = ORIENTED_EDGE('',*,*,#2635,.T.);
#4095 = ORIENTED_EDGE('',*,*,#2683,.F.);
#4096 = PLANE('',#4097);
#4097 = AXIS2_PLACEMENT_3D('',#4098,#4099,#4100);
#4098 = CARTESIAN_POINT('',(116.16515130462,0.6,98.030593167644));
#4099 = DIRECTION('',(0.,1.,0.));
#4100 = DIRECTION('',(0.965925826289,0.,0.258819045103));
#4101 = ADVANCED_FACE('',(#4102),#4108,.F.);
#4102 = FACE_BOUND('',#4103,.F.);
#4103 = EDGE_LOOP('',(#4104,#4105,#4106,#4107));
#4104 = ORIENTED_EDGE('',*,*,#2796,.F.);
#4105 = ORIENTED_EDGE('',*,*,#2755,.T.);
#4106 = ORIENTED_EDGE('',*,*,#2731,.T.);
#4107 = ORIENTED_EDGE('',*,*,#2779,.F.);
#4108 = PLANE('',#4109);
#4109 = AXIS2_PLACEMENT_3D('',#4110,#4111,#4112);
#4110 = CARTESIAN_POINT('',(122.7269872981,0.6,100.60731409782));
#4111 = DIRECTION('',(0.,1.,0.));
#4112 = DIRECTION('',(0.866025403784,0.,0.5));
#4113 = ADVANCED_FACE('',(#4114),#4120,.F.);
#4114 = FACE_BOUND('',#4115,.F.);
#4115 = EDGE_LOOP('',(#4116,#4117,#4118,#4119));
#4116 = ORIENTED_EDGE('',*,*,#2892,.F.);
#4117 = ORIENTED_EDGE('',*,*,#2851,.T.);
#4118 = ORIENTED_EDGE('',*,*,#2827,.T.);
#4119 = ORIENTED_EDGE('',*,*,#2875,.F.);
#4120 = PLANE('',#4121);
#4121 = AXIS2_PLACEMENT_3D('',#4122,#4123,#4124);
#4122 = CARTESIAN_POINT('',(117.13107713091,0.6,150.19058778725));
#4123 = DIRECTION('',(0.,1.,0.));
#4124 = DIRECTION('',(-0.965925826289,0.,0.258819045103));
#4125 = ADVANCED_FACE('',(#4126),#4132,.F.);
#4126 = FACE_BOUND('',#4127,.F.);
#4127 = EDGE_LOOP('',(#4128,#4129,#4130,#4131));
#4128 = ORIENTED_EDGE('',*,*,#2988,.F.);
#4129 = ORIENTED_EDGE('',*,*,#2947,.T.);
#4130 = ORIENTED_EDGE('',*,*,#2923,.T.);
#4131 = ORIENTED_EDGE('',*,*,#2971,.F.);
#4132 = PLANE('',#4133);
#4133 = AXIS2_PLACEMENT_3D('',#4134,#4135,#4136);
#4134 = CARTESIAN_POINT('',(123.59301270189,0.6,147.37268590218));
#4135 = DIRECTION('',(0.,1.,0.));
#4136 = DIRECTION('',(-0.866025403784,0.,0.5));
#4137 = ADVANCED_FACE('',(#4138),#4144,.F.);
#4138 = FACE_BOUND('',#4139,.F.);
#4139 = EDGE_LOOP('',(#4140,#4141,#4142,#4143));
#4140 = ORIENTED_EDGE('',*,*,#3084,.F.);
#4141 = ORIENTED_EDGE('',*,*,#3043,.T.);
#4142 = ORIENTED_EDGE('',*,*,#3019,.T.);
#4143 = ORIENTED_EDGE('',*,*,#3067,.F.);
#4144 = PLANE('',#4145);
#4145 = AXIS2_PLACEMENT_3D('',#4146,#4147,#4148);
#4146 = CARTESIAN_POINT('',(128.39832970144,0.6,104.79456351737));
#4147 = DIRECTION('',(0.,1.,0.));
#4148 = DIRECTION('',(0.707106781187,0.,0.707106781187));
#4149 = ADVANCED_FACE('',(#4150),#4156,.F.);
#4150 = FACE_BOUND('',#4151,.F.);
#4151 = EDGE_LOOP('',(#4152,#4153,#4154,#4155));
#4152 = ORIENTED_EDGE('',*,*,#3180,.F.);
#4153 = ORIENTED_EDGE('',*,*,#3139,.T.);
#4154 = ORIENTED_EDGE('',*,*,#3115,.T.);
#4155 = ORIENTED_EDGE('',*,*,#3163,.F.);
#4156 = PLANE('',#4157);
#4157 = AXIS2_PLACEMENT_3D('',#4158,#4159,#4160);
#4158 = CARTESIAN_POINT('',(132.79268590218,0.6,110.3069872981));
#4159 = DIRECTION('',(0.,1.,0.));
#4160 = DIRECTION('',(0.5,0.,0.866025403784));
#4161 = ADVANCED_FACE('',(#4162),#4168,.F.);
#4162 = FACE_BOUND('',#4163,.F.);
#4163 = EDGE_LOOP('',(#4164,#4165,#4166,#4167));
#4164 = ORIENTED_EDGE('',*,*,#3276,.F.);
#4165 = ORIENTED_EDGE('',*,*,#3235,.T.);
#4166 = ORIENTED_EDGE('',*,*,#3211,.T.);
#4167 = ORIENTED_EDGE('',*,*,#3259,.F.);
#4168 = PLANE('',#4169);
#4169 = AXIS2_PLACEMENT_3D('',#4170,#4171,#4172);
#4170 = CARTESIAN_POINT('',(135.61058778725,0.6,116.76892286908));
#4171 = DIRECTION('',(0.,1.,0.));
#4172 = DIRECTION('',(0.258819045103,0.,0.965925826289));
#4173 = ADVANCED_FACE('',(#4174),#4180,.F.);
#4174 = FACE_BOUND('',#4175,.F.);
#4175 = EDGE_LOOP('',(#4176,#4177,#4178,#4179));
#4176 = ORIENTED_EDGE('',*,*,#3372,.F.);
#4177 = ORIENTED_EDGE('',*,*,#3331,.T.);
#4178 = ORIENTED_EDGE('',*,*,#3307,.T.);
#4179 = ORIENTED_EDGE('',*,*,#3355,.F.);
#4180 = PLANE('',#4181);
#4181 = AXIS2_PLACEMENT_3D('',#4182,#4183,#4184);
#4182 = CARTESIAN_POINT('',(136.66,0.6,123.74));
#4183 = DIRECTION('',(0.,1.,0.));
#4184 = DIRECTION('',(0.,0.,1.));
#4185 = ADVANCED_FACE('',(#4186),#4192,.F.);
#4186 = FACE_BOUND('',#4187,.F.);
#4187 = EDGE_LOOP('',(#4188,#4189,#4190,#4191));
#4188 = ORIENTED_EDGE('',*,*,#3468,.F.);
#4189 = ORIENTED_EDGE('',*,*,#3427,.T.);
#4190 = ORIENTED_EDGE('',*,*,#3403,.T.);
#4191 = ORIENTED_EDGE('',*,*,#3451,.F.);
#4192 = PLANE('',#4193);
#4193 = AXIS2_PLACEMENT_3D('',#4194,#4195,#4196);
#4194 = CARTESIAN_POINT('',(129.10543648263,0.6,142.97832970144));
#4195 = DIRECTION('',(0.,1.,0.));
#4196 = DIRECTION('',(-0.707106781187,0.,0.707106781187));
#4197 = ADVANCED_FACE('',(#4198),#4204,.F.);
#4198 = FACE_BOUND('',#4199,.F.);
#4199 = EDGE_LOOP('',(#4200,#4201,#4202,#4203));
#4200 = ORIENTED_EDGE('',*,*,#3564,.F.);
#4201 = ORIENTED_EDGE('',*,*,#3523,.T.);
#4202 = ORIENTED_EDGE('',*,*,#3499,.T.);
#4203 = ORIENTED_EDGE('',*,*,#3547,.F.);
#4204 = PLANE('',#4205);
#4205 = AXIS2_PLACEMENT_3D('',#4206,#4207,#4208);
#4206 = CARTESIAN_POINT('',(133.29268590218,0.6,137.3069872981));
#4207 = DIRECTION('',(0.,1.,0.));
#4208 = DIRECTION('',(-0.5,0.,0.866025403784));
#4209 = ADVANCED_FACE('',(#4210),#4216,.F.);
#4210 = FACE_BOUND('',#4211,.F.);
#4211 = EDGE_LOOP('',(#4212,#4213,#4214,#4215));
#4212 = ORIENTED_EDGE('',*,*,#3660,.F.);
#4213 = ORIENTED_EDGE('',*,*,#3619,.T.);
#4214 = ORIENTED_EDGE('',*,*,#3595,.T.);
#4215 = ORIENTED_EDGE('',*,*,#3643,.F.);
#4216 = PLANE('',#4217);
#4217 = AXIS2_PLACEMENT_3D('',#4218,#4219,#4220);
#4218 = CARTESIAN_POINT('',(135.86940683235,0.6,130.74515130462));
#4219 = DIRECTION('',(0.,1.,0.));
#4220 = DIRECTION('',(-0.258819045103,0.,0.965925826289));
#4221 = ADVANCED_FACE('',(#4222),#4241,.T.);
#4222 = FACE_BOUND('',#4223,.T.);
#4223 = EDGE_LOOP('',(#4224,#4233,#4239,#4240));
#4224 = ORIENTED_EDGE('',*,*,#4225,.F.);
#4225 = EDGE_CURVE('',#4226,#4226,#4228,.T.);
#4226 = VERTEX_POINT('',#4227);
#4227 = CARTESIAN_POINT('',(72.56,11.979202710604,19.8));
#4228 = CIRCLE('',#4229,1.8);
#4229 = AXIS2_PLACEMENT_3D('',#4230,#4231,#4232);
#4230 = CARTESIAN_POINT('',(72.56,11.979202710604,18.));
#4231 = DIRECTION('',(0.,1.,0.));
#4232 = DIRECTION('',(0.,-0.,1.));
#4233 = ORIENTED_EDGE('',*,*,#4234,.F.);
#4234 = EDGE_CURVE('',#3676,#4226,#4235,.T.);
#4235 = LINE('',#4236,#4237);
#4236 = CARTESIAN_POINT('',(72.56,8.739202710604,22.5));
#4237 = VECTOR('',#4238,1.);
#4238 = DIRECTION('',(1.567999551826E-16,0.768221279597,-0.640184399664)
  );
#4239 = ORIENTED_EDGE('',*,*,#3683,.T.);
#4240 = ORIENTED_EDGE('',*,*,#4234,.T.);
#4241 = CONICAL_SURFACE('',#4242,4.5,0.694738276197);
#4242 = AXIS2_PLACEMENT_3D('',#4243,#4244,#4245);
#4243 = CARTESIAN_POINT('',(72.56,8.739202710604,18.));
#4244 = DIRECTION('',(-0.,-1.,-0.));
#4245 = DIRECTION('',(0.,-0.,1.));
#4246 = ADVANCED_FACE('',(#4247),#4266,.T.);
#4247 = FACE_BOUND('',#4248,.T.);
#4248 = EDGE_LOOP('',(#4249,#4258,#4264,#4265));
#4249 = ORIENTED_EDGE('',*,*,#4250,.F.);
#4250 = EDGE_CURVE('',#4251,#4251,#4253,.T.);
#4251 = VERTEX_POINT('',#4252);
#4252 = CARTESIAN_POINT('',(72.56,11.979202710604,187.04));
#4253 = CIRCLE('',#4254,1.8);
#4254 = AXIS2_PLACEMENT_3D('',#4255,#4256,#4257);
#4255 = CARTESIAN_POINT('',(72.56,11.979202710604,185.24));
#4256 = DIRECTION('',(0.,1.,0.));
#4257 = DIRECTION('',(0.,-0.,1.));
#4258 = ORIENTED_EDGE('',*,*,#4259,.F.);
#4259 = EDGE_CURVE('',#3797,#4251,#4260,.T.);
#4260 = LINE('',#4261,#4262);
#4261 = CARTESIAN_POINT('',(72.56,8.739202710604,189.74));
#4262 = VECTOR('',#4263,1.);
#4263 = DIRECTION('',(1.567999551826E-16,0.768221279597,-0.640184399664)
  );
#4264 = ORIENTED_EDGE('',*,*,#3804,.T.);
#4265 = ORIENTED_EDGE('',*,*,#4259,.T.);
#4266 = CONICAL_SURFACE('',#4267,4.5,0.694738276197);
#4267 = AXIS2_PLACEMENT_3D('',#4268,#4269,#4270);
#4268 = CARTESIAN_POINT('',(72.56,8.739202710604,185.24));
#4269 = DIRECTION('',(-0.,-1.,-0.));
#4270 = DIRECTION('',(0.,-0.,1.));
#4271 = ADVANCED_FACE('',(#4272),#4291,.T.);
#4272 = FACE_BOUND('',#4273,.T.);
#4273 = EDGE_LOOP('',(#4274,#4283,#4289,#4290));
#4274 = ORIENTED_EDGE('',*,*,#4275,.F.);
#4275 = EDGE_CURVE('',#4276,#4276,#4278,.T.);
#4276 = VERTEX_POINT('',#4277);
#4277 = CARTESIAN_POINT('',(146.76,11.979202710604,19.8));
#4278 = CIRCLE('',#4279,1.8);
#4279 = AXIS2_PLACEMENT_3D('',#4280,#4281,#4282);
#4280 = CARTESIAN_POINT('',(146.76,11.979202710604,18.));
#4281 = DIRECTION('',(0.,1.,0.));
#4282 = DIRECTION('',(0.,-0.,1.));
#4283 = ORIENTED_EDGE('',*,*,#4284,.F.);
#4284 = EDGE_CURVE('',#3821,#4276,#4285,.T.);
#4285 = LINE('',#4286,#4287);
#4286 = CARTESIAN_POINT('',(146.76,8.739202710604,22.5));
#4287 = VECTOR('',#4288,1.);
#4288 = DIRECTION('',(1.567999551826E-16,0.768221279597,-0.640184399664)
  );
#4289 = ORIENTED_EDGE('',*,*,#3830,.T.);
#4290 = ORIENTED_EDGE('',*,*,#4284,.T.);
#4291 = CONICAL_SURFACE('',#4292,4.5,0.694738276197);
#4292 = AXIS2_PLACEMENT_3D('',#4293,#4294,#4295);
#4293 = CARTESIAN_POINT('',(146.76,8.739202710604,18.));
#4294 = DIRECTION('',(-0.,-1.,-0.));
#4295 = DIRECTION('',(0.,-0.,1.));
#4296 = ADVANCED_FACE('',(#4297),#4316,.T.);
#4297 = FACE_BOUND('',#4298,.T.);
#4298 = EDGE_LOOP('',(#4299,#4308,#4314,#4315));
#4299 = ORIENTED_EDGE('',*,*,#4300,.F.);
#4300 = EDGE_CURVE('',#4301,#4301,#4303,.T.);
#4301 = VERTEX_POINT('',#4302);
#4302 = CARTESIAN_POINT('',(146.76,11.979202710604,187.04));
#4303 = CIRCLE('',#4304,1.8);
#4304 = AXIS2_PLACEMENT_3D('',#4305,#4306,#4307);
#4305 = CARTESIAN_POINT('',(146.76,11.979202710604,185.24));
#4306 = DIRECTION('',(0.,1.,0.));
#4307 = DIRECTION('',(0.,-0.,1.));
#4308 = ORIENTED_EDGE('',*,*,#4309,.F.);
#4309 = EDGE_CURVE('',#3871,#4301,#4310,.T.);
#4310 = LINE('',#4311,#4312);
#4311 = CARTESIAN_POINT('',(146.76,8.739202710604,189.74));
#4312 = VECTOR('',#4313,1.);
#4313 = DIRECTION('',(1.567999551826E-16,0.768221279597,-0.640184399664)
  );
#4314 = ORIENTED_EDGE('',*,*,#3880,.T.);
#4315 = ORIENTED_EDGE('',*,*,#4309,.T.);
#4316 = CONICAL_SURFACE('',#4317,4.5,0.694738276197);
#4317 = AXIS2_PLACEMENT_3D('',#4318,#4319,#4320);
#4318 = CARTESIAN_POINT('',(146.76,8.739202710604,185.24));
#4319 = DIRECTION('',(-0.,-1.,-0.));
#4320 = DIRECTION('',(0.,-0.,1.));
#4321 = ADVANCED_FACE('',(#4322),#4341,.T.);
#4322 = FACE_BOUND('',#4323,.T.);
#4323 = EDGE_LOOP('',(#4324,#4333,#4339,#4340));
#4324 = ORIENTED_EDGE('',*,*,#4325,.F.);
#4325 = EDGE_CURVE('',#4326,#4326,#4328,.T.);
#4326 = VERTEX_POINT('',#4327);
#4327 = CARTESIAN_POINT('',(72.56,24.020797289396,19.8));
#4328 = CIRCLE('',#4329,1.8);
#4329 = AXIS2_PLACEMENT_3D('',#4330,#4331,#4332);
#4330 = CARTESIAN_POINT('',(72.56,24.020797289396,18.));
#4331 = DIRECTION('',(0.,1.,0.));
#4332 = DIRECTION('',(0.,-0.,1.));
#4333 = ORIENTED_EDGE('',*,*,#4334,.F.);
#4334 = EDGE_CURVE('',#4226,#4326,#4335,.T.);
#4335 = LINE('',#4336,#4337);
#4336 = CARTESIAN_POINT('',(72.56,11.979202710604,19.8));
#4337 = VECTOR('',#4338,1.);
#4338 = DIRECTION('',(0.,1.,0.));
#4339 = ORIENTED_EDGE('',*,*,#4225,.T.);
#4340 = ORIENTED_EDGE('',*,*,#4334,.T.);
#4341 = CYLINDRICAL_SURFACE('',#4342,1.8);
#4342 = AXIS2_PLACEMENT_3D('',#4343,#4344,#4345);
#4343 = CARTESIAN_POINT('',(72.56,11.979202710604,18.));
#4344 = DIRECTION('',(0.,1.,0.));
#4345 = DIRECTION('',(0.,-0.,1.));
#4346 = ADVANCED_FACE('',(#4347),#4366,.T.);
#4347 = FACE_BOUND('',#4348,.T.);
#4348 = EDGE_LOOP('',(#4349,#4358,#4364,#4365));
#4349 = ORIENTED_EDGE('',*,*,#4350,.F.);
#4350 = EDGE_CURVE('',#4351,#4351,#4353,.T.);
#4351 = VERTEX_POINT('',#4352);
#4352 = CARTESIAN_POINT('',(72.56,24.020797289396,187.04));
#4353 = CIRCLE('',#4354,1.8);
#4354 = AXIS2_PLACEMENT_3D('',#4355,#4356,#4357);
#4355 = CARTESIAN_POINT('',(72.56,24.020797289396,185.24));
#4356 = DIRECTION('',(0.,1.,0.));
#4357 = DIRECTION('',(0.,-0.,1.));
#4358 = ORIENTED_EDGE('',*,*,#4359,.F.);
#4359 = EDGE_CURVE('',#4251,#4351,#4360,.T.);
#4360 = LINE('',#4361,#4362);
#4361 = CARTESIAN_POINT('',(72.56,11.979202710604,187.04));
#4362 = VECTOR('',#4363,1.);
#4363 = DIRECTION('',(0.,1.,0.));
#4364 = ORIENTED_EDGE('',*,*,#4250,.T.);
#4365 = ORIENTED_EDGE('',*,*,#4359,.T.);
#4366 = CYLINDRICAL_SURFACE('',#4367,1.8);
#4367 = AXIS2_PLACEMENT_3D('',#4368,#4369,#4370);
#4368 = CARTESIAN_POINT('',(72.56,11.979202710604,185.24));
#4369 = DIRECTION('',(0.,1.,0.));
#4370 = DIRECTION('',(0.,-0.,1.));
#4371 = ADVANCED_FACE('',(#4372),#4391,.T.);
#4372 = FACE_BOUND('',#4373,.T.);
#4373 = EDGE_LOOP('',(#4374,#4383,#4389,#4390));
#4374 = ORIENTED_EDGE('',*,*,#4375,.F.);
#4375 = EDGE_CURVE('',#4376,#4376,#4378,.T.);
#4376 = VERTEX_POINT('',#4377);
#4377 = CARTESIAN_POINT('',(146.76,24.020797289396,19.8));
#4378 = CIRCLE('',#4379,1.8);
#4379 = AXIS2_PLACEMENT_3D('',#4380,#4381,#4382);
#4380 = CARTESIAN_POINT('',(146.76,24.020797289396,18.));
#4381 = DIRECTION('',(0.,1.,0.));
#4382 = DIRECTION('',(0.,-0.,1.));
#4383 = ORIENTED_EDGE('',*,*,#4384,.F.);
#4384 = EDGE_CURVE('',#4276,#4376,#4385,.T.);
#4385 = LINE('',#4386,#4387);
#4386 = CARTESIAN_POINT('',(146.76,11.979202710604,19.8));
#4387 = VECTOR('',#4388,1.);
#4388 = DIRECTION('',(0.,1.,0.));
#4389 = ORIENTED_EDGE('',*,*,#4275,.T.);
#4390 = ORIENTED_EDGE('',*,*,#4384,.T.);
#4391 = CYLINDRICAL_SURFACE('',#4392,1.8);
#4392 = AXIS2_PLACEMENT_3D('',#4393,#4394,#4395);
#4393 = CARTESIAN_POINT('',(146.76,11.979202710604,18.));
#4394 = DIRECTION('',(0.,1.,0.));
#4395 = DIRECTION('',(0.,-0.,1.));
#4396 = ADVANCED_FACE('',(#4397),#4416,.T.);
#4397 = FACE_BOUND('',#4398,.T.);
#4398 = EDGE_LOOP('',(#4399,#4408,#4414,#4415));
#4399 = ORIENTED_EDGE('',*,*,#4400,.F.);
#4400 = EDGE_CURVE('',#4401,#4401,#4403,.T.);
#4401 = VERTEX_POINT('',#4402);
#4402 = CARTESIAN_POINT('',(146.76,24.020797289396,187.04));
#4403 = CIRCLE('',#4404,1.8);
#4404 = AXIS2_PLACEMENT_3D('',#4405,#4406,#4407);
#4405 = CARTESIAN_POINT('',(146.76,24.020797289396,185.24));
#4406 = DIRECTION('',(0.,1.,0.));
#4407 = DIRECTION('',(0.,-0.,1.));
#4408 = ORIENTED_EDGE('',*,*,#4409,.F.);
#4409 = EDGE_CURVE('',#4301,#4401,#4410,.T.);
#4410 = LINE('',#4411,#4412);
#4411 = CARTESIAN_POINT('',(146.76,11.979202710604,187.04));
#4412 = VECTOR('',#4413,1.);
#4413 = DIRECTION('',(0.,1.,0.));
#4414 = ORIENTED_EDGE('',*,*,#4300,.T.);
#4415 = ORIENTED_EDGE('',*,*,#4409,.T.);
#4416 = CYLINDRICAL_SURFACE('',#4417,1.8);
#4417 = AXIS2_PLACEMENT_3D('',#4418,#4419,#4420);
#4418 = CARTESIAN_POINT('',(146.76,11.979202710604,185.24));
#4419 = DIRECTION('',(0.,1.,0.));
#4420 = DIRECTION('',(0.,-0.,1.));
#4421 = ADVANCED_FACE('',(#4422),#4441,.T.);
#4422 = FACE_BOUND('',#4423,.T.);
#4423 = EDGE_LOOP('',(#4424,#4433,#4439,#4440));
#4424 = ORIENTED_EDGE('',*,*,#4425,.F.);
#4425 = EDGE_CURVE('',#4426,#4426,#4428,.T.);
#4426 = VERTEX_POINT('',#4427);
#4427 = CARTESIAN_POINT('',(72.56,27.260797289396,22.5));
#4428 = CIRCLE('',#4429,4.5);
#4429 = AXIS2_PLACEMENT_3D('',#4430,#4431,#4432);
#4430 = CARTESIAN_POINT('',(72.56,27.260797289396,18.));
#4431 = DIRECTION('',(0.,1.,0.));
#4432 = DIRECTION('',(0.,-0.,1.));
#4433 = ORIENTED_EDGE('',*,*,#4434,.F.);
#4434 = EDGE_CURVE('',#4326,#4426,#4435,.T.);
#4435 = LINE('',#4436,#4437);
#4436 = CARTESIAN_POINT('',(72.56,24.020797289396,19.8));
#4437 = VECTOR('',#4438,1.);
#4438 = DIRECTION('',(-1.567999551826E-16,0.768221279597,0.640184399664)
  );
#4439 = ORIENTED_EDGE('',*,*,#4325,.T.);
#4440 = ORIENTED_EDGE('',*,*,#4434,.T.);
#4441 = CONICAL_SURFACE('',#4442,1.8,0.694738276197);
#4442 = AXIS2_PLACEMENT_3D('',#4443,#4444,#4445);
#4443 = CARTESIAN_POINT('',(72.56,24.020797289396,18.));
#4444 = DIRECTION('',(0.,1.,0.));
#4445 = DIRECTION('',(0.,-0.,1.));
#4446 = ADVANCED_FACE('',(#4447),#4466,.T.);
#4447 = FACE_BOUND('',#4448,.T.);
#4448 = EDGE_LOOP('',(#4449,#4458,#4464,#4465));
#4449 = ORIENTED_EDGE('',*,*,#4450,.F.);
#4450 = EDGE_CURVE('',#4451,#4451,#4453,.T.);
#4451 = VERTEX_POINT('',#4452);
#4452 = CARTESIAN_POINT('',(72.56,27.260797289396,189.74));
#4453 = CIRCLE('',#4454,4.5);
#4454 = AXIS2_PLACEMENT_3D('',#4455,#4456,#4457);
#4455 = CARTESIAN_POINT('',(72.56,27.260797289396,185.24));
#4456 = DIRECTION('',(0.,1.,0.));
#4457 = DIRECTION('',(0.,-0.,1.));
#4458 = ORIENTED_EDGE('',*,*,#4459,.F.);
#4459 = EDGE_CURVE('',#4351,#4451,#4460,.T.);
#4460 = LINE('',#4461,#4462);
#4461 = CARTESIAN_POINT('',(72.56,24.020797289396,187.04));
#4462 = VECTOR('',#4463,1.);
#4463 = DIRECTION('',(-1.567999551826E-16,0.768221279597,0.640184399664)
  );
#4464 = ORIENTED_EDGE('',*,*,#4350,.T.);
#4465 = ORIENTED_EDGE('',*,*,#4459,.T.);
#4466 = CONICAL_SURFACE('',#4467,1.8,0.694738276197);
#4467 = AXIS2_PLACEMENT_3D('',#4468,#4469,#4470);
#4468 = CARTESIAN_POINT('',(72.56,24.020797289396,185.24));
#4469 = DIRECTION('',(0.,1.,0.));
#4470 = DIRECTION('',(0.,-0.,1.));
#4471 = ADVANCED_FACE('',(#4472),#4491,.T.);
#4472 = FACE_BOUND('',#4473,.T.);
#4473 = EDGE_LOOP('',(#4474,#4483,#4489,#4490));
#4474 = ORIENTED_EDGE('',*,*,#4475,.F.);
#4475 = EDGE_CURVE('',#4476,#4476,#4478,.T.);
#4476 = VERTEX_POINT('',#4477);
#4477 = CARTESIAN_POINT('',(146.76,27.260797289396,22.5));
#4478 = CIRCLE('',#4479,4.5);
#4479 = AXIS2_PLACEMENT_3D('',#4480,#4481,#4482);
#4480 = CARTESIAN_POINT('',(146.76,27.260797289396,18.));
#4481 = DIRECTION('',(0.,1.,0.));
#4482 = DIRECTION('',(0.,-0.,1.));
#4483 = ORIENTED_EDGE('',*,*,#4484,.F.);
#4484 = EDGE_CURVE('',#4376,#4476,#4485,.T.);
#4485 = LINE('',#4486,#4487);
#4486 = CARTESIAN_POINT('',(146.76,24.020797289396,19.8));
#4487 = VECTOR('',#4488,1.);
#4488 = DIRECTION('',(-1.567999551826E-16,0.768221279597,0.640184399664)
  );
#4489 = ORIENTED_EDGE('',*,*,#4375,.T.);
#4490 = ORIENTED_EDGE('',*,*,#4484,.T.);
#4491 = CONICAL_SURFACE('',#4492,1.8,0.694738276197);
#4492 = AXIS2_PLACEMENT_3D('',#4493,#4494,#4495);
#4493 = CARTESIAN_POINT('',(146.76,24.020797289396,18.));
#4494 = DIRECTION('',(0.,1.,0.));
#4495 = DIRECTION('',(0.,-0.,1.));
#4496 = ADVANCED_FACE('',(#4497),#4516,.T.);
#4497 = FACE_BOUND('',#4498,.T.);
#4498 = EDGE_LOOP('',(#4499,#4508,#4514,#4515));
#4499 = ORIENTED_EDGE('',*,*,#4500,.F.);
#4500 = EDGE_CURVE('',#4501,#4501,#4503,.T.);
#4501 = VERTEX_POINT('',#4502);
#4502 = CARTESIAN_POINT('',(146.76,27.260797289396,189.74));
#4503 = CIRCLE('',#4504,4.5);
#4504 = AXIS2_PLACEMENT_3D('',#4505,#4506,#4507);
#4505 = CARTESIAN_POINT('',(146.76,27.260797289396,185.24));
#4506 = DIRECTION('',(0.,1.,0.));
#4507 = DIRECTION('',(0.,-0.,1.));
#4508 = ORIENTED_EDGE('',*,*,#4509,.F.);
#4509 = EDGE_CURVE('',#4401,#4501,#4510,.T.);
#4510 = LINE('',#4511,#4512);
#4511 = CARTESIAN_POINT('',(146.76,24.020797289396,187.04));
#4512 = VECTOR('',#4513,1.);
#4513 = DIRECTION('',(-1.567999551826E-16,0.768221279597,0.640184399664)
  );
#4514 = ORIENTED_EDGE('',*,*,#4400,.T.);
#4515 = ORIENTED_EDGE('',*,*,#4509,.T.);
#4516 = CONICAL_SURFACE('',#4517,1.8,0.694738276197);
#4517 = AXIS2_PLACEMENT_3D('',#4518,#4519,#4520);
#4518 = CARTESIAN_POINT('',(146.76,24.020797289396,185.24));
#4519 = DIRECTION('',(0.,1.,0.));
#4520 = DIRECTION('',(0.,-0.,1.));
#4521 = ADVANCED_FACE('',(#4522),#4541,.T.);
#4522 = FACE_BOUND('',#4523,.T.);
#4523 = EDGE_LOOP('',(#4524,#4525,#4533,#4540));
#4524 = ORIENTED_EDGE('',*,*,#4425,.T.);
#4525 = ORIENTED_EDGE('',*,*,#4526,.T.);
#4526 = EDGE_CURVE('',#4426,#4527,#4529,.T.);
#4527 = VERTEX_POINT('',#4528);
#4528 = CARTESIAN_POINT('',(72.56,63.16,22.5));
#4529 = LINE('',#4530,#4531);
#4530 = CARTESIAN_POINT('',(72.56,2.7,22.5));
#4531 = VECTOR('',#4532,1.);
#4532 = DIRECTION('',(0.,1.,0.));
#4533 = ORIENTED_EDGE('',*,*,#4534,.F.);
#4534 = EDGE_CURVE('',#4527,#4527,#4535,.T.);
#4535 = CIRCLE('',#4536,4.5);
#4536 = AXIS2_PLACEMENT_3D('',#4537,#4538,#4539);
#4537 = CARTESIAN_POINT('',(72.56,63.16,18.));
#4538 = DIRECTION('',(0.,1.,0.));
#4539 = DIRECTION('',(0.,-0.,1.));
#4540 = ORIENTED_EDGE('',*,*,#4526,.F.);
#4541 = CYLINDRICAL_SURFACE('',#4542,4.5);
#4542 = AXIS2_PLACEMENT_3D('',#4543,#4544,#4545);
#4543 = CARTESIAN_POINT('',(72.56,2.7,18.));
#4544 = DIRECTION('',(0.,1.,0.));
#4545 = DIRECTION('',(0.,-0.,1.));
#4546 = ADVANCED_FACE('',(#4547),#4566,.T.);
#4547 = FACE_BOUND('',#4548,.T.);
#4548 = EDGE_LOOP('',(#4549,#4550,#4558,#4565));
#4549 = ORIENTED_EDGE('',*,*,#4450,.T.);
#4550 = ORIENTED_EDGE('',*,*,#4551,.T.);
#4551 = EDGE_CURVE('',#4451,#4552,#4554,.T.);
#4552 = VERTEX_POINT('',#4553);
#4553 = CARTESIAN_POINT('',(72.56,63.16,189.74));
#4554 = LINE('',#4555,#4556);
#4555 = CARTESIAN_POINT('',(72.56,2.7,189.74));
#4556 = VECTOR('',#4557,1.);
#4557 = DIRECTION('',(0.,1.,0.));
#4558 = ORIENTED_EDGE('',*,*,#4559,.F.);
#4559 = EDGE_CURVE('',#4552,#4552,#4560,.T.);
#4560 = CIRCLE('',#4561,4.5);
#4561 = AXIS2_PLACEMENT_3D('',#4562,#4563,#4564);
#4562 = CARTESIAN_POINT('',(72.56,63.16,185.24));
#4563 = DIRECTION('',(0.,1.,0.));
#4564 = DIRECTION('',(0.,-0.,1.));
#4565 = ORIENTED_EDGE('',*,*,#4551,.F.);
#4566 = CYLINDRICAL_SURFACE('',#4567,4.5);
#4567 = AXIS2_PLACEMENT_3D('',#4568,#4569,#4570);
#4568 = CARTESIAN_POINT('',(72.56,2.7,185.24));
#4569 = DIRECTION('',(0.,1.,0.));
#4570 = DIRECTION('',(0.,-0.,1.));
#4571 = ADVANCED_FACE('',(#4572),#4625,.T.);
#4572 = FACE_BOUND('',#4573,.T.);
#4573 = EDGE_LOOP('',(#4574,#4575,#4583,#4592,#4600,#4609,#4617,#4624));
#4574 = ORIENTED_EDGE('',*,*,#4475,.T.);
#4575 = ORIENTED_EDGE('',*,*,#4576,.T.);
#4576 = EDGE_CURVE('',#4476,#4577,#4579,.T.);
#4577 = VERTEX_POINT('',#4578);
#4578 = CARTESIAN_POINT('',(146.76,29.460797289396,22.5));
#4579 = LINE('',#4580,#4581);
#4580 = CARTESIAN_POINT('',(146.76,2.7,22.5));
#4581 = VECTOR('',#4582,1.);
#4582 = DIRECTION('',(0.,1.,0.));
#4583 = ORIENTED_EDGE('',*,*,#4584,.F.);
#4584 = EDGE_CURVE('',#4585,#4577,#4587,.T.);
#4585 = VERTEX_POINT('',#4586);
#4586 = CARTESIAN_POINT('',(145.56,29.265256915524,22.33704968844));
#4587 = ELLIPSE('',#4588,7.029224708316,4.5);
#4588 = AXIS2_PLACEMENT_3D('',#4589,#4590,#4591);
#4589 = CARTESIAN_POINT('',(146.76,24.060797289396,18.));
#4590 = DIRECTION('',(0.,0.640184399664,-0.768221279597));
#4591 = DIRECTION('',(0.,0.768221279597,0.640184399664));
#4592 = ORIENTED_EDGE('',*,*,#4593,.T.);
#4593 = EDGE_CURVE('',#4585,#4594,#4596,.T.);
#4594 = VERTEX_POINT('',#4595);
#4595 = CARTESIAN_POINT('',(145.56,63.16,22.33704968844));
#4596 = LINE('',#4597,#4598);
#4597 = CARTESIAN_POINT('',(145.56,2.7,22.33704968844));
#4598 = VECTOR('',#4599,1.);
#4599 = DIRECTION('',(0.,1.,0.));
#4600 = ORIENTED_EDGE('',*,*,#4601,.F.);
#4601 = EDGE_CURVE('',#4602,#4594,#4604,.T.);
#4602 = VERTEX_POINT('',#4603);
#4603 = CARTESIAN_POINT('',(147.96,63.16,22.33704968844));
#4604 = CIRCLE('',#4605,4.5);
#4605 = AXIS2_PLACEMENT_3D('',#4606,#4607,#4608);
#4606 = CARTESIAN_POINT('',(146.76,63.16,18.));
#4607 = DIRECTION('',(0.,1.,0.));
#4608 = DIRECTION('',(0.,-0.,1.));
#4609 = ORIENTED_EDGE('',*,*,#4610,.F.);
#4610 = EDGE_CURVE('',#4611,#4602,#4613,.T.);
#4611 = VERTEX_POINT('',#4612);
#4612 = CARTESIAN_POINT('',(147.96,29.265256915524,22.33704968844));
#4613 = LINE('',#4614,#4615);
#4614 = CARTESIAN_POINT('',(147.96,2.7,22.33704968844));
#4615 = VECTOR('',#4616,1.);
#4616 = DIRECTION('',(0.,1.,0.));
#4617 = ORIENTED_EDGE('',*,*,#4618,.F.);
#4618 = EDGE_CURVE('',#4577,#4611,#4619,.T.);
#4619 = ELLIPSE('',#4620,7.029224708316,4.5);
#4620 = AXIS2_PLACEMENT_3D('',#4621,#4622,#4623);
#4621 = CARTESIAN_POINT('',(146.76,24.060797289396,18.));
#4622 = DIRECTION('',(0.,0.640184399664,-0.768221279597));
#4623 = DIRECTION('',(0.,0.768221279597,0.640184399664));
#4624 = ORIENTED_EDGE('',*,*,#4576,.F.);
#4625 = CYLINDRICAL_SURFACE('',#4626,4.5);
#4626 = AXIS2_PLACEMENT_3D('',#4627,#4628,#4629);
#4627 = CARTESIAN_POINT('',(146.76,2.7,18.));
#4628 = DIRECTION('',(0.,1.,0.));
#4629 = DIRECTION('',(0.,-0.,1.));
#4630 = ADVANCED_FACE('',(#4631),#4684,.T.);
#4631 = FACE_BOUND('',#4632,.T.);
#4632 = EDGE_LOOP('',(#4633,#4634,#4642,#4651,#4659,#4668,#4676,#4683));
#4633 = ORIENTED_EDGE('',*,*,#4500,.T.);
#4634 = ORIENTED_EDGE('',*,*,#4635,.T.);
#4635 = EDGE_CURVE('',#4501,#4636,#4638,.T.);
#4636 = VERTEX_POINT('',#4637);
#4637 = CARTESIAN_POINT('',(146.76,29.460797289396,189.74));
#4638 = LINE('',#4639,#4640);
#4639 = CARTESIAN_POINT('',(146.76,2.7,189.74));
#4640 = VECTOR('',#4641,1.);
#4641 = DIRECTION('',(0.,1.,0.));
#4642 = ORIENTED_EDGE('',*,*,#4643,.F.);
#4643 = EDGE_CURVE('',#4644,#4636,#4646,.T.);
#4644 = VERTEX_POINT('',#4645);
#4645 = CARTESIAN_POINT('',(145.56,29.265256915524,189.57704968844));
#4646 = ELLIPSE('',#4647,7.029224708316,4.5);
#4647 = AXIS2_PLACEMENT_3D('',#4648,#4649,#4650);
#4648 = CARTESIAN_POINT('',(146.76,24.060797289396,185.24));
#4649 = DIRECTION('',(0.,0.640184399664,-0.768221279597));
#4650 = DIRECTION('',(0.,0.768221279597,0.640184399664));
#4651 = ORIENTED_EDGE('',*,*,#4652,.T.);
#4652 = EDGE_CURVE('',#4644,#4653,#4655,.T.);
#4653 = VERTEX_POINT('',#4654);
#4654 = CARTESIAN_POINT('',(145.56,63.16,189.57704968844));
#4655 = LINE('',#4656,#4657);
#4656 = CARTESIAN_POINT('',(145.56,2.7,189.57704968844));
#4657 = VECTOR('',#4658,1.);
#4658 = DIRECTION('',(0.,1.,0.));
#4659 = ORIENTED_EDGE('',*,*,#4660,.F.);
#4660 = EDGE_CURVE('',#4661,#4653,#4663,.T.);
#4661 = VERTEX_POINT('',#4662);
#4662 = CARTESIAN_POINT('',(147.96,63.16,189.57704968844));
#4663 = CIRCLE('',#4664,4.5);
#4664 = AXIS2_PLACEMENT_3D('',#4665,#4666,#4667);
#4665 = CARTESIAN_POINT('',(146.76,63.16,185.24));
#4666 = DIRECTION('',(0.,1.,0.));
#4667 = DIRECTION('',(0.,-0.,1.));
#4668 = ORIENTED_EDGE('',*,*,#4669,.F.);
#4669 = EDGE_CURVE('',#4670,#4661,#4672,.T.);
#4670 = VERTEX_POINT('',#4671);
#4671 = CARTESIAN_POINT('',(147.96,29.265256915524,189.57704968844));
#4672 = LINE('',#4673,#4674);
#4673 = CARTESIAN_POINT('',(147.96,2.7,189.57704968844));
#4674 = VECTOR('',#4675,1.);
#4675 = DIRECTION('',(0.,1.,0.));
#4676 = ORIENTED_EDGE('',*,*,#4677,.F.);
#4677 = EDGE_CURVE('',#4636,#4670,#4678,.T.);
#4678 = ELLIPSE('',#4679,7.029224708316,4.5);
#4679 = AXIS2_PLACEMENT_3D('',#4680,#4681,#4682);
#4680 = CARTESIAN_POINT('',(146.76,24.060797289396,185.24));
#4681 = DIRECTION('',(0.,0.640184399664,-0.768221279597));
#4682 = DIRECTION('',(0.,0.768221279597,0.640184399664));
#4683 = ORIENTED_EDGE('',*,*,#4635,.F.);
#4684 = CYLINDRICAL_SURFACE('',#4685,4.5);
#4685 = AXIS2_PLACEMENT_3D('',#4686,#4687,#4688);
#4686 = CARTESIAN_POINT('',(146.76,2.7,185.24));
#4687 = DIRECTION('',(0.,1.,0.));
#4688 = DIRECTION('',(0.,-0.,1.));
#4689 = ADVANCED_FACE('',(#4690,#4693),#4704,.T.);
#4690 = FACE_BOUND('',#4691,.T.);
#4691 = EDGE_LOOP('',(#4692));
#4692 = ORIENTED_EDGE('',*,*,#4534,.T.);
#4693 = FACE_BOUND('',#4694,.T.);
#4694 = EDGE_LOOP('',(#4695));
#4695 = ORIENTED_EDGE('',*,*,#4696,.F.);
#4696 = EDGE_CURVE('',#4697,#4697,#4699,.T.);
#4697 = VERTEX_POINT('',#4698);
#4698 = CARTESIAN_POINT('',(72.56,63.16,19.7));
#4699 = CIRCLE('',#4700,1.7);
#4700 = AXIS2_PLACEMENT_3D('',#4701,#4702,#4703);
#4701 = CARTESIAN_POINT('',(72.56,63.16,18.));
#4702 = DIRECTION('',(0.,1.,0.));
#4703 = DIRECTION('',(0.,-0.,1.));
#4704 = PLANE('',#4705);
#4705 = AXIS2_PLACEMENT_3D('',#4706,#4707,#4708);
#4706 = CARTESIAN_POINT('',(72.56,63.16,18.));
#4707 = DIRECTION('',(0.,1.,0.));
#4708 = DIRECTION('',(0.,-0.,1.));
#4709 = ADVANCED_FACE('',(#4710,#4713),#4724,.T.);
#4710 = FACE_BOUND('',#4711,.T.);
#4711 = EDGE_LOOP('',(#4712));
#4712 = ORIENTED_EDGE('',*,*,#4559,.T.);
#4713 = FACE_BOUND('',#4714,.T.);
#4714 = EDGE_LOOP('',(#4715));
#4715 = ORIENTED_EDGE('',*,*,#4716,.F.);
#4716 = EDGE_CURVE('',#4717,#4717,#4719,.T.);
#4717 = VERTEX_POINT('',#4718);
#4718 = CARTESIAN_POINT('',(72.56,63.16,186.94));
#4719 = CIRCLE('',#4720,1.7);
#4720 = AXIS2_PLACEMENT_3D('',#4721,#4722,#4723);
#4721 = CARTESIAN_POINT('',(72.56,63.16,185.24));
#4722 = DIRECTION('',(0.,1.,0.));
#4723 = DIRECTION('',(0.,-0.,1.));
#4724 = PLANE('',#4725);
#4725 = AXIS2_PLACEMENT_3D('',#4726,#4727,#4728);
#4726 = CARTESIAN_POINT('',(72.56,63.16,185.24));
#4727 = DIRECTION('',(0.,1.,0.));
#4728 = DIRECTION('',(0.,-0.,1.));
#4729 = ADVANCED_FACE('',(#4730),#4756,.F.);
#4730 = FACE_BOUND('',#4731,.F.);
#4731 = EDGE_LOOP('',(#4732,#4740,#4748,#4754,#4755));
#4732 = ORIENTED_EDGE('',*,*,#4733,.F.);
#4733 = EDGE_CURVE('',#4734,#4585,#4736,.T.);
#4734 = VERTEX_POINT('',#4735);
#4735 = CARTESIAN_POINT('',(145.56,35.160797289396,27.25));
#4736 = LINE('',#4737,#4738);
#4737 = CARTESIAN_POINT('',(145.56,35.460797289396,27.5));
#4738 = VECTOR('',#4739,1.);
#4739 = DIRECTION('',(0.,-0.768221279597,-0.640184399664));
#4740 = ORIENTED_EDGE('',*,*,#4741,.T.);
#4741 = EDGE_CURVE('',#4734,#4742,#4744,.T.);
#4742 = VERTEX_POINT('',#4743);
#4743 = CARTESIAN_POINT('',(147.96,35.160797289396,27.25));
#4744 = LINE('',#4745,#4746);
#4745 = CARTESIAN_POINT('',(145.56,35.160797289396,27.25));
#4746 = VECTOR('',#4747,1.);
#4747 = DIRECTION('',(1.,0.,0.));
#4748 = ORIENTED_EDGE('',*,*,#4749,.T.);
#4749 = EDGE_CURVE('',#4742,#4611,#4750,.T.);
#4750 = LINE('',#4751,#4752);
#4751 = CARTESIAN_POINT('',(147.96,35.460797289396,27.5));
#4752 = VECTOR('',#4753,1.);
#4753 = DIRECTION('',(0.,-0.768221279597,-0.640184399664));
#4754 = ORIENTED_EDGE('',*,*,#4618,.F.);
#4755 = ORIENTED_EDGE('',*,*,#4584,.F.);
#4756 = PLANE('',#4757);
#4757 = AXIS2_PLACEMENT_3D('',#4758,#4759,#4760);
#4758 = CARTESIAN_POINT('',(145.56,35.460797289396,27.5));
#4759 = DIRECTION('',(0.,0.640184399664,-0.768221279597));
#4760 = DIRECTION('',(0.,-0.768221279597,-0.640184399664));
#4761 = ADVANCED_FACE('',(#4762),#4788,.T.);
#4762 = FACE_BOUND('',#4763,.T.);
#4763 = EDGE_LOOP('',(#4764,#4765,#4766,#4774,#4782));
#4764 = ORIENTED_EDGE('',*,*,#4749,.T.);
#4765 = ORIENTED_EDGE('',*,*,#4610,.T.);
#4766 = ORIENTED_EDGE('',*,*,#4767,.T.);
#4767 = EDGE_CURVE('',#4602,#4768,#4770,.T.);
#4768 = VERTEX_POINT('',#4769);
#4769 = CARTESIAN_POINT('',(147.96,63.16,27.5));
#4770 = LINE('',#4771,#4772);
#4771 = CARTESIAN_POINT('',(147.96,63.16,21.5));
#4772 = VECTOR('',#4773,1.);
#4773 = DIRECTION('',(0.,0.,1.));
#4774 = ORIENTED_EDGE('',*,*,#4775,.F.);
#4775 = EDGE_CURVE('',#4776,#4768,#4778,.T.);
#4776 = VERTEX_POINT('',#4777);
#4777 = CARTESIAN_POINT('',(147.96,35.160797289396,27.5));
#4778 = LINE('',#4779,#4780);
#4779 = CARTESIAN_POINT('',(147.96,35.160797289396,27.5));
#4780 = VECTOR('',#4781,1.);
#4781 = DIRECTION('',(-0.,1.,0.));
#4782 = ORIENTED_EDGE('',*,*,#4783,.F.);
#4783 = EDGE_CURVE('',#4742,#4776,#4784,.T.);
#4784 = LINE('',#4785,#4786);
#4785 = CARTESIAN_POINT('',(147.96,35.160797289396,21.5));
#4786 = VECTOR('',#4787,1.);
#4787 = DIRECTION('',(0.,0.,1.));
#4788 = PLANE('',#4789);
#4789 = AXIS2_PLACEMENT_3D('',#4790,#4791,#4792);
#4790 = CARTESIAN_POINT('',(147.96,46.501844053497,20.631578774488));
#4791 = DIRECTION('',(1.,0.,0.));
#4792 = DIRECTION('',(-0.,0.,1.));
#4793 = ADVANCED_FACE('',(#4794,#4812),#4823,.T.);
#4794 = FACE_BOUND('',#4795,.T.);
#4795 = EDGE_LOOP('',(#4796,#4797,#4805,#4811));
#4796 = ORIENTED_EDGE('',*,*,#4601,.T.);
#4797 = ORIENTED_EDGE('',*,*,#4798,.T.);
#4798 = EDGE_CURVE('',#4594,#4799,#4801,.T.);
#4799 = VERTEX_POINT('',#4800);
#4800 = CARTESIAN_POINT('',(145.56,63.16,27.5));
#4801 = LINE('',#4802,#4803);
#4802 = CARTESIAN_POINT('',(145.56,63.16,21.5));
#4803 = VECTOR('',#4804,1.);
#4804 = DIRECTION('',(0.,0.,1.));
#4805 = ORIENTED_EDGE('',*,*,#4806,.T.);
#4806 = EDGE_CURVE('',#4799,#4768,#4807,.T.);
#4807 = LINE('',#4808,#4809);
#4808 = CARTESIAN_POINT('',(145.56,63.16,27.5));
#4809 = VECTOR('',#4810,1.);
#4810 = DIRECTION('',(1.,0.,-0.));
#4811 = ORIENTED_EDGE('',*,*,#4767,.F.);
#4812 = FACE_BOUND('',#4813,.T.);
#4813 = EDGE_LOOP('',(#4814));
#4814 = ORIENTED_EDGE('',*,*,#4815,.F.);
#4815 = EDGE_CURVE('',#4816,#4816,#4818,.T.);
#4816 = VERTEX_POINT('',#4817);
#4817 = CARTESIAN_POINT('',(146.76,63.16,19.7));
#4818 = CIRCLE('',#4819,1.7);
#4819 = AXIS2_PLACEMENT_3D('',#4820,#4821,#4822);
#4820 = CARTESIAN_POINT('',(146.76,63.16,18.));
#4821 = DIRECTION('',(0.,1.,0.));
#4822 = DIRECTION('',(0.,-0.,1.));
#4823 = PLANE('',#4824);
#4824 = AXIS2_PLACEMENT_3D('',#4825,#4826,#4827);
#4825 = CARTESIAN_POINT('',(146.76,63.16,20.529282724009));
#4826 = DIRECTION('',(0.,1.,0.));
#4827 = DIRECTION('',(0.,-0.,1.));
#4828 = ADVANCED_FACE('',(#4829),#4848,.T.);
#4829 = FACE_BOUND('',#4830,.T.);
#4830 = EDGE_LOOP('',(#4831,#4832,#4833,#4841,#4847));
#4831 = ORIENTED_EDGE('',*,*,#4593,.F.);
#4832 = ORIENTED_EDGE('',*,*,#4733,.F.);
#4833 = ORIENTED_EDGE('',*,*,#4834,.T.);
#4834 = EDGE_CURVE('',#4734,#4835,#4837,.T.);
#4835 = VERTEX_POINT('',#4836);
#4836 = CARTESIAN_POINT('',(145.56,35.160797289396,27.5));
#4837 = LINE('',#4838,#4839);
#4838 = CARTESIAN_POINT('',(145.56,35.160797289396,21.5));
#4839 = VECTOR('',#4840,1.);
#4840 = DIRECTION('',(0.,0.,1.));
#4841 = ORIENTED_EDGE('',*,*,#4842,.T.);
#4842 = EDGE_CURVE('',#4835,#4799,#4843,.T.);
#4843 = LINE('',#4844,#4845);
#4844 = CARTESIAN_POINT('',(145.56,35.160797289396,27.5));
#4845 = VECTOR('',#4846,1.);
#4846 = DIRECTION('',(-0.,1.,0.));
#4847 = ORIENTED_EDGE('',*,*,#4798,.F.);
#4848 = PLANE('',#4849);
#4849 = AXIS2_PLACEMENT_3D('',#4850,#4851,#4852);
#4850 = CARTESIAN_POINT('',(145.56,46.501844053497,20.631578774488));
#4851 = DIRECTION('',(-1.,-0.,-0.));
#4852 = DIRECTION('',(0.,0.,-1.));
#4853 = ADVANCED_FACE('',(#4854),#4880,.F.);
#4854 = FACE_BOUND('',#4855,.F.);
#4855 = EDGE_LOOP('',(#4856,#4864,#4872,#4878,#4879));
#4856 = ORIENTED_EDGE('',*,*,#4857,.F.);
#4857 = EDGE_CURVE('',#4858,#4644,#4860,.T.);
#4858 = VERTEX_POINT('',#4859);
#4859 = CARTESIAN_POINT('',(145.56,35.160797289396,194.49));
#4860 = LINE('',#4861,#4862);
#4861 = CARTESIAN_POINT('',(145.56,35.460797289396,194.74));
#4862 = VECTOR('',#4863,1.);
#4863 = DIRECTION('',(0.,-0.768221279597,-0.640184399664));
#4864 = ORIENTED_EDGE('',*,*,#4865,.T.);
#4865 = EDGE_CURVE('',#4858,#4866,#4868,.T.);
#4866 = VERTEX_POINT('',#4867);
#4867 = CARTESIAN_POINT('',(147.96,35.160797289396,194.49));
#4868 = LINE('',#4869,#4870);
#4869 = CARTESIAN_POINT('',(145.56,35.160797289396,194.49));
#4870 = VECTOR('',#4871,1.);
#4871 = DIRECTION('',(1.,0.,0.));
#4872 = ORIENTED_EDGE('',*,*,#4873,.T.);
#4873 = EDGE_CURVE('',#4866,#4670,#4874,.T.);
#4874 = LINE('',#4875,#4876);
#4875 = CARTESIAN_POINT('',(147.96,35.460797289396,194.74));
#4876 = VECTOR('',#4877,1.);
#4877 = DIRECTION('',(0.,-0.768221279597,-0.640184399664));
#4878 = ORIENTED_EDGE('',*,*,#4677,.F.);
#4879 = ORIENTED_EDGE('',*,*,#4643,.F.);
#4880 = PLANE('',#4881);
#4881 = AXIS2_PLACEMENT_3D('',#4882,#4883,#4884);
#4882 = CARTESIAN_POINT('',(145.56,35.460797289396,194.74));
#4883 = DIRECTION('',(0.,0.640184399664,-0.768221279597));
#4884 = DIRECTION('',(0.,-0.768221279597,-0.640184399664));
#4885 = ADVANCED_FACE('',(#4886),#4912,.T.);
#4886 = FACE_BOUND('',#4887,.T.);
#4887 = EDGE_LOOP('',(#4888,#4889,#4890,#4898,#4906));
#4888 = ORIENTED_EDGE('',*,*,#4873,.T.);
#4889 = ORIENTED_EDGE('',*,*,#4669,.T.);
#4890 = ORIENTED_EDGE('',*,*,#4891,.T.);
#4891 = EDGE_CURVE('',#4661,#4892,#4894,.T.);
#4892 = VERTEX_POINT('',#4893);
#4893 = CARTESIAN_POINT('',(147.96,63.16,194.74));
#4894 = LINE('',#4895,#4896);
#4895 = CARTESIAN_POINT('',(147.96,63.16,188.74));
#4896 = VECTOR('',#4897,1.);
#4897 = DIRECTION('',(0.,0.,1.));
#4898 = ORIENTED_EDGE('',*,*,#4899,.F.);
#4899 = EDGE_CURVE('',#4900,#4892,#4902,.T.);
#4900 = VERTEX_POINT('',#4901);
#4901 = CARTESIAN_POINT('',(147.96,35.160797289396,194.74));
#4902 = LINE('',#4903,#4904);
#4903 = CARTESIAN_POINT('',(147.96,35.160797289396,194.74));
#4904 = VECTOR('',#4905,1.);
#4905 = DIRECTION('',(-0.,1.,0.));
#4906 = ORIENTED_EDGE('',*,*,#4907,.F.);
#4907 = EDGE_CURVE('',#4866,#4900,#4908,.T.);
#4908 = LINE('',#4909,#4910);
#4909 = CARTESIAN_POINT('',(147.96,35.160797289396,188.74));
#4910 = VECTOR('',#4911,1.);
#4911 = DIRECTION('',(0.,0.,1.));
#4912 = PLANE('',#4913);
#4913 = AXIS2_PLACEMENT_3D('',#4914,#4915,#4916);
#4914 = CARTESIAN_POINT('',(147.96,46.501844053497,187.87157877448));
#4915 = DIRECTION('',(1.,0.,0.));
#4916 = DIRECTION('',(-0.,0.,1.));
#4917 = ADVANCED_FACE('',(#4918,#4936),#4947,.T.);
#4918 = FACE_BOUND('',#4919,.T.);
#4919 = EDGE_LOOP('',(#4920,#4921,#4929,#4935));
#4920 = ORIENTED_EDGE('',*,*,#4660,.T.);
#4921 = ORIENTED_EDGE('',*,*,#4922,.T.);
#4922 = EDGE_CURVE('',#4653,#4923,#4925,.T.);
#4923 = VERTEX_POINT('',#4924);
#4924 = CARTESIAN_POINT('',(145.56,63.16,194.74));
#4925 = LINE('',#4926,#4927);
#4926 = CARTESIAN_POINT('',(145.56,63.16,188.74));
#4927 = VECTOR('',#4928,1.);
#4928 = DIRECTION('',(0.,0.,1.));
#4929 = ORIENTED_EDGE('',*,*,#4930,.T.);
#4930 = EDGE_CURVE('',#4923,#4892,#4931,.T.);
#4931 = LINE('',#4932,#4933);
#4932 = CARTESIAN_POINT('',(145.56,63.16,194.74));
#4933 = VECTOR('',#4934,1.);
#4934 = DIRECTION('',(1.,0.,-0.));
#4935 = ORIENTED_EDGE('',*,*,#4891,.F.);
#4936 = FACE_BOUND('',#4937,.T.);
#4937 = EDGE_LOOP('',(#4938));
#4938 = ORIENTED_EDGE('',*,*,#4939,.F.);
#4939 = EDGE_CURVE('',#4940,#4940,#4942,.T.);
#4940 = VERTEX_POINT('',#4941);
#4941 = CARTESIAN_POINT('',(146.76,63.16,186.94));
#4942 = CIRCLE('',#4943,1.7);
#4943 = AXIS2_PLACEMENT_3D('',#4944,#4945,#4946);
#4944 = CARTESIAN_POINT('',(146.76,63.16,185.24));
#4945 = DIRECTION('',(0.,1.,0.));
#4946 = DIRECTION('',(0.,-0.,1.));
#4947 = PLANE('',#4948);
#4948 = AXIS2_PLACEMENT_3D('',#4949,#4950,#4951);
#4949 = CARTESIAN_POINT('',(146.76,63.16,187.769282724));
#4950 = DIRECTION('',(0.,1.,0.));
#4951 = DIRECTION('',(0.,-0.,1.));
#4952 = ADVANCED_FACE('',(#4953),#4972,.T.);
#4953 = FACE_BOUND('',#4954,.T.);
#4954 = EDGE_LOOP('',(#4955,#4956,#4957,#4965,#4971));
#4955 = ORIENTED_EDGE('',*,*,#4652,.F.);
#4956 = ORIENTED_EDGE('',*,*,#4857,.F.);
#4957 = ORIENTED_EDGE('',*,*,#4958,.T.);
#4958 = EDGE_CURVE('',#4858,#4959,#4961,.T.);
#4959 = VERTEX_POINT('',#4960);
#4960 = CARTESIAN_POINT('',(145.56,35.160797289396,194.74));
#4961 = LINE('',#4962,#4963);
#4962 = CARTESIAN_POINT('',(145.56,35.160797289396,188.74));
#4963 = VECTOR('',#4964,1.);
#4964 = DIRECTION('',(0.,0.,1.));
#4965 = ORIENTED_EDGE('',*,*,#4966,.T.);
#4966 = EDGE_CURVE('',#4959,#4923,#4967,.T.);
#4967 = LINE('',#4968,#4969);
#4968 = CARTESIAN_POINT('',(145.56,35.160797289396,194.74));
#4969 = VECTOR('',#4970,1.);
#4970 = DIRECTION('',(-0.,1.,0.));
#4971 = ORIENTED_EDGE('',*,*,#4922,.F.);
#4972 = PLANE('',#4973);
#4973 = AXIS2_PLACEMENT_3D('',#4974,#4975,#4976);
#4974 = CARTESIAN_POINT('',(145.56,46.501844053497,187.87157877448));
#4975 = DIRECTION('',(-1.,-0.,-0.));
#4976 = DIRECTION('',(0.,0.,-1.));
#4977 = ADVANCED_FACE('',(#4978),#4997,.F.);
#4978 = FACE_BOUND('',#4979,.F.);
#4979 = EDGE_LOOP('',(#4980,#4988,#4989,#4990));
#4980 = ORIENTED_EDGE('',*,*,#4981,.T.);
#4981 = EDGE_CURVE('',#4982,#4697,#4984,.T.);
#4982 = VERTEX_POINT('',#4983);
#4983 = CARTESIAN_POINT('',(72.56,59.86,19.7));
#4984 = LINE('',#4985,#4986);
#4985 = CARTESIAN_POINT('',(72.56,59.56,19.7));
#4986 = VECTOR('',#4987,1.);
#4987 = DIRECTION('',(0.,1.,0.));
#4988 = ORIENTED_EDGE('',*,*,#4696,.F.);
#4989 = ORIENTED_EDGE('',*,*,#4981,.F.);
#4990 = ORIENTED_EDGE('',*,*,#4991,.T.);
#4991 = EDGE_CURVE('',#4982,#4982,#4992,.T.);
#4992 = CIRCLE('',#4993,1.7);
#4993 = AXIS2_PLACEMENT_3D('',#4994,#4995,#4996);
#4994 = CARTESIAN_POINT('',(72.56,59.86,18.));
#4995 = DIRECTION('',(0.,1.,0.));
#4996 = DIRECTION('',(0.,-0.,1.));
#4997 = CYLINDRICAL_SURFACE('',#4998,1.7);
#4998 = AXIS2_PLACEMENT_3D('',#4999,#5000,#5001);
#4999 = CARTESIAN_POINT('',(72.56,59.56,18.));
#5000 = DIRECTION('',(0.,1.,0.));
#5001 = DIRECTION('',(0.,-0.,1.));
#5002 = ADVANCED_FACE('',(#5003),#5022,.F.);
#5003 = FACE_BOUND('',#5004,.F.);
#5004 = EDGE_LOOP('',(#5005,#5013,#5014,#5015));
#5005 = ORIENTED_EDGE('',*,*,#5006,.T.);
#5006 = EDGE_CURVE('',#5007,#4717,#5009,.T.);
#5007 = VERTEX_POINT('',#5008);
#5008 = CARTESIAN_POINT('',(72.56,59.86,186.94));
#5009 = LINE('',#5010,#5011);
#5010 = CARTESIAN_POINT('',(72.56,59.56,186.94));
#5011 = VECTOR('',#5012,1.);
#5012 = DIRECTION('',(0.,1.,0.));
#5013 = ORIENTED_EDGE('',*,*,#4716,.F.);
#5014 = ORIENTED_EDGE('',*,*,#5006,.F.);
#5015 = ORIENTED_EDGE('',*,*,#5016,.T.);
#5016 = EDGE_CURVE('',#5007,#5007,#5017,.T.);
#5017 = CIRCLE('',#5018,1.7);
#5018 = AXIS2_PLACEMENT_3D('',#5019,#5020,#5021);
#5019 = CARTESIAN_POINT('',(72.56,59.86,185.24));
#5020 = DIRECTION('',(0.,1.,0.));
#5021 = DIRECTION('',(0.,-0.,1.));
#5022 = CYLINDRICAL_SURFACE('',#5023,1.7);
#5023 = AXIS2_PLACEMENT_3D('',#5024,#5025,#5026);
#5024 = CARTESIAN_POINT('',(72.56,59.56,185.24));
#5025 = DIRECTION('',(0.,1.,0.));
#5026 = DIRECTION('',(0.,-0.,1.));
#5027 = ADVANCED_FACE('',(#5028),#5039,.F.);
#5028 = FACE_BOUND('',#5029,.F.);
#5029 = EDGE_LOOP('',(#5030,#5031,#5032,#5038));
#5030 = ORIENTED_EDGE('',*,*,#4741,.F.);
#5031 = ORIENTED_EDGE('',*,*,#4834,.T.);
#5032 = ORIENTED_EDGE('',*,*,#5033,.T.);
#5033 = EDGE_CURVE('',#4835,#4776,#5034,.T.);
#5034 = LINE('',#5035,#5036);
#5035 = CARTESIAN_POINT('',(145.56,35.160797289396,27.5));
#5036 = VECTOR('',#5037,1.);
#5037 = DIRECTION('',(1.,0.,-0.));
#5038 = ORIENTED_EDGE('',*,*,#4783,.F.);
#5039 = PLANE('',#5040);
#5040 = AXIS2_PLACEMENT_3D('',#5041,#5042,#5043);
#5041 = CARTESIAN_POINT('',(145.56,35.160797289396,21.5));
#5042 = DIRECTION('',(-0.,1.,0.));
#5043 = DIRECTION('',(0.,0.,1.));
#5044 = ADVANCED_FACE('',(#5045),#5051,.T.);
#5045 = FACE_BOUND('',#5046,.T.);
#5046 = EDGE_LOOP('',(#5047,#5048,#5049,#5050));
#5047 = ORIENTED_EDGE('',*,*,#4842,.F.);
#5048 = ORIENTED_EDGE('',*,*,#5033,.T.);
#5049 = ORIENTED_EDGE('',*,*,#4775,.T.);
#5050 = ORIENTED_EDGE('',*,*,#4806,.F.);
#5051 = PLANE('',#5052);
#5052 = AXIS2_PLACEMENT_3D('',#5053,#5054,#5055);
#5053 = CARTESIAN_POINT('',(145.56,35.160797289396,27.5));
#5054 = DIRECTION('',(0.,0.,1.));
#5055 = DIRECTION('',(1.,0.,-0.));
#5056 = ADVANCED_FACE('',(#5057),#5076,.F.);
#5057 = FACE_BOUND('',#5058,.F.);
#5058 = EDGE_LOOP('',(#5059,#5067,#5068,#5069));
#5059 = ORIENTED_EDGE('',*,*,#5060,.T.);
#5060 = EDGE_CURVE('',#5061,#4816,#5063,.T.);
#5061 = VERTEX_POINT('',#5062);
#5062 = CARTESIAN_POINT('',(146.76,59.86,19.7));
#5063 = LINE('',#5064,#5065);
#5064 = CARTESIAN_POINT('',(146.76,59.56,19.7));
#5065 = VECTOR('',#5066,1.);
#5066 = DIRECTION('',(0.,1.,0.));
#5067 = ORIENTED_EDGE('',*,*,#4815,.F.);
#5068 = ORIENTED_EDGE('',*,*,#5060,.F.);
#5069 = ORIENTED_EDGE('',*,*,#5070,.T.);
#5070 = EDGE_CURVE('',#5061,#5061,#5071,.T.);
#5071 = CIRCLE('',#5072,1.7);
#5072 = AXIS2_PLACEMENT_3D('',#5073,#5074,#5075);
#5073 = CARTESIAN_POINT('',(146.76,59.86,18.));
#5074 = DIRECTION('',(0.,1.,0.));
#5075 = DIRECTION('',(0.,-0.,1.));
#5076 = CYLINDRICAL_SURFACE('',#5077,1.7);
#5077 = AXIS2_PLACEMENT_3D('',#5078,#5079,#5080);
#5078 = CARTESIAN_POINT('',(146.76,59.56,18.));
#5079 = DIRECTION('',(0.,1.,0.));
#5080 = DIRECTION('',(0.,-0.,1.));
#5081 = ADVANCED_FACE('',(#5082),#5093,.F.);
#5082 = FACE_BOUND('',#5083,.F.);
#5083 = EDGE_LOOP('',(#5084,#5085,#5086,#5092));
#5084 = ORIENTED_EDGE('',*,*,#4865,.F.);
#5085 = ORIENTED_EDGE('',*,*,#4958,.T.);
#5086 = ORIENTED_EDGE('',*,*,#5087,.T.);
#5087 = EDGE_CURVE('',#4959,#4900,#5088,.T.);
#5088 = LINE('',#5089,#5090);
#5089 = CARTESIAN_POINT('',(145.56,35.160797289396,194.74));
#5090 = VECTOR('',#5091,1.);
#5091 = DIRECTION('',(1.,0.,-0.));
#5092 = ORIENTED_EDGE('',*,*,#4907,.F.);
#5093 = PLANE('',#5094);
#5094 = AXIS2_PLACEMENT_3D('',#5095,#5096,#5097);
#5095 = CARTESIAN_POINT('',(145.56,35.160797289396,188.74));
#5096 = DIRECTION('',(-0.,1.,0.));
#5097 = DIRECTION('',(0.,0.,1.));
#5098 = ADVANCED_FACE('',(#5099),#5105,.T.);
#5099 = FACE_BOUND('',#5100,.T.);
#5100 = EDGE_LOOP('',(#5101,#5102,#5103,#5104));
#5101 = ORIENTED_EDGE('',*,*,#4966,.F.);
#5102 = ORIENTED_EDGE('',*,*,#5087,.T.);
#5103 = ORIENTED_EDGE('',*,*,#4899,.T.);
#5104 = ORIENTED_EDGE('',*,*,#4930,.F.);
#5105 = PLANE('',#5106);
#5106 = AXIS2_PLACEMENT_3D('',#5107,#5108,#5109);
#5107 = CARTESIAN_POINT('',(145.56,35.160797289396,194.74));
#5108 = DIRECTION('',(0.,0.,1.));
#5109 = DIRECTION('',(1.,0.,-0.));
#5110 = ADVANCED_FACE('',(#5111),#5130,.F.);
#5111 = FACE_BOUND('',#5112,.F.);
#5112 = EDGE_LOOP('',(#5113,#5121,#5122,#5123));
#5113 = ORIENTED_EDGE('',*,*,#5114,.T.);
#5114 = EDGE_CURVE('',#5115,#4940,#5117,.T.);
#5115 = VERTEX_POINT('',#5116);
#5116 = CARTESIAN_POINT('',(146.76,59.86,186.94));
#5117 = LINE('',#5118,#5119);
#5118 = CARTESIAN_POINT('',(146.76,59.56,186.94));
#5119 = VECTOR('',#5120,1.);
#5120 = DIRECTION('',(0.,1.,0.));
#5121 = ORIENTED_EDGE('',*,*,#4939,.F.);
#5122 = ORIENTED_EDGE('',*,*,#5114,.F.);
#5123 = ORIENTED_EDGE('',*,*,#5124,.T.);
#5124 = EDGE_CURVE('',#5115,#5115,#5125,.T.);
#5125 = CIRCLE('',#5126,1.7);
#5126 = AXIS2_PLACEMENT_3D('',#5127,#5128,#5129);
#5127 = CARTESIAN_POINT('',(146.76,59.86,185.24));
#5128 = DIRECTION('',(0.,1.,0.));
#5129 = DIRECTION('',(0.,-0.,1.));
#5130 = CYLINDRICAL_SURFACE('',#5131,1.7);
#5131 = AXIS2_PLACEMENT_3D('',#5132,#5133,#5134);
#5132 = CARTESIAN_POINT('',(146.76,59.56,185.24));
#5133 = DIRECTION('',(0.,1.,0.));
#5134 = DIRECTION('',(0.,-0.,1.));
#5135 = ADVANCED_FACE('',(#5136,#5147),#5150,.F.);
#5136 = FACE_BOUND('',#5137,.F.);
#5137 = EDGE_LOOP('',(#5138));
#5138 = ORIENTED_EDGE('',*,*,#5139,.T.);
#5139 = EDGE_CURVE('',#5140,#5140,#5142,.T.);
#5140 = VERTEX_POINT('',#5141);
#5141 = CARTESIAN_POINT('',(72.56,59.86,20.));
#5142 = CIRCLE('',#5143,2.);
#5143 = AXIS2_PLACEMENT_3D('',#5144,#5145,#5146);
#5144 = CARTESIAN_POINT('',(72.56,59.86,18.));
#5145 = DIRECTION('',(0.,1.,0.));
#5146 = DIRECTION('',(0.,-0.,1.));
#5147 = FACE_BOUND('',#5148,.F.);
#5148 = EDGE_LOOP('',(#5149));
#5149 = ORIENTED_EDGE('',*,*,#4991,.F.);
#5150 = PLANE('',#5151);
#5151 = AXIS2_PLACEMENT_3D('',#5152,#5153,#5154);
#5152 = CARTESIAN_POINT('',(72.56,59.86,18.));
#5153 = DIRECTION('',(0.,1.,0.));
#5154 = DIRECTION('',(0.,-0.,1.));
#5155 = ADVANCED_FACE('',(#5156,#5167),#5170,.F.);
#5156 = FACE_BOUND('',#5157,.F.);
#5157 = EDGE_LOOP('',(#5158));
#5158 = ORIENTED_EDGE('',*,*,#5159,.T.);
#5159 = EDGE_CURVE('',#5160,#5160,#5162,.T.);
#5160 = VERTEX_POINT('',#5161);
#5161 = CARTESIAN_POINT('',(72.56,59.86,187.24));
#5162 = CIRCLE('',#5163,2.);
#5163 = AXIS2_PLACEMENT_3D('',#5164,#5165,#5166);
#5164 = CARTESIAN_POINT('',(72.56,59.86,185.24));
#5165 = DIRECTION('',(0.,1.,0.));
#5166 = DIRECTION('',(0.,-0.,1.));
#5167 = FACE_BOUND('',#5168,.F.);
#5168 = EDGE_LOOP('',(#5169));
#5169 = ORIENTED_EDGE('',*,*,#5016,.F.);
#5170 = PLANE('',#5171);
#5171 = AXIS2_PLACEMENT_3D('',#5172,#5173,#5174);
#5172 = CARTESIAN_POINT('',(72.56,59.86,185.24));
#5173 = DIRECTION('',(0.,1.,0.));
#5174 = DIRECTION('',(0.,-0.,1.));
#5175 = ADVANCED_FACE('',(#5176,#5187),#5190,.F.);
#5176 = FACE_BOUND('',#5177,.F.);
#5177 = EDGE_LOOP('',(#5178));
#5178 = ORIENTED_EDGE('',*,*,#5179,.T.);
#5179 = EDGE_CURVE('',#5180,#5180,#5182,.T.);
#5180 = VERTEX_POINT('',#5181);
#5181 = CARTESIAN_POINT('',(146.76,59.86,20.));
#5182 = CIRCLE('',#5183,2.);
#5183 = AXIS2_PLACEMENT_3D('',#5184,#5185,#5186);
#5184 = CARTESIAN_POINT('',(146.76,59.86,18.));
#5185 = DIRECTION('',(0.,1.,0.));
#5186 = DIRECTION('',(0.,-0.,1.));
#5187 = FACE_BOUND('',#5188,.F.);
#5188 = EDGE_LOOP('',(#5189));
#5189 = ORIENTED_EDGE('',*,*,#5070,.F.);
#5190 = PLANE('',#5191);
#5191 = AXIS2_PLACEMENT_3D('',#5192,#5193,#5194);
#5192 = CARTESIAN_POINT('',(146.76,59.86,18.));
#5193 = DIRECTION('',(0.,1.,0.));
#5194 = DIRECTION('',(0.,-0.,1.));
#5195 = ADVANCED_FACE('',(#5196,#5207),#5210,.F.);
#5196 = FACE_BOUND('',#5197,.F.);
#5197 = EDGE_LOOP('',(#5198));
#5198 = ORIENTED_EDGE('',*,*,#5199,.T.);
#5199 = EDGE_CURVE('',#5200,#5200,#5202,.T.);
#5200 = VERTEX_POINT('',#5201);
#5201 = CARTESIAN_POINT('',(146.76,59.86,187.24));
#5202 = CIRCLE('',#5203,2.);
#5203 = AXIS2_PLACEMENT_3D('',#5204,#5205,#5206);
#5204 = CARTESIAN_POINT('',(146.76,59.86,185.24));
#5205 = DIRECTION('',(0.,1.,0.));
#5206 = DIRECTION('',(0.,-0.,1.));
#5207 = FACE_BOUND('',#5208,.F.);
#5208 = EDGE_LOOP('',(#5209));
#5209 = ORIENTED_EDGE('',*,*,#5124,.F.);
#5210 = PLANE('',#5211);
#5211 = AXIS2_PLACEMENT_3D('',#5212,#5213,#5214);
#5212 = CARTESIAN_POINT('',(146.76,59.86,185.24));
#5213 = DIRECTION('',(0.,1.,0.));
#5214 = DIRECTION('',(0.,-0.,1.));
#5215 = ADVANCED_FACE('',(#5216),#5235,.F.);
#5216 = FACE_BOUND('',#5217,.F.);
#5217 = EDGE_LOOP('',(#5218,#5219,#5227,#5234));
#5218 = ORIENTED_EDGE('',*,*,#5139,.F.);
#5219 = ORIENTED_EDGE('',*,*,#5220,.F.);
#5220 = EDGE_CURVE('',#5221,#5140,#5223,.T.);
#5221 = VERTEX_POINT('',#5222);
#5222 = CARTESIAN_POINT('',(72.56,53.06,20.));
#5223 = LINE('',#5224,#5225);
#5224 = CARTESIAN_POINT('',(72.56,53.06,20.));
#5225 = VECTOR('',#5226,1.);
#5226 = DIRECTION('',(0.,1.,0.));
#5227 = ORIENTED_EDGE('',*,*,#5228,.T.);
#5228 = EDGE_CURVE('',#5221,#5221,#5229,.T.);
#5229 = CIRCLE('',#5230,2.);
#5230 = AXIS2_PLACEMENT_3D('',#5231,#5232,#5233);
#5231 = CARTESIAN_POINT('',(72.56,53.06,18.));
#5232 = DIRECTION('',(0.,1.,0.));
#5233 = DIRECTION('',(0.,-0.,1.));
#5234 = ORIENTED_EDGE('',*,*,#5220,.T.);
#5235 = CYLINDRICAL_SURFACE('',#5236,2.);
#5236 = AXIS2_PLACEMENT_3D('',#5237,#5238,#5239);
#5237 = CARTESIAN_POINT('',(72.56,53.06,18.));
#5238 = DIRECTION('',(0.,1.,0.));
#5239 = DIRECTION('',(0.,-0.,1.));
#5240 = ADVANCED_FACE('',(#5241),#5260,.F.);
#5241 = FACE_BOUND('',#5242,.F.);
#5242 = EDGE_LOOP('',(#5243,#5244,#5252,#5259));
#5243 = ORIENTED_EDGE('',*,*,#5159,.F.);
#5244 = ORIENTED_EDGE('',*,*,#5245,.F.);
#5245 = EDGE_CURVE('',#5246,#5160,#5248,.T.);
#5246 = VERTEX_POINT('',#5247);
#5247 = CARTESIAN_POINT('',(72.56,53.06,187.24));
#5248 = LINE('',#5249,#5250);
#5249 = CARTESIAN_POINT('',(72.56,53.06,187.24));
#5250 = VECTOR('',#5251,1.);
#5251 = DIRECTION('',(0.,1.,0.));
#5252 = ORIENTED_EDGE('',*,*,#5253,.T.);
#5253 = EDGE_CURVE('',#5246,#5246,#5254,.T.);
#5254 = CIRCLE('',#5255,2.);
#5255 = AXIS2_PLACEMENT_3D('',#5256,#5257,#5258);
#5256 = CARTESIAN_POINT('',(72.56,53.06,185.24));
#5257 = DIRECTION('',(0.,1.,0.));
#5258 = DIRECTION('',(0.,-0.,1.));
#5259 = ORIENTED_EDGE('',*,*,#5245,.T.);
#5260 = CYLINDRICAL_SURFACE('',#5261,2.);
#5261 = AXIS2_PLACEMENT_3D('',#5262,#5263,#5264);
#5262 = CARTESIAN_POINT('',(72.56,53.06,185.24));
#5263 = DIRECTION('',(0.,1.,0.));
#5264 = DIRECTION('',(0.,-0.,1.));
#5265 = ADVANCED_FACE('',(#5266),#5285,.F.);
#5266 = FACE_BOUND('',#5267,.F.);
#5267 = EDGE_LOOP('',(#5268,#5269,#5277,#5284));
#5268 = ORIENTED_EDGE('',*,*,#5179,.F.);
#5269 = ORIENTED_EDGE('',*,*,#5270,.F.);
#5270 = EDGE_CURVE('',#5271,#5180,#5273,.T.);
#5271 = VERTEX_POINT('',#5272);
#5272 = CARTESIAN_POINT('',(146.76,53.06,20.));
#5273 = LINE('',#5274,#5275);
#5274 = CARTESIAN_POINT('',(146.76,53.06,20.));
#5275 = VECTOR('',#5276,1.);
#5276 = DIRECTION('',(0.,1.,0.));
#5277 = ORIENTED_EDGE('',*,*,#5278,.T.);
#5278 = EDGE_CURVE('',#5271,#5271,#5279,.T.);
#5279 = CIRCLE('',#5280,2.);
#5280 = AXIS2_PLACEMENT_3D('',#5281,#5282,#5283);
#5281 = CARTESIAN_POINT('',(146.76,53.06,18.));
#5282 = DIRECTION('',(0.,1.,0.));
#5283 = DIRECTION('',(0.,-0.,1.));
#5284 = ORIENTED_EDGE('',*,*,#5270,.T.);
#5285 = CYLINDRICAL_SURFACE('',#5286,2.);
#5286 = AXIS2_PLACEMENT_3D('',#5287,#5288,#5289);
#5287 = CARTESIAN_POINT('',(146.76,53.06,18.));
#5288 = DIRECTION('',(0.,1.,0.));
#5289 = DIRECTION('',(0.,-0.,1.));
#5290 = ADVANCED_FACE('',(#5291),#5310,.F.);
#5291 = FACE_BOUND('',#5292,.F.);
#5292 = EDGE_LOOP('',(#5293,#5294,#5302,#5309));
#5293 = ORIENTED_EDGE('',*,*,#5199,.F.);
#5294 = ORIENTED_EDGE('',*,*,#5295,.F.);
#5295 = EDGE_CURVE('',#5296,#5200,#5298,.T.);
#5296 = VERTEX_POINT('',#5297);
#5297 = CARTESIAN_POINT('',(146.76,53.06,187.24));
#5298 = LINE('',#5299,#5300);
#5299 = CARTESIAN_POINT('',(146.76,53.06,187.24));
#5300 = VECTOR('',#5301,1.);
#5301 = DIRECTION('',(0.,1.,0.));
#5302 = ORIENTED_EDGE('',*,*,#5303,.T.);
#5303 = EDGE_CURVE('',#5296,#5296,#5304,.T.);
#5304 = CIRCLE('',#5305,2.);
#5305 = AXIS2_PLACEMENT_3D('',#5306,#5307,#5308);
#5306 = CARTESIAN_POINT('',(146.76,53.06,185.24));
#5307 = DIRECTION('',(0.,1.,0.));
#5308 = DIRECTION('',(0.,-0.,1.));
#5309 = ORIENTED_EDGE('',*,*,#5295,.T.);
#5310 = CYLINDRICAL_SURFACE('',#5311,2.);
#5311 = AXIS2_PLACEMENT_3D('',#5312,#5313,#5314);
#5312 = CARTESIAN_POINT('',(146.76,53.06,185.24));
#5313 = DIRECTION('',(0.,1.,0.));
#5314 = DIRECTION('',(0.,-0.,1.));
#5315 = ADVANCED_FACE('',(#5316),#5319,.T.);
#5316 = FACE_BOUND('',#5317,.F.);
#5317 = EDGE_LOOP('',(#5318));
#5318 = ORIENTED_EDGE('',*,*,#5228,.F.);
#5319 = PLANE('',#5320);
#5320 = AXIS2_PLACEMENT_3D('',#5321,#5322,#5323);
#5321 = CARTESIAN_POINT('',(72.56,53.06,18.));
#5322 = DIRECTION('',(0.,1.,0.));
#5323 = DIRECTION('',(0.,-0.,1.));
#5324 = ADVANCED_FACE('',(#5325),#5328,.T.);
#5325 = FACE_BOUND('',#5326,.F.);
#5326 = EDGE_LOOP('',(#5327));
#5327 = ORIENTED_EDGE('',*,*,#5253,.F.);
#5328 = PLANE('',#5329);
#5329 = AXIS2_PLACEMENT_3D('',#5330,#5331,#5332);
#5330 = CARTESIAN_POINT('',(72.56,53.06,185.24));
#5331 = DIRECTION('',(0.,1.,0.));
#5332 = DIRECTION('',(0.,-0.,1.));
#5333 = ADVANCED_FACE('',(#5334),#5337,.T.);
#5334 = FACE_BOUND('',#5335,.F.);
#5335 = EDGE_LOOP('',(#5336));
#5336 = ORIENTED_EDGE('',*,*,#5278,.F.);
#5337 = PLANE('',#5338);
#5338 = AXIS2_PLACEMENT_3D('',#5339,#5340,#5341);
#5339 = CARTESIAN_POINT('',(146.76,53.06,18.));
#5340 = DIRECTION('',(0.,1.,0.));
#5341 = DIRECTION('',(0.,-0.,1.));
#5342 = ADVANCED_FACE('',(#5343),#5346,.T.);
#5343 = FACE_BOUND('',#5344,.F.);
#5344 = EDGE_LOOP('',(#5345));
#5345 = ORIENTED_EDGE('',*,*,#5303,.F.);
#5346 = PLANE('',#5347);
#5347 = AXIS2_PLACEMENT_3D('',#5348,#5349,#5350);
#5348 = CARTESIAN_POINT('',(146.76,53.06,185.24));
#5349 = DIRECTION('',(0.,1.,0.));
#5350 = DIRECTION('',(0.,-0.,1.));
#5351 = ( GEOMETRIC_REPRESENTATION_CONTEXT(3) 
GLOBAL_UNCERTAINTY_ASSIGNED_CONTEXT((#5355)) 
GLOBAL_UNIT_ASSIGNED_CONTEXT((#5352,#5353,#5354)) REPRESENTATION_CONTEXT
('Context #1','3D Context with UNIT and UNCERTAINTY') );
#5352 = ( LENGTH_UNIT() NAMED_UNIT(*) SI_UNIT(.MILLI.,.METRE.) );
#5353 = ( NAMED_UNIT(*) PLANE_ANGLE_UNIT() SI_UNIT($,.RADIAN.) );
#5354 = ( NAMED_UNIT(*) SI_UNIT($,.STERADIAN.) SOLID_ANGLE_UNIT() );
#5355 = UNCERTAINTY_MEASURE_WITH_UNIT(LENGTH_MEASURE(1.E-07),#5352,
  'distance_accuracy_value','confusion accuracy');
#5356 = PRODUCT_RELATED_PRODUCT_CATEGORY('part',$,(#7));
ENDSEC;
END-ISO-10303-21;
