ISO-10303-21;
HEADER;
FILE_DESCRIPTION(('FreeCAD Model'),'2;1');
FILE_NAME('Open CASCADE Shape Model','2026-09-21T21:01:50',('FreeCAD'),(
    'FreeCAD'),'Open CASCADE STEP processor 7.8','FreeCAD','Unknown');
FILE_SCHEMA(('AUTOMOTIVE_DESIGN { 1 0 10303 214 1 1 1 1 }'));
ENDSEC;
DATA;
#1 = APPLICATION_PROTOCOL_DEFINITION('international standard',
  'automotive_design',2000,#2);
#2 = APPLICATION_CONTEXT(
  'core data for automotive mechanical design processes');
#3 = SHAPE_DEFINITION_REPRESENTATION(#4,#10);
#4 = PRODUCT_DEFINITION_SHAPE('','',#5);
#5 = PRODUCT_DEFINITION('design','',#6,#9);
#6 = PRODUCT_DEFINITION_FORMATION('','',#7);
#7 = PRODUCT('Open CASCADE STEP translator 7.8 3',
  'Open CASCADE STEP translator 7.8 3','',(#8));
#8 = PRODUCT_CONTEXT('',#2,'mechanical');
#9 = PRODUCT_DEFINITION_CONTEXT('part definition',#2,'design');
#10 = ADVANCED_BREP_SHAPE_REPRESENTATION('',(#11,#15),#4232);
#11 = AXIS2_PLACEMENT_3D('',#12,#13,#14);
#12 = CARTESIAN_POINT('',(0.,0.,0.));
#13 = DIRECTION('',(0.,0.,1.));
#14 = DIRECTION('',(1.,0.,-0.));
#15 = MANIFOLD_SOLID_BREP('',#16);
#16 = CLOSED_SHELL('',(#17,#249,#561,#589,#600,#618,#628,#646,#656,#684,
    #695,#715,#780,#848,#872,#889,#923,#957,#991,#1025,#1059,#1090,#1114
    ,#1138,#1155,#1186,#1210,#1234,#1251,#1285,#1319,#1350,#1381,#1415,
    #1449,#1483,#1508,#1554,#1585,#1609,#1633,#1650,#1675,#1700,#1725,
    #1750,#1776,#1802,#1828,#1854,#1880,#1926,#1972,#1998,#2024,#2496,
    #2514,#2532,#2550,#2570,#2621,#2650,#2667,#2679,#2710,#2734,#2758,
    #2775,#2806,#2830,#2854,#2871,#2895,#2919,#2936,#2998,#3031,#3064,
    #3136,#3183,#3230,#3254,#3278,#3313,#3348,#3389,#3430,#3447,#3464,
    #3482,#3513,#3529,#3546,#3557,#3772,#3784,#3796,#3808,#3818,#3832,
    #3842,#3851,#3860,#3872,#3907,#3919,#3931,#3942,#3953,#3962,#3971,
    #4004,#4014,#4030,#4063,#4073,#4090,#4110,#4120,#4144,#4154,#4164,
    #4188,#4198,#4208,#4220));
#17 = ADVANCED_FACE('',(#18),#244,.T.);
#18 = FACE_BOUND('',#19,.T.);
#19 = EDGE_LOOP('',(#20,#30,#37,#38,#47,#55,#64,#72,#81,#90,#99,#107,
    #116,#124,#133,#142,#151,#160,#168,#177,#185,#194,#203,#212,#220,
    #229,#237));
#20 = ORIENTED_EDGE('',*,*,#21,.F.);
#21 = EDGE_CURVE('',#22,#24,#26,.T.);
#22 = VERTEX_POINT('',#23);
#23 = CARTESIAN_POINT('',(-45.,15.,59.5));
#24 = VERTEX_POINT('',#25);
#25 = CARTESIAN_POINT('',(-45.,51.56,59.5));
#26 = LINE('',#27,#28);
#27 = CARTESIAN_POINT('',(-45.,15.,59.5));
#28 = VECTOR('',#29,1.);
#29 = DIRECTION('',(0.,1.,0.));
#30 = ORIENTED_EDGE('',*,*,#31,.T.);
#31 = EDGE_CURVE('',#22,#22,#32,.T.);
#32 = CIRCLE('',#33,25.);
#33 = AXIS2_PLACEMENT_3D('',#34,#35,#36);
#34 = CARTESIAN_POINT('',(-45.,15.,34.5));
#35 = DIRECTION('',(0.,1.,0.));
#36 = DIRECTION('',(0.,-0.,1.));
#37 = ORIENTED_EDGE('',*,*,#21,.T.);
#38 = ORIENTED_EDGE('',*,*,#39,.F.);
#39 = EDGE_CURVE('',#40,#24,#42,.T.);
#40 = VERTEX_POINT('',#41);
#41 = CARTESIAN_POINT('',(-59.22222399147,51.56,55.06035857509));
#42 = CIRCLE('',#43,25.);
#43 = AXIS2_PLACEMENT_3D('',#44,#45,#46);
#44 = CARTESIAN_POINT('',(-45.,51.56,34.5));
#45 = DIRECTION('',(0.,1.,0.));
#46 = DIRECTION('',(0.,-0.,1.));
#47 = ORIENTED_EDGE('',*,*,#48,.F.);
#48 = EDGE_CURVE('',#49,#40,#51,.T.);
#49 = VERTEX_POINT('',#50);
#50 = CARTESIAN_POINT('',(-59.22222399147,47.46,55.06035857509));
#51 = LINE('',#52,#53);
#52 = CARTESIAN_POINT('',(-59.22222399147,15.,55.06035857509));
#53 = VECTOR('',#54,1.);
#54 = DIRECTION('',(0.,1.,0.));
#55 = ORIENTED_EDGE('',*,*,#56,.F.);
#56 = EDGE_CURVE('',#57,#49,#59,.T.);
#57 = VERTEX_POINT('',#58);
#58 = CARTESIAN_POINT('',(-65.56035857509,47.46,48.722223991476));
#59 = CIRCLE('',#60,25.);
#60 = AXIS2_PLACEMENT_3D('',#61,#62,#63);
#61 = CARTESIAN_POINT('',(-45.,47.46,34.5));
#62 = DIRECTION('',(0.,1.,0.));
#63 = DIRECTION('',(0.,-0.,1.));
#64 = ORIENTED_EDGE('',*,*,#65,.T.);
#65 = EDGE_CURVE('',#57,#66,#68,.T.);
#66 = VERTEX_POINT('',#67);
#67 = CARTESIAN_POINT('',(-65.56035857509,51.56,48.722223991476));
#68 = LINE('',#69,#70);
#69 = CARTESIAN_POINT('',(-65.56035857509,15.,48.722223991476));
#70 = VECTOR('',#71,1.);
#71 = DIRECTION('',(0.,1.,0.));
#72 = ORIENTED_EDGE('',*,*,#73,.F.);
#73 = EDGE_CURVE('',#74,#66,#76,.T.);
#74 = VERTEX_POINT('',#75);
#75 = CARTESIAN_POINT('',(-66.93171219946,51.56,22.499999999999));
#76 = CIRCLE('',#77,25.);
#77 = AXIS2_PLACEMENT_3D('',#78,#79,#80);
#78 = CARTESIAN_POINT('',(-45.,51.56,34.5));
#79 = DIRECTION('',(0.,1.,0.));
#80 = DIRECTION('',(0.,-0.,1.));
#81 = ORIENTED_EDGE('',*,*,#82,.F.);
#82 = EDGE_CURVE('',#83,#74,#85,.T.);
#83 = VERTEX_POINT('',#84);
#84 = CARTESIAN_POINT('',(-66.0416254125,51.56,20.999999999999));
#85 = CIRCLE('',#86,25.);
#86 = AXIS2_PLACEMENT_3D('',#87,#88,#89);
#87 = CARTESIAN_POINT('',(-45.,51.56,34.5));
#88 = DIRECTION('',(0.,1.,0.));
#89 = DIRECTION('',(0.,-0.,1.));
#90 = ORIENTED_EDGE('',*,*,#91,.F.);
#91 = EDGE_CURVE('',#92,#83,#94,.T.);
#92 = VERTEX_POINT('',#93);
#93 = CARTESIAN_POINT('',(-65.56035857509,51.56,20.277776008524));
#94 = CIRCLE('',#95,25.);
#95 = AXIS2_PLACEMENT_3D('',#96,#97,#98);
#96 = CARTESIAN_POINT('',(-45.,51.56,34.5));
#97 = DIRECTION('',(0.,1.,0.));
#98 = DIRECTION('',(0.,-0.,1.));
#99 = ORIENTED_EDGE('',*,*,#100,.F.);
#100 = EDGE_CURVE('',#101,#92,#103,.T.);
#101 = VERTEX_POINT('',#102);
#102 = CARTESIAN_POINT('',(-65.56035857509,47.46,20.277776008524));
#103 = LINE('',#104,#105);
#104 = CARTESIAN_POINT('',(-65.56035857509,15.,20.277776008524));
#105 = VECTOR('',#106,1.);
#106 = DIRECTION('',(0.,1.,0.));
#107 = ORIENTED_EDGE('',*,*,#108,.F.);
#108 = EDGE_CURVE('',#109,#101,#111,.T.);
#109 = VERTEX_POINT('',#110);
#110 = CARTESIAN_POINT('',(-59.22222399147,47.46,13.93964142491));
#111 = CIRCLE('',#112,25.);
#112 = AXIS2_PLACEMENT_3D('',#113,#114,#115);
#113 = CARTESIAN_POINT('',(-45.,47.46,34.5));
#114 = DIRECTION('',(0.,1.,0.));
#115 = DIRECTION('',(0.,-0.,1.));
#116 = ORIENTED_EDGE('',*,*,#117,.T.);
#117 = EDGE_CURVE('',#109,#118,#120,.T.);
#118 = VERTEX_POINT('',#119);
#119 = CARTESIAN_POINT('',(-59.22222399147,51.56,13.93964142491));
#120 = LINE('',#121,#122);
#121 = CARTESIAN_POINT('',(-59.22222399147,15.,13.93964142491));
#122 = VECTOR('',#123,1.);
#123 = DIRECTION('',(0.,1.,0.));
#124 = ORIENTED_EDGE('',*,*,#125,.F.);
#125 = EDGE_CURVE('',#126,#118,#128,.T.);
#126 = VERTEX_POINT('',#127);
#127 = CARTESIAN_POINT('',(-53.52936105461,51.56,11.));
#128 = CIRCLE('',#129,25.);
#129 = AXIS2_PLACEMENT_3D('',#130,#131,#132);
#130 = CARTESIAN_POINT('',(-45.,51.56,34.5));
#131 = DIRECTION('',(0.,1.,0.));
#132 = DIRECTION('',(0.,-0.,1.));
#133 = ORIENTED_EDGE('',*,*,#134,.F.);
#134 = EDGE_CURVE('',#135,#126,#137,.T.);
#135 = VERTEX_POINT('',#136);
#136 = CARTESIAN_POINT('',(-45.,51.56,9.5));
#137 = CIRCLE('',#138,25.);
#138 = AXIS2_PLACEMENT_3D('',#139,#140,#141);
#139 = CARTESIAN_POINT('',(-45.,51.56,34.5));
#140 = DIRECTION('',(0.,1.,0.));
#141 = DIRECTION('',(0.,-0.,1.));
#142 = ORIENTED_EDGE('',*,*,#143,.F.);
#143 = EDGE_CURVE('',#144,#135,#146,.T.);
#144 = VERTEX_POINT('',#145);
#145 = CARTESIAN_POINT('',(-36.47063894538,51.56,11.));
#146 = CIRCLE('',#147,25.);
#147 = AXIS2_PLACEMENT_3D('',#148,#149,#150);
#148 = CARTESIAN_POINT('',(-45.,51.56,34.5));
#149 = DIRECTION('',(0.,1.,0.));
#150 = DIRECTION('',(0.,-0.,1.));
#151 = ORIENTED_EDGE('',*,*,#152,.F.);
#152 = EDGE_CURVE('',#153,#144,#155,.T.);
#153 = VERTEX_POINT('',#154);
#154 = CARTESIAN_POINT('',(-30.77777600852,51.56,13.93964142491));
#155 = CIRCLE('',#156,25.);
#156 = AXIS2_PLACEMENT_3D('',#157,#158,#159);
#157 = CARTESIAN_POINT('',(-45.,51.56,34.5));
#158 = DIRECTION('',(0.,1.,0.));
#159 = DIRECTION('',(0.,-0.,1.));
#160 = ORIENTED_EDGE('',*,*,#161,.F.);
#161 = EDGE_CURVE('',#162,#153,#164,.T.);
#162 = VERTEX_POINT('',#163);
#163 = CARTESIAN_POINT('',(-30.77777600852,47.46,13.93964142491));
#164 = LINE('',#165,#166);
#165 = CARTESIAN_POINT('',(-30.77777600852,15.,13.93964142491));
#166 = VECTOR('',#167,1.);
#167 = DIRECTION('',(0.,1.,0.));
#168 = ORIENTED_EDGE('',*,*,#169,.F.);
#169 = EDGE_CURVE('',#170,#162,#172,.T.);
#170 = VERTEX_POINT('',#171);
#171 = CARTESIAN_POINT('',(-24.43964142491,47.46,20.277776008524));
#172 = CIRCLE('',#173,25.);
#173 = AXIS2_PLACEMENT_3D('',#174,#175,#176);
#174 = CARTESIAN_POINT('',(-45.,47.46,34.5));
#175 = DIRECTION('',(0.,1.,0.));
#176 = DIRECTION('',(0.,-0.,1.));
#177 = ORIENTED_EDGE('',*,*,#178,.T.);
#178 = EDGE_CURVE('',#170,#179,#181,.T.);
#179 = VERTEX_POINT('',#180);
#180 = CARTESIAN_POINT('',(-24.43964142491,51.56,20.277776008524));
#181 = LINE('',#182,#183);
#182 = CARTESIAN_POINT('',(-24.43964142491,15.,20.277776008524));
#183 = VECTOR('',#184,1.);
#184 = DIRECTION('',(0.,1.,0.));
#185 = ORIENTED_EDGE('',*,*,#186,.F.);
#186 = EDGE_CURVE('',#187,#179,#189,.T.);
#187 = VERTEX_POINT('',#188);
#188 = CARTESIAN_POINT('',(-23.9583745875,51.56,20.999999999999));
#189 = CIRCLE('',#190,25.);
#190 = AXIS2_PLACEMENT_3D('',#191,#192,#193);
#191 = CARTESIAN_POINT('',(-45.,51.56,34.5));
#192 = DIRECTION('',(0.,1.,0.));
#193 = DIRECTION('',(0.,-0.,1.));
#194 = ORIENTED_EDGE('',*,*,#195,.F.);
#195 = EDGE_CURVE('',#196,#187,#198,.T.);
#196 = VERTEX_POINT('',#197);
#197 = CARTESIAN_POINT('',(-23.06828780053,51.56,22.499999999999));
#198 = CIRCLE('',#199,25.);
#199 = AXIS2_PLACEMENT_3D('',#200,#201,#202);
#200 = CARTESIAN_POINT('',(-45.,51.56,34.5));
#201 = DIRECTION('',(0.,1.,0.));
#202 = DIRECTION('',(0.,-0.,1.));
#203 = ORIENTED_EDGE('',*,*,#204,.F.);
#204 = EDGE_CURVE('',#205,#196,#207,.T.);
#205 = VERTEX_POINT('',#206);
#206 = CARTESIAN_POINT('',(-24.43964142491,51.56,48.722223991476));
#207 = CIRCLE('',#208,25.);
#208 = AXIS2_PLACEMENT_3D('',#209,#210,#211);
#209 = CARTESIAN_POINT('',(-45.,51.56,34.5));
#210 = DIRECTION('',(0.,1.,0.));
#211 = DIRECTION('',(0.,-0.,1.));
#212 = ORIENTED_EDGE('',*,*,#213,.F.);
#213 = EDGE_CURVE('',#214,#205,#216,.T.);
#214 = VERTEX_POINT('',#215);
#215 = CARTESIAN_POINT('',(-24.43964142491,47.46,48.722223991476));
#216 = LINE('',#217,#218);
#217 = CARTESIAN_POINT('',(-24.43964142491,15.,48.722223991476));
#218 = VECTOR('',#219,1.);
#219 = DIRECTION('',(0.,1.,0.));
#220 = ORIENTED_EDGE('',*,*,#221,.F.);
#221 = EDGE_CURVE('',#222,#214,#224,.T.);
#222 = VERTEX_POINT('',#223);
#223 = CARTESIAN_POINT('',(-30.77777600852,47.46,55.06035857509));
#224 = CIRCLE('',#225,25.);
#225 = AXIS2_PLACEMENT_3D('',#226,#227,#228);
#226 = CARTESIAN_POINT('',(-45.,47.46,34.5));
#227 = DIRECTION('',(0.,1.,0.));
#228 = DIRECTION('',(0.,-0.,1.));
#229 = ORIENTED_EDGE('',*,*,#230,.T.);
#230 = EDGE_CURVE('',#222,#231,#233,.T.);
#231 = VERTEX_POINT('',#232);
#232 = CARTESIAN_POINT('',(-30.77777600852,51.56,55.06035857509));
#233 = LINE('',#234,#235);
#234 = CARTESIAN_POINT('',(-30.77777600852,15.,55.06035857509));
#235 = VECTOR('',#236,1.);
#236 = DIRECTION('',(0.,1.,0.));
#237 = ORIENTED_EDGE('',*,*,#238,.F.);
#238 = EDGE_CURVE('',#24,#231,#239,.T.);
#239 = CIRCLE('',#240,25.);
#240 = AXIS2_PLACEMENT_3D('',#241,#242,#243);
#241 = CARTESIAN_POINT('',(-45.,51.56,34.5));
#242 = DIRECTION('',(0.,1.,0.));
#243 = DIRECTION('',(0.,-0.,1.));
#244 = CYLINDRICAL_SURFACE('',#245,25.);
#245 = AXIS2_PLACEMENT_3D('',#246,#247,#248);
#246 = CARTESIAN_POINT('',(-45.,15.,34.5));
#247 = DIRECTION('',(0.,1.,0.));
#248 = DIRECTION('',(0.,-0.,1.));
#249 = ADVANCED_FACE('',(#250,#284,#295,#306,#317,#328,#339,#399,#433,
    #467,#478,#489,#523,#534,#545),#556,.F.);
#250 = FACE_BOUND('',#251,.F.);
#251 = EDGE_LOOP('',(#252,#262,#270,#278));
#252 = ORIENTED_EDGE('',*,*,#253,.F.);
#253 = EDGE_CURVE('',#254,#256,#258,.T.);
#254 = VERTEX_POINT('',#255);
#255 = CARTESIAN_POINT('',(-151.66,51.56,3.));
#256 = VERTEX_POINT('',#257);
#257 = CARTESIAN_POINT('',(61.66,51.56,3.));
#258 = LINE('',#259,#260);
#259 = CARTESIAN_POINT('',(-151.66,51.56,3.));
#260 = VECTOR('',#261,1.);
#261 = DIRECTION('',(1.,0.,-0.));
#262 = ORIENTED_EDGE('',*,*,#263,.T.);
#263 = EDGE_CURVE('',#254,#264,#266,.T.);
#264 = VERTEX_POINT('',#265);
#265 = CARTESIAN_POINT('',(-151.66,51.56,197.24));
#266 = LINE('',#267,#268);
#267 = CARTESIAN_POINT('',(-151.66,51.56,3.));
#268 = VECTOR('',#269,1.);
#269 = DIRECTION('',(0.,0.,1.));
#270 = ORIENTED_EDGE('',*,*,#271,.T.);
#271 = EDGE_CURVE('',#264,#272,#274,.T.);
#272 = VERTEX_POINT('',#273);
#273 = CARTESIAN_POINT('',(61.66,51.56,197.24));
#274 = LINE('',#275,#276);
#275 = CARTESIAN_POINT('',(-151.66,51.56,197.24));
#276 = VECTOR('',#277,1.);
#277 = DIRECTION('',(1.,0.,-0.));
#278 = ORIENTED_EDGE('',*,*,#279,.F.);
#279 = EDGE_CURVE('',#256,#272,#280,.T.);
#280 = LINE('',#281,#282);
#281 = CARTESIAN_POINT('',(61.66,51.56,3.));
#282 = VECTOR('',#283,1.);
#283 = DIRECTION('',(0.,0.,1.));
#284 = FACE_BOUND('',#285,.F.);
#285 = EDGE_LOOP('',(#286));
#286 = ORIENTED_EDGE('',*,*,#287,.F.);
#287 = EDGE_CURVE('',#288,#288,#290,.T.);
#288 = VERTEX_POINT('',#289);
#289 = CARTESIAN_POINT('',(-149.16,51.56,19.7));
#290 = CIRCLE('',#291,1.7);
#291 = AXIS2_PLACEMENT_3D('',#292,#293,#294);
#292 = CARTESIAN_POINT('',(-149.16,51.56,18.));
#293 = DIRECTION('',(0.,1.,0.));
#294 = DIRECTION('',(0.,-0.,1.));
#295 = FACE_BOUND('',#296,.F.);
#296 = EDGE_LOOP('',(#297));
#297 = ORIENTED_EDGE('',*,*,#298,.F.);
#298 = EDGE_CURVE('',#299,#299,#301,.T.);
#299 = VERTEX_POINT('',#300);
#300 = CARTESIAN_POINT('',(-112.06,51.56,96.46));
#301 = CIRCLE('',#302,1.7);
#302 = AXIS2_PLACEMENT_3D('',#303,#304,#305);
#303 = CARTESIAN_POINT('',(-112.06,51.56,94.76));
#304 = DIRECTION('',(0.,1.,0.));
#305 = DIRECTION('',(0.,-0.,1.));
#306 = FACE_BOUND('',#307,.F.);
#307 = EDGE_LOOP('',(#308));
#308 = ORIENTED_EDGE('',*,*,#309,.F.);
#309 = EDGE_CURVE('',#310,#310,#312,.T.);
#310 = VERTEX_POINT('',#311);
#311 = CARTESIAN_POINT('',(-149.16,51.56,101.82));
#312 = CIRCLE('',#313,1.7);
#313 = AXIS2_PLACEMENT_3D('',#314,#315,#316);
#314 = CARTESIAN_POINT('',(-149.16,51.56,100.12));
#315 = DIRECTION('',(0.,1.,0.));
#316 = DIRECTION('',(0.,-0.,1.));
#317 = FACE_BOUND('',#318,.F.);
#318 = EDGE_LOOP('',(#319));
#319 = ORIENTED_EDGE('',*,*,#320,.F.);
#320 = EDGE_CURVE('',#321,#321,#323,.T.);
#321 = VERTEX_POINT('',#322);
#322 = CARTESIAN_POINT('',(-149.16,51.56,186.94));
#323 = CIRCLE('',#324,1.7);
#324 = AXIS2_PLACEMENT_3D('',#325,#326,#327);
#325 = CARTESIAN_POINT('',(-149.16,51.56,185.24));
#326 = DIRECTION('',(0.,1.,0.));
#327 = DIRECTION('',(0.,-0.,1.));
#328 = FACE_BOUND('',#329,.F.);
#329 = EDGE_LOOP('',(#330));
#330 = ORIENTED_EDGE('',*,*,#331,.F.);
#331 = EDGE_CURVE('',#332,#332,#334,.T.);
#332 = VERTEX_POINT('',#333);
#333 = CARTESIAN_POINT('',(-112.06,51.56,167.18));
#334 = CIRCLE('',#335,1.7);
#335 = AXIS2_PLACEMENT_3D('',#336,#337,#338);
#336 = CARTESIAN_POINT('',(-112.06,51.56,165.48));
#337 = DIRECTION('',(0.,1.,0.));
#338 = DIRECTION('',(0.,-0.,1.));
#339 = FACE_BOUND('',#340,.F.);
#340 = EDGE_LOOP('',(#341,#342,#351,#358,#359,#360,#361,#368,#369,#370,
    #371,#372,#379,#380,#381,#382,#391,#398));
#341 = ORIENTED_EDGE('',*,*,#39,.F.);
#342 = ORIENTED_EDGE('',*,*,#343,.F.);
#343 = EDGE_CURVE('',#344,#40,#346,.T.);
#344 = VERTEX_POINT('',#345);
#345 = CARTESIAN_POINT('',(-62.67766952966,51.56,56.677669529664));
#346 = CIRCLE('',#347,4.5);
#347 = AXIS2_PLACEMENT_3D('',#348,#349,#350);
#348 = CARTESIAN_POINT('',(-62.67766952966,51.56,52.177669529664));
#349 = DIRECTION('',(0.,1.,0.));
#350 = DIRECTION('',(0.,-0.,1.));
#351 = ORIENTED_EDGE('',*,*,#352,.F.);
#352 = EDGE_CURVE('',#66,#344,#353,.T.);
#353 = CIRCLE('',#354,4.5);
#354 = AXIS2_PLACEMENT_3D('',#355,#356,#357);
#355 = CARTESIAN_POINT('',(-62.67766952966,51.56,52.177669529664));
#356 = DIRECTION('',(0.,1.,0.));
#357 = DIRECTION('',(0.,-0.,1.));
#358 = ORIENTED_EDGE('',*,*,#73,.F.);
#359 = ORIENTED_EDGE('',*,*,#82,.F.);
#360 = ORIENTED_EDGE('',*,*,#91,.F.);
#361 = ORIENTED_EDGE('',*,*,#362,.F.);
#362 = EDGE_CURVE('',#118,#92,#363,.T.);
#363 = CIRCLE('',#364,4.5);
#364 = AXIS2_PLACEMENT_3D('',#365,#366,#367);
#365 = CARTESIAN_POINT('',(-62.67766952966,51.56,16.822330470336));
#366 = DIRECTION('',(0.,1.,0.));
#367 = DIRECTION('',(0.,-0.,1.));
#368 = ORIENTED_EDGE('',*,*,#125,.F.);
#369 = ORIENTED_EDGE('',*,*,#134,.F.);
#370 = ORIENTED_EDGE('',*,*,#143,.F.);
#371 = ORIENTED_EDGE('',*,*,#152,.F.);
#372 = ORIENTED_EDGE('',*,*,#373,.F.);
#373 = EDGE_CURVE('',#179,#153,#374,.T.);
#374 = CIRCLE('',#375,4.5);
#375 = AXIS2_PLACEMENT_3D('',#376,#377,#378);
#376 = CARTESIAN_POINT('',(-27.32233047033,51.56,16.822330470336));
#377 = DIRECTION('',(0.,1.,0.));
#378 = DIRECTION('',(0.,-0.,1.));
#379 = ORIENTED_EDGE('',*,*,#186,.F.);
#380 = ORIENTED_EDGE('',*,*,#195,.F.);
#381 = ORIENTED_EDGE('',*,*,#204,.F.);
#382 = ORIENTED_EDGE('',*,*,#383,.F.);
#383 = EDGE_CURVE('',#384,#205,#386,.T.);
#384 = VERTEX_POINT('',#385);
#385 = CARTESIAN_POINT('',(-27.32233047033,51.56,56.677669529664));
#386 = CIRCLE('',#387,4.5);
#387 = AXIS2_PLACEMENT_3D('',#388,#389,#390);
#388 = CARTESIAN_POINT('',(-27.32233047033,51.56,52.177669529664));
#389 = DIRECTION('',(0.,1.,0.));
#390 = DIRECTION('',(0.,-0.,1.));
#391 = ORIENTED_EDGE('',*,*,#392,.F.);
#392 = EDGE_CURVE('',#231,#384,#393,.T.);
#393 = CIRCLE('',#394,4.5);
#394 = AXIS2_PLACEMENT_3D('',#395,#396,#397);
#395 = CARTESIAN_POINT('',(-27.32233047033,51.56,52.177669529664));
#396 = DIRECTION('',(0.,1.,0.));
#397 = DIRECTION('',(0.,-0.,1.));
#398 = ORIENTED_EDGE('',*,*,#238,.F.);
#399 = FACE_BOUND('',#400,.F.);
#400 = EDGE_LOOP('',(#401,#411,#419,#427));
#401 = ORIENTED_EDGE('',*,*,#402,.F.);
#402 = EDGE_CURVE('',#403,#405,#407,.T.);
#403 = VERTEX_POINT('',#404);
#404 = CARTESIAN_POINT('',(-19.,51.56,21.5));
#405 = VERTEX_POINT('',#406);
#406 = CARTESIAN_POINT('',(-19.,51.56,47.5));
#407 = LINE('',#408,#409);
#408 = CARTESIAN_POINT('',(-19.,51.56,21.5));
#409 = VECTOR('',#410,1.);
#410 = DIRECTION('',(0.,0.,1.));
#411 = ORIENTED_EDGE('',*,*,#412,.T.);
#412 = EDGE_CURVE('',#403,#413,#415,.T.);
#413 = VERTEX_POINT('',#414);
#414 = CARTESIAN_POINT('',(10.,51.56,21.5));
#415 = LINE('',#416,#417);
#416 = CARTESIAN_POINT('',(-19.,51.56,21.5));
#417 = VECTOR('',#418,1.);
#418 = DIRECTION('',(1.,0.,-0.));
#419 = ORIENTED_EDGE('',*,*,#420,.T.);
#420 = EDGE_CURVE('',#413,#421,#423,.T.);
#421 = VERTEX_POINT('',#422);
#422 = CARTESIAN_POINT('',(10.,51.56,47.5));
#423 = LINE('',#424,#425);
#424 = CARTESIAN_POINT('',(10.,51.56,21.5));
#425 = VECTOR('',#426,1.);
#426 = DIRECTION('',(0.,0.,1.));
#427 = ORIENTED_EDGE('',*,*,#428,.F.);
#428 = EDGE_CURVE('',#405,#421,#429,.T.);
#429 = LINE('',#430,#431);
#430 = CARTESIAN_POINT('',(-19.,51.56,47.5));
#431 = VECTOR('',#432,1.);
#432 = DIRECTION('',(1.,0.,-0.));
#433 = FACE_BOUND('',#434,.F.);
#434 = EDGE_LOOP('',(#435,#445,#453,#461));
#435 = ORIENTED_EDGE('',*,*,#436,.T.);
#436 = EDGE_CURVE('',#437,#439,#441,.T.);
#437 = VERTEX_POINT('',#438);
#438 = CARTESIAN_POINT('',(12.,51.56,26.5));
#439 = VERTEX_POINT('',#440);
#440 = CARTESIAN_POINT('',(41.,51.56,26.5));
#441 = LINE('',#442,#443);
#442 = CARTESIAN_POINT('',(12.,51.56,26.5));
#443 = VECTOR('',#444,1.);
#444 = DIRECTION('',(1.,0.,-0.));
#445 = ORIENTED_EDGE('',*,*,#446,.T.);
#446 = EDGE_CURVE('',#439,#447,#449,.T.);
#447 = VERTEX_POINT('',#448);
#448 = CARTESIAN_POINT('',(41.,51.56,42.5));
#449 = LINE('',#450,#451);
#450 = CARTESIAN_POINT('',(41.,51.56,26.5));
#451 = VECTOR('',#452,1.);
#452 = DIRECTION('',(0.,0.,1.));
#453 = ORIENTED_EDGE('',*,*,#454,.F.);
#454 = EDGE_CURVE('',#455,#447,#457,.T.);
#455 = VERTEX_POINT('',#456);
#456 = CARTESIAN_POINT('',(12.,51.56,42.5));
#457 = LINE('',#458,#459);
#458 = CARTESIAN_POINT('',(12.,51.56,42.5));
#459 = VECTOR('',#460,1.);
#460 = DIRECTION('',(1.,0.,-0.));
#461 = ORIENTED_EDGE('',*,*,#462,.F.);
#462 = EDGE_CURVE('',#437,#455,#463,.T.);
#463 = LINE('',#464,#465);
#464 = CARTESIAN_POINT('',(12.,51.56,26.5));
#465 = VECTOR('',#466,1.);
#466 = DIRECTION('',(0.,0.,1.));
#467 = FACE_BOUND('',#468,.F.);
#468 = EDGE_LOOP('',(#469));
#469 = ORIENTED_EDGE('',*,*,#470,.F.);
#470 = EDGE_CURVE('',#471,#471,#473,.T.);
#471 = VERTEX_POINT('',#472);
#472 = CARTESIAN_POINT('',(59.16,51.56,19.7));
#473 = CIRCLE('',#474,1.7);
#474 = AXIS2_PLACEMENT_3D('',#475,#476,#477);
#475 = CARTESIAN_POINT('',(59.16,51.56,18.));
#476 = DIRECTION('',(0.,1.,0.));
#477 = DIRECTION('',(0.,-0.,1.));
#478 = FACE_BOUND('',#479,.F.);
#479 = EDGE_LOOP('',(#480));
#480 = ORIENTED_EDGE('',*,*,#481,.F.);
#481 = EDGE_CURVE('',#482,#482,#484,.T.);
#482 = VERTEX_POINT('',#483);
#483 = CARTESIAN_POINT('',(27.94,51.56,96.46));
#484 = CIRCLE('',#485,1.7);
#485 = AXIS2_PLACEMENT_3D('',#486,#487,#488);
#486 = CARTESIAN_POINT('',(27.94,51.56,94.76));
#487 = DIRECTION('',(0.,1.,0.));
#488 = DIRECTION('',(0.,-0.,1.));
#489 = FACE_BOUND('',#490,.F.);
#490 = EDGE_LOOP('',(#491,#501,#509,#517));
#491 = ORIENTED_EDGE('',*,*,#492,.F.);
#492 = EDGE_CURVE('',#493,#495,#497,.T.);
#493 = VERTEX_POINT('',#494);
#494 = CARTESIAN_POINT('',(-14.,51.56,142.12));
#495 = VERTEX_POINT('',#496);
#496 = CARTESIAN_POINT('',(-12.,51.56,142.12));
#497 = LINE('',#498,#499);
#498 = CARTESIAN_POINT('',(-82.83,51.56,142.12));
#499 = VECTOR('',#500,1.);
#500 = DIRECTION('',(1.,0.,-0.));
#501 = ORIENTED_EDGE('',*,*,#502,.T.);
#502 = EDGE_CURVE('',#493,#503,#505,.T.);
#503 = VERTEX_POINT('',#504);
#504 = CARTESIAN_POINT('',(-14.,51.56,118.12));
#505 = LINE('',#506,#507);
#506 = CARTESIAN_POINT('',(-14.,51.56,60.56));
#507 = VECTOR('',#508,1.);
#508 = DIRECTION('',(-0.,0.,-1.));
#509 = ORIENTED_EDGE('',*,*,#510,.T.);
#510 = EDGE_CURVE('',#503,#511,#513,.T.);
#511 = VERTEX_POINT('',#512);
#512 = CARTESIAN_POINT('',(-12.,51.56,118.12));
#513 = LINE('',#514,#515);
#514 = CARTESIAN_POINT('',(-82.83,51.56,118.12));
#515 = VECTOR('',#516,1.);
#516 = DIRECTION('',(1.,0.,-0.));
#517 = ORIENTED_EDGE('',*,*,#518,.F.);
#518 = EDGE_CURVE('',#495,#511,#519,.T.);
#519 = LINE('',#520,#521);
#520 = CARTESIAN_POINT('',(-12.,51.56,66.56));
#521 = VECTOR('',#522,1.);
#522 = DIRECTION('',(-0.,0.,-1.));
#523 = FACE_BOUND('',#524,.F.);
#524 = EDGE_LOOP('',(#525));
#525 = ORIENTED_EDGE('',*,*,#526,.F.);
#526 = EDGE_CURVE('',#527,#527,#529,.T.);
#527 = VERTEX_POINT('',#528);
#528 = CARTESIAN_POINT('',(59.16,51.56,101.82));
#529 = CIRCLE('',#530,1.7);
#530 = AXIS2_PLACEMENT_3D('',#531,#532,#533);
#531 = CARTESIAN_POINT('',(59.16,51.56,100.12));
#532 = DIRECTION('',(0.,1.,0.));
#533 = DIRECTION('',(0.,-0.,1.));
#534 = FACE_BOUND('',#535,.F.);
#535 = EDGE_LOOP('',(#536));
#536 = ORIENTED_EDGE('',*,*,#537,.F.);
#537 = EDGE_CURVE('',#538,#538,#540,.T.);
#538 = VERTEX_POINT('',#539);
#539 = CARTESIAN_POINT('',(27.94,51.56,167.18));
#540 = CIRCLE('',#541,1.7);
#541 = AXIS2_PLACEMENT_3D('',#542,#543,#544);
#542 = CARTESIAN_POINT('',(27.94,51.56,165.48));
#543 = DIRECTION('',(0.,1.,0.));
#544 = DIRECTION('',(0.,-0.,1.));
#545 = FACE_BOUND('',#546,.F.);
#546 = EDGE_LOOP('',(#547));
#547 = ORIENTED_EDGE('',*,*,#548,.F.);
#548 = EDGE_CURVE('',#549,#549,#551,.T.);
#549 = VERTEX_POINT('',#550);
#550 = CARTESIAN_POINT('',(59.16,51.56,186.94));
#551 = CIRCLE('',#552,1.7);
#552 = AXIS2_PLACEMENT_3D('',#553,#554,#555);
#553 = CARTESIAN_POINT('',(59.16,51.56,185.24));
#554 = DIRECTION('',(0.,1.,0.));
#555 = DIRECTION('',(0.,-0.,1.));
#556 = PLANE('',#557);
#557 = AXIS2_PLACEMENT_3D('',#558,#559,#560);
#558 = CARTESIAN_POINT('',(-151.66,51.56,3.));
#559 = DIRECTION('',(-0.,1.,0.));
#560 = DIRECTION('',(0.,0.,1.));
#561 = ADVANCED_FACE('',(#562),#584,.T.);
#562 = FACE_BOUND('',#563,.T.);
#563 = EDGE_LOOP('',(#564,#573,#574,#575,#576,#577));
#564 = ORIENTED_EDGE('',*,*,#565,.T.);
#565 = EDGE_CURVE('',#566,#214,#568,.T.);
#566 = VERTEX_POINT('',#567);
#567 = CARTESIAN_POINT('',(-27.32233047033,47.46,56.677669529664));
#568 = CIRCLE('',#569,4.5);
#569 = AXIS2_PLACEMENT_3D('',#570,#571,#572);
#570 = CARTESIAN_POINT('',(-27.32233047033,47.46,52.177669529664));
#571 = DIRECTION('',(0.,1.,0.));
#572 = DIRECTION('',(0.,-0.,1.));
#573 = ORIENTED_EDGE('',*,*,#213,.T.);
#574 = ORIENTED_EDGE('',*,*,#383,.F.);
#575 = ORIENTED_EDGE('',*,*,#392,.F.);
#576 = ORIENTED_EDGE('',*,*,#230,.F.);
#577 = ORIENTED_EDGE('',*,*,#578,.T.);
#578 = EDGE_CURVE('',#222,#566,#579,.T.);
#579 = CIRCLE('',#580,4.5);
#580 = AXIS2_PLACEMENT_3D('',#581,#582,#583);
#581 = CARTESIAN_POINT('',(-27.32233047033,47.46,52.177669529664));
#582 = DIRECTION('',(0.,1.,0.));
#583 = DIRECTION('',(0.,-0.,1.));
#584 = CYLINDRICAL_SURFACE('',#585,4.5);
#585 = AXIS2_PLACEMENT_3D('',#586,#587,#588);
#586 = CARTESIAN_POINT('',(-27.32233047033,47.46,52.177669529664));
#587 = DIRECTION('',(0.,1.,0.));
#588 = DIRECTION('',(0.,-0.,1.));
#589 = ADVANCED_FACE('',(#590),#595,.F.);
#590 = FACE_BOUND('',#591,.F.);
#591 = EDGE_LOOP('',(#592,#593,#594));
#592 = ORIENTED_EDGE('',*,*,#578,.T.);
#593 = ORIENTED_EDGE('',*,*,#565,.T.);
#594 = ORIENTED_EDGE('',*,*,#221,.F.);
#595 = PLANE('',#596);
#596 = AXIS2_PLACEMENT_3D('',#597,#598,#599);
#597 = CARTESIAN_POINT('',(-27.32233047033,47.46,52.177669529664));
#598 = DIRECTION('',(0.,1.,0.));
#599 = DIRECTION('',(0.,-0.,1.));
#600 = ADVANCED_FACE('',(#601),#613,.T.);
#601 = FACE_BOUND('',#602,.T.);
#602 = EDGE_LOOP('',(#603,#604,#611,#612));
#603 = ORIENTED_EDGE('',*,*,#178,.F.);
#604 = ORIENTED_EDGE('',*,*,#605,.T.);
#605 = EDGE_CURVE('',#170,#162,#606,.T.);
#606 = CIRCLE('',#607,4.5);
#607 = AXIS2_PLACEMENT_3D('',#608,#609,#610);
#608 = CARTESIAN_POINT('',(-27.32233047033,47.46,16.822330470336));
#609 = DIRECTION('',(0.,1.,0.));
#610 = DIRECTION('',(0.,-0.,1.));
#611 = ORIENTED_EDGE('',*,*,#161,.T.);
#612 = ORIENTED_EDGE('',*,*,#373,.F.);
#613 = CYLINDRICAL_SURFACE('',#614,4.5);
#614 = AXIS2_PLACEMENT_3D('',#615,#616,#617);
#615 = CARTESIAN_POINT('',(-27.32233047033,47.46,16.822330470336));
#616 = DIRECTION('',(0.,1.,0.));
#617 = DIRECTION('',(0.,-0.,1.));
#618 = ADVANCED_FACE('',(#619),#623,.F.);
#619 = FACE_BOUND('',#620,.F.);
#620 = EDGE_LOOP('',(#621,#622));
#621 = ORIENTED_EDGE('',*,*,#169,.F.);
#622 = ORIENTED_EDGE('',*,*,#605,.T.);
#623 = PLANE('',#624);
#624 = AXIS2_PLACEMENT_3D('',#625,#626,#627);
#625 = CARTESIAN_POINT('',(-27.32233047033,47.46,16.822330470336));
#626 = DIRECTION('',(0.,1.,0.));
#627 = DIRECTION('',(0.,-0.,1.));
#628 = ADVANCED_FACE('',(#629),#641,.T.);
#629 = FACE_BOUND('',#630,.T.);
#630 = EDGE_LOOP('',(#631,#632,#639,#640));
#631 = ORIENTED_EDGE('',*,*,#117,.F.);
#632 = ORIENTED_EDGE('',*,*,#633,.T.);
#633 = EDGE_CURVE('',#109,#101,#634,.T.);
#634 = CIRCLE('',#635,4.5);
#635 = AXIS2_PLACEMENT_3D('',#636,#637,#638);
#636 = CARTESIAN_POINT('',(-62.67766952966,47.46,16.822330470336));
#637 = DIRECTION('',(0.,1.,0.));
#638 = DIRECTION('',(0.,-0.,1.));
#639 = ORIENTED_EDGE('',*,*,#100,.T.);
#640 = ORIENTED_EDGE('',*,*,#362,.F.);
#641 = CYLINDRICAL_SURFACE('',#642,4.5);
#642 = AXIS2_PLACEMENT_3D('',#643,#644,#645);
#643 = CARTESIAN_POINT('',(-62.67766952966,47.46,16.822330470336));
#644 = DIRECTION('',(0.,1.,0.));
#645 = DIRECTION('',(0.,-0.,1.));
#646 = ADVANCED_FACE('',(#647),#651,.F.);
#647 = FACE_BOUND('',#648,.F.);
#648 = EDGE_LOOP('',(#649,#650));
#649 = ORIENTED_EDGE('',*,*,#633,.T.);
#650 = ORIENTED_EDGE('',*,*,#108,.F.);
#651 = PLANE('',#652);
#652 = AXIS2_PLACEMENT_3D('',#653,#654,#655);
#653 = CARTESIAN_POINT('',(-62.67766952966,47.46,16.822330470336));
#654 = DIRECTION('',(0.,1.,0.));
#655 = DIRECTION('',(0.,-0.,1.));
#656 = ADVANCED_FACE('',(#657),#679,.T.);
#657 = FACE_BOUND('',#658,.T.);
#658 = EDGE_LOOP('',(#659,#668,#669,#670,#671,#672));
#659 = ORIENTED_EDGE('',*,*,#660,.T.);
#660 = EDGE_CURVE('',#661,#49,#663,.T.);
#661 = VERTEX_POINT('',#662);
#662 = CARTESIAN_POINT('',(-62.67766952966,47.46,56.677669529664));
#663 = CIRCLE('',#664,4.5);
#664 = AXIS2_PLACEMENT_3D('',#665,#666,#667);
#665 = CARTESIAN_POINT('',(-62.67766952966,47.46,52.177669529664));
#666 = DIRECTION('',(0.,1.,0.));
#667 = DIRECTION('',(0.,-0.,1.));
#668 = ORIENTED_EDGE('',*,*,#48,.T.);
#669 = ORIENTED_EDGE('',*,*,#343,.F.);
#670 = ORIENTED_EDGE('',*,*,#352,.F.);
#671 = ORIENTED_EDGE('',*,*,#65,.F.);
#672 = ORIENTED_EDGE('',*,*,#673,.T.);
#673 = EDGE_CURVE('',#57,#661,#674,.T.);
#674 = CIRCLE('',#675,4.5);
#675 = AXIS2_PLACEMENT_3D('',#676,#677,#678);
#676 = CARTESIAN_POINT('',(-62.67766952966,47.46,52.177669529664));
#677 = DIRECTION('',(0.,1.,0.));
#678 = DIRECTION('',(0.,-0.,1.));
#679 = CYLINDRICAL_SURFACE('',#680,4.5);
#680 = AXIS2_PLACEMENT_3D('',#681,#682,#683);
#681 = CARTESIAN_POINT('',(-62.67766952966,47.46,52.177669529664));
#682 = DIRECTION('',(0.,1.,0.));
#683 = DIRECTION('',(0.,-0.,1.));
#684 = ADVANCED_FACE('',(#685),#690,.F.);
#685 = FACE_BOUND('',#686,.F.);
#686 = EDGE_LOOP('',(#687,#688,#689));
#687 = ORIENTED_EDGE('',*,*,#673,.T.);
#688 = ORIENTED_EDGE('',*,*,#660,.T.);
#689 = ORIENTED_EDGE('',*,*,#56,.F.);
#690 = PLANE('',#691);
#691 = AXIS2_PLACEMENT_3D('',#692,#693,#694);
#692 = CARTESIAN_POINT('',(-62.67766952966,47.46,52.177669529664));
#693 = DIRECTION('',(0.,1.,0.));
#694 = DIRECTION('',(0.,-0.,1.));
#695 = ADVANCED_FACE('',(#696,#699),#710,.F.);
#696 = FACE_BOUND('',#697,.F.);
#697 = EDGE_LOOP('',(#698));
#698 = ORIENTED_EDGE('',*,*,#31,.T.);
#699 = FACE_BOUND('',#700,.F.);
#700 = EDGE_LOOP('',(#701));
#701 = ORIENTED_EDGE('',*,*,#702,.F.);
#702 = EDGE_CURVE('',#703,#703,#705,.T.);
#703 = VERTEX_POINT('',#704);
#704 = CARTESIAN_POINT('',(-45.,15.,54.5));
#705 = CIRCLE('',#706,20.);
#706 = AXIS2_PLACEMENT_3D('',#707,#708,#709);
#707 = CARTESIAN_POINT('',(-45.,15.,34.5));
#708 = DIRECTION('',(0.,1.,0.));
#709 = DIRECTION('',(0.,-0.,1.));
#710 = PLANE('',#711);
#711 = AXIS2_PLACEMENT_3D('',#712,#713,#714);
#712 = CARTESIAN_POINT('',(-45.,15.,34.5));
#713 = DIRECTION('',(0.,1.,0.));
#714 = DIRECTION('',(0.,-0.,1.));
#715 = ADVANCED_FACE('',(#716,#741),#775,.T.);
#716 = FACE_BOUND('',#717,.T.);
#717 = EDGE_LOOP('',(#718,#726,#734,#740));
#718 = ORIENTED_EDGE('',*,*,#719,.F.);
#719 = EDGE_CURVE('',#720,#254,#722,.T.);
#720 = VERTEX_POINT('',#721);
#721 = CARTESIAN_POINT('',(-151.66,3.,3.));
#722 = LINE('',#723,#724);
#723 = CARTESIAN_POINT('',(-151.66,2.,3.));
#724 = VECTOR('',#725,1.);
#725 = DIRECTION('',(-0.,1.,0.));
#726 = ORIENTED_EDGE('',*,*,#727,.T.);
#727 = EDGE_CURVE('',#720,#728,#730,.T.);
#728 = VERTEX_POINT('',#729);
#729 = CARTESIAN_POINT('',(61.66,3.,3.));
#730 = LINE('',#731,#732);
#731 = CARTESIAN_POINT('',(-153.16,3.,3.));
#732 = VECTOR('',#733,1.);
#733 = DIRECTION('',(1.,0.,-0.));
#734 = ORIENTED_EDGE('',*,*,#735,.T.);
#735 = EDGE_CURVE('',#728,#256,#736,.T.);
#736 = LINE('',#737,#738);
#737 = CARTESIAN_POINT('',(61.66,2.,3.));
#738 = VECTOR('',#739,1.);
#739 = DIRECTION('',(-0.,1.,0.));
#740 = ORIENTED_EDGE('',*,*,#253,.F.);
#741 = FACE_BOUND('',#742,.T.);
#742 = EDGE_LOOP('',(#743,#753,#761,#769));
#743 = ORIENTED_EDGE('',*,*,#744,.T.);
#744 = EDGE_CURVE('',#745,#747,#749,.T.);
#745 = VERTEX_POINT('',#746);
#746 = CARTESIAN_POINT('',(-97.,7.,3.));
#747 = VERTEX_POINT('',#748);
#748 = CARTESIAN_POINT('',(-113.,7.,3.));
#749 = LINE('',#750,#751);
#750 = CARTESIAN_POINT('',(-132.33,7.,3.));
#751 = VECTOR('',#752,1.);
#752 = DIRECTION('',(-1.,-0.,0.));
#753 = ORIENTED_EDGE('',*,*,#754,.T.);
#754 = EDGE_CURVE('',#747,#755,#757,.T.);
#755 = VERTEX_POINT('',#756);
#756 = CARTESIAN_POINT('',(-113.,17.,3.));
#757 = LINE('',#758,#759);
#758 = CARTESIAN_POINT('',(-113.,4.5,3.));
#759 = VECTOR('',#760,1.);
#760 = DIRECTION('',(-0.,1.,0.));
#761 = ORIENTED_EDGE('',*,*,#762,.F.);
#762 = EDGE_CURVE('',#763,#755,#765,.T.);
#763 = VERTEX_POINT('',#764);
#764 = CARTESIAN_POINT('',(-97.,17.,3.));
#765 = LINE('',#766,#767);
#766 = CARTESIAN_POINT('',(-132.33,17.,3.));
#767 = VECTOR('',#768,1.);
#768 = DIRECTION('',(-1.,-0.,0.));
#769 = ORIENTED_EDGE('',*,*,#770,.F.);
#770 = EDGE_CURVE('',#745,#763,#771,.T.);
#771 = LINE('',#772,#773);
#772 = CARTESIAN_POINT('',(-97.,4.5,3.));
#773 = VECTOR('',#774,1.);
#774 = DIRECTION('',(-0.,1.,0.));
#775 = PLANE('',#776);
#776 = AXIS2_PLACEMENT_3D('',#777,#778,#779);
#777 = CARTESIAN_POINT('',(-151.66,2.,3.));
#778 = DIRECTION('',(0.,0.,1.));
#779 = DIRECTION('',(1.,0.,-0.));
#780 = ADVANCED_FACE('',(#781,#799,#810,#821,#832),#843,.F.);
#781 = FACE_BOUND('',#782,.F.);
#782 = EDGE_LOOP('',(#783,#791,#797,#798));
#783 = ORIENTED_EDGE('',*,*,#784,.F.);
#784 = EDGE_CURVE('',#785,#272,#787,.T.);
#785 = VERTEX_POINT('',#786);
#786 = CARTESIAN_POINT('',(61.66,3.,197.24));
#787 = LINE('',#788,#789);
#788 = CARTESIAN_POINT('',(61.66,2.,197.24));
#789 = VECTOR('',#790,1.);
#790 = DIRECTION('',(-0.,1.,0.));
#791 = ORIENTED_EDGE('',*,*,#792,.T.);
#792 = EDGE_CURVE('',#785,#728,#793,.T.);
#793 = LINE('',#794,#795);
#794 = CARTESIAN_POINT('',(61.66,3.,1.5));
#795 = VECTOR('',#796,1.);
#796 = DIRECTION('',(-0.,0.,-1.));
#797 = ORIENTED_EDGE('',*,*,#735,.T.);
#798 = ORIENTED_EDGE('',*,*,#279,.T.);
#799 = FACE_BOUND('',#800,.F.);
#800 = EDGE_LOOP('',(#801));
#801 = ORIENTED_EDGE('',*,*,#802,.F.);
#802 = EDGE_CURVE('',#803,#803,#805,.T.);
#803 = VERTEX_POINT('',#804);
#804 = CARTESIAN_POINT('',(61.66,18.,25.7));
#805 = CIRCLE('',#806,1.7);
#806 = AXIS2_PLACEMENT_3D('',#807,#808,#809);
#807 = CARTESIAN_POINT('',(61.66,18.,24.));
#808 = DIRECTION('',(1.,0.,0.));
#809 = DIRECTION('',(-0.,0.,1.));
#810 = FACE_BOUND('',#811,.F.);
#811 = EDGE_LOOP('',(#812));
#812 = ORIENTED_EDGE('',*,*,#813,.F.);
#813 = EDGE_CURVE('',#814,#814,#816,.T.);
#814 = VERTEX_POINT('',#815);
#815 = CARTESIAN_POINT('',(61.66,18.,36.2));
#816 = CIRCLE('',#817,1.7);
#817 = AXIS2_PLACEMENT_3D('',#818,#819,#820);
#818 = CARTESIAN_POINT('',(61.66,18.,34.5));
#819 = DIRECTION('',(1.,0.,0.));
#820 = DIRECTION('',(-0.,0.,1.));
#821 = FACE_BOUND('',#822,.F.);
#822 = EDGE_LOOP('',(#823));
#823 = ORIENTED_EDGE('',*,*,#824,.F.);
#824 = EDGE_CURVE('',#825,#825,#827,.T.);
#825 = VERTEX_POINT('',#826);
#826 = CARTESIAN_POINT('',(61.66,18.,111.82));
#827 = CIRCLE('',#828,1.7);
#828 = AXIS2_PLACEMENT_3D('',#829,#830,#831);
#829 = CARTESIAN_POINT('',(61.66,18.,110.12));
#830 = DIRECTION('',(1.,0.,0.));
#831 = DIRECTION('',(-0.,0.,1.));
#832 = FACE_BOUND('',#833,.F.);
#833 = EDGE_LOOP('',(#834));
#834 = ORIENTED_EDGE('',*,*,#835,.F.);
#835 = EDGE_CURVE('',#836,#836,#838,.T.);
#836 = VERTEX_POINT('',#837);
#837 = CARTESIAN_POINT('',(61.66,18.,180.94));
#838 = CIRCLE('',#839,1.7);
#839 = AXIS2_PLACEMENT_3D('',#840,#841,#842);
#840 = CARTESIAN_POINT('',(61.66,18.,179.24));
#841 = DIRECTION('',(1.,0.,0.));
#842 = DIRECTION('',(-0.,0.,1.));
#843 = PLANE('',#844);
#844 = AXIS2_PLACEMENT_3D('',#845,#846,#847);
#845 = CARTESIAN_POINT('',(61.66,2.,3.));
#846 = DIRECTION('',(1.,0.,-0.));
#847 = DIRECTION('',(0.,0.,1.));
#848 = ADVANCED_FACE('',(#849),#867,.T.);
#849 = FACE_BOUND('',#850,.T.);
#850 = EDGE_LOOP('',(#851,#859,#865,#866));
#851 = ORIENTED_EDGE('',*,*,#852,.F.);
#852 = EDGE_CURVE('',#853,#264,#855,.T.);
#853 = VERTEX_POINT('',#854);
#854 = CARTESIAN_POINT('',(-151.66,3.,197.24));
#855 = LINE('',#856,#857);
#856 = CARTESIAN_POINT('',(-151.66,2.,197.24));
#857 = VECTOR('',#858,1.);
#858 = DIRECTION('',(-0.,1.,0.));
#859 = ORIENTED_EDGE('',*,*,#860,.T.);
#860 = EDGE_CURVE('',#853,#720,#861,.T.);
#861 = LINE('',#862,#863);
#862 = CARTESIAN_POINT('',(-151.66,3.,1.5));
#863 = VECTOR('',#864,1.);
#864 = DIRECTION('',(-0.,0.,-1.));
#865 = ORIENTED_EDGE('',*,*,#719,.T.);
#866 = ORIENTED_EDGE('',*,*,#263,.T.);
#867 = PLANE('',#868);
#868 = AXIS2_PLACEMENT_3D('',#869,#870,#871);
#869 = CARTESIAN_POINT('',(-151.66,2.,3.));
#870 = DIRECTION('',(1.,0.,-0.));
#871 = DIRECTION('',(0.,0.,1.));
#872 = ADVANCED_FACE('',(#873),#884,.F.);
#873 = FACE_BOUND('',#874,.F.);
#874 = EDGE_LOOP('',(#875,#876,#882,#883));
#875 = ORIENTED_EDGE('',*,*,#852,.F.);
#876 = ORIENTED_EDGE('',*,*,#877,.T.);
#877 = EDGE_CURVE('',#853,#785,#878,.T.);
#878 = LINE('',#879,#880);
#879 = CARTESIAN_POINT('',(-153.16,3.,197.24));
#880 = VECTOR('',#881,1.);
#881 = DIRECTION('',(1.,0.,-0.));
#882 = ORIENTED_EDGE('',*,*,#784,.T.);
#883 = ORIENTED_EDGE('',*,*,#271,.F.);
#884 = PLANE('',#885);
#885 = AXIS2_PLACEMENT_3D('',#886,#887,#888);
#886 = CARTESIAN_POINT('',(-151.66,2.,197.24));
#887 = DIRECTION('',(0.,0.,1.));
#888 = DIRECTION('',(1.,0.,-0.));
#889 = ADVANCED_FACE('',(#890),#918,.F.);
#890 = FACE_BOUND('',#891,.F.);
#891 = EDGE_LOOP('',(#892,#903,#909,#910,#911));
#892 = ORIENTED_EDGE('',*,*,#893,.T.);
#893 = EDGE_CURVE('',#894,#896,#898,.T.);
#894 = VERTEX_POINT('',#895);
#895 = CARTESIAN_POINT('',(-149.16,51.96,16.3));
#896 = VERTEX_POINT('',#897);
#897 = CARTESIAN_POINT('',(-149.16,51.96,19.7));
#898 = CIRCLE('',#899,1.7);
#899 = AXIS2_PLACEMENT_3D('',#900,#901,#902);
#900 = CARTESIAN_POINT('',(-149.16,51.96,18.));
#901 = DIRECTION('',(0.,-1.,0.));
#902 = DIRECTION('',(0.,-0.,-1.));
#903 = ORIENTED_EDGE('',*,*,#904,.F.);
#904 = EDGE_CURVE('',#288,#896,#905,.T.);
#905 = LINE('',#906,#907);
#906 = CARTESIAN_POINT('',(-149.16,49.56,19.7));
#907 = VECTOR('',#908,1.);
#908 = DIRECTION('',(0.,1.,0.));
#909 = ORIENTED_EDGE('',*,*,#287,.T.);
#910 = ORIENTED_EDGE('',*,*,#904,.T.);
#911 = ORIENTED_EDGE('',*,*,#912,.T.);
#912 = EDGE_CURVE('',#896,#894,#913,.T.);
#913 = CIRCLE('',#914,1.7);
#914 = AXIS2_PLACEMENT_3D('',#915,#916,#917);
#915 = CARTESIAN_POINT('',(-149.16,51.96,18.));
#916 = DIRECTION('',(0.,-1.,0.));
#917 = DIRECTION('',(0.,-0.,-1.));
#918 = CYLINDRICAL_SURFACE('',#919,1.7);
#919 = AXIS2_PLACEMENT_3D('',#920,#921,#922);
#920 = CARTESIAN_POINT('',(-149.16,49.56,18.));
#921 = DIRECTION('',(0.,1.,0.));
#922 = DIRECTION('',(0.,-0.,1.));
#923 = ADVANCED_FACE('',(#924),#952,.F.);
#924 = FACE_BOUND('',#925,.F.);
#925 = EDGE_LOOP('',(#926,#937,#943,#944,#945));
#926 = ORIENTED_EDGE('',*,*,#927,.T.);
#927 = EDGE_CURVE('',#928,#930,#932,.T.);
#928 = VERTEX_POINT('',#929);
#929 = CARTESIAN_POINT('',(-112.06,51.96,93.06));
#930 = VERTEX_POINT('',#931);
#931 = CARTESIAN_POINT('',(-112.06,51.96,96.46));
#932 = CIRCLE('',#933,1.7);
#933 = AXIS2_PLACEMENT_3D('',#934,#935,#936);
#934 = CARTESIAN_POINT('',(-112.06,51.96,94.76));
#935 = DIRECTION('',(0.,-1.,0.));
#936 = DIRECTION('',(0.,-0.,-1.));
#937 = ORIENTED_EDGE('',*,*,#938,.F.);
#938 = EDGE_CURVE('',#299,#930,#939,.T.);
#939 = LINE('',#940,#941);
#940 = CARTESIAN_POINT('',(-112.06,49.56,96.46));
#941 = VECTOR('',#942,1.);
#942 = DIRECTION('',(0.,1.,0.));
#943 = ORIENTED_EDGE('',*,*,#298,.T.);
#944 = ORIENTED_EDGE('',*,*,#938,.T.);
#945 = ORIENTED_EDGE('',*,*,#946,.T.);
#946 = EDGE_CURVE('',#930,#928,#947,.T.);
#947 = CIRCLE('',#948,1.7);
#948 = AXIS2_PLACEMENT_3D('',#949,#950,#951);
#949 = CARTESIAN_POINT('',(-112.06,51.96,94.76));
#950 = DIRECTION('',(0.,-1.,0.));
#951 = DIRECTION('',(0.,-0.,-1.));
#952 = CYLINDRICAL_SURFACE('',#953,1.7);
#953 = AXIS2_PLACEMENT_3D('',#954,#955,#956);
#954 = CARTESIAN_POINT('',(-112.06,49.56,94.76));
#955 = DIRECTION('',(0.,1.,0.));
#956 = DIRECTION('',(0.,-0.,1.));
#957 = ADVANCED_FACE('',(#958),#986,.F.);
#958 = FACE_BOUND('',#959,.F.);
#959 = EDGE_LOOP('',(#960,#971,#977,#978,#979));
#960 = ORIENTED_EDGE('',*,*,#961,.T.);
#961 = EDGE_CURVE('',#962,#964,#966,.T.);
#962 = VERTEX_POINT('',#963);
#963 = CARTESIAN_POINT('',(-149.16,51.96,98.42));
#964 = VERTEX_POINT('',#965);
#965 = CARTESIAN_POINT('',(-149.16,51.96,101.82));
#966 = CIRCLE('',#967,1.7);
#967 = AXIS2_PLACEMENT_3D('',#968,#969,#970);
#968 = CARTESIAN_POINT('',(-149.16,51.96,100.12));
#969 = DIRECTION('',(0.,-1.,0.));
#970 = DIRECTION('',(0.,-0.,-1.));
#971 = ORIENTED_EDGE('',*,*,#972,.F.);
#972 = EDGE_CURVE('',#310,#964,#973,.T.);
#973 = LINE('',#974,#975);
#974 = CARTESIAN_POINT('',(-149.16,49.56,101.82));
#975 = VECTOR('',#976,1.);
#976 = DIRECTION('',(0.,1.,0.));
#977 = ORIENTED_EDGE('',*,*,#309,.T.);
#978 = ORIENTED_EDGE('',*,*,#972,.T.);
#979 = ORIENTED_EDGE('',*,*,#980,.T.);
#980 = EDGE_CURVE('',#964,#962,#981,.T.);
#981 = CIRCLE('',#982,1.7);
#982 = AXIS2_PLACEMENT_3D('',#983,#984,#985);
#983 = CARTESIAN_POINT('',(-149.16,51.96,100.12));
#984 = DIRECTION('',(0.,-1.,0.));
#985 = DIRECTION('',(0.,-0.,-1.));
#986 = CYLINDRICAL_SURFACE('',#987,1.7);
#987 = AXIS2_PLACEMENT_3D('',#988,#989,#990);
#988 = CARTESIAN_POINT('',(-149.16,49.56,100.12));
#989 = DIRECTION('',(0.,1.,0.));
#990 = DIRECTION('',(0.,-0.,1.));
#991 = ADVANCED_FACE('',(#992),#1020,.F.);
#992 = FACE_BOUND('',#993,.F.);
#993 = EDGE_LOOP('',(#994,#1005,#1011,#1012,#1013));
#994 = ORIENTED_EDGE('',*,*,#995,.T.);
#995 = EDGE_CURVE('',#996,#998,#1000,.T.);
#996 = VERTEX_POINT('',#997);
#997 = CARTESIAN_POINT('',(-149.16,51.96,183.54));
#998 = VERTEX_POINT('',#999);
#999 = CARTESIAN_POINT('',(-149.16,51.96,186.94));
#1000 = CIRCLE('',#1001,1.7);
#1001 = AXIS2_PLACEMENT_3D('',#1002,#1003,#1004);
#1002 = CARTESIAN_POINT('',(-149.16,51.96,185.24));
#1003 = DIRECTION('',(0.,-1.,0.));
#1004 = DIRECTION('',(0.,-0.,-1.));
#1005 = ORIENTED_EDGE('',*,*,#1006,.F.);
#1006 = EDGE_CURVE('',#321,#998,#1007,.T.);
#1007 = LINE('',#1008,#1009);
#1008 = CARTESIAN_POINT('',(-149.16,49.56,186.94));
#1009 = VECTOR('',#1010,1.);
#1010 = DIRECTION('',(0.,1.,0.));
#1011 = ORIENTED_EDGE('',*,*,#320,.T.);
#1012 = ORIENTED_EDGE('',*,*,#1006,.T.);
#1013 = ORIENTED_EDGE('',*,*,#1014,.T.);
#1014 = EDGE_CURVE('',#998,#996,#1015,.T.);
#1015 = CIRCLE('',#1016,1.7);
#1016 = AXIS2_PLACEMENT_3D('',#1017,#1018,#1019);
#1017 = CARTESIAN_POINT('',(-149.16,51.96,185.24));
#1018 = DIRECTION('',(0.,-1.,0.));
#1019 = DIRECTION('',(0.,-0.,-1.));
#1020 = CYLINDRICAL_SURFACE('',#1021,1.7);
#1021 = AXIS2_PLACEMENT_3D('',#1022,#1023,#1024);
#1022 = CARTESIAN_POINT('',(-149.16,49.56,185.24));
#1023 = DIRECTION('',(0.,1.,0.));
#1024 = DIRECTION('',(0.,-0.,1.));
#1025 = ADVANCED_FACE('',(#1026),#1054,.F.);
#1026 = FACE_BOUND('',#1027,.F.);
#1027 = EDGE_LOOP('',(#1028,#1039,#1045,#1046,#1047));
#1028 = ORIENTED_EDGE('',*,*,#1029,.T.);
#1029 = EDGE_CURVE('',#1030,#1032,#1034,.T.);
#1030 = VERTEX_POINT('',#1031);
#1031 = CARTESIAN_POINT('',(-112.06,51.96,163.78));
#1032 = VERTEX_POINT('',#1033);
#1033 = CARTESIAN_POINT('',(-112.06,51.96,167.18));
#1034 = CIRCLE('',#1035,1.7);
#1035 = AXIS2_PLACEMENT_3D('',#1036,#1037,#1038);
#1036 = CARTESIAN_POINT('',(-112.06,51.96,165.48));
#1037 = DIRECTION('',(0.,-1.,0.));
#1038 = DIRECTION('',(0.,-0.,-1.));
#1039 = ORIENTED_EDGE('',*,*,#1040,.F.);
#1040 = EDGE_CURVE('',#332,#1032,#1041,.T.);
#1041 = LINE('',#1042,#1043);
#1042 = CARTESIAN_POINT('',(-112.06,49.56,167.18));
#1043 = VECTOR('',#1044,1.);
#1044 = DIRECTION('',(0.,1.,0.));
#1045 = ORIENTED_EDGE('',*,*,#331,.T.);
#1046 = ORIENTED_EDGE('',*,*,#1040,.T.);
#1047 = ORIENTED_EDGE('',*,*,#1048,.T.);
#1048 = EDGE_CURVE('',#1032,#1030,#1049,.T.);
#1049 = CIRCLE('',#1050,1.7);
#1050 = AXIS2_PLACEMENT_3D('',#1051,#1052,#1053);
#1051 = CARTESIAN_POINT('',(-112.06,51.96,165.48));
#1052 = DIRECTION('',(0.,-1.,0.));
#1053 = DIRECTION('',(0.,-0.,-1.));
#1054 = CYLINDRICAL_SURFACE('',#1055,1.7);
#1055 = AXIS2_PLACEMENT_3D('',#1056,#1057,#1058);
#1056 = CARTESIAN_POINT('',(-112.06,49.56,165.48));
#1057 = DIRECTION('',(0.,1.,0.));
#1058 = DIRECTION('',(0.,-0.,1.));
#1059 = ADVANCED_FACE('',(#1060),#1085,.F.);
#1060 = FACE_BOUND('',#1061,.F.);
#1061 = EDGE_LOOP('',(#1062,#1072,#1078,#1079));
#1062 = ORIENTED_EDGE('',*,*,#1063,.F.);
#1063 = EDGE_CURVE('',#1064,#1066,#1068,.T.);
#1064 = VERTEX_POINT('',#1065);
#1065 = CARTESIAN_POINT('',(-19.,47.56,21.5));
#1066 = VERTEX_POINT('',#1067);
#1067 = CARTESIAN_POINT('',(-19.,47.56,47.5));
#1068 = LINE('',#1069,#1070);
#1069 = CARTESIAN_POINT('',(-19.,47.56,21.5));
#1070 = VECTOR('',#1071,1.);
#1071 = DIRECTION('',(0.,0.,1.));
#1072 = ORIENTED_EDGE('',*,*,#1073,.T.);
#1073 = EDGE_CURVE('',#1064,#403,#1074,.T.);
#1074 = LINE('',#1075,#1076);
#1075 = CARTESIAN_POINT('',(-19.,47.56,21.5));
#1076 = VECTOR('',#1077,1.);
#1077 = DIRECTION('',(-0.,1.,0.));
#1078 = ORIENTED_EDGE('',*,*,#402,.T.);
#1079 = ORIENTED_EDGE('',*,*,#1080,.F.);
#1080 = EDGE_CURVE('',#1066,#405,#1081,.T.);
#1081 = LINE('',#1082,#1083);
#1082 = CARTESIAN_POINT('',(-19.,47.56,47.5));
#1083 = VECTOR('',#1084,1.);
#1084 = DIRECTION('',(-0.,1.,0.));
#1085 = PLANE('',#1086);
#1086 = AXIS2_PLACEMENT_3D('',#1087,#1088,#1089);
#1087 = CARTESIAN_POINT('',(-19.,47.56,21.5));
#1088 = DIRECTION('',(1.,0.,-0.));
#1089 = DIRECTION('',(0.,0.,1.));
#1090 = ADVANCED_FACE('',(#1091),#1109,.F.);
#1091 = FACE_BOUND('',#1092,.F.);
#1092 = EDGE_LOOP('',(#1093,#1094,#1102,#1108));
#1093 = ORIENTED_EDGE('',*,*,#1073,.F.);
#1094 = ORIENTED_EDGE('',*,*,#1095,.T.);
#1095 = EDGE_CURVE('',#1064,#1096,#1098,.T.);
#1096 = VERTEX_POINT('',#1097);
#1097 = CARTESIAN_POINT('',(10.,47.56,21.5));
#1098 = LINE('',#1099,#1100);
#1099 = CARTESIAN_POINT('',(-19.,47.56,21.5));
#1100 = VECTOR('',#1101,1.);
#1101 = DIRECTION('',(1.,0.,-0.));
#1102 = ORIENTED_EDGE('',*,*,#1103,.T.);
#1103 = EDGE_CURVE('',#1096,#413,#1104,.T.);
#1104 = LINE('',#1105,#1106);
#1105 = CARTESIAN_POINT('',(10.,47.56,21.5));
#1106 = VECTOR('',#1107,1.);
#1107 = DIRECTION('',(-0.,1.,0.));
#1108 = ORIENTED_EDGE('',*,*,#412,.F.);
#1109 = PLANE('',#1110);
#1110 = AXIS2_PLACEMENT_3D('',#1111,#1112,#1113);
#1111 = CARTESIAN_POINT('',(-19.,47.56,21.5));
#1112 = DIRECTION('',(0.,0.,1.));
#1113 = DIRECTION('',(1.,0.,-0.));
#1114 = ADVANCED_FACE('',(#1115),#1133,.T.);
#1115 = FACE_BOUND('',#1116,.T.);
#1116 = EDGE_LOOP('',(#1117,#1118,#1126,#1132));
#1117 = ORIENTED_EDGE('',*,*,#1080,.F.);
#1118 = ORIENTED_EDGE('',*,*,#1119,.T.);
#1119 = EDGE_CURVE('',#1066,#1120,#1122,.T.);
#1120 = VERTEX_POINT('',#1121);
#1121 = CARTESIAN_POINT('',(10.,47.56,47.5));
#1122 = LINE('',#1123,#1124);
#1123 = CARTESIAN_POINT('',(-19.,47.56,47.5));
#1124 = VECTOR('',#1125,1.);
#1125 = DIRECTION('',(1.,0.,-0.));
#1126 = ORIENTED_EDGE('',*,*,#1127,.T.);
#1127 = EDGE_CURVE('',#1120,#421,#1128,.T.);
#1128 = LINE('',#1129,#1130);
#1129 = CARTESIAN_POINT('',(10.,47.56,47.5));
#1130 = VECTOR('',#1131,1.);
#1131 = DIRECTION('',(-0.,1.,0.));
#1132 = ORIENTED_EDGE('',*,*,#428,.F.);
#1133 = PLANE('',#1134);
#1134 = AXIS2_PLACEMENT_3D('',#1135,#1136,#1137);
#1135 = CARTESIAN_POINT('',(-19.,47.56,47.5));
#1136 = DIRECTION('',(0.,0.,1.));
#1137 = DIRECTION('',(1.,0.,-0.));
#1138 = ADVANCED_FACE('',(#1139),#1150,.T.);
#1139 = FACE_BOUND('',#1140,.T.);
#1140 = EDGE_LOOP('',(#1141,#1147,#1148,#1149));
#1141 = ORIENTED_EDGE('',*,*,#1142,.F.);
#1142 = EDGE_CURVE('',#1096,#1120,#1143,.T.);
#1143 = LINE('',#1144,#1145);
#1144 = CARTESIAN_POINT('',(10.,47.56,21.5));
#1145 = VECTOR('',#1146,1.);
#1146 = DIRECTION('',(0.,0.,1.));
#1147 = ORIENTED_EDGE('',*,*,#1103,.T.);
#1148 = ORIENTED_EDGE('',*,*,#420,.T.);
#1149 = ORIENTED_EDGE('',*,*,#1127,.F.);
#1150 = PLANE('',#1151);
#1151 = AXIS2_PLACEMENT_3D('',#1152,#1153,#1154);
#1152 = CARTESIAN_POINT('',(10.,47.56,21.5));
#1153 = DIRECTION('',(1.,0.,-0.));
#1154 = DIRECTION('',(0.,0.,1.));
#1155 = ADVANCED_FACE('',(#1156),#1181,.F.);
#1156 = FACE_BOUND('',#1157,.F.);
#1157 = EDGE_LOOP('',(#1158,#1166,#1174,#1180));
#1158 = ORIENTED_EDGE('',*,*,#1159,.F.);
#1159 = EDGE_CURVE('',#1160,#437,#1162,.T.);
#1160 = VERTEX_POINT('',#1161);
#1161 = CARTESIAN_POINT('',(12.,47.56,26.5));
#1162 = LINE('',#1163,#1164);
#1163 = CARTESIAN_POINT('',(12.,47.56,26.5));
#1164 = VECTOR('',#1165,1.);
#1165 = DIRECTION('',(-0.,1.,0.));
#1166 = ORIENTED_EDGE('',*,*,#1167,.T.);
#1167 = EDGE_CURVE('',#1160,#1168,#1170,.T.);
#1168 = VERTEX_POINT('',#1169);
#1169 = CARTESIAN_POINT('',(41.,47.56,26.5));
#1170 = LINE('',#1171,#1172);
#1171 = CARTESIAN_POINT('',(12.,47.56,26.5));
#1172 = VECTOR('',#1173,1.);
#1173 = DIRECTION('',(1.,0.,-0.));
#1174 = ORIENTED_EDGE('',*,*,#1175,.T.);
#1175 = EDGE_CURVE('',#1168,#439,#1176,.T.);
#1176 = LINE('',#1177,#1178);
#1177 = CARTESIAN_POINT('',(41.,47.56,26.5));
#1178 = VECTOR('',#1179,1.);
#1179 = DIRECTION('',(-0.,1.,0.));
#1180 = ORIENTED_EDGE('',*,*,#436,.F.);
#1181 = PLANE('',#1182);
#1182 = AXIS2_PLACEMENT_3D('',#1183,#1184,#1185);
#1183 = CARTESIAN_POINT('',(12.,47.56,26.5));
#1184 = DIRECTION('',(0.,0.,1.));
#1185 = DIRECTION('',(1.,0.,-0.));
#1186 = ADVANCED_FACE('',(#1187),#1205,.F.);
#1187 = FACE_BOUND('',#1188,.F.);
#1188 = EDGE_LOOP('',(#1189,#1197,#1198,#1199));
#1189 = ORIENTED_EDGE('',*,*,#1190,.F.);
#1190 = EDGE_CURVE('',#1160,#1191,#1193,.T.);
#1191 = VERTEX_POINT('',#1192);
#1192 = CARTESIAN_POINT('',(12.,47.56,42.5));
#1193 = LINE('',#1194,#1195);
#1194 = CARTESIAN_POINT('',(12.,47.56,26.5));
#1195 = VECTOR('',#1196,1.);
#1196 = DIRECTION('',(0.,0.,1.));
#1197 = ORIENTED_EDGE('',*,*,#1159,.T.);
#1198 = ORIENTED_EDGE('',*,*,#462,.T.);
#1199 = ORIENTED_EDGE('',*,*,#1200,.F.);
#1200 = EDGE_CURVE('',#1191,#455,#1201,.T.);
#1201 = LINE('',#1202,#1203);
#1202 = CARTESIAN_POINT('',(12.,47.56,42.5));
#1203 = VECTOR('',#1204,1.);
#1204 = DIRECTION('',(-0.,1.,0.));
#1205 = PLANE('',#1206);
#1206 = AXIS2_PLACEMENT_3D('',#1207,#1208,#1209);
#1207 = CARTESIAN_POINT('',(12.,47.56,26.5));
#1208 = DIRECTION('',(1.,0.,-0.));
#1209 = DIRECTION('',(0.,0.,1.));
#1210 = ADVANCED_FACE('',(#1211),#1229,.T.);
#1211 = FACE_BOUND('',#1212,.T.);
#1212 = EDGE_LOOP('',(#1213,#1221,#1222,#1223));
#1213 = ORIENTED_EDGE('',*,*,#1214,.F.);
#1214 = EDGE_CURVE('',#1168,#1215,#1217,.T.);
#1215 = VERTEX_POINT('',#1216);
#1216 = CARTESIAN_POINT('',(41.,47.56,42.5));
#1217 = LINE('',#1218,#1219);
#1218 = CARTESIAN_POINT('',(41.,47.56,26.5));
#1219 = VECTOR('',#1220,1.);
#1220 = DIRECTION('',(0.,0.,1.));
#1221 = ORIENTED_EDGE('',*,*,#1175,.T.);
#1222 = ORIENTED_EDGE('',*,*,#446,.T.);
#1223 = ORIENTED_EDGE('',*,*,#1224,.F.);
#1224 = EDGE_CURVE('',#1215,#447,#1225,.T.);
#1225 = LINE('',#1226,#1227);
#1226 = CARTESIAN_POINT('',(41.,47.56,42.5));
#1227 = VECTOR('',#1228,1.);
#1228 = DIRECTION('',(-0.,1.,0.));
#1229 = PLANE('',#1230);
#1230 = AXIS2_PLACEMENT_3D('',#1231,#1232,#1233);
#1231 = CARTESIAN_POINT('',(41.,47.56,26.5));
#1232 = DIRECTION('',(1.,0.,-0.));
#1233 = DIRECTION('',(0.,0.,1.));
#1234 = ADVANCED_FACE('',(#1235),#1246,.T.);
#1235 = FACE_BOUND('',#1236,.T.);
#1236 = EDGE_LOOP('',(#1237,#1238,#1244,#1245));
#1237 = ORIENTED_EDGE('',*,*,#1200,.F.);
#1238 = ORIENTED_EDGE('',*,*,#1239,.T.);
#1239 = EDGE_CURVE('',#1191,#1215,#1240,.T.);
#1240 = LINE('',#1241,#1242);
#1241 = CARTESIAN_POINT('',(12.,47.56,42.5));
#1242 = VECTOR('',#1243,1.);
#1243 = DIRECTION('',(1.,0.,-0.));
#1244 = ORIENTED_EDGE('',*,*,#1224,.T.);
#1245 = ORIENTED_EDGE('',*,*,#454,.F.);
#1246 = PLANE('',#1247);
#1247 = AXIS2_PLACEMENT_3D('',#1248,#1249,#1250);
#1248 = CARTESIAN_POINT('',(12.,47.56,42.5));
#1249 = DIRECTION('',(0.,0.,1.));
#1250 = DIRECTION('',(1.,0.,-0.));
#1251 = ADVANCED_FACE('',(#1252),#1280,.F.);
#1252 = FACE_BOUND('',#1253,.F.);
#1253 = EDGE_LOOP('',(#1254,#1265,#1271,#1272,#1273));
#1254 = ORIENTED_EDGE('',*,*,#1255,.T.);
#1255 = EDGE_CURVE('',#1256,#1258,#1260,.T.);
#1256 = VERTEX_POINT('',#1257);
#1257 = CARTESIAN_POINT('',(59.16,51.96,16.3));
#1258 = VERTEX_POINT('',#1259);
#1259 = CARTESIAN_POINT('',(59.16,51.96,19.7));
#1260 = CIRCLE('',#1261,1.7);
#1261 = AXIS2_PLACEMENT_3D('',#1262,#1263,#1264);
#1262 = CARTESIAN_POINT('',(59.16,51.96,18.));
#1263 = DIRECTION('',(0.,-1.,0.));
#1264 = DIRECTION('',(0.,-0.,-1.));
#1265 = ORIENTED_EDGE('',*,*,#1266,.F.);
#1266 = EDGE_CURVE('',#471,#1258,#1267,.T.);
#1267 = LINE('',#1268,#1269);
#1268 = CARTESIAN_POINT('',(59.16,49.56,19.7));
#1269 = VECTOR('',#1270,1.);
#1270 = DIRECTION('',(0.,1.,0.));
#1271 = ORIENTED_EDGE('',*,*,#470,.T.);
#1272 = ORIENTED_EDGE('',*,*,#1266,.T.);
#1273 = ORIENTED_EDGE('',*,*,#1274,.T.);
#1274 = EDGE_CURVE('',#1258,#1256,#1275,.T.);
#1275 = CIRCLE('',#1276,1.7);
#1276 = AXIS2_PLACEMENT_3D('',#1277,#1278,#1279);
#1277 = CARTESIAN_POINT('',(59.16,51.96,18.));
#1278 = DIRECTION('',(0.,-1.,0.));
#1279 = DIRECTION('',(0.,-0.,-1.));
#1280 = CYLINDRICAL_SURFACE('',#1281,1.7);
#1281 = AXIS2_PLACEMENT_3D('',#1282,#1283,#1284);
#1282 = CARTESIAN_POINT('',(59.16,49.56,18.));
#1283 = DIRECTION('',(0.,1.,0.));
#1284 = DIRECTION('',(0.,-0.,1.));
#1285 = ADVANCED_FACE('',(#1286),#1314,.F.);
#1286 = FACE_BOUND('',#1287,.F.);
#1287 = EDGE_LOOP('',(#1288,#1299,#1305,#1306,#1307));
#1288 = ORIENTED_EDGE('',*,*,#1289,.T.);
#1289 = EDGE_CURVE('',#1290,#1292,#1294,.T.);
#1290 = VERTEX_POINT('',#1291);
#1291 = CARTESIAN_POINT('',(27.94,51.96,93.06));
#1292 = VERTEX_POINT('',#1293);
#1293 = CARTESIAN_POINT('',(27.94,51.96,96.46));
#1294 = CIRCLE('',#1295,1.7);
#1295 = AXIS2_PLACEMENT_3D('',#1296,#1297,#1298);
#1296 = CARTESIAN_POINT('',(27.94,51.96,94.76));
#1297 = DIRECTION('',(0.,-1.,0.));
#1298 = DIRECTION('',(0.,-0.,-1.));
#1299 = ORIENTED_EDGE('',*,*,#1300,.F.);
#1300 = EDGE_CURVE('',#482,#1292,#1301,.T.);
#1301 = LINE('',#1302,#1303);
#1302 = CARTESIAN_POINT('',(27.94,49.56,96.46));
#1303 = VECTOR('',#1304,1.);
#1304 = DIRECTION('',(0.,1.,0.));
#1305 = ORIENTED_EDGE('',*,*,#481,.T.);
#1306 = ORIENTED_EDGE('',*,*,#1300,.T.);
#1307 = ORIENTED_EDGE('',*,*,#1308,.T.);
#1308 = EDGE_CURVE('',#1292,#1290,#1309,.T.);
#1309 = CIRCLE('',#1310,1.7);
#1310 = AXIS2_PLACEMENT_3D('',#1311,#1312,#1313);
#1311 = CARTESIAN_POINT('',(27.94,51.96,94.76));
#1312 = DIRECTION('',(0.,-1.,0.));
#1313 = DIRECTION('',(0.,-0.,-1.));
#1314 = CYLINDRICAL_SURFACE('',#1315,1.7);
#1315 = AXIS2_PLACEMENT_3D('',#1316,#1317,#1318);
#1316 = CARTESIAN_POINT('',(27.94,49.56,94.76));
#1317 = DIRECTION('',(0.,1.,0.));
#1318 = DIRECTION('',(0.,-0.,1.));
#1319 = ADVANCED_FACE('',(#1320),#1345,.F.);
#1320 = FACE_BOUND('',#1321,.F.);
#1321 = EDGE_LOOP('',(#1322,#1330,#1331,#1339));
#1322 = ORIENTED_EDGE('',*,*,#1323,.F.);
#1323 = EDGE_CURVE('',#493,#1324,#1326,.T.);
#1324 = VERTEX_POINT('',#1325);
#1325 = CARTESIAN_POINT('',(-14.,54.56,142.12));
#1326 = LINE('',#1327,#1328);
#1327 = CARTESIAN_POINT('',(-14.,50.56,142.12));
#1328 = VECTOR('',#1329,1.);
#1329 = DIRECTION('',(-0.,1.,0.));
#1330 = ORIENTED_EDGE('',*,*,#492,.T.);
#1331 = ORIENTED_EDGE('',*,*,#1332,.T.);
#1332 = EDGE_CURVE('',#495,#1333,#1335,.T.);
#1333 = VERTEX_POINT('',#1334);
#1334 = CARTESIAN_POINT('',(-12.,54.56,142.12));
#1335 = LINE('',#1336,#1337);
#1336 = CARTESIAN_POINT('',(-12.,50.56,142.12));
#1337 = VECTOR('',#1338,1.);
#1338 = DIRECTION('',(-0.,1.,0.));
#1339 = ORIENTED_EDGE('',*,*,#1340,.F.);
#1340 = EDGE_CURVE('',#1324,#1333,#1341,.T.);
#1341 = LINE('',#1342,#1343);
#1342 = CARTESIAN_POINT('',(-84.33,54.56,142.12));
#1343 = VECTOR('',#1344,1.);
#1344 = DIRECTION('',(1.,0.,-0.));
#1345 = PLANE('',#1346);
#1346 = AXIS2_PLACEMENT_3D('',#1347,#1348,#1349);
#1347 = CARTESIAN_POINT('',(-14.,50.56,142.12));
#1348 = DIRECTION('',(0.,0.,1.));
#1349 = DIRECTION('',(1.,0.,-0.));
#1350 = ADVANCED_FACE('',(#1351),#1376,.T.);
#1351 = FACE_BOUND('',#1352,.T.);
#1352 = EDGE_LOOP('',(#1353,#1361,#1362,#1370));
#1353 = ORIENTED_EDGE('',*,*,#1354,.F.);
#1354 = EDGE_CURVE('',#503,#1355,#1357,.T.);
#1355 = VERTEX_POINT('',#1356);
#1356 = CARTESIAN_POINT('',(-14.,54.56,118.12));
#1357 = LINE('',#1358,#1359);
#1358 = CARTESIAN_POINT('',(-14.,50.56,118.12));
#1359 = VECTOR('',#1360,1.);
#1360 = DIRECTION('',(-0.,1.,0.));
#1361 = ORIENTED_EDGE('',*,*,#510,.T.);
#1362 = ORIENTED_EDGE('',*,*,#1363,.T.);
#1363 = EDGE_CURVE('',#511,#1364,#1366,.T.);
#1364 = VERTEX_POINT('',#1365);
#1365 = CARTESIAN_POINT('',(-12.,54.56,118.12));
#1366 = LINE('',#1367,#1368);
#1367 = CARTESIAN_POINT('',(-12.,50.56,118.12));
#1368 = VECTOR('',#1369,1.);
#1369 = DIRECTION('',(-0.,1.,0.));
#1370 = ORIENTED_EDGE('',*,*,#1371,.F.);
#1371 = EDGE_CURVE('',#1355,#1364,#1372,.T.);
#1372 = LINE('',#1373,#1374);
#1373 = CARTESIAN_POINT('',(-84.33,54.56,118.12));
#1374 = VECTOR('',#1375,1.);
#1375 = DIRECTION('',(1.,0.,-0.));
#1376 = PLANE('',#1377);
#1377 = AXIS2_PLACEMENT_3D('',#1378,#1379,#1380);
#1378 = CARTESIAN_POINT('',(-14.,50.56,118.12));
#1379 = DIRECTION('',(0.,0.,1.));
#1380 = DIRECTION('',(1.,0.,-0.));
#1381 = ADVANCED_FACE('',(#1382),#1410,.F.);
#1382 = FACE_BOUND('',#1383,.F.);
#1383 = EDGE_LOOP('',(#1384,#1395,#1401,#1402,#1403));
#1384 = ORIENTED_EDGE('',*,*,#1385,.T.);
#1385 = EDGE_CURVE('',#1386,#1388,#1390,.T.);
#1386 = VERTEX_POINT('',#1387);
#1387 = CARTESIAN_POINT('',(59.16,51.96,98.42));
#1388 = VERTEX_POINT('',#1389);
#1389 = CARTESIAN_POINT('',(59.16,51.96,101.82));
#1390 = CIRCLE('',#1391,1.7);
#1391 = AXIS2_PLACEMENT_3D('',#1392,#1393,#1394);
#1392 = CARTESIAN_POINT('',(59.16,51.96,100.12));
#1393 = DIRECTION('',(0.,-1.,0.));
#1394 = DIRECTION('',(0.,-0.,-1.));
#1395 = ORIENTED_EDGE('',*,*,#1396,.F.);
#1396 = EDGE_CURVE('',#527,#1388,#1397,.T.);
#1397 = LINE('',#1398,#1399);
#1398 = CARTESIAN_POINT('',(59.16,49.56,101.82));
#1399 = VECTOR('',#1400,1.);
#1400 = DIRECTION('',(0.,1.,0.));
#1401 = ORIENTED_EDGE('',*,*,#526,.T.);
#1402 = ORIENTED_EDGE('',*,*,#1396,.T.);
#1403 = ORIENTED_EDGE('',*,*,#1404,.T.);
#1404 = EDGE_CURVE('',#1388,#1386,#1405,.T.);
#1405 = CIRCLE('',#1406,1.7);
#1406 = AXIS2_PLACEMENT_3D('',#1407,#1408,#1409);
#1407 = CARTESIAN_POINT('',(59.16,51.96,100.12));
#1408 = DIRECTION('',(0.,-1.,0.));
#1409 = DIRECTION('',(0.,-0.,-1.));
#1410 = CYLINDRICAL_SURFACE('',#1411,1.7);
#1411 = AXIS2_PLACEMENT_3D('',#1412,#1413,#1414);
#1412 = CARTESIAN_POINT('',(59.16,49.56,100.12));
#1413 = DIRECTION('',(0.,1.,0.));
#1414 = DIRECTION('',(0.,-0.,1.));
#1415 = ADVANCED_FACE('',(#1416),#1444,.F.);
#1416 = FACE_BOUND('',#1417,.F.);
#1417 = EDGE_LOOP('',(#1418,#1429,#1435,#1436,#1437));
#1418 = ORIENTED_EDGE('',*,*,#1419,.T.);
#1419 = EDGE_CURVE('',#1420,#1422,#1424,.T.);
#1420 = VERTEX_POINT('',#1421);
#1421 = CARTESIAN_POINT('',(27.94,51.96,163.78));
#1422 = VERTEX_POINT('',#1423);
#1423 = CARTESIAN_POINT('',(27.94,51.96,167.18));
#1424 = CIRCLE('',#1425,1.7);
#1425 = AXIS2_PLACEMENT_3D('',#1426,#1427,#1428);
#1426 = CARTESIAN_POINT('',(27.94,51.96,165.48));
#1427 = DIRECTION('',(0.,-1.,0.));
#1428 = DIRECTION('',(0.,-0.,-1.));
#1429 = ORIENTED_EDGE('',*,*,#1430,.F.);
#1430 = EDGE_CURVE('',#538,#1422,#1431,.T.);
#1431 = LINE('',#1432,#1433);
#1432 = CARTESIAN_POINT('',(27.94,49.56,167.18));
#1433 = VECTOR('',#1434,1.);
#1434 = DIRECTION('',(0.,1.,0.));
#1435 = ORIENTED_EDGE('',*,*,#537,.T.);
#1436 = ORIENTED_EDGE('',*,*,#1430,.T.);
#1437 = ORIENTED_EDGE('',*,*,#1438,.T.);
#1438 = EDGE_CURVE('',#1422,#1420,#1439,.T.);
#1439 = CIRCLE('',#1440,1.7);
#1440 = AXIS2_PLACEMENT_3D('',#1441,#1442,#1443);
#1441 = CARTESIAN_POINT('',(27.94,51.96,165.48));
#1442 = DIRECTION('',(0.,-1.,0.));
#1443 = DIRECTION('',(0.,-0.,-1.));
#1444 = CYLINDRICAL_SURFACE('',#1445,1.7);
#1445 = AXIS2_PLACEMENT_3D('',#1446,#1447,#1448);
#1446 = CARTESIAN_POINT('',(27.94,49.56,165.48));
#1447 = DIRECTION('',(0.,1.,0.));
#1448 = DIRECTION('',(0.,-0.,1.));
#1449 = ADVANCED_FACE('',(#1450),#1478,.F.);
#1450 = FACE_BOUND('',#1451,.F.);
#1451 = EDGE_LOOP('',(#1452,#1463,#1469,#1470,#1471));
#1452 = ORIENTED_EDGE('',*,*,#1453,.T.);
#1453 = EDGE_CURVE('',#1454,#1456,#1458,.T.);
#1454 = VERTEX_POINT('',#1455);
#1455 = CARTESIAN_POINT('',(59.16,51.96,183.54));
#1456 = VERTEX_POINT('',#1457);
#1457 = CARTESIAN_POINT('',(59.16,51.96,186.94));
#1458 = CIRCLE('',#1459,1.7);
#1459 = AXIS2_PLACEMENT_3D('',#1460,#1461,#1462);
#1460 = CARTESIAN_POINT('',(59.16,51.96,185.24));
#1461 = DIRECTION('',(0.,-1.,0.));
#1462 = DIRECTION('',(0.,-0.,-1.));
#1463 = ORIENTED_EDGE('',*,*,#1464,.F.);
#1464 = EDGE_CURVE('',#549,#1456,#1465,.T.);
#1465 = LINE('',#1466,#1467);
#1466 = CARTESIAN_POINT('',(59.16,49.56,186.94));
#1467 = VECTOR('',#1468,1.);
#1468 = DIRECTION('',(0.,1.,0.));
#1469 = ORIENTED_EDGE('',*,*,#548,.T.);
#1470 = ORIENTED_EDGE('',*,*,#1464,.T.);
#1471 = ORIENTED_EDGE('',*,*,#1472,.T.);
#1472 = EDGE_CURVE('',#1456,#1454,#1473,.T.);
#1473 = CIRCLE('',#1474,1.7);
#1474 = AXIS2_PLACEMENT_3D('',#1475,#1476,#1477);
#1475 = CARTESIAN_POINT('',(59.16,51.96,185.24));
#1476 = DIRECTION('',(0.,-1.,0.));
#1477 = DIRECTION('',(0.,-0.,-1.));
#1478 = CYLINDRICAL_SURFACE('',#1479,1.7);
#1479 = AXIS2_PLACEMENT_3D('',#1480,#1481,#1482);
#1480 = CARTESIAN_POINT('',(59.16,49.56,185.24));
#1481 = DIRECTION('',(0.,1.,0.));
#1482 = DIRECTION('',(0.,-0.,1.));
#1483 = ADVANCED_FACE('',(#1484),#1503,.F.);
#1484 = FACE_BOUND('',#1485,.F.);
#1485 = EDGE_LOOP('',(#1486,#1487,#1495,#1502));
#1486 = ORIENTED_EDGE('',*,*,#702,.T.);
#1487 = ORIENTED_EDGE('',*,*,#1488,.T.);
#1488 = EDGE_CURVE('',#703,#1489,#1491,.T.);
#1489 = VERTEX_POINT('',#1490);
#1490 = CARTESIAN_POINT('',(-45.,18.,54.5));
#1491 = LINE('',#1492,#1493);
#1492 = CARTESIAN_POINT('',(-45.,14.75,54.5));
#1493 = VECTOR('',#1494,1.);
#1494 = DIRECTION('',(0.,1.,0.));
#1495 = ORIENTED_EDGE('',*,*,#1496,.F.);
#1496 = EDGE_CURVE('',#1489,#1489,#1497,.T.);
#1497 = CIRCLE('',#1498,20.);
#1498 = AXIS2_PLACEMENT_3D('',#1499,#1500,#1501);
#1499 = CARTESIAN_POINT('',(-45.,18.,34.5));
#1500 = DIRECTION('',(0.,1.,0.));
#1501 = DIRECTION('',(0.,-0.,1.));
#1502 = ORIENTED_EDGE('',*,*,#1488,.F.);
#1503 = CYLINDRICAL_SURFACE('',#1504,20.);
#1504 = AXIS2_PLACEMENT_3D('',#1505,#1506,#1507);
#1505 = CARTESIAN_POINT('',(-45.,14.75,34.5));
#1506 = DIRECTION('',(0.,1.,0.));
#1507 = DIRECTION('',(0.,-0.,1.));
#1508 = ADVANCED_FACE('',(#1509,#1543),#1549,.F.);
#1509 = FACE_BOUND('',#1510,.F.);
#1510 = EDGE_LOOP('',(#1511,#1521,#1529,#1537));
#1511 = ORIENTED_EDGE('',*,*,#1512,.F.);
#1512 = EDGE_CURVE('',#1513,#1515,#1517,.T.);
#1513 = VERTEX_POINT('',#1514);
#1514 = CARTESIAN_POINT('',(-154.66,3.,0.));
#1515 = VERTEX_POINT('',#1516);
#1516 = CARTESIAN_POINT('',(64.66,3.,0.));
#1517 = LINE('',#1518,#1519);
#1518 = CARTESIAN_POINT('',(-154.66,3.,0.));
#1519 = VECTOR('',#1520,1.);
#1520 = DIRECTION('',(1.,0.,-0.));
#1521 = ORIENTED_EDGE('',*,*,#1522,.T.);
#1522 = EDGE_CURVE('',#1513,#1523,#1525,.T.);
#1523 = VERTEX_POINT('',#1524);
#1524 = CARTESIAN_POINT('',(-154.66,3.,200.24));
#1525 = LINE('',#1526,#1527);
#1526 = CARTESIAN_POINT('',(-154.66,3.,0.));
#1527 = VECTOR('',#1528,1.);
#1528 = DIRECTION('',(0.,0.,1.));
#1529 = ORIENTED_EDGE('',*,*,#1530,.T.);
#1530 = EDGE_CURVE('',#1523,#1531,#1533,.T.);
#1531 = VERTEX_POINT('',#1532);
#1532 = CARTESIAN_POINT('',(64.66,3.,200.24));
#1533 = LINE('',#1534,#1535);
#1534 = CARTESIAN_POINT('',(-154.66,3.,200.24));
#1535 = VECTOR('',#1536,1.);
#1536 = DIRECTION('',(1.,0.,-0.));
#1537 = ORIENTED_EDGE('',*,*,#1538,.F.);
#1538 = EDGE_CURVE('',#1515,#1531,#1539,.T.);
#1539 = LINE('',#1540,#1541);
#1540 = CARTESIAN_POINT('',(64.66,3.,0.));
#1541 = VECTOR('',#1542,1.);
#1542 = DIRECTION('',(0.,0.,1.));
#1543 = FACE_BOUND('',#1544,.F.);
#1544 = EDGE_LOOP('',(#1545,#1546,#1547,#1548));
#1545 = ORIENTED_EDGE('',*,*,#877,.F.);
#1546 = ORIENTED_EDGE('',*,*,#860,.T.);
#1547 = ORIENTED_EDGE('',*,*,#727,.T.);
#1548 = ORIENTED_EDGE('',*,*,#792,.F.);
#1549 = PLANE('',#1550);
#1550 = AXIS2_PLACEMENT_3D('',#1551,#1552,#1553);
#1551 = CARTESIAN_POINT('',(-154.66,3.,0.));
#1552 = DIRECTION('',(-0.,1.,0.));
#1553 = DIRECTION('',(0.,0.,1.));
#1554 = ADVANCED_FACE('',(#1555),#1580,.T.);
#1555 = FACE_BOUND('',#1556,.T.);
#1556 = EDGE_LOOP('',(#1557,#1565,#1573,#1579));
#1557 = ORIENTED_EDGE('',*,*,#1558,.F.);
#1558 = EDGE_CURVE('',#1559,#745,#1561,.T.);
#1559 = VERTEX_POINT('',#1560);
#1560 = CARTESIAN_POINT('',(-97.,7.,0.));
#1561 = LINE('',#1562,#1563);
#1562 = CARTESIAN_POINT('',(-97.,7.,-2.));
#1563 = VECTOR('',#1564,1.);
#1564 = DIRECTION('',(0.,0.,1.));
#1565 = ORIENTED_EDGE('',*,*,#1566,.T.);
#1566 = EDGE_CURVE('',#1559,#1567,#1569,.T.);
#1567 = VERTEX_POINT('',#1568);
#1568 = CARTESIAN_POINT('',(-113.,7.,0.));
#1569 = LINE('',#1570,#1571);
#1570 = CARTESIAN_POINT('',(-133.83,7.,0.));
#1571 = VECTOR('',#1572,1.);
#1572 = DIRECTION('',(-1.,-0.,0.));
#1573 = ORIENTED_EDGE('',*,*,#1574,.T.);
#1574 = EDGE_CURVE('',#1567,#747,#1575,.T.);
#1575 = LINE('',#1576,#1577);
#1576 = CARTESIAN_POINT('',(-113.,7.,-2.));
#1577 = VECTOR('',#1578,1.);
#1578 = DIRECTION('',(0.,0.,1.));
#1579 = ORIENTED_EDGE('',*,*,#744,.F.);
#1580 = PLANE('',#1581);
#1581 = AXIS2_PLACEMENT_3D('',#1582,#1583,#1584);
#1582 = CARTESIAN_POINT('',(-113.,7.,-2.));
#1583 = DIRECTION('',(-0.,1.,0.));
#1584 = DIRECTION('',(0.,0.,1.));
#1585 = ADVANCED_FACE('',(#1586),#1604,.F.);
#1586 = FACE_BOUND('',#1587,.F.);
#1587 = EDGE_LOOP('',(#1588,#1589,#1597,#1603));
#1588 = ORIENTED_EDGE('',*,*,#1558,.F.);
#1589 = ORIENTED_EDGE('',*,*,#1590,.T.);
#1590 = EDGE_CURVE('',#1559,#1591,#1593,.T.);
#1591 = VERTEX_POINT('',#1592);
#1592 = CARTESIAN_POINT('',(-97.,17.,0.));
#1593 = LINE('',#1594,#1595);
#1594 = CARTESIAN_POINT('',(-97.,5.,0.));
#1595 = VECTOR('',#1596,1.);
#1596 = DIRECTION('',(-0.,1.,0.));
#1597 = ORIENTED_EDGE('',*,*,#1598,.T.);
#1598 = EDGE_CURVE('',#1591,#763,#1599,.T.);
#1599 = LINE('',#1600,#1601);
#1600 = CARTESIAN_POINT('',(-97.,17.,-2.));
#1601 = VECTOR('',#1602,1.);
#1602 = DIRECTION('',(0.,0.,1.));
#1603 = ORIENTED_EDGE('',*,*,#770,.F.);
#1604 = PLANE('',#1605);
#1605 = AXIS2_PLACEMENT_3D('',#1606,#1607,#1608);
#1606 = CARTESIAN_POINT('',(-97.,7.,-2.));
#1607 = DIRECTION('',(1.,0.,-0.));
#1608 = DIRECTION('',(0.,0.,1.));
#1609 = ADVANCED_FACE('',(#1610),#1628,.F.);
#1610 = FACE_BOUND('',#1611,.F.);
#1611 = EDGE_LOOP('',(#1612,#1613,#1621,#1627));
#1612 = ORIENTED_EDGE('',*,*,#1598,.F.);
#1613 = ORIENTED_EDGE('',*,*,#1614,.T.);
#1614 = EDGE_CURVE('',#1591,#1615,#1617,.T.);
#1615 = VERTEX_POINT('',#1616);
#1616 = CARTESIAN_POINT('',(-113.,17.,0.));
#1617 = LINE('',#1618,#1619);
#1618 = CARTESIAN_POINT('',(-133.83,17.,0.));
#1619 = VECTOR('',#1620,1.);
#1620 = DIRECTION('',(-1.,-0.,0.));
#1621 = ORIENTED_EDGE('',*,*,#1622,.T.);
#1622 = EDGE_CURVE('',#1615,#755,#1623,.T.);
#1623 = LINE('',#1624,#1625);
#1624 = CARTESIAN_POINT('',(-113.,17.,-2.));
#1625 = VECTOR('',#1626,1.);
#1626 = DIRECTION('',(0.,0.,1.));
#1627 = ORIENTED_EDGE('',*,*,#762,.F.);
#1628 = PLANE('',#1629);
#1629 = AXIS2_PLACEMENT_3D('',#1630,#1631,#1632);
#1630 = CARTESIAN_POINT('',(-113.,17.,-2.));
#1631 = DIRECTION('',(-0.,1.,0.));
#1632 = DIRECTION('',(0.,0.,1.));
#1633 = ADVANCED_FACE('',(#1634),#1645,.T.);
#1634 = FACE_BOUND('',#1635,.T.);
#1635 = EDGE_LOOP('',(#1636,#1637,#1643,#1644));
#1636 = ORIENTED_EDGE('',*,*,#1574,.F.);
#1637 = ORIENTED_EDGE('',*,*,#1638,.T.);
#1638 = EDGE_CURVE('',#1567,#1615,#1639,.T.);
#1639 = LINE('',#1640,#1641);
#1640 = CARTESIAN_POINT('',(-113.,5.,0.));
#1641 = VECTOR('',#1642,1.);
#1642 = DIRECTION('',(-0.,1.,0.));
#1643 = ORIENTED_EDGE('',*,*,#1622,.T.);
#1644 = ORIENTED_EDGE('',*,*,#754,.F.);
#1645 = PLANE('',#1646);
#1646 = AXIS2_PLACEMENT_3D('',#1647,#1648,#1649);
#1647 = CARTESIAN_POINT('',(-113.,7.,-2.));
#1648 = DIRECTION('',(1.,0.,-0.));
#1649 = DIRECTION('',(0.,0.,1.));
#1650 = ADVANCED_FACE('',(#1651),#1670,.F.);
#1651 = FACE_BOUND('',#1652,.F.);
#1652 = EDGE_LOOP('',(#1653,#1662,#1668,#1669));
#1653 = ORIENTED_EDGE('',*,*,#1654,.F.);
#1654 = EDGE_CURVE('',#1655,#1655,#1657,.T.);
#1655 = VERTEX_POINT('',#1656);
#1656 = CARTESIAN_POINT('',(64.66,18.,25.7));
#1657 = CIRCLE('',#1658,1.7);
#1658 = AXIS2_PLACEMENT_3D('',#1659,#1660,#1661);
#1659 = CARTESIAN_POINT('',(64.66,18.,24.));
#1660 = DIRECTION('',(1.,0.,0.));
#1661 = DIRECTION('',(-0.,0.,1.));
#1662 = ORIENTED_EDGE('',*,*,#1663,.F.);
#1663 = EDGE_CURVE('',#803,#1655,#1664,.T.);
#1664 = LINE('',#1665,#1666);
#1665 = CARTESIAN_POINT('',(59.66,18.,25.7));
#1666 = VECTOR('',#1667,1.);
#1667 = DIRECTION('',(1.,0.,0.));
#1668 = ORIENTED_EDGE('',*,*,#802,.T.);
#1669 = ORIENTED_EDGE('',*,*,#1663,.T.);
#1670 = CYLINDRICAL_SURFACE('',#1671,1.7);
#1671 = AXIS2_PLACEMENT_3D('',#1672,#1673,#1674);
#1672 = CARTESIAN_POINT('',(59.66,18.,24.));
#1673 = DIRECTION('',(1.,0.,0.));
#1674 = DIRECTION('',(-0.,0.,1.));
#1675 = ADVANCED_FACE('',(#1676),#1695,.F.);
#1676 = FACE_BOUND('',#1677,.F.);
#1677 = EDGE_LOOP('',(#1678,#1687,#1693,#1694));
#1678 = ORIENTED_EDGE('',*,*,#1679,.F.);
#1679 = EDGE_CURVE('',#1680,#1680,#1682,.T.);
#1680 = VERTEX_POINT('',#1681);
#1681 = CARTESIAN_POINT('',(64.66,18.,36.2));
#1682 = CIRCLE('',#1683,1.7);
#1683 = AXIS2_PLACEMENT_3D('',#1684,#1685,#1686);
#1684 = CARTESIAN_POINT('',(64.66,18.,34.5));
#1685 = DIRECTION('',(1.,0.,0.));
#1686 = DIRECTION('',(-0.,0.,1.));
#1687 = ORIENTED_EDGE('',*,*,#1688,.F.);
#1688 = EDGE_CURVE('',#814,#1680,#1689,.T.);
#1689 = LINE('',#1690,#1691);
#1690 = CARTESIAN_POINT('',(59.66,18.,36.2));
#1691 = VECTOR('',#1692,1.);
#1692 = DIRECTION('',(1.,0.,0.));
#1693 = ORIENTED_EDGE('',*,*,#813,.T.);
#1694 = ORIENTED_EDGE('',*,*,#1688,.T.);
#1695 = CYLINDRICAL_SURFACE('',#1696,1.7);
#1696 = AXIS2_PLACEMENT_3D('',#1697,#1698,#1699);
#1697 = CARTESIAN_POINT('',(59.66,18.,34.5));
#1698 = DIRECTION('',(1.,0.,0.));
#1699 = DIRECTION('',(-0.,0.,1.));
#1700 = ADVANCED_FACE('',(#1701),#1720,.F.);
#1701 = FACE_BOUND('',#1702,.F.);
#1702 = EDGE_LOOP('',(#1703,#1712,#1718,#1719));
#1703 = ORIENTED_EDGE('',*,*,#1704,.F.);
#1704 = EDGE_CURVE('',#1705,#1705,#1707,.T.);
#1705 = VERTEX_POINT('',#1706);
#1706 = CARTESIAN_POINT('',(64.66,18.,111.82));
#1707 = CIRCLE('',#1708,1.7);
#1708 = AXIS2_PLACEMENT_3D('',#1709,#1710,#1711);
#1709 = CARTESIAN_POINT('',(64.66,18.,110.12));
#1710 = DIRECTION('',(1.,0.,0.));
#1711 = DIRECTION('',(-0.,0.,1.));
#1712 = ORIENTED_EDGE('',*,*,#1713,.F.);
#1713 = EDGE_CURVE('',#825,#1705,#1714,.T.);
#1714 = LINE('',#1715,#1716);
#1715 = CARTESIAN_POINT('',(59.66,18.,111.82));
#1716 = VECTOR('',#1717,1.);
#1717 = DIRECTION('',(1.,0.,0.));
#1718 = ORIENTED_EDGE('',*,*,#824,.T.);
#1719 = ORIENTED_EDGE('',*,*,#1713,.T.);
#1720 = CYLINDRICAL_SURFACE('',#1721,1.7);
#1721 = AXIS2_PLACEMENT_3D('',#1722,#1723,#1724);
#1722 = CARTESIAN_POINT('',(59.66,18.,110.12));
#1723 = DIRECTION('',(1.,0.,0.));
#1724 = DIRECTION('',(-0.,0.,1.));
#1725 = ADVANCED_FACE('',(#1726),#1745,.F.);
#1726 = FACE_BOUND('',#1727,.F.);
#1727 = EDGE_LOOP('',(#1728,#1737,#1743,#1744));
#1728 = ORIENTED_EDGE('',*,*,#1729,.F.);
#1729 = EDGE_CURVE('',#1730,#1730,#1732,.T.);
#1730 = VERTEX_POINT('',#1731);
#1731 = CARTESIAN_POINT('',(64.66,18.,180.94));
#1732 = CIRCLE('',#1733,1.7);
#1733 = AXIS2_PLACEMENT_3D('',#1734,#1735,#1736);
#1734 = CARTESIAN_POINT('',(64.66,18.,179.24));
#1735 = DIRECTION('',(1.,0.,0.));
#1736 = DIRECTION('',(-0.,0.,1.));
#1737 = ORIENTED_EDGE('',*,*,#1738,.F.);
#1738 = EDGE_CURVE('',#836,#1730,#1739,.T.);
#1739 = LINE('',#1740,#1741);
#1740 = CARTESIAN_POINT('',(59.66,18.,180.94));
#1741 = VECTOR('',#1742,1.);
#1742 = DIRECTION('',(1.,0.,0.));
#1743 = ORIENTED_EDGE('',*,*,#835,.T.);
#1744 = ORIENTED_EDGE('',*,*,#1738,.T.);
#1745 = CYLINDRICAL_SURFACE('',#1746,1.7);
#1746 = AXIS2_PLACEMENT_3D('',#1747,#1748,#1749);
#1747 = CARTESIAN_POINT('',(59.66,18.,179.24));
#1748 = DIRECTION('',(1.,0.,0.));
#1749 = DIRECTION('',(-0.,0.,1.));
#1750 = ADVANCED_FACE('',(#1751),#1771,.F.);
#1751 = FACE_BOUND('',#1752,.F.);
#1752 = EDGE_LOOP('',(#1753,#1761,#1762,#1763,#1764));
#1753 = ORIENTED_EDGE('',*,*,#1754,.T.);
#1754 = EDGE_CURVE('',#1755,#894,#1757,.T.);
#1755 = VERTEX_POINT('',#1756);
#1756 = CARTESIAN_POINT('',(-149.16,54.56,14.75));
#1757 = LINE('',#1758,#1759);
#1758 = CARTESIAN_POINT('',(-149.16,54.56,14.75));
#1759 = VECTOR('',#1760,1.);
#1760 = DIRECTION('',(1.25419640541E-16,-0.858946974209,0.512064542317)
  );
#1761 = ORIENTED_EDGE('',*,*,#912,.F.);
#1762 = ORIENTED_EDGE('',*,*,#893,.F.);
#1763 = ORIENTED_EDGE('',*,*,#1754,.F.);
#1764 = ORIENTED_EDGE('',*,*,#1765,.T.);
#1765 = EDGE_CURVE('',#1755,#1755,#1766,.T.);
#1766 = CIRCLE('',#1767,3.25);
#1767 = AXIS2_PLACEMENT_3D('',#1768,#1769,#1770);
#1768 = CARTESIAN_POINT('',(-149.16,54.56,18.));
#1769 = DIRECTION('',(0.,-1.,0.));
#1770 = DIRECTION('',(0.,-0.,-1.));
#1771 = CONICAL_SURFACE('',#1772,3.25,0.537586646659);
#1772 = AXIS2_PLACEMENT_3D('',#1773,#1774,#1775);
#1773 = CARTESIAN_POINT('',(-149.16,54.56,18.));
#1774 = DIRECTION('',(-0.,1.,-0.));
#1775 = DIRECTION('',(0.,-0.,-1.));
#1776 = ADVANCED_FACE('',(#1777),#1797,.F.);
#1777 = FACE_BOUND('',#1778,.F.);
#1778 = EDGE_LOOP('',(#1779,#1787,#1788,#1789,#1790));
#1779 = ORIENTED_EDGE('',*,*,#1780,.T.);
#1780 = EDGE_CURVE('',#1781,#928,#1783,.T.);
#1781 = VERTEX_POINT('',#1782);
#1782 = CARTESIAN_POINT('',(-112.06,54.56,91.51));
#1783 = LINE('',#1784,#1785);
#1784 = CARTESIAN_POINT('',(-112.06,54.56,91.51));
#1785 = VECTOR('',#1786,1.);
#1786 = DIRECTION('',(1.25419640541E-16,-0.858946974209,0.512064542317)
  );
#1787 = ORIENTED_EDGE('',*,*,#946,.F.);
#1788 = ORIENTED_EDGE('',*,*,#927,.F.);
#1789 = ORIENTED_EDGE('',*,*,#1780,.F.);
#1790 = ORIENTED_EDGE('',*,*,#1791,.T.);
#1791 = EDGE_CURVE('',#1781,#1781,#1792,.T.);
#1792 = CIRCLE('',#1793,3.25);
#1793 = AXIS2_PLACEMENT_3D('',#1794,#1795,#1796);
#1794 = CARTESIAN_POINT('',(-112.06,54.56,94.76));
#1795 = DIRECTION('',(0.,-1.,0.));
#1796 = DIRECTION('',(0.,-0.,-1.));
#1797 = CONICAL_SURFACE('',#1798,3.25,0.537586646659);
#1798 = AXIS2_PLACEMENT_3D('',#1799,#1800,#1801);
#1799 = CARTESIAN_POINT('',(-112.06,54.56,94.76));
#1800 = DIRECTION('',(-0.,1.,-0.));
#1801 = DIRECTION('',(0.,-0.,-1.));
#1802 = ADVANCED_FACE('',(#1803),#1823,.F.);
#1803 = FACE_BOUND('',#1804,.F.);
#1804 = EDGE_LOOP('',(#1805,#1813,#1814,#1815,#1816));
#1805 = ORIENTED_EDGE('',*,*,#1806,.T.);
#1806 = EDGE_CURVE('',#1807,#962,#1809,.T.);
#1807 = VERTEX_POINT('',#1808);
#1808 = CARTESIAN_POINT('',(-149.16,54.56,96.87));
#1809 = LINE('',#1810,#1811);
#1810 = CARTESIAN_POINT('',(-149.16,54.56,96.87));
#1811 = VECTOR('',#1812,1.);
#1812 = DIRECTION('',(1.25419640541E-16,-0.858946974209,0.512064542317)
  );
#1813 = ORIENTED_EDGE('',*,*,#980,.F.);
#1814 = ORIENTED_EDGE('',*,*,#961,.F.);
#1815 = ORIENTED_EDGE('',*,*,#1806,.F.);
#1816 = ORIENTED_EDGE('',*,*,#1817,.T.);
#1817 = EDGE_CURVE('',#1807,#1807,#1818,.T.);
#1818 = CIRCLE('',#1819,3.25);
#1819 = AXIS2_PLACEMENT_3D('',#1820,#1821,#1822);
#1820 = CARTESIAN_POINT('',(-149.16,54.56,100.12));
#1821 = DIRECTION('',(0.,-1.,0.));
#1822 = DIRECTION('',(0.,-0.,-1.));
#1823 = CONICAL_SURFACE('',#1824,3.25,0.537586646659);
#1824 = AXIS2_PLACEMENT_3D('',#1825,#1826,#1827);
#1825 = CARTESIAN_POINT('',(-149.16,54.56,100.12));
#1826 = DIRECTION('',(-0.,1.,-0.));
#1827 = DIRECTION('',(0.,-0.,-1.));
#1828 = ADVANCED_FACE('',(#1829),#1849,.F.);
#1829 = FACE_BOUND('',#1830,.F.);
#1830 = EDGE_LOOP('',(#1831,#1839,#1840,#1841,#1842));
#1831 = ORIENTED_EDGE('',*,*,#1832,.T.);
#1832 = EDGE_CURVE('',#1833,#996,#1835,.T.);
#1833 = VERTEX_POINT('',#1834);
#1834 = CARTESIAN_POINT('',(-149.16,54.56,181.99));
#1835 = LINE('',#1836,#1837);
#1836 = CARTESIAN_POINT('',(-149.16,54.56,181.99));
#1837 = VECTOR('',#1838,1.);
#1838 = DIRECTION('',(1.25419640541E-16,-0.858946974209,0.512064542317)
  );
#1839 = ORIENTED_EDGE('',*,*,#1014,.F.);
#1840 = ORIENTED_EDGE('',*,*,#995,.F.);
#1841 = ORIENTED_EDGE('',*,*,#1832,.F.);
#1842 = ORIENTED_EDGE('',*,*,#1843,.T.);
#1843 = EDGE_CURVE('',#1833,#1833,#1844,.T.);
#1844 = CIRCLE('',#1845,3.25);
#1845 = AXIS2_PLACEMENT_3D('',#1846,#1847,#1848);
#1846 = CARTESIAN_POINT('',(-149.16,54.56,185.24));
#1847 = DIRECTION('',(0.,-1.,0.));
#1848 = DIRECTION('',(0.,-0.,-1.));
#1849 = CONICAL_SURFACE('',#1850,3.25,0.537586646659);
#1850 = AXIS2_PLACEMENT_3D('',#1851,#1852,#1853);
#1851 = CARTESIAN_POINT('',(-149.16,54.56,185.24));
#1852 = DIRECTION('',(-0.,1.,-0.));
#1853 = DIRECTION('',(0.,-0.,-1.));
#1854 = ADVANCED_FACE('',(#1855),#1875,.F.);
#1855 = FACE_BOUND('',#1856,.F.);
#1856 = EDGE_LOOP('',(#1857,#1865,#1866,#1867,#1868));
#1857 = ORIENTED_EDGE('',*,*,#1858,.T.);
#1858 = EDGE_CURVE('',#1859,#1030,#1861,.T.);
#1859 = VERTEX_POINT('',#1860);
#1860 = CARTESIAN_POINT('',(-112.06,54.56,162.23));
#1861 = LINE('',#1862,#1863);
#1862 = CARTESIAN_POINT('',(-112.06,54.56,162.23));
#1863 = VECTOR('',#1864,1.);
#1864 = DIRECTION('',(1.25419640541E-16,-0.858946974209,0.512064542317)
  );
#1865 = ORIENTED_EDGE('',*,*,#1048,.F.);
#1866 = ORIENTED_EDGE('',*,*,#1029,.F.);
#1867 = ORIENTED_EDGE('',*,*,#1858,.F.);
#1868 = ORIENTED_EDGE('',*,*,#1869,.T.);
#1869 = EDGE_CURVE('',#1859,#1859,#1870,.T.);
#1870 = CIRCLE('',#1871,3.25);
#1871 = AXIS2_PLACEMENT_3D('',#1872,#1873,#1874);
#1872 = CARTESIAN_POINT('',(-112.06,54.56,165.48));
#1873 = DIRECTION('',(0.,-1.,0.));
#1874 = DIRECTION('',(0.,-0.,-1.));
#1875 = CONICAL_SURFACE('',#1876,3.25,0.537586646659);
#1876 = AXIS2_PLACEMENT_3D('',#1877,#1878,#1879);
#1877 = CARTESIAN_POINT('',(-112.06,54.56,165.48));
#1878 = DIRECTION('',(-0.,1.,-0.));
#1879 = DIRECTION('',(0.,-0.,-1.));
#1880 = ADVANCED_FACE('',(#1881,#1887),#1921,.F.);
#1881 = FACE_BOUND('',#1882,.F.);
#1882 = EDGE_LOOP('',(#1883,#1884,#1885,#1886));
#1883 = ORIENTED_EDGE('',*,*,#1095,.F.);
#1884 = ORIENTED_EDGE('',*,*,#1063,.T.);
#1885 = ORIENTED_EDGE('',*,*,#1119,.T.);
#1886 = ORIENTED_EDGE('',*,*,#1142,.F.);
#1887 = FACE_BOUND('',#1888,.F.);
#1888 = EDGE_LOOP('',(#1889,#1899,#1907,#1915));
#1889 = ORIENTED_EDGE('',*,*,#1890,.F.);
#1890 = EDGE_CURVE('',#1891,#1893,#1895,.T.);
#1891 = VERTEX_POINT('',#1892);
#1892 = CARTESIAN_POINT('',(-17.,47.56,45.5));
#1893 = VERTEX_POINT('',#1894);
#1894 = CARTESIAN_POINT('',(8.,47.56,45.5));
#1895 = LINE('',#1896,#1897);
#1896 = CARTESIAN_POINT('',(-18.,47.56,45.5));
#1897 = VECTOR('',#1898,1.);
#1898 = DIRECTION('',(1.,0.,-0.));
#1899 = ORIENTED_EDGE('',*,*,#1900,.T.);
#1900 = EDGE_CURVE('',#1891,#1901,#1903,.T.);
#1901 = VERTEX_POINT('',#1902);
#1902 = CARTESIAN_POINT('',(-17.,47.56,23.5));
#1903 = LINE('',#1904,#1905);
#1904 = CARTESIAN_POINT('',(-17.,47.56,22.5));
#1905 = VECTOR('',#1906,1.);
#1906 = DIRECTION('',(-0.,0.,-1.));
#1907 = ORIENTED_EDGE('',*,*,#1908,.T.);
#1908 = EDGE_CURVE('',#1901,#1909,#1911,.T.);
#1909 = VERTEX_POINT('',#1910);
#1910 = CARTESIAN_POINT('',(8.,47.56,23.5));
#1911 = LINE('',#1912,#1913);
#1912 = CARTESIAN_POINT('',(-18.,47.56,23.5));
#1913 = VECTOR('',#1914,1.);
#1914 = DIRECTION('',(1.,0.,-0.));
#1915 = ORIENTED_EDGE('',*,*,#1916,.F.);
#1916 = EDGE_CURVE('',#1893,#1909,#1917,.T.);
#1917 = LINE('',#1918,#1919);
#1918 = CARTESIAN_POINT('',(8.,47.56,22.5));
#1919 = VECTOR('',#1920,1.);
#1920 = DIRECTION('',(-0.,0.,-1.));
#1921 = PLANE('',#1922);
#1922 = AXIS2_PLACEMENT_3D('',#1923,#1924,#1925);
#1923 = CARTESIAN_POINT('',(-19.,47.56,21.5));
#1924 = DIRECTION('',(-0.,1.,0.));
#1925 = DIRECTION('',(0.,0.,1.));
#1926 = ADVANCED_FACE('',(#1927,#1933),#1967,.F.);
#1927 = FACE_BOUND('',#1928,.F.);
#1928 = EDGE_LOOP('',(#1929,#1930,#1931,#1932));
#1929 = ORIENTED_EDGE('',*,*,#1167,.F.);
#1930 = ORIENTED_EDGE('',*,*,#1190,.T.);
#1931 = ORIENTED_EDGE('',*,*,#1239,.T.);
#1932 = ORIENTED_EDGE('',*,*,#1214,.F.);
#1933 = FACE_BOUND('',#1934,.F.);
#1934 = EDGE_LOOP('',(#1935,#1945,#1953,#1961));
#1935 = ORIENTED_EDGE('',*,*,#1936,.F.);
#1936 = EDGE_CURVE('',#1937,#1939,#1941,.T.);
#1937 = VERTEX_POINT('',#1938);
#1938 = CARTESIAN_POINT('',(14.,47.56,40.5));
#1939 = VERTEX_POINT('',#1940);
#1940 = CARTESIAN_POINT('',(39.,47.56,40.5));
#1941 = LINE('',#1942,#1943);
#1942 = CARTESIAN_POINT('',(13.,47.56,40.5));
#1943 = VECTOR('',#1944,1.);
#1944 = DIRECTION('',(1.,0.,-0.));
#1945 = ORIENTED_EDGE('',*,*,#1946,.T.);
#1946 = EDGE_CURVE('',#1937,#1947,#1949,.T.);
#1947 = VERTEX_POINT('',#1948);
#1948 = CARTESIAN_POINT('',(14.,47.56,28.5));
#1949 = LINE('',#1950,#1951);
#1950 = CARTESIAN_POINT('',(14.,47.56,27.5));
#1951 = VECTOR('',#1952,1.);
#1952 = DIRECTION('',(-0.,0.,-1.));
#1953 = ORIENTED_EDGE('',*,*,#1954,.T.);
#1954 = EDGE_CURVE('',#1947,#1955,#1957,.T.);
#1955 = VERTEX_POINT('',#1956);
#1956 = CARTESIAN_POINT('',(39.,47.56,28.5));
#1957 = LINE('',#1958,#1959);
#1958 = CARTESIAN_POINT('',(13.,47.56,28.5));
#1959 = VECTOR('',#1960,1.);
#1960 = DIRECTION('',(1.,0.,-0.));
#1961 = ORIENTED_EDGE('',*,*,#1962,.F.);
#1962 = EDGE_CURVE('',#1939,#1955,#1963,.T.);
#1963 = LINE('',#1964,#1965);
#1964 = CARTESIAN_POINT('',(39.,47.56,27.5));
#1965 = VECTOR('',#1966,1.);
#1966 = DIRECTION('',(-0.,0.,-1.));
#1967 = PLANE('',#1968);
#1968 = AXIS2_PLACEMENT_3D('',#1969,#1970,#1971);
#1969 = CARTESIAN_POINT('',(12.,47.56,26.5));
#1970 = DIRECTION('',(-0.,1.,0.));
#1971 = DIRECTION('',(0.,0.,1.));
#1972 = ADVANCED_FACE('',(#1973),#1993,.F.);
#1973 = FACE_BOUND('',#1974,.F.);
#1974 = EDGE_LOOP('',(#1975,#1983,#1984,#1985,#1986));
#1975 = ORIENTED_EDGE('',*,*,#1976,.T.);
#1976 = EDGE_CURVE('',#1977,#1256,#1979,.T.);
#1977 = VERTEX_POINT('',#1978);
#1978 = CARTESIAN_POINT('',(59.16,54.56,14.75));
#1979 = LINE('',#1980,#1981);
#1980 = CARTESIAN_POINT('',(59.16,54.56,14.75));
#1981 = VECTOR('',#1982,1.);
#1982 = DIRECTION('',(1.25419640541E-16,-0.858946974209,0.512064542317)
  );
#1983 = ORIENTED_EDGE('',*,*,#1274,.F.);
#1984 = ORIENTED_EDGE('',*,*,#1255,.F.);
#1985 = ORIENTED_EDGE('',*,*,#1976,.F.);
#1986 = ORIENTED_EDGE('',*,*,#1987,.T.);
#1987 = EDGE_CURVE('',#1977,#1977,#1988,.T.);
#1988 = CIRCLE('',#1989,3.25);
#1989 = AXIS2_PLACEMENT_3D('',#1990,#1991,#1992);
#1990 = CARTESIAN_POINT('',(59.16,54.56,18.));
#1991 = DIRECTION('',(0.,-1.,0.));
#1992 = DIRECTION('',(0.,-0.,-1.));
#1993 = CONICAL_SURFACE('',#1994,3.25,0.537586646659);
#1994 = AXIS2_PLACEMENT_3D('',#1995,#1996,#1997);
#1995 = CARTESIAN_POINT('',(59.16,54.56,18.));
#1996 = DIRECTION('',(-0.,1.,-0.));
#1997 = DIRECTION('',(0.,-0.,-1.));
#1998 = ADVANCED_FACE('',(#1999),#2019,.F.);
#1999 = FACE_BOUND('',#2000,.F.);
#2000 = EDGE_LOOP('',(#2001,#2009,#2010,#2011,#2012));
#2001 = ORIENTED_EDGE('',*,*,#2002,.T.);
#2002 = EDGE_CURVE('',#2003,#1290,#2005,.T.);
#2003 = VERTEX_POINT('',#2004);
#2004 = CARTESIAN_POINT('',(27.94,54.56,91.51));
#2005 = LINE('',#2006,#2007);
#2006 = CARTESIAN_POINT('',(27.94,54.56,91.51));
#2007 = VECTOR('',#2008,1.);
#2008 = DIRECTION('',(1.25419640541E-16,-0.858946974209,0.512064542317)
  );
#2009 = ORIENTED_EDGE('',*,*,#1308,.F.);
#2010 = ORIENTED_EDGE('',*,*,#1289,.F.);
#2011 = ORIENTED_EDGE('',*,*,#2002,.F.);
#2012 = ORIENTED_EDGE('',*,*,#2013,.T.);
#2013 = EDGE_CURVE('',#2003,#2003,#2014,.T.);
#2014 = CIRCLE('',#2015,3.25);
#2015 = AXIS2_PLACEMENT_3D('',#2016,#2017,#2018);
#2016 = CARTESIAN_POINT('',(27.94,54.56,94.76));
#2017 = DIRECTION('',(0.,-1.,0.));
#2018 = DIRECTION('',(0.,-0.,-1.));
#2019 = CONICAL_SURFACE('',#2020,3.25,0.537586646659);
#2020 = AXIS2_PLACEMENT_3D('',#2021,#2022,#2023);
#2021 = CARTESIAN_POINT('',(27.94,54.56,94.76));
#2022 = DIRECTION('',(-0.,1.,-0.));
#2023 = DIRECTION('',(0.,-0.,-1.));
#2024 = ADVANCED_FACE('',(#2025,#2091,#2094,#2097,#2100,#2103,#2106,
    #2402,#2405,#2408,#2424,#2458,#2469,#2480),#2491,.T.);
#2025 = FACE_BOUND('',#2026,.T.);
#2026 = EDGE_LOOP('',(#2027,#2037,#2045,#2053,#2061,#2069,#2077,#2085));
#2027 = ORIENTED_EDGE('',*,*,#2028,.F.);
#2028 = EDGE_CURVE('',#2029,#2031,#2033,.T.);
#2029 = VERTEX_POINT('',#2030);
#2030 = CARTESIAN_POINT('',(-154.66,54.56,0.));
#2031 = VERTEX_POINT('',#2032);
#2032 = CARTESIAN_POINT('',(-149.66,54.56,0.));
#2033 = LINE('',#2034,#2035);
#2034 = CARTESIAN_POINT('',(-154.66,54.56,0.));
#2035 = VECTOR('',#2036,1.);
#2036 = DIRECTION('',(1.,0.,-0.));
#2037 = ORIENTED_EDGE('',*,*,#2038,.T.);
#2038 = EDGE_CURVE('',#2029,#2039,#2041,.T.);
#2039 = VERTEX_POINT('',#2040);
#2040 = CARTESIAN_POINT('',(-154.66,54.56,200.24));
#2041 = LINE('',#2042,#2043);
#2042 = CARTESIAN_POINT('',(-154.66,54.56,0.));
#2043 = VECTOR('',#2044,1.);
#2044 = DIRECTION('',(0.,0.,1.));
#2045 = ORIENTED_EDGE('',*,*,#2046,.T.);
#2046 = EDGE_CURVE('',#2039,#2047,#2049,.T.);
#2047 = VERTEX_POINT('',#2048);
#2048 = CARTESIAN_POINT('',(64.66,54.56,200.24));
#2049 = LINE('',#2050,#2051);
#2050 = CARTESIAN_POINT('',(-154.66,54.56,200.24));
#2051 = VECTOR('',#2052,1.);
#2052 = DIRECTION('',(1.,0.,-0.));
#2053 = ORIENTED_EDGE('',*,*,#2054,.F.);
#2054 = EDGE_CURVE('',#2055,#2047,#2057,.T.);
#2055 = VERTEX_POINT('',#2056);
#2056 = CARTESIAN_POINT('',(64.66,54.56,0.));
#2057 = LINE('',#2058,#2059);
#2058 = CARTESIAN_POINT('',(64.66,54.56,0.));
#2059 = VECTOR('',#2060,1.);
#2060 = DIRECTION('',(0.,0.,1.));
#2061 = ORIENTED_EDGE('',*,*,#2062,.F.);
#2062 = EDGE_CURVE('',#2063,#2055,#2065,.T.);
#2063 = VERTEX_POINT('',#2064);
#2064 = CARTESIAN_POINT('',(59.66,54.56,0.));
#2065 = LINE('',#2066,#2067);
#2066 = CARTESIAN_POINT('',(-154.66,54.56,0.));
#2067 = VECTOR('',#2068,1.);
#2068 = DIRECTION('',(1.,0.,-0.));
#2069 = ORIENTED_EDGE('',*,*,#2070,.F.);
#2070 = EDGE_CURVE('',#2071,#2063,#2073,.T.);
#2071 = VERTEX_POINT('',#2072);
#2072 = CARTESIAN_POINT('',(59.66,54.56,7.5));
#2073 = LINE('',#2074,#2075);
#2074 = CARTESIAN_POINT('',(59.66,54.56,-1.25));
#2075 = VECTOR('',#2076,1.);
#2076 = DIRECTION('',(-0.,0.,-1.));
#2077 = ORIENTED_EDGE('',*,*,#2078,.F.);
#2078 = EDGE_CURVE('',#2079,#2071,#2081,.T.);
#2079 = VERTEX_POINT('',#2080);
#2080 = CARTESIAN_POINT('',(-149.66,54.56,7.5));
#2081 = LINE('',#2082,#2083);
#2082 = CARTESIAN_POINT('',(-152.16,54.56,7.5));
#2083 = VECTOR('',#2084,1.);
#2084 = DIRECTION('',(1.,0.,-0.));
#2085 = ORIENTED_EDGE('',*,*,#2086,.T.);
#2086 = EDGE_CURVE('',#2079,#2031,#2087,.T.);
#2087 = LINE('',#2088,#2089);
#2088 = CARTESIAN_POINT('',(-149.66,54.56,-1.25));
#2089 = VECTOR('',#2090,1.);
#2090 = DIRECTION('',(-0.,0.,-1.));
#2091 = FACE_BOUND('',#2092,.T.);
#2092 = EDGE_LOOP('',(#2093));
#2093 = ORIENTED_EDGE('',*,*,#1765,.T.);
#2094 = FACE_BOUND('',#2095,.T.);
#2095 = EDGE_LOOP('',(#2096));
#2096 = ORIENTED_EDGE('',*,*,#1791,.T.);
#2097 = FACE_BOUND('',#2098,.T.);
#2098 = EDGE_LOOP('',(#2099));
#2099 = ORIENTED_EDGE('',*,*,#1817,.T.);
#2100 = FACE_BOUND('',#2101,.T.);
#2101 = EDGE_LOOP('',(#2102));
#2102 = ORIENTED_EDGE('',*,*,#1843,.T.);
#2103 = FACE_BOUND('',#2104,.T.);
#2104 = EDGE_LOOP('',(#2105));
#2105 = ORIENTED_EDGE('',*,*,#1869,.T.);
#2106 = FACE_BOUND('',#2107,.T.);
#2107 = EDGE_LOOP('',(#2108,#2119,#2128,#2137,#2146,#2155,#2164,#2173,
    #2181,#2189,#2197,#2206,#2215,#2224,#2233,#2242,#2250,#2258,#2266,
    #2274,#2282,#2290,#2299,#2308,#2317,#2326,#2335,#2343,#2351,#2359,
    #2368,#2377,#2386,#2395));
#2108 = ORIENTED_EDGE('',*,*,#2109,.F.);
#2109 = EDGE_CURVE('',#2110,#2112,#2114,.T.);
#2110 = VERTEX_POINT('',#2111);
#2111 = CARTESIAN_POINT('',(-45.,54.56,59.5));
#2112 = VERTEX_POINT('',#2113);
#2113 = CARTESIAN_POINT('',(-30.77777600852,54.56,55.06035857509));
#2114 = CIRCLE('',#2115,25.);
#2115 = AXIS2_PLACEMENT_3D('',#2116,#2117,#2118);
#2116 = CARTESIAN_POINT('',(-45.,54.56,34.5));
#2117 = DIRECTION('',(0.,1.,0.));
#2118 = DIRECTION('',(0.,-0.,1.));
#2119 = ORIENTED_EDGE('',*,*,#2120,.F.);
#2120 = EDGE_CURVE('',#2121,#2110,#2123,.T.);
#2121 = VERTEX_POINT('',#2122);
#2122 = CARTESIAN_POINT('',(-59.22222399147,54.56,55.06035857509));
#2123 = CIRCLE('',#2124,25.);
#2124 = AXIS2_PLACEMENT_3D('',#2125,#2126,#2127);
#2125 = CARTESIAN_POINT('',(-45.,54.56,34.5));
#2126 = DIRECTION('',(0.,1.,0.));
#2127 = DIRECTION('',(0.,-0.,1.));
#2128 = ORIENTED_EDGE('',*,*,#2129,.F.);
#2129 = EDGE_CURVE('',#2130,#2121,#2132,.T.);
#2130 = VERTEX_POINT('',#2131);
#2131 = CARTESIAN_POINT('',(-61.20801924855,54.56,53.534182725781));
#2132 = CIRCLE('',#2133,25.);
#2133 = AXIS2_PLACEMENT_3D('',#2134,#2135,#2136);
#2134 = CARTESIAN_POINT('',(-45.,54.56,34.5));
#2135 = DIRECTION('',(0.,1.,0.));
#2136 = DIRECTION('',(0.,-0.,1.));
#2137 = ORIENTED_EDGE('',*,*,#2138,.F.);
#2138 = EDGE_CURVE('',#2139,#2130,#2141,.T.);
#2139 = VERTEX_POINT('',#2140);
#2140 = CARTESIAN_POINT('',(-62.67766952966,54.56,54.177669529664));
#2141 = CIRCLE('',#2142,2.);
#2142 = AXIS2_PLACEMENT_3D('',#2143,#2144,#2145);
#2143 = CARTESIAN_POINT('',(-62.67766952966,54.56,52.177669529664));
#2144 = DIRECTION('',(0.,1.,0.));
#2145 = DIRECTION('',(0.,-0.,1.));
#2146 = ORIENTED_EDGE('',*,*,#2147,.F.);
#2147 = EDGE_CURVE('',#2148,#2139,#2150,.T.);
#2148 = VERTEX_POINT('',#2149);
#2149 = CARTESIAN_POINT('',(-64.03418272578,54.56,50.708019248556));
#2150 = CIRCLE('',#2151,2.);
#2151 = AXIS2_PLACEMENT_3D('',#2152,#2153,#2154);
#2152 = CARTESIAN_POINT('',(-62.67766952966,54.56,52.177669529664));
#2153 = DIRECTION('',(0.,1.,0.));
#2154 = DIRECTION('',(0.,-0.,1.));
#2155 = ORIENTED_EDGE('',*,*,#2156,.F.);
#2156 = EDGE_CURVE('',#2157,#2148,#2159,.T.);
#2157 = VERTEX_POINT('',#2158);
#2158 = CARTESIAN_POINT('',(-65.56035857509,54.56,48.722223991476));
#2159 = CIRCLE('',#2160,25.);
#2160 = AXIS2_PLACEMENT_3D('',#2161,#2162,#2163);
#2161 = CARTESIAN_POINT('',(-45.,54.56,34.5));
#2162 = DIRECTION('',(0.,1.,0.));
#2163 = DIRECTION('',(0.,-0.,1.));
#2164 = ORIENTED_EDGE('',*,*,#2165,.F.);
#2165 = EDGE_CURVE('',#2166,#2157,#2168,.T.);
#2166 = VERTEX_POINT('',#2167);
#2167 = CARTESIAN_POINT('',(-66.93171219946,54.56,22.5));
#2168 = CIRCLE('',#2169,25.);
#2169 = AXIS2_PLACEMENT_3D('',#2170,#2171,#2172);
#2170 = CARTESIAN_POINT('',(-45.,54.56,34.5));
#2171 = DIRECTION('',(0.,1.,0.));
#2172 = DIRECTION('',(0.,-0.,1.));
#2173 = ORIENTED_EDGE('',*,*,#2174,.F.);
#2174 = EDGE_CURVE('',#2175,#2166,#2177,.T.);
#2175 = VERTEX_POINT('',#2176);
#2176 = CARTESIAN_POINT('',(-130.66,54.56,22.5));
#2177 = LINE('',#2178,#2179);
#2178 = CARTESIAN_POINT('',(-142.66,54.56,22.5));
#2179 = VECTOR('',#2180,1.);
#2180 = DIRECTION('',(1.,0.,-0.));
#2181 = ORIENTED_EDGE('',*,*,#2182,.T.);
#2182 = EDGE_CURVE('',#2175,#2183,#2185,.T.);
#2183 = VERTEX_POINT('',#2184);
#2184 = CARTESIAN_POINT('',(-130.66,54.56,21.));
#2185 = LINE('',#2186,#2187);
#2186 = CARTESIAN_POINT('',(-130.66,54.56,4.75));
#2187 = VECTOR('',#2188,1.);
#2188 = DIRECTION('',(-0.,0.,-1.));
#2189 = ORIENTED_EDGE('',*,*,#2190,.T.);
#2190 = EDGE_CURVE('',#2183,#2191,#2193,.T.);
#2191 = VERTEX_POINT('',#2192);
#2192 = CARTESIAN_POINT('',(-66.0416254125,54.56,21.));
#2193 = LINE('',#2194,#2195);
#2194 = CARTESIAN_POINT('',(-142.66,54.56,21.));
#2195 = VECTOR('',#2196,1.);
#2196 = DIRECTION('',(1.,0.,-0.));
#2197 = ORIENTED_EDGE('',*,*,#2198,.F.);
#2198 = EDGE_CURVE('',#2199,#2191,#2201,.T.);
#2199 = VERTEX_POINT('',#2200);
#2200 = CARTESIAN_POINT('',(-65.56035857509,54.56,20.277776008524));
#2201 = CIRCLE('',#2202,25.);
#2202 = AXIS2_PLACEMENT_3D('',#2203,#2204,#2205);
#2203 = CARTESIAN_POINT('',(-45.,54.56,34.5));
#2204 = DIRECTION('',(0.,1.,0.));
#2205 = DIRECTION('',(0.,-0.,1.));
#2206 = ORIENTED_EDGE('',*,*,#2207,.F.);
#2207 = EDGE_CURVE('',#2208,#2199,#2210,.T.);
#2208 = VERTEX_POINT('',#2209);
#2209 = CARTESIAN_POINT('',(-64.03418272578,54.56,18.291980751444));
#2210 = CIRCLE('',#2211,25.);
#2211 = AXIS2_PLACEMENT_3D('',#2212,#2213,#2214);
#2212 = CARTESIAN_POINT('',(-45.,54.56,34.5));
#2213 = DIRECTION('',(0.,1.,0.));
#2214 = DIRECTION('',(0.,-0.,1.));
#2215 = ORIENTED_EDGE('',*,*,#2216,.F.);
#2216 = EDGE_CURVE('',#2217,#2208,#2219,.T.);
#2217 = VERTEX_POINT('',#2218);
#2218 = CARTESIAN_POINT('',(-61.20801924855,54.56,15.465817274219));
#2219 = CIRCLE('',#2220,2.);
#2220 = AXIS2_PLACEMENT_3D('',#2221,#2222,#2223);
#2221 = CARTESIAN_POINT('',(-62.67766952966,54.56,16.822330470336));
#2222 = DIRECTION('',(0.,1.,0.));
#2223 = DIRECTION('',(0.,-0.,1.));
#2224 = ORIENTED_EDGE('',*,*,#2225,.F.);
#2225 = EDGE_CURVE('',#2226,#2217,#2228,.T.);
#2226 = VERTEX_POINT('',#2227);
#2227 = CARTESIAN_POINT('',(-59.22222399147,54.56,13.93964142491));
#2228 = CIRCLE('',#2229,25.);
#2229 = AXIS2_PLACEMENT_3D('',#2230,#2231,#2232);
#2230 = CARTESIAN_POINT('',(-45.,54.56,34.5));
#2231 = DIRECTION('',(0.,1.,0.));
#2232 = DIRECTION('',(0.,-0.,1.));
#2233 = ORIENTED_EDGE('',*,*,#2234,.F.);
#2234 = EDGE_CURVE('',#2235,#2226,#2237,.T.);
#2235 = VERTEX_POINT('',#2236);
#2236 = CARTESIAN_POINT('',(-53.52936105461,54.56,11.));
#2237 = CIRCLE('',#2238,25.);
#2238 = AXIS2_PLACEMENT_3D('',#2239,#2240,#2241);
#2239 = CARTESIAN_POINT('',(-45.,54.56,34.5));
#2240 = DIRECTION('',(0.,1.,0.));
#2241 = DIRECTION('',(0.,-0.,1.));
#2242 = ORIENTED_EDGE('',*,*,#2243,.F.);
#2243 = EDGE_CURVE('',#2244,#2235,#2246,.T.);
#2244 = VERTEX_POINT('',#2245);
#2245 = CARTESIAN_POINT('',(-130.66,54.56,11.));
#2246 = LINE('',#2247,#2248);
#2247 = CARTESIAN_POINT('',(-142.66,54.56,11.));
#2248 = VECTOR('',#2249,1.);
#2249 = DIRECTION('',(1.,0.,-0.));
#2250 = ORIENTED_EDGE('',*,*,#2251,.T.);
#2251 = EDGE_CURVE('',#2244,#2252,#2254,.T.);
#2252 = VERTEX_POINT('',#2253);
#2253 = CARTESIAN_POINT('',(-130.66,54.56,9.5));
#2254 = LINE('',#2255,#2256);
#2255 = CARTESIAN_POINT('',(-130.66,54.56,4.75));
#2256 = VECTOR('',#2257,1.);
#2257 = DIRECTION('',(-0.,0.,-1.));
#2258 = ORIENTED_EDGE('',*,*,#2259,.T.);
#2259 = EDGE_CURVE('',#2252,#2260,#2262,.T.);
#2260 = VERTEX_POINT('',#2261);
#2261 = CARTESIAN_POINT('',(-45.,54.56,9.5));
#2262 = LINE('',#2263,#2264);
#2263 = CARTESIAN_POINT('',(-142.66,54.56,9.5));
#2264 = VECTOR('',#2265,1.);
#2265 = DIRECTION('',(1.,0.,-0.));
#2266 = ORIENTED_EDGE('',*,*,#2267,.T.);
#2267 = EDGE_CURVE('',#2260,#2268,#2270,.T.);
#2268 = VERTEX_POINT('',#2269);
#2269 = CARTESIAN_POINT('',(40.66,54.56,9.5));
#2270 = LINE('',#2271,#2272);
#2271 = CARTESIAN_POINT('',(-142.66,54.56,9.5));
#2272 = VECTOR('',#2273,1.);
#2273 = DIRECTION('',(1.,0.,-0.));
#2274 = ORIENTED_EDGE('',*,*,#2275,.F.);
#2275 = EDGE_CURVE('',#2276,#2268,#2278,.T.);
#2276 = VERTEX_POINT('',#2277);
#2277 = CARTESIAN_POINT('',(40.66,54.56,11.));
#2278 = LINE('',#2279,#2280);
#2279 = CARTESIAN_POINT('',(40.66,54.56,4.75));
#2280 = VECTOR('',#2281,1.);
#2281 = DIRECTION('',(-0.,0.,-1.));
#2282 = ORIENTED_EDGE('',*,*,#2283,.F.);
#2283 = EDGE_CURVE('',#2284,#2276,#2286,.T.);
#2284 = VERTEX_POINT('',#2285);
#2285 = CARTESIAN_POINT('',(-36.47063894538,54.56,11.));
#2286 = LINE('',#2287,#2288);
#2287 = CARTESIAN_POINT('',(-142.66,54.56,11.));
#2288 = VECTOR('',#2289,1.);
#2289 = DIRECTION('',(1.,0.,-0.));
#2290 = ORIENTED_EDGE('',*,*,#2291,.F.);
#2291 = EDGE_CURVE('',#2292,#2284,#2294,.T.);
#2292 = VERTEX_POINT('',#2293);
#2293 = CARTESIAN_POINT('',(-30.77777600852,54.56,13.93964142491));
#2294 = CIRCLE('',#2295,25.);
#2295 = AXIS2_PLACEMENT_3D('',#2296,#2297,#2298);
#2296 = CARTESIAN_POINT('',(-45.,54.56,34.5));
#2297 = DIRECTION('',(0.,1.,0.));
#2298 = DIRECTION('',(0.,-0.,1.));
#2299 = ORIENTED_EDGE('',*,*,#2300,.F.);
#2300 = EDGE_CURVE('',#2301,#2292,#2303,.T.);
#2301 = VERTEX_POINT('',#2302);
#2302 = CARTESIAN_POINT('',(-28.79198075144,54.56,15.465817274219));
#2303 = CIRCLE('',#2304,25.);
#2304 = AXIS2_PLACEMENT_3D('',#2305,#2306,#2307);
#2305 = CARTESIAN_POINT('',(-45.,54.56,34.5));
#2306 = DIRECTION('',(0.,1.,0.));
#2307 = DIRECTION('',(0.,-0.,1.));
#2308 = ORIENTED_EDGE('',*,*,#2309,.F.);
#2309 = EDGE_CURVE('',#2310,#2301,#2312,.T.);
#2310 = VERTEX_POINT('',#2311);
#2311 = CARTESIAN_POINT('',(-25.96581727421,54.56,18.291980751444));
#2312 = CIRCLE('',#2313,2.);
#2313 = AXIS2_PLACEMENT_3D('',#2314,#2315,#2316);
#2314 = CARTESIAN_POINT('',(-27.32233047033,54.56,16.822330470336));
#2315 = DIRECTION('',(0.,1.,0.));
#2316 = DIRECTION('',(0.,-0.,1.));
#2317 = ORIENTED_EDGE('',*,*,#2318,.F.);
#2318 = EDGE_CURVE('',#2319,#2310,#2321,.T.);
#2319 = VERTEX_POINT('',#2320);
#2320 = CARTESIAN_POINT('',(-24.43964142491,54.56,20.277776008524));
#2321 = CIRCLE('',#2322,25.);
#2322 = AXIS2_PLACEMENT_3D('',#2323,#2324,#2325);
#2323 = CARTESIAN_POINT('',(-45.,54.56,34.5));
#2324 = DIRECTION('',(0.,1.,0.));
#2325 = DIRECTION('',(0.,-0.,1.));
#2326 = ORIENTED_EDGE('',*,*,#2327,.F.);
#2327 = EDGE_CURVE('',#2328,#2319,#2330,.T.);
#2328 = VERTEX_POINT('',#2329);
#2329 = CARTESIAN_POINT('',(-23.95837458749,54.56,21.));
#2330 = CIRCLE('',#2331,25.);
#2331 = AXIS2_PLACEMENT_3D('',#2332,#2333,#2334);
#2332 = CARTESIAN_POINT('',(-45.,54.56,34.5));
#2333 = DIRECTION('',(0.,1.,0.));
#2334 = DIRECTION('',(0.,-0.,1.));
#2335 = ORIENTED_EDGE('',*,*,#2336,.T.);
#2336 = EDGE_CURVE('',#2328,#2337,#2339,.T.);
#2337 = VERTEX_POINT('',#2338);
#2338 = CARTESIAN_POINT('',(40.66,54.56,21.));
#2339 = LINE('',#2340,#2341);
#2340 = CARTESIAN_POINT('',(-142.66,54.56,21.));
#2341 = VECTOR('',#2342,1.);
#2342 = DIRECTION('',(1.,0.,-0.));
#2343 = ORIENTED_EDGE('',*,*,#2344,.F.);
#2344 = EDGE_CURVE('',#2345,#2337,#2347,.T.);
#2345 = VERTEX_POINT('',#2346);
#2346 = CARTESIAN_POINT('',(40.66,54.56,22.5));
#2347 = LINE('',#2348,#2349);
#2348 = CARTESIAN_POINT('',(40.66,54.56,4.75));
#2349 = VECTOR('',#2350,1.);
#2350 = DIRECTION('',(-0.,0.,-1.));
#2351 = ORIENTED_EDGE('',*,*,#2352,.F.);
#2352 = EDGE_CURVE('',#2353,#2345,#2355,.T.);
#2353 = VERTEX_POINT('',#2354);
#2354 = CARTESIAN_POINT('',(-23.06828780053,54.56,22.5));
#2355 = LINE('',#2356,#2357);
#2356 = CARTESIAN_POINT('',(-142.66,54.56,22.5));
#2357 = VECTOR('',#2358,1.);
#2358 = DIRECTION('',(1.,0.,-0.));
#2359 = ORIENTED_EDGE('',*,*,#2360,.F.);
#2360 = EDGE_CURVE('',#2361,#2353,#2363,.T.);
#2361 = VERTEX_POINT('',#2362);
#2362 = CARTESIAN_POINT('',(-24.43964142491,54.56,48.722223991476));
#2363 = CIRCLE('',#2364,25.);
#2364 = AXIS2_PLACEMENT_3D('',#2365,#2366,#2367);
#2365 = CARTESIAN_POINT('',(-45.,54.56,34.5));
#2366 = DIRECTION('',(0.,1.,0.));
#2367 = DIRECTION('',(0.,-0.,1.));
#2368 = ORIENTED_EDGE('',*,*,#2369,.F.);
#2369 = EDGE_CURVE('',#2370,#2361,#2372,.T.);
#2370 = VERTEX_POINT('',#2371);
#2371 = CARTESIAN_POINT('',(-25.96581727421,54.56,50.708019248556));
#2372 = CIRCLE('',#2373,25.);
#2373 = AXIS2_PLACEMENT_3D('',#2374,#2375,#2376);
#2374 = CARTESIAN_POINT('',(-45.,54.56,34.5));
#2375 = DIRECTION('',(0.,1.,0.));
#2376 = DIRECTION('',(0.,-0.,1.));
#2377 = ORIENTED_EDGE('',*,*,#2378,.F.);
#2378 = EDGE_CURVE('',#2379,#2370,#2381,.T.);
#2379 = VERTEX_POINT('',#2380);
#2380 = CARTESIAN_POINT('',(-27.32233047033,54.56,54.177669529664));
#2381 = CIRCLE('',#2382,2.);
#2382 = AXIS2_PLACEMENT_3D('',#2383,#2384,#2385);
#2383 = CARTESIAN_POINT('',(-27.32233047033,54.56,52.177669529664));
#2384 = DIRECTION('',(0.,1.,0.));
#2385 = DIRECTION('',(0.,-0.,1.));
#2386 = ORIENTED_EDGE('',*,*,#2387,.F.);
#2387 = EDGE_CURVE('',#2388,#2379,#2390,.T.);
#2388 = VERTEX_POINT('',#2389);
#2389 = CARTESIAN_POINT('',(-28.79198075144,54.56,53.534182725781));
#2390 = CIRCLE('',#2391,2.);
#2391 = AXIS2_PLACEMENT_3D('',#2392,#2393,#2394);
#2392 = CARTESIAN_POINT('',(-27.32233047033,54.56,52.177669529664));
#2393 = DIRECTION('',(0.,1.,0.));
#2394 = DIRECTION('',(0.,-0.,1.));
#2395 = ORIENTED_EDGE('',*,*,#2396,.F.);
#2396 = EDGE_CURVE('',#2112,#2388,#2397,.T.);
#2397 = CIRCLE('',#2398,25.);
#2398 = AXIS2_PLACEMENT_3D('',#2399,#2400,#2401);
#2399 = CARTESIAN_POINT('',(-45.,54.56,34.5));
#2400 = DIRECTION('',(0.,1.,0.));
#2401 = DIRECTION('',(0.,-0.,1.));
#2402 = FACE_BOUND('',#2403,.T.);
#2403 = EDGE_LOOP('',(#2404));
#2404 = ORIENTED_EDGE('',*,*,#1987,.T.);
#2405 = FACE_BOUND('',#2406,.T.);
#2406 = EDGE_LOOP('',(#2407));
#2407 = ORIENTED_EDGE('',*,*,#2013,.T.);
#2408 = FACE_BOUND('',#2409,.T.);
#2409 = EDGE_LOOP('',(#2410,#2416,#2417,#2423));
#2410 = ORIENTED_EDGE('',*,*,#2411,.T.);
#2411 = EDGE_CURVE('',#1324,#1355,#2412,.T.);
#2412 = LINE('',#2413,#2414);
#2413 = CARTESIAN_POINT('',(-14.,54.56,65.06));
#2414 = VECTOR('',#2415,1.);
#2415 = DIRECTION('',(-0.,0.,-1.));
#2416 = ORIENTED_EDGE('',*,*,#1371,.T.);
#2417 = ORIENTED_EDGE('',*,*,#2418,.F.);
#2418 = EDGE_CURVE('',#1333,#1364,#2419,.T.);
#2419 = LINE('',#2420,#2421);
#2420 = CARTESIAN_POINT('',(-12.,54.56,59.06));
#2421 = VECTOR('',#2422,1.);
#2422 = DIRECTION('',(-0.,0.,-1.));
#2423 = ORIENTED_EDGE('',*,*,#1340,.F.);
#2424 = FACE_BOUND('',#2425,.T.);
#2425 = EDGE_LOOP('',(#2426,#2436,#2444,#2452));
#2426 = ORIENTED_EDGE('',*,*,#2427,.F.);
#2427 = EDGE_CURVE('',#2428,#2430,#2432,.T.);
#2428 = VERTEX_POINT('',#2429);
#2429 = CARTESIAN_POINT('',(-125.,54.56,155.64));
#2430 = VERTEX_POINT('',#2431);
#2431 = CARTESIAN_POINT('',(35.,54.56,155.64));
#2432 = LINE('',#2433,#2434);
#2433 = CARTESIAN_POINT('',(-139.83,54.56,155.64));
#2434 = VECTOR('',#2435,1.);
#2435 = DIRECTION('',(1.,0.,0.));
#2436 = ORIENTED_EDGE('',*,*,#2437,.F.);
#2437 = EDGE_CURVE('',#2438,#2428,#2440,.T.);
#2438 = VERTEX_POINT('',#2439);
#2439 = CARTESIAN_POINT('',(-125.,54.56,144.12));
#2440 = LINE('',#2441,#2442);
#2441 = CARTESIAN_POINT('',(-125.,54.56,74.163465431395));
#2442 = VECTOR('',#2443,1.);
#2443 = DIRECTION('',(0.,-0.,1.));
#2444 = ORIENTED_EDGE('',*,*,#2445,.F.);
#2445 = EDGE_CURVE('',#2446,#2438,#2448,.T.);
#2446 = VERTEX_POINT('',#2447);
#2447 = CARTESIAN_POINT('',(35.,54.56,144.12));
#2448 = LINE('',#2449,#2450);
#2449 = CARTESIAN_POINT('',(-139.83,54.56,144.12));
#2450 = VECTOR('',#2451,1.);
#2451 = DIRECTION('',(-1.,0.,-0.));
#2452 = ORIENTED_EDGE('',*,*,#2453,.T.);
#2453 = EDGE_CURVE('',#2446,#2430,#2454,.T.);
#2454 = LINE('',#2455,#2456);
#2455 = CARTESIAN_POINT('',(35.,54.56,74.163465431395));
#2456 = VECTOR('',#2457,1.);
#2457 = DIRECTION('',(0.,-0.,1.));
#2458 = FACE_BOUND('',#2459,.T.);
#2459 = EDGE_LOOP('',(#2460));
#2460 = ORIENTED_EDGE('',*,*,#2461,.T.);
#2461 = EDGE_CURVE('',#2462,#2462,#2464,.T.);
#2462 = VERTEX_POINT('',#2463);
#2463 = CARTESIAN_POINT('',(59.16,54.56,96.87));
#2464 = CIRCLE('',#2465,3.25);
#2465 = AXIS2_PLACEMENT_3D('',#2466,#2467,#2468);
#2466 = CARTESIAN_POINT('',(59.16,54.56,100.12));
#2467 = DIRECTION('',(0.,-1.,0.));
#2468 = DIRECTION('',(0.,-0.,-1.));
#2469 = FACE_BOUND('',#2470,.T.);
#2470 = EDGE_LOOP('',(#2471));
#2471 = ORIENTED_EDGE('',*,*,#2472,.T.);
#2472 = EDGE_CURVE('',#2473,#2473,#2475,.T.);
#2473 = VERTEX_POINT('',#2474);
#2474 = CARTESIAN_POINT('',(27.94,54.56,162.23));
#2475 = CIRCLE('',#2476,3.25);
#2476 = AXIS2_PLACEMENT_3D('',#2477,#2478,#2479);
#2477 = CARTESIAN_POINT('',(27.94,54.56,165.48));
#2478 = DIRECTION('',(0.,-1.,0.));
#2479 = DIRECTION('',(0.,-0.,-1.));
#2480 = FACE_BOUND('',#2481,.T.);
#2481 = EDGE_LOOP('',(#2482));
#2482 = ORIENTED_EDGE('',*,*,#2483,.T.);
#2483 = EDGE_CURVE('',#2484,#2484,#2486,.T.);
#2484 = VERTEX_POINT('',#2485);
#2485 = CARTESIAN_POINT('',(59.16,54.56,181.99));
#2486 = CIRCLE('',#2487,3.25);
#2487 = AXIS2_PLACEMENT_3D('',#2488,#2489,#2490);
#2488 = CARTESIAN_POINT('',(59.16,54.56,185.24));
#2489 = DIRECTION('',(0.,-1.,0.));
#2490 = DIRECTION('',(0.,-0.,-1.));
#2491 = PLANE('',#2492);
#2492 = AXIS2_PLACEMENT_3D('',#2493,#2494,#2495);
#2493 = CARTESIAN_POINT('',(-154.66,54.56,0.));
#2494 = DIRECTION('',(-0.,1.,0.));
#2495 = DIRECTION('',(0.,0.,1.));
#2496 = ADVANCED_FACE('',(#2497),#2509,.F.);
#2497 = FACE_BOUND('',#2498,.F.);
#2498 = EDGE_LOOP('',(#2499,#2505,#2506,#2507,#2508));
#2499 = ORIENTED_EDGE('',*,*,#2500,.T.);
#2500 = EDGE_CURVE('',#2462,#1386,#2501,.T.);
#2501 = LINE('',#2502,#2503);
#2502 = CARTESIAN_POINT('',(59.16,54.56,96.87));
#2503 = VECTOR('',#2504,1.);
#2504 = DIRECTION('',(1.25419640541E-16,-0.858946974209,0.512064542317)
  );
#2505 = ORIENTED_EDGE('',*,*,#1404,.F.);
#2506 = ORIENTED_EDGE('',*,*,#1385,.F.);
#2507 = ORIENTED_EDGE('',*,*,#2500,.F.);
#2508 = ORIENTED_EDGE('',*,*,#2461,.T.);
#2509 = CONICAL_SURFACE('',#2510,3.25,0.537586646659);
#2510 = AXIS2_PLACEMENT_3D('',#2511,#2512,#2513);
#2511 = CARTESIAN_POINT('',(59.16,54.56,100.12));
#2512 = DIRECTION('',(-0.,1.,-0.));
#2513 = DIRECTION('',(0.,-0.,-1.));
#2514 = ADVANCED_FACE('',(#2515),#2527,.F.);
#2515 = FACE_BOUND('',#2516,.F.);
#2516 = EDGE_LOOP('',(#2517,#2523,#2524,#2525,#2526));
#2517 = ORIENTED_EDGE('',*,*,#2518,.T.);
#2518 = EDGE_CURVE('',#2473,#1420,#2519,.T.);
#2519 = LINE('',#2520,#2521);
#2520 = CARTESIAN_POINT('',(27.94,54.56,162.23));
#2521 = VECTOR('',#2522,1.);
#2522 = DIRECTION('',(1.25419640541E-16,-0.858946974209,0.512064542317)
  );
#2523 = ORIENTED_EDGE('',*,*,#1438,.F.);
#2524 = ORIENTED_EDGE('',*,*,#1419,.F.);
#2525 = ORIENTED_EDGE('',*,*,#2518,.F.);
#2526 = ORIENTED_EDGE('',*,*,#2472,.T.);
#2527 = CONICAL_SURFACE('',#2528,3.25,0.537586646659);
#2528 = AXIS2_PLACEMENT_3D('',#2529,#2530,#2531);
#2529 = CARTESIAN_POINT('',(27.94,54.56,165.48));
#2530 = DIRECTION('',(-0.,1.,-0.));
#2531 = DIRECTION('',(0.,-0.,-1.));
#2532 = ADVANCED_FACE('',(#2533),#2545,.F.);
#2533 = FACE_BOUND('',#2534,.F.);
#2534 = EDGE_LOOP('',(#2535,#2541,#2542,#2543,#2544));
#2535 = ORIENTED_EDGE('',*,*,#2536,.T.);
#2536 = EDGE_CURVE('',#2484,#1454,#2537,.T.);
#2537 = LINE('',#2538,#2539);
#2538 = CARTESIAN_POINT('',(59.16,54.56,181.99));
#2539 = VECTOR('',#2540,1.);
#2540 = DIRECTION('',(1.25419640541E-16,-0.858946974209,0.512064542317)
  );
#2541 = ORIENTED_EDGE('',*,*,#1472,.F.);
#2542 = ORIENTED_EDGE('',*,*,#1453,.F.);
#2543 = ORIENTED_EDGE('',*,*,#2536,.F.);
#2544 = ORIENTED_EDGE('',*,*,#2483,.T.);
#2545 = CONICAL_SURFACE('',#2546,3.25,0.537586646659);
#2546 = AXIS2_PLACEMENT_3D('',#2547,#2548,#2549);
#2547 = CARTESIAN_POINT('',(59.16,54.56,185.24));
#2548 = DIRECTION('',(-0.,1.,-0.));
#2549 = DIRECTION('',(0.,-0.,-1.));
#2550 = ADVANCED_FACE('',(#2551,#2562),#2565,.T.);
#2551 = FACE_BOUND('',#2552,.T.);
#2552 = EDGE_LOOP('',(#2553));
#2553 = ORIENTED_EDGE('',*,*,#2554,.T.);
#2554 = EDGE_CURVE('',#2555,#2555,#2557,.T.);
#2555 = VERTEX_POINT('',#2556);
#2556 = CARTESIAN_POINT('',(-45.,18.,55.5));
#2557 = CIRCLE('',#2558,21.);
#2558 = AXIS2_PLACEMENT_3D('',#2559,#2560,#2561);
#2559 = CARTESIAN_POINT('',(-45.,18.,34.5));
#2560 = DIRECTION('',(0.,1.,0.));
#2561 = DIRECTION('',(0.,-0.,1.));
#2562 = FACE_BOUND('',#2563,.T.);
#2563 = EDGE_LOOP('',(#2564));
#2564 = ORIENTED_EDGE('',*,*,#1496,.F.);
#2565 = PLANE('',#2566);
#2566 = AXIS2_PLACEMENT_3D('',#2567,#2568,#2569);
#2567 = CARTESIAN_POINT('',(-45.,18.,34.5));
#2568 = DIRECTION('',(0.,1.,0.));
#2569 = DIRECTION('',(0.,-0.,1.));
#2570 = ADVANCED_FACE('',(#2571,#2610),#2616,.F.);
#2571 = FACE_BOUND('',#2572,.F.);
#2572 = EDGE_LOOP('',(#2573,#2574,#2580,#2581,#2587,#2588,#2596,#2604));
#2573 = ORIENTED_EDGE('',*,*,#2028,.F.);
#2574 = ORIENTED_EDGE('',*,*,#2575,.F.);
#2575 = EDGE_CURVE('',#1513,#2029,#2576,.T.);
#2576 = LINE('',#2577,#2578);
#2577 = CARTESIAN_POINT('',(-154.66,3.,0.));
#2578 = VECTOR('',#2579,1.);
#2579 = DIRECTION('',(-0.,1.,0.));
#2580 = ORIENTED_EDGE('',*,*,#1512,.T.);
#2581 = ORIENTED_EDGE('',*,*,#2582,.T.);
#2582 = EDGE_CURVE('',#1515,#2055,#2583,.T.);
#2583 = LINE('',#2584,#2585);
#2584 = CARTESIAN_POINT('',(64.66,3.,0.));
#2585 = VECTOR('',#2586,1.);
#2586 = DIRECTION('',(-0.,1.,0.));
#2587 = ORIENTED_EDGE('',*,*,#2062,.F.);
#2588 = ORIENTED_EDGE('',*,*,#2589,.F.);
#2589 = EDGE_CURVE('',#2590,#2063,#2592,.T.);
#2590 = VERTEX_POINT('',#2591);
#2591 = CARTESIAN_POINT('',(59.66,51.86,0.));
#2592 = LINE('',#2593,#2594);
#2593 = CARTESIAN_POINT('',(59.66,27.43,0.));
#2594 = VECTOR('',#2595,1.);
#2595 = DIRECTION('',(-0.,1.,0.));
#2596 = ORIENTED_EDGE('',*,*,#2597,.T.);
#2597 = EDGE_CURVE('',#2590,#2598,#2600,.T.);
#2598 = VERTEX_POINT('',#2599);
#2599 = CARTESIAN_POINT('',(-149.66,51.86,0.));
#2600 = LINE('',#2601,#2602);
#2601 = CARTESIAN_POINT('',(-152.16,51.86,0.));
#2602 = VECTOR('',#2603,1.);
#2603 = DIRECTION('',(-1.,-0.,0.));
#2604 = ORIENTED_EDGE('',*,*,#2605,.T.);
#2605 = EDGE_CURVE('',#2598,#2031,#2606,.T.);
#2606 = LINE('',#2607,#2608);
#2607 = CARTESIAN_POINT('',(-149.66,27.43,0.));
#2608 = VECTOR('',#2609,1.);
#2609 = DIRECTION('',(-0.,1.,0.));
#2610 = FACE_BOUND('',#2611,.F.);
#2611 = EDGE_LOOP('',(#2612,#2613,#2614,#2615));
#2612 = ORIENTED_EDGE('',*,*,#1566,.T.);
#2613 = ORIENTED_EDGE('',*,*,#1638,.T.);
#2614 = ORIENTED_EDGE('',*,*,#1614,.F.);
#2615 = ORIENTED_EDGE('',*,*,#1590,.F.);
#2616 = PLANE('',#2617);
#2617 = AXIS2_PLACEMENT_3D('',#2618,#2619,#2620);
#2618 = CARTESIAN_POINT('',(-154.66,3.,0.));
#2619 = DIRECTION('',(0.,0.,1.));
#2620 = DIRECTION('',(1.,0.,-0.));
#2621 = ADVANCED_FACE('',(#2622,#2633,#2636,#2639,#2642),#2645,.T.);
#2622 = FACE_BOUND('',#2623,.T.);
#2623 = EDGE_LOOP('',(#2624,#2625,#2626,#2627));
#2624 = ORIENTED_EDGE('',*,*,#1538,.F.);
#2625 = ORIENTED_EDGE('',*,*,#2582,.T.);
#2626 = ORIENTED_EDGE('',*,*,#2054,.T.);
#2627 = ORIENTED_EDGE('',*,*,#2628,.F.);
#2628 = EDGE_CURVE('',#1531,#2047,#2629,.T.);
#2629 = LINE('',#2630,#2631);
#2630 = CARTESIAN_POINT('',(64.66,3.,200.24));
#2631 = VECTOR('',#2632,1.);
#2632 = DIRECTION('',(-0.,1.,0.));
#2633 = FACE_BOUND('',#2634,.T.);
#2634 = EDGE_LOOP('',(#2635));
#2635 = ORIENTED_EDGE('',*,*,#1654,.F.);
#2636 = FACE_BOUND('',#2637,.T.);
#2637 = EDGE_LOOP('',(#2638));
#2638 = ORIENTED_EDGE('',*,*,#1679,.F.);
#2639 = FACE_BOUND('',#2640,.T.);
#2640 = EDGE_LOOP('',(#2641));
#2641 = ORIENTED_EDGE('',*,*,#1704,.F.);
#2642 = FACE_BOUND('',#2643,.T.);
#2643 = EDGE_LOOP('',(#2644));
#2644 = ORIENTED_EDGE('',*,*,#1729,.F.);
#2645 = PLANE('',#2646);
#2646 = AXIS2_PLACEMENT_3D('',#2647,#2648,#2649);
#2647 = CARTESIAN_POINT('',(64.66,3.,0.));
#2648 = DIRECTION('',(1.,0.,-0.));
#2649 = DIRECTION('',(0.,0.,1.));
#2650 = ADVANCED_FACE('',(#2651),#2662,.F.);
#2651 = FACE_BOUND('',#2652,.F.);
#2652 = EDGE_LOOP('',(#2653,#2654,#2655,#2656));
#2653 = ORIENTED_EDGE('',*,*,#1522,.F.);
#2654 = ORIENTED_EDGE('',*,*,#2575,.T.);
#2655 = ORIENTED_EDGE('',*,*,#2038,.T.);
#2656 = ORIENTED_EDGE('',*,*,#2657,.F.);
#2657 = EDGE_CURVE('',#1523,#2039,#2658,.T.);
#2658 = LINE('',#2659,#2660);
#2659 = CARTESIAN_POINT('',(-154.66,3.,200.24));
#2660 = VECTOR('',#2661,1.);
#2661 = DIRECTION('',(-0.,1.,0.));
#2662 = PLANE('',#2663);
#2663 = AXIS2_PLACEMENT_3D('',#2664,#2665,#2666);
#2664 = CARTESIAN_POINT('',(-154.66,3.,0.));
#2665 = DIRECTION('',(1.,0.,-0.));
#2666 = DIRECTION('',(0.,0.,1.));
#2667 = ADVANCED_FACE('',(#2668),#2674,.T.);
#2668 = FACE_BOUND('',#2669,.T.);
#2669 = EDGE_LOOP('',(#2670,#2671,#2672,#2673));
#2670 = ORIENTED_EDGE('',*,*,#2657,.F.);
#2671 = ORIENTED_EDGE('',*,*,#1530,.T.);
#2672 = ORIENTED_EDGE('',*,*,#2628,.T.);
#2673 = ORIENTED_EDGE('',*,*,#2046,.F.);
#2674 = PLANE('',#2675);
#2675 = AXIS2_PLACEMENT_3D('',#2676,#2677,#2678);
#2676 = CARTESIAN_POINT('',(-154.66,3.,200.24));
#2677 = DIRECTION('',(0.,0.,1.));
#2678 = DIRECTION('',(1.,0.,-0.));
#2679 = ADVANCED_FACE('',(#2680),#2705,.F.);
#2680 = FACE_BOUND('',#2681,.F.);
#2681 = EDGE_LOOP('',(#2682,#2690,#2691,#2699));
#2682 = ORIENTED_EDGE('',*,*,#2683,.F.);
#2683 = EDGE_CURVE('',#1891,#2684,#2686,.T.);
#2684 = VERTEX_POINT('',#2685);
#2685 = CARTESIAN_POINT('',(-17.,51.56,45.5));
#2686 = LINE('',#2687,#2688);
#2687 = CARTESIAN_POINT('',(-17.,46.56,45.5));
#2688 = VECTOR('',#2689,1.);
#2689 = DIRECTION('',(-0.,1.,0.));
#2690 = ORIENTED_EDGE('',*,*,#1890,.T.);
#2691 = ORIENTED_EDGE('',*,*,#2692,.T.);
#2692 = EDGE_CURVE('',#1893,#2693,#2695,.T.);
#2693 = VERTEX_POINT('',#2694);
#2694 = CARTESIAN_POINT('',(8.,51.56,45.5));
#2695 = LINE('',#2696,#2697);
#2696 = CARTESIAN_POINT('',(8.,46.56,45.5));
#2697 = VECTOR('',#2698,1.);
#2698 = DIRECTION('',(-0.,1.,0.));
#2699 = ORIENTED_EDGE('',*,*,#2700,.F.);
#2700 = EDGE_CURVE('',#2684,#2693,#2701,.T.);
#2701 = LINE('',#2702,#2703);
#2702 = CARTESIAN_POINT('',(-18.,51.56,45.5));
#2703 = VECTOR('',#2704,1.);
#2704 = DIRECTION('',(1.,0.,-0.));
#2705 = PLANE('',#2706);
#2706 = AXIS2_PLACEMENT_3D('',#2707,#2708,#2709);
#2707 = CARTESIAN_POINT('',(-17.,46.56,45.5));
#2708 = DIRECTION('',(0.,0.,1.));
#2709 = DIRECTION('',(1.,0.,-0.));
#2710 = ADVANCED_FACE('',(#2711),#2729,.F.);
#2711 = FACE_BOUND('',#2712,.F.);
#2712 = EDGE_LOOP('',(#2713,#2714,#2715,#2723));
#2713 = ORIENTED_EDGE('',*,*,#2692,.F.);
#2714 = ORIENTED_EDGE('',*,*,#1916,.T.);
#2715 = ORIENTED_EDGE('',*,*,#2716,.T.);
#2716 = EDGE_CURVE('',#1909,#2717,#2719,.T.);
#2717 = VERTEX_POINT('',#2718);
#2718 = CARTESIAN_POINT('',(8.,51.56,23.5));
#2719 = LINE('',#2720,#2721);
#2720 = CARTESIAN_POINT('',(8.,46.56,23.5));
#2721 = VECTOR('',#2722,1.);
#2722 = DIRECTION('',(-0.,1.,0.));
#2723 = ORIENTED_EDGE('',*,*,#2724,.F.);
#2724 = EDGE_CURVE('',#2693,#2717,#2725,.T.);
#2725 = LINE('',#2726,#2727);
#2726 = CARTESIAN_POINT('',(8.,51.56,22.5));
#2727 = VECTOR('',#2728,1.);
#2728 = DIRECTION('',(-0.,0.,-1.));
#2729 = PLANE('',#2730);
#2730 = AXIS2_PLACEMENT_3D('',#2731,#2732,#2733);
#2731 = CARTESIAN_POINT('',(8.,46.56,23.5));
#2732 = DIRECTION('',(1.,0.,-0.));
#2733 = DIRECTION('',(0.,0.,1.));
#2734 = ADVANCED_FACE('',(#2735),#2753,.T.);
#2735 = FACE_BOUND('',#2736,.T.);
#2736 = EDGE_LOOP('',(#2737,#2745,#2746,#2747));
#2737 = ORIENTED_EDGE('',*,*,#2738,.F.);
#2738 = EDGE_CURVE('',#1901,#2739,#2741,.T.);
#2739 = VERTEX_POINT('',#2740);
#2740 = CARTESIAN_POINT('',(-17.,51.56,23.5));
#2741 = LINE('',#2742,#2743);
#2742 = CARTESIAN_POINT('',(-17.,46.56,23.5));
#2743 = VECTOR('',#2744,1.);
#2744 = DIRECTION('',(-0.,1.,0.));
#2745 = ORIENTED_EDGE('',*,*,#1908,.T.);
#2746 = ORIENTED_EDGE('',*,*,#2716,.T.);
#2747 = ORIENTED_EDGE('',*,*,#2748,.F.);
#2748 = EDGE_CURVE('',#2739,#2717,#2749,.T.);
#2749 = LINE('',#2750,#2751);
#2750 = CARTESIAN_POINT('',(-18.,51.56,23.5));
#2751 = VECTOR('',#2752,1.);
#2752 = DIRECTION('',(1.,0.,-0.));
#2753 = PLANE('',#2754);
#2754 = AXIS2_PLACEMENT_3D('',#2755,#2756,#2757);
#2755 = CARTESIAN_POINT('',(-17.,46.56,23.5));
#2756 = DIRECTION('',(0.,0.,1.));
#2757 = DIRECTION('',(1.,0.,-0.));
#2758 = ADVANCED_FACE('',(#2759),#2770,.T.);
#2759 = FACE_BOUND('',#2760,.T.);
#2760 = EDGE_LOOP('',(#2761,#2762,#2763,#2764));
#2761 = ORIENTED_EDGE('',*,*,#2683,.F.);
#2762 = ORIENTED_EDGE('',*,*,#1900,.T.);
#2763 = ORIENTED_EDGE('',*,*,#2738,.T.);
#2764 = ORIENTED_EDGE('',*,*,#2765,.F.);
#2765 = EDGE_CURVE('',#2684,#2739,#2766,.T.);
#2766 = LINE('',#2767,#2768);
#2767 = CARTESIAN_POINT('',(-17.,51.56,22.5));
#2768 = VECTOR('',#2769,1.);
#2769 = DIRECTION('',(-0.,0.,-1.));
#2770 = PLANE('',#2771);
#2771 = AXIS2_PLACEMENT_3D('',#2772,#2773,#2774);
#2772 = CARTESIAN_POINT('',(-17.,46.56,23.5));
#2773 = DIRECTION('',(1.,0.,-0.));
#2774 = DIRECTION('',(0.,0.,1.));
#2775 = ADVANCED_FACE('',(#2776),#2801,.F.);
#2776 = FACE_BOUND('',#2777,.F.);
#2777 = EDGE_LOOP('',(#2778,#2786,#2787,#2795));
#2778 = ORIENTED_EDGE('',*,*,#2779,.F.);
#2779 = EDGE_CURVE('',#1937,#2780,#2782,.T.);
#2780 = VERTEX_POINT('',#2781);
#2781 = CARTESIAN_POINT('',(14.,51.56,40.5));
#2782 = LINE('',#2783,#2784);
#2783 = CARTESIAN_POINT('',(14.,46.56,40.5));
#2784 = VECTOR('',#2785,1.);
#2785 = DIRECTION('',(-0.,1.,0.));
#2786 = ORIENTED_EDGE('',*,*,#1936,.T.);
#2787 = ORIENTED_EDGE('',*,*,#2788,.T.);
#2788 = EDGE_CURVE('',#1939,#2789,#2791,.T.);
#2789 = VERTEX_POINT('',#2790);
#2790 = CARTESIAN_POINT('',(39.,51.56,40.5));
#2791 = LINE('',#2792,#2793);
#2792 = CARTESIAN_POINT('',(39.,46.56,40.5));
#2793 = VECTOR('',#2794,1.);
#2794 = DIRECTION('',(-0.,1.,0.));
#2795 = ORIENTED_EDGE('',*,*,#2796,.F.);
#2796 = EDGE_CURVE('',#2780,#2789,#2797,.T.);
#2797 = LINE('',#2798,#2799);
#2798 = CARTESIAN_POINT('',(13.,51.56,40.5));
#2799 = VECTOR('',#2800,1.);
#2800 = DIRECTION('',(1.,0.,-0.));
#2801 = PLANE('',#2802);
#2802 = AXIS2_PLACEMENT_3D('',#2803,#2804,#2805);
#2803 = CARTESIAN_POINT('',(14.,46.56,40.5));
#2804 = DIRECTION('',(0.,0.,1.));
#2805 = DIRECTION('',(1.,0.,-0.));
#2806 = ADVANCED_FACE('',(#2807),#2825,.F.);
#2807 = FACE_BOUND('',#2808,.F.);
#2808 = EDGE_LOOP('',(#2809,#2810,#2811,#2819));
#2809 = ORIENTED_EDGE('',*,*,#2788,.F.);
#2810 = ORIENTED_EDGE('',*,*,#1962,.T.);
#2811 = ORIENTED_EDGE('',*,*,#2812,.T.);
#2812 = EDGE_CURVE('',#1955,#2813,#2815,.T.);
#2813 = VERTEX_POINT('',#2814);
#2814 = CARTESIAN_POINT('',(39.,51.56,28.5));
#2815 = LINE('',#2816,#2817);
#2816 = CARTESIAN_POINT('',(39.,46.56,28.5));
#2817 = VECTOR('',#2818,1.);
#2818 = DIRECTION('',(-0.,1.,0.));
#2819 = ORIENTED_EDGE('',*,*,#2820,.F.);
#2820 = EDGE_CURVE('',#2789,#2813,#2821,.T.);
#2821 = LINE('',#2822,#2823);
#2822 = CARTESIAN_POINT('',(39.,51.56,27.5));
#2823 = VECTOR('',#2824,1.);
#2824 = DIRECTION('',(-0.,0.,-1.));
#2825 = PLANE('',#2826);
#2826 = AXIS2_PLACEMENT_3D('',#2827,#2828,#2829);
#2827 = CARTESIAN_POINT('',(39.,46.56,28.5));
#2828 = DIRECTION('',(1.,0.,-0.));
#2829 = DIRECTION('',(0.,0.,1.));
#2830 = ADVANCED_FACE('',(#2831),#2849,.T.);
#2831 = FACE_BOUND('',#2832,.T.);
#2832 = EDGE_LOOP('',(#2833,#2841,#2842,#2843));
#2833 = ORIENTED_EDGE('',*,*,#2834,.F.);
#2834 = EDGE_CURVE('',#1947,#2835,#2837,.T.);
#2835 = VERTEX_POINT('',#2836);
#2836 = CARTESIAN_POINT('',(14.,51.56,28.5));
#2837 = LINE('',#2838,#2839);
#2838 = CARTESIAN_POINT('',(14.,46.56,28.5));
#2839 = VECTOR('',#2840,1.);
#2840 = DIRECTION('',(-0.,1.,0.));
#2841 = ORIENTED_EDGE('',*,*,#1954,.T.);
#2842 = ORIENTED_EDGE('',*,*,#2812,.T.);
#2843 = ORIENTED_EDGE('',*,*,#2844,.F.);
#2844 = EDGE_CURVE('',#2835,#2813,#2845,.T.);
#2845 = LINE('',#2846,#2847);
#2846 = CARTESIAN_POINT('',(13.,51.56,28.5));
#2847 = VECTOR('',#2848,1.);
#2848 = DIRECTION('',(1.,0.,-0.));
#2849 = PLANE('',#2850);
#2850 = AXIS2_PLACEMENT_3D('',#2851,#2852,#2853);
#2851 = CARTESIAN_POINT('',(14.,46.56,28.5));
#2852 = DIRECTION('',(0.,0.,1.));
#2853 = DIRECTION('',(1.,0.,-0.));
#2854 = ADVANCED_FACE('',(#2855),#2866,.T.);
#2855 = FACE_BOUND('',#2856,.T.);
#2856 = EDGE_LOOP('',(#2857,#2858,#2859,#2860));
#2857 = ORIENTED_EDGE('',*,*,#2779,.F.);
#2858 = ORIENTED_EDGE('',*,*,#1946,.T.);
#2859 = ORIENTED_EDGE('',*,*,#2834,.T.);
#2860 = ORIENTED_EDGE('',*,*,#2861,.F.);
#2861 = EDGE_CURVE('',#2780,#2835,#2862,.T.);
#2862 = LINE('',#2863,#2864);
#2863 = CARTESIAN_POINT('',(14.,51.56,27.5));
#2864 = VECTOR('',#2865,1.);
#2865 = DIRECTION('',(-0.,0.,-1.));
#2866 = PLANE('',#2867);
#2867 = AXIS2_PLACEMENT_3D('',#2868,#2869,#2870);
#2868 = CARTESIAN_POINT('',(14.,46.56,28.5));
#2869 = DIRECTION('',(1.,0.,-0.));
#2870 = DIRECTION('',(0.,0.,1.));
#2871 = ADVANCED_FACE('',(#2872),#2890,.T.);
#2872 = FACE_BOUND('',#2873,.T.);
#2873 = EDGE_LOOP('',(#2874,#2882,#2883,#2884));
#2874 = ORIENTED_EDGE('',*,*,#2875,.F.);
#2875 = EDGE_CURVE('',#2598,#2876,#2878,.T.);
#2876 = VERTEX_POINT('',#2877);
#2877 = CARTESIAN_POINT('',(-149.66,51.86,7.5));
#2878 = LINE('',#2879,#2880);
#2879 = CARTESIAN_POINT('',(-149.66,51.86,-2.5));
#2880 = VECTOR('',#2881,1.);
#2881 = DIRECTION('',(0.,0.,1.));
#2882 = ORIENTED_EDGE('',*,*,#2605,.T.);
#2883 = ORIENTED_EDGE('',*,*,#2086,.F.);
#2884 = ORIENTED_EDGE('',*,*,#2885,.F.);
#2885 = EDGE_CURVE('',#2876,#2079,#2886,.T.);
#2886 = LINE('',#2887,#2888);
#2887 = CARTESIAN_POINT('',(-149.66,51.86,7.5));
#2888 = VECTOR('',#2889,1.);
#2889 = DIRECTION('',(-0.,1.,0.));
#2890 = PLANE('',#2891);
#2891 = AXIS2_PLACEMENT_3D('',#2892,#2893,#2894);
#2892 = CARTESIAN_POINT('',(-149.66,51.86,-2.5));
#2893 = DIRECTION('',(1.,0.,-0.));
#2894 = DIRECTION('',(0.,0.,1.));
#2895 = ADVANCED_FACE('',(#2896),#2914,.F.);
#2896 = FACE_BOUND('',#2897,.F.);
#2897 = EDGE_LOOP('',(#2898,#2899,#2907,#2913));
#2898 = ORIENTED_EDGE('',*,*,#2885,.F.);
#2899 = ORIENTED_EDGE('',*,*,#2900,.T.);
#2900 = EDGE_CURVE('',#2876,#2901,#2903,.T.);
#2901 = VERTEX_POINT('',#2902);
#2902 = CARTESIAN_POINT('',(59.66,51.86,7.5));
#2903 = LINE('',#2904,#2905);
#2904 = CARTESIAN_POINT('',(-149.66,51.86,7.5));
#2905 = VECTOR('',#2906,1.);
#2906 = DIRECTION('',(1.,0.,-0.));
#2907 = ORIENTED_EDGE('',*,*,#2908,.T.);
#2908 = EDGE_CURVE('',#2901,#2071,#2909,.T.);
#2909 = LINE('',#2910,#2911);
#2910 = CARTESIAN_POINT('',(59.66,51.86,7.5));
#2911 = VECTOR('',#2912,1.);
#2912 = DIRECTION('',(-0.,1.,0.));
#2913 = ORIENTED_EDGE('',*,*,#2078,.F.);
#2914 = PLANE('',#2915);
#2915 = AXIS2_PLACEMENT_3D('',#2916,#2917,#2918);
#2916 = CARTESIAN_POINT('',(-149.66,51.86,7.5));
#2917 = DIRECTION('',(0.,0.,1.));
#2918 = DIRECTION('',(1.,0.,-0.));
#2919 = ADVANCED_FACE('',(#2920),#2931,.F.);
#2920 = FACE_BOUND('',#2921,.F.);
#2921 = EDGE_LOOP('',(#2922,#2928,#2929,#2930));
#2922 = ORIENTED_EDGE('',*,*,#2923,.F.);
#2923 = EDGE_CURVE('',#2590,#2901,#2924,.T.);
#2924 = LINE('',#2925,#2926);
#2925 = CARTESIAN_POINT('',(59.66,51.86,-2.5));
#2926 = VECTOR('',#2927,1.);
#2927 = DIRECTION('',(0.,0.,1.));
#2928 = ORIENTED_EDGE('',*,*,#2589,.T.);
#2929 = ORIENTED_EDGE('',*,*,#2070,.F.);
#2930 = ORIENTED_EDGE('',*,*,#2908,.F.);
#2931 = PLANE('',#2932);
#2932 = AXIS2_PLACEMENT_3D('',#2933,#2934,#2935);
#2933 = CARTESIAN_POINT('',(59.66,51.86,-2.5));
#2934 = DIRECTION('',(1.,0.,-0.));
#2935 = DIRECTION('',(0.,0.,1.));
#2936 = ADVANCED_FACE('',(#2937),#2993,.T.);
#2937 = FACE_BOUND('',#2938,.T.);
#2938 = EDGE_LOOP('',(#2939,#2940,#2941,#2942,#2943,#2950,#2951,#2952,
    #2960,#2969,#2978,#2984,#2985,#2986));
#2939 = ORIENTED_EDGE('',*,*,#2129,.T.);
#2940 = ORIENTED_EDGE('',*,*,#2120,.T.);
#2941 = ORIENTED_EDGE('',*,*,#2109,.T.);
#2942 = ORIENTED_EDGE('',*,*,#2396,.T.);
#2943 = ORIENTED_EDGE('',*,*,#2944,.T.);
#2944 = EDGE_CURVE('',#2388,#2370,#2945,.T.);
#2945 = CIRCLE('',#2946,25.);
#2946 = AXIS2_PLACEMENT_3D('',#2947,#2948,#2949);
#2947 = CARTESIAN_POINT('',(-45.,54.56,34.5));
#2948 = DIRECTION('',(0.,1.,0.));
#2949 = DIRECTION('',(0.,-0.,1.));
#2950 = ORIENTED_EDGE('',*,*,#2369,.T.);
#2951 = ORIENTED_EDGE('',*,*,#2360,.T.);
#2952 = ORIENTED_EDGE('',*,*,#2953,.T.);
#2953 = EDGE_CURVE('',#2353,#2954,#2956,.T.);
#2954 = VERTEX_POINT('',#2955);
#2955 = CARTESIAN_POINT('',(-23.06828780053,55.56,22.5));
#2956 = LINE('',#2957,#2958);
#2957 = CARTESIAN_POINT('',(-23.06828780053,15.,22.5));
#2958 = VECTOR('',#2959,1.);
#2959 = DIRECTION('',(0.,1.,0.));
#2960 = ORIENTED_EDGE('',*,*,#2961,.F.);
#2961 = EDGE_CURVE('',#2962,#2954,#2964,.T.);
#2962 = VERTEX_POINT('',#2963);
#2963 = CARTESIAN_POINT('',(-45.,55.56,59.5));
#2964 = CIRCLE('',#2965,25.);
#2965 = AXIS2_PLACEMENT_3D('',#2966,#2967,#2968);
#2966 = CARTESIAN_POINT('',(-45.,55.56,34.5));
#2967 = DIRECTION('',(0.,1.,0.));
#2968 = DIRECTION('',(0.,-0.,1.));
#2969 = ORIENTED_EDGE('',*,*,#2970,.F.);
#2970 = EDGE_CURVE('',#2971,#2962,#2973,.T.);
#2971 = VERTEX_POINT('',#2972);
#2972 = CARTESIAN_POINT('',(-66.93171219946,55.56,22.5));
#2973 = CIRCLE('',#2974,25.);
#2974 = AXIS2_PLACEMENT_3D('',#2975,#2976,#2977);
#2975 = CARTESIAN_POINT('',(-45.,55.56,34.5));
#2976 = DIRECTION('',(0.,1.,0.));
#2977 = DIRECTION('',(0.,-0.,1.));
#2978 = ORIENTED_EDGE('',*,*,#2979,.F.);
#2979 = EDGE_CURVE('',#2166,#2971,#2980,.T.);
#2980 = LINE('',#2981,#2982);
#2981 = CARTESIAN_POINT('',(-66.93171219946,15.,22.5));
#2982 = VECTOR('',#2983,1.);
#2983 = DIRECTION('',(0.,1.,0.));
#2984 = ORIENTED_EDGE('',*,*,#2165,.T.);
#2985 = ORIENTED_EDGE('',*,*,#2156,.T.);
#2986 = ORIENTED_EDGE('',*,*,#2987,.T.);
#2987 = EDGE_CURVE('',#2148,#2130,#2988,.T.);
#2988 = CIRCLE('',#2989,25.);
#2989 = AXIS2_PLACEMENT_3D('',#2990,#2991,#2992);
#2990 = CARTESIAN_POINT('',(-45.,54.56,34.5));
#2991 = DIRECTION('',(0.,1.,0.));
#2992 = DIRECTION('',(0.,-0.,1.));
#2993 = CYLINDRICAL_SURFACE('',#2994,25.);
#2994 = AXIS2_PLACEMENT_3D('',#2995,#2996,#2997);
#2995 = CARTESIAN_POINT('',(-45.,15.,34.5));
#2996 = DIRECTION('',(0.,1.,0.));
#2997 = DIRECTION('',(0.,-0.,1.));
#2998 = ADVANCED_FACE('',(#2999),#3026,.F.);
#2999 = FACE_BOUND('',#3000,.F.);
#3000 = EDGE_LOOP('',(#3001,#3009,#3010,#3017,#3018,#3019));
#3001 = ORIENTED_EDGE('',*,*,#3002,.T.);
#3002 = EDGE_CURVE('',#3003,#2379,#3005,.T.);
#3003 = VERTEX_POINT('',#3004);
#3004 = CARTESIAN_POINT('',(-27.32233047033,48.06,54.177669529664));
#3005 = LINE('',#3006,#3007);
#3006 = CARTESIAN_POINT('',(-27.32233047033,48.06,54.177669529664));
#3007 = VECTOR('',#3008,1.);
#3008 = DIRECTION('',(0.,1.,0.));
#3009 = ORIENTED_EDGE('',*,*,#2387,.F.);
#3010 = ORIENTED_EDGE('',*,*,#3011,.F.);
#3011 = EDGE_CURVE('',#2370,#2388,#3012,.T.);
#3012 = CIRCLE('',#3013,2.);
#3013 = AXIS2_PLACEMENT_3D('',#3014,#3015,#3016);
#3014 = CARTESIAN_POINT('',(-27.32233047033,54.56,52.177669529664));
#3015 = DIRECTION('',(0.,1.,0.));
#3016 = DIRECTION('',(0.,-0.,1.));
#3017 = ORIENTED_EDGE('',*,*,#2378,.F.);
#3018 = ORIENTED_EDGE('',*,*,#3002,.F.);
#3019 = ORIENTED_EDGE('',*,*,#3020,.T.);
#3020 = EDGE_CURVE('',#3003,#3003,#3021,.T.);
#3021 = CIRCLE('',#3022,2.);
#3022 = AXIS2_PLACEMENT_3D('',#3023,#3024,#3025);
#3023 = CARTESIAN_POINT('',(-27.32233047033,48.06,52.177669529664));
#3024 = DIRECTION('',(0.,1.,0.));
#3025 = DIRECTION('',(0.,-0.,1.));
#3026 = CYLINDRICAL_SURFACE('',#3027,2.);
#3027 = AXIS2_PLACEMENT_3D('',#3028,#3029,#3030);
#3028 = CARTESIAN_POINT('',(-27.32233047033,48.06,52.177669529664));
#3029 = DIRECTION('',(0.,1.,0.));
#3030 = DIRECTION('',(0.,-0.,1.));
#3031 = ADVANCED_FACE('',(#3032),#3059,.F.);
#3032 = FACE_BOUND('',#3033,.F.);
#3033 = EDGE_LOOP('',(#3034,#3042,#3043,#3050,#3051,#3052));
#3034 = ORIENTED_EDGE('',*,*,#3035,.T.);
#3035 = EDGE_CURVE('',#3036,#2139,#3038,.T.);
#3036 = VERTEX_POINT('',#3037);
#3037 = CARTESIAN_POINT('',(-62.67766952966,48.06,54.177669529664));
#3038 = LINE('',#3039,#3040);
#3039 = CARTESIAN_POINT('',(-62.67766952966,48.06,54.177669529664));
#3040 = VECTOR('',#3041,1.);
#3041 = DIRECTION('',(0.,1.,0.));
#3042 = ORIENTED_EDGE('',*,*,#2147,.F.);
#3043 = ORIENTED_EDGE('',*,*,#3044,.F.);
#3044 = EDGE_CURVE('',#2130,#2148,#3045,.T.);
#3045 = CIRCLE('',#3046,2.);
#3046 = AXIS2_PLACEMENT_3D('',#3047,#3048,#3049);
#3047 = CARTESIAN_POINT('',(-62.67766952966,54.56,52.177669529664));
#3048 = DIRECTION('',(0.,1.,0.));
#3049 = DIRECTION('',(0.,-0.,1.));
#3050 = ORIENTED_EDGE('',*,*,#2138,.F.);
#3051 = ORIENTED_EDGE('',*,*,#3035,.F.);
#3052 = ORIENTED_EDGE('',*,*,#3053,.T.);
#3053 = EDGE_CURVE('',#3036,#3036,#3054,.T.);
#3054 = CIRCLE('',#3055,2.);
#3055 = AXIS2_PLACEMENT_3D('',#3056,#3057,#3058);
#3056 = CARTESIAN_POINT('',(-62.67766952966,48.06,52.177669529664));
#3057 = DIRECTION('',(0.,1.,0.));
#3058 = DIRECTION('',(0.,-0.,1.));
#3059 = CYLINDRICAL_SURFACE('',#3060,2.);
#3060 = AXIS2_PLACEMENT_3D('',#3061,#3062,#3063);
#3061 = CARTESIAN_POINT('',(-62.67766952966,48.06,52.177669529664));
#3062 = DIRECTION('',(0.,1.,0.));
#3063 = DIRECTION('',(0.,-0.,1.));
#3064 = ADVANCED_FACE('',(#3065),#3131,.T.);
#3065 = FACE_BOUND('',#3066,.T.);
#3066 = EDGE_LOOP('',(#3067,#3075,#3076,#3077,#3085,#3093,#3101,#3109,
    #3115,#3116,#3117,#3125));
#3067 = ORIENTED_EDGE('',*,*,#3068,.F.);
#3068 = EDGE_CURVE('',#2175,#3069,#3071,.T.);
#3069 = VERTEX_POINT('',#3070);
#3070 = CARTESIAN_POINT('',(-130.66,56.06,22.5));
#3071 = LINE('',#3072,#3073);
#3072 = CARTESIAN_POINT('',(-130.66,51.56,22.5));
#3073 = VECTOR('',#3074,1.);
#3074 = DIRECTION('',(-0.,1.,0.));
#3075 = ORIENTED_EDGE('',*,*,#2174,.T.);
#3076 = ORIENTED_EDGE('',*,*,#2979,.T.);
#3077 = ORIENTED_EDGE('',*,*,#3078,.T.);
#3078 = EDGE_CURVE('',#2971,#3079,#3081,.T.);
#3079 = VERTEX_POINT('',#3080);
#3080 = CARTESIAN_POINT('',(-62.23368793961,55.56,22.5));
#3081 = LINE('',#3082,#3083);
#3082 = CARTESIAN_POINT('',(-87.83,55.56,22.5));
#3083 = VECTOR('',#3084,1.);
#3084 = DIRECTION('',(1.,0.,0.));
#3085 = ORIENTED_EDGE('',*,*,#3086,.F.);
#3086 = EDGE_CURVE('',#3087,#3079,#3089,.T.);
#3087 = VERTEX_POINT('',#3088);
#3088 = CARTESIAN_POINT('',(-62.23368793961,51.56,22.5));
#3089 = LINE('',#3090,#3091);
#3090 = CARTESIAN_POINT('',(-62.23368793961,18.,22.5));
#3091 = VECTOR('',#3092,1.);
#3092 = DIRECTION('',(0.,1.,0.));
#3093 = ORIENTED_EDGE('',*,*,#3094,.T.);
#3094 = EDGE_CURVE('',#3087,#3095,#3097,.T.);
#3095 = VERTEX_POINT('',#3096);
#3096 = CARTESIAN_POINT('',(-27.76631206038,51.56,22.5));
#3097 = LINE('',#3098,#3099);
#3098 = CARTESIAN_POINT('',(-130.66,51.56,22.5));
#3099 = VECTOR('',#3100,1.);
#3100 = DIRECTION('',(1.,0.,-0.));
#3101 = ORIENTED_EDGE('',*,*,#3102,.T.);
#3102 = EDGE_CURVE('',#3095,#3103,#3105,.T.);
#3103 = VERTEX_POINT('',#3104);
#3104 = CARTESIAN_POINT('',(-27.76631206038,55.56,22.5));
#3105 = LINE('',#3106,#3107);
#3106 = CARTESIAN_POINT('',(-27.76631206038,18.,22.5));
#3107 = VECTOR('',#3108,1.);
#3108 = DIRECTION('',(0.,1.,0.));
#3109 = ORIENTED_EDGE('',*,*,#3110,.T.);
#3110 = EDGE_CURVE('',#3103,#2954,#3111,.T.);
#3111 = LINE('',#3112,#3113);
#3112 = CARTESIAN_POINT('',(-87.83,55.56,22.5));
#3113 = VECTOR('',#3114,1.);
#3114 = DIRECTION('',(1.,0.,0.));
#3115 = ORIENTED_EDGE('',*,*,#2953,.F.);
#3116 = ORIENTED_EDGE('',*,*,#2352,.T.);
#3117 = ORIENTED_EDGE('',*,*,#3118,.T.);
#3118 = EDGE_CURVE('',#2345,#3119,#3121,.T.);
#3119 = VERTEX_POINT('',#3120);
#3120 = CARTESIAN_POINT('',(40.66,56.06,22.5));
#3121 = LINE('',#3122,#3123);
#3122 = CARTESIAN_POINT('',(40.66,51.56,22.5));
#3123 = VECTOR('',#3124,1.);
#3124 = DIRECTION('',(-0.,1.,0.));
#3125 = ORIENTED_EDGE('',*,*,#3126,.F.);
#3126 = EDGE_CURVE('',#3069,#3119,#3127,.T.);
#3127 = LINE('',#3128,#3129);
#3128 = CARTESIAN_POINT('',(-130.66,56.06,22.5));
#3129 = VECTOR('',#3130,1.);
#3130 = DIRECTION('',(1.,0.,-0.));
#3131 = PLANE('',#3132);
#3132 = AXIS2_PLACEMENT_3D('',#3133,#3134,#3135);
#3133 = CARTESIAN_POINT('',(-130.66,51.56,22.5));
#3134 = DIRECTION('',(0.,0.,1.));
#3135 = DIRECTION('',(1.,0.,-0.));
#3136 = ADVANCED_FACE('',(#3137),#3178,.T.);
#3137 = FACE_BOUND('',#3138,.T.);
#3138 = EDGE_LOOP('',(#3139,#3140,#3148,#3154,#3155,#3156,#3164,#3172));
#3139 = ORIENTED_EDGE('',*,*,#2275,.T.);
#3140 = ORIENTED_EDGE('',*,*,#3141,.T.);
#3141 = EDGE_CURVE('',#2268,#3142,#3144,.T.);
#3142 = VERTEX_POINT('',#3143);
#3143 = CARTESIAN_POINT('',(40.66,56.06,9.5));
#3144 = LINE('',#3145,#3146);
#3145 = CARTESIAN_POINT('',(40.66,51.56,9.5));
#3146 = VECTOR('',#3147,1.);
#3147 = DIRECTION('',(-0.,1.,0.));
#3148 = ORIENTED_EDGE('',*,*,#3149,.T.);
#3149 = EDGE_CURVE('',#3142,#3119,#3150,.T.);
#3150 = LINE('',#3151,#3152);
#3151 = CARTESIAN_POINT('',(40.66,56.06,9.5));
#3152 = VECTOR('',#3153,1.);
#3153 = DIRECTION('',(0.,0.,1.));
#3154 = ORIENTED_EDGE('',*,*,#3118,.F.);
#3155 = ORIENTED_EDGE('',*,*,#2344,.T.);
#3156 = ORIENTED_EDGE('',*,*,#3157,.T.);
#3157 = EDGE_CURVE('',#2337,#3158,#3160,.T.);
#3158 = VERTEX_POINT('',#3159);
#3159 = CARTESIAN_POINT('',(40.66,55.56,21.));
#3160 = LINE('',#3161,#3162);
#3161 = CARTESIAN_POINT('',(40.66,50.56,21.));
#3162 = VECTOR('',#3163,1.);
#3163 = DIRECTION('',(-0.,1.,0.));
#3164 = ORIENTED_EDGE('',*,*,#3165,.F.);
#3165 = EDGE_CURVE('',#3166,#3158,#3168,.T.);
#3166 = VERTEX_POINT('',#3167);
#3167 = CARTESIAN_POINT('',(40.66,55.56,11.));
#3168 = LINE('',#3169,#3170);
#3169 = CARTESIAN_POINT('',(40.66,55.56,11.));
#3170 = VECTOR('',#3171,1.);
#3171 = DIRECTION('',(0.,0.,1.));
#3172 = ORIENTED_EDGE('',*,*,#3173,.F.);
#3173 = EDGE_CURVE('',#2276,#3166,#3174,.T.);
#3174 = LINE('',#3175,#3176);
#3175 = CARTESIAN_POINT('',(40.66,50.56,11.));
#3176 = VECTOR('',#3177,1.);
#3177 = DIRECTION('',(-0.,1.,0.));
#3178 = PLANE('',#3179);
#3179 = AXIS2_PLACEMENT_3D('',#3180,#3181,#3182);
#3180 = CARTESIAN_POINT('',(40.66,51.56,9.5));
#3181 = DIRECTION('',(1.,0.,-0.));
#3182 = DIRECTION('',(0.,0.,1.));
#3183 = ADVANCED_FACE('',(#3184),#3225,.F.);
#3184 = FACE_BOUND('',#3185,.F.);
#3185 = EDGE_LOOP('',(#3186,#3187,#3195,#3201,#3202,#3203,#3211,#3219));
#3186 = ORIENTED_EDGE('',*,*,#2251,.T.);
#3187 = ORIENTED_EDGE('',*,*,#3188,.T.);
#3188 = EDGE_CURVE('',#2252,#3189,#3191,.T.);
#3189 = VERTEX_POINT('',#3190);
#3190 = CARTESIAN_POINT('',(-130.66,56.06,9.5));
#3191 = LINE('',#3192,#3193);
#3192 = CARTESIAN_POINT('',(-130.66,51.56,9.5));
#3193 = VECTOR('',#3194,1.);
#3194 = DIRECTION('',(-0.,1.,0.));
#3195 = ORIENTED_EDGE('',*,*,#3196,.T.);
#3196 = EDGE_CURVE('',#3189,#3069,#3197,.T.);
#3197 = LINE('',#3198,#3199);
#3198 = CARTESIAN_POINT('',(-130.66,56.06,9.5));
#3199 = VECTOR('',#3200,1.);
#3200 = DIRECTION('',(0.,0.,1.));
#3201 = ORIENTED_EDGE('',*,*,#3068,.F.);
#3202 = ORIENTED_EDGE('',*,*,#2182,.T.);
#3203 = ORIENTED_EDGE('',*,*,#3204,.T.);
#3204 = EDGE_CURVE('',#2183,#3205,#3207,.T.);
#3205 = VERTEX_POINT('',#3206);
#3206 = CARTESIAN_POINT('',(-130.66,55.56,21.));
#3207 = LINE('',#3208,#3209);
#3208 = CARTESIAN_POINT('',(-130.66,50.56,21.));
#3209 = VECTOR('',#3210,1.);
#3210 = DIRECTION('',(-0.,1.,0.));
#3211 = ORIENTED_EDGE('',*,*,#3212,.F.);
#3212 = EDGE_CURVE('',#3213,#3205,#3215,.T.);
#3213 = VERTEX_POINT('',#3214);
#3214 = CARTESIAN_POINT('',(-130.66,55.56,11.));
#3215 = LINE('',#3216,#3217);
#3216 = CARTESIAN_POINT('',(-130.66,55.56,11.));
#3217 = VECTOR('',#3218,1.);
#3218 = DIRECTION('',(0.,0.,1.));
#3219 = ORIENTED_EDGE('',*,*,#3220,.F.);
#3220 = EDGE_CURVE('',#2244,#3213,#3221,.T.);
#3221 = LINE('',#3222,#3223);
#3222 = CARTESIAN_POINT('',(-130.66,50.56,11.));
#3223 = VECTOR('',#3224,1.);
#3224 = DIRECTION('',(-0.,1.,0.));
#3225 = PLANE('',#3226);
#3226 = AXIS2_PLACEMENT_3D('',#3227,#3228,#3229);
#3227 = CARTESIAN_POINT('',(-130.66,51.56,9.5));
#3228 = DIRECTION('',(1.,0.,-0.));
#3229 = DIRECTION('',(0.,0.,1.));
#3230 = ADVANCED_FACE('',(#3231),#3249,.F.);
#3231 = FACE_BOUND('',#3232,.F.);
#3232 = EDGE_LOOP('',(#3233,#3241,#3247,#3248));
#3233 = ORIENTED_EDGE('',*,*,#3234,.F.);
#3234 = EDGE_CURVE('',#3235,#3158,#3237,.T.);
#3235 = VERTEX_POINT('',#3236);
#3236 = CARTESIAN_POINT('',(-23.9583745875,55.56,21.));
#3237 = LINE('',#3238,#3239);
#3238 = CARTESIAN_POINT('',(-130.66,55.56,21.));
#3239 = VECTOR('',#3240,1.);
#3240 = DIRECTION('',(1.,0.,-0.));
#3241 = ORIENTED_EDGE('',*,*,#3242,.F.);
#3242 = EDGE_CURVE('',#2328,#3235,#3243,.T.);
#3243 = LINE('',#3244,#3245);
#3244 = CARTESIAN_POINT('',(-23.95837458749,15.,21.));
#3245 = VECTOR('',#3246,1.);
#3246 = DIRECTION('',(0.,1.,0.));
#3247 = ORIENTED_EDGE('',*,*,#2336,.T.);
#3248 = ORIENTED_EDGE('',*,*,#3157,.T.);
#3249 = PLANE('',#3250);
#3250 = AXIS2_PLACEMENT_3D('',#3251,#3252,#3253);
#3251 = CARTESIAN_POINT('',(-130.66,50.56,21.));
#3252 = DIRECTION('',(0.,0.,1.));
#3253 = DIRECTION('',(1.,0.,-0.));
#3254 = ADVANCED_FACE('',(#3255),#3273,.F.);
#3255 = FACE_BOUND('',#3256,.F.);
#3256 = EDGE_LOOP('',(#3257,#3258,#3259,#3267));
#3257 = ORIENTED_EDGE('',*,*,#3204,.F.);
#3258 = ORIENTED_EDGE('',*,*,#2190,.T.);
#3259 = ORIENTED_EDGE('',*,*,#3260,.T.);
#3260 = EDGE_CURVE('',#2191,#3261,#3263,.T.);
#3261 = VERTEX_POINT('',#3262);
#3262 = CARTESIAN_POINT('',(-66.0416254125,55.56,21.));
#3263 = LINE('',#3264,#3265);
#3264 = CARTESIAN_POINT('',(-66.0416254125,15.,21.));
#3265 = VECTOR('',#3266,1.);
#3266 = DIRECTION('',(0.,1.,0.));
#3267 = ORIENTED_EDGE('',*,*,#3268,.F.);
#3268 = EDGE_CURVE('',#3205,#3261,#3269,.T.);
#3269 = LINE('',#3270,#3271);
#3270 = CARTESIAN_POINT('',(-130.66,55.56,21.));
#3271 = VECTOR('',#3272,1.);
#3272 = DIRECTION('',(1.,0.,-0.));
#3273 = PLANE('',#3274);
#3274 = AXIS2_PLACEMENT_3D('',#3275,#3276,#3277);
#3275 = CARTESIAN_POINT('',(-130.66,50.56,21.));
#3276 = DIRECTION('',(0.,0.,1.));
#3277 = DIRECTION('',(1.,0.,-0.));
#3278 = ADVANCED_FACE('',(#3279),#3308,.T.);
#3279 = FACE_BOUND('',#3280,.T.);
#3280 = EDGE_LOOP('',(#3281,#3290,#3291,#3292,#3293,#3300,#3301,#3302));
#3281 = ORIENTED_EDGE('',*,*,#3282,.F.);
#3282 = EDGE_CURVE('',#3235,#3283,#3285,.T.);
#3283 = VERTEX_POINT('',#3284);
#3284 = CARTESIAN_POINT('',(-36.47063894538,55.56,11.));
#3285 = CIRCLE('',#3286,25.);
#3286 = AXIS2_PLACEMENT_3D('',#3287,#3288,#3289);
#3287 = CARTESIAN_POINT('',(-45.,55.56,34.5));
#3288 = DIRECTION('',(0.,1.,0.));
#3289 = DIRECTION('',(0.,-0.,1.));
#3290 = ORIENTED_EDGE('',*,*,#3242,.F.);
#3291 = ORIENTED_EDGE('',*,*,#2327,.T.);
#3292 = ORIENTED_EDGE('',*,*,#2318,.T.);
#3293 = ORIENTED_EDGE('',*,*,#3294,.T.);
#3294 = EDGE_CURVE('',#2310,#2301,#3295,.T.);
#3295 = CIRCLE('',#3296,25.);
#3296 = AXIS2_PLACEMENT_3D('',#3297,#3298,#3299);
#3297 = CARTESIAN_POINT('',(-45.,54.56,34.5));
#3298 = DIRECTION('',(0.,1.,0.));
#3299 = DIRECTION('',(0.,-0.,1.));
#3300 = ORIENTED_EDGE('',*,*,#2300,.T.);
#3301 = ORIENTED_EDGE('',*,*,#2291,.T.);
#3302 = ORIENTED_EDGE('',*,*,#3303,.T.);
#3303 = EDGE_CURVE('',#2284,#3283,#3304,.T.);
#3304 = LINE('',#3305,#3306);
#3305 = CARTESIAN_POINT('',(-36.47063894538,15.,11.));
#3306 = VECTOR('',#3307,1.);
#3307 = DIRECTION('',(0.,1.,0.));
#3308 = CYLINDRICAL_SURFACE('',#3309,25.);
#3309 = AXIS2_PLACEMENT_3D('',#3310,#3311,#3312);
#3310 = CARTESIAN_POINT('',(-45.,15.,34.5));
#3311 = DIRECTION('',(0.,1.,0.));
#3312 = DIRECTION('',(0.,-0.,1.));
#3313 = ADVANCED_FACE('',(#3314),#3343,.T.);
#3314 = FACE_BOUND('',#3315,.T.);
#3315 = EDGE_LOOP('',(#3316,#3317,#3318,#3327,#3333,#3334,#3335,#3342));
#3316 = ORIENTED_EDGE('',*,*,#2198,.T.);
#3317 = ORIENTED_EDGE('',*,*,#3260,.T.);
#3318 = ORIENTED_EDGE('',*,*,#3319,.F.);
#3319 = EDGE_CURVE('',#3320,#3261,#3322,.T.);
#3320 = VERTEX_POINT('',#3321);
#3321 = CARTESIAN_POINT('',(-53.52936105461,55.56,11.));
#3322 = CIRCLE('',#3323,25.);
#3323 = AXIS2_PLACEMENT_3D('',#3324,#3325,#3326);
#3324 = CARTESIAN_POINT('',(-45.,55.56,34.5));
#3325 = DIRECTION('',(0.,1.,0.));
#3326 = DIRECTION('',(0.,-0.,1.));
#3327 = ORIENTED_EDGE('',*,*,#3328,.F.);
#3328 = EDGE_CURVE('',#2235,#3320,#3329,.T.);
#3329 = LINE('',#3330,#3331);
#3330 = CARTESIAN_POINT('',(-53.52936105461,15.,11.));
#3331 = VECTOR('',#3332,1.);
#3332 = DIRECTION('',(0.,1.,0.));
#3333 = ORIENTED_EDGE('',*,*,#2234,.T.);
#3334 = ORIENTED_EDGE('',*,*,#2225,.T.);
#3335 = ORIENTED_EDGE('',*,*,#3336,.T.);
#3336 = EDGE_CURVE('',#2217,#2208,#3337,.T.);
#3337 = CIRCLE('',#3338,25.);
#3338 = AXIS2_PLACEMENT_3D('',#3339,#3340,#3341);
#3339 = CARTESIAN_POINT('',(-45.,54.56,34.5));
#3340 = DIRECTION('',(0.,1.,0.));
#3341 = DIRECTION('',(0.,-0.,1.));
#3342 = ORIENTED_EDGE('',*,*,#2207,.T.);
#3343 = CYLINDRICAL_SURFACE('',#3344,25.);
#3344 = AXIS2_PLACEMENT_3D('',#3345,#3346,#3347);
#3345 = CARTESIAN_POINT('',(-45.,15.,34.5));
#3346 = DIRECTION('',(0.,1.,0.));
#3347 = DIRECTION('',(0.,-0.,1.));
#3348 = ADVANCED_FACE('',(#3349),#3384,.F.);
#3349 = FACE_BOUND('',#3350,.F.);
#3350 = EDGE_LOOP('',(#3351,#3361,#3368,#3369,#3376,#3377));
#3351 = ORIENTED_EDGE('',*,*,#3352,.T.);
#3352 = EDGE_CURVE('',#3353,#3355,#3357,.T.);
#3353 = VERTEX_POINT('',#3354);
#3354 = CARTESIAN_POINT('',(-27.32233047033,48.06,18.822330470336));
#3355 = VERTEX_POINT('',#3356);
#3356 = CARTESIAN_POINT('',(-27.32233047033,54.56,18.822330470336));
#3357 = LINE('',#3358,#3359);
#3358 = CARTESIAN_POINT('',(-27.32233047033,48.06,18.822330470336));
#3359 = VECTOR('',#3360,1.);
#3360 = DIRECTION('',(0.,1.,0.));
#3361 = ORIENTED_EDGE('',*,*,#3362,.F.);
#3362 = EDGE_CURVE('',#2301,#3355,#3363,.T.);
#3363 = CIRCLE('',#3364,2.);
#3364 = AXIS2_PLACEMENT_3D('',#3365,#3366,#3367);
#3365 = CARTESIAN_POINT('',(-27.32233047033,54.56,16.822330470336));
#3366 = DIRECTION('',(0.,1.,0.));
#3367 = DIRECTION('',(0.,-0.,1.));
#3368 = ORIENTED_EDGE('',*,*,#2309,.F.);
#3369 = ORIENTED_EDGE('',*,*,#3370,.F.);
#3370 = EDGE_CURVE('',#3355,#2310,#3371,.T.);
#3371 = CIRCLE('',#3372,2.);
#3372 = AXIS2_PLACEMENT_3D('',#3373,#3374,#3375);
#3373 = CARTESIAN_POINT('',(-27.32233047033,54.56,16.822330470336));
#3374 = DIRECTION('',(0.,1.,0.));
#3375 = DIRECTION('',(0.,-0.,1.));
#3376 = ORIENTED_EDGE('',*,*,#3352,.F.);
#3377 = ORIENTED_EDGE('',*,*,#3378,.T.);
#3378 = EDGE_CURVE('',#3353,#3353,#3379,.T.);
#3379 = CIRCLE('',#3380,2.);
#3380 = AXIS2_PLACEMENT_3D('',#3381,#3382,#3383);
#3381 = CARTESIAN_POINT('',(-27.32233047033,48.06,16.822330470336));
#3382 = DIRECTION('',(0.,1.,0.));
#3383 = DIRECTION('',(0.,-0.,1.));
#3384 = CYLINDRICAL_SURFACE('',#3385,2.);
#3385 = AXIS2_PLACEMENT_3D('',#3386,#3387,#3388);
#3386 = CARTESIAN_POINT('',(-27.32233047033,48.06,16.822330470336));
#3387 = DIRECTION('',(0.,1.,0.));
#3388 = DIRECTION('',(0.,-0.,1.));
#3389 = ADVANCED_FACE('',(#3390),#3425,.F.);
#3390 = FACE_BOUND('',#3391,.F.);
#3391 = EDGE_LOOP('',(#3392,#3402,#3409,#3410,#3417,#3418));
#3392 = ORIENTED_EDGE('',*,*,#3393,.T.);
#3393 = EDGE_CURVE('',#3394,#3396,#3398,.T.);
#3394 = VERTEX_POINT('',#3395);
#3395 = CARTESIAN_POINT('',(-62.67766952966,48.06,18.822330470336));
#3396 = VERTEX_POINT('',#3397);
#3397 = CARTESIAN_POINT('',(-62.67766952966,54.56,18.822330470336));
#3398 = LINE('',#3399,#3400);
#3399 = CARTESIAN_POINT('',(-62.67766952966,48.06,18.822330470336));
#3400 = VECTOR('',#3401,1.);
#3401 = DIRECTION('',(0.,1.,0.));
#3402 = ORIENTED_EDGE('',*,*,#3403,.F.);
#3403 = EDGE_CURVE('',#2208,#3396,#3404,.T.);
#3404 = CIRCLE('',#3405,2.);
#3405 = AXIS2_PLACEMENT_3D('',#3406,#3407,#3408);
#3406 = CARTESIAN_POINT('',(-62.67766952966,54.56,16.822330470336));
#3407 = DIRECTION('',(0.,1.,0.));
#3408 = DIRECTION('',(0.,-0.,1.));
#3409 = ORIENTED_EDGE('',*,*,#2216,.F.);
#3410 = ORIENTED_EDGE('',*,*,#3411,.F.);
#3411 = EDGE_CURVE('',#3396,#2217,#3412,.T.);
#3412 = CIRCLE('',#3413,2.);
#3413 = AXIS2_PLACEMENT_3D('',#3414,#3415,#3416);
#3414 = CARTESIAN_POINT('',(-62.67766952966,54.56,16.822330470336));
#3415 = DIRECTION('',(0.,1.,0.));
#3416 = DIRECTION('',(0.,-0.,1.));
#3417 = ORIENTED_EDGE('',*,*,#3393,.F.);
#3418 = ORIENTED_EDGE('',*,*,#3419,.T.);
#3419 = EDGE_CURVE('',#3394,#3394,#3420,.T.);
#3420 = CIRCLE('',#3421,2.);
#3421 = AXIS2_PLACEMENT_3D('',#3422,#3423,#3424);
#3422 = CARTESIAN_POINT('',(-62.67766952966,48.06,16.822330470336));
#3423 = DIRECTION('',(0.,1.,0.));
#3424 = DIRECTION('',(0.,-0.,1.));
#3425 = CYLINDRICAL_SURFACE('',#3426,2.);
#3426 = AXIS2_PLACEMENT_3D('',#3427,#3428,#3429);
#3427 = CARTESIAN_POINT('',(-62.67766952966,48.06,16.822330470336));
#3428 = DIRECTION('',(0.,1.,0.));
#3429 = DIRECTION('',(0.,-0.,1.));
#3430 = ADVANCED_FACE('',(#3431),#3442,.T.);
#3431 = FACE_BOUND('',#3432,.T.);
#3432 = EDGE_LOOP('',(#3433,#3439,#3440,#3441));
#3433 = ORIENTED_EDGE('',*,*,#3434,.F.);
#3434 = EDGE_CURVE('',#3283,#3166,#3435,.T.);
#3435 = LINE('',#3436,#3437);
#3436 = CARTESIAN_POINT('',(-130.66,55.56,11.));
#3437 = VECTOR('',#3438,1.);
#3438 = DIRECTION('',(1.,0.,-0.));
#3439 = ORIENTED_EDGE('',*,*,#3303,.F.);
#3440 = ORIENTED_EDGE('',*,*,#2283,.T.);
#3441 = ORIENTED_EDGE('',*,*,#3173,.T.);
#3442 = PLANE('',#3443);
#3443 = AXIS2_PLACEMENT_3D('',#3444,#3445,#3446);
#3444 = CARTESIAN_POINT('',(-130.66,50.56,11.));
#3445 = DIRECTION('',(0.,0.,1.));
#3446 = DIRECTION('',(1.,0.,-0.));
#3447 = ADVANCED_FACE('',(#3448),#3459,.T.);
#3448 = FACE_BOUND('',#3449,.T.);
#3449 = EDGE_LOOP('',(#3450,#3451,#3452,#3453));
#3450 = ORIENTED_EDGE('',*,*,#3220,.F.);
#3451 = ORIENTED_EDGE('',*,*,#2243,.T.);
#3452 = ORIENTED_EDGE('',*,*,#3328,.T.);
#3453 = ORIENTED_EDGE('',*,*,#3454,.F.);
#3454 = EDGE_CURVE('',#3213,#3320,#3455,.T.);
#3455 = LINE('',#3456,#3457);
#3456 = CARTESIAN_POINT('',(-130.66,55.56,11.));
#3457 = VECTOR('',#3458,1.);
#3458 = DIRECTION('',(1.,0.,-0.));
#3459 = PLANE('',#3460);
#3460 = AXIS2_PLACEMENT_3D('',#3461,#3462,#3463);
#3461 = CARTESIAN_POINT('',(-130.66,50.56,11.));
#3462 = DIRECTION('',(0.,0.,1.));
#3463 = DIRECTION('',(1.,0.,-0.));
#3464 = ADVANCED_FACE('',(#3465),#3477,.F.);
#3465 = FACE_BOUND('',#3466,.F.);
#3466 = EDGE_LOOP('',(#3467,#3468,#3469,#3470,#3471));
#3467 = ORIENTED_EDGE('',*,*,#3188,.F.);
#3468 = ORIENTED_EDGE('',*,*,#2259,.T.);
#3469 = ORIENTED_EDGE('',*,*,#2267,.T.);
#3470 = ORIENTED_EDGE('',*,*,#3141,.T.);
#3471 = ORIENTED_EDGE('',*,*,#3472,.F.);
#3472 = EDGE_CURVE('',#3189,#3142,#3473,.T.);
#3473 = LINE('',#3474,#3475);
#3474 = CARTESIAN_POINT('',(-130.66,56.06,9.5));
#3475 = VECTOR('',#3476,1.);
#3476 = DIRECTION('',(1.,0.,-0.));
#3477 = PLANE('',#3478);
#3478 = AXIS2_PLACEMENT_3D('',#3479,#3480,#3481);
#3479 = CARTESIAN_POINT('',(-130.66,51.56,9.5));
#3480 = DIRECTION('',(0.,0.,1.));
#3481 = DIRECTION('',(1.,0.,-0.));
#3482 = ADVANCED_FACE('',(#3483),#3508,.T.);
#3483 = FACE_BOUND('',#3484,.T.);
#3484 = EDGE_LOOP('',(#3485,#3493,#3494,#3502));
#3485 = ORIENTED_EDGE('',*,*,#3486,.F.);
#3486 = EDGE_CURVE('',#2428,#3487,#3489,.T.);
#3487 = VERTEX_POINT('',#3488);
#3488 = CARTESIAN_POINT('',(-125.,66.56,144.12));
#3489 = LINE('',#3490,#3491);
#3490 = CARTESIAN_POINT('',(-125.,54.06,156.12));
#3491 = VECTOR('',#3492,1.);
#3492 = DIRECTION('',(0.,0.721387321031,-0.69253182819));
#3493 = ORIENTED_EDGE('',*,*,#2427,.T.);
#3494 = ORIENTED_EDGE('',*,*,#3495,.T.);
#3495 = EDGE_CURVE('',#2430,#3496,#3498,.T.);
#3496 = VERTEX_POINT('',#3497);
#3497 = CARTESIAN_POINT('',(35.,66.56,144.12));
#3498 = LINE('',#3499,#3500);
#3499 = CARTESIAN_POINT('',(35.,54.06,156.12));
#3500 = VECTOR('',#3501,1.);
#3501 = DIRECTION('',(0.,0.721387321031,-0.69253182819));
#3502 = ORIENTED_EDGE('',*,*,#3503,.F.);
#3503 = EDGE_CURVE('',#3487,#3496,#3504,.T.);
#3504 = LINE('',#3505,#3506);
#3505 = CARTESIAN_POINT('',(-125.,66.56,144.12));
#3506 = VECTOR('',#3507,1.);
#3507 = DIRECTION('',(1.,0.,0.));
#3508 = PLANE('',#3509);
#3509 = AXIS2_PLACEMENT_3D('',#3510,#3511,#3512);
#3510 = CARTESIAN_POINT('',(-125.,54.06,156.12));
#3511 = DIRECTION('',(-0.,0.69253182819,0.721387321031));
#3512 = DIRECTION('',(0.,0.721387321031,-0.69253182819));
#3513 = ADVANCED_FACE('',(#3514),#3524,.F.);
#3514 = FACE_BOUND('',#3515,.F.);
#3515 = EDGE_LOOP('',(#3516,#3522,#3523));
#3516 = ORIENTED_EDGE('',*,*,#3517,.T.);
#3517 = EDGE_CURVE('',#3496,#2446,#3518,.T.);
#3518 = LINE('',#3519,#3520);
#3519 = CARTESIAN_POINT('',(35.,66.56,144.12));
#3520 = VECTOR('',#3521,1.);
#3521 = DIRECTION('',(0.,-1.,0.));
#3522 = ORIENTED_EDGE('',*,*,#2453,.T.);
#3523 = ORIENTED_EDGE('',*,*,#3495,.T.);
#3524 = PLANE('',#3525);
#3525 = AXIS2_PLACEMENT_3D('',#3526,#3527,#3528);
#3526 = CARTESIAN_POINT('',(35.,58.516930862791,148.32693086279));
#3527 = DIRECTION('',(-1.,-0.,-0.));
#3528 = DIRECTION('',(0.,0.,-1.));
#3529 = ADVANCED_FACE('',(#3530),#3541,.T.);
#3530 = FACE_BOUND('',#3531,.T.);
#3531 = EDGE_LOOP('',(#3532,#3538,#3539,#3540));
#3532 = ORIENTED_EDGE('',*,*,#3533,.F.);
#3533 = EDGE_CURVE('',#3487,#2438,#3534,.T.);
#3534 = LINE('',#3535,#3536);
#3535 = CARTESIAN_POINT('',(-125.,66.56,144.12));
#3536 = VECTOR('',#3537,1.);
#3537 = DIRECTION('',(0.,-1.,0.));
#3538 = ORIENTED_EDGE('',*,*,#3503,.T.);
#3539 = ORIENTED_EDGE('',*,*,#3517,.T.);
#3540 = ORIENTED_EDGE('',*,*,#2445,.T.);
#3541 = PLANE('',#3542);
#3542 = AXIS2_PLACEMENT_3D('',#3543,#3544,#3545);
#3543 = CARTESIAN_POINT('',(-125.,66.56,144.12));
#3544 = DIRECTION('',(0.,0.,-1.));
#3545 = DIRECTION('',(0.,-1.,0.));
#3546 = ADVANCED_FACE('',(#3547),#3552,.T.);
#3547 = FACE_BOUND('',#3548,.T.);
#3548 = EDGE_LOOP('',(#3549,#3550,#3551));
#3549 = ORIENTED_EDGE('',*,*,#3533,.T.);
#3550 = ORIENTED_EDGE('',*,*,#2437,.T.);
#3551 = ORIENTED_EDGE('',*,*,#3486,.T.);
#3552 = PLANE('',#3553);
#3553 = AXIS2_PLACEMENT_3D('',#3554,#3555,#3556);
#3554 = CARTESIAN_POINT('',(-125.,58.516930862791,148.32693086279));
#3555 = DIRECTION('',(-1.,-0.,-0.));
#3556 = DIRECTION('',(0.,0.,-1.));
#3557 = ADVANCED_FACE('',(#3558,#3695,#3731),#3767,.F.);
#3558 = FACE_BOUND('',#3559,.F.);
#3559 = EDGE_LOOP('',(#3560,#3568,#3569,#3570,#3577,#3578,#3587,#3595,
    #3604,#3612,#3621,#3629,#3638,#3646,#3655,#3663,#3672,#3680,#3687,
    #3688));
#3560 = ORIENTED_EDGE('',*,*,#3561,.F.);
#3561 = EDGE_CURVE('',#2555,#3562,#3564,.T.);
#3562 = VERTEX_POINT('',#3563);
#3563 = CARTESIAN_POINT('',(-45.,55.56,55.5));
#3564 = LINE('',#3565,#3566);
#3565 = CARTESIAN_POINT('',(-45.,18.,55.5));
#3566 = VECTOR('',#3567,1.);
#3567 = DIRECTION('',(0.,1.,0.));
#3568 = ORIENTED_EDGE('',*,*,#2554,.T.);
#3569 = ORIENTED_EDGE('',*,*,#3561,.T.);
#3570 = ORIENTED_EDGE('',*,*,#3571,.F.);
#3571 = EDGE_CURVE('',#3079,#3562,#3572,.T.);
#3572 = CIRCLE('',#3573,21.);
#3573 = AXIS2_PLACEMENT_3D('',#3574,#3575,#3576);
#3574 = CARTESIAN_POINT('',(-45.,55.56,34.5));
#3575 = DIRECTION('',(0.,1.,0.));
#3576 = DIRECTION('',(0.,-0.,1.));
#3577 = ORIENTED_EDGE('',*,*,#3086,.F.);
#3578 = ORIENTED_EDGE('',*,*,#3579,.F.);
#3579 = EDGE_CURVE('',#3580,#3087,#3582,.T.);
#3580 = VERTEX_POINT('',#3581);
#3581 = CARTESIAN_POINT('',(-61.12382462124,51.56,21.045547964213));
#3582 = CIRCLE('',#3583,21.);
#3583 = AXIS2_PLACEMENT_3D('',#3584,#3585,#3586);
#3584 = CARTESIAN_POINT('',(-45.,51.56,34.5));
#3585 = DIRECTION('',(0.,1.,0.));
#3586 = DIRECTION('',(0.,-0.,1.));
#3587 = ORIENTED_EDGE('',*,*,#3588,.F.);
#3588 = EDGE_CURVE('',#3589,#3580,#3591,.T.);
#3589 = VERTEX_POINT('',#3590);
#3590 = CARTESIAN_POINT('',(-61.12382462124,47.46,21.045547964213));
#3591 = LINE('',#3592,#3593);
#3592 = CARTESIAN_POINT('',(-61.12382462124,18.,21.045547964213));
#3593 = VECTOR('',#3594,1.);
#3594 = DIRECTION('',(0.,1.,0.));
#3595 = ORIENTED_EDGE('',*,*,#3596,.F.);
#3596 = EDGE_CURVE('',#3597,#3589,#3599,.T.);
#3597 = VERTEX_POINT('',#3598);
#3598 = CARTESIAN_POINT('',(-58.45445203578,47.46,18.376175378754));
#3599 = CIRCLE('',#3600,21.);
#3600 = AXIS2_PLACEMENT_3D('',#3601,#3602,#3603);
#3601 = CARTESIAN_POINT('',(-45.,47.46,34.5));
#3602 = DIRECTION('',(0.,1.,0.));
#3603 = DIRECTION('',(0.,-0.,1.));
#3604 = ORIENTED_EDGE('',*,*,#3605,.T.);
#3605 = EDGE_CURVE('',#3597,#3606,#3608,.T.);
#3606 = VERTEX_POINT('',#3607);
#3607 = CARTESIAN_POINT('',(-58.45445203578,54.56,18.376175378754));
#3608 = LINE('',#3609,#3610);
#3609 = CARTESIAN_POINT('',(-58.45445203578,18.,18.376175378754));
#3610 = VECTOR('',#3611,1.);
#3611 = DIRECTION('',(0.,1.,0.));
#3612 = ORIENTED_EDGE('',*,*,#3613,.T.);
#3613 = EDGE_CURVE('',#3606,#3614,#3616,.T.);
#3614 = VERTEX_POINT('',#3615);
#3615 = CARTESIAN_POINT('',(-61.08570794214,54.56,21.));
#3616 = CIRCLE('',#3617,21.);
#3617 = AXIS2_PLACEMENT_3D('',#3618,#3619,#3620);
#3618 = CARTESIAN_POINT('',(-45.,54.56,34.5));
#3619 = DIRECTION('',(0.,1.,0.));
#3620 = DIRECTION('',(0.,-0.,1.));
#3621 = ORIENTED_EDGE('',*,*,#3622,.T.);
#3622 = EDGE_CURVE('',#3614,#3623,#3625,.T.);
#3623 = VERTEX_POINT('',#3624);
#3624 = CARTESIAN_POINT('',(-61.08570794214,55.56,21.));
#3625 = LINE('',#3626,#3627);
#3626 = CARTESIAN_POINT('',(-61.08570794214,18.,21.));
#3627 = VECTOR('',#3628,1.);
#3628 = DIRECTION('',(0.,1.,0.));
#3629 = ORIENTED_EDGE('',*,*,#3630,.F.);
#3630 = EDGE_CURVE('',#3631,#3623,#3633,.T.);
#3631 = VERTEX_POINT('',#3632);
#3632 = CARTESIAN_POINT('',(-28.91429205785,55.56,21.));
#3633 = CIRCLE('',#3634,21.);
#3634 = AXIS2_PLACEMENT_3D('',#3635,#3636,#3637);
#3635 = CARTESIAN_POINT('',(-45.,55.56,34.5));
#3636 = DIRECTION('',(0.,1.,0.));
#3637 = DIRECTION('',(0.,-0.,1.));
#3638 = ORIENTED_EDGE('',*,*,#3639,.F.);
#3639 = EDGE_CURVE('',#3640,#3631,#3642,.T.);
#3640 = VERTEX_POINT('',#3641);
#3641 = CARTESIAN_POINT('',(-28.91429205785,54.56,21.));
#3642 = LINE('',#3643,#3644);
#3643 = CARTESIAN_POINT('',(-28.91429205785,18.,21.));
#3644 = VECTOR('',#3645,1.);
#3645 = DIRECTION('',(0.,1.,0.));
#3646 = ORIENTED_EDGE('',*,*,#3647,.T.);
#3647 = EDGE_CURVE('',#3640,#3648,#3650,.T.);
#3648 = VERTEX_POINT('',#3649);
#3649 = CARTESIAN_POINT('',(-31.54554796421,54.56,18.376175378754));
#3650 = CIRCLE('',#3651,21.);
#3651 = AXIS2_PLACEMENT_3D('',#3652,#3653,#3654);
#3652 = CARTESIAN_POINT('',(-45.,54.56,34.5));
#3653 = DIRECTION('',(0.,1.,0.));
#3654 = DIRECTION('',(0.,-0.,1.));
#3655 = ORIENTED_EDGE('',*,*,#3656,.F.);
#3656 = EDGE_CURVE('',#3657,#3648,#3659,.T.);
#3657 = VERTEX_POINT('',#3658);
#3658 = CARTESIAN_POINT('',(-31.54554796421,47.46,18.376175378754));
#3659 = LINE('',#3660,#3661);
#3660 = CARTESIAN_POINT('',(-31.54554796421,18.,18.376175378754));
#3661 = VECTOR('',#3662,1.);
#3662 = DIRECTION('',(0.,1.,0.));
#3663 = ORIENTED_EDGE('',*,*,#3664,.F.);
#3664 = EDGE_CURVE('',#3665,#3657,#3667,.T.);
#3665 = VERTEX_POINT('',#3666);
#3666 = CARTESIAN_POINT('',(-28.87617537875,47.46,21.045547964213));
#3667 = CIRCLE('',#3668,21.);
#3668 = AXIS2_PLACEMENT_3D('',#3669,#3670,#3671);
#3669 = CARTESIAN_POINT('',(-45.,47.46,34.5));
#3670 = DIRECTION('',(0.,1.,0.));
#3671 = DIRECTION('',(0.,-0.,1.));
#3672 = ORIENTED_EDGE('',*,*,#3673,.T.);
#3673 = EDGE_CURVE('',#3665,#3674,#3676,.T.);
#3674 = VERTEX_POINT('',#3675);
#3675 = CARTESIAN_POINT('',(-28.87617537875,51.56,21.045547964213));
#3676 = LINE('',#3677,#3678);
#3677 = CARTESIAN_POINT('',(-28.87617537875,18.,21.045547964213));
#3678 = VECTOR('',#3679,1.);
#3679 = DIRECTION('',(0.,1.,0.));
#3680 = ORIENTED_EDGE('',*,*,#3681,.F.);
#3681 = EDGE_CURVE('',#3095,#3674,#3682,.T.);
#3682 = CIRCLE('',#3683,21.);
#3683 = AXIS2_PLACEMENT_3D('',#3684,#3685,#3686);
#3684 = CARTESIAN_POINT('',(-45.,51.56,34.5));
#3685 = DIRECTION('',(0.,1.,0.));
#3686 = DIRECTION('',(0.,-0.,1.));
#3687 = ORIENTED_EDGE('',*,*,#3102,.T.);
#3688 = ORIENTED_EDGE('',*,*,#3689,.F.);
#3689 = EDGE_CURVE('',#3562,#3103,#3690,.T.);
#3690 = CIRCLE('',#3691,21.);
#3691 = AXIS2_PLACEMENT_3D('',#3692,#3693,#3694);
#3692 = CARTESIAN_POINT('',(-45.,55.56,34.5));
#3693 = DIRECTION('',(0.,1.,0.));
#3694 = DIRECTION('',(0.,-0.,1.));
#3695 = FACE_BOUND('',#3696,.F.);
#3696 = EDGE_LOOP('',(#3697,#3707,#3716,#3724));
#3697 = ORIENTED_EDGE('',*,*,#3698,.F.);
#3698 = EDGE_CURVE('',#3699,#3701,#3703,.T.);
#3699 = VERTEX_POINT('',#3700);
#3700 = CARTESIAN_POINT('',(-28.87617537875,47.46,47.954452035787));
#3701 = VERTEX_POINT('',#3702);
#3702 = CARTESIAN_POINT('',(-28.87617537875,54.56,47.954452035787));
#3703 = LINE('',#3704,#3705);
#3704 = CARTESIAN_POINT('',(-28.87617537875,18.,47.954452035787));
#3705 = VECTOR('',#3706,1.);
#3706 = DIRECTION('',(0.,1.,0.));
#3707 = ORIENTED_EDGE('',*,*,#3708,.F.);
#3708 = EDGE_CURVE('',#3709,#3699,#3711,.T.);
#3709 = VERTEX_POINT('',#3710);
#3710 = CARTESIAN_POINT('',(-31.54554796421,47.46,50.623824621246));
#3711 = CIRCLE('',#3712,21.);
#3712 = AXIS2_PLACEMENT_3D('',#3713,#3714,#3715);
#3713 = CARTESIAN_POINT('',(-45.,47.46,34.5));
#3714 = DIRECTION('',(0.,1.,0.));
#3715 = DIRECTION('',(0.,-0.,1.));
#3716 = ORIENTED_EDGE('',*,*,#3717,.T.);
#3717 = EDGE_CURVE('',#3709,#3718,#3720,.T.);
#3718 = VERTEX_POINT('',#3719);
#3719 = CARTESIAN_POINT('',(-31.54554796421,54.56,50.623824621246));
#3720 = LINE('',#3721,#3722);
#3721 = CARTESIAN_POINT('',(-31.54554796421,18.,50.623824621246));
#3722 = VECTOR('',#3723,1.);
#3723 = DIRECTION('',(0.,1.,0.));
#3724 = ORIENTED_EDGE('',*,*,#3725,.T.);
#3725 = EDGE_CURVE('',#3718,#3701,#3726,.T.);
#3726 = CIRCLE('',#3727,21.);
#3727 = AXIS2_PLACEMENT_3D('',#3728,#3729,#3730);
#3728 = CARTESIAN_POINT('',(-45.,54.56,34.5));
#3729 = DIRECTION('',(0.,1.,0.));
#3730 = DIRECTION('',(0.,-0.,1.));
#3731 = FACE_BOUND('',#3732,.F.);
#3732 = EDGE_LOOP('',(#3733,#3743,#3752,#3760));
#3733 = ORIENTED_EDGE('',*,*,#3734,.F.);
#3734 = EDGE_CURVE('',#3735,#3737,#3739,.T.);
#3735 = VERTEX_POINT('',#3736);
#3736 = CARTESIAN_POINT('',(-58.45445203578,47.46,50.623824621246));
#3737 = VERTEX_POINT('',#3738);
#3738 = CARTESIAN_POINT('',(-58.45445203578,54.56,50.623824621246));
#3739 = LINE('',#3740,#3741);
#3740 = CARTESIAN_POINT('',(-58.45445203578,18.,50.623824621246));
#3741 = VECTOR('',#3742,1.);
#3742 = DIRECTION('',(0.,1.,0.));
#3743 = ORIENTED_EDGE('',*,*,#3744,.F.);
#3744 = EDGE_CURVE('',#3745,#3735,#3747,.T.);
#3745 = VERTEX_POINT('',#3746);
#3746 = CARTESIAN_POINT('',(-61.12382462124,47.46,47.954452035787));
#3747 = CIRCLE('',#3748,21.);
#3748 = AXIS2_PLACEMENT_3D('',#3749,#3750,#3751);
#3749 = CARTESIAN_POINT('',(-45.,47.46,34.5));
#3750 = DIRECTION('',(0.,1.,0.));
#3751 = DIRECTION('',(0.,-0.,1.));
#3752 = ORIENTED_EDGE('',*,*,#3753,.T.);
#3753 = EDGE_CURVE('',#3745,#3754,#3756,.T.);
#3754 = VERTEX_POINT('',#3755);
#3755 = CARTESIAN_POINT('',(-61.12382462124,54.56,47.954452035787));
#3756 = LINE('',#3757,#3758);
#3757 = CARTESIAN_POINT('',(-61.12382462124,18.,47.954452035787));
#3758 = VECTOR('',#3759,1.);
#3759 = DIRECTION('',(0.,1.,0.));
#3760 = ORIENTED_EDGE('',*,*,#3761,.T.);
#3761 = EDGE_CURVE('',#3754,#3737,#3762,.T.);
#3762 = CIRCLE('',#3763,21.);
#3763 = AXIS2_PLACEMENT_3D('',#3764,#3765,#3766);
#3764 = CARTESIAN_POINT('',(-45.,54.56,34.5));
#3765 = DIRECTION('',(0.,1.,0.));
#3766 = DIRECTION('',(0.,-0.,1.));
#3767 = CYLINDRICAL_SURFACE('',#3768,21.);
#3768 = AXIS2_PLACEMENT_3D('',#3769,#3770,#3771);
#3769 = CARTESIAN_POINT('',(-45.,18.,34.5));
#3770 = DIRECTION('',(0.,1.,0.));
#3771 = DIRECTION('',(0.,-0.,1.));
#3772 = ADVANCED_FACE('',(#3773),#3779,.T.);
#3773 = FACE_BOUND('',#3774,.T.);
#3774 = EDGE_LOOP('',(#3775,#3776,#3777,#3778));
#3775 = ORIENTED_EDGE('',*,*,#2923,.F.);
#3776 = ORIENTED_EDGE('',*,*,#2597,.T.);
#3777 = ORIENTED_EDGE('',*,*,#2875,.T.);
#3778 = ORIENTED_EDGE('',*,*,#2900,.T.);
#3779 = PLANE('',#3780);
#3780 = AXIS2_PLACEMENT_3D('',#3781,#3782,#3783);
#3781 = CARTESIAN_POINT('',(-149.66,51.86,-2.5));
#3782 = DIRECTION('',(-0.,1.,0.));
#3783 = DIRECTION('',(0.,0.,1.));
#3784 = ADVANCED_FACE('',(#3785),#3791,.F.);
#3785 = FACE_BOUND('',#3786,.F.);
#3786 = EDGE_LOOP('',(#3787,#3788,#3789,#3790));
#3787 = ORIENTED_EDGE('',*,*,#2765,.F.);
#3788 = ORIENTED_EDGE('',*,*,#2700,.T.);
#3789 = ORIENTED_EDGE('',*,*,#2724,.T.);
#3790 = ORIENTED_EDGE('',*,*,#2748,.F.);
#3791 = PLANE('',#3792);
#3792 = AXIS2_PLACEMENT_3D('',#3793,#3794,#3795);
#3793 = CARTESIAN_POINT('',(-151.66,51.56,3.));
#3794 = DIRECTION('',(-0.,1.,0.));
#3795 = DIRECTION('',(0.,0.,1.));
#3796 = ADVANCED_FACE('',(#3797),#3803,.F.);
#3797 = FACE_BOUND('',#3798,.F.);
#3798 = EDGE_LOOP('',(#3799,#3800,#3801,#3802));
#3799 = ORIENTED_EDGE('',*,*,#2861,.F.);
#3800 = ORIENTED_EDGE('',*,*,#2796,.T.);
#3801 = ORIENTED_EDGE('',*,*,#2820,.T.);
#3802 = ORIENTED_EDGE('',*,*,#2844,.F.);
#3803 = PLANE('',#3804);
#3804 = AXIS2_PLACEMENT_3D('',#3805,#3806,#3807);
#3805 = CARTESIAN_POINT('',(-151.66,51.56,3.));
#3806 = DIRECTION('',(-0.,1.,0.));
#3807 = DIRECTION('',(0.,0.,1.));
#3808 = ADVANCED_FACE('',(#3809),#3813,.F.);
#3809 = FACE_BOUND('',#3810,.F.);
#3810 = EDGE_LOOP('',(#3811,#3812));
#3811 = ORIENTED_EDGE('',*,*,#2944,.T.);
#3812 = ORIENTED_EDGE('',*,*,#3011,.T.);
#3813 = PLANE('',#3814);
#3814 = AXIS2_PLACEMENT_3D('',#3815,#3816,#3817);
#3815 = CARTESIAN_POINT('',(-27.32233047033,54.56,52.177669529664));
#3816 = DIRECTION('',(0.,1.,0.));
#3817 = DIRECTION('',(0.,-0.,1.));
#3818 = ADVANCED_FACE('',(#3819),#3827,.T.);
#3819 = FACE_BOUND('',#3820,.T.);
#3820 = EDGE_LOOP('',(#3821,#3822,#3823,#3824,#3825,#3826));
#3821 = ORIENTED_EDGE('',*,*,#2961,.T.);
#3822 = ORIENTED_EDGE('',*,*,#3110,.F.);
#3823 = ORIENTED_EDGE('',*,*,#3689,.F.);
#3824 = ORIENTED_EDGE('',*,*,#3571,.F.);
#3825 = ORIENTED_EDGE('',*,*,#3078,.F.);
#3826 = ORIENTED_EDGE('',*,*,#2970,.T.);
#3827 = PLANE('',#3828);
#3828 = AXIS2_PLACEMENT_3D('',#3829,#3830,#3831);
#3829 = CARTESIAN_POINT('',(-45.,55.56,34.5));
#3830 = DIRECTION('',(0.,1.,0.));
#3831 = DIRECTION('',(0.,-0.,1.));
#3832 = ADVANCED_FACE('',(#3833),#3837,.F.);
#3833 = FACE_BOUND('',#3834,.F.);
#3834 = EDGE_LOOP('',(#3835,#3836));
#3835 = ORIENTED_EDGE('',*,*,#2987,.T.);
#3836 = ORIENTED_EDGE('',*,*,#3044,.T.);
#3837 = PLANE('',#3838);
#3838 = AXIS2_PLACEMENT_3D('',#3839,#3840,#3841);
#3839 = CARTESIAN_POINT('',(-62.67766952966,54.56,52.177669529664));
#3840 = DIRECTION('',(0.,1.,0.));
#3841 = DIRECTION('',(0.,-0.,1.));
#3842 = ADVANCED_FACE('',(#3843),#3846,.T.);
#3843 = FACE_BOUND('',#3844,.F.);
#3844 = EDGE_LOOP('',(#3845));
#3845 = ORIENTED_EDGE('',*,*,#3020,.F.);
#3846 = PLANE('',#3847);
#3847 = AXIS2_PLACEMENT_3D('',#3848,#3849,#3850);
#3848 = CARTESIAN_POINT('',(-27.32233047033,48.06,52.177669529664));
#3849 = DIRECTION('',(0.,1.,0.));
#3850 = DIRECTION('',(0.,-0.,1.));
#3851 = ADVANCED_FACE('',(#3852),#3855,.T.);
#3852 = FACE_BOUND('',#3853,.F.);
#3853 = EDGE_LOOP('',(#3854));
#3854 = ORIENTED_EDGE('',*,*,#3053,.F.);
#3855 = PLANE('',#3856);
#3856 = AXIS2_PLACEMENT_3D('',#3857,#3858,#3859);
#3857 = CARTESIAN_POINT('',(-62.67766952966,48.06,52.177669529664));
#3858 = DIRECTION('',(0.,1.,0.));
#3859 = DIRECTION('',(0.,-0.,1.));
#3860 = ADVANCED_FACE('',(#3861),#3867,.T.);
#3861 = FACE_BOUND('',#3862,.T.);
#3862 = EDGE_LOOP('',(#3863,#3864,#3865,#3866));
#3863 = ORIENTED_EDGE('',*,*,#3472,.F.);
#3864 = ORIENTED_EDGE('',*,*,#3196,.T.);
#3865 = ORIENTED_EDGE('',*,*,#3126,.T.);
#3866 = ORIENTED_EDGE('',*,*,#3149,.F.);
#3867 = PLANE('',#3868);
#3868 = AXIS2_PLACEMENT_3D('',#3869,#3870,#3871);
#3869 = CARTESIAN_POINT('',(-130.66,56.06,9.5));
#3870 = DIRECTION('',(-0.,1.,0.));
#3871 = DIRECTION('',(0.,0.,1.));
#3872 = ADVANCED_FACE('',(#3873),#3902,.F.);
#3873 = FACE_BOUND('',#3874,.F.);
#3874 = EDGE_LOOP('',(#3875,#3884,#3892,#3899,#3900,#3901));
#3875 = ORIENTED_EDGE('',*,*,#3876,.F.);
#3876 = EDGE_CURVE('',#3877,#3674,#3879,.T.);
#3877 = VERTEX_POINT('',#3878);
#3878 = CARTESIAN_POINT('',(-28.99477697199,51.56,21.));
#3879 = CIRCLE('',#3880,4.5);
#3880 = AXIS2_PLACEMENT_3D('',#3881,#3882,#3883);
#3881 = CARTESIAN_POINT('',(-27.32233047033,51.56,16.822330470336));
#3882 = DIRECTION('',(0.,1.,0.));
#3883 = DIRECTION('',(0.,-0.,1.));
#3884 = ORIENTED_EDGE('',*,*,#3885,.F.);
#3885 = EDGE_CURVE('',#3886,#3877,#3888,.T.);
#3886 = VERTEX_POINT('',#3887);
#3887 = CARTESIAN_POINT('',(-61.005223028,51.56,21.));
#3888 = LINE('',#3889,#3890);
#3889 = CARTESIAN_POINT('',(-130.66,51.56,21.));
#3890 = VECTOR('',#3891,1.);
#3891 = DIRECTION('',(1.,0.,-0.));
#3892 = ORIENTED_EDGE('',*,*,#3893,.F.);
#3893 = EDGE_CURVE('',#3580,#3886,#3894,.T.);
#3894 = CIRCLE('',#3895,4.5);
#3895 = AXIS2_PLACEMENT_3D('',#3896,#3897,#3898);
#3896 = CARTESIAN_POINT('',(-62.67766952966,51.56,16.822330470336));
#3897 = DIRECTION('',(0.,1.,0.));
#3898 = DIRECTION('',(0.,-0.,1.));
#3899 = ORIENTED_EDGE('',*,*,#3579,.T.);
#3900 = ORIENTED_EDGE('',*,*,#3094,.T.);
#3901 = ORIENTED_EDGE('',*,*,#3681,.T.);
#3902 = PLANE('',#3903);
#3903 = AXIS2_PLACEMENT_3D('',#3904,#3905,#3906);
#3904 = CARTESIAN_POINT('',(-130.66,51.56,9.5));
#3905 = DIRECTION('',(-0.,1.,0.));
#3906 = DIRECTION('',(0.,0.,1.));
#3907 = ADVANCED_FACE('',(#3908),#3914,.F.);
#3908 = FACE_BOUND('',#3909,.F.);
#3909 = EDGE_LOOP('',(#3910,#3911,#3912,#3913));
#3910 = ORIENTED_EDGE('',*,*,#3434,.F.);
#3911 = ORIENTED_EDGE('',*,*,#3282,.F.);
#3912 = ORIENTED_EDGE('',*,*,#3234,.T.);
#3913 = ORIENTED_EDGE('',*,*,#3165,.F.);
#3914 = PLANE('',#3915);
#3915 = AXIS2_PLACEMENT_3D('',#3916,#3917,#3918);
#3916 = CARTESIAN_POINT('',(-130.66,55.56,11.));
#3917 = DIRECTION('',(-0.,1.,0.));
#3918 = DIRECTION('',(0.,0.,1.));
#3919 = ADVANCED_FACE('',(#3920),#3926,.F.);
#3920 = FACE_BOUND('',#3921,.F.);
#3921 = EDGE_LOOP('',(#3922,#3923,#3924,#3925));
#3922 = ORIENTED_EDGE('',*,*,#3454,.F.);
#3923 = ORIENTED_EDGE('',*,*,#3212,.T.);
#3924 = ORIENTED_EDGE('',*,*,#3268,.T.);
#3925 = ORIENTED_EDGE('',*,*,#3319,.F.);
#3926 = PLANE('',#3927);
#3927 = AXIS2_PLACEMENT_3D('',#3928,#3929,#3930);
#3928 = CARTESIAN_POINT('',(-130.66,55.56,11.));
#3929 = DIRECTION('',(-0.,1.,0.));
#3930 = DIRECTION('',(0.,0.,1.));
#3931 = ADVANCED_FACE('',(#3932),#3937,.F.);
#3932 = FACE_BOUND('',#3933,.F.);
#3933 = EDGE_LOOP('',(#3934,#3935,#3936));
#3934 = ORIENTED_EDGE('',*,*,#3362,.T.);
#3935 = ORIENTED_EDGE('',*,*,#3370,.T.);
#3936 = ORIENTED_EDGE('',*,*,#3294,.T.);
#3937 = PLANE('',#3938);
#3938 = AXIS2_PLACEMENT_3D('',#3939,#3940,#3941);
#3939 = CARTESIAN_POINT('',(-27.32233047033,54.56,16.822330470336));
#3940 = DIRECTION('',(0.,1.,0.));
#3941 = DIRECTION('',(0.,-0.,1.));
#3942 = ADVANCED_FACE('',(#3943),#3948,.F.);
#3943 = FACE_BOUND('',#3944,.F.);
#3944 = EDGE_LOOP('',(#3945,#3946,#3947));
#3945 = ORIENTED_EDGE('',*,*,#3403,.T.);
#3946 = ORIENTED_EDGE('',*,*,#3411,.T.);
#3947 = ORIENTED_EDGE('',*,*,#3336,.T.);
#3948 = PLANE('',#3949);
#3949 = AXIS2_PLACEMENT_3D('',#3950,#3951,#3952);
#3950 = CARTESIAN_POINT('',(-62.67766952966,54.56,16.822330470336));
#3951 = DIRECTION('',(0.,1.,0.));
#3952 = DIRECTION('',(0.,-0.,1.));
#3953 = ADVANCED_FACE('',(#3954),#3957,.T.);
#3954 = FACE_BOUND('',#3955,.F.);
#3955 = EDGE_LOOP('',(#3956));
#3956 = ORIENTED_EDGE('',*,*,#3378,.F.);
#3957 = PLANE('',#3958);
#3958 = AXIS2_PLACEMENT_3D('',#3959,#3960,#3961);
#3959 = CARTESIAN_POINT('',(-27.32233047033,48.06,16.822330470336));
#3960 = DIRECTION('',(0.,1.,0.));
#3961 = DIRECTION('',(0.,-0.,1.));
#3962 = ADVANCED_FACE('',(#3963),#3966,.T.);
#3963 = FACE_BOUND('',#3964,.F.);
#3964 = EDGE_LOOP('',(#3965));
#3965 = ORIENTED_EDGE('',*,*,#3419,.F.);
#3966 = PLANE('',#3967);
#3967 = AXIS2_PLACEMENT_3D('',#3968,#3969,#3970);
#3968 = CARTESIAN_POINT('',(-62.67766952966,48.06,16.822330470336));
#3969 = DIRECTION('',(0.,1.,0.));
#3970 = DIRECTION('',(0.,-0.,1.));
#3971 = ADVANCED_FACE('',(#3972),#3999,.T.);
#3972 = FACE_BOUND('',#3973,.T.);
#3973 = EDGE_LOOP('',(#3974,#3981,#3982,#3983,#3991,#3998));
#3974 = ORIENTED_EDGE('',*,*,#3975,.T.);
#3975 = EDGE_CURVE('',#3657,#3665,#3976,.T.);
#3976 = CIRCLE('',#3977,4.5);
#3977 = AXIS2_PLACEMENT_3D('',#3978,#3979,#3980);
#3978 = CARTESIAN_POINT('',(-27.32233047033,47.46,16.822330470336));
#3979 = DIRECTION('',(0.,1.,0.));
#3980 = DIRECTION('',(0.,-0.,1.));
#3981 = ORIENTED_EDGE('',*,*,#3673,.T.);
#3982 = ORIENTED_EDGE('',*,*,#3876,.F.);
#3983 = ORIENTED_EDGE('',*,*,#3984,.T.);
#3984 = EDGE_CURVE('',#3877,#3985,#3987,.T.);
#3985 = VERTEX_POINT('',#3986);
#3986 = CARTESIAN_POINT('',(-28.99477697199,54.56,21.));
#3987 = LINE('',#3988,#3989);
#3988 = CARTESIAN_POINT('',(-28.99477697199,47.46,21.));
#3989 = VECTOR('',#3990,1.);
#3990 = DIRECTION('',(0.,1.,0.));
#3991 = ORIENTED_EDGE('',*,*,#3992,.F.);
#3992 = EDGE_CURVE('',#3648,#3985,#3993,.T.);
#3993 = CIRCLE('',#3994,4.5);
#3994 = AXIS2_PLACEMENT_3D('',#3995,#3996,#3997);
#3995 = CARTESIAN_POINT('',(-27.32233047033,54.56,16.822330470336));
#3996 = DIRECTION('',(0.,1.,0.));
#3997 = DIRECTION('',(0.,-0.,1.));
#3998 = ORIENTED_EDGE('',*,*,#3656,.F.);
#3999 = CYLINDRICAL_SURFACE('',#4000,4.5);
#4000 = AXIS2_PLACEMENT_3D('',#4001,#4002,#4003);
#4001 = CARTESIAN_POINT('',(-27.32233047033,47.46,16.822330470336));
#4002 = DIRECTION('',(0.,1.,0.));
#4003 = DIRECTION('',(0.,-0.,1.));
#4004 = ADVANCED_FACE('',(#4005),#4009,.F.);
#4005 = FACE_BOUND('',#4006,.F.);
#4006 = EDGE_LOOP('',(#4007,#4008));
#4007 = ORIENTED_EDGE('',*,*,#3975,.T.);
#4008 = ORIENTED_EDGE('',*,*,#3664,.T.);
#4009 = PLANE('',#4010);
#4010 = AXIS2_PLACEMENT_3D('',#4011,#4012,#4013);
#4011 = CARTESIAN_POINT('',(-27.32233047033,47.46,16.822330470336));
#4012 = DIRECTION('',(0.,1.,0.));
#4013 = DIRECTION('',(0.,-0.,1.));
#4014 = ADVANCED_FACE('',(#4015),#4025,.T.);
#4015 = FACE_BOUND('',#4016,.T.);
#4016 = EDGE_LOOP('',(#4017,#4018,#4019));
#4017 = ORIENTED_EDGE('',*,*,#3647,.T.);
#4018 = ORIENTED_EDGE('',*,*,#3992,.T.);
#4019 = ORIENTED_EDGE('',*,*,#4020,.T.);
#4020 = EDGE_CURVE('',#3985,#3640,#4021,.T.);
#4021 = LINE('',#4022,#4023);
#4022 = CARTESIAN_POINT('',(-78.99116523516,54.56,21.));
#4023 = VECTOR('',#4024,1.);
#4024 = DIRECTION('',(1.,0.,0.));
#4025 = PLANE('',#4026);
#4026 = AXIS2_PLACEMENT_3D('',#4027,#4028,#4029);
#4027 = CARTESIAN_POINT('',(-27.32233047033,54.56,16.822330470336));
#4028 = DIRECTION('',(0.,1.,0.));
#4029 = DIRECTION('',(0.,-0.,1.));
#4030 = ADVANCED_FACE('',(#4031),#4058,.F.);
#4031 = FACE_BOUND('',#4032,.F.);
#4032 = EDGE_LOOP('',(#4033,#4041,#4042,#4043,#4044,#4045,#4051,#4052));
#4033 = ORIENTED_EDGE('',*,*,#4034,.F.);
#4034 = EDGE_CURVE('',#3886,#4035,#4037,.T.);
#4035 = VERTEX_POINT('',#4036);
#4036 = CARTESIAN_POINT('',(-61.005223028,54.56,21.));
#4037 = LINE('',#4038,#4039);
#4038 = CARTESIAN_POINT('',(-61.005223028,47.46,21.));
#4039 = VECTOR('',#4040,1.);
#4040 = DIRECTION('',(0.,1.,0.));
#4041 = ORIENTED_EDGE('',*,*,#3885,.T.);
#4042 = ORIENTED_EDGE('',*,*,#3984,.T.);
#4043 = ORIENTED_EDGE('',*,*,#4020,.T.);
#4044 = ORIENTED_EDGE('',*,*,#3639,.T.);
#4045 = ORIENTED_EDGE('',*,*,#4046,.F.);
#4046 = EDGE_CURVE('',#3623,#3631,#4047,.T.);
#4047 = LINE('',#4048,#4049);
#4048 = CARTESIAN_POINT('',(-130.66,55.56,21.));
#4049 = VECTOR('',#4050,1.);
#4050 = DIRECTION('',(1.,0.,-0.));
#4051 = ORIENTED_EDGE('',*,*,#3622,.F.);
#4052 = ORIENTED_EDGE('',*,*,#4053,.T.);
#4053 = EDGE_CURVE('',#3614,#4035,#4054,.T.);
#4054 = LINE('',#4055,#4056);
#4055 = CARTESIAN_POINT('',(-96.66883476483,54.56,21.));
#4056 = VECTOR('',#4057,1.);
#4057 = DIRECTION('',(1.,0.,0.));
#4058 = PLANE('',#4059);
#4059 = AXIS2_PLACEMENT_3D('',#4060,#4061,#4062);
#4060 = CARTESIAN_POINT('',(-130.66,50.56,21.));
#4061 = DIRECTION('',(0.,0.,1.));
#4062 = DIRECTION('',(1.,0.,-0.));
#4063 = ADVANCED_FACE('',(#4064),#4068,.F.);
#4064 = FACE_BOUND('',#4065,.F.);
#4065 = EDGE_LOOP('',(#4066,#4067));
#4066 = ORIENTED_EDGE('',*,*,#3630,.T.);
#4067 = ORIENTED_EDGE('',*,*,#4046,.T.);
#4068 = PLANE('',#4069);
#4069 = AXIS2_PLACEMENT_3D('',#4070,#4071,#4072);
#4070 = CARTESIAN_POINT('',(-130.66,55.56,11.));
#4071 = DIRECTION('',(-0.,1.,0.));
#4072 = DIRECTION('',(0.,0.,1.));
#4073 = ADVANCED_FACE('',(#4074),#4085,.T.);
#4074 = FACE_BOUND('',#4075,.T.);
#4075 = EDGE_LOOP('',(#4076,#4077,#4084));
#4076 = ORIENTED_EDGE('',*,*,#4053,.T.);
#4077 = ORIENTED_EDGE('',*,*,#4078,.T.);
#4078 = EDGE_CURVE('',#4035,#3606,#4079,.T.);
#4079 = CIRCLE('',#4080,4.5);
#4080 = AXIS2_PLACEMENT_3D('',#4081,#4082,#4083);
#4081 = CARTESIAN_POINT('',(-62.67766952966,54.56,16.822330470336));
#4082 = DIRECTION('',(0.,1.,0.));
#4083 = DIRECTION('',(0.,-0.,1.));
#4084 = ORIENTED_EDGE('',*,*,#3613,.T.);
#4085 = PLANE('',#4086);
#4086 = AXIS2_PLACEMENT_3D('',#4087,#4088,#4089);
#4087 = CARTESIAN_POINT('',(-62.67766952966,54.56,16.822330470336));
#4088 = DIRECTION('',(0.,1.,0.));
#4089 = DIRECTION('',(0.,-0.,1.));
#4090 = ADVANCED_FACE('',(#4091),#4105,.T.);
#4091 = FACE_BOUND('',#4092,.T.);
#4092 = EDGE_LOOP('',(#4093,#4100,#4101,#4102,#4103,#4104));
#4093 = ORIENTED_EDGE('',*,*,#4094,.T.);
#4094 = EDGE_CURVE('',#3589,#3597,#4095,.T.);
#4095 = CIRCLE('',#4096,4.5);
#4096 = AXIS2_PLACEMENT_3D('',#4097,#4098,#4099);
#4097 = CARTESIAN_POINT('',(-62.67766952966,47.46,16.822330470336));
#4098 = DIRECTION('',(0.,1.,0.));
#4099 = DIRECTION('',(0.,-0.,1.));
#4100 = ORIENTED_EDGE('',*,*,#3605,.T.);
#4101 = ORIENTED_EDGE('',*,*,#4078,.F.);
#4102 = ORIENTED_EDGE('',*,*,#4034,.F.);
#4103 = ORIENTED_EDGE('',*,*,#3893,.F.);
#4104 = ORIENTED_EDGE('',*,*,#3588,.F.);
#4105 = CYLINDRICAL_SURFACE('',#4106,4.5);
#4106 = AXIS2_PLACEMENT_3D('',#4107,#4108,#4109);
#4107 = CARTESIAN_POINT('',(-62.67766952966,47.46,16.822330470336));
#4108 = DIRECTION('',(0.,1.,0.));
#4109 = DIRECTION('',(0.,-0.,1.));
#4110 = ADVANCED_FACE('',(#4111),#4115,.F.);
#4111 = FACE_BOUND('',#4112,.F.);
#4112 = EDGE_LOOP('',(#4113,#4114));
#4113 = ORIENTED_EDGE('',*,*,#3596,.T.);
#4114 = ORIENTED_EDGE('',*,*,#4094,.T.);
#4115 = PLANE('',#4116);
#4116 = AXIS2_PLACEMENT_3D('',#4117,#4118,#4119);
#4117 = CARTESIAN_POINT('',(-62.67766952966,47.46,16.822330470336));
#4118 = DIRECTION('',(0.,1.,0.));
#4119 = DIRECTION('',(0.,-0.,1.));
#4120 = ADVANCED_FACE('',(#4121),#4139,.T.);
#4121 = FACE_BOUND('',#4122,.T.);
#4122 = EDGE_LOOP('',(#4123,#4130,#4131,#4138));
#4123 = ORIENTED_EDGE('',*,*,#4124,.F.);
#4124 = EDGE_CURVE('',#3701,#3718,#4125,.T.);
#4125 = CIRCLE('',#4126,4.5);
#4126 = AXIS2_PLACEMENT_3D('',#4127,#4128,#4129);
#4127 = CARTESIAN_POINT('',(-27.32233047033,54.56,52.177669529664));
#4128 = DIRECTION('',(0.,1.,0.));
#4129 = DIRECTION('',(0.,-0.,1.));
#4130 = ORIENTED_EDGE('',*,*,#3698,.F.);
#4131 = ORIENTED_EDGE('',*,*,#4132,.T.);
#4132 = EDGE_CURVE('',#3699,#3709,#4133,.T.);
#4133 = CIRCLE('',#4134,4.5);
#4134 = AXIS2_PLACEMENT_3D('',#4135,#4136,#4137);
#4135 = CARTESIAN_POINT('',(-27.32233047033,47.46,52.177669529664));
#4136 = DIRECTION('',(0.,1.,0.));
#4137 = DIRECTION('',(0.,-0.,1.));
#4138 = ORIENTED_EDGE('',*,*,#3717,.T.);
#4139 = CYLINDRICAL_SURFACE('',#4140,4.5);
#4140 = AXIS2_PLACEMENT_3D('',#4141,#4142,#4143);
#4141 = CARTESIAN_POINT('',(-27.32233047033,47.46,52.177669529664));
#4142 = DIRECTION('',(0.,1.,0.));
#4143 = DIRECTION('',(0.,-0.,1.));
#4144 = ADVANCED_FACE('',(#4145),#4149,.F.);
#4145 = FACE_BOUND('',#4146,.F.);
#4146 = EDGE_LOOP('',(#4147,#4148));
#4147 = ORIENTED_EDGE('',*,*,#3708,.T.);
#4148 = ORIENTED_EDGE('',*,*,#4132,.T.);
#4149 = PLANE('',#4150);
#4150 = AXIS2_PLACEMENT_3D('',#4151,#4152,#4153);
#4151 = CARTESIAN_POINT('',(-27.32233047033,47.46,52.177669529664));
#4152 = DIRECTION('',(0.,1.,0.));
#4153 = DIRECTION('',(0.,-0.,1.));
#4154 = ADVANCED_FACE('',(#4155),#4159,.T.);
#4155 = FACE_BOUND('',#4156,.T.);
#4156 = EDGE_LOOP('',(#4157,#4158));
#4157 = ORIENTED_EDGE('',*,*,#3725,.T.);
#4158 = ORIENTED_EDGE('',*,*,#4124,.T.);
#4159 = PLANE('',#4160);
#4160 = AXIS2_PLACEMENT_3D('',#4161,#4162,#4163);
#4161 = CARTESIAN_POINT('',(-27.32233047033,54.56,52.177669529664));
#4162 = DIRECTION('',(0.,1.,0.));
#4163 = DIRECTION('',(0.,-0.,1.));
#4164 = ADVANCED_FACE('',(#4165),#4183,.T.);
#4165 = FACE_BOUND('',#4166,.T.);
#4166 = EDGE_LOOP('',(#4167,#4174,#4175,#4182));
#4167 = ORIENTED_EDGE('',*,*,#4168,.F.);
#4168 = EDGE_CURVE('',#3737,#3754,#4169,.T.);
#4169 = CIRCLE('',#4170,4.5);
#4170 = AXIS2_PLACEMENT_3D('',#4171,#4172,#4173);
#4171 = CARTESIAN_POINT('',(-62.67766952966,54.56,52.177669529664));
#4172 = DIRECTION('',(0.,1.,0.));
#4173 = DIRECTION('',(0.,-0.,1.));
#4174 = ORIENTED_EDGE('',*,*,#3734,.F.);
#4175 = ORIENTED_EDGE('',*,*,#4176,.T.);
#4176 = EDGE_CURVE('',#3735,#3745,#4177,.T.);
#4177 = CIRCLE('',#4178,4.5);
#4178 = AXIS2_PLACEMENT_3D('',#4179,#4180,#4181);
#4179 = CARTESIAN_POINT('',(-62.67766952966,47.46,52.177669529664));
#4180 = DIRECTION('',(0.,1.,0.));
#4181 = DIRECTION('',(0.,-0.,1.));
#4182 = ORIENTED_EDGE('',*,*,#3753,.T.);
#4183 = CYLINDRICAL_SURFACE('',#4184,4.5);
#4184 = AXIS2_PLACEMENT_3D('',#4185,#4186,#4187);
#4185 = CARTESIAN_POINT('',(-62.67766952966,47.46,52.177669529664));
#4186 = DIRECTION('',(0.,1.,0.));
#4187 = DIRECTION('',(0.,-0.,1.));
#4188 = ADVANCED_FACE('',(#4189),#4193,.F.);
#4189 = FACE_BOUND('',#4190,.F.);
#4190 = EDGE_LOOP('',(#4191,#4192));
#4191 = ORIENTED_EDGE('',*,*,#3744,.T.);
#4192 = ORIENTED_EDGE('',*,*,#4176,.T.);
#4193 = PLANE('',#4194);
#4194 = AXIS2_PLACEMENT_3D('',#4195,#4196,#4197);
#4195 = CARTESIAN_POINT('',(-62.67766952966,47.46,52.177669529664));
#4196 = DIRECTION('',(0.,1.,0.));
#4197 = DIRECTION('',(0.,-0.,1.));
#4198 = ADVANCED_FACE('',(#4199),#4203,.T.);
#4199 = FACE_BOUND('',#4200,.T.);
#4200 = EDGE_LOOP('',(#4201,#4202));
#4201 = ORIENTED_EDGE('',*,*,#3761,.T.);
#4202 = ORIENTED_EDGE('',*,*,#4168,.T.);
#4203 = PLANE('',#4204);
#4204 = AXIS2_PLACEMENT_3D('',#4205,#4206,#4207);
#4205 = CARTESIAN_POINT('',(-62.67766952966,54.56,52.177669529664));
#4206 = DIRECTION('',(0.,1.,0.));
#4207 = DIRECTION('',(0.,-0.,1.));
#4208 = ADVANCED_FACE('',(#4209),#4215,.T.);
#4209 = FACE_BOUND('',#4210,.T.);
#4210 = EDGE_LOOP('',(#4211,#4212,#4213,#4214));
#4211 = ORIENTED_EDGE('',*,*,#1323,.F.);
#4212 = ORIENTED_EDGE('',*,*,#502,.T.);
#4213 = ORIENTED_EDGE('',*,*,#1354,.T.);
#4214 = ORIENTED_EDGE('',*,*,#2411,.F.);
#4215 = PLANE('',#4216);
#4216 = AXIS2_PLACEMENT_3D('',#4217,#4218,#4219);
#4217 = CARTESIAN_POINT('',(-14.,53.06,130.12));
#4218 = DIRECTION('',(1.,0.,0.));
#4219 = DIRECTION('',(-0.,0.,1.));
#4220 = ADVANCED_FACE('',(#4221),#4227,.T.);
#4221 = FACE_BOUND('',#4222,.T.);
#4222 = EDGE_LOOP('',(#4223,#4224,#4225,#4226));
#4223 = ORIENTED_EDGE('',*,*,#1332,.T.);
#4224 = ORIENTED_EDGE('',*,*,#2418,.T.);
#4225 = ORIENTED_EDGE('',*,*,#1363,.F.);
#4226 = ORIENTED_EDGE('',*,*,#518,.F.);
#4227 = PLANE('',#4228);
#4228 = AXIS2_PLACEMENT_3D('',#4229,#4230,#4231);
#4229 = CARTESIAN_POINT('',(-12.,53.06,130.12));
#4230 = DIRECTION('',(-1.,-0.,-0.));
#4231 = DIRECTION('',(0.,0.,-1.));
#4232 = ( GEOMETRIC_REPRESENTATION_CONTEXT(3) 
GLOBAL_UNCERTAINTY_ASSIGNED_CONTEXT((#4236)) 
GLOBAL_UNIT_ASSIGNED_CONTEXT((#4233,#4234,#4235)) REPRESENTATION_CONTEXT
('Context #1','3D Context with UNIT and UNCERTAINTY') );
#4233 = ( LENGTH_UNIT() NAMED_UNIT(*) SI_UNIT(.MILLI.,.METRE.) );
#4234 = ( NAMED_UNIT(*) PLANE_ANGLE_UNIT() SI_UNIT($,.RADIAN.) );
#4235 = ( NAMED_UNIT(*) SI_UNIT($,.STERADIAN.) SOLID_ANGLE_UNIT() );
#4236 = UNCERTAINTY_MEASURE_WITH_UNIT(LENGTH_MEASURE(1.E-07),#4233,
  'distance_accuracy_value','confusion accuracy');
#4237 = PRODUCT_RELATED_PRODUCT_CATEGORY('part',$,(#7));
ENDSEC;
END-ISO-10303-21;
