ISO-10303-21;
HEADER;
FILE_DESCRIPTION(('FreeCAD Model'),'2;1');
FILE_NAME('Open CASCADE Shape Model','2026-09-24T14:10:19',('FreeCAD'),(
    'FreeCAD'),'Open CASCADE STEP processor 7.8','FreeCAD','Unknown');
FILE_SCHEMA(('AUTOMOTIVE_DESIGN { 1 0 10303 214 1 1 1 1 }'));
ENDSEC;
DATA;
#1 = APPLICATION_PROTOCOL_DEFINITION('international standard',
  'automotive_design',2000,#2);
#2 = APPLICATION_CONTEXT(
  'core data for automotive mechanical design processes');
#3 = SHAPE_DEFINITION_REPRESENTATION(#4,#10);
#4 = PRODUCT_DEFINITION_SHAPE('','',#5);
#5 = PRODUCT_DEFINITION('design','',#6,#9);
#6 = PRODUCT_DEFINITION_FORMATION('','',#7);
#7 = PRODUCT('Open CASCADE STEP translator 7.8 4',
  'Open CASCADE STEP translator 7.8 4','',(#8));
#8 = PRODUCT_CONTEXT('',#2,'mechanical');
#9 = PRODUCT_DEFINITION_CONTEXT('part definition',#2,'design');
#10 = ADVANCED_BREP_SHAPE_REPRESENTATION('',(#11,#15),#2829);
#11 = AXIS2_PLACEMENT_3D('',#12,#13,#14);
#12 = CARTESIAN_POINT('',(0.,0.,0.));
#13 = DIRECTION('',(0.,0.,1.));
#14 = DIRECTION('',(1.,0.,-0.));
#15 = MANIFOLD_SOLID_BREP('',#16);
#16 = CLOSED_SHELL('',(#17,#57,#112,#136,#184,#201,#386,#403,#420,#432,
    #463,#487,#511,#597,#690,#714,#754,#796,#820,#837,#861,#885,#909,
    #926,#950,#967,#992,#1094,#1108,#1132,#1219,#1231,#1382,#1440,#1528,
    #1592,#1616,#1632,#1669,#1686,#1703,#1748,#1765,#1826,#1893,#1910,
    #1927,#1959,#2031,#2044,#2070,#2095,#2130,#2156,#2180,#2204,#2221,
    #2239,#2251,#2275,#2299,#2316,#2340,#2364,#2381,#2393,#2405,#2416,
    #2428,#2453,#2478,#2503,#2528,#2545,#2562,#2579,#2596,#2613,#2633,
    #2653,#2673,#2693,#2718,#2743,#2768,#2793,#2802,#2811,#2820));
#17 = ADVANCED_FACE('',(#18),#52,.F.);
#18 = FACE_BOUND('',#19,.F.);
#19 = EDGE_LOOP('',(#20,#30,#38,#46));
#20 = ORIENTED_EDGE('',*,*,#21,.F.);
#21 = EDGE_CURVE('',#22,#24,#26,.T.);
#22 = VERTEX_POINT('',#23);
#23 = CARTESIAN_POINT('',(122.76,49.31,119.24));
#24 = VERTEX_POINT('',#25);
#25 = CARTESIAN_POINT('',(122.92666666666,49.31,119.24));
#26 = LINE('',#27,#28);
#27 = CARTESIAN_POINT('',(122.76,49.31,119.24));
#28 = VECTOR('',#29,1.);
#29 = DIRECTION('',(1.,0.,-0.));
#30 = ORIENTED_EDGE('',*,*,#31,.T.);
#31 = EDGE_CURVE('',#22,#32,#34,.T.);
#32 = VERTEX_POINT('',#33);
#33 = CARTESIAN_POINT('',(122.76,49.31,129.24));
#34 = LINE('',#35,#36);
#35 = CARTESIAN_POINT('',(122.76,49.31,119.24));
#36 = VECTOR('',#37,1.);
#37 = DIRECTION('',(0.,0.,1.));
#38 = ORIENTED_EDGE('',*,*,#39,.T.);
#39 = EDGE_CURVE('',#32,#40,#42,.T.);
#40 = VERTEX_POINT('',#41);
#41 = CARTESIAN_POINT('',(122.92666666666,49.31,129.24));
#42 = LINE('',#43,#44);
#43 = CARTESIAN_POINT('',(122.76,49.31,129.24));
#44 = VECTOR('',#45,1.);
#45 = DIRECTION('',(1.,0.,-0.));
#46 = ORIENTED_EDGE('',*,*,#47,.F.);
#47 = EDGE_CURVE('',#24,#40,#48,.T.);
#48 = LINE('',#49,#50);
#49 = CARTESIAN_POINT('',(122.92666666666,49.31,119.24));
#50 = VECTOR('',#51,1.);
#51 = DIRECTION('',(0.,0.,1.));
#52 = PLANE('',#53);
#53 = AXIS2_PLACEMENT_3D('',#54,#55,#56);
#54 = CARTESIAN_POINT('',(122.76,49.31,119.24));
#55 = DIRECTION('',(-0.,1.,0.));
#56 = DIRECTION('',(0.,0.,1.));
#57 = ADVANCED_FACE('',(#58),#107,.T.);
#58 = FACE_BOUND('',#59,.T.);
#59 = EDGE_LOOP('',(#60,#70,#78,#86,#94,#100,#101));
#60 = ORIENTED_EDGE('',*,*,#61,.T.);
#61 = EDGE_CURVE('',#62,#64,#66,.T.);
#62 = VERTEX_POINT('',#63);
#63 = CARTESIAN_POINT('',(122.76,63.56,119.24));
#64 = VERTEX_POINT('',#65);
#65 = CARTESIAN_POINT('',(126.76,63.56,119.24));
#66 = LINE('',#67,#68);
#67 = CARTESIAN_POINT('',(95.21,63.56,119.24));
#68 = VECTOR('',#69,1.);
#69 = DIRECTION('',(1.,0.,-0.));
#70 = ORIENTED_EDGE('',*,*,#71,.F.);
#71 = EDGE_CURVE('',#72,#64,#74,.T.);
#72 = VERTEX_POINT('',#73);
#73 = CARTESIAN_POINT('',(126.76,49.31,119.24));
#74 = LINE('',#75,#76);
#75 = CARTESIAN_POINT('',(126.76,49.31,119.24));
#76 = VECTOR('',#77,1.);
#77 = DIRECTION('',(-0.,1.,0.));
#78 = ORIENTED_EDGE('',*,*,#79,.F.);
#79 = EDGE_CURVE('',#80,#72,#82,.T.);
#80 = VERTEX_POINT('',#81);
#81 = CARTESIAN_POINT('',(126.59333333333,49.31,119.24));
#82 = LINE('',#83,#84);
#83 = CARTESIAN_POINT('',(122.76,49.31,119.24));
#84 = VECTOR('',#85,1.);
#85 = DIRECTION('',(1.,0.,-0.));
#86 = ORIENTED_EDGE('',*,*,#87,.T.);
#87 = EDGE_CURVE('',#80,#88,#90,.T.);
#88 = VERTEX_POINT('',#89);
#89 = CARTESIAN_POINT('',(124.76,46.56,119.24));
#90 = LINE('',#91,#92);
#91 = CARTESIAN_POINT('',(126.76,49.56,119.24));
#92 = VECTOR('',#93,1.);
#93 = DIRECTION('',(-0.554700196225,-0.832050294338,0.));
#94 = ORIENTED_EDGE('',*,*,#95,.T.);
#95 = EDGE_CURVE('',#88,#24,#96,.T.);
#96 = LINE('',#97,#98);
#97 = CARTESIAN_POINT('',(124.76,46.56,119.24));
#98 = VECTOR('',#99,1.);
#99 = DIRECTION('',(-0.554700196225,0.832050294338,0.));
#100 = ORIENTED_EDGE('',*,*,#21,.F.);
#101 = ORIENTED_EDGE('',*,*,#102,.T.);
#102 = EDGE_CURVE('',#22,#62,#103,.T.);
#103 = LINE('',#104,#105);
#104 = CARTESIAN_POINT('',(122.76,49.31,119.24));
#105 = VECTOR('',#106,1.);
#106 = DIRECTION('',(-0.,1.,0.));
#107 = PLANE('',#108);
#108 = AXIS2_PLACEMENT_3D('',#109,#110,#111);
#109 = CARTESIAN_POINT('',(124.76,55.672859235548,119.24));
#110 = DIRECTION('',(-0.,-0.,-1.));
#111 = DIRECTION('',(-1.,0.,0.));
#112 = ADVANCED_FACE('',(#113),#131,.T.);
#113 = FACE_BOUND('',#114,.T.);
#114 = EDGE_LOOP('',(#115,#116,#124,#130));
#115 = ORIENTED_EDGE('',*,*,#95,.F.);
#116 = ORIENTED_EDGE('',*,*,#117,.T.);
#117 = EDGE_CURVE('',#88,#118,#120,.T.);
#118 = VERTEX_POINT('',#119);
#119 = CARTESIAN_POINT('',(124.76,46.56,129.24));
#120 = LINE('',#121,#122);
#121 = CARTESIAN_POINT('',(124.76,46.56,119.24));
#122 = VECTOR('',#123,1.);
#123 = DIRECTION('',(0.,0.,1.));
#124 = ORIENTED_EDGE('',*,*,#125,.T.);
#125 = EDGE_CURVE('',#118,#40,#126,.T.);
#126 = LINE('',#127,#128);
#127 = CARTESIAN_POINT('',(124.76,46.56,129.24));
#128 = VECTOR('',#129,1.);
#129 = DIRECTION('',(-0.554700196225,0.832050294338,0.));
#130 = ORIENTED_EDGE('',*,*,#47,.F.);
#131 = PLANE('',#132);
#132 = AXIS2_PLACEMENT_3D('',#133,#134,#135);
#133 = CARTESIAN_POINT('',(124.76,46.56,119.24));
#134 = DIRECTION('',(-0.832050294338,-0.554700196225,0.));
#135 = DIRECTION('',(-0.554700196225,0.832050294338,0.));
#136 = ADVANCED_FACE('',(#137),#179,.T.);
#137 = FACE_BOUND('',#138,.T.);
#138 = EDGE_LOOP('',(#139,#147,#148,#149,#157,#165,#173));
#139 = ORIENTED_EDGE('',*,*,#140,.F.);
#140 = EDGE_CURVE('',#32,#141,#143,.T.);
#141 = VERTEX_POINT('',#142);
#142 = CARTESIAN_POINT('',(122.76,63.56,129.24));
#143 = LINE('',#144,#145);
#144 = CARTESIAN_POINT('',(122.76,49.31,129.24));
#145 = VECTOR('',#146,1.);
#146 = DIRECTION('',(-0.,1.,0.));
#147 = ORIENTED_EDGE('',*,*,#39,.T.);
#148 = ORIENTED_EDGE('',*,*,#125,.F.);
#149 = ORIENTED_EDGE('',*,*,#150,.F.);
#150 = EDGE_CURVE('',#151,#118,#153,.T.);
#151 = VERTEX_POINT('',#152);
#152 = CARTESIAN_POINT('',(126.59333333333,49.31,129.24));
#153 = LINE('',#154,#155);
#154 = CARTESIAN_POINT('',(126.76,49.56,129.24));
#155 = VECTOR('',#156,1.);
#156 = DIRECTION('',(-0.554700196225,-0.832050294338,0.));
#157 = ORIENTED_EDGE('',*,*,#158,.T.);
#158 = EDGE_CURVE('',#151,#159,#161,.T.);
#159 = VERTEX_POINT('',#160);
#160 = CARTESIAN_POINT('',(126.76,49.31,129.24));
#161 = LINE('',#162,#163);
#162 = CARTESIAN_POINT('',(122.76,49.31,129.24));
#163 = VECTOR('',#164,1.);
#164 = DIRECTION('',(1.,0.,-0.));
#165 = ORIENTED_EDGE('',*,*,#166,.T.);
#166 = EDGE_CURVE('',#159,#167,#169,.T.);
#167 = VERTEX_POINT('',#168);
#168 = CARTESIAN_POINT('',(126.76,63.56,129.24));
#169 = LINE('',#170,#171);
#170 = CARTESIAN_POINT('',(126.76,49.31,129.24));
#171 = VECTOR('',#172,1.);
#172 = DIRECTION('',(-0.,1.,0.));
#173 = ORIENTED_EDGE('',*,*,#174,.F.);
#174 = EDGE_CURVE('',#141,#167,#175,.T.);
#175 = LINE('',#176,#177);
#176 = CARTESIAN_POINT('',(95.21,63.56,129.24));
#177 = VECTOR('',#178,1.);
#178 = DIRECTION('',(1.,0.,-0.));
#179 = PLANE('',#180);
#180 = AXIS2_PLACEMENT_3D('',#181,#182,#183);
#181 = CARTESIAN_POINT('',(124.76,55.672859235548,129.24));
#182 = DIRECTION('',(0.,0.,1.));
#183 = DIRECTION('',(1.,0.,-0.));
#184 = ADVANCED_FACE('',(#185),#196,.F.);
#185 = FACE_BOUND('',#186,.T.);
#186 = EDGE_LOOP('',(#187,#188,#194,#195));
#187 = ORIENTED_EDGE('',*,*,#140,.T.);
#188 = ORIENTED_EDGE('',*,*,#189,.T.);
#189 = EDGE_CURVE('',#141,#62,#190,.T.);
#190 = LINE('',#191,#192);
#191 = CARTESIAN_POINT('',(122.76,63.56,61.12));
#192 = VECTOR('',#193,1.);
#193 = DIRECTION('',(-0.,0.,-1.));
#194 = ORIENTED_EDGE('',*,*,#102,.F.);
#195 = ORIENTED_EDGE('',*,*,#31,.T.);
#196 = PLANE('',#197);
#197 = AXIS2_PLACEMENT_3D('',#198,#199,#200);
#198 = CARTESIAN_POINT('',(122.76,49.31,119.24));
#199 = DIRECTION('',(1.,0.,-0.));
#200 = DIRECTION('',(0.,0.,1.));
#201 = ADVANCED_FACE('',(#202,#359,#370),#381,.F.);
#202 = FACE_BOUND('',#203,.F.);
#203 = EDGE_LOOP('',(#204,#214,#222,#230,#238,#247,#256,#264,#272,#280,
    #288,#296,#304,#312,#320,#328,#336,#344,#353));
#204 = ORIENTED_EDGE('',*,*,#205,.F.);
#205 = EDGE_CURVE('',#206,#208,#210,.T.);
#206 = VERTEX_POINT('',#207);
#207 = CARTESIAN_POINT('',(151.66,63.56,3.));
#208 = VERTEX_POINT('',#209);
#209 = CARTESIAN_POINT('',(151.66,63.56,181.24));
#210 = LINE('',#211,#212);
#211 = CARTESIAN_POINT('',(151.66,63.56,3.));
#212 = VECTOR('',#213,1.);
#213 = DIRECTION('',(0.,0.,1.));
#214 = ORIENTED_EDGE('',*,*,#215,.F.);
#215 = EDGE_CURVE('',#216,#206,#218,.T.);
#216 = VERTEX_POINT('',#217);
#217 = CARTESIAN_POINT('',(67.66,63.56,3.));
#218 = LINE('',#219,#220);
#219 = CARTESIAN_POINT('',(67.66,63.56,3.));
#220 = VECTOR('',#221,1.);
#221 = DIRECTION('',(1.,0.,-0.));
#222 = ORIENTED_EDGE('',*,*,#223,.T.);
#223 = EDGE_CURVE('',#216,#224,#226,.T.);
#224 = VERTEX_POINT('',#225);
#225 = CARTESIAN_POINT('',(67.66,63.56,18.5));
#226 = LINE('',#227,#228);
#227 = CARTESIAN_POINT('',(67.66,63.56,3.));
#228 = VECTOR('',#229,1.);
#229 = DIRECTION('',(0.,0.,1.));
#230 = ORIENTED_EDGE('',*,*,#231,.T.);
#231 = EDGE_CURVE('',#224,#232,#234,.T.);
#232 = VERTEX_POINT('',#233);
#233 = CARTESIAN_POINT('',(70.520392194563,63.56,18.5));
#234 = LINE('',#235,#236);
#235 = CARTESIAN_POINT('',(67.16,63.56,18.5));
#236 = VECTOR('',#237,1.);
#237 = DIRECTION('',(1.,0.,-0.));
#238 = ORIENTED_EDGE('',*,*,#239,.T.);
#239 = EDGE_CURVE('',#232,#240,#242,.T.);
#240 = VERTEX_POINT('',#241);
#241 = CARTESIAN_POINT('',(72.56,63.56,15.9));
#242 = CIRCLE('',#243,2.1);
#243 = AXIS2_PLACEMENT_3D('',#244,#245,#246);
#244 = CARTESIAN_POINT('',(72.56,63.56,18.));
#245 = DIRECTION('',(0.,-1.,0.));
#246 = DIRECTION('',(0.,-0.,-1.));
#247 = ORIENTED_EDGE('',*,*,#248,.T.);
#248 = EDGE_CURVE('',#240,#249,#251,.T.);
#249 = VERTEX_POINT('',#250);
#250 = CARTESIAN_POINT('',(74.599607805437,63.56,18.5));
#251 = CIRCLE('',#252,2.1);
#252 = AXIS2_PLACEMENT_3D('',#253,#254,#255);
#253 = CARTESIAN_POINT('',(72.56,63.56,18.));
#254 = DIRECTION('',(0.,-1.,0.));
#255 = DIRECTION('',(0.,-0.,-1.));
#256 = ORIENTED_EDGE('',*,*,#257,.T.);
#257 = EDGE_CURVE('',#249,#258,#260,.T.);
#258 = VERTEX_POINT('',#259);
#259 = CARTESIAN_POINT('',(76.66,63.56,18.5));
#260 = LINE('',#261,#262);
#261 = CARTESIAN_POINT('',(67.16,63.56,18.5));
#262 = VECTOR('',#263,1.);
#263 = DIRECTION('',(1.,0.,-0.));
#264 = ORIENTED_EDGE('',*,*,#265,.F.);
#265 = EDGE_CURVE('',#266,#258,#268,.T.);
#266 = VERTEX_POINT('',#267);
#267 = CARTESIAN_POINT('',(76.66,63.56,40.));
#268 = LINE('',#269,#270);
#269 = CARTESIAN_POINT('',(76.66,63.56,16.));
#270 = VECTOR('',#271,1.);
#271 = DIRECTION('',(-0.,0.,-1.));
#272 = ORIENTED_EDGE('',*,*,#273,.F.);
#273 = EDGE_CURVE('',#274,#266,#276,.T.);
#274 = VERTEX_POINT('',#275);
#275 = CARTESIAN_POINT('',(67.66,63.56,40.));
#276 = LINE('',#277,#278);
#277 = CARTESIAN_POINT('',(67.16,63.56,40.));
#278 = VECTOR('',#279,1.);
#279 = DIRECTION('',(1.,0.,-0.));
#280 = ORIENTED_EDGE('',*,*,#281,.T.);
#281 = EDGE_CURVE('',#274,#282,#284,.T.);
#282 = VERTEX_POINT('',#283);
#283 = CARTESIAN_POINT('',(67.66,63.56,104.62));
#284 = LINE('',#285,#286);
#285 = CARTESIAN_POINT('',(67.66,63.56,3.));
#286 = VECTOR('',#287,1.);
#287 = DIRECTION('',(0.,0.,1.));
#288 = ORIENTED_EDGE('',*,*,#289,.T.);
#289 = EDGE_CURVE('',#282,#290,#292,.T.);
#290 = VERTEX_POINT('',#291);
#291 = CARTESIAN_POINT('',(76.66,63.56,104.62));
#292 = LINE('',#293,#294);
#293 = CARTESIAN_POINT('',(67.16,63.56,104.62));
#294 = VECTOR('',#295,1.);
#295 = DIRECTION('',(1.,0.,-0.));
#296 = ORIENTED_EDGE('',*,*,#297,.F.);
#297 = EDGE_CURVE('',#298,#290,#300,.T.);
#298 = VERTEX_POINT('',#299);
#299 = CARTESIAN_POINT('',(76.66,63.56,115.62));
#300 = LINE('',#301,#302);
#301 = CARTESIAN_POINT('',(76.66,63.56,53.81));
#302 = VECTOR('',#303,1.);
#303 = DIRECTION('',(-0.,0.,-1.));
#304 = ORIENTED_EDGE('',*,*,#305,.F.);
#305 = EDGE_CURVE('',#306,#298,#308,.T.);
#306 = VERTEX_POINT('',#307);
#307 = CARTESIAN_POINT('',(67.66,63.56,115.62));
#308 = LINE('',#309,#310);
#309 = CARTESIAN_POINT('',(67.16,63.56,115.62));
#310 = VECTOR('',#311,1.);
#311 = DIRECTION('',(1.,0.,-0.));
#312 = ORIENTED_EDGE('',*,*,#313,.T.);
#313 = EDGE_CURVE('',#306,#314,#316,.T.);
#314 = VERTEX_POINT('',#315);
#315 = CARTESIAN_POINT('',(67.66,63.56,173.74));
#316 = LINE('',#317,#318);
#317 = CARTESIAN_POINT('',(67.66,63.56,3.));
#318 = VECTOR('',#319,1.);
#319 = DIRECTION('',(0.,0.,1.));
#320 = ORIENTED_EDGE('',*,*,#321,.T.);
#321 = EDGE_CURVE('',#314,#322,#324,.T.);
#322 = VERTEX_POINT('',#323);
#323 = CARTESIAN_POINT('',(76.66,63.56,173.74));
#324 = LINE('',#325,#326);
#325 = CARTESIAN_POINT('',(67.16,63.56,173.74));
#326 = VECTOR('',#327,1.);
#327 = DIRECTION('',(1.,0.,-0.));
#328 = ORIENTED_EDGE('',*,*,#329,.F.);
#329 = EDGE_CURVE('',#330,#322,#332,.T.);
#330 = VERTEX_POINT('',#331);
#331 = CARTESIAN_POINT('',(76.66,63.56,181.24));
#332 = LINE('',#333,#334);
#333 = CARTESIAN_POINT('',(76.66,63.56,88.37));
#334 = VECTOR('',#335,1.);
#335 = DIRECTION('',(-0.,0.,-1.));
#336 = ORIENTED_EDGE('',*,*,#337,.T.);
#337 = EDGE_CURVE('',#330,#338,#340,.T.);
#338 = VERTEX_POINT('',#339);
#339 = CARTESIAN_POINT('',(143.92980566038,63.56,181.24));
#340 = LINE('',#341,#342);
#341 = CARTESIAN_POINT('',(67.16,63.56,181.24));
#342 = VECTOR('',#343,1.);
#343 = DIRECTION('',(1.,0.,-0.));
#344 = ORIENTED_EDGE('',*,*,#345,.F.);
#345 = EDGE_CURVE('',#346,#338,#348,.T.);
#346 = VERTEX_POINT('',#347);
#347 = CARTESIAN_POINT('',(149.59019433961,63.56,181.24));
#348 = CIRCLE('',#349,4.9);
#349 = AXIS2_PLACEMENT_3D('',#350,#351,#352);
#350 = CARTESIAN_POINT('',(146.76,63.56,185.24));
#351 = DIRECTION('',(0.,1.,0.));
#352 = DIRECTION('',(0.,-0.,1.));
#353 = ORIENTED_EDGE('',*,*,#354,.T.);
#354 = EDGE_CURVE('',#346,#208,#355,.T.);
#355 = LINE('',#356,#357);
#356 = CARTESIAN_POINT('',(67.16,63.56,181.24));
#357 = VECTOR('',#358,1.);
#358 = DIRECTION('',(1.,0.,-0.));
#359 = FACE_BOUND('',#360,.F.);
#360 = EDGE_LOOP('',(#361,#362,#363,#364));
#361 = ORIENTED_EDGE('',*,*,#174,.F.);
#362 = ORIENTED_EDGE('',*,*,#189,.T.);
#363 = ORIENTED_EDGE('',*,*,#61,.T.);
#364 = ORIENTED_EDGE('',*,*,#365,.F.);
#365 = EDGE_CURVE('',#167,#64,#366,.T.);
#366 = LINE('',#367,#368);
#367 = CARTESIAN_POINT('',(126.76,63.56,61.12));
#368 = VECTOR('',#369,1.);
#369 = DIRECTION('',(-0.,0.,-1.));
#370 = FACE_BOUND('',#371,.F.);
#371 = EDGE_LOOP('',(#372));
#372 = ORIENTED_EDGE('',*,*,#373,.T.);
#373 = EDGE_CURVE('',#374,#374,#376,.T.);
#374 = VERTEX_POINT('',#375);
#375 = CARTESIAN_POINT('',(146.76,63.56,15.9));
#376 = CIRCLE('',#377,2.1);
#377 = AXIS2_PLACEMENT_3D('',#378,#379,#380);
#378 = CARTESIAN_POINT('',(146.76,63.56,18.));
#379 = DIRECTION('',(0.,-1.,0.));
#380 = DIRECTION('',(0.,-0.,-1.));
#381 = PLANE('',#382);
#382 = AXIS2_PLACEMENT_3D('',#383,#384,#385);
#383 = CARTESIAN_POINT('',(67.66,63.56,3.));
#384 = DIRECTION('',(-0.,1.,0.));
#385 = DIRECTION('',(0.,0.,1.));
#386 = ADVANCED_FACE('',(#387),#398,.T.);
#387 = FACE_BOUND('',#388,.T.);
#388 = EDGE_LOOP('',(#389,#390,#396,#397));
#389 = ORIENTED_EDGE('',*,*,#166,.F.);
#390 = ORIENTED_EDGE('',*,*,#391,.F.);
#391 = EDGE_CURVE('',#72,#159,#392,.T.);
#392 = LINE('',#393,#394);
#393 = CARTESIAN_POINT('',(126.76,49.31,119.24));
#394 = VECTOR('',#395,1.);
#395 = DIRECTION('',(0.,0.,1.));
#396 = ORIENTED_EDGE('',*,*,#71,.T.);
#397 = ORIENTED_EDGE('',*,*,#365,.F.);
#398 = PLANE('',#399);
#399 = AXIS2_PLACEMENT_3D('',#400,#401,#402);
#400 = CARTESIAN_POINT('',(126.76,49.31,119.24));
#401 = DIRECTION('',(1.,0.,-0.));
#402 = DIRECTION('',(0.,0.,1.));
#403 = ADVANCED_FACE('',(#404),#415,.F.);
#404 = FACE_BOUND('',#405,.F.);
#405 = EDGE_LOOP('',(#406,#407,#413,#414));
#406 = ORIENTED_EDGE('',*,*,#79,.F.);
#407 = ORIENTED_EDGE('',*,*,#408,.F.);
#408 = EDGE_CURVE('',#151,#80,#409,.T.);
#409 = LINE('',#410,#411);
#410 = CARTESIAN_POINT('',(126.59333333333,49.31,119.24));
#411 = VECTOR('',#412,1.);
#412 = DIRECTION('',(0.,0.,-1.));
#413 = ORIENTED_EDGE('',*,*,#158,.T.);
#414 = ORIENTED_EDGE('',*,*,#391,.F.);
#415 = PLANE('',#416);
#416 = AXIS2_PLACEMENT_3D('',#417,#418,#419);
#417 = CARTESIAN_POINT('',(122.76,49.31,119.24));
#418 = DIRECTION('',(-0.,1.,0.));
#419 = DIRECTION('',(0.,0.,1.));
#420 = ADVANCED_FACE('',(#421),#427,.T.);
#421 = FACE_BOUND('',#422,.T.);
#422 = EDGE_LOOP('',(#423,#424,#425,#426));
#423 = ORIENTED_EDGE('',*,*,#87,.F.);
#424 = ORIENTED_EDGE('',*,*,#408,.F.);
#425 = ORIENTED_EDGE('',*,*,#150,.T.);
#426 = ORIENTED_EDGE('',*,*,#117,.F.);
#427 = PLANE('',#428);
#428 = AXIS2_PLACEMENT_3D('',#429,#430,#431);
#429 = CARTESIAN_POINT('',(126.76,49.56,119.24));
#430 = DIRECTION('',(0.832050294338,-0.554700196225,0.));
#431 = DIRECTION('',(-0.554700196225,-0.832050294338,0.));
#432 = ADVANCED_FACE('',(#433),#458,.F.);
#433 = FACE_BOUND('',#434,.F.);
#434 = EDGE_LOOP('',(#435,#443,#451,#457));
#435 = ORIENTED_EDGE('',*,*,#436,.T.);
#436 = EDGE_CURVE('',#208,#437,#439,.T.);
#437 = VERTEX_POINT('',#438);
#438 = CARTESIAN_POINT('',(151.66,3.,181.24));
#439 = LINE('',#440,#441);
#440 = CARTESIAN_POINT('',(151.66,2.5,181.24));
#441 = VECTOR('',#442,1.);
#442 = DIRECTION('',(0.,-1.,0.));
#443 = ORIENTED_EDGE('',*,*,#444,.T.);
#444 = EDGE_CURVE('',#437,#445,#447,.T.);
#445 = VERTEX_POINT('',#446);
#446 = CARTESIAN_POINT('',(151.66,3.,3.));
#447 = LINE('',#448,#449);
#448 = CARTESIAN_POINT('',(151.66,3.,1.5));
#449 = VECTOR('',#450,1.);
#450 = DIRECTION('',(-0.,0.,-1.));
#451 = ORIENTED_EDGE('',*,*,#452,.T.);
#452 = EDGE_CURVE('',#445,#206,#453,.T.);
#453 = LINE('',#454,#455);
#454 = CARTESIAN_POINT('',(151.66,2.,3.));
#455 = VECTOR('',#456,1.);
#456 = DIRECTION('',(-0.,1.,0.));
#457 = ORIENTED_EDGE('',*,*,#205,.T.);
#458 = PLANE('',#459);
#459 = AXIS2_PLACEMENT_3D('',#460,#461,#462);
#460 = CARTESIAN_POINT('',(151.66,2.,3.));
#461 = DIRECTION('',(1.,0.,-0.));
#462 = DIRECTION('',(0.,0.,1.));
#463 = ADVANCED_FACE('',(#464),#482,.T.);
#464 = FACE_BOUND('',#465,.T.);
#465 = EDGE_LOOP('',(#466,#474,#480,#481));
#466 = ORIENTED_EDGE('',*,*,#467,.F.);
#467 = EDGE_CURVE('',#468,#216,#470,.T.);
#468 = VERTEX_POINT('',#469);
#469 = CARTESIAN_POINT('',(67.66,3.,3.));
#470 = LINE('',#471,#472);
#471 = CARTESIAN_POINT('',(67.66,2.,3.));
#472 = VECTOR('',#473,1.);
#473 = DIRECTION('',(-0.,1.,0.));
#474 = ORIENTED_EDGE('',*,*,#475,.T.);
#475 = EDGE_CURVE('',#468,#445,#476,.T.);
#476 = LINE('',#477,#478);
#477 = CARTESIAN_POINT('',(66.16,3.,3.));
#478 = VECTOR('',#479,1.);
#479 = DIRECTION('',(1.,0.,-0.));
#480 = ORIENTED_EDGE('',*,*,#452,.T.);
#481 = ORIENTED_EDGE('',*,*,#215,.F.);
#482 = PLANE('',#483);
#483 = AXIS2_PLACEMENT_3D('',#484,#485,#486);
#484 = CARTESIAN_POINT('',(67.66,2.,3.));
#485 = DIRECTION('',(0.,0.,1.));
#486 = DIRECTION('',(1.,0.,-0.));
#487 = ADVANCED_FACE('',(#488),#506,.F.);
#488 = FACE_BOUND('',#489,.F.);
#489 = EDGE_LOOP('',(#490,#491,#499,#505));
#490 = ORIENTED_EDGE('',*,*,#354,.F.);
#491 = ORIENTED_EDGE('',*,*,#492,.F.);
#492 = EDGE_CURVE('',#493,#346,#495,.T.);
#493 = VERTEX_POINT('',#494);
#494 = CARTESIAN_POINT('',(149.59019433961,3.,181.24));
#495 = LINE('',#496,#497);
#496 = CARTESIAN_POINT('',(149.59019433961,2.,181.24));
#497 = VECTOR('',#498,1.);
#498 = DIRECTION('',(0.,1.,0.));
#499 = ORIENTED_EDGE('',*,*,#500,.T.);
#500 = EDGE_CURVE('',#493,#437,#501,.T.);
#501 = LINE('',#502,#503);
#502 = CARTESIAN_POINT('',(66.66,3.,181.24));
#503 = VECTOR('',#504,1.);
#504 = DIRECTION('',(1.,0.,-0.));
#505 = ORIENTED_EDGE('',*,*,#436,.F.);
#506 = PLANE('',#507);
#507 = AXIS2_PLACEMENT_3D('',#508,#509,#510);
#508 = CARTESIAN_POINT('',(66.66,3.,181.24));
#509 = DIRECTION('',(0.,0.,1.));
#510 = DIRECTION('',(1.,0.,-0.));
#511 = ADVANCED_FACE('',(#512),#592,.T.);
#512 = FACE_BOUND('',#513,.T.);
#513 = EDGE_LOOP('',(#514,#522,#523,#531,#539,#545,#546,#554,#562,#570,
    #576,#577,#578,#586));
#514 = ORIENTED_EDGE('',*,*,#515,.F.);
#515 = EDGE_CURVE('',#274,#516,#518,.T.);
#516 = VERTEX_POINT('',#517);
#517 = CARTESIAN_POINT('',(67.66,12.5,40.));
#518 = LINE('',#519,#520);
#519 = CARTESIAN_POINT('',(67.66,7.25,40.));
#520 = VECTOR('',#521,1.);
#521 = DIRECTION('',(0.,-1.,0.));
#522 = ORIENTED_EDGE('',*,*,#281,.T.);
#523 = ORIENTED_EDGE('',*,*,#524,.T.);
#524 = EDGE_CURVE('',#282,#525,#527,.T.);
#525 = VERTEX_POINT('',#526);
#526 = CARTESIAN_POINT('',(67.66,12.5,104.62));
#527 = LINE('',#528,#529);
#528 = CARTESIAN_POINT('',(67.66,7.25,104.62));
#529 = VECTOR('',#530,1.);
#530 = DIRECTION('',(0.,-1.,0.));
#531 = ORIENTED_EDGE('',*,*,#532,.T.);
#532 = EDGE_CURVE('',#525,#533,#535,.T.);
#533 = VERTEX_POINT('',#534);
#534 = CARTESIAN_POINT('',(67.66,12.5,115.62));
#535 = LINE('',#536,#537);
#536 = CARTESIAN_POINT('',(67.66,12.5,53.81));
#537 = VECTOR('',#538,1.);
#538 = DIRECTION('',(0.,0.,1.));
#539 = ORIENTED_EDGE('',*,*,#540,.F.);
#540 = EDGE_CURVE('',#306,#533,#541,.T.);
#541 = LINE('',#542,#543);
#542 = CARTESIAN_POINT('',(67.66,7.25,115.62));
#543 = VECTOR('',#544,1.);
#544 = DIRECTION('',(0.,-1.,0.));
#545 = ORIENTED_EDGE('',*,*,#313,.T.);
#546 = ORIENTED_EDGE('',*,*,#547,.T.);
#547 = EDGE_CURVE('',#314,#548,#550,.T.);
#548 = VERTEX_POINT('',#549);
#549 = CARTESIAN_POINT('',(67.66,12.5,173.74));
#550 = LINE('',#551,#552);
#551 = CARTESIAN_POINT('',(67.66,7.25,173.74));
#552 = VECTOR('',#553,1.);
#553 = DIRECTION('',(0.,-1.,0.));
#554 = ORIENTED_EDGE('',*,*,#555,.T.);
#555 = EDGE_CURVE('',#548,#556,#558,.T.);
#556 = VERTEX_POINT('',#557);
#557 = CARTESIAN_POINT('',(67.66,12.5,181.24));
#558 = LINE('',#559,#560);
#559 = CARTESIAN_POINT('',(67.66,12.5,88.37));
#560 = VECTOR('',#561,1.);
#561 = DIRECTION('',(0.,0.,1.));
#562 = ORIENTED_EDGE('',*,*,#563,.T.);
#563 = EDGE_CURVE('',#556,#564,#566,.T.);
#564 = VERTEX_POINT('',#565);
#565 = CARTESIAN_POINT('',(67.66,3.,181.24));
#566 = LINE('',#567,#568);
#567 = CARTESIAN_POINT('',(67.66,2.5,181.24));
#568 = VECTOR('',#569,1.);
#569 = DIRECTION('',(0.,-1.,0.));
#570 = ORIENTED_EDGE('',*,*,#571,.T.);
#571 = EDGE_CURVE('',#564,#468,#572,.T.);
#572 = LINE('',#573,#574);
#573 = CARTESIAN_POINT('',(67.66,3.,1.5));
#574 = VECTOR('',#575,1.);
#575 = DIRECTION('',(-0.,0.,-1.));
#576 = ORIENTED_EDGE('',*,*,#467,.T.);
#577 = ORIENTED_EDGE('',*,*,#223,.T.);
#578 = ORIENTED_EDGE('',*,*,#579,.T.);
#579 = EDGE_CURVE('',#224,#580,#582,.T.);
#580 = VERTEX_POINT('',#581);
#581 = CARTESIAN_POINT('',(67.66,12.5,18.5));
#582 = LINE('',#583,#584);
#583 = CARTESIAN_POINT('',(67.66,7.25,18.5));
#584 = VECTOR('',#585,1.);
#585 = DIRECTION('',(0.,-1.,0.));
#586 = ORIENTED_EDGE('',*,*,#587,.T.);
#587 = EDGE_CURVE('',#580,#516,#588,.T.);
#588 = LINE('',#589,#590);
#589 = CARTESIAN_POINT('',(67.66,12.5,10.75));
#590 = VECTOR('',#591,1.);
#591 = DIRECTION('',(0.,0.,1.));
#592 = PLANE('',#593);
#593 = AXIS2_PLACEMENT_3D('',#594,#595,#596);
#594 = CARTESIAN_POINT('',(67.66,2.,3.));
#595 = DIRECTION('',(1.,0.,-0.));
#596 = DIRECTION('',(0.,0.,1.));
#597 = ADVANCED_FACE('',(#598),#685,.F.);
#598 = FACE_BOUND('',#599,.F.);
#599 = EDGE_LOOP('',(#600,#609,#617,#626,#635,#643,#650,#651,#652,#660,
    #669,#677,#684));
#600 = ORIENTED_EDGE('',*,*,#601,.F.);
#601 = EDGE_CURVE('',#602,#602,#604,.T.);
#602 = VERTEX_POINT('',#603);
#603 = CARTESIAN_POINT('',(146.76,66.56,190.14));
#604 = CIRCLE('',#605,4.9);
#605 = AXIS2_PLACEMENT_3D('',#606,#607,#608);
#606 = CARTESIAN_POINT('',(146.76,66.56,185.24));
#607 = DIRECTION('',(0.,1.,0.));
#608 = DIRECTION('',(0.,-0.,1.));
#609 = ORIENTED_EDGE('',*,*,#610,.F.);
#610 = EDGE_CURVE('',#611,#602,#613,.T.);
#611 = VERTEX_POINT('',#612);
#612 = CARTESIAN_POINT('',(146.76,63.56,190.14));
#613 = LINE('',#614,#615);
#614 = CARTESIAN_POINT('',(146.76,2.,190.14));
#615 = VECTOR('',#616,1.);
#616 = DIRECTION('',(0.,1.,0.));
#617 = ORIENTED_EDGE('',*,*,#618,.T.);
#618 = EDGE_CURVE('',#611,#619,#621,.T.);
#619 = VERTEX_POINT('',#620);
#620 = CARTESIAN_POINT('',(151.66,63.56,185.24));
#621 = CIRCLE('',#622,4.9);
#622 = AXIS2_PLACEMENT_3D('',#623,#624,#625);
#623 = CARTESIAN_POINT('',(146.76,63.56,185.24));
#624 = DIRECTION('',(0.,1.,0.));
#625 = DIRECTION('',(0.,-0.,1.));
#626 = ORIENTED_EDGE('',*,*,#627,.T.);
#627 = EDGE_CURVE('',#619,#628,#630,.T.);
#628 = VERTEX_POINT('',#629);
#629 = CARTESIAN_POINT('',(151.55687398208,63.56,184.24));
#630 = CIRCLE('',#631,4.9);
#631 = AXIS2_PLACEMENT_3D('',#632,#633,#634);
#632 = CARTESIAN_POINT('',(146.76,63.56,185.24));
#633 = DIRECTION('',(0.,1.,0.));
#634 = DIRECTION('',(0.,-0.,1.));
#635 = ORIENTED_EDGE('',*,*,#636,.F.);
#636 = EDGE_CURVE('',#637,#628,#639,.T.);
#637 = VERTEX_POINT('',#638);
#638 = CARTESIAN_POINT('',(151.55687398208,3.,184.24));
#639 = LINE('',#640,#641);
#640 = CARTESIAN_POINT('',(151.55687398208,2.,184.24));
#641 = VECTOR('',#642,1.);
#642 = DIRECTION('',(0.,1.,0.));
#643 = ORIENTED_EDGE('',*,*,#644,.T.);
#644 = EDGE_CURVE('',#637,#493,#645,.T.);
#645 = CIRCLE('',#646,4.9);
#646 = AXIS2_PLACEMENT_3D('',#647,#648,#649);
#647 = CARTESIAN_POINT('',(146.76,3.,185.24));
#648 = DIRECTION('',(0.,1.,0.));
#649 = DIRECTION('',(0.,-0.,1.));
#650 = ORIENTED_EDGE('',*,*,#492,.T.);
#651 = ORIENTED_EDGE('',*,*,#345,.T.);
#652 = ORIENTED_EDGE('',*,*,#653,.F.);
#653 = EDGE_CURVE('',#654,#338,#656,.T.);
#654 = VERTEX_POINT('',#655);
#655 = CARTESIAN_POINT('',(143.92980566038,3.,181.24));
#656 = LINE('',#657,#658);
#657 = CARTESIAN_POINT('',(143.92980566038,2.,181.24));
#658 = VECTOR('',#659,1.);
#659 = DIRECTION('',(0.,1.,0.));
#660 = ORIENTED_EDGE('',*,*,#661,.T.);
#661 = EDGE_CURVE('',#654,#662,#664,.T.);
#662 = VERTEX_POINT('',#663);
#663 = CARTESIAN_POINT('',(141.96312601791,3.,184.24));
#664 = CIRCLE('',#665,4.9);
#665 = AXIS2_PLACEMENT_3D('',#666,#667,#668);
#666 = CARTESIAN_POINT('',(146.76,3.,185.24));
#667 = DIRECTION('',(0.,1.,0.));
#668 = DIRECTION('',(0.,-0.,1.));
#669 = ORIENTED_EDGE('',*,*,#670,.T.);
#670 = EDGE_CURVE('',#662,#671,#673,.T.);
#671 = VERTEX_POINT('',#672);
#672 = CARTESIAN_POINT('',(141.96312601791,63.56,184.24));
#673 = LINE('',#674,#675);
#674 = CARTESIAN_POINT('',(141.96312601791,2.,184.24));
#675 = VECTOR('',#676,1.);
#676 = DIRECTION('',(0.,1.,0.));
#677 = ORIENTED_EDGE('',*,*,#678,.T.);
#678 = EDGE_CURVE('',#671,#611,#679,.T.);
#679 = CIRCLE('',#680,4.9);
#680 = AXIS2_PLACEMENT_3D('',#681,#682,#683);
#681 = CARTESIAN_POINT('',(146.76,63.56,185.24));
#682 = DIRECTION('',(0.,1.,0.));
#683 = DIRECTION('',(0.,-0.,1.));
#684 = ORIENTED_EDGE('',*,*,#610,.T.);
#685 = CYLINDRICAL_SURFACE('',#686,4.9);
#686 = AXIS2_PLACEMENT_3D('',#687,#688,#689);
#687 = CARTESIAN_POINT('',(146.76,2.,185.24));
#688 = DIRECTION('',(0.,1.,0.));
#689 = DIRECTION('',(0.,-0.,1.));
#690 = ADVANCED_FACE('',(#691),#709,.F.);
#691 = FACE_BOUND('',#692,.F.);
#692 = EDGE_LOOP('',(#693,#694,#695,#703));
#693 = ORIENTED_EDGE('',*,*,#231,.F.);
#694 = ORIENTED_EDGE('',*,*,#579,.T.);
#695 = ORIENTED_EDGE('',*,*,#696,.T.);
#696 = EDGE_CURVE('',#580,#697,#699,.T.);
#697 = VERTEX_POINT('',#698);
#698 = CARTESIAN_POINT('',(70.520392194563,12.5,18.5));
#699 = LINE('',#700,#701);
#700 = CARTESIAN_POINT('',(66.66,12.5,18.5));
#701 = VECTOR('',#702,1.);
#702 = DIRECTION('',(1.,0.,-0.));
#703 = ORIENTED_EDGE('',*,*,#704,.F.);
#704 = EDGE_CURVE('',#232,#697,#705,.T.);
#705 = LINE('',#706,#707);
#706 = CARTESIAN_POINT('',(70.520392194563,63.96,18.5));
#707 = VECTOR('',#708,1.);
#708 = DIRECTION('',(0.,-1.,0.));
#709 = PLANE('',#710);
#710 = AXIS2_PLACEMENT_3D('',#711,#712,#713);
#711 = CARTESIAN_POINT('',(66.66,12.5,18.5));
#712 = DIRECTION('',(0.,0.,1.));
#713 = DIRECTION('',(1.,0.,-0.));
#714 = ADVANCED_FACE('',(#715),#749,.F.);
#715 = FACE_BOUND('',#716,.F.);
#716 = EDGE_LOOP('',(#717,#718,#726,#734,#742,#748));
#717 = ORIENTED_EDGE('',*,*,#337,.F.);
#718 = ORIENTED_EDGE('',*,*,#719,.F.);
#719 = EDGE_CURVE('',#720,#330,#722,.T.);
#720 = VERTEX_POINT('',#721);
#721 = CARTESIAN_POINT('',(76.66,12.5,181.24));
#722 = LINE('',#723,#724);
#723 = CARTESIAN_POINT('',(76.66,7.75,181.24));
#724 = VECTOR('',#725,1.);
#725 = DIRECTION('',(-0.,1.,0.));
#726 = ORIENTED_EDGE('',*,*,#727,.T.);
#727 = EDGE_CURVE('',#720,#728,#730,.T.);
#728 = VERTEX_POINT('',#729);
#729 = CARTESIAN_POINT('',(75.390194339617,12.5,181.24));
#730 = LINE('',#731,#732);
#731 = CARTESIAN_POINT('',(66.66,12.5,181.24));
#732 = VECTOR('',#733,1.);
#733 = DIRECTION('',(-1.,-0.,0.));
#734 = ORIENTED_EDGE('',*,*,#735,.F.);
#735 = EDGE_CURVE('',#736,#728,#738,.T.);
#736 = VERTEX_POINT('',#737);
#737 = CARTESIAN_POINT('',(75.390194339619,3.,181.24));
#738 = LINE('',#739,#740);
#739 = CARTESIAN_POINT('',(75.390194339617,2.,181.24));
#740 = VECTOR('',#741,1.);
#741 = DIRECTION('',(0.,1.,0.));
#742 = ORIENTED_EDGE('',*,*,#743,.T.);
#743 = EDGE_CURVE('',#736,#654,#744,.T.);
#744 = LINE('',#745,#746);
#745 = CARTESIAN_POINT('',(66.66,3.,181.24));
#746 = VECTOR('',#747,1.);
#747 = DIRECTION('',(1.,0.,-0.));
#748 = ORIENTED_EDGE('',*,*,#653,.T.);
#749 = PLANE('',#750);
#750 = AXIS2_PLACEMENT_3D('',#751,#752,#753);
#751 = CARTESIAN_POINT('',(66.66,3.,181.24));
#752 = DIRECTION('',(0.,0.,1.));
#753 = DIRECTION('',(1.,0.,-0.));
#754 = ADVANCED_FACE('',(#755),#791,.F.);
#755 = FACE_BOUND('',#756,.F.);
#756 = EDGE_LOOP('',(#757,#758,#766,#773,#774,#775,#776,#785));
#757 = ORIENTED_EDGE('',*,*,#248,.F.);
#758 = ORIENTED_EDGE('',*,*,#759,.F.);
#759 = EDGE_CURVE('',#760,#240,#762,.T.);
#760 = VERTEX_POINT('',#761);
#761 = CARTESIAN_POINT('',(72.56,63.96,15.9));
#762 = LINE('',#763,#764);
#763 = CARTESIAN_POINT('',(72.56,63.96,15.9));
#764 = VECTOR('',#765,1.);
#765 = DIRECTION('',(0.,-1.,0.));
#766 = ORIENTED_EDGE('',*,*,#767,.T.);
#767 = EDGE_CURVE('',#760,#760,#768,.T.);
#768 = CIRCLE('',#769,2.1);
#769 = AXIS2_PLACEMENT_3D('',#770,#771,#772);
#770 = CARTESIAN_POINT('',(72.56,63.96,18.));
#771 = DIRECTION('',(0.,-1.,0.));
#772 = DIRECTION('',(0.,-0.,-1.));
#773 = ORIENTED_EDGE('',*,*,#759,.T.);
#774 = ORIENTED_EDGE('',*,*,#239,.F.);
#775 = ORIENTED_EDGE('',*,*,#704,.T.);
#776 = ORIENTED_EDGE('',*,*,#777,.F.);
#777 = EDGE_CURVE('',#778,#697,#780,.T.);
#778 = VERTEX_POINT('',#779);
#779 = CARTESIAN_POINT('',(74.599607805437,12.5,18.5));
#780 = CIRCLE('',#781,2.1);
#781 = AXIS2_PLACEMENT_3D('',#782,#783,#784);
#782 = CARTESIAN_POINT('',(72.56,12.5,18.));
#783 = DIRECTION('',(0.,-1.,0.));
#784 = DIRECTION('',(0.,-0.,-1.));
#785 = ORIENTED_EDGE('',*,*,#786,.F.);
#786 = EDGE_CURVE('',#249,#778,#787,.T.);
#787 = LINE('',#788,#789);
#788 = CARTESIAN_POINT('',(74.599607805437,63.96,18.5));
#789 = VECTOR('',#790,1.);
#790 = DIRECTION('',(0.,-1.,0.));
#791 = CYLINDRICAL_SURFACE('',#792,2.1);
#792 = AXIS2_PLACEMENT_3D('',#793,#794,#795);
#793 = CARTESIAN_POINT('',(72.56,63.96,18.));
#794 = DIRECTION('',(0.,-1.,0.));
#795 = DIRECTION('',(0.,-0.,-1.));
#796 = ADVANCED_FACE('',(#797),#815,.T.);
#797 = FACE_BOUND('',#798,.T.);
#798 = EDGE_LOOP('',(#799,#807,#813,#814));
#799 = ORIENTED_EDGE('',*,*,#800,.F.);
#800 = EDGE_CURVE('',#801,#720,#803,.T.);
#801 = VERTEX_POINT('',#802);
#802 = CARTESIAN_POINT('',(76.66,12.5,173.74));
#803 = LINE('',#804,#805);
#804 = CARTESIAN_POINT('',(76.66,12.5,173.74));
#805 = VECTOR('',#806,1.);
#806 = DIRECTION('',(0.,0.,1.));
#807 = ORIENTED_EDGE('',*,*,#808,.T.);
#808 = EDGE_CURVE('',#801,#322,#809,.T.);
#809 = LINE('',#810,#811);
#810 = CARTESIAN_POINT('',(76.66,12.5,173.74));
#811 = VECTOR('',#812,1.);
#812 = DIRECTION('',(-0.,1.,0.));
#813 = ORIENTED_EDGE('',*,*,#329,.F.);
#814 = ORIENTED_EDGE('',*,*,#719,.F.);
#815 = PLANE('',#816);
#816 = AXIS2_PLACEMENT_3D('',#817,#818,#819);
#817 = CARTESIAN_POINT('',(76.66,12.5,173.74));
#818 = DIRECTION('',(1.,0.,-0.));
#819 = DIRECTION('',(0.,0.,1.));
#820 = ADVANCED_FACE('',(#821),#832,.F.);
#821 = FACE_BOUND('',#822,.F.);
#822 = EDGE_LOOP('',(#823,#824,#830,#831));
#823 = ORIENTED_EDGE('',*,*,#547,.T.);
#824 = ORIENTED_EDGE('',*,*,#825,.T.);
#825 = EDGE_CURVE('',#548,#801,#826,.T.);
#826 = LINE('',#827,#828);
#827 = CARTESIAN_POINT('',(66.66,12.5,173.74));
#828 = VECTOR('',#829,1.);
#829 = DIRECTION('',(1.,0.,-0.));
#830 = ORIENTED_EDGE('',*,*,#808,.T.);
#831 = ORIENTED_EDGE('',*,*,#321,.F.);
#832 = PLANE('',#833);
#833 = AXIS2_PLACEMENT_3D('',#834,#835,#836);
#834 = CARTESIAN_POINT('',(66.66,12.5,173.74));
#835 = DIRECTION('',(0.,0.,1.));
#836 = DIRECTION('',(1.,0.,-0.));
#837 = ADVANCED_FACE('',(#838),#856,.F.);
#838 = FACE_BOUND('',#839,.F.);
#839 = EDGE_LOOP('',(#840,#841,#849,#855));
#840 = ORIENTED_EDGE('',*,*,#786,.T.);
#841 = ORIENTED_EDGE('',*,*,#842,.T.);
#842 = EDGE_CURVE('',#778,#843,#845,.T.);
#843 = VERTEX_POINT('',#844);
#844 = CARTESIAN_POINT('',(76.66,12.5,18.5));
#845 = LINE('',#846,#847);
#846 = CARTESIAN_POINT('',(66.66,12.5,18.5));
#847 = VECTOR('',#848,1.);
#848 = DIRECTION('',(1.,0.,-0.));
#849 = ORIENTED_EDGE('',*,*,#850,.T.);
#850 = EDGE_CURVE('',#843,#258,#851,.T.);
#851 = LINE('',#852,#853);
#852 = CARTESIAN_POINT('',(76.66,12.5,18.5));
#853 = VECTOR('',#854,1.);
#854 = DIRECTION('',(-0.,1.,0.));
#855 = ORIENTED_EDGE('',*,*,#257,.F.);
#856 = PLANE('',#857);
#857 = AXIS2_PLACEMENT_3D('',#858,#859,#860);
#858 = CARTESIAN_POINT('',(66.66,12.5,18.5));
#859 = DIRECTION('',(0.,0.,1.));
#860 = DIRECTION('',(1.,0.,-0.));
#861 = ADVANCED_FACE('',(#862),#880,.T.);
#862 = FACE_BOUND('',#863,.T.);
#863 = EDGE_LOOP('',(#864,#872,#873,#874));
#864 = ORIENTED_EDGE('',*,*,#865,.F.);
#865 = EDGE_CURVE('',#843,#866,#868,.T.);
#866 = VERTEX_POINT('',#867);
#867 = CARTESIAN_POINT('',(76.66,12.5,40.));
#868 = LINE('',#869,#870);
#869 = CARTESIAN_POINT('',(76.66,12.5,29.));
#870 = VECTOR('',#871,1.);
#871 = DIRECTION('',(0.,0.,1.));
#872 = ORIENTED_EDGE('',*,*,#850,.T.);
#873 = ORIENTED_EDGE('',*,*,#265,.F.);
#874 = ORIENTED_EDGE('',*,*,#875,.F.);
#875 = EDGE_CURVE('',#866,#266,#876,.T.);
#876 = LINE('',#877,#878);
#877 = CARTESIAN_POINT('',(76.66,12.5,40.));
#878 = VECTOR('',#879,1.);
#879 = DIRECTION('',(-0.,1.,0.));
#880 = PLANE('',#881);
#881 = AXIS2_PLACEMENT_3D('',#882,#883,#884);
#882 = CARTESIAN_POINT('',(76.66,38.03,29.25));
#883 = DIRECTION('',(1.,0.,0.));
#884 = DIRECTION('',(-0.,0.,1.));
#885 = ADVANCED_FACE('',(#886),#904,.T.);
#886 = FACE_BOUND('',#887,.T.);
#887 = EDGE_LOOP('',(#888,#889,#897,#903));
#888 = ORIENTED_EDGE('',*,*,#540,.T.);
#889 = ORIENTED_EDGE('',*,*,#890,.T.);
#890 = EDGE_CURVE('',#533,#891,#893,.T.);
#891 = VERTEX_POINT('',#892);
#892 = CARTESIAN_POINT('',(76.66,12.5,115.62));
#893 = LINE('',#894,#895);
#894 = CARTESIAN_POINT('',(66.66,12.5,115.62));
#895 = VECTOR('',#896,1.);
#896 = DIRECTION('',(1.,0.,-0.));
#897 = ORIENTED_EDGE('',*,*,#898,.T.);
#898 = EDGE_CURVE('',#891,#298,#899,.T.);
#899 = LINE('',#900,#901);
#900 = CARTESIAN_POINT('',(76.66,12.5,115.62));
#901 = VECTOR('',#902,1.);
#902 = DIRECTION('',(-0.,1.,0.));
#903 = ORIENTED_EDGE('',*,*,#305,.F.);
#904 = PLANE('',#905);
#905 = AXIS2_PLACEMENT_3D('',#906,#907,#908);
#906 = CARTESIAN_POINT('',(66.66,12.5,115.62));
#907 = DIRECTION('',(0.,0.,1.));
#908 = DIRECTION('',(1.,0.,-0.));
#909 = ADVANCED_FACE('',(#910),#921,.T.);
#910 = FACE_BOUND('',#911,.T.);
#911 = EDGE_LOOP('',(#912,#913,#919,#920));
#912 = ORIENTED_EDGE('',*,*,#515,.T.);
#913 = ORIENTED_EDGE('',*,*,#914,.T.);
#914 = EDGE_CURVE('',#516,#866,#915,.T.);
#915 = LINE('',#916,#917);
#916 = CARTESIAN_POINT('',(66.66,12.5,40.));
#917 = VECTOR('',#918,1.);
#918 = DIRECTION('',(1.,0.,-0.));
#919 = ORIENTED_EDGE('',*,*,#875,.T.);
#920 = ORIENTED_EDGE('',*,*,#273,.F.);
#921 = PLANE('',#922);
#922 = AXIS2_PLACEMENT_3D('',#923,#924,#925);
#923 = CARTESIAN_POINT('',(66.66,12.5,40.));
#924 = DIRECTION('',(0.,0.,1.));
#925 = DIRECTION('',(1.,0.,-0.));
#926 = ADVANCED_FACE('',(#927),#945,.T.);
#927 = FACE_BOUND('',#928,.T.);
#928 = EDGE_LOOP('',(#929,#930,#938,#944));
#929 = ORIENTED_EDGE('',*,*,#898,.F.);
#930 = ORIENTED_EDGE('',*,*,#931,.F.);
#931 = EDGE_CURVE('',#932,#891,#934,.T.);
#932 = VERTEX_POINT('',#933);
#933 = CARTESIAN_POINT('',(76.66,12.5,104.62));
#934 = LINE('',#935,#936);
#935 = CARTESIAN_POINT('',(76.66,12.5,104.62));
#936 = VECTOR('',#937,1.);
#937 = DIRECTION('',(0.,0.,1.));
#938 = ORIENTED_EDGE('',*,*,#939,.T.);
#939 = EDGE_CURVE('',#932,#290,#940,.T.);
#940 = LINE('',#941,#942);
#941 = CARTESIAN_POINT('',(76.66,12.5,104.62));
#942 = VECTOR('',#943,1.);
#943 = DIRECTION('',(-0.,1.,0.));
#944 = ORIENTED_EDGE('',*,*,#297,.F.);
#945 = PLANE('',#946);
#946 = AXIS2_PLACEMENT_3D('',#947,#948,#949);
#947 = CARTESIAN_POINT('',(76.66,12.5,104.62));
#948 = DIRECTION('',(1.,0.,-0.));
#949 = DIRECTION('',(0.,0.,1.));
#950 = ADVANCED_FACE('',(#951),#962,.F.);
#951 = FACE_BOUND('',#952,.F.);
#952 = EDGE_LOOP('',(#953,#954,#960,#961));
#953 = ORIENTED_EDGE('',*,*,#524,.T.);
#954 = ORIENTED_EDGE('',*,*,#955,.T.);
#955 = EDGE_CURVE('',#525,#932,#956,.T.);
#956 = LINE('',#957,#958);
#957 = CARTESIAN_POINT('',(66.66,12.5,104.62));
#958 = VECTOR('',#959,1.);
#959 = DIRECTION('',(1.,0.,-0.));
#960 = ORIENTED_EDGE('',*,*,#939,.T.);
#961 = ORIENTED_EDGE('',*,*,#289,.F.);
#962 = PLANE('',#963);
#963 = AXIS2_PLACEMENT_3D('',#964,#965,#966);
#964 = CARTESIAN_POINT('',(66.66,12.5,104.62));
#965 = DIRECTION('',(0.,0.,1.));
#966 = DIRECTION('',(1.,0.,-0.));
#967 = ADVANCED_FACE('',(#968),#987,.F.);
#968 = FACE_BOUND('',#969,.F.);
#969 = EDGE_LOOP('',(#970,#971,#979,#986));
#970 = ORIENTED_EDGE('',*,*,#373,.F.);
#971 = ORIENTED_EDGE('',*,*,#972,.F.);
#972 = EDGE_CURVE('',#973,#374,#975,.T.);
#973 = VERTEX_POINT('',#974);
#974 = CARTESIAN_POINT('',(146.76,63.96,15.9));
#975 = LINE('',#976,#977);
#976 = CARTESIAN_POINT('',(146.76,63.96,15.9));
#977 = VECTOR('',#978,1.);
#978 = DIRECTION('',(0.,-1.,0.));
#979 = ORIENTED_EDGE('',*,*,#980,.T.);
#980 = EDGE_CURVE('',#973,#973,#981,.T.);
#981 = CIRCLE('',#982,2.1);
#982 = AXIS2_PLACEMENT_3D('',#983,#984,#985);
#983 = CARTESIAN_POINT('',(146.76,63.96,18.));
#984 = DIRECTION('',(0.,-1.,0.));
#985 = DIRECTION('',(0.,-0.,-1.));
#986 = ORIENTED_EDGE('',*,*,#972,.T.);
#987 = CYLINDRICAL_SURFACE('',#988,2.1);
#988 = AXIS2_PLACEMENT_3D('',#989,#990,#991);
#989 = CARTESIAN_POINT('',(146.76,63.96,18.));
#990 = DIRECTION('',(0.,-1.,0.));
#991 = DIRECTION('',(0.,-0.,-1.));
#992 = ADVANCED_FACE('',(#993,#1027),#1089,.F.);
#993 = FACE_BOUND('',#994,.F.);
#994 = EDGE_LOOP('',(#995,#1005,#1013,#1021));
#995 = ORIENTED_EDGE('',*,*,#996,.F.);
#996 = EDGE_CURVE('',#997,#999,#1001,.T.);
#997 = VERTEX_POINT('',#998);
#998 = CARTESIAN_POINT('',(64.66,3.,0.));
#999 = VERTEX_POINT('',#1000);
#1000 = CARTESIAN_POINT('',(154.66,3.,0.));
#1001 = LINE('',#1002,#1003);
#1002 = CARTESIAN_POINT('',(64.66,3.,0.));
#1003 = VECTOR('',#1004,1.);
#1004 = DIRECTION('',(1.,0.,-0.));
#1005 = ORIENTED_EDGE('',*,*,#1006,.T.);
#1006 = EDGE_CURVE('',#997,#1007,#1009,.T.);
#1007 = VERTEX_POINT('',#1008);
#1008 = CARTESIAN_POINT('',(64.66,3.,200.24));
#1009 = LINE('',#1010,#1011);
#1010 = CARTESIAN_POINT('',(64.66,3.,0.));
#1011 = VECTOR('',#1012,1.);
#1012 = DIRECTION('',(0.,0.,1.));
#1013 = ORIENTED_EDGE('',*,*,#1014,.T.);
#1014 = EDGE_CURVE('',#1007,#1015,#1017,.T.);
#1015 = VERTEX_POINT('',#1016);
#1016 = CARTESIAN_POINT('',(154.66,3.,200.24));
#1017 = LINE('',#1018,#1019);
#1018 = CARTESIAN_POINT('',(64.66,3.,200.24));
#1019 = VECTOR('',#1020,1.);
#1020 = DIRECTION('',(1.,0.,-0.));
#1021 = ORIENTED_EDGE('',*,*,#1022,.F.);
#1022 = EDGE_CURVE('',#999,#1015,#1023,.T.);
#1023 = LINE('',#1024,#1025);
#1024 = CARTESIAN_POINT('',(154.66,3.,0.));
#1025 = VECTOR('',#1026,1.);
#1026 = DIRECTION('',(0.,0.,1.));
#1027 = FACE_BOUND('',#1028,.F.);
#1028 = EDGE_LOOP('',(#1029,#1037,#1038,#1039,#1040,#1041,#1042,#1050,
    #1058,#1066,#1074,#1082));
#1029 = ORIENTED_EDGE('',*,*,#1030,.F.);
#1030 = EDGE_CURVE('',#564,#1031,#1033,.T.);
#1031 = VERTEX_POINT('',#1032);
#1032 = CARTESIAN_POINT('',(69.729805660381,3.,181.24));
#1033 = LINE('',#1034,#1035);
#1034 = CARTESIAN_POINT('',(66.66,3.,181.24));
#1035 = VECTOR('',#1036,1.);
#1036 = DIRECTION('',(1.,0.,-0.));
#1037 = ORIENTED_EDGE('',*,*,#571,.T.);
#1038 = ORIENTED_EDGE('',*,*,#475,.T.);
#1039 = ORIENTED_EDGE('',*,*,#444,.F.);
#1040 = ORIENTED_EDGE('',*,*,#500,.F.);
#1041 = ORIENTED_EDGE('',*,*,#644,.F.);
#1042 = ORIENTED_EDGE('',*,*,#1043,.T.);
#1043 = EDGE_CURVE('',#637,#1044,#1046,.T.);
#1044 = VERTEX_POINT('',#1045);
#1045 = CARTESIAN_POINT('',(151.66,3.,184.24));
#1046 = LINE('',#1047,#1048);
#1047 = CARTESIAN_POINT('',(66.66,3.,184.24));
#1048 = VECTOR('',#1049,1.);
#1049 = DIRECTION('',(1.,0.,-0.));
#1050 = ORIENTED_EDGE('',*,*,#1051,.F.);
#1051 = EDGE_CURVE('',#1052,#1044,#1054,.T.);
#1052 = VERTEX_POINT('',#1053);
#1053 = CARTESIAN_POINT('',(151.66,3.,197.24));
#1054 = LINE('',#1055,#1056);
#1055 = CARTESIAN_POINT('',(151.66,3.,1.5));
#1056 = VECTOR('',#1057,1.);
#1057 = DIRECTION('',(-0.,0.,-1.));
#1058 = ORIENTED_EDGE('',*,*,#1059,.F.);
#1059 = EDGE_CURVE('',#1060,#1052,#1062,.T.);
#1060 = VERTEX_POINT('',#1061);
#1061 = CARTESIAN_POINT('',(67.66,3.,197.24));
#1062 = LINE('',#1063,#1064);
#1063 = CARTESIAN_POINT('',(66.16,3.,197.24));
#1064 = VECTOR('',#1065,1.);
#1065 = DIRECTION('',(1.,0.,-0.));
#1066 = ORIENTED_EDGE('',*,*,#1067,.T.);
#1067 = EDGE_CURVE('',#1060,#1068,#1070,.T.);
#1068 = VERTEX_POINT('',#1069);
#1069 = CARTESIAN_POINT('',(67.66,3.,184.24));
#1070 = LINE('',#1071,#1072);
#1071 = CARTESIAN_POINT('',(67.66,3.,1.5));
#1072 = VECTOR('',#1073,1.);
#1073 = DIRECTION('',(-0.,0.,-1.));
#1074 = ORIENTED_EDGE('',*,*,#1075,.T.);
#1075 = EDGE_CURVE('',#1068,#1076,#1078,.T.);
#1076 = VERTEX_POINT('',#1077);
#1077 = CARTESIAN_POINT('',(67.763126017914,3.,184.24));
#1078 = LINE('',#1079,#1080);
#1079 = CARTESIAN_POINT('',(66.66,3.,184.24));
#1080 = VECTOR('',#1081,1.);
#1081 = DIRECTION('',(1.,0.,-0.));
#1082 = ORIENTED_EDGE('',*,*,#1083,.F.);
#1083 = EDGE_CURVE('',#1031,#1076,#1084,.T.);
#1084 = CIRCLE('',#1085,4.9);
#1085 = AXIS2_PLACEMENT_3D('',#1086,#1087,#1088);
#1086 = CARTESIAN_POINT('',(72.56,3.,185.24));
#1087 = DIRECTION('',(0.,1.,0.));
#1088 = DIRECTION('',(0.,-0.,1.));
#1089 = PLANE('',#1090);
#1090 = AXIS2_PLACEMENT_3D('',#1091,#1092,#1093);
#1091 = CARTESIAN_POINT('',(64.66,3.,0.));
#1092 = DIRECTION('',(-0.,1.,0.));
#1093 = DIRECTION('',(0.,0.,1.));
#1094 = ADVANCED_FACE('',(#1095),#1103,.T.);
#1095 = FACE_BOUND('',#1096,.T.);
#1096 = EDGE_LOOP('',(#1097,#1098,#1099,#1100,#1101,#1102));
#1097 = ORIENTED_EDGE('',*,*,#842,.T.);
#1098 = ORIENTED_EDGE('',*,*,#865,.T.);
#1099 = ORIENTED_EDGE('',*,*,#914,.F.);
#1100 = ORIENTED_EDGE('',*,*,#587,.F.);
#1101 = ORIENTED_EDGE('',*,*,#696,.T.);
#1102 = ORIENTED_EDGE('',*,*,#777,.F.);
#1103 = PLANE('',#1104);
#1104 = AXIS2_PLACEMENT_3D('',#1105,#1106,#1107);
#1105 = CARTESIAN_POINT('',(72.16,12.5,29.25));
#1106 = DIRECTION('',(-0.,-1.,-0.));
#1107 = DIRECTION('',(0.,0.,-1.));
#1108 = ADVANCED_FACE('',(#1109),#1127,.F.);
#1109 = FACE_BOUND('',#1110,.F.);
#1110 = EDGE_LOOP('',(#1111,#1119,#1120,#1121));
#1111 = ORIENTED_EDGE('',*,*,#1112,.T.);
#1112 = EDGE_CURVE('',#1113,#556,#1115,.T.);
#1113 = VERTEX_POINT('',#1114);
#1114 = CARTESIAN_POINT('',(69.729805660383,12.5,181.24));
#1115 = LINE('',#1116,#1117);
#1116 = CARTESIAN_POINT('',(66.66,12.5,181.24));
#1117 = VECTOR('',#1118,1.);
#1118 = DIRECTION('',(-1.,-0.,0.));
#1119 = ORIENTED_EDGE('',*,*,#563,.T.);
#1120 = ORIENTED_EDGE('',*,*,#1030,.T.);
#1121 = ORIENTED_EDGE('',*,*,#1122,.T.);
#1122 = EDGE_CURVE('',#1031,#1113,#1123,.T.);
#1123 = LINE('',#1124,#1125);
#1124 = CARTESIAN_POINT('',(69.729805660383,2.,181.24));
#1125 = VECTOR('',#1126,1.);
#1126 = DIRECTION('',(0.,1.,0.));
#1127 = PLANE('',#1128);
#1128 = AXIS2_PLACEMENT_3D('',#1129,#1130,#1131);
#1129 = CARTESIAN_POINT('',(66.66,3.,181.24));
#1130 = DIRECTION('',(0.,0.,1.));
#1131 = DIRECTION('',(1.,0.,-0.));
#1132 = ADVANCED_FACE('',(#1133),#1214,.F.);
#1133 = FACE_BOUND('',#1134,.F.);
#1134 = EDGE_LOOP('',(#1135,#1136,#1137,#1138,#1147,#1155,#1163,#1171,
    #1180,#1189,#1197,#1205,#1212,#1213));
#1135 = ORIENTED_EDGE('',*,*,#825,.F.);
#1136 = ORIENTED_EDGE('',*,*,#555,.T.);
#1137 = ORIENTED_EDGE('',*,*,#1112,.F.);
#1138 = ORIENTED_EDGE('',*,*,#1139,.T.);
#1139 = EDGE_CURVE('',#1113,#1140,#1142,.T.);
#1140 = VERTEX_POINT('',#1141);
#1141 = CARTESIAN_POINT('',(67.763126017915,12.5,184.24));
#1142 = CIRCLE('',#1143,4.9);
#1143 = AXIS2_PLACEMENT_3D('',#1144,#1145,#1146);
#1144 = CARTESIAN_POINT('',(72.56,12.5,185.24));
#1145 = DIRECTION('',(0.,1.,0.));
#1146 = DIRECTION('',(0.,-0.,1.));
#1147 = ORIENTED_EDGE('',*,*,#1148,.T.);
#1148 = EDGE_CURVE('',#1140,#1149,#1151,.T.);
#1149 = VERTEX_POINT('',#1150);
#1150 = CARTESIAN_POINT('',(67.66,12.5,184.24));
#1151 = LINE('',#1152,#1153);
#1152 = CARTESIAN_POINT('',(66.66,12.5,184.24));
#1153 = VECTOR('',#1154,1.);
#1154 = DIRECTION('',(-1.,-0.,0.));
#1155 = ORIENTED_EDGE('',*,*,#1156,.T.);
#1156 = EDGE_CURVE('',#1149,#1157,#1159,.T.);
#1157 = VERTEX_POINT('',#1158);
#1158 = CARTESIAN_POINT('',(67.66,12.5,184.74));
#1159 = LINE('',#1160,#1161);
#1160 = CARTESIAN_POINT('',(67.66,12.5,88.37));
#1161 = VECTOR('',#1162,1.);
#1162 = DIRECTION('',(0.,0.,1.));
#1163 = ORIENTED_EDGE('',*,*,#1164,.T.);
#1164 = EDGE_CURVE('',#1157,#1165,#1167,.T.);
#1165 = VERTEX_POINT('',#1166);
#1166 = CARTESIAN_POINT('',(70.520392194561,12.5,184.74));
#1167 = LINE('',#1168,#1169);
#1168 = CARTESIAN_POINT('',(66.66,12.5,184.74));
#1169 = VECTOR('',#1170,1.);
#1170 = DIRECTION('',(1.,0.,-0.));
#1171 = ORIENTED_EDGE('',*,*,#1172,.T.);
#1172 = EDGE_CURVE('',#1165,#1173,#1175,.T.);
#1173 = VERTEX_POINT('',#1174);
#1174 = CARTESIAN_POINT('',(72.56,12.5,183.14));
#1175 = CIRCLE('',#1176,2.1);
#1176 = AXIS2_PLACEMENT_3D('',#1177,#1178,#1179);
#1177 = CARTESIAN_POINT('',(72.56,12.5,185.24));
#1178 = DIRECTION('',(0.,-1.,0.));
#1179 = DIRECTION('',(0.,-0.,-1.));
#1180 = ORIENTED_EDGE('',*,*,#1181,.T.);
#1181 = EDGE_CURVE('',#1173,#1182,#1184,.T.);
#1182 = VERTEX_POINT('',#1183);
#1183 = CARTESIAN_POINT('',(74.599607805439,12.5,184.74));
#1184 = CIRCLE('',#1185,2.1);
#1185 = AXIS2_PLACEMENT_3D('',#1186,#1187,#1188);
#1186 = CARTESIAN_POINT('',(72.56,12.5,185.24));
#1187 = DIRECTION('',(0.,-1.,0.));
#1188 = DIRECTION('',(0.,-0.,-1.));
#1189 = ORIENTED_EDGE('',*,*,#1190,.T.);
#1190 = EDGE_CURVE('',#1182,#1191,#1193,.T.);
#1191 = VERTEX_POINT('',#1192);
#1192 = CARTESIAN_POINT('',(76.66,12.5,184.74));
#1193 = LINE('',#1194,#1195);
#1194 = CARTESIAN_POINT('',(66.66,12.5,184.74));
#1195 = VECTOR('',#1196,1.);
#1196 = DIRECTION('',(1.,0.,-0.));
#1197 = ORIENTED_EDGE('',*,*,#1198,.F.);
#1198 = EDGE_CURVE('',#1199,#1191,#1201,.T.);
#1199 = VERTEX_POINT('',#1200);
#1200 = CARTESIAN_POINT('',(76.66,12.5,182.556718427));
#1201 = LINE('',#1202,#1203);
#1202 = CARTESIAN_POINT('',(76.66,12.5,173.74));
#1203 = VECTOR('',#1204,1.);
#1204 = DIRECTION('',(0.,0.,1.));
#1205 = ORIENTED_EDGE('',*,*,#1206,.T.);
#1206 = EDGE_CURVE('',#1199,#728,#1207,.T.);
#1207 = CIRCLE('',#1208,4.9);
#1208 = AXIS2_PLACEMENT_3D('',#1209,#1210,#1211);
#1209 = CARTESIAN_POINT('',(72.56,12.5,185.24));
#1210 = DIRECTION('',(0.,1.,0.));
#1211 = DIRECTION('',(0.,-0.,1.));
#1212 = ORIENTED_EDGE('',*,*,#727,.F.);
#1213 = ORIENTED_EDGE('',*,*,#800,.F.);
#1214 = PLANE('',#1215);
#1215 = AXIS2_PLACEMENT_3D('',#1216,#1217,#1218);
#1216 = CARTESIAN_POINT('',(66.66,12.5,173.74));
#1217 = DIRECTION('',(-0.,1.,0.));
#1218 = DIRECTION('',(0.,0.,1.));
#1219 = ADVANCED_FACE('',(#1220),#1226,.F.);
#1220 = FACE_BOUND('',#1221,.F.);
#1221 = EDGE_LOOP('',(#1222,#1223,#1224,#1225));
#1222 = ORIENTED_EDGE('',*,*,#955,.F.);
#1223 = ORIENTED_EDGE('',*,*,#532,.T.);
#1224 = ORIENTED_EDGE('',*,*,#890,.T.);
#1225 = ORIENTED_EDGE('',*,*,#931,.F.);
#1226 = PLANE('',#1227);
#1227 = AXIS2_PLACEMENT_3D('',#1228,#1229,#1230);
#1228 = CARTESIAN_POINT('',(66.66,12.5,104.62));
#1229 = DIRECTION('',(-0.,1.,0.));
#1230 = DIRECTION('',(0.,0.,1.));
#1231 = ADVANCED_FACE('',(#1232,#1298,#1309,#1363,#1374),#1377,.T.);
#1232 = FACE_BOUND('',#1233,.T.);
#1233 = EDGE_LOOP('',(#1234,#1244,#1252,#1260,#1268,#1276,#1284,#1292));
#1234 = ORIENTED_EDGE('',*,*,#1235,.F.);
#1235 = EDGE_CURVE('',#1236,#1238,#1240,.T.);
#1236 = VERTEX_POINT('',#1237);
#1237 = CARTESIAN_POINT('',(64.66,66.56,0.));
#1238 = VERTEX_POINT('',#1239);
#1239 = CARTESIAN_POINT('',(69.66,66.56,0.));
#1240 = LINE('',#1241,#1242);
#1241 = CARTESIAN_POINT('',(64.66,66.56,0.));
#1242 = VECTOR('',#1243,1.);
#1243 = DIRECTION('',(1.,0.,-0.));
#1244 = ORIENTED_EDGE('',*,*,#1245,.T.);
#1245 = EDGE_CURVE('',#1236,#1246,#1248,.T.);
#1246 = VERTEX_POINT('',#1247);
#1247 = CARTESIAN_POINT('',(64.66,66.56,200.24));
#1248 = LINE('',#1249,#1250);
#1249 = CARTESIAN_POINT('',(64.66,66.56,0.));
#1250 = VECTOR('',#1251,1.);
#1251 = DIRECTION('',(0.,0.,1.));
#1252 = ORIENTED_EDGE('',*,*,#1253,.T.);
#1253 = EDGE_CURVE('',#1246,#1254,#1256,.T.);
#1254 = VERTEX_POINT('',#1255);
#1255 = CARTESIAN_POINT('',(154.66,66.56,200.24));
#1256 = LINE('',#1257,#1258);
#1257 = CARTESIAN_POINT('',(64.66,66.56,200.24));
#1258 = VECTOR('',#1259,1.);
#1259 = DIRECTION('',(1.,0.,-0.));
#1260 = ORIENTED_EDGE('',*,*,#1261,.F.);
#1261 = EDGE_CURVE('',#1262,#1254,#1264,.T.);
#1262 = VERTEX_POINT('',#1263);
#1263 = CARTESIAN_POINT('',(154.66,66.56,0.));
#1264 = LINE('',#1265,#1266);
#1265 = CARTESIAN_POINT('',(154.66,66.56,0.));
#1266 = VECTOR('',#1267,1.);
#1267 = DIRECTION('',(0.,0.,1.));
#1268 = ORIENTED_EDGE('',*,*,#1269,.F.);
#1269 = EDGE_CURVE('',#1270,#1262,#1272,.T.);
#1270 = VERTEX_POINT('',#1271);
#1271 = CARTESIAN_POINT('',(149.66,66.56,0.));
#1272 = LINE('',#1273,#1274);
#1273 = CARTESIAN_POINT('',(64.66,66.56,0.));
#1274 = VECTOR('',#1275,1.);
#1275 = DIRECTION('',(1.,0.,-0.));
#1276 = ORIENTED_EDGE('',*,*,#1277,.F.);
#1277 = EDGE_CURVE('',#1278,#1270,#1280,.T.);
#1278 = VERTEX_POINT('',#1279);
#1279 = CARTESIAN_POINT('',(149.66,66.56,7.5));
#1280 = LINE('',#1281,#1282);
#1281 = CARTESIAN_POINT('',(149.66,66.56,-1.25));
#1282 = VECTOR('',#1283,1.);
#1283 = DIRECTION('',(-0.,0.,-1.));
#1284 = ORIENTED_EDGE('',*,*,#1285,.F.);
#1285 = EDGE_CURVE('',#1286,#1278,#1288,.T.);
#1286 = VERTEX_POINT('',#1287);
#1287 = CARTESIAN_POINT('',(69.66,66.56,7.5));
#1288 = LINE('',#1289,#1290);
#1289 = CARTESIAN_POINT('',(67.16,66.56,7.5));
#1290 = VECTOR('',#1291,1.);
#1291 = DIRECTION('',(1.,0.,-0.));
#1292 = ORIENTED_EDGE('',*,*,#1293,.T.);
#1293 = EDGE_CURVE('',#1286,#1238,#1294,.T.);
#1294 = LINE('',#1295,#1296);
#1295 = CARTESIAN_POINT('',(69.66,66.56,-1.25));
#1296 = VECTOR('',#1297,1.);
#1297 = DIRECTION('',(-0.,0.,-1.));
#1298 = FACE_BOUND('',#1299,.T.);
#1299 = EDGE_LOOP('',(#1300));
#1300 = ORIENTED_EDGE('',*,*,#1301,.T.);
#1301 = EDGE_CURVE('',#1302,#1302,#1304,.T.);
#1302 = VERTEX_POINT('',#1303);
#1303 = CARTESIAN_POINT('',(72.56,66.56,13.75));
#1304 = CIRCLE('',#1305,4.25);
#1305 = AXIS2_PLACEMENT_3D('',#1306,#1307,#1308);
#1306 = CARTESIAN_POINT('',(72.56,66.56,18.));
#1307 = DIRECTION('',(0.,-1.,0.));
#1308 = DIRECTION('',(0.,-0.,-1.));
#1309 = FACE_BOUND('',#1310,.T.);
#1310 = EDGE_LOOP('',(#1311,#1322,#1331,#1339,#1348,#1357));
#1311 = ORIENTED_EDGE('',*,*,#1312,.F.);
#1312 = EDGE_CURVE('',#1313,#1315,#1317,.T.);
#1313 = VERTEX_POINT('',#1314);
#1314 = CARTESIAN_POINT('',(72.56,66.56,190.14));
#1315 = VERTEX_POINT('',#1316);
#1316 = CARTESIAN_POINT('',(76.66,66.56,182.556718427));
#1317 = CIRCLE('',#1318,4.9);
#1318 = AXIS2_PLACEMENT_3D('',#1319,#1320,#1321);
#1319 = CARTESIAN_POINT('',(72.56,66.56,185.24));
#1320 = DIRECTION('',(0.,1.,0.));
#1321 = DIRECTION('',(0.,-0.,1.));
#1322 = ORIENTED_EDGE('',*,*,#1323,.F.);
#1323 = EDGE_CURVE('',#1324,#1313,#1326,.T.);
#1324 = VERTEX_POINT('',#1325);
#1325 = CARTESIAN_POINT('',(67.685576957218,66.56,184.74));
#1326 = CIRCLE('',#1327,4.9);
#1327 = AXIS2_PLACEMENT_3D('',#1328,#1329,#1330);
#1328 = CARTESIAN_POINT('',(72.56,66.56,185.24));
#1329 = DIRECTION('',(0.,1.,0.));
#1330 = DIRECTION('',(0.,-0.,1.));
#1331 = ORIENTED_EDGE('',*,*,#1332,.T.);
#1332 = EDGE_CURVE('',#1324,#1333,#1335,.T.);
#1333 = VERTEX_POINT('',#1334);
#1334 = CARTESIAN_POINT('',(68.339514245966,66.56,184.74));
#1335 = LINE('',#1336,#1337);
#1336 = CARTESIAN_POINT('',(66.66,66.56,184.74));
#1337 = VECTOR('',#1338,1.);
#1338 = DIRECTION('',(1.,0.,-0.));
#1339 = ORIENTED_EDGE('',*,*,#1340,.T.);
#1340 = EDGE_CURVE('',#1333,#1341,#1343,.T.);
#1341 = VERTEX_POINT('',#1342);
#1342 = CARTESIAN_POINT('',(72.56,66.56,180.99));
#1343 = CIRCLE('',#1344,4.25);
#1344 = AXIS2_PLACEMENT_3D('',#1345,#1346,#1347);
#1345 = CARTESIAN_POINT('',(72.56,66.56,185.24));
#1346 = DIRECTION('',(0.,-1.,0.));
#1347 = DIRECTION('',(0.,-0.,-1.));
#1348 = ORIENTED_EDGE('',*,*,#1349,.T.);
#1349 = EDGE_CURVE('',#1341,#1350,#1352,.T.);
#1350 = VERTEX_POINT('',#1351);
#1351 = CARTESIAN_POINT('',(76.66,66.56,184.12084853572));
#1352 = CIRCLE('',#1353,4.25);
#1353 = AXIS2_PLACEMENT_3D('',#1354,#1355,#1356);
#1354 = CARTESIAN_POINT('',(72.56,66.56,185.24));
#1355 = DIRECTION('',(0.,-1.,0.));
#1356 = DIRECTION('',(0.,-0.,-1.));
#1357 = ORIENTED_EDGE('',*,*,#1358,.F.);
#1358 = EDGE_CURVE('',#1315,#1350,#1359,.T.);
#1359 = LINE('',#1360,#1361);
#1360 = CARTESIAN_POINT('',(76.66,66.56,173.74));
#1361 = VECTOR('',#1362,1.);
#1362 = DIRECTION('',(0.,0.,1.));
#1363 = FACE_BOUND('',#1364,.T.);
#1364 = EDGE_LOOP('',(#1365));
#1365 = ORIENTED_EDGE('',*,*,#1366,.T.);
#1366 = EDGE_CURVE('',#1367,#1367,#1369,.T.);
#1367 = VERTEX_POINT('',#1368);
#1368 = CARTESIAN_POINT('',(146.76,66.56,13.75));
#1369 = CIRCLE('',#1370,4.25);
#1370 = AXIS2_PLACEMENT_3D('',#1371,#1372,#1373);
#1371 = CARTESIAN_POINT('',(146.76,66.56,18.));
#1372 = DIRECTION('',(0.,-1.,0.));
#1373 = DIRECTION('',(0.,-0.,-1.));
#1374 = FACE_BOUND('',#1375,.T.);
#1375 = EDGE_LOOP('',(#1376));
#1376 = ORIENTED_EDGE('',*,*,#601,.F.);
#1377 = PLANE('',#1378);
#1378 = AXIS2_PLACEMENT_3D('',#1379,#1380,#1381);
#1379 = CARTESIAN_POINT('',(64.66,66.56,0.));
#1380 = DIRECTION('',(-0.,1.,0.));
#1381 = DIRECTION('',(0.,0.,1.));
#1382 = ADVANCED_FACE('',(#1383),#1435,.F.);
#1383 = FACE_BOUND('',#1384,.F.);
#1384 = EDGE_LOOP('',(#1385,#1393,#1394,#1395,#1403,#1412,#1421,#1429));
#1385 = ORIENTED_EDGE('',*,*,#1386,.F.);
#1386 = EDGE_CURVE('',#619,#1387,#1389,.T.);
#1387 = VERTEX_POINT('',#1388);
#1388 = CARTESIAN_POINT('',(151.66,63.56,197.24));
#1389 = LINE('',#1390,#1391);
#1390 = CARTESIAN_POINT('',(151.66,63.56,3.));
#1391 = VECTOR('',#1392,1.);
#1392 = DIRECTION('',(0.,0.,1.));
#1393 = ORIENTED_EDGE('',*,*,#618,.F.);
#1394 = ORIENTED_EDGE('',*,*,#678,.F.);
#1395 = ORIENTED_EDGE('',*,*,#1396,.F.);
#1396 = EDGE_CURVE('',#1397,#671,#1399,.T.);
#1397 = VERTEX_POINT('',#1398);
#1398 = CARTESIAN_POINT('',(77.356873982085,63.56,184.24));
#1399 = LINE('',#1400,#1401);
#1400 = CARTESIAN_POINT('',(67.16,63.56,184.24));
#1401 = VECTOR('',#1402,1.);
#1402 = DIRECTION('',(1.,0.,-0.));
#1403 = ORIENTED_EDGE('',*,*,#1404,.F.);
#1404 = EDGE_CURVE('',#1405,#1397,#1407,.T.);
#1405 = VERTEX_POINT('',#1406);
#1406 = CARTESIAN_POINT('',(72.56,63.56,190.14));
#1407 = CIRCLE('',#1408,4.9);
#1408 = AXIS2_PLACEMENT_3D('',#1409,#1410,#1411);
#1409 = CARTESIAN_POINT('',(72.56,63.56,185.24));
#1410 = DIRECTION('',(0.,1.,0.));
#1411 = DIRECTION('',(0.,-0.,1.));
#1412 = ORIENTED_EDGE('',*,*,#1413,.F.);
#1413 = EDGE_CURVE('',#1414,#1405,#1416,.T.);
#1414 = VERTEX_POINT('',#1415);
#1415 = CARTESIAN_POINT('',(67.66,63.56,185.24));
#1416 = CIRCLE('',#1417,4.9);
#1417 = AXIS2_PLACEMENT_3D('',#1418,#1419,#1420);
#1418 = CARTESIAN_POINT('',(72.56,63.56,185.24));
#1419 = DIRECTION('',(0.,1.,0.));
#1420 = DIRECTION('',(0.,-0.,1.));
#1421 = ORIENTED_EDGE('',*,*,#1422,.T.);
#1422 = EDGE_CURVE('',#1414,#1423,#1425,.T.);
#1423 = VERTEX_POINT('',#1424);
#1424 = CARTESIAN_POINT('',(67.66,63.56,197.24));
#1425 = LINE('',#1426,#1427);
#1426 = CARTESIAN_POINT('',(67.66,63.56,3.));
#1427 = VECTOR('',#1428,1.);
#1428 = DIRECTION('',(0.,0.,1.));
#1429 = ORIENTED_EDGE('',*,*,#1430,.T.);
#1430 = EDGE_CURVE('',#1423,#1387,#1431,.T.);
#1431 = LINE('',#1432,#1433);
#1432 = CARTESIAN_POINT('',(67.66,63.56,197.24));
#1433 = VECTOR('',#1434,1.);
#1434 = DIRECTION('',(1.,0.,-0.));
#1435 = PLANE('',#1436);
#1436 = AXIS2_PLACEMENT_3D('',#1437,#1438,#1439);
#1437 = CARTESIAN_POINT('',(67.66,63.56,3.));
#1438 = DIRECTION('',(-0.,1.,0.));
#1439 = DIRECTION('',(0.,0.,1.));
#1440 = ADVANCED_FACE('',(#1441),#1523,.T.);
#1441 = FACE_BOUND('',#1442,.T.);
#1442 = EDGE_LOOP('',(#1443,#1444,#1452,#1460,#1468,#1476,#1484,#1492,
    #1500,#1508,#1516,#1522));
#1443 = ORIENTED_EDGE('',*,*,#1396,.F.);
#1444 = ORIENTED_EDGE('',*,*,#1445,.F.);
#1445 = EDGE_CURVE('',#1446,#1397,#1448,.T.);
#1446 = VERTEX_POINT('',#1447);
#1447 = CARTESIAN_POINT('',(77.356873982086,3.,184.24));
#1448 = LINE('',#1449,#1450);
#1449 = CARTESIAN_POINT('',(77.356873982085,2.,184.24));
#1450 = VECTOR('',#1451,1.);
#1451 = DIRECTION('',(0.,1.,0.));
#1452 = ORIENTED_EDGE('',*,*,#1453,.T.);
#1453 = EDGE_CURVE('',#1446,#1454,#1456,.T.);
#1454 = VERTEX_POINT('',#1455);
#1455 = CARTESIAN_POINT('',(94.66,3.,184.24));
#1456 = LINE('',#1457,#1458);
#1457 = CARTESIAN_POINT('',(66.66,3.,184.24));
#1458 = VECTOR('',#1459,1.);
#1459 = DIRECTION('',(1.,0.,-0.));
#1460 = ORIENTED_EDGE('',*,*,#1461,.T.);
#1461 = EDGE_CURVE('',#1454,#1462,#1464,.T.);
#1462 = VERTEX_POINT('',#1463);
#1463 = CARTESIAN_POINT('',(94.66,59.3,184.24));
#1464 = LINE('',#1465,#1466);
#1465 = CARTESIAN_POINT('',(94.66,3.,184.24));
#1466 = VECTOR('',#1467,1.);
#1467 = DIRECTION('',(-0.,1.,0.));
#1468 = ORIENTED_EDGE('',*,*,#1469,.T.);
#1469 = EDGE_CURVE('',#1462,#1470,#1472,.T.);
#1470 = VERTEX_POINT('',#1471);
#1471 = CARTESIAN_POINT('',(97.66,59.3,184.24));
#1472 = LINE('',#1473,#1474);
#1473 = CARTESIAN_POINT('',(94.66,59.3,184.24));
#1474 = VECTOR('',#1475,1.);
#1475 = DIRECTION('',(1.,0.,-0.));
#1476 = ORIENTED_EDGE('',*,*,#1477,.F.);
#1477 = EDGE_CURVE('',#1478,#1470,#1480,.T.);
#1478 = VERTEX_POINT('',#1479);
#1479 = CARTESIAN_POINT('',(97.66,3.,184.24));
#1480 = LINE('',#1481,#1482);
#1481 = CARTESIAN_POINT('',(97.66,3.,184.24));
#1482 = VECTOR('',#1483,1.);
#1483 = DIRECTION('',(-0.,1.,0.));
#1484 = ORIENTED_EDGE('',*,*,#1485,.T.);
#1485 = EDGE_CURVE('',#1478,#1486,#1488,.T.);
#1486 = VERTEX_POINT('',#1487);
#1487 = CARTESIAN_POINT('',(121.66,3.,184.24));
#1488 = LINE('',#1489,#1490);
#1489 = CARTESIAN_POINT('',(66.66,3.,184.24));
#1490 = VECTOR('',#1491,1.);
#1491 = DIRECTION('',(1.,0.,-0.));
#1492 = ORIENTED_EDGE('',*,*,#1493,.T.);
#1493 = EDGE_CURVE('',#1486,#1494,#1496,.T.);
#1494 = VERTEX_POINT('',#1495);
#1495 = CARTESIAN_POINT('',(121.66,59.3,184.24));
#1496 = LINE('',#1497,#1498);
#1497 = CARTESIAN_POINT('',(121.66,3.,184.24));
#1498 = VECTOR('',#1499,1.);
#1499 = DIRECTION('',(-0.,1.,0.));
#1500 = ORIENTED_EDGE('',*,*,#1501,.T.);
#1501 = EDGE_CURVE('',#1494,#1502,#1504,.T.);
#1502 = VERTEX_POINT('',#1503);
#1503 = CARTESIAN_POINT('',(124.66,59.3,184.24));
#1504 = LINE('',#1505,#1506);
#1505 = CARTESIAN_POINT('',(121.66,59.3,184.24));
#1506 = VECTOR('',#1507,1.);
#1507 = DIRECTION('',(1.,0.,-0.));
#1508 = ORIENTED_EDGE('',*,*,#1509,.F.);
#1509 = EDGE_CURVE('',#1510,#1502,#1512,.T.);
#1510 = VERTEX_POINT('',#1511);
#1511 = CARTESIAN_POINT('',(124.66,3.,184.24));
#1512 = LINE('',#1513,#1514);
#1513 = CARTESIAN_POINT('',(124.66,3.,184.24));
#1514 = VECTOR('',#1515,1.);
#1515 = DIRECTION('',(-0.,1.,0.));
#1516 = ORIENTED_EDGE('',*,*,#1517,.T.);
#1517 = EDGE_CURVE('',#1510,#662,#1518,.T.);
#1518 = LINE('',#1519,#1520);
#1519 = CARTESIAN_POINT('',(66.66,3.,184.24));
#1520 = VECTOR('',#1521,1.);
#1521 = DIRECTION('',(1.,0.,-0.));
#1522 = ORIENTED_EDGE('',*,*,#670,.T.);
#1523 = PLANE('',#1524);
#1524 = AXIS2_PLACEMENT_3D('',#1525,#1526,#1527);
#1525 = CARTESIAN_POINT('',(66.66,3.,184.24));
#1526 = DIRECTION('',(0.,0.,1.));
#1527 = DIRECTION('',(1.,0.,-0.));
#1528 = ADVANCED_FACE('',(#1529),#1587,.F.);
#1529 = FACE_BOUND('',#1530,.F.);
#1530 = EDGE_LOOP('',(#1531,#1532,#1533,#1540,#1541,#1549,#1557,#1563,
    #1564,#1572,#1580,#1586));
#1531 = ORIENTED_EDGE('',*,*,#661,.F.);
#1532 = ORIENTED_EDGE('',*,*,#743,.F.);
#1533 = ORIENTED_EDGE('',*,*,#1534,.F.);
#1534 = EDGE_CURVE('',#1446,#736,#1535,.T.);
#1535 = CIRCLE('',#1536,4.9);
#1536 = AXIS2_PLACEMENT_3D('',#1537,#1538,#1539);
#1537 = CARTESIAN_POINT('',(72.56,3.,185.24));
#1538 = DIRECTION('',(0.,1.,0.));
#1539 = DIRECTION('',(0.,-0.,1.));
#1540 = ORIENTED_EDGE('',*,*,#1453,.T.);
#1541 = ORIENTED_EDGE('',*,*,#1542,.T.);
#1542 = EDGE_CURVE('',#1454,#1543,#1545,.T.);
#1543 = VERTEX_POINT('',#1544);
#1544 = CARTESIAN_POINT('',(94.66,3.,189.24));
#1545 = LINE('',#1546,#1547);
#1546 = CARTESIAN_POINT('',(94.66,3.,184.24));
#1547 = VECTOR('',#1548,1.);
#1548 = DIRECTION('',(0.,0.,1.));
#1549 = ORIENTED_EDGE('',*,*,#1550,.T.);
#1550 = EDGE_CURVE('',#1543,#1551,#1553,.T.);
#1551 = VERTEX_POINT('',#1552);
#1552 = CARTESIAN_POINT('',(97.66,3.,189.24));
#1553 = LINE('',#1554,#1555);
#1554 = CARTESIAN_POINT('',(94.66,3.,189.24));
#1555 = VECTOR('',#1556,1.);
#1556 = DIRECTION('',(1.,0.,-0.));
#1557 = ORIENTED_EDGE('',*,*,#1558,.F.);
#1558 = EDGE_CURVE('',#1478,#1551,#1559,.T.);
#1559 = LINE('',#1560,#1561);
#1560 = CARTESIAN_POINT('',(97.66,3.,184.24));
#1561 = VECTOR('',#1562,1.);
#1562 = DIRECTION('',(0.,0.,1.));
#1563 = ORIENTED_EDGE('',*,*,#1485,.T.);
#1564 = ORIENTED_EDGE('',*,*,#1565,.T.);
#1565 = EDGE_CURVE('',#1486,#1566,#1568,.T.);
#1566 = VERTEX_POINT('',#1567);
#1567 = CARTESIAN_POINT('',(121.66,3.,189.24));
#1568 = LINE('',#1569,#1570);
#1569 = CARTESIAN_POINT('',(121.66,3.,184.24));
#1570 = VECTOR('',#1571,1.);
#1571 = DIRECTION('',(0.,0.,1.));
#1572 = ORIENTED_EDGE('',*,*,#1573,.T.);
#1573 = EDGE_CURVE('',#1566,#1574,#1576,.T.);
#1574 = VERTEX_POINT('',#1575);
#1575 = CARTESIAN_POINT('',(124.66,3.,189.24));
#1576 = LINE('',#1577,#1578);
#1577 = CARTESIAN_POINT('',(121.66,3.,189.24));
#1578 = VECTOR('',#1579,1.);
#1579 = DIRECTION('',(1.,0.,-0.));
#1580 = ORIENTED_EDGE('',*,*,#1581,.F.);
#1581 = EDGE_CURVE('',#1510,#1574,#1582,.T.);
#1582 = LINE('',#1583,#1584);
#1583 = CARTESIAN_POINT('',(124.66,3.,184.24));
#1584 = VECTOR('',#1585,1.);
#1585 = DIRECTION('',(0.,0.,1.));
#1586 = ORIENTED_EDGE('',*,*,#1517,.T.);
#1587 = PLANE('',#1588);
#1588 = AXIS2_PLACEMENT_3D('',#1589,#1590,#1591);
#1589 = CARTESIAN_POINT('',(64.66,3.,0.));
#1590 = DIRECTION('',(-0.,1.,0.));
#1591 = DIRECTION('',(0.,0.,1.));
#1592 = ADVANCED_FACE('',(#1593),#1611,.T.);
#1593 = FACE_BOUND('',#1594,.T.);
#1594 = EDGE_LOOP('',(#1595,#1603,#1604,#1605));
#1595 = ORIENTED_EDGE('',*,*,#1596,.F.);
#1596 = EDGE_CURVE('',#628,#1597,#1599,.T.);
#1597 = VERTEX_POINT('',#1598);
#1598 = CARTESIAN_POINT('',(151.66,63.56,184.24));
#1599 = LINE('',#1600,#1601);
#1600 = CARTESIAN_POINT('',(67.16,63.56,184.24));
#1601 = VECTOR('',#1602,1.);
#1602 = DIRECTION('',(1.,0.,-0.));
#1603 = ORIENTED_EDGE('',*,*,#636,.F.);
#1604 = ORIENTED_EDGE('',*,*,#1043,.T.);
#1605 = ORIENTED_EDGE('',*,*,#1606,.F.);
#1606 = EDGE_CURVE('',#1597,#1044,#1607,.T.);
#1607 = LINE('',#1608,#1609);
#1608 = CARTESIAN_POINT('',(151.66,2.5,184.24));
#1609 = VECTOR('',#1610,1.);
#1610 = DIRECTION('',(0.,-1.,0.));
#1611 = PLANE('',#1612);
#1612 = AXIS2_PLACEMENT_3D('',#1613,#1614,#1615);
#1613 = CARTESIAN_POINT('',(66.66,3.,184.24));
#1614 = DIRECTION('',(0.,0.,1.));
#1615 = DIRECTION('',(1.,0.,-0.));
#1616 = ADVANCED_FACE('',(#1617),#1627,.F.);
#1617 = FACE_BOUND('',#1618,.F.);
#1618 = EDGE_LOOP('',(#1619,#1625,#1626));
#1619 = ORIENTED_EDGE('',*,*,#1620,.F.);
#1620 = EDGE_CURVE('',#1597,#619,#1621,.T.);
#1621 = LINE('',#1622,#1623);
#1622 = CARTESIAN_POINT('',(151.66,63.56,3.));
#1623 = VECTOR('',#1624,1.);
#1624 = DIRECTION('',(0.,0.,1.));
#1625 = ORIENTED_EDGE('',*,*,#1596,.F.);
#1626 = ORIENTED_EDGE('',*,*,#627,.F.);
#1627 = PLANE('',#1628);
#1628 = AXIS2_PLACEMENT_3D('',#1629,#1630,#1631);
#1629 = CARTESIAN_POINT('',(67.66,63.56,3.));
#1630 = DIRECTION('',(-0.,1.,0.));
#1631 = DIRECTION('',(0.,0.,1.));
#1632 = ADVANCED_FACE('',(#1633),#1664,.F.);
#1633 = FACE_BOUND('',#1634,.F.);
#1634 = EDGE_LOOP('',(#1635,#1643,#1650,#1651,#1652,#1653,#1654,#1655,
    #1656,#1662,#1663));
#1635 = ORIENTED_EDGE('',*,*,#1636,.F.);
#1636 = EDGE_CURVE('',#1637,#1324,#1639,.T.);
#1637 = VERTEX_POINT('',#1638);
#1638 = CARTESIAN_POINT('',(67.685576957218,63.56,184.74));
#1639 = LINE('',#1640,#1641);
#1640 = CARTESIAN_POINT('',(67.685576957218,2.,184.74));
#1641 = VECTOR('',#1642,1.);
#1642 = DIRECTION('',(0.,1.,0.));
#1643 = ORIENTED_EDGE('',*,*,#1644,.T.);
#1644 = EDGE_CURVE('',#1637,#1414,#1645,.T.);
#1645 = CIRCLE('',#1646,4.9);
#1646 = AXIS2_PLACEMENT_3D('',#1647,#1648,#1649);
#1647 = CARTESIAN_POINT('',(72.56,63.56,185.24));
#1648 = DIRECTION('',(0.,1.,0.));
#1649 = DIRECTION('',(0.,-0.,1.));
#1650 = ORIENTED_EDGE('',*,*,#1413,.T.);
#1651 = ORIENTED_EDGE('',*,*,#1404,.T.);
#1652 = ORIENTED_EDGE('',*,*,#1445,.F.);
#1653 = ORIENTED_EDGE('',*,*,#1534,.T.);
#1654 = ORIENTED_EDGE('',*,*,#735,.T.);
#1655 = ORIENTED_EDGE('',*,*,#1206,.F.);
#1656 = ORIENTED_EDGE('',*,*,#1657,.T.);
#1657 = EDGE_CURVE('',#1199,#1315,#1658,.T.);
#1658 = LINE('',#1659,#1660);
#1659 = CARTESIAN_POINT('',(76.66,2.,182.556718427));
#1660 = VECTOR('',#1661,1.);
#1661 = DIRECTION('',(0.,1.,0.));
#1662 = ORIENTED_EDGE('',*,*,#1312,.F.);
#1663 = ORIENTED_EDGE('',*,*,#1323,.F.);
#1664 = CYLINDRICAL_SURFACE('',#1665,4.9);
#1665 = AXIS2_PLACEMENT_3D('',#1666,#1667,#1668);
#1666 = CARTESIAN_POINT('',(72.56,2.,185.24));
#1667 = DIRECTION('',(0.,1.,0.));
#1668 = DIRECTION('',(0.,-0.,1.));
#1669 = ADVANCED_FACE('',(#1670),#1681,.F.);
#1670 = FACE_BOUND('',#1671,.F.);
#1671 = EDGE_LOOP('',(#1672,#1673,#1679,#1680));
#1672 = ORIENTED_EDGE('',*,*,#767,.F.);
#1673 = ORIENTED_EDGE('',*,*,#1674,.F.);
#1674 = EDGE_CURVE('',#1302,#760,#1675,.T.);
#1675 = LINE('',#1676,#1677);
#1676 = CARTESIAN_POINT('',(72.56,66.56,13.75));
#1677 = VECTOR('',#1678,1.);
#1678 = DIRECTION('',(1.560847516868E-16,-0.770645272311,0.637264359795)
  );
#1679 = ORIENTED_EDGE('',*,*,#1301,.T.);
#1680 = ORIENTED_EDGE('',*,*,#1674,.T.);
#1681 = CONICAL_SURFACE('',#1682,4.25,0.690943228002);
#1682 = AXIS2_PLACEMENT_3D('',#1683,#1684,#1685);
#1683 = CARTESIAN_POINT('',(72.56,66.56,18.));
#1684 = DIRECTION('',(-0.,1.,-0.));
#1685 = DIRECTION('',(0.,-0.,-1.));
#1686 = ADVANCED_FACE('',(#1687),#1698,.F.);
#1687 = FACE_BOUND('',#1688,.F.);
#1688 = EDGE_LOOP('',(#1689,#1690,#1696,#1697));
#1689 = ORIENTED_EDGE('',*,*,#980,.F.);
#1690 = ORIENTED_EDGE('',*,*,#1691,.F.);
#1691 = EDGE_CURVE('',#1367,#973,#1692,.T.);
#1692 = LINE('',#1693,#1694);
#1693 = CARTESIAN_POINT('',(146.76,66.56,13.75));
#1694 = VECTOR('',#1695,1.);
#1695 = DIRECTION('',(1.560847516868E-16,-0.770645272311,0.637264359795)
  );
#1696 = ORIENTED_EDGE('',*,*,#1366,.T.);
#1697 = ORIENTED_EDGE('',*,*,#1691,.T.);
#1698 = CONICAL_SURFACE('',#1699,4.25,0.690943228002);
#1699 = AXIS2_PLACEMENT_3D('',#1700,#1701,#1702);
#1700 = CARTESIAN_POINT('',(146.76,66.56,18.));
#1701 = DIRECTION('',(-0.,1.,-0.));
#1702 = DIRECTION('',(0.,-0.,-1.));
#1703 = ADVANCED_FACE('',(#1704),#1743,.F.);
#1704 = FACE_BOUND('',#1705,.F.);
#1705 = EDGE_LOOP('',(#1706,#1707,#1713,#1714,#1720,#1721,#1729,#1737));
#1706 = ORIENTED_EDGE('',*,*,#1235,.F.);
#1707 = ORIENTED_EDGE('',*,*,#1708,.F.);
#1708 = EDGE_CURVE('',#997,#1236,#1709,.T.);
#1709 = LINE('',#1710,#1711);
#1710 = CARTESIAN_POINT('',(64.66,3.,0.));
#1711 = VECTOR('',#1712,1.);
#1712 = DIRECTION('',(-0.,1.,0.));
#1713 = ORIENTED_EDGE('',*,*,#996,.T.);
#1714 = ORIENTED_EDGE('',*,*,#1715,.T.);
#1715 = EDGE_CURVE('',#999,#1262,#1716,.T.);
#1716 = LINE('',#1717,#1718);
#1717 = CARTESIAN_POINT('',(154.66,3.,0.));
#1718 = VECTOR('',#1719,1.);
#1719 = DIRECTION('',(-0.,1.,0.));
#1720 = ORIENTED_EDGE('',*,*,#1269,.F.);
#1721 = ORIENTED_EDGE('',*,*,#1722,.F.);
#1722 = EDGE_CURVE('',#1723,#1270,#1725,.T.);
#1723 = VERTEX_POINT('',#1724);
#1724 = CARTESIAN_POINT('',(149.66,63.86,0.));
#1725 = LINE('',#1726,#1727);
#1726 = CARTESIAN_POINT('',(149.66,33.43,0.));
#1727 = VECTOR('',#1728,1.);
#1728 = DIRECTION('',(-0.,1.,0.));
#1729 = ORIENTED_EDGE('',*,*,#1730,.T.);
#1730 = EDGE_CURVE('',#1723,#1731,#1733,.T.);
#1731 = VERTEX_POINT('',#1732);
#1732 = CARTESIAN_POINT('',(69.66,63.86,0.));
#1733 = LINE('',#1734,#1735);
#1734 = CARTESIAN_POINT('',(67.16,63.86,0.));
#1735 = VECTOR('',#1736,1.);
#1736 = DIRECTION('',(-1.,-0.,0.));
#1737 = ORIENTED_EDGE('',*,*,#1738,.T.);
#1738 = EDGE_CURVE('',#1731,#1238,#1739,.T.);
#1739 = LINE('',#1740,#1741);
#1740 = CARTESIAN_POINT('',(69.66,33.43,0.));
#1741 = VECTOR('',#1742,1.);
#1742 = DIRECTION('',(-0.,1.,0.));
#1743 = PLANE('',#1744);
#1744 = AXIS2_PLACEMENT_3D('',#1745,#1746,#1747);
#1745 = CARTESIAN_POINT('',(64.66,3.,0.));
#1746 = DIRECTION('',(0.,0.,1.));
#1747 = DIRECTION('',(1.,0.,-0.));
#1748 = ADVANCED_FACE('',(#1749),#1760,.T.);
#1749 = FACE_BOUND('',#1750,.T.);
#1750 = EDGE_LOOP('',(#1751,#1752,#1753,#1754));
#1751 = ORIENTED_EDGE('',*,*,#1022,.F.);
#1752 = ORIENTED_EDGE('',*,*,#1715,.T.);
#1753 = ORIENTED_EDGE('',*,*,#1261,.T.);
#1754 = ORIENTED_EDGE('',*,*,#1755,.F.);
#1755 = EDGE_CURVE('',#1015,#1254,#1756,.T.);
#1756 = LINE('',#1757,#1758);
#1757 = CARTESIAN_POINT('',(154.66,3.,200.24));
#1758 = VECTOR('',#1759,1.);
#1759 = DIRECTION('',(-0.,1.,0.));
#1760 = PLANE('',#1761);
#1761 = AXIS2_PLACEMENT_3D('',#1762,#1763,#1764);
#1762 = CARTESIAN_POINT('',(154.66,3.,0.));
#1763 = DIRECTION('',(1.,0.,-0.));
#1764 = DIRECTION('',(0.,0.,1.));
#1765 = ADVANCED_FACE('',(#1766,#1777,#1788,#1799,#1810),#1821,.F.);
#1766 = FACE_BOUND('',#1767,.F.);
#1767 = EDGE_LOOP('',(#1768,#1769,#1770,#1771));
#1768 = ORIENTED_EDGE('',*,*,#1006,.F.);
#1769 = ORIENTED_EDGE('',*,*,#1708,.T.);
#1770 = ORIENTED_EDGE('',*,*,#1245,.T.);
#1771 = ORIENTED_EDGE('',*,*,#1772,.F.);
#1772 = EDGE_CURVE('',#1007,#1246,#1773,.T.);
#1773 = LINE('',#1774,#1775);
#1774 = CARTESIAN_POINT('',(64.66,3.,200.24));
#1775 = VECTOR('',#1776,1.);
#1776 = DIRECTION('',(-0.,1.,0.));
#1777 = FACE_BOUND('',#1778,.F.);
#1778 = EDGE_LOOP('',(#1779));
#1779 = ORIENTED_EDGE('',*,*,#1780,.F.);
#1780 = EDGE_CURVE('',#1781,#1781,#1783,.T.);
#1781 = VERTEX_POINT('',#1782);
#1782 = CARTESIAN_POINT('',(64.66,18.,25.7));
#1783 = CIRCLE('',#1784,1.7);
#1784 = AXIS2_PLACEMENT_3D('',#1785,#1786,#1787);
#1785 = CARTESIAN_POINT('',(64.66,18.,24.));
#1786 = DIRECTION('',(1.,0.,0.));
#1787 = DIRECTION('',(-0.,0.,1.));
#1788 = FACE_BOUND('',#1789,.F.);
#1789 = EDGE_LOOP('',(#1790));
#1790 = ORIENTED_EDGE('',*,*,#1791,.F.);
#1791 = EDGE_CURVE('',#1792,#1792,#1794,.T.);
#1792 = VERTEX_POINT('',#1793);
#1793 = CARTESIAN_POINT('',(64.66,18.,36.2));
#1794 = CIRCLE('',#1795,1.7);
#1795 = AXIS2_PLACEMENT_3D('',#1796,#1797,#1798);
#1796 = CARTESIAN_POINT('',(64.66,18.,34.5));
#1797 = DIRECTION('',(1.,0.,0.));
#1798 = DIRECTION('',(-0.,0.,1.));
#1799 = FACE_BOUND('',#1800,.F.);
#1800 = EDGE_LOOP('',(#1801));
#1801 = ORIENTED_EDGE('',*,*,#1802,.F.);
#1802 = EDGE_CURVE('',#1803,#1803,#1805,.T.);
#1803 = VERTEX_POINT('',#1804);
#1804 = CARTESIAN_POINT('',(64.66,18.,111.82));
#1805 = CIRCLE('',#1806,1.7);
#1806 = AXIS2_PLACEMENT_3D('',#1807,#1808,#1809);
#1807 = CARTESIAN_POINT('',(64.66,18.,110.12));
#1808 = DIRECTION('',(1.,0.,0.));
#1809 = DIRECTION('',(-0.,0.,1.));
#1810 = FACE_BOUND('',#1811,.F.);
#1811 = EDGE_LOOP('',(#1812));
#1812 = ORIENTED_EDGE('',*,*,#1813,.F.);
#1813 = EDGE_CURVE('',#1814,#1814,#1816,.T.);
#1814 = VERTEX_POINT('',#1815);
#1815 = CARTESIAN_POINT('',(64.66,18.,180.94));
#1816 = CIRCLE('',#1817,1.7);
#1817 = AXIS2_PLACEMENT_3D('',#1818,#1819,#1820);
#1818 = CARTESIAN_POINT('',(64.66,18.,179.24));
#1819 = DIRECTION('',(1.,0.,0.));
#1820 = DIRECTION('',(-0.,0.,1.));
#1821 = PLANE('',#1822);
#1822 = AXIS2_PLACEMENT_3D('',#1823,#1824,#1825);
#1823 = CARTESIAN_POINT('',(64.66,3.,0.));
#1824 = DIRECTION('',(1.,0.,-0.));
#1825 = DIRECTION('',(0.,0.,1.));
#1826 = ADVANCED_FACE('',(#1827,#1833,#1844,#1855,#1866,#1877),#1888,.T.
  );
#1827 = FACE_BOUND('',#1828,.T.);
#1828 = EDGE_LOOP('',(#1829,#1830,#1831,#1832));
#1829 = ORIENTED_EDGE('',*,*,#1772,.F.);
#1830 = ORIENTED_EDGE('',*,*,#1014,.T.);
#1831 = ORIENTED_EDGE('',*,*,#1755,.T.);
#1832 = ORIENTED_EDGE('',*,*,#1253,.F.);
#1833 = FACE_BOUND('',#1834,.T.);
#1834 = EDGE_LOOP('',(#1835));
#1835 = ORIENTED_EDGE('',*,*,#1836,.F.);
#1836 = EDGE_CURVE('',#1837,#1837,#1839,.T.);
#1837 = VERTEX_POINT('',#1838);
#1838 = CARTESIAN_POINT('',(94.96,14.,200.24));
#1839 = CIRCLE('',#1840,1.3);
#1840 = AXIS2_PLACEMENT_3D('',#1841,#1842,#1843);
#1841 = CARTESIAN_POINT('',(93.66,14.,200.24));
#1842 = DIRECTION('',(0.,0.,1.));
#1843 = DIRECTION('',(1.,0.,-0.));
#1844 = FACE_BOUND('',#1845,.T.);
#1845 = EDGE_LOOP('',(#1846));
#1846 = ORIENTED_EDGE('',*,*,#1847,.F.);
#1847 = EDGE_CURVE('',#1848,#1848,#1850,.T.);
#1848 = VERTEX_POINT('',#1849);
#1849 = CARTESIAN_POINT('',(102.96,14.,200.24));
#1850 = CIRCLE('',#1851,1.3);
#1851 = AXIS2_PLACEMENT_3D('',#1852,#1853,#1854);
#1852 = CARTESIAN_POINT('',(101.66,14.,200.24));
#1853 = DIRECTION('',(0.,0.,1.));
#1854 = DIRECTION('',(1.,0.,-0.));
#1855 = FACE_BOUND('',#1856,.T.);
#1856 = EDGE_LOOP('',(#1857));
#1857 = ORIENTED_EDGE('',*,*,#1858,.F.);
#1858 = EDGE_CURVE('',#1859,#1859,#1861,.T.);
#1859 = VERTEX_POINT('',#1860);
#1860 = CARTESIAN_POINT('',(110.96,14.,200.24));
#1861 = CIRCLE('',#1862,1.3);
#1862 = AXIS2_PLACEMENT_3D('',#1863,#1864,#1865);
#1863 = CARTESIAN_POINT('',(109.66,14.,200.24));
#1864 = DIRECTION('',(0.,0.,1.));
#1865 = DIRECTION('',(1.,0.,-0.));
#1866 = FACE_BOUND('',#1867,.T.);
#1867 = EDGE_LOOP('',(#1868));
#1868 = ORIENTED_EDGE('',*,*,#1869,.F.);
#1869 = EDGE_CURVE('',#1870,#1870,#1872,.T.);
#1870 = VERTEX_POINT('',#1871);
#1871 = CARTESIAN_POINT('',(118.96,14.,200.24));
#1872 = CIRCLE('',#1873,1.3);
#1873 = AXIS2_PLACEMENT_3D('',#1874,#1875,#1876);
#1874 = CARTESIAN_POINT('',(117.66,14.,200.24));
#1875 = DIRECTION('',(0.,0.,1.));
#1876 = DIRECTION('',(1.,0.,-0.));
#1877 = FACE_BOUND('',#1878,.T.);
#1878 = EDGE_LOOP('',(#1879));
#1879 = ORIENTED_EDGE('',*,*,#1880,.F.);
#1880 = EDGE_CURVE('',#1881,#1881,#1883,.T.);
#1881 = VERTEX_POINT('',#1882);
#1882 = CARTESIAN_POINT('',(126.96,14.,200.24));
#1883 = CIRCLE('',#1884,1.3);
#1884 = AXIS2_PLACEMENT_3D('',#1885,#1886,#1887);
#1885 = CARTESIAN_POINT('',(125.66,14.,200.24));
#1886 = DIRECTION('',(0.,0.,1.));
#1887 = DIRECTION('',(1.,0.,-0.));
#1888 = PLANE('',#1889);
#1889 = AXIS2_PLACEMENT_3D('',#1890,#1891,#1892);
#1890 = CARTESIAN_POINT('',(64.66,3.,200.24));
#1891 = DIRECTION('',(0.,0.,1.));
#1892 = DIRECTION('',(1.,0.,-0.));
#1893 = ADVANCED_FACE('',(#1894),#1905,.F.);
#1894 = FACE_BOUND('',#1895,.F.);
#1895 = EDGE_LOOP('',(#1896,#1902,#1903,#1904));
#1896 = ORIENTED_EDGE('',*,*,#1897,.T.);
#1897 = EDGE_CURVE('',#1076,#1140,#1898,.T.);
#1898 = LINE('',#1899,#1900);
#1899 = CARTESIAN_POINT('',(67.763126017915,2.,184.24));
#1900 = VECTOR('',#1901,1.);
#1901 = DIRECTION('',(0.,1.,0.));
#1902 = ORIENTED_EDGE('',*,*,#1139,.F.);
#1903 = ORIENTED_EDGE('',*,*,#1122,.F.);
#1904 = ORIENTED_EDGE('',*,*,#1083,.T.);
#1905 = CYLINDRICAL_SURFACE('',#1906,4.9);
#1906 = AXIS2_PLACEMENT_3D('',#1907,#1908,#1909);
#1907 = CARTESIAN_POINT('',(72.56,2.,185.24));
#1908 = DIRECTION('',(0.,1.,0.));
#1909 = DIRECTION('',(0.,-0.,1.));
#1910 = ADVANCED_FACE('',(#1911),#1922,.T.);
#1911 = FACE_BOUND('',#1912,.T.);
#1912 = EDGE_LOOP('',(#1913,#1914,#1920,#1921));
#1913 = ORIENTED_EDGE('',*,*,#1148,.T.);
#1914 = ORIENTED_EDGE('',*,*,#1915,.T.);
#1915 = EDGE_CURVE('',#1149,#1068,#1916,.T.);
#1916 = LINE('',#1917,#1918);
#1917 = CARTESIAN_POINT('',(67.66,2.5,184.24));
#1918 = VECTOR('',#1919,1.);
#1919 = DIRECTION('',(0.,-1.,0.));
#1920 = ORIENTED_EDGE('',*,*,#1075,.T.);
#1921 = ORIENTED_EDGE('',*,*,#1897,.T.);
#1922 = PLANE('',#1923);
#1923 = AXIS2_PLACEMENT_3D('',#1924,#1925,#1926);
#1924 = CARTESIAN_POINT('',(66.66,3.,184.24));
#1925 = DIRECTION('',(0.,0.,1.));
#1926 = DIRECTION('',(1.,0.,-0.));
#1927 = ADVANCED_FACE('',(#1928),#1954,.T.);
#1928 = FACE_BOUND('',#1929,.T.);
#1929 = EDGE_LOOP('',(#1930,#1938,#1944,#1945,#1951,#1952,#1953));
#1930 = ORIENTED_EDGE('',*,*,#1931,.F.);
#1931 = EDGE_CURVE('',#1932,#1157,#1934,.T.);
#1932 = VERTEX_POINT('',#1933);
#1933 = CARTESIAN_POINT('',(67.66,63.56,184.74));
#1934 = LINE('',#1935,#1936);
#1935 = CARTESIAN_POINT('',(67.66,7.25,184.74));
#1936 = VECTOR('',#1937,1.);
#1937 = DIRECTION('',(0.,-1.,0.));
#1938 = ORIENTED_EDGE('',*,*,#1939,.T.);
#1939 = EDGE_CURVE('',#1932,#1414,#1940,.T.);
#1940 = LINE('',#1941,#1942);
#1941 = CARTESIAN_POINT('',(67.66,63.56,3.));
#1942 = VECTOR('',#1943,1.);
#1943 = DIRECTION('',(0.,0.,1.));
#1944 = ORIENTED_EDGE('',*,*,#1422,.T.);
#1945 = ORIENTED_EDGE('',*,*,#1946,.F.);
#1946 = EDGE_CURVE('',#1060,#1423,#1947,.T.);
#1947 = LINE('',#1948,#1949);
#1948 = CARTESIAN_POINT('',(67.66,2.,197.24));
#1949 = VECTOR('',#1950,1.);
#1950 = DIRECTION('',(-0.,1.,0.));
#1951 = ORIENTED_EDGE('',*,*,#1067,.T.);
#1952 = ORIENTED_EDGE('',*,*,#1915,.F.);
#1953 = ORIENTED_EDGE('',*,*,#1156,.T.);
#1954 = PLANE('',#1955);
#1955 = AXIS2_PLACEMENT_3D('',#1956,#1957,#1958);
#1956 = CARTESIAN_POINT('',(67.66,2.,3.));
#1957 = DIRECTION('',(1.,0.,-0.));
#1958 = DIRECTION('',(0.,0.,1.));
#1959 = ADVANCED_FACE('',(#1960,#1971,#1982,#1993,#2004,#2015),#2026,.F.
  );
#1960 = FACE_BOUND('',#1961,.F.);
#1961 = EDGE_LOOP('',(#1962,#1963,#1964,#1970));
#1962 = ORIENTED_EDGE('',*,*,#1946,.F.);
#1963 = ORIENTED_EDGE('',*,*,#1059,.T.);
#1964 = ORIENTED_EDGE('',*,*,#1965,.T.);
#1965 = EDGE_CURVE('',#1052,#1387,#1966,.T.);
#1966 = LINE('',#1967,#1968);
#1967 = CARTESIAN_POINT('',(151.66,2.,197.24));
#1968 = VECTOR('',#1969,1.);
#1969 = DIRECTION('',(-0.,1.,0.));
#1970 = ORIENTED_EDGE('',*,*,#1430,.F.);
#1971 = FACE_BOUND('',#1972,.F.);
#1972 = EDGE_LOOP('',(#1973));
#1973 = ORIENTED_EDGE('',*,*,#1974,.F.);
#1974 = EDGE_CURVE('',#1975,#1975,#1977,.T.);
#1975 = VERTEX_POINT('',#1976);
#1976 = CARTESIAN_POINT('',(94.96,14.,197.24));
#1977 = CIRCLE('',#1978,1.3);
#1978 = AXIS2_PLACEMENT_3D('',#1979,#1980,#1981);
#1979 = CARTESIAN_POINT('',(93.66,14.,197.24));
#1980 = DIRECTION('',(0.,0.,1.));
#1981 = DIRECTION('',(1.,0.,-0.));
#1982 = FACE_BOUND('',#1983,.F.);
#1983 = EDGE_LOOP('',(#1984));
#1984 = ORIENTED_EDGE('',*,*,#1985,.F.);
#1985 = EDGE_CURVE('',#1986,#1986,#1988,.T.);
#1986 = VERTEX_POINT('',#1987);
#1987 = CARTESIAN_POINT('',(102.96,14.,197.24));
#1988 = CIRCLE('',#1989,1.3);
#1989 = AXIS2_PLACEMENT_3D('',#1990,#1991,#1992);
#1990 = CARTESIAN_POINT('',(101.66,14.,197.24));
#1991 = DIRECTION('',(0.,0.,1.));
#1992 = DIRECTION('',(1.,0.,-0.));
#1993 = FACE_BOUND('',#1994,.F.);
#1994 = EDGE_LOOP('',(#1995));
#1995 = ORIENTED_EDGE('',*,*,#1996,.F.);
#1996 = EDGE_CURVE('',#1997,#1997,#1999,.T.);
#1997 = VERTEX_POINT('',#1998);
#1998 = CARTESIAN_POINT('',(110.96,14.,197.24));
#1999 = CIRCLE('',#2000,1.3);
#2000 = AXIS2_PLACEMENT_3D('',#2001,#2002,#2003);
#2001 = CARTESIAN_POINT('',(109.66,14.,197.24));
#2002 = DIRECTION('',(0.,0.,1.));
#2003 = DIRECTION('',(1.,0.,-0.));
#2004 = FACE_BOUND('',#2005,.F.);
#2005 = EDGE_LOOP('',(#2006));
#2006 = ORIENTED_EDGE('',*,*,#2007,.F.);
#2007 = EDGE_CURVE('',#2008,#2008,#2010,.T.);
#2008 = VERTEX_POINT('',#2009);
#2009 = CARTESIAN_POINT('',(118.96,14.,197.24));
#2010 = CIRCLE('',#2011,1.3);
#2011 = AXIS2_PLACEMENT_3D('',#2012,#2013,#2014);
#2012 = CARTESIAN_POINT('',(117.66,14.,197.24));
#2013 = DIRECTION('',(0.,0.,1.));
#2014 = DIRECTION('',(1.,0.,-0.));
#2015 = FACE_BOUND('',#2016,.F.);
#2016 = EDGE_LOOP('',(#2017));
#2017 = ORIENTED_EDGE('',*,*,#2018,.F.);
#2018 = EDGE_CURVE('',#2019,#2019,#2021,.T.);
#2019 = VERTEX_POINT('',#2020);
#2020 = CARTESIAN_POINT('',(126.96,14.,197.24));
#2021 = CIRCLE('',#2022,1.3);
#2022 = AXIS2_PLACEMENT_3D('',#2023,#2024,#2025);
#2023 = CARTESIAN_POINT('',(125.66,14.,197.24));
#2024 = DIRECTION('',(0.,0.,1.));
#2025 = DIRECTION('',(1.,0.,-0.));
#2026 = PLANE('',#2027);
#2027 = AXIS2_PLACEMENT_3D('',#2028,#2029,#2030);
#2028 = CARTESIAN_POINT('',(67.66,2.,197.24));
#2029 = DIRECTION('',(0.,0.,1.));
#2030 = DIRECTION('',(1.,0.,-0.));
#2031 = ADVANCED_FACE('',(#2032),#2039,.F.);
#2032 = FACE_BOUND('',#2033,.T.);
#2033 = EDGE_LOOP('',(#2034,#2035,#2036,#2037,#2038));
#2034 = ORIENTED_EDGE('',*,*,#1965,.T.);
#2035 = ORIENTED_EDGE('',*,*,#1386,.F.);
#2036 = ORIENTED_EDGE('',*,*,#1620,.F.);
#2037 = ORIENTED_EDGE('',*,*,#1606,.T.);
#2038 = ORIENTED_EDGE('',*,*,#1051,.F.);
#2039 = PLANE('',#2040);
#2040 = AXIS2_PLACEMENT_3D('',#2041,#2042,#2043);
#2041 = CARTESIAN_POINT('',(151.66,2.,3.));
#2042 = DIRECTION('',(1.,0.,-0.));
#2043 = DIRECTION('',(0.,0.,1.));
#2044 = ADVANCED_FACE('',(#2045),#2065,.T.);
#2045 = FACE_BOUND('',#2046,.T.);
#2046 = EDGE_LOOP('',(#2047,#2048,#2049,#2050,#2059));
#2047 = ORIENTED_EDGE('',*,*,#1198,.F.);
#2048 = ORIENTED_EDGE('',*,*,#1657,.T.);
#2049 = ORIENTED_EDGE('',*,*,#1358,.T.);
#2050 = ORIENTED_EDGE('',*,*,#2051,.T.);
#2051 = EDGE_CURVE('',#1350,#2052,#2054,.T.);
#2052 = VERTEX_POINT('',#2053);
#2053 = CARTESIAN_POINT('',(76.66,66.415337554694,184.74));
#2054 = HYPERBOLA('',#2055,4.958139534884,4.1);
#2055 = AXIS2_PLACEMENT_3D('',#2056,#2057,#2058);
#2056 = CARTESIAN_POINT('',(76.66,61.420465116279,185.24));
#2057 = DIRECTION('',(1.,0.,-0.));
#2058 = DIRECTION('',(-0.,1.,-0.));
#2059 = ORIENTED_EDGE('',*,*,#2060,.F.);
#2060 = EDGE_CURVE('',#1191,#2052,#2061,.T.);
#2061 = LINE('',#2062,#2063);
#2062 = CARTESIAN_POINT('',(76.66,12.5,184.74));
#2063 = VECTOR('',#2064,1.);
#2064 = DIRECTION('',(-0.,1.,0.));
#2065 = PLANE('',#2066);
#2066 = AXIS2_PLACEMENT_3D('',#2067,#2068,#2069);
#2067 = CARTESIAN_POINT('',(76.66,12.5,173.74));
#2068 = DIRECTION('',(1.,0.,-0.));
#2069 = DIRECTION('',(0.,0.,1.));
#2070 = ADVANCED_FACE('',(#2071),#2090,.T.);
#2071 = FACE_BOUND('',#2072,.T.);
#2072 = EDGE_LOOP('',(#2073,#2081,#2082,#2083));
#2073 = ORIENTED_EDGE('',*,*,#2074,.T.);
#2074 = EDGE_CURVE('',#2075,#1182,#2077,.T.);
#2075 = VERTEX_POINT('',#2076);
#2076 = CARTESIAN_POINT('',(74.599607805437,63.96,184.74));
#2077 = LINE('',#2078,#2079);
#2078 = CARTESIAN_POINT('',(74.599607805437,63.96,184.74));
#2079 = VECTOR('',#2080,1.);
#2080 = DIRECTION('',(0.,-1.,0.));
#2081 = ORIENTED_EDGE('',*,*,#1190,.T.);
#2082 = ORIENTED_EDGE('',*,*,#2060,.T.);
#2083 = ORIENTED_EDGE('',*,*,#2084,.T.);
#2084 = EDGE_CURVE('',#2052,#2075,#2085,.T.);
#2085 = HYPERBOLA('',#2086,0.604651162791,0.5);
#2086 = AXIS2_PLACEMENT_3D('',#2087,#2088,#2089);
#2087 = CARTESIAN_POINT('',(72.56,61.420465116279,184.74));
#2088 = DIRECTION('',(0.,0.,1.));
#2089 = DIRECTION('',(-0.,1.,0.));
#2090 = PLANE('',#2091);
#2091 = AXIS2_PLACEMENT_3D('',#2092,#2093,#2094);
#2092 = CARTESIAN_POINT('',(66.66,12.5,184.74));
#2093 = DIRECTION('',(0.,0.,1.));
#2094 = DIRECTION('',(1.,0.,-0.));
#2095 = ADVANCED_FACE('',(#2096),#2125,.F.);
#2096 = FACE_BOUND('',#2097,.F.);
#2097 = EDGE_LOOP('',(#2098,#2106,#2115,#2122,#2123,#2124));
#2098 = ORIENTED_EDGE('',*,*,#2099,.F.);
#2099 = EDGE_CURVE('',#2100,#1165,#2102,.T.);
#2100 = VERTEX_POINT('',#2101);
#2101 = CARTESIAN_POINT('',(70.520392194563,63.96,184.74));
#2102 = LINE('',#2103,#2104);
#2103 = CARTESIAN_POINT('',(70.520392194563,63.96,184.74));
#2104 = VECTOR('',#2105,1.);
#2105 = DIRECTION('',(0.,-1.,0.));
#2106 = ORIENTED_EDGE('',*,*,#2107,.T.);
#2107 = EDGE_CURVE('',#2100,#2108,#2110,.T.);
#2108 = VERTEX_POINT('',#2109);
#2109 = CARTESIAN_POINT('',(72.56,63.96,183.14));
#2110 = CIRCLE('',#2111,2.1);
#2111 = AXIS2_PLACEMENT_3D('',#2112,#2113,#2114);
#2112 = CARTESIAN_POINT('',(72.56,63.96,185.24));
#2113 = DIRECTION('',(0.,-1.,0.));
#2114 = DIRECTION('',(0.,-0.,-1.));
#2115 = ORIENTED_EDGE('',*,*,#2116,.T.);
#2116 = EDGE_CURVE('',#2108,#2075,#2117,.T.);
#2117 = CIRCLE('',#2118,2.1);
#2118 = AXIS2_PLACEMENT_3D('',#2119,#2120,#2121);
#2119 = CARTESIAN_POINT('',(72.56,63.96,185.24));
#2120 = DIRECTION('',(0.,-1.,0.));
#2121 = DIRECTION('',(0.,-0.,-1.));
#2122 = ORIENTED_EDGE('',*,*,#2074,.T.);
#2123 = ORIENTED_EDGE('',*,*,#1181,.F.);
#2124 = ORIENTED_EDGE('',*,*,#1172,.F.);
#2125 = CYLINDRICAL_SURFACE('',#2126,2.1);
#2126 = AXIS2_PLACEMENT_3D('',#2127,#2128,#2129);
#2127 = CARTESIAN_POINT('',(72.56,63.96,185.24));
#2128 = DIRECTION('',(0.,-1.,0.));
#2129 = DIRECTION('',(0.,-0.,-1.));
#2130 = ADVANCED_FACE('',(#2131),#2151,.T.);
#2131 = FACE_BOUND('',#2132,.T.);
#2132 = EDGE_LOOP('',(#2133,#2139,#2140,#2141,#2142,#2149,#2150));
#2133 = ORIENTED_EDGE('',*,*,#2134,.F.);
#2134 = EDGE_CURVE('',#1932,#1637,#2135,.T.);
#2135 = LINE('',#2136,#2137);
#2136 = CARTESIAN_POINT('',(67.16,63.56,184.74));
#2137 = VECTOR('',#2138,1.);
#2138 = DIRECTION('',(1.,0.,-0.));
#2139 = ORIENTED_EDGE('',*,*,#1931,.T.);
#2140 = ORIENTED_EDGE('',*,*,#1164,.T.);
#2141 = ORIENTED_EDGE('',*,*,#2099,.F.);
#2142 = ORIENTED_EDGE('',*,*,#2143,.T.);
#2143 = EDGE_CURVE('',#2100,#1333,#2144,.T.);
#2144 = HYPERBOLA('',#2145,0.604651162791,0.5);
#2145 = AXIS2_PLACEMENT_3D('',#2146,#2147,#2148);
#2146 = CARTESIAN_POINT('',(72.56,61.420465116279,184.74));
#2147 = DIRECTION('',(0.,0.,1.));
#2148 = DIRECTION('',(-0.,1.,0.));
#2149 = ORIENTED_EDGE('',*,*,#1332,.F.);
#2150 = ORIENTED_EDGE('',*,*,#1636,.F.);
#2151 = PLANE('',#2152);
#2152 = AXIS2_PLACEMENT_3D('',#2153,#2154,#2155);
#2153 = CARTESIAN_POINT('',(66.66,12.5,184.74));
#2154 = DIRECTION('',(0.,0.,1.));
#2155 = DIRECTION('',(1.,0.,-0.));
#2156 = ADVANCED_FACE('',(#2157),#2175,.T.);
#2157 = FACE_BOUND('',#2158,.T.);
#2158 = EDGE_LOOP('',(#2159,#2167,#2168,#2169));
#2159 = ORIENTED_EDGE('',*,*,#2160,.F.);
#2160 = EDGE_CURVE('',#1731,#2161,#2163,.T.);
#2161 = VERTEX_POINT('',#2162);
#2162 = CARTESIAN_POINT('',(69.66,63.86,7.5));
#2163 = LINE('',#2164,#2165);
#2164 = CARTESIAN_POINT('',(69.66,63.86,-2.5));
#2165 = VECTOR('',#2166,1.);
#2166 = DIRECTION('',(0.,0.,1.));
#2167 = ORIENTED_EDGE('',*,*,#1738,.T.);
#2168 = ORIENTED_EDGE('',*,*,#1293,.F.);
#2169 = ORIENTED_EDGE('',*,*,#2170,.F.);
#2170 = EDGE_CURVE('',#2161,#1286,#2171,.T.);
#2171 = LINE('',#2172,#2173);
#2172 = CARTESIAN_POINT('',(69.66,63.86,7.5));
#2173 = VECTOR('',#2174,1.);
#2174 = DIRECTION('',(-0.,1.,0.));
#2175 = PLANE('',#2176);
#2176 = AXIS2_PLACEMENT_3D('',#2177,#2178,#2179);
#2177 = CARTESIAN_POINT('',(69.66,63.86,-2.5));
#2178 = DIRECTION('',(1.,0.,-0.));
#2179 = DIRECTION('',(0.,0.,1.));
#2180 = ADVANCED_FACE('',(#2181),#2199,.F.);
#2181 = FACE_BOUND('',#2182,.F.);
#2182 = EDGE_LOOP('',(#2183,#2184,#2192,#2198));
#2183 = ORIENTED_EDGE('',*,*,#2170,.F.);
#2184 = ORIENTED_EDGE('',*,*,#2185,.T.);
#2185 = EDGE_CURVE('',#2161,#2186,#2188,.T.);
#2186 = VERTEX_POINT('',#2187);
#2187 = CARTESIAN_POINT('',(149.66,63.86,7.5));
#2188 = LINE('',#2189,#2190);
#2189 = CARTESIAN_POINT('',(69.66,63.86,7.5));
#2190 = VECTOR('',#2191,1.);
#2191 = DIRECTION('',(1.,0.,-0.));
#2192 = ORIENTED_EDGE('',*,*,#2193,.T.);
#2193 = EDGE_CURVE('',#2186,#1278,#2194,.T.);
#2194 = LINE('',#2195,#2196);
#2195 = CARTESIAN_POINT('',(149.66,63.86,7.5));
#2196 = VECTOR('',#2197,1.);
#2197 = DIRECTION('',(-0.,1.,0.));
#2198 = ORIENTED_EDGE('',*,*,#1285,.F.);
#2199 = PLANE('',#2200);
#2200 = AXIS2_PLACEMENT_3D('',#2201,#2202,#2203);
#2201 = CARTESIAN_POINT('',(69.66,63.86,7.5));
#2202 = DIRECTION('',(0.,0.,1.));
#2203 = DIRECTION('',(1.,0.,-0.));
#2204 = ADVANCED_FACE('',(#2205),#2216,.F.);
#2205 = FACE_BOUND('',#2206,.F.);
#2206 = EDGE_LOOP('',(#2207,#2213,#2214,#2215));
#2207 = ORIENTED_EDGE('',*,*,#2208,.F.);
#2208 = EDGE_CURVE('',#1723,#2186,#2209,.T.);
#2209 = LINE('',#2210,#2211);
#2210 = CARTESIAN_POINT('',(149.66,63.86,-2.5));
#2211 = VECTOR('',#2212,1.);
#2212 = DIRECTION('',(0.,0.,1.));
#2213 = ORIENTED_EDGE('',*,*,#1722,.T.);
#2214 = ORIENTED_EDGE('',*,*,#1277,.F.);
#2215 = ORIENTED_EDGE('',*,*,#2193,.F.);
#2216 = PLANE('',#2217);
#2217 = AXIS2_PLACEMENT_3D('',#2218,#2219,#2220);
#2218 = CARTESIAN_POINT('',(149.66,63.86,-2.5));
#2219 = DIRECTION('',(1.,0.,-0.));
#2220 = DIRECTION('',(0.,0.,1.));
#2221 = ADVANCED_FACE('',(#2222),#2234,.F.);
#2222 = FACE_BOUND('',#2223,.F.);
#2223 = EDGE_LOOP('',(#2224,#2225,#2231,#2232,#2233));
#2224 = ORIENTED_EDGE('',*,*,#2116,.F.);
#2225 = ORIENTED_EDGE('',*,*,#2226,.F.);
#2226 = EDGE_CURVE('',#1341,#2108,#2227,.T.);
#2227 = LINE('',#2228,#2229);
#2228 = CARTESIAN_POINT('',(72.56,66.56,180.99));
#2229 = VECTOR('',#2230,1.);
#2230 = DIRECTION('',(1.560847516868E-16,-0.770645272311,0.637264359795)
  );
#2231 = ORIENTED_EDGE('',*,*,#1349,.T.);
#2232 = ORIENTED_EDGE('',*,*,#2051,.T.);
#2233 = ORIENTED_EDGE('',*,*,#2084,.T.);
#2234 = CONICAL_SURFACE('',#2235,4.25,0.690943228002);
#2235 = AXIS2_PLACEMENT_3D('',#2236,#2237,#2238);
#2236 = CARTESIAN_POINT('',(72.56,66.56,185.24));
#2237 = DIRECTION('',(-0.,1.,-0.));
#2238 = DIRECTION('',(0.,-0.,-1.));
#2239 = ADVANCED_FACE('',(#2240),#2246,.F.);
#2240 = FACE_BOUND('',#2241,.F.);
#2241 = EDGE_LOOP('',(#2242,#2243,#2244,#2245));
#2242 = ORIENTED_EDGE('',*,*,#2226,.T.);
#2243 = ORIENTED_EDGE('',*,*,#2107,.F.);
#2244 = ORIENTED_EDGE('',*,*,#2143,.T.);
#2245 = ORIENTED_EDGE('',*,*,#1340,.T.);
#2246 = CONICAL_SURFACE('',#2247,4.25,0.690943228002);
#2247 = AXIS2_PLACEMENT_3D('',#2248,#2249,#2250);
#2248 = CARTESIAN_POINT('',(72.56,66.56,185.24));
#2249 = DIRECTION('',(-0.,1.,-0.));
#2250 = DIRECTION('',(0.,-0.,-1.));
#2251 = ADVANCED_FACE('',(#2252),#2270,.T.);
#2252 = FACE_BOUND('',#2253,.T.);
#2253 = EDGE_LOOP('',(#2254,#2255,#2256,#2264));
#2254 = ORIENTED_EDGE('',*,*,#1581,.F.);
#2255 = ORIENTED_EDGE('',*,*,#1509,.T.);
#2256 = ORIENTED_EDGE('',*,*,#2257,.T.);
#2257 = EDGE_CURVE('',#1502,#2258,#2260,.T.);
#2258 = VERTEX_POINT('',#2259);
#2259 = CARTESIAN_POINT('',(124.66,59.3,189.24));
#2260 = LINE('',#2261,#2262);
#2261 = CARTESIAN_POINT('',(124.66,59.3,184.24));
#2262 = VECTOR('',#2263,1.);
#2263 = DIRECTION('',(0.,0.,1.));
#2264 = ORIENTED_EDGE('',*,*,#2265,.F.);
#2265 = EDGE_CURVE('',#1574,#2258,#2266,.T.);
#2266 = LINE('',#2267,#2268);
#2267 = CARTESIAN_POINT('',(124.66,3.,189.24));
#2268 = VECTOR('',#2269,1.);
#2269 = DIRECTION('',(-0.,1.,0.));
#2270 = PLANE('',#2271);
#2271 = AXIS2_PLACEMENT_3D('',#2272,#2273,#2274);
#2272 = CARTESIAN_POINT('',(124.66,3.,184.24));
#2273 = DIRECTION('',(1.,0.,-0.));
#2274 = DIRECTION('',(0.,0.,1.));
#2275 = ADVANCED_FACE('',(#2276),#2294,.T.);
#2276 = FACE_BOUND('',#2277,.T.);
#2277 = EDGE_LOOP('',(#2278,#2279,#2287,#2293));
#2278 = ORIENTED_EDGE('',*,*,#1501,.F.);
#2279 = ORIENTED_EDGE('',*,*,#2280,.T.);
#2280 = EDGE_CURVE('',#1494,#2281,#2283,.T.);
#2281 = VERTEX_POINT('',#2282);
#2282 = CARTESIAN_POINT('',(121.66,59.3,189.24));
#2283 = LINE('',#2284,#2285);
#2284 = CARTESIAN_POINT('',(121.66,59.3,184.24));
#2285 = VECTOR('',#2286,1.);
#2286 = DIRECTION('',(0.,0.,1.));
#2287 = ORIENTED_EDGE('',*,*,#2288,.T.);
#2288 = EDGE_CURVE('',#2281,#2258,#2289,.T.);
#2289 = LINE('',#2290,#2291);
#2290 = CARTESIAN_POINT('',(121.66,59.3,189.24));
#2291 = VECTOR('',#2292,1.);
#2292 = DIRECTION('',(1.,0.,-0.));
#2293 = ORIENTED_EDGE('',*,*,#2257,.F.);
#2294 = PLANE('',#2295);
#2295 = AXIS2_PLACEMENT_3D('',#2296,#2297,#2298);
#2296 = CARTESIAN_POINT('',(121.66,59.3,184.24));
#2297 = DIRECTION('',(-0.,1.,0.));
#2298 = DIRECTION('',(0.,0.,1.));
#2299 = ADVANCED_FACE('',(#2300),#2311,.F.);
#2300 = FACE_BOUND('',#2301,.F.);
#2301 = EDGE_LOOP('',(#2302,#2303,#2304,#2305));
#2302 = ORIENTED_EDGE('',*,*,#1565,.F.);
#2303 = ORIENTED_EDGE('',*,*,#1493,.T.);
#2304 = ORIENTED_EDGE('',*,*,#2280,.T.);
#2305 = ORIENTED_EDGE('',*,*,#2306,.F.);
#2306 = EDGE_CURVE('',#1566,#2281,#2307,.T.);
#2307 = LINE('',#2308,#2309);
#2308 = CARTESIAN_POINT('',(121.66,3.,189.24));
#2309 = VECTOR('',#2310,1.);
#2310 = DIRECTION('',(-0.,1.,0.));
#2311 = PLANE('',#2312);
#2312 = AXIS2_PLACEMENT_3D('',#2313,#2314,#2315);
#2313 = CARTESIAN_POINT('',(121.66,3.,184.24));
#2314 = DIRECTION('',(1.,0.,-0.));
#2315 = DIRECTION('',(0.,0.,1.));
#2316 = ADVANCED_FACE('',(#2317),#2335,.T.);
#2317 = FACE_BOUND('',#2318,.T.);
#2318 = EDGE_LOOP('',(#2319,#2320,#2321,#2329));
#2319 = ORIENTED_EDGE('',*,*,#1558,.F.);
#2320 = ORIENTED_EDGE('',*,*,#1477,.T.);
#2321 = ORIENTED_EDGE('',*,*,#2322,.T.);
#2322 = EDGE_CURVE('',#1470,#2323,#2325,.T.);
#2323 = VERTEX_POINT('',#2324);
#2324 = CARTESIAN_POINT('',(97.66,59.3,189.24));
#2325 = LINE('',#2326,#2327);
#2326 = CARTESIAN_POINT('',(97.66,59.3,184.24));
#2327 = VECTOR('',#2328,1.);
#2328 = DIRECTION('',(0.,0.,1.));
#2329 = ORIENTED_EDGE('',*,*,#2330,.F.);
#2330 = EDGE_CURVE('',#1551,#2323,#2331,.T.);
#2331 = LINE('',#2332,#2333);
#2332 = CARTESIAN_POINT('',(97.66,3.,189.24));
#2333 = VECTOR('',#2334,1.);
#2334 = DIRECTION('',(-0.,1.,0.));
#2335 = PLANE('',#2336);
#2336 = AXIS2_PLACEMENT_3D('',#2337,#2338,#2339);
#2337 = CARTESIAN_POINT('',(97.66,3.,184.24));
#2338 = DIRECTION('',(1.,0.,-0.));
#2339 = DIRECTION('',(0.,0.,1.));
#2340 = ADVANCED_FACE('',(#2341),#2359,.T.);
#2341 = FACE_BOUND('',#2342,.T.);
#2342 = EDGE_LOOP('',(#2343,#2344,#2352,#2358));
#2343 = ORIENTED_EDGE('',*,*,#1469,.F.);
#2344 = ORIENTED_EDGE('',*,*,#2345,.T.);
#2345 = EDGE_CURVE('',#1462,#2346,#2348,.T.);
#2346 = VERTEX_POINT('',#2347);
#2347 = CARTESIAN_POINT('',(94.66,59.3,189.24));
#2348 = LINE('',#2349,#2350);
#2349 = CARTESIAN_POINT('',(94.66,59.3,184.24));
#2350 = VECTOR('',#2351,1.);
#2351 = DIRECTION('',(0.,0.,1.));
#2352 = ORIENTED_EDGE('',*,*,#2353,.T.);
#2353 = EDGE_CURVE('',#2346,#2323,#2354,.T.);
#2354 = LINE('',#2355,#2356);
#2355 = CARTESIAN_POINT('',(94.66,59.3,189.24));
#2356 = VECTOR('',#2357,1.);
#2357 = DIRECTION('',(1.,0.,-0.));
#2358 = ORIENTED_EDGE('',*,*,#2322,.F.);
#2359 = PLANE('',#2360);
#2360 = AXIS2_PLACEMENT_3D('',#2361,#2362,#2363);
#2361 = CARTESIAN_POINT('',(94.66,59.3,184.24));
#2362 = DIRECTION('',(-0.,1.,0.));
#2363 = DIRECTION('',(0.,0.,1.));
#2364 = ADVANCED_FACE('',(#2365),#2376,.F.);
#2365 = FACE_BOUND('',#2366,.F.);
#2366 = EDGE_LOOP('',(#2367,#2368,#2369,#2370));
#2367 = ORIENTED_EDGE('',*,*,#1542,.F.);
#2368 = ORIENTED_EDGE('',*,*,#1461,.T.);
#2369 = ORIENTED_EDGE('',*,*,#2345,.T.);
#2370 = ORIENTED_EDGE('',*,*,#2371,.F.);
#2371 = EDGE_CURVE('',#1543,#2346,#2372,.T.);
#2372 = LINE('',#2373,#2374);
#2373 = CARTESIAN_POINT('',(94.66,3.,189.24));
#2374 = VECTOR('',#2375,1.);
#2375 = DIRECTION('',(-0.,1.,0.));
#2376 = PLANE('',#2377);
#2377 = AXIS2_PLACEMENT_3D('',#2378,#2379,#2380);
#2378 = CARTESIAN_POINT('',(94.66,3.,184.24));
#2379 = DIRECTION('',(1.,0.,-0.));
#2380 = DIRECTION('',(0.,0.,1.));
#2381 = ADVANCED_FACE('',(#2382),#2388,.T.);
#2382 = FACE_BOUND('',#2383,.T.);
#2383 = EDGE_LOOP('',(#2384,#2385,#2386,#2387));
#2384 = ORIENTED_EDGE('',*,*,#2306,.F.);
#2385 = ORIENTED_EDGE('',*,*,#1573,.T.);
#2386 = ORIENTED_EDGE('',*,*,#2265,.T.);
#2387 = ORIENTED_EDGE('',*,*,#2288,.F.);
#2388 = PLANE('',#2389);
#2389 = AXIS2_PLACEMENT_3D('',#2390,#2391,#2392);
#2390 = CARTESIAN_POINT('',(121.66,3.,189.24));
#2391 = DIRECTION('',(0.,0.,1.));
#2392 = DIRECTION('',(1.,0.,-0.));
#2393 = ADVANCED_FACE('',(#2394),#2400,.T.);
#2394 = FACE_BOUND('',#2395,.T.);
#2395 = EDGE_LOOP('',(#2396,#2397,#2398,#2399));
#2396 = ORIENTED_EDGE('',*,*,#2371,.F.);
#2397 = ORIENTED_EDGE('',*,*,#1550,.T.);
#2398 = ORIENTED_EDGE('',*,*,#2330,.T.);
#2399 = ORIENTED_EDGE('',*,*,#2353,.F.);
#2400 = PLANE('',#2401);
#2401 = AXIS2_PLACEMENT_3D('',#2402,#2403,#2404);
#2402 = CARTESIAN_POINT('',(94.66,3.,189.24));
#2403 = DIRECTION('',(0.,0.,1.));
#2404 = DIRECTION('',(1.,0.,-0.));
#2405 = ADVANCED_FACE('',(#2406),#2411,.F.);
#2406 = FACE_BOUND('',#2407,.F.);
#2407 = EDGE_LOOP('',(#2408,#2409,#2410));
#2408 = ORIENTED_EDGE('',*,*,#1644,.F.);
#2409 = ORIENTED_EDGE('',*,*,#2134,.F.);
#2410 = ORIENTED_EDGE('',*,*,#1939,.T.);
#2411 = PLANE('',#2412);
#2412 = AXIS2_PLACEMENT_3D('',#2413,#2414,#2415);
#2413 = CARTESIAN_POINT('',(67.66,63.56,3.));
#2414 = DIRECTION('',(-0.,1.,0.));
#2415 = DIRECTION('',(0.,0.,1.));
#2416 = ADVANCED_FACE('',(#2417),#2423,.T.);
#2417 = FACE_BOUND('',#2418,.T.);
#2418 = EDGE_LOOP('',(#2419,#2420,#2421,#2422));
#2419 = ORIENTED_EDGE('',*,*,#2208,.F.);
#2420 = ORIENTED_EDGE('',*,*,#1730,.T.);
#2421 = ORIENTED_EDGE('',*,*,#2160,.T.);
#2422 = ORIENTED_EDGE('',*,*,#2185,.T.);
#2423 = PLANE('',#2424);
#2424 = AXIS2_PLACEMENT_3D('',#2425,#2426,#2427);
#2425 = CARTESIAN_POINT('',(69.66,63.86,-2.5));
#2426 = DIRECTION('',(-0.,1.,0.));
#2427 = DIRECTION('',(0.,0.,1.));
#2428 = ADVANCED_FACE('',(#2429),#2448,.F.);
#2429 = FACE_BOUND('',#2430,.F.);
#2430 = EDGE_LOOP('',(#2431,#2439,#2446,#2447));
#2431 = ORIENTED_EDGE('',*,*,#2432,.T.);
#2432 = EDGE_CURVE('',#1781,#2433,#2435,.T.);
#2433 = VERTEX_POINT('',#2434);
#2434 = CARTESIAN_POINT('',(67.36,18.,25.7));
#2435 = LINE('',#2436,#2437);
#2436 = CARTESIAN_POINT('',(62.66,18.,25.7));
#2437 = VECTOR('',#2438,1.);
#2438 = DIRECTION('',(1.,0.,0.));
#2439 = ORIENTED_EDGE('',*,*,#2440,.F.);
#2440 = EDGE_CURVE('',#2433,#2433,#2441,.T.);
#2441 = CIRCLE('',#2442,1.7);
#2442 = AXIS2_PLACEMENT_3D('',#2443,#2444,#2445);
#2443 = CARTESIAN_POINT('',(67.36,18.,24.));
#2444 = DIRECTION('',(1.,0.,0.));
#2445 = DIRECTION('',(-0.,0.,1.));
#2446 = ORIENTED_EDGE('',*,*,#2432,.F.);
#2447 = ORIENTED_EDGE('',*,*,#1780,.T.);
#2448 = CYLINDRICAL_SURFACE('',#2449,1.7);
#2449 = AXIS2_PLACEMENT_3D('',#2450,#2451,#2452);
#2450 = CARTESIAN_POINT('',(62.66,18.,24.));
#2451 = DIRECTION('',(1.,0.,0.));
#2452 = DIRECTION('',(-0.,0.,1.));
#2453 = ADVANCED_FACE('',(#2454),#2473,.F.);
#2454 = FACE_BOUND('',#2455,.F.);
#2455 = EDGE_LOOP('',(#2456,#2464,#2471,#2472));
#2456 = ORIENTED_EDGE('',*,*,#2457,.T.);
#2457 = EDGE_CURVE('',#1792,#2458,#2460,.T.);
#2458 = VERTEX_POINT('',#2459);
#2459 = CARTESIAN_POINT('',(67.36,18.,36.2));
#2460 = LINE('',#2461,#2462);
#2461 = CARTESIAN_POINT('',(62.66,18.,36.2));
#2462 = VECTOR('',#2463,1.);
#2463 = DIRECTION('',(1.,0.,0.));
#2464 = ORIENTED_EDGE('',*,*,#2465,.F.);
#2465 = EDGE_CURVE('',#2458,#2458,#2466,.T.);
#2466 = CIRCLE('',#2467,1.7);
#2467 = AXIS2_PLACEMENT_3D('',#2468,#2469,#2470);
#2468 = CARTESIAN_POINT('',(67.36,18.,34.5));
#2469 = DIRECTION('',(1.,0.,0.));
#2470 = DIRECTION('',(-0.,0.,1.));
#2471 = ORIENTED_EDGE('',*,*,#2457,.F.);
#2472 = ORIENTED_EDGE('',*,*,#1791,.T.);
#2473 = CYLINDRICAL_SURFACE('',#2474,1.7);
#2474 = AXIS2_PLACEMENT_3D('',#2475,#2476,#2477);
#2475 = CARTESIAN_POINT('',(62.66,18.,34.5));
#2476 = DIRECTION('',(1.,0.,0.));
#2477 = DIRECTION('',(-0.,0.,1.));
#2478 = ADVANCED_FACE('',(#2479),#2498,.F.);
#2479 = FACE_BOUND('',#2480,.F.);
#2480 = EDGE_LOOP('',(#2481,#2489,#2496,#2497));
#2481 = ORIENTED_EDGE('',*,*,#2482,.T.);
#2482 = EDGE_CURVE('',#1803,#2483,#2485,.T.);
#2483 = VERTEX_POINT('',#2484);
#2484 = CARTESIAN_POINT('',(67.36,18.,111.82));
#2485 = LINE('',#2486,#2487);
#2486 = CARTESIAN_POINT('',(62.66,18.,111.82));
#2487 = VECTOR('',#2488,1.);
#2488 = DIRECTION('',(1.,0.,0.));
#2489 = ORIENTED_EDGE('',*,*,#2490,.F.);
#2490 = EDGE_CURVE('',#2483,#2483,#2491,.T.);
#2491 = CIRCLE('',#2492,1.7);
#2492 = AXIS2_PLACEMENT_3D('',#2493,#2494,#2495);
#2493 = CARTESIAN_POINT('',(67.36,18.,110.12));
#2494 = DIRECTION('',(1.,0.,0.));
#2495 = DIRECTION('',(-0.,0.,1.));
#2496 = ORIENTED_EDGE('',*,*,#2482,.F.);
#2497 = ORIENTED_EDGE('',*,*,#1802,.T.);
#2498 = CYLINDRICAL_SURFACE('',#2499,1.7);
#2499 = AXIS2_PLACEMENT_3D('',#2500,#2501,#2502);
#2500 = CARTESIAN_POINT('',(62.66,18.,110.12));
#2501 = DIRECTION('',(1.,0.,0.));
#2502 = DIRECTION('',(-0.,0.,1.));
#2503 = ADVANCED_FACE('',(#2504),#2523,.F.);
#2504 = FACE_BOUND('',#2505,.F.);
#2505 = EDGE_LOOP('',(#2506,#2514,#2521,#2522));
#2506 = ORIENTED_EDGE('',*,*,#2507,.T.);
#2507 = EDGE_CURVE('',#1814,#2508,#2510,.T.);
#2508 = VERTEX_POINT('',#2509);
#2509 = CARTESIAN_POINT('',(67.36,18.,180.94));
#2510 = LINE('',#2511,#2512);
#2511 = CARTESIAN_POINT('',(62.66,18.,180.94));
#2512 = VECTOR('',#2513,1.);
#2513 = DIRECTION('',(1.,0.,0.));
#2514 = ORIENTED_EDGE('',*,*,#2515,.F.);
#2515 = EDGE_CURVE('',#2508,#2508,#2516,.T.);
#2516 = CIRCLE('',#2517,1.7);
#2517 = AXIS2_PLACEMENT_3D('',#2518,#2519,#2520);
#2518 = CARTESIAN_POINT('',(67.36,18.,179.24));
#2519 = DIRECTION('',(1.,0.,0.));
#2520 = DIRECTION('',(-0.,0.,1.));
#2521 = ORIENTED_EDGE('',*,*,#2507,.F.);
#2522 = ORIENTED_EDGE('',*,*,#1813,.T.);
#2523 = CYLINDRICAL_SURFACE('',#2524,1.7);
#2524 = AXIS2_PLACEMENT_3D('',#2525,#2526,#2527);
#2525 = CARTESIAN_POINT('',(62.66,18.,179.24));
#2526 = DIRECTION('',(1.,0.,0.));
#2527 = DIRECTION('',(-0.,0.,1.));
#2528 = ADVANCED_FACE('',(#2529),#2540,.F.);
#2529 = FACE_BOUND('',#2530,.F.);
#2530 = EDGE_LOOP('',(#2531,#2532,#2538,#2539));
#2531 = ORIENTED_EDGE('',*,*,#1836,.F.);
#2532 = ORIENTED_EDGE('',*,*,#2533,.F.);
#2533 = EDGE_CURVE('',#1975,#1837,#2534,.T.);
#2534 = LINE('',#2535,#2536);
#2535 = CARTESIAN_POINT('',(94.96,14.,195.24));
#2536 = VECTOR('',#2537,1.);
#2537 = DIRECTION('',(0.,0.,1.));
#2538 = ORIENTED_EDGE('',*,*,#1974,.T.);
#2539 = ORIENTED_EDGE('',*,*,#2533,.T.);
#2540 = CYLINDRICAL_SURFACE('',#2541,1.3);
#2541 = AXIS2_PLACEMENT_3D('',#2542,#2543,#2544);
#2542 = CARTESIAN_POINT('',(93.66,14.,195.24));
#2543 = DIRECTION('',(0.,0.,1.));
#2544 = DIRECTION('',(1.,0.,-0.));
#2545 = ADVANCED_FACE('',(#2546),#2557,.F.);
#2546 = FACE_BOUND('',#2547,.F.);
#2547 = EDGE_LOOP('',(#2548,#2549,#2555,#2556));
#2548 = ORIENTED_EDGE('',*,*,#1847,.F.);
#2549 = ORIENTED_EDGE('',*,*,#2550,.F.);
#2550 = EDGE_CURVE('',#1986,#1848,#2551,.T.);
#2551 = LINE('',#2552,#2553);
#2552 = CARTESIAN_POINT('',(102.96,14.,195.24));
#2553 = VECTOR('',#2554,1.);
#2554 = DIRECTION('',(0.,0.,1.));
#2555 = ORIENTED_EDGE('',*,*,#1985,.T.);
#2556 = ORIENTED_EDGE('',*,*,#2550,.T.);
#2557 = CYLINDRICAL_SURFACE('',#2558,1.3);
#2558 = AXIS2_PLACEMENT_3D('',#2559,#2560,#2561);
#2559 = CARTESIAN_POINT('',(101.66,14.,195.24));
#2560 = DIRECTION('',(0.,0.,1.));
#2561 = DIRECTION('',(1.,0.,-0.));
#2562 = ADVANCED_FACE('',(#2563),#2574,.F.);
#2563 = FACE_BOUND('',#2564,.F.);
#2564 = EDGE_LOOP('',(#2565,#2566,#2572,#2573));
#2565 = ORIENTED_EDGE('',*,*,#1858,.F.);
#2566 = ORIENTED_EDGE('',*,*,#2567,.F.);
#2567 = EDGE_CURVE('',#1997,#1859,#2568,.T.);
#2568 = LINE('',#2569,#2570);
#2569 = CARTESIAN_POINT('',(110.96,14.,195.24));
#2570 = VECTOR('',#2571,1.);
#2571 = DIRECTION('',(0.,0.,1.));
#2572 = ORIENTED_EDGE('',*,*,#1996,.T.);
#2573 = ORIENTED_EDGE('',*,*,#2567,.T.);
#2574 = CYLINDRICAL_SURFACE('',#2575,1.3);
#2575 = AXIS2_PLACEMENT_3D('',#2576,#2577,#2578);
#2576 = CARTESIAN_POINT('',(109.66,14.,195.24));
#2577 = DIRECTION('',(0.,0.,1.));
#2578 = DIRECTION('',(1.,0.,-0.));
#2579 = ADVANCED_FACE('',(#2580),#2591,.F.);
#2580 = FACE_BOUND('',#2581,.F.);
#2581 = EDGE_LOOP('',(#2582,#2583,#2589,#2590));
#2582 = ORIENTED_EDGE('',*,*,#1869,.F.);
#2583 = ORIENTED_EDGE('',*,*,#2584,.F.);
#2584 = EDGE_CURVE('',#2008,#1870,#2585,.T.);
#2585 = LINE('',#2586,#2587);
#2586 = CARTESIAN_POINT('',(118.96,14.,195.24));
#2587 = VECTOR('',#2588,1.);
#2588 = DIRECTION('',(0.,0.,1.));
#2589 = ORIENTED_EDGE('',*,*,#2007,.T.);
#2590 = ORIENTED_EDGE('',*,*,#2584,.T.);
#2591 = CYLINDRICAL_SURFACE('',#2592,1.3);
#2592 = AXIS2_PLACEMENT_3D('',#2593,#2594,#2595);
#2593 = CARTESIAN_POINT('',(117.66,14.,195.24));
#2594 = DIRECTION('',(0.,0.,1.));
#2595 = DIRECTION('',(1.,0.,-0.));
#2596 = ADVANCED_FACE('',(#2597),#2608,.F.);
#2597 = FACE_BOUND('',#2598,.F.);
#2598 = EDGE_LOOP('',(#2599,#2600,#2606,#2607));
#2599 = ORIENTED_EDGE('',*,*,#1880,.F.);
#2600 = ORIENTED_EDGE('',*,*,#2601,.F.);
#2601 = EDGE_CURVE('',#2019,#1881,#2602,.T.);
#2602 = LINE('',#2603,#2604);
#2603 = CARTESIAN_POINT('',(126.96,14.,195.24));
#2604 = VECTOR('',#2605,1.);
#2605 = DIRECTION('',(0.,0.,1.));
#2606 = ORIENTED_EDGE('',*,*,#2018,.T.);
#2607 = ORIENTED_EDGE('',*,*,#2601,.T.);
#2608 = CYLINDRICAL_SURFACE('',#2609,1.3);
#2609 = AXIS2_PLACEMENT_3D('',#2610,#2611,#2612);
#2610 = CARTESIAN_POINT('',(125.66,14.,195.24));
#2611 = DIRECTION('',(0.,0.,1.));
#2612 = DIRECTION('',(1.,0.,-0.));
#2613 = ADVANCED_FACE('',(#2614,#2625),#2628,.T.);
#2614 = FACE_BOUND('',#2615,.T.);
#2615 = EDGE_LOOP('',(#2616));
#2616 = ORIENTED_EDGE('',*,*,#2617,.T.);
#2617 = EDGE_CURVE('',#2618,#2618,#2620,.T.);
#2618 = VERTEX_POINT('',#2619);
#2619 = CARTESIAN_POINT('',(67.36,18.,26.));
#2620 = CIRCLE('',#2621,2.);
#2621 = AXIS2_PLACEMENT_3D('',#2622,#2623,#2624);
#2622 = CARTESIAN_POINT('',(67.36,18.,24.));
#2623 = DIRECTION('',(1.,0.,0.));
#2624 = DIRECTION('',(-0.,0.,1.));
#2625 = FACE_BOUND('',#2626,.T.);
#2626 = EDGE_LOOP('',(#2627));
#2627 = ORIENTED_EDGE('',*,*,#2440,.F.);
#2628 = PLANE('',#2629);
#2629 = AXIS2_PLACEMENT_3D('',#2630,#2631,#2632);
#2630 = CARTESIAN_POINT('',(67.36,18.,24.));
#2631 = DIRECTION('',(1.,0.,0.));
#2632 = DIRECTION('',(-0.,0.,1.));
#2633 = ADVANCED_FACE('',(#2634,#2645),#2648,.T.);
#2634 = FACE_BOUND('',#2635,.T.);
#2635 = EDGE_LOOP('',(#2636));
#2636 = ORIENTED_EDGE('',*,*,#2637,.T.);
#2637 = EDGE_CURVE('',#2638,#2638,#2640,.T.);
#2638 = VERTEX_POINT('',#2639);
#2639 = CARTESIAN_POINT('',(67.36,18.,36.5));
#2640 = CIRCLE('',#2641,2.);
#2641 = AXIS2_PLACEMENT_3D('',#2642,#2643,#2644);
#2642 = CARTESIAN_POINT('',(67.36,18.,34.5));
#2643 = DIRECTION('',(1.,0.,0.));
#2644 = DIRECTION('',(-0.,0.,1.));
#2645 = FACE_BOUND('',#2646,.T.);
#2646 = EDGE_LOOP('',(#2647));
#2647 = ORIENTED_EDGE('',*,*,#2465,.F.);
#2648 = PLANE('',#2649);
#2649 = AXIS2_PLACEMENT_3D('',#2650,#2651,#2652);
#2650 = CARTESIAN_POINT('',(67.36,18.,34.5));
#2651 = DIRECTION('',(1.,0.,0.));
#2652 = DIRECTION('',(-0.,0.,1.));
#2653 = ADVANCED_FACE('',(#2654,#2665),#2668,.T.);
#2654 = FACE_BOUND('',#2655,.T.);
#2655 = EDGE_LOOP('',(#2656));
#2656 = ORIENTED_EDGE('',*,*,#2657,.T.);
#2657 = EDGE_CURVE('',#2658,#2658,#2660,.T.);
#2658 = VERTEX_POINT('',#2659);
#2659 = CARTESIAN_POINT('',(67.36,18.,112.12));
#2660 = CIRCLE('',#2661,2.);
#2661 = AXIS2_PLACEMENT_3D('',#2662,#2663,#2664);
#2662 = CARTESIAN_POINT('',(67.36,18.,110.12));
#2663 = DIRECTION('',(1.,0.,0.));
#2664 = DIRECTION('',(-0.,0.,1.));
#2665 = FACE_BOUND('',#2666,.T.);
#2666 = EDGE_LOOP('',(#2667));
#2667 = ORIENTED_EDGE('',*,*,#2490,.F.);
#2668 = PLANE('',#2669);
#2669 = AXIS2_PLACEMENT_3D('',#2670,#2671,#2672);
#2670 = CARTESIAN_POINT('',(67.36,18.,110.12));
#2671 = DIRECTION('',(1.,0.,0.));
#2672 = DIRECTION('',(-0.,0.,1.));
#2673 = ADVANCED_FACE('',(#2674,#2685),#2688,.T.);
#2674 = FACE_BOUND('',#2675,.T.);
#2675 = EDGE_LOOP('',(#2676));
#2676 = ORIENTED_EDGE('',*,*,#2677,.T.);
#2677 = EDGE_CURVE('',#2678,#2678,#2680,.T.);
#2678 = VERTEX_POINT('',#2679);
#2679 = CARTESIAN_POINT('',(67.36,18.,181.24));
#2680 = CIRCLE('',#2681,2.);
#2681 = AXIS2_PLACEMENT_3D('',#2682,#2683,#2684);
#2682 = CARTESIAN_POINT('',(67.36,18.,179.24));
#2683 = DIRECTION('',(1.,0.,0.));
#2684 = DIRECTION('',(-0.,0.,1.));
#2685 = FACE_BOUND('',#2686,.T.);
#2686 = EDGE_LOOP('',(#2687));
#2687 = ORIENTED_EDGE('',*,*,#2515,.F.);
#2688 = PLANE('',#2689);
#2689 = AXIS2_PLACEMENT_3D('',#2690,#2691,#2692);
#2690 = CARTESIAN_POINT('',(67.36,18.,179.24));
#2691 = DIRECTION('',(1.,0.,0.));
#2692 = DIRECTION('',(-0.,0.,1.));
#2693 = ADVANCED_FACE('',(#2694),#2713,.F.);
#2694 = FACE_BOUND('',#2695,.F.);
#2695 = EDGE_LOOP('',(#2696,#2705,#2711,#2712));
#2696 = ORIENTED_EDGE('',*,*,#2697,.F.);
#2697 = EDGE_CURVE('',#2698,#2698,#2700,.T.);
#2698 = VERTEX_POINT('',#2699);
#2699 = CARTESIAN_POINT('',(73.86,18.,26.));
#2700 = CIRCLE('',#2701,2.);
#2701 = AXIS2_PLACEMENT_3D('',#2702,#2703,#2704);
#2702 = CARTESIAN_POINT('',(73.86,18.,24.));
#2703 = DIRECTION('',(1.,0.,0.));
#2704 = DIRECTION('',(-0.,0.,1.));
#2705 = ORIENTED_EDGE('',*,*,#2706,.F.);
#2706 = EDGE_CURVE('',#2618,#2698,#2707,.T.);
#2707 = LINE('',#2708,#2709);
#2708 = CARTESIAN_POINT('',(67.36,18.,26.));
#2709 = VECTOR('',#2710,1.);
#2710 = DIRECTION('',(1.,0.,0.));
#2711 = ORIENTED_EDGE('',*,*,#2617,.T.);
#2712 = ORIENTED_EDGE('',*,*,#2706,.T.);
#2713 = CYLINDRICAL_SURFACE('',#2714,2.);
#2714 = AXIS2_PLACEMENT_3D('',#2715,#2716,#2717);
#2715 = CARTESIAN_POINT('',(67.36,18.,24.));
#2716 = DIRECTION('',(1.,0.,0.));
#2717 = DIRECTION('',(-0.,0.,1.));
#2718 = ADVANCED_FACE('',(#2719),#2738,.F.);
#2719 = FACE_BOUND('',#2720,.F.);
#2720 = EDGE_LOOP('',(#2721,#2730,#2736,#2737));
#2721 = ORIENTED_EDGE('',*,*,#2722,.F.);
#2722 = EDGE_CURVE('',#2723,#2723,#2725,.T.);
#2723 = VERTEX_POINT('',#2724);
#2724 = CARTESIAN_POINT('',(73.86,18.,36.5));
#2725 = CIRCLE('',#2726,2.);
#2726 = AXIS2_PLACEMENT_3D('',#2727,#2728,#2729);
#2727 = CARTESIAN_POINT('',(73.86,18.,34.5));
#2728 = DIRECTION('',(1.,0.,0.));
#2729 = DIRECTION('',(-0.,0.,1.));
#2730 = ORIENTED_EDGE('',*,*,#2731,.F.);
#2731 = EDGE_CURVE('',#2638,#2723,#2732,.T.);
#2732 = LINE('',#2733,#2734);
#2733 = CARTESIAN_POINT('',(67.36,18.,36.5));
#2734 = VECTOR('',#2735,1.);
#2735 = DIRECTION('',(1.,0.,0.));
#2736 = ORIENTED_EDGE('',*,*,#2637,.T.);
#2737 = ORIENTED_EDGE('',*,*,#2731,.T.);
#2738 = CYLINDRICAL_SURFACE('',#2739,2.);
#2739 = AXIS2_PLACEMENT_3D('',#2740,#2741,#2742);
#2740 = CARTESIAN_POINT('',(67.36,18.,34.5));
#2741 = DIRECTION('',(1.,0.,0.));
#2742 = DIRECTION('',(-0.,0.,1.));
#2743 = ADVANCED_FACE('',(#2744),#2763,.F.);
#2744 = FACE_BOUND('',#2745,.F.);
#2745 = EDGE_LOOP('',(#2746,#2755,#2761,#2762));
#2746 = ORIENTED_EDGE('',*,*,#2747,.F.);
#2747 = EDGE_CURVE('',#2748,#2748,#2750,.T.);
#2748 = VERTEX_POINT('',#2749);
#2749 = CARTESIAN_POINT('',(73.86,18.,112.12));
#2750 = CIRCLE('',#2751,2.);
#2751 = AXIS2_PLACEMENT_3D('',#2752,#2753,#2754);
#2752 = CARTESIAN_POINT('',(73.86,18.,110.12));
#2753 = DIRECTION('',(1.,0.,0.));
#2754 = DIRECTION('',(-0.,0.,1.));
#2755 = ORIENTED_EDGE('',*,*,#2756,.F.);
#2756 = EDGE_CURVE('',#2658,#2748,#2757,.T.);
#2757 = LINE('',#2758,#2759);
#2758 = CARTESIAN_POINT('',(67.36,18.,112.12));
#2759 = VECTOR('',#2760,1.);
#2760 = DIRECTION('',(1.,0.,0.));
#2761 = ORIENTED_EDGE('',*,*,#2657,.T.);
#2762 = ORIENTED_EDGE('',*,*,#2756,.T.);
#2763 = CYLINDRICAL_SURFACE('',#2764,2.);
#2764 = AXIS2_PLACEMENT_3D('',#2765,#2766,#2767);
#2765 = CARTESIAN_POINT('',(67.36,18.,110.12));
#2766 = DIRECTION('',(1.,0.,0.));
#2767 = DIRECTION('',(-0.,0.,1.));
#2768 = ADVANCED_FACE('',(#2769),#2788,.F.);
#2769 = FACE_BOUND('',#2770,.F.);
#2770 = EDGE_LOOP('',(#2771,#2780,#2786,#2787));
#2771 = ORIENTED_EDGE('',*,*,#2772,.F.);
#2772 = EDGE_CURVE('',#2773,#2773,#2775,.T.);
#2773 = VERTEX_POINT('',#2774);
#2774 = CARTESIAN_POINT('',(73.86,18.,181.24));
#2775 = CIRCLE('',#2776,2.);
#2776 = AXIS2_PLACEMENT_3D('',#2777,#2778,#2779);
#2777 = CARTESIAN_POINT('',(73.86,18.,179.24));
#2778 = DIRECTION('',(1.,0.,0.));
#2779 = DIRECTION('',(-0.,0.,1.));
#2780 = ORIENTED_EDGE('',*,*,#2781,.F.);
#2781 = EDGE_CURVE('',#2678,#2773,#2782,.T.);
#2782 = LINE('',#2783,#2784);
#2783 = CARTESIAN_POINT('',(67.36,18.,181.24));
#2784 = VECTOR('',#2785,1.);
#2785 = DIRECTION('',(1.,0.,0.));
#2786 = ORIENTED_EDGE('',*,*,#2677,.T.);
#2787 = ORIENTED_EDGE('',*,*,#2781,.T.);
#2788 = CYLINDRICAL_SURFACE('',#2789,2.);
#2789 = AXIS2_PLACEMENT_3D('',#2790,#2791,#2792);
#2790 = CARTESIAN_POINT('',(67.36,18.,179.24));
#2791 = DIRECTION('',(1.,0.,0.));
#2792 = DIRECTION('',(-0.,0.,1.));
#2793 = ADVANCED_FACE('',(#2794),#2797,.F.);
#2794 = FACE_BOUND('',#2795,.F.);
#2795 = EDGE_LOOP('',(#2796));
#2796 = ORIENTED_EDGE('',*,*,#2697,.T.);
#2797 = PLANE('',#2798);
#2798 = AXIS2_PLACEMENT_3D('',#2799,#2800,#2801);
#2799 = CARTESIAN_POINT('',(73.86,18.,24.));
#2800 = DIRECTION('',(1.,0.,0.));
#2801 = DIRECTION('',(-0.,0.,1.));
#2802 = ADVANCED_FACE('',(#2803),#2806,.F.);
#2803 = FACE_BOUND('',#2804,.F.);
#2804 = EDGE_LOOP('',(#2805));
#2805 = ORIENTED_EDGE('',*,*,#2722,.T.);
#2806 = PLANE('',#2807);
#2807 = AXIS2_PLACEMENT_3D('',#2808,#2809,#2810);
#2808 = CARTESIAN_POINT('',(73.86,18.,34.5));
#2809 = DIRECTION('',(1.,0.,0.));
#2810 = DIRECTION('',(-0.,0.,1.));
#2811 = ADVANCED_FACE('',(#2812),#2815,.F.);
#2812 = FACE_BOUND('',#2813,.F.);
#2813 = EDGE_LOOP('',(#2814));
#2814 = ORIENTED_EDGE('',*,*,#2747,.T.);
#2815 = PLANE('',#2816);
#2816 = AXIS2_PLACEMENT_3D('',#2817,#2818,#2819);
#2817 = CARTESIAN_POINT('',(73.86,18.,110.12));
#2818 = DIRECTION('',(1.,0.,0.));
#2819 = DIRECTION('',(-0.,0.,1.));
#2820 = ADVANCED_FACE('',(#2821),#2824,.F.);
#2821 = FACE_BOUND('',#2822,.F.);
#2822 = EDGE_LOOP('',(#2823));
#2823 = ORIENTED_EDGE('',*,*,#2772,.T.);
#2824 = PLANE('',#2825);
#2825 = AXIS2_PLACEMENT_3D('',#2826,#2827,#2828);
#2826 = CARTESIAN_POINT('',(73.86,18.,179.24));
#2827 = DIRECTION('',(1.,0.,0.));
#2828 = DIRECTION('',(-0.,0.,1.));
#2829 = ( GEOMETRIC_REPRESENTATION_CONTEXT(3) 
GLOBAL_UNCERTAINTY_ASSIGNED_CONTEXT((#2833)) 
GLOBAL_UNIT_ASSIGNED_CONTEXT((#2830,#2831,#2832)) REPRESENTATION_CONTEXT
('Context #1','3D Context with UNIT and UNCERTAINTY') );
#2830 = ( LENGTH_UNIT() NAMED_UNIT(*) SI_UNIT(.MILLI.,.METRE.) );
#2831 = ( NAMED_UNIT(*) PLANE_ANGLE_UNIT() SI_UNIT($,.RADIAN.) );
#2832 = ( NAMED_UNIT(*) SI_UNIT($,.STERADIAN.) SOLID_ANGLE_UNIT() );
#2833 = UNCERTAINTY_MEASURE_WITH_UNIT(LENGTH_MEASURE(1.E-07),#2830,
  'distance_accuracy_value','confusion accuracy');
#2834 = PRODUCT_RELATED_PRODUCT_CATEGORY('part',$,(#7));
ENDSEC;
END-ISO-10303-21;
