ISO-10303-21;
HEADER;
FILE_DESCRIPTION(('FreeCAD Model'),'2;1');
FILE_NAME('Open CASCADE Shape Model','2026-09-23T19:04:19',('FreeCAD'),(
    'FreeCAD'),'Open CASCADE STEP processor 7.8','FreeCAD','Unknown');
FILE_SCHEMA(('AUTOMOTIVE_DESIGN { 1 0 10303 214 1 1 1 1 }'));
ENDSEC;
DATA;
#1 = APPLICATION_PROTOCOL_DEFINITION('international standard',
  'automotive_design',2000,#2);
#2 = APPLICATION_CONTEXT(
  'core data for automotive mechanical design processes');
#3 = SHAPE_DEFINITION_REPRESENTATION(#4,#10);
#4 = PRODUCT_DEFINITION_SHAPE('','',#5);
#5 = PRODUCT_DEFINITION('design','',#6,#9);
#6 = PRODUCT_DEFINITION_FORMATION('','',#7);
#7 = PRODUCT('Open CASCADE STEP translator 7.8 6',
  'Open CASCADE STEP translator 7.8 6','',(#8));
#8 = PRODUCT_CONTEXT('',#2,'mechanical');
#9 = PRODUCT_DEFINITION_CONTEXT('part definition',#2,'design');
#10 = ADVANCED_BREP_SHAPE_REPRESENTATION('',(#11,#15),#8712);
#11 = AXIS2_PLACEMENT_3D('',#12,#13,#14);
#12 = CARTESIAN_POINT('',(0.,0.,0.));
#13 = DIRECTION('',(0.,0.,1.));
#14 = DIRECTION('',(1.,0.,-0.));
#15 = MANIFOLD_SOLID_BREP('',#16);
#16 = CLOSED_SHELL('',(#17,#57,#2483,#2507,#4926,#4943,#4955,#4972,#4989
    ,#5006,#5023,#5040,#5057,#5074,#5091,#5108,#5125,#5142,#5159,#5176,
    #5193,#5210,#5227,#5244,#5261,#5278,#5295,#5312,#5329,#5346,#5363,
    #5380,#5397,#5414,#5431,#5448,#5465,#5482,#5499,#5516,#5533,#5550,
    #5567,#5584,#5601,#5618,#5640,#5657,#5674,#5686,#5703,#5720,#5737,
    #5754,#5771,#5788,#5805,#5822,#5839,#5856,#5873,#5890,#5912,#5929,
    #5946,#5958,#5975,#5992,#6009,#6026,#6043,#6060,#6077,#6094,#6111,
    #6128,#6145,#6162,#6179,#6196,#6213,#6230,#6247,#6264,#6281,#6298,
    #6315,#6332,#6349,#6366,#6383,#6400,#6417,#6434,#6451,#6468,#6485,
    #6502,#6519,#6536,#6553,#6570,#6587,#6604,#6621,#6638,#6655,#6672,
    #6689,#6711,#6728,#6745,#6757,#6774,#6791,#6808,#6825,#6842,#6859,
    #6881,#6898,#6915,#6927,#6944,#6961,#6978,#6995,#7012,#7029,#7046,
    #7063,#7080,#7097,#7114,#7131,#7148,#7165,#7182,#7199,#7216,#7233,
    #7255,#7272,#7289,#7301,#7318,#7335,#7352,#7369,#7386,#7403,#7420,
    #7437,#7454,#7471,#7488,#7505,#7522,#7539,#7556,#7573,#7590,#7607,
    #7624,#7641,#7658,#7675,#7692,#7709,#7726,#7743,#7760,#7777,#7794,
    #7811,#7828,#7845,#7862,#7879,#7896,#7913,#7930,#7947,#7964,#7981,
    #7998,#8015,#8032,#8049,#8066,#8083,#8100,#8122,#8139,#8156,#8168,
    #8185,#8202,#8219,#8236,#8253,#8270,#8287,#8304,#8321,#8338,#8355,
    #8372,#8389,#8406,#8423,#8440,#8457,#8474,#8491,#8508,#8525,#8542,
    #8559,#8576,#8593,#8610,#8627,#8644,#8661,#8678,#8695));
#17 = ADVANCED_FACE('',(#18),#52,.F.);
#18 = FACE_BOUND('',#19,.F.);
#19 = EDGE_LOOP('',(#20,#30,#38,#46));
#20 = ORIENTED_EDGE('',*,*,#21,.F.);
#21 = EDGE_CURVE('',#22,#24,#26,.T.);
#22 = VERTEX_POINT('',#23);
#23 = CARTESIAN_POINT('',(-143.36,10.1,9.3));
#24 = VERTEX_POINT('',#25);
#25 = CARTESIAN_POINT('',(-143.36,10.1,59.7));
#26 = LINE('',#27,#28);
#27 = CARTESIAN_POINT('',(-143.36,10.1,9.3));
#28 = VECTOR('',#29,1.);
#29 = DIRECTION('',(0.,0.,1.));
#30 = ORIENTED_EDGE('',*,*,#31,.T.);
#31 = EDGE_CURVE('',#22,#32,#34,.T.);
#32 = VERTEX_POINT('',#33);
#33 = CARTESIAN_POINT('',(-143.36,12.1,9.3));
#34 = LINE('',#35,#36);
#35 = CARTESIAN_POINT('',(-143.36,10.1,9.3));
#36 = VECTOR('',#37,1.);
#37 = DIRECTION('',(-0.,1.,0.));
#38 = ORIENTED_EDGE('',*,*,#39,.T.);
#39 = EDGE_CURVE('',#32,#40,#42,.T.);
#40 = VERTEX_POINT('',#41);
#41 = CARTESIAN_POINT('',(-143.36,12.1,59.7));
#42 = LINE('',#43,#44);
#43 = CARTESIAN_POINT('',(-143.36,12.1,9.3));
#44 = VECTOR('',#45,1.);
#45 = DIRECTION('',(0.,0.,1.));
#46 = ORIENTED_EDGE('',*,*,#47,.F.);
#47 = EDGE_CURVE('',#24,#40,#48,.T.);
#48 = LINE('',#49,#50);
#49 = CARTESIAN_POINT('',(-143.36,10.1,59.7));
#50 = VECTOR('',#51,1.);
#51 = DIRECTION('',(-0.,1.,0.));
#52 = PLANE('',#53);
#53 = AXIS2_PLACEMENT_3D('',#54,#55,#56);
#54 = CARTESIAN_POINT('',(-143.36,10.1,9.3));
#55 = DIRECTION('',(1.,0.,-0.));
#56 = DIRECTION('',(0.,0.,1.));
#57 = ADVANCED_FACE('',(#58,#83,#94,#105,#116,#127,#138,#149,#160,#171,
    #182,#193,#204,#215,#226,#237,#248,#259,#270,#281,#292,#303,#314,
    #325,#336,#347,#358,#369,#380,#391,#402,#413,#424,#435,#446,#457,
    #468,#479,#490,#501,#512,#550,#561,#572,#583,#594,#605,#616,#627,
    #638,#649,#660,#671,#682,#720,#731,#742,#753,#764,#775,#786,#797,
    #808,#819,#830,#841,#852,#863,#874,#885,#896,#907,#918,#929,#940,
    #951,#962,#973,#984,#995,#1006,#1017,#1028,#1039,#1050,#1061,#1072,
    #1083,#1094,#1105,#1116,#1127,#1138,#1149,#1160,#1171,#1182,#1193,
    #1231,#1242,#1253,#1264,#1275,#1286,#1297,#1335,#1346,#1357,#1368,
    #1379,#1390,#1401,#1412,#1423,#1434,#1445,#1456,#1467,#1478,#1489,
    #1500,#1511,#1522,#1533,#1571,#1582,#1593,#1604,#1615,#1626,#1637,
    #1648,#1659,#1670,#1681,#1692,#1703,#1714,#1725,#1736,#1747,#1758,
    #1769,#1780,#1791,#1802,#1813,#1824,#1835,#1846,#1857,#1868,#1879,
    #1890,#1901,#1912,#1923,#1934,#1945,#1956,#1967,#1978,#1989,#2000,
    #2011,#2022,#2033,#2044,#2055,#2066,#2077,#2088,#2126,#2137,#2148,
    #2159,#2170,#2181,#2192,#2203,#2214,#2225,#2236,#2247,#2258,#2269,
    #2280,#2291,#2302,#2313,#2324,#2335,#2346,#2357,#2368,#2379,#2390,
    #2401,#2412,#2423,#2434,#2445,#2456,#2467),#2478,.F.);
#58 = FACE_BOUND('',#59,.F.);
#59 = EDGE_LOOP('',(#60,#68,#69,#77));
#60 = ORIENTED_EDGE('',*,*,#61,.F.);
#61 = EDGE_CURVE('',#22,#62,#64,.T.);
#62 = VERTEX_POINT('',#63);
#63 = CARTESIAN_POINT('',(53.36,10.1,9.3));
#64 = LINE('',#65,#66);
#65 = CARTESIAN_POINT('',(-143.36,10.1,9.3));
#66 = VECTOR('',#67,1.);
#67 = DIRECTION('',(1.,0.,-0.));
#68 = ORIENTED_EDGE('',*,*,#21,.T.);
#69 = ORIENTED_EDGE('',*,*,#70,.T.);
#70 = EDGE_CURVE('',#24,#71,#73,.T.);
#71 = VERTEX_POINT('',#72);
#72 = CARTESIAN_POINT('',(53.36,10.1,59.7));
#73 = LINE('',#74,#75);
#74 = CARTESIAN_POINT('',(-143.36,10.1,59.7));
#75 = VECTOR('',#76,1.);
#76 = DIRECTION('',(1.,0.,-0.));
#77 = ORIENTED_EDGE('',*,*,#78,.F.);
#78 = EDGE_CURVE('',#62,#71,#79,.T.);
#79 = LINE('',#80,#81);
#80 = CARTESIAN_POINT('',(53.36,10.1,9.3));
#81 = VECTOR('',#82,1.);
#82 = DIRECTION('',(0.,0.,1.));
#83 = FACE_BOUND('',#84,.F.);
#84 = EDGE_LOOP('',(#85));
#85 = ORIENTED_EDGE('',*,*,#86,.F.);
#86 = EDGE_CURVE('',#87,#87,#89,.T.);
#87 = VERTEX_POINT('',#88);
#88 = CARTESIAN_POINT('',(-138.66,10.1,15.7));
#89 = CIRCLE('',#90,1.7);
#90 = AXIS2_PLACEMENT_3D('',#91,#92,#93);
#91 = CARTESIAN_POINT('',(-138.66,10.1,14.));
#92 = DIRECTION('',(0.,1.,0.));
#93 = DIRECTION('',(0.,-0.,1.));
#94 = FACE_BOUND('',#95,.F.);
#95 = EDGE_LOOP('',(#96));
#96 = ORIENTED_EDGE('',*,*,#97,.F.);
#97 = EDGE_CURVE('',#98,#98,#100,.T.);
#98 = VERTEX_POINT('',#99);
#99 = CARTESIAN_POINT('',(-132.75,10.1,19.213));
#100 = CIRCLE('',#101,1.6);
#101 = AXIS2_PLACEMENT_3D('',#102,#103,#104);
#102 = CARTESIAN_POINT('',(-132.75,10.1,17.613));
#103 = DIRECTION('',(0.,1.,0.));
#104 = DIRECTION('',(0.,-0.,1.));
#105 = FACE_BOUND('',#106,.F.);
#106 = EDGE_LOOP('',(#107));
#107 = ORIENTED_EDGE('',*,*,#108,.F.);
#108 = EDGE_CURVE('',#109,#109,#111,.T.);
#109 = VERTEX_POINT('',#110);
#110 = CARTESIAN_POINT('',(-126.25,10.1,19.213));
#111 = CIRCLE('',#112,1.6);
#112 = AXIS2_PLACEMENT_3D('',#113,#114,#115);
#113 = CARTESIAN_POINT('',(-126.25,10.1,17.613));
#114 = DIRECTION('',(0.,1.,0.));
#115 = DIRECTION('',(0.,-0.,1.));
#116 = FACE_BOUND('',#117,.F.);
#117 = EDGE_LOOP('',(#118));
#118 = ORIENTED_EDGE('',*,*,#119,.F.);
#119 = EDGE_CURVE('',#120,#120,#122,.T.);
#120 = VERTEX_POINT('',#121);
#121 = CARTESIAN_POINT('',(-119.75,10.1,19.213));
#122 = CIRCLE('',#123,1.6);
#123 = AXIS2_PLACEMENT_3D('',#124,#125,#126);
#124 = CARTESIAN_POINT('',(-119.75,10.1,17.613));
#125 = DIRECTION('',(0.,1.,0.));
#126 = DIRECTION('',(0.,-0.,1.));
#127 = FACE_BOUND('',#128,.F.);
#128 = EDGE_LOOP('',(#129));
#129 = ORIENTED_EDGE('',*,*,#130,.F.);
#130 = EDGE_CURVE('',#131,#131,#133,.T.);
#131 = VERTEX_POINT('',#132);
#132 = CARTESIAN_POINT('',(-136.,10.1,24.842));
#133 = CIRCLE('',#134,1.6);
#134 = AXIS2_PLACEMENT_3D('',#135,#136,#137);
#135 = CARTESIAN_POINT('',(-136.,10.1,23.242));
#136 = DIRECTION('',(0.,1.,0.));
#137 = DIRECTION('',(0.,-0.,1.));
#138 = FACE_BOUND('',#139,.F.);
#139 = EDGE_LOOP('',(#140));
#140 = ORIENTED_EDGE('',*,*,#141,.F.);
#141 = EDGE_CURVE('',#142,#142,#144,.T.);
#142 = VERTEX_POINT('',#143);
#143 = CARTESIAN_POINT('',(-129.5,10.1,24.842));
#144 = CIRCLE('',#145,1.6);
#145 = AXIS2_PLACEMENT_3D('',#146,#147,#148);
#146 = CARTESIAN_POINT('',(-129.5,10.1,23.242));
#147 = DIRECTION('',(0.,1.,0.));
#148 = DIRECTION('',(0.,-0.,1.));
#149 = FACE_BOUND('',#150,.F.);
#150 = EDGE_LOOP('',(#151));
#151 = ORIENTED_EDGE('',*,*,#152,.F.);
#152 = EDGE_CURVE('',#153,#153,#155,.T.);
#153 = VERTEX_POINT('',#154);
#154 = CARTESIAN_POINT('',(-123.,10.1,24.842));
#155 = CIRCLE('',#156,1.6);
#156 = AXIS2_PLACEMENT_3D('',#157,#158,#159);
#157 = CARTESIAN_POINT('',(-123.,10.1,23.242));
#158 = DIRECTION('',(0.,1.,0.));
#159 = DIRECTION('',(0.,-0.,1.));
#160 = FACE_BOUND('',#161,.F.);
#161 = EDGE_LOOP('',(#162));
#162 = ORIENTED_EDGE('',*,*,#163,.F.);
#163 = EDGE_CURVE('',#164,#164,#166,.T.);
#164 = VERTEX_POINT('',#165);
#165 = CARTESIAN_POINT('',(-113.25,10.1,19.213));
#166 = CIRCLE('',#167,1.6);
#167 = AXIS2_PLACEMENT_3D('',#168,#169,#170);
#168 = CARTESIAN_POINT('',(-113.25,10.1,17.613));
#169 = DIRECTION('',(0.,1.,0.));
#170 = DIRECTION('',(0.,-0.,1.));
#171 = FACE_BOUND('',#172,.F.);
#172 = EDGE_LOOP('',(#173));
#173 = ORIENTED_EDGE('',*,*,#174,.F.);
#174 = EDGE_CURVE('',#175,#175,#177,.T.);
#175 = VERTEX_POINT('',#176);
#176 = CARTESIAN_POINT('',(-106.75,10.1,19.213));
#177 = CIRCLE('',#178,1.6);
#178 = AXIS2_PLACEMENT_3D('',#179,#180,#181);
#179 = CARTESIAN_POINT('',(-106.75,10.1,17.613));
#180 = DIRECTION('',(0.,1.,0.));
#181 = DIRECTION('',(0.,-0.,1.));
#182 = FACE_BOUND('',#183,.F.);
#183 = EDGE_LOOP('',(#184));
#184 = ORIENTED_EDGE('',*,*,#185,.F.);
#185 = EDGE_CURVE('',#186,#186,#188,.T.);
#186 = VERTEX_POINT('',#187);
#187 = CARTESIAN_POINT('',(-100.25,10.1,19.213));
#188 = CIRCLE('',#189,1.6);
#189 = AXIS2_PLACEMENT_3D('',#190,#191,#192);
#190 = CARTESIAN_POINT('',(-100.25,10.1,17.613));
#191 = DIRECTION('',(0.,1.,0.));
#192 = DIRECTION('',(0.,-0.,1.));
#193 = FACE_BOUND('',#194,.F.);
#194 = EDGE_LOOP('',(#195));
#195 = ORIENTED_EDGE('',*,*,#196,.F.);
#196 = EDGE_CURVE('',#197,#197,#199,.T.);
#197 = VERTEX_POINT('',#198);
#198 = CARTESIAN_POINT('',(-93.75,10.1,19.213));
#199 = CIRCLE('',#200,1.6);
#200 = AXIS2_PLACEMENT_3D('',#201,#202,#203);
#201 = CARTESIAN_POINT('',(-93.75,10.1,17.613));
#202 = DIRECTION('',(0.,1.,0.));
#203 = DIRECTION('',(0.,-0.,1.));
#204 = FACE_BOUND('',#205,.F.);
#205 = EDGE_LOOP('',(#206));
#206 = ORIENTED_EDGE('',*,*,#207,.F.);
#207 = EDGE_CURVE('',#208,#208,#210,.T.);
#208 = VERTEX_POINT('',#209);
#209 = CARTESIAN_POINT('',(-116.5,10.1,24.842));
#210 = CIRCLE('',#211,1.6);
#211 = AXIS2_PLACEMENT_3D('',#212,#213,#214);
#212 = CARTESIAN_POINT('',(-116.5,10.1,23.242));
#213 = DIRECTION('',(0.,1.,0.));
#214 = DIRECTION('',(0.,-0.,1.));
#215 = FACE_BOUND('',#216,.F.);
#216 = EDGE_LOOP('',(#217));
#217 = ORIENTED_EDGE('',*,*,#218,.F.);
#218 = EDGE_CURVE('',#219,#219,#221,.T.);
#219 = VERTEX_POINT('',#220);
#220 = CARTESIAN_POINT('',(-110.,10.1,24.842));
#221 = CIRCLE('',#222,1.6);
#222 = AXIS2_PLACEMENT_3D('',#223,#224,#225);
#223 = CARTESIAN_POINT('',(-110.,10.1,23.242));
#224 = DIRECTION('',(0.,1.,0.));
#225 = DIRECTION('',(0.,-0.,1.));
#226 = FACE_BOUND('',#227,.F.);
#227 = EDGE_LOOP('',(#228));
#228 = ORIENTED_EDGE('',*,*,#229,.F.);
#229 = EDGE_CURVE('',#230,#230,#232,.T.);
#230 = VERTEX_POINT('',#231);
#231 = CARTESIAN_POINT('',(-103.5,10.1,24.842));
#232 = CIRCLE('',#233,1.6);
#233 = AXIS2_PLACEMENT_3D('',#234,#235,#236);
#234 = CARTESIAN_POINT('',(-103.5,10.1,23.242));
#235 = DIRECTION('',(0.,1.,0.));
#236 = DIRECTION('',(0.,-0.,1.));
#237 = FACE_BOUND('',#238,.F.);
#238 = EDGE_LOOP('',(#239));
#239 = ORIENTED_EDGE('',*,*,#240,.F.);
#240 = EDGE_CURVE('',#241,#241,#243,.T.);
#241 = VERTEX_POINT('',#242);
#242 = CARTESIAN_POINT('',(-97.,10.1,24.842));
#243 = CIRCLE('',#244,1.6);
#244 = AXIS2_PLACEMENT_3D('',#245,#246,#247);
#245 = CARTESIAN_POINT('',(-97.,10.1,23.242));
#246 = DIRECTION('',(0.,1.,0.));
#247 = DIRECTION('',(0.,-0.,1.));
#248 = FACE_BOUND('',#249,.F.);
#249 = EDGE_LOOP('',(#250));
#250 = ORIENTED_EDGE('',*,*,#251,.F.);
#251 = EDGE_CURVE('',#252,#252,#254,.T.);
#252 = VERTEX_POINT('',#253);
#253 = CARTESIAN_POINT('',(-132.75,10.1,30.471));
#254 = CIRCLE('',#255,1.6);
#255 = AXIS2_PLACEMENT_3D('',#256,#257,#258);
#256 = CARTESIAN_POINT('',(-132.75,10.1,28.871));
#257 = DIRECTION('',(0.,1.,0.));
#258 = DIRECTION('',(0.,-0.,1.));
#259 = FACE_BOUND('',#260,.F.);
#260 = EDGE_LOOP('',(#261));
#261 = ORIENTED_EDGE('',*,*,#262,.F.);
#262 = EDGE_CURVE('',#263,#263,#265,.T.);
#263 = VERTEX_POINT('',#264);
#264 = CARTESIAN_POINT('',(-126.25,10.1,30.471));
#265 = CIRCLE('',#266,1.6);
#266 = AXIS2_PLACEMENT_3D('',#267,#268,#269);
#267 = CARTESIAN_POINT('',(-126.25,10.1,28.871));
#268 = DIRECTION('',(0.,1.,0.));
#269 = DIRECTION('',(0.,-0.,1.));
#270 = FACE_BOUND('',#271,.F.);
#271 = EDGE_LOOP('',(#272));
#272 = ORIENTED_EDGE('',*,*,#273,.F.);
#273 = EDGE_CURVE('',#274,#274,#276,.T.);
#274 = VERTEX_POINT('',#275);
#275 = CARTESIAN_POINT('',(-119.75,10.1,30.471));
#276 = CIRCLE('',#277,1.6);
#277 = AXIS2_PLACEMENT_3D('',#278,#279,#280);
#278 = CARTESIAN_POINT('',(-119.75,10.1,28.871));
#279 = DIRECTION('',(0.,1.,0.));
#280 = DIRECTION('',(0.,-0.,1.));
#281 = FACE_BOUND('',#282,.F.);
#282 = EDGE_LOOP('',(#283));
#283 = ORIENTED_EDGE('',*,*,#284,.F.);
#284 = EDGE_CURVE('',#285,#285,#287,.T.);
#285 = VERTEX_POINT('',#286);
#286 = CARTESIAN_POINT('',(-136.,10.1,36.1));
#287 = CIRCLE('',#288,1.6);
#288 = AXIS2_PLACEMENT_3D('',#289,#290,#291);
#289 = CARTESIAN_POINT('',(-136.,10.1,34.5));
#290 = DIRECTION('',(0.,1.,0.));
#291 = DIRECTION('',(0.,-0.,1.));
#292 = FACE_BOUND('',#293,.F.);
#293 = EDGE_LOOP('',(#294));
#294 = ORIENTED_EDGE('',*,*,#295,.F.);
#295 = EDGE_CURVE('',#296,#296,#298,.T.);
#296 = VERTEX_POINT('',#297);
#297 = CARTESIAN_POINT('',(-129.5,10.1,36.1));
#298 = CIRCLE('',#299,1.6);
#299 = AXIS2_PLACEMENT_3D('',#300,#301,#302);
#300 = CARTESIAN_POINT('',(-129.5,10.1,34.5));
#301 = DIRECTION('',(0.,1.,0.));
#302 = DIRECTION('',(0.,-0.,1.));
#303 = FACE_BOUND('',#304,.F.);
#304 = EDGE_LOOP('',(#305));
#305 = ORIENTED_EDGE('',*,*,#306,.F.);
#306 = EDGE_CURVE('',#307,#307,#309,.T.);
#307 = VERTEX_POINT('',#308);
#308 = CARTESIAN_POINT('',(-123.,10.1,36.1));
#309 = CIRCLE('',#310,1.6);
#310 = AXIS2_PLACEMENT_3D('',#311,#312,#313);
#311 = CARTESIAN_POINT('',(-123.,10.1,34.5));
#312 = DIRECTION('',(0.,1.,0.));
#313 = DIRECTION('',(0.,-0.,1.));
#314 = FACE_BOUND('',#315,.F.);
#315 = EDGE_LOOP('',(#316));
#316 = ORIENTED_EDGE('',*,*,#317,.F.);
#317 = EDGE_CURVE('',#318,#318,#320,.T.);
#318 = VERTEX_POINT('',#319);
#319 = CARTESIAN_POINT('',(-113.25,10.1,30.471));
#320 = CIRCLE('',#321,1.6);
#321 = AXIS2_PLACEMENT_3D('',#322,#323,#324);
#322 = CARTESIAN_POINT('',(-113.25,10.1,28.871));
#323 = DIRECTION('',(0.,1.,0.));
#324 = DIRECTION('',(0.,-0.,1.));
#325 = FACE_BOUND('',#326,.F.);
#326 = EDGE_LOOP('',(#327));
#327 = ORIENTED_EDGE('',*,*,#328,.F.);
#328 = EDGE_CURVE('',#329,#329,#331,.T.);
#329 = VERTEX_POINT('',#330);
#330 = CARTESIAN_POINT('',(-106.75,10.1,30.471));
#331 = CIRCLE('',#332,1.6);
#332 = AXIS2_PLACEMENT_3D('',#333,#334,#335);
#333 = CARTESIAN_POINT('',(-106.75,10.1,28.871));
#334 = DIRECTION('',(0.,1.,0.));
#335 = DIRECTION('',(0.,-0.,1.));
#336 = FACE_BOUND('',#337,.F.);
#337 = EDGE_LOOP('',(#338));
#338 = ORIENTED_EDGE('',*,*,#339,.F.);
#339 = EDGE_CURVE('',#340,#340,#342,.T.);
#340 = VERTEX_POINT('',#341);
#341 = CARTESIAN_POINT('',(-100.25,10.1,30.471));
#342 = CIRCLE('',#343,1.6);
#343 = AXIS2_PLACEMENT_3D('',#344,#345,#346);
#344 = CARTESIAN_POINT('',(-100.25,10.1,28.871));
#345 = DIRECTION('',(0.,1.,0.));
#346 = DIRECTION('',(0.,-0.,1.));
#347 = FACE_BOUND('',#348,.F.);
#348 = EDGE_LOOP('',(#349));
#349 = ORIENTED_EDGE('',*,*,#350,.F.);
#350 = EDGE_CURVE('',#351,#351,#353,.T.);
#351 = VERTEX_POINT('',#352);
#352 = CARTESIAN_POINT('',(-93.75,10.1,30.471));
#353 = CIRCLE('',#354,1.6);
#354 = AXIS2_PLACEMENT_3D('',#355,#356,#357);
#355 = CARTESIAN_POINT('',(-93.75,10.1,28.871));
#356 = DIRECTION('',(0.,1.,0.));
#357 = DIRECTION('',(0.,-0.,1.));
#358 = FACE_BOUND('',#359,.F.);
#359 = EDGE_LOOP('',(#360));
#360 = ORIENTED_EDGE('',*,*,#361,.F.);
#361 = EDGE_CURVE('',#362,#362,#364,.T.);
#362 = VERTEX_POINT('',#363);
#363 = CARTESIAN_POINT('',(-116.5,10.1,36.1));
#364 = CIRCLE('',#365,1.6);
#365 = AXIS2_PLACEMENT_3D('',#366,#367,#368);
#366 = CARTESIAN_POINT('',(-116.5,10.1,34.5));
#367 = DIRECTION('',(0.,1.,0.));
#368 = DIRECTION('',(0.,-0.,1.));
#369 = FACE_BOUND('',#370,.F.);
#370 = EDGE_LOOP('',(#371));
#371 = ORIENTED_EDGE('',*,*,#372,.F.);
#372 = EDGE_CURVE('',#373,#373,#375,.T.);
#373 = VERTEX_POINT('',#374);
#374 = CARTESIAN_POINT('',(-110.,10.1,36.1));
#375 = CIRCLE('',#376,1.6);
#376 = AXIS2_PLACEMENT_3D('',#377,#378,#379);
#377 = CARTESIAN_POINT('',(-110.,10.1,34.5));
#378 = DIRECTION('',(0.,1.,0.));
#379 = DIRECTION('',(0.,-0.,1.));
#380 = FACE_BOUND('',#381,.F.);
#381 = EDGE_LOOP('',(#382));
#382 = ORIENTED_EDGE('',*,*,#383,.F.);
#383 = EDGE_CURVE('',#384,#384,#386,.T.);
#384 = VERTEX_POINT('',#385);
#385 = CARTESIAN_POINT('',(-103.5,10.1,36.1));
#386 = CIRCLE('',#387,1.6);
#387 = AXIS2_PLACEMENT_3D('',#388,#389,#390);
#388 = CARTESIAN_POINT('',(-103.5,10.1,34.5));
#389 = DIRECTION('',(0.,1.,0.));
#390 = DIRECTION('',(0.,-0.,1.));
#391 = FACE_BOUND('',#392,.F.);
#392 = EDGE_LOOP('',(#393));
#393 = ORIENTED_EDGE('',*,*,#394,.F.);
#394 = EDGE_CURVE('',#395,#395,#397,.T.);
#395 = VERTEX_POINT('',#396);
#396 = CARTESIAN_POINT('',(-97.,10.1,36.1));
#397 = CIRCLE('',#398,1.6);
#398 = AXIS2_PLACEMENT_3D('',#399,#400,#401);
#399 = CARTESIAN_POINT('',(-97.,10.1,34.5));
#400 = DIRECTION('',(0.,1.,0.));
#401 = DIRECTION('',(0.,-0.,1.));
#402 = FACE_BOUND('',#403,.F.);
#403 = EDGE_LOOP('',(#404));
#404 = ORIENTED_EDGE('',*,*,#405,.F.);
#405 = EDGE_CURVE('',#406,#406,#408,.T.);
#406 = VERTEX_POINT('',#407);
#407 = CARTESIAN_POINT('',(-87.25,10.1,19.213));
#408 = CIRCLE('',#409,1.6);
#409 = AXIS2_PLACEMENT_3D('',#410,#411,#412);
#410 = CARTESIAN_POINT('',(-87.25,10.1,17.613));
#411 = DIRECTION('',(0.,1.,0.));
#412 = DIRECTION('',(0.,-0.,1.));
#413 = FACE_BOUND('',#414,.F.);
#414 = EDGE_LOOP('',(#415));
#415 = ORIENTED_EDGE('',*,*,#416,.F.);
#416 = EDGE_CURVE('',#417,#417,#419,.T.);
#417 = VERTEX_POINT('',#418);
#418 = CARTESIAN_POINT('',(-80.75,10.1,19.213));
#419 = CIRCLE('',#420,1.6);
#420 = AXIS2_PLACEMENT_3D('',#421,#422,#423);
#421 = CARTESIAN_POINT('',(-80.75,10.1,17.613));
#422 = DIRECTION('',(0.,1.,0.));
#423 = DIRECTION('',(0.,-0.,1.));
#424 = FACE_BOUND('',#425,.F.);
#425 = EDGE_LOOP('',(#426));
#426 = ORIENTED_EDGE('',*,*,#427,.F.);
#427 = EDGE_CURVE('',#428,#428,#430,.T.);
#428 = VERTEX_POINT('',#429);
#429 = CARTESIAN_POINT('',(-74.25,10.1,19.213));
#430 = CIRCLE('',#431,1.6);
#431 = AXIS2_PLACEMENT_3D('',#432,#433,#434);
#432 = CARTESIAN_POINT('',(-74.25,10.1,17.613));
#433 = DIRECTION('',(0.,1.,0.));
#434 = DIRECTION('',(0.,-0.,1.));
#435 = FACE_BOUND('',#436,.F.);
#436 = EDGE_LOOP('',(#437));
#437 = ORIENTED_EDGE('',*,*,#438,.F.);
#438 = EDGE_CURVE('',#439,#439,#441,.T.);
#439 = VERTEX_POINT('',#440);
#440 = CARTESIAN_POINT('',(-90.5,10.1,24.842));
#441 = CIRCLE('',#442,1.6);
#442 = AXIS2_PLACEMENT_3D('',#443,#444,#445);
#443 = CARTESIAN_POINT('',(-90.5,10.1,23.242));
#444 = DIRECTION('',(0.,1.,0.));
#445 = DIRECTION('',(0.,-0.,1.));
#446 = FACE_BOUND('',#447,.F.);
#447 = EDGE_LOOP('',(#448));
#448 = ORIENTED_EDGE('',*,*,#449,.F.);
#449 = EDGE_CURVE('',#450,#450,#452,.T.);
#450 = VERTEX_POINT('',#451);
#451 = CARTESIAN_POINT('',(-84.,10.1,24.842));
#452 = CIRCLE('',#453,1.6);
#453 = AXIS2_PLACEMENT_3D('',#454,#455,#456);
#454 = CARTESIAN_POINT('',(-84.,10.1,23.242));
#455 = DIRECTION('',(0.,1.,0.));
#456 = DIRECTION('',(0.,-0.,1.));
#457 = FACE_BOUND('',#458,.F.);
#458 = EDGE_LOOP('',(#459));
#459 = ORIENTED_EDGE('',*,*,#460,.F.);
#460 = EDGE_CURVE('',#461,#461,#463,.T.);
#461 = VERTEX_POINT('',#462);
#462 = CARTESIAN_POINT('',(-77.5,10.1,24.842));
#463 = CIRCLE('',#464,1.6);
#464 = AXIS2_PLACEMENT_3D('',#465,#466,#467);
#465 = CARTESIAN_POINT('',(-77.5,10.1,23.242));
#466 = DIRECTION('',(0.,1.,0.));
#467 = DIRECTION('',(0.,-0.,1.));
#468 = FACE_BOUND('',#469,.F.);
#469 = EDGE_LOOP('',(#470));
#470 = ORIENTED_EDGE('',*,*,#471,.F.);
#471 = EDGE_CURVE('',#472,#472,#474,.T.);
#472 = VERTEX_POINT('',#473);
#473 = CARTESIAN_POINT('',(-71.,10.1,24.842));
#474 = CIRCLE('',#475,1.6);
#475 = AXIS2_PLACEMENT_3D('',#476,#477,#478);
#476 = CARTESIAN_POINT('',(-71.,10.1,23.242));
#477 = DIRECTION('',(0.,1.,0.));
#478 = DIRECTION('',(0.,-0.,1.));
#479 = FACE_BOUND('',#480,.F.);
#480 = EDGE_LOOP('',(#481));
#481 = ORIENTED_EDGE('',*,*,#482,.F.);
#482 = EDGE_CURVE('',#483,#483,#485,.T.);
#483 = VERTEX_POINT('',#484);
#484 = CARTESIAN_POINT('',(-67.75,10.1,19.213));
#485 = CIRCLE('',#486,1.6);
#486 = AXIS2_PLACEMENT_3D('',#487,#488,#489);
#487 = CARTESIAN_POINT('',(-67.75,10.1,17.613));
#488 = DIRECTION('',(0.,1.,0.));
#489 = DIRECTION('',(0.,-0.,1.));
#490 = FACE_BOUND('',#491,.F.);
#491 = EDGE_LOOP('',(#492));
#492 = ORIENTED_EDGE('',*,*,#493,.F.);
#493 = EDGE_CURVE('',#494,#494,#496,.T.);
#494 = VERTEX_POINT('',#495);
#495 = CARTESIAN_POINT('',(-61.25,10.1,19.213));
#496 = CIRCLE('',#497,1.6);
#497 = AXIS2_PLACEMENT_3D('',#498,#499,#500);
#498 = CARTESIAN_POINT('',(-61.25,10.1,17.613));
#499 = DIRECTION('',(0.,1.,0.));
#500 = DIRECTION('',(0.,-0.,1.));
#501 = FACE_BOUND('',#502,.F.);
#502 = EDGE_LOOP('',(#503));
#503 = ORIENTED_EDGE('',*,*,#504,.F.);
#504 = EDGE_CURVE('',#505,#505,#507,.T.);
#505 = VERTEX_POINT('',#506);
#506 = CARTESIAN_POINT('',(-64.5,10.1,24.842));
#507 = CIRCLE('',#508,1.6);
#508 = AXIS2_PLACEMENT_3D('',#509,#510,#511);
#509 = CARTESIAN_POINT('',(-64.5,10.1,23.242));
#510 = DIRECTION('',(0.,1.,0.));
#511 = DIRECTION('',(0.,-0.,1.));
#512 = FACE_BOUND('',#513,.F.);
#513 = EDGE_LOOP('',(#514,#525,#534,#543));
#514 = ORIENTED_EDGE('',*,*,#515,.F.);
#515 = EDGE_CURVE('',#516,#518,#520,.T.);
#516 = VERTEX_POINT('',#517);
#517 = CARTESIAN_POINT('',(-54.75,10.1,19.213));
#518 = VERTEX_POINT('',#519);
#519 = CARTESIAN_POINT('',(-54.68665965384,10.1,19.211745758571));
#520 = CIRCLE('',#521,1.6);
#521 = AXIS2_PLACEMENT_3D('',#522,#523,#524);
#522 = CARTESIAN_POINT('',(-54.75,10.1,17.613));
#523 = DIRECTION('',(0.,1.,0.));
#524 = DIRECTION('',(0.,-0.,1.));
#525 = ORIENTED_EDGE('',*,*,#526,.F.);
#526 = EDGE_CURVE('',#527,#516,#529,.T.);
#527 = VERTEX_POINT('',#528);
#528 = CARTESIAN_POINT('',(-53.39709403131,10.1,18.467192858728));
#529 = CIRCLE('',#530,1.6);
#530 = AXIS2_PLACEMENT_3D('',#531,#532,#533);
#531 = CARTESIAN_POINT('',(-54.75,10.1,17.613));
#532 = DIRECTION('',(0.,1.,0.));
#533 = DIRECTION('',(0.,-0.,1.));
#534 = ORIENTED_EDGE('',*,*,#535,.F.);
#535 = EDGE_CURVE('',#536,#527,#538,.T.);
#536 = VERTEX_POINT('',#537);
#537 = CARTESIAN_POINT('',(-53.25,10.1,21.961));
#538 = CIRCLE('',#539,1.75);
#539 = AXIS2_PLACEMENT_3D('',#540,#541,#542);
#540 = CARTESIAN_POINT('',(-53.25,10.1,20.211));
#541 = DIRECTION('',(0.,1.,0.));
#542 = DIRECTION('',(0.,-0.,1.));
#543 = ORIENTED_EDGE('',*,*,#544,.F.);
#544 = EDGE_CURVE('',#518,#536,#545,.T.);
#545 = CIRCLE('',#546,1.75);
#546 = AXIS2_PLACEMENT_3D('',#547,#548,#549);
#547 = CARTESIAN_POINT('',(-53.25,10.1,20.211));
#548 = DIRECTION('',(0.,1.,0.));
#549 = DIRECTION('',(0.,-0.,1.));
#550 = FACE_BOUND('',#551,.F.);
#551 = EDGE_LOOP('',(#552));
#552 = ORIENTED_EDGE('',*,*,#553,.F.);
#553 = EDGE_CURVE('',#554,#554,#556,.T.);
#554 = VERTEX_POINT('',#555);
#555 = CARTESIAN_POINT('',(-47.75,10.1,21.961));
#556 = CIRCLE('',#557,1.75);
#557 = AXIS2_PLACEMENT_3D('',#558,#559,#560);
#558 = CARTESIAN_POINT('',(-47.75,10.1,20.211));
#559 = DIRECTION('',(0.,1.,0.));
#560 = DIRECTION('',(0.,-0.,1.));
#561 = FACE_BOUND('',#562,.F.);
#562 = EDGE_LOOP('',(#563));
#563 = ORIENTED_EDGE('',*,*,#564,.F.);
#564 = EDGE_CURVE('',#565,#565,#567,.T.);
#565 = VERTEX_POINT('',#566);
#566 = CARTESIAN_POINT('',(-87.25,10.1,30.471));
#567 = CIRCLE('',#568,1.6);
#568 = AXIS2_PLACEMENT_3D('',#569,#570,#571);
#569 = CARTESIAN_POINT('',(-87.25,10.1,28.871));
#570 = DIRECTION('',(0.,1.,0.));
#571 = DIRECTION('',(0.,-0.,1.));
#572 = FACE_BOUND('',#573,.F.);
#573 = EDGE_LOOP('',(#574));
#574 = ORIENTED_EDGE('',*,*,#575,.F.);
#575 = EDGE_CURVE('',#576,#576,#578,.T.);
#576 = VERTEX_POINT('',#577);
#577 = CARTESIAN_POINT('',(-80.75,10.1,30.471));
#578 = CIRCLE('',#579,1.6);
#579 = AXIS2_PLACEMENT_3D('',#580,#581,#582);
#580 = CARTESIAN_POINT('',(-80.75,10.1,28.871));
#581 = DIRECTION('',(0.,1.,0.));
#582 = DIRECTION('',(0.,-0.,1.));
#583 = FACE_BOUND('',#584,.F.);
#584 = EDGE_LOOP('',(#585));
#585 = ORIENTED_EDGE('',*,*,#586,.F.);
#586 = EDGE_CURVE('',#587,#587,#589,.T.);
#587 = VERTEX_POINT('',#588);
#588 = CARTESIAN_POINT('',(-74.25,10.1,30.471));
#589 = CIRCLE('',#590,1.6);
#590 = AXIS2_PLACEMENT_3D('',#591,#592,#593);
#591 = CARTESIAN_POINT('',(-74.25,10.1,28.871));
#592 = DIRECTION('',(0.,1.,0.));
#593 = DIRECTION('',(0.,-0.,1.));
#594 = FACE_BOUND('',#595,.F.);
#595 = EDGE_LOOP('',(#596));
#596 = ORIENTED_EDGE('',*,*,#597,.F.);
#597 = EDGE_CURVE('',#598,#598,#600,.T.);
#598 = VERTEX_POINT('',#599);
#599 = CARTESIAN_POINT('',(-90.5,10.1,36.1));
#600 = CIRCLE('',#601,1.6);
#601 = AXIS2_PLACEMENT_3D('',#602,#603,#604);
#602 = CARTESIAN_POINT('',(-90.5,10.1,34.5));
#603 = DIRECTION('',(0.,1.,0.));
#604 = DIRECTION('',(0.,-0.,1.));
#605 = FACE_BOUND('',#606,.F.);
#606 = EDGE_LOOP('',(#607));
#607 = ORIENTED_EDGE('',*,*,#608,.F.);
#608 = EDGE_CURVE('',#609,#609,#611,.T.);
#609 = VERTEX_POINT('',#610);
#610 = CARTESIAN_POINT('',(-84.,10.1,36.1));
#611 = CIRCLE('',#612,1.6);
#612 = AXIS2_PLACEMENT_3D('',#613,#614,#615);
#613 = CARTESIAN_POINT('',(-84.,10.1,34.5));
#614 = DIRECTION('',(0.,1.,0.));
#615 = DIRECTION('',(0.,-0.,1.));
#616 = FACE_BOUND('',#617,.F.);
#617 = EDGE_LOOP('',(#618));
#618 = ORIENTED_EDGE('',*,*,#619,.F.);
#619 = EDGE_CURVE('',#620,#620,#622,.T.);
#620 = VERTEX_POINT('',#621);
#621 = CARTESIAN_POINT('',(-77.5,10.1,36.1));
#622 = CIRCLE('',#623,1.6);
#623 = AXIS2_PLACEMENT_3D('',#624,#625,#626);
#624 = CARTESIAN_POINT('',(-77.5,10.1,34.5));
#625 = DIRECTION('',(0.,1.,0.));
#626 = DIRECTION('',(0.,-0.,1.));
#627 = FACE_BOUND('',#628,.F.);
#628 = EDGE_LOOP('',(#629));
#629 = ORIENTED_EDGE('',*,*,#630,.F.);
#630 = EDGE_CURVE('',#631,#631,#633,.T.);
#631 = VERTEX_POINT('',#632);
#632 = CARTESIAN_POINT('',(-71.,10.1,36.1));
#633 = CIRCLE('',#634,1.6);
#634 = AXIS2_PLACEMENT_3D('',#635,#636,#637);
#635 = CARTESIAN_POINT('',(-71.,10.1,34.5));
#636 = DIRECTION('',(0.,1.,0.));
#637 = DIRECTION('',(0.,-0.,1.));
#638 = FACE_BOUND('',#639,.F.);
#639 = EDGE_LOOP('',(#640));
#640 = ORIENTED_EDGE('',*,*,#641,.F.);
#641 = EDGE_CURVE('',#642,#642,#644,.T.);
#642 = VERTEX_POINT('',#643);
#643 = CARTESIAN_POINT('',(-67.75,10.1,30.471));
#644 = CIRCLE('',#645,1.6);
#645 = AXIS2_PLACEMENT_3D('',#646,#647,#648);
#646 = CARTESIAN_POINT('',(-67.75,10.1,28.871));
#647 = DIRECTION('',(0.,1.,0.));
#648 = DIRECTION('',(0.,-0.,1.));
#649 = FACE_BOUND('',#650,.F.);
#650 = EDGE_LOOP('',(#651));
#651 = ORIENTED_EDGE('',*,*,#652,.F.);
#652 = EDGE_CURVE('',#653,#653,#655,.T.);
#653 = VERTEX_POINT('',#654);
#654 = CARTESIAN_POINT('',(-56.,10.1,26.724));
#655 = CIRCLE('',#656,1.75);
#656 = AXIS2_PLACEMENT_3D('',#657,#658,#659);
#657 = CARTESIAN_POINT('',(-56.,10.1,24.974));
#658 = DIRECTION('',(0.,1.,0.));
#659 = DIRECTION('',(0.,-0.,1.));
#660 = FACE_BOUND('',#661,.F.);
#661 = EDGE_LOOP('',(#662));
#662 = ORIENTED_EDGE('',*,*,#663,.F.);
#663 = EDGE_CURVE('',#664,#664,#666,.T.);
#664 = VERTEX_POINT('',#665);
#665 = CARTESIAN_POINT('',(-50.5,10.1,26.724));
#666 = CIRCLE('',#667,1.75);
#667 = AXIS2_PLACEMENT_3D('',#668,#669,#670);
#668 = CARTESIAN_POINT('',(-50.5,10.1,24.974));
#669 = DIRECTION('',(0.,1.,0.));
#670 = DIRECTION('',(0.,-0.,1.));
#671 = FACE_BOUND('',#672,.F.);
#672 = EDGE_LOOP('',(#673));
#673 = ORIENTED_EDGE('',*,*,#674,.F.);
#674 = EDGE_CURVE('',#675,#675,#677,.T.);
#675 = VERTEX_POINT('',#676);
#676 = CARTESIAN_POINT('',(-58.75,10.1,31.487));
#677 = CIRCLE('',#678,1.75);
#678 = AXIS2_PLACEMENT_3D('',#679,#680,#681);
#679 = CARTESIAN_POINT('',(-58.75,10.1,29.737));
#680 = DIRECTION('',(0.,1.,0.));
#681 = DIRECTION('',(0.,-0.,1.));
#682 = FACE_BOUND('',#683,.F.);
#683 = EDGE_LOOP('',(#684,#695,#704,#713));
#684 = ORIENTED_EDGE('',*,*,#685,.F.);
#685 = EDGE_CURVE('',#686,#688,#690,.T.);
#686 = VERTEX_POINT('',#687);
#687 = CARTESIAN_POINT('',(-64.5,10.1,36.1));
#688 = VERTEX_POINT('',#689);
#689 = CARTESIAN_POINT('',(-63.08375,10.1,35.244470239499));
#690 = CIRCLE('',#691,1.6);
#691 = AXIS2_PLACEMENT_3D('',#692,#693,#694);
#692 = CARTESIAN_POINT('',(-64.5,10.1,34.5));
#693 = DIRECTION('',(0.,1.,0.));
#694 = DIRECTION('',(0.,-0.,1.));
#695 = ORIENTED_EDGE('',*,*,#696,.F.);
#696 = EDGE_CURVE('',#697,#686,#699,.T.);
#697 = VERTEX_POINT('',#698);
#698 = CARTESIAN_POINT('',(-63.08375,10.1,33.755529760501));
#699 = CIRCLE('',#700,1.6);
#700 = AXIS2_PLACEMENT_3D('',#701,#702,#703);
#701 = CARTESIAN_POINT('',(-64.5,10.1,34.5));
#702 = DIRECTION('',(0.,1.,0.));
#703 = DIRECTION('',(0.,-0.,1.));
#704 = ORIENTED_EDGE('',*,*,#705,.F.);
#705 = EDGE_CURVE('',#706,#697,#708,.T.);
#706 = VERTEX_POINT('',#707);
#707 = CARTESIAN_POINT('',(-61.5,10.1,36.25));
#708 = CIRCLE('',#709,1.75);
#709 = AXIS2_PLACEMENT_3D('',#710,#711,#712);
#710 = CARTESIAN_POINT('',(-61.5,10.1,34.5));
#711 = DIRECTION('',(0.,1.,0.));
#712 = DIRECTION('',(0.,-0.,1.));
#713 = ORIENTED_EDGE('',*,*,#714,.F.);
#714 = EDGE_CURVE('',#688,#706,#715,.T.);
#715 = CIRCLE('',#716,1.75);
#716 = AXIS2_PLACEMENT_3D('',#717,#718,#719);
#717 = CARTESIAN_POINT('',(-61.5,10.1,34.5));
#718 = DIRECTION('',(0.,1.,0.));
#719 = DIRECTION('',(0.,-0.,1.));
#720 = FACE_BOUND('',#721,.F.);
#721 = EDGE_LOOP('',(#722));
#722 = ORIENTED_EDGE('',*,*,#723,.F.);
#723 = EDGE_CURVE('',#724,#724,#726,.T.);
#724 = VERTEX_POINT('',#725);
#725 = CARTESIAN_POINT('',(-53.25,10.1,31.487));
#726 = CIRCLE('',#727,1.75);
#727 = AXIS2_PLACEMENT_3D('',#728,#729,#730);
#728 = CARTESIAN_POINT('',(-53.25,10.1,29.737));
#729 = DIRECTION('',(0.,1.,0.));
#730 = DIRECTION('',(0.,-0.,1.));
#731 = FACE_BOUND('',#732,.F.);
#732 = EDGE_LOOP('',(#733));
#733 = ORIENTED_EDGE('',*,*,#734,.F.);
#734 = EDGE_CURVE('',#735,#735,#737,.T.);
#735 = VERTEX_POINT('',#736);
#736 = CARTESIAN_POINT('',(-47.75,10.1,31.487));
#737 = CIRCLE('',#738,1.75);
#738 = AXIS2_PLACEMENT_3D('',#739,#740,#741);
#739 = CARTESIAN_POINT('',(-47.75,10.1,29.737));
#740 = DIRECTION('',(0.,1.,0.));
#741 = DIRECTION('',(0.,-0.,1.));
#742 = FACE_BOUND('',#743,.F.);
#743 = EDGE_LOOP('',(#744));
#744 = ORIENTED_EDGE('',*,*,#745,.F.);
#745 = EDGE_CURVE('',#746,#746,#748,.T.);
#746 = VERTEX_POINT('',#747);
#747 = CARTESIAN_POINT('',(-56.,10.1,36.25));
#748 = CIRCLE('',#749,1.75);
#749 = AXIS2_PLACEMENT_3D('',#750,#751,#752);
#750 = CARTESIAN_POINT('',(-56.,10.1,34.5));
#751 = DIRECTION('',(0.,1.,0.));
#752 = DIRECTION('',(0.,-0.,1.));
#753 = FACE_BOUND('',#754,.F.);
#754 = EDGE_LOOP('',(#755));
#755 = ORIENTED_EDGE('',*,*,#756,.F.);
#756 = EDGE_CURVE('',#757,#757,#759,.T.);
#757 = VERTEX_POINT('',#758);
#758 = CARTESIAN_POINT('',(-50.5,10.1,36.25));
#759 = CIRCLE('',#760,1.75);
#760 = AXIS2_PLACEMENT_3D('',#761,#762,#763);
#761 = CARTESIAN_POINT('',(-50.5,10.1,34.5));
#762 = DIRECTION('',(0.,1.,0.));
#763 = DIRECTION('',(0.,-0.,1.));
#764 = FACE_BOUND('',#765,.F.);
#765 = EDGE_LOOP('',(#766));
#766 = ORIENTED_EDGE('',*,*,#767,.F.);
#767 = EDGE_CURVE('',#768,#768,#770,.T.);
#768 = VERTEX_POINT('',#769);
#769 = CARTESIAN_POINT('',(-132.75,10.1,41.729));
#770 = CIRCLE('',#771,1.6);
#771 = AXIS2_PLACEMENT_3D('',#772,#773,#774);
#772 = CARTESIAN_POINT('',(-132.75,10.1,40.129));
#773 = DIRECTION('',(0.,1.,0.));
#774 = DIRECTION('',(0.,-0.,1.));
#775 = FACE_BOUND('',#776,.F.);
#776 = EDGE_LOOP('',(#777));
#777 = ORIENTED_EDGE('',*,*,#778,.F.);
#778 = EDGE_CURVE('',#779,#779,#781,.T.);
#779 = VERTEX_POINT('',#780);
#780 = CARTESIAN_POINT('',(-126.25,10.1,41.729));
#781 = CIRCLE('',#782,1.6);
#782 = AXIS2_PLACEMENT_3D('',#783,#784,#785);
#783 = CARTESIAN_POINT('',(-126.25,10.1,40.129));
#784 = DIRECTION('',(0.,1.,0.));
#785 = DIRECTION('',(0.,-0.,1.));
#786 = FACE_BOUND('',#787,.F.);
#787 = EDGE_LOOP('',(#788));
#788 = ORIENTED_EDGE('',*,*,#789,.F.);
#789 = EDGE_CURVE('',#790,#790,#792,.T.);
#790 = VERTEX_POINT('',#791);
#791 = CARTESIAN_POINT('',(-119.75,10.1,41.729));
#792 = CIRCLE('',#793,1.6);
#793 = AXIS2_PLACEMENT_3D('',#794,#795,#796);
#794 = CARTESIAN_POINT('',(-119.75,10.1,40.129));
#795 = DIRECTION('',(0.,1.,0.));
#796 = DIRECTION('',(0.,-0.,1.));
#797 = FACE_BOUND('',#798,.F.);
#798 = EDGE_LOOP('',(#799));
#799 = ORIENTED_EDGE('',*,*,#800,.F.);
#800 = EDGE_CURVE('',#801,#801,#803,.T.);
#801 = VERTEX_POINT('',#802);
#802 = CARTESIAN_POINT('',(-113.25,10.1,41.729));
#803 = CIRCLE('',#804,1.6);
#804 = AXIS2_PLACEMENT_3D('',#805,#806,#807);
#805 = CARTESIAN_POINT('',(-113.25,10.1,40.129));
#806 = DIRECTION('',(0.,1.,0.));
#807 = DIRECTION('',(0.,-0.,1.));
#808 = FACE_BOUND('',#809,.F.);
#809 = EDGE_LOOP('',(#810));
#810 = ORIENTED_EDGE('',*,*,#811,.F.);
#811 = EDGE_CURVE('',#812,#812,#814,.T.);
#812 = VERTEX_POINT('',#813);
#813 = CARTESIAN_POINT('',(-106.75,10.1,41.729));
#814 = CIRCLE('',#815,1.6);
#815 = AXIS2_PLACEMENT_3D('',#816,#817,#818);
#816 = CARTESIAN_POINT('',(-106.75,10.1,40.129));
#817 = DIRECTION('',(0.,1.,0.));
#818 = DIRECTION('',(0.,-0.,1.));
#819 = FACE_BOUND('',#820,.F.);
#820 = EDGE_LOOP('',(#821));
#821 = ORIENTED_EDGE('',*,*,#822,.F.);
#822 = EDGE_CURVE('',#823,#823,#825,.T.);
#823 = VERTEX_POINT('',#824);
#824 = CARTESIAN_POINT('',(-100.25,10.1,41.729));
#825 = CIRCLE('',#826,1.6);
#826 = AXIS2_PLACEMENT_3D('',#827,#828,#829);
#827 = CARTESIAN_POINT('',(-100.25,10.1,40.129));
#828 = DIRECTION('',(0.,1.,0.));
#829 = DIRECTION('',(0.,-0.,1.));
#830 = FACE_BOUND('',#831,.F.);
#831 = EDGE_LOOP('',(#832));
#832 = ORIENTED_EDGE('',*,*,#833,.F.);
#833 = EDGE_CURVE('',#834,#834,#836,.T.);
#834 = VERTEX_POINT('',#835);
#835 = CARTESIAN_POINT('',(-93.75,10.1,41.729));
#836 = CIRCLE('',#837,1.6);
#837 = AXIS2_PLACEMENT_3D('',#838,#839,#840);
#838 = CARTESIAN_POINT('',(-93.75,10.1,40.129));
#839 = DIRECTION('',(0.,1.,0.));
#840 = DIRECTION('',(0.,-0.,1.));
#841 = FACE_BOUND('',#842,.F.);
#842 = EDGE_LOOP('',(#843));
#843 = ORIENTED_EDGE('',*,*,#844,.F.);
#844 = EDGE_CURVE('',#845,#845,#847,.T.);
#845 = VERTEX_POINT('',#846);
#846 = CARTESIAN_POINT('',(-136.,10.1,47.358));
#847 = CIRCLE('',#848,1.6);
#848 = AXIS2_PLACEMENT_3D('',#849,#850,#851);
#849 = CARTESIAN_POINT('',(-136.,10.1,45.758));
#850 = DIRECTION('',(0.,1.,0.));
#851 = DIRECTION('',(0.,-0.,1.));
#852 = FACE_BOUND('',#853,.F.);
#853 = EDGE_LOOP('',(#854));
#854 = ORIENTED_EDGE('',*,*,#855,.F.);
#855 = EDGE_CURVE('',#856,#856,#858,.T.);
#856 = VERTEX_POINT('',#857);
#857 = CARTESIAN_POINT('',(-129.5,10.1,47.358));
#858 = CIRCLE('',#859,1.6);
#859 = AXIS2_PLACEMENT_3D('',#860,#861,#862);
#860 = CARTESIAN_POINT('',(-129.5,10.1,45.758));
#861 = DIRECTION('',(0.,1.,0.));
#862 = DIRECTION('',(0.,-0.,1.));
#863 = FACE_BOUND('',#864,.F.);
#864 = EDGE_LOOP('',(#865));
#865 = ORIENTED_EDGE('',*,*,#866,.F.);
#866 = EDGE_CURVE('',#867,#867,#869,.T.);
#867 = VERTEX_POINT('',#868);
#868 = CARTESIAN_POINT('',(-123.,10.1,47.358));
#869 = CIRCLE('',#870,1.6);
#870 = AXIS2_PLACEMENT_3D('',#871,#872,#873);
#871 = CARTESIAN_POINT('',(-123.,10.1,45.758));
#872 = DIRECTION('',(0.,1.,0.));
#873 = DIRECTION('',(0.,-0.,1.));
#874 = FACE_BOUND('',#875,.F.);
#875 = EDGE_LOOP('',(#876));
#876 = ORIENTED_EDGE('',*,*,#877,.F.);
#877 = EDGE_CURVE('',#878,#878,#880,.T.);
#878 = VERTEX_POINT('',#879);
#879 = CARTESIAN_POINT('',(-132.75,10.1,52.987));
#880 = CIRCLE('',#881,1.6);
#881 = AXIS2_PLACEMENT_3D('',#882,#883,#884);
#882 = CARTESIAN_POINT('',(-132.75,10.1,51.387));
#883 = DIRECTION('',(0.,1.,0.));
#884 = DIRECTION('',(0.,-0.,1.));
#885 = FACE_BOUND('',#886,.F.);
#886 = EDGE_LOOP('',(#887));
#887 = ORIENTED_EDGE('',*,*,#888,.F.);
#888 = EDGE_CURVE('',#889,#889,#891,.T.);
#889 = VERTEX_POINT('',#890);
#890 = CARTESIAN_POINT('',(-138.66,10.1,56.7));
#891 = CIRCLE('',#892,1.7);
#892 = AXIS2_PLACEMENT_3D('',#893,#894,#895);
#893 = CARTESIAN_POINT('',(-138.66,10.1,55.));
#894 = DIRECTION('',(0.,1.,0.));
#895 = DIRECTION('',(0.,-0.,1.));
#896 = FACE_BOUND('',#897,.F.);
#897 = EDGE_LOOP('',(#898));
#898 = ORIENTED_EDGE('',*,*,#899,.F.);
#899 = EDGE_CURVE('',#900,#900,#902,.T.);
#900 = VERTEX_POINT('',#901);
#901 = CARTESIAN_POINT('',(-126.25,10.1,52.987));
#902 = CIRCLE('',#903,1.6);
#903 = AXIS2_PLACEMENT_3D('',#904,#905,#906);
#904 = CARTESIAN_POINT('',(-126.25,10.1,51.387));
#905 = DIRECTION('',(0.,1.,0.));
#906 = DIRECTION('',(0.,-0.,1.));
#907 = FACE_BOUND('',#908,.F.);
#908 = EDGE_LOOP('',(#909));
#909 = ORIENTED_EDGE('',*,*,#910,.F.);
#910 = EDGE_CURVE('',#911,#911,#913,.T.);
#911 = VERTEX_POINT('',#912);
#912 = CARTESIAN_POINT('',(-119.75,10.1,52.987));
#913 = CIRCLE('',#914,1.6);
#914 = AXIS2_PLACEMENT_3D('',#915,#916,#917);
#915 = CARTESIAN_POINT('',(-119.75,10.1,51.387));
#916 = DIRECTION('',(0.,1.,0.));
#917 = DIRECTION('',(0.,-0.,1.));
#918 = FACE_BOUND('',#919,.F.);
#919 = EDGE_LOOP('',(#920));
#920 = ORIENTED_EDGE('',*,*,#921,.F.);
#921 = EDGE_CURVE('',#922,#922,#924,.T.);
#922 = VERTEX_POINT('',#923);
#923 = CARTESIAN_POINT('',(-116.5,10.1,47.358));
#924 = CIRCLE('',#925,1.6);
#925 = AXIS2_PLACEMENT_3D('',#926,#927,#928);
#926 = CARTESIAN_POINT('',(-116.5,10.1,45.758));
#927 = DIRECTION('',(0.,1.,0.));
#928 = DIRECTION('',(0.,-0.,1.));
#929 = FACE_BOUND('',#930,.F.);
#930 = EDGE_LOOP('',(#931));
#931 = ORIENTED_EDGE('',*,*,#932,.F.);
#932 = EDGE_CURVE('',#933,#933,#935,.T.);
#933 = VERTEX_POINT('',#934);
#934 = CARTESIAN_POINT('',(-110.,10.1,47.358));
#935 = CIRCLE('',#936,1.6);
#936 = AXIS2_PLACEMENT_3D('',#937,#938,#939);
#937 = CARTESIAN_POINT('',(-110.,10.1,45.758));
#938 = DIRECTION('',(0.,1.,0.));
#939 = DIRECTION('',(0.,-0.,1.));
#940 = FACE_BOUND('',#941,.F.);
#941 = EDGE_LOOP('',(#942));
#942 = ORIENTED_EDGE('',*,*,#943,.F.);
#943 = EDGE_CURVE('',#944,#944,#946,.T.);
#944 = VERTEX_POINT('',#945);
#945 = CARTESIAN_POINT('',(-103.5,10.1,47.358));
#946 = CIRCLE('',#947,1.6);
#947 = AXIS2_PLACEMENT_3D('',#948,#949,#950);
#948 = CARTESIAN_POINT('',(-103.5,10.1,45.758));
#949 = DIRECTION('',(0.,1.,0.));
#950 = DIRECTION('',(0.,-0.,1.));
#951 = FACE_BOUND('',#952,.F.);
#952 = EDGE_LOOP('',(#953));
#953 = ORIENTED_EDGE('',*,*,#954,.F.);
#954 = EDGE_CURVE('',#955,#955,#957,.T.);
#955 = VERTEX_POINT('',#956);
#956 = CARTESIAN_POINT('',(-97.,10.1,47.358));
#957 = CIRCLE('',#958,1.6);
#958 = AXIS2_PLACEMENT_3D('',#959,#960,#961);
#959 = CARTESIAN_POINT('',(-97.,10.1,45.758));
#960 = DIRECTION('',(0.,1.,0.));
#961 = DIRECTION('',(0.,-0.,1.));
#962 = FACE_BOUND('',#963,.F.);
#963 = EDGE_LOOP('',(#964));
#964 = ORIENTED_EDGE('',*,*,#965,.F.);
#965 = EDGE_CURVE('',#966,#966,#968,.T.);
#966 = VERTEX_POINT('',#967);
#967 = CARTESIAN_POINT('',(-113.25,10.1,52.987));
#968 = CIRCLE('',#969,1.6);
#969 = AXIS2_PLACEMENT_3D('',#970,#971,#972);
#970 = CARTESIAN_POINT('',(-113.25,10.1,51.387));
#971 = DIRECTION('',(0.,1.,0.));
#972 = DIRECTION('',(0.,-0.,1.));
#973 = FACE_BOUND('',#974,.F.);
#974 = EDGE_LOOP('',(#975));
#975 = ORIENTED_EDGE('',*,*,#976,.F.);
#976 = EDGE_CURVE('',#977,#977,#979,.T.);
#977 = VERTEX_POINT('',#978);
#978 = CARTESIAN_POINT('',(-106.75,10.1,52.987));
#979 = CIRCLE('',#980,1.6);
#980 = AXIS2_PLACEMENT_3D('',#981,#982,#983);
#981 = CARTESIAN_POINT('',(-106.75,10.1,51.387));
#982 = DIRECTION('',(0.,1.,0.));
#983 = DIRECTION('',(0.,-0.,1.));
#984 = FACE_BOUND('',#985,.F.);
#985 = EDGE_LOOP('',(#986));
#986 = ORIENTED_EDGE('',*,*,#987,.F.);
#987 = EDGE_CURVE('',#988,#988,#990,.T.);
#988 = VERTEX_POINT('',#989);
#989 = CARTESIAN_POINT('',(-100.25,10.1,52.987));
#990 = CIRCLE('',#991,1.6);
#991 = AXIS2_PLACEMENT_3D('',#992,#993,#994);
#992 = CARTESIAN_POINT('',(-100.25,10.1,51.387));
#993 = DIRECTION('',(0.,1.,0.));
#994 = DIRECTION('',(0.,-0.,1.));
#995 = FACE_BOUND('',#996,.F.);
#996 = EDGE_LOOP('',(#997));
#997 = ORIENTED_EDGE('',*,*,#998,.F.);
#998 = EDGE_CURVE('',#999,#999,#1001,.T.);
#999 = VERTEX_POINT('',#1000);
#1000 = CARTESIAN_POINT('',(-93.75,10.1,52.987));
#1001 = CIRCLE('',#1002,1.6);
#1002 = AXIS2_PLACEMENT_3D('',#1003,#1004,#1005);
#1003 = CARTESIAN_POINT('',(-93.75,10.1,51.387));
#1004 = DIRECTION('',(0.,1.,0.));
#1005 = DIRECTION('',(0.,-0.,1.));
#1006 = FACE_BOUND('',#1007,.F.);
#1007 = EDGE_LOOP('',(#1008));
#1008 = ORIENTED_EDGE('',*,*,#1009,.F.);
#1009 = EDGE_CURVE('',#1010,#1010,#1012,.T.);
#1010 = VERTEX_POINT('',#1011);
#1011 = CARTESIAN_POINT('',(-87.25,10.1,41.729));
#1012 = CIRCLE('',#1013,1.6);
#1013 = AXIS2_PLACEMENT_3D('',#1014,#1015,#1016);
#1014 = CARTESIAN_POINT('',(-87.25,10.1,40.129));
#1015 = DIRECTION('',(0.,1.,0.));
#1016 = DIRECTION('',(0.,-0.,1.));
#1017 = FACE_BOUND('',#1018,.F.);
#1018 = EDGE_LOOP('',(#1019));
#1019 = ORIENTED_EDGE('',*,*,#1020,.F.);
#1020 = EDGE_CURVE('',#1021,#1021,#1023,.T.);
#1021 = VERTEX_POINT('',#1022);
#1022 = CARTESIAN_POINT('',(-80.75,10.1,41.729));
#1023 = CIRCLE('',#1024,1.6);
#1024 = AXIS2_PLACEMENT_3D('',#1025,#1026,#1027);
#1025 = CARTESIAN_POINT('',(-80.75,10.1,40.129));
#1026 = DIRECTION('',(0.,1.,0.));
#1027 = DIRECTION('',(0.,-0.,1.));
#1028 = FACE_BOUND('',#1029,.F.);
#1029 = EDGE_LOOP('',(#1030));
#1030 = ORIENTED_EDGE('',*,*,#1031,.F.);
#1031 = EDGE_CURVE('',#1032,#1032,#1034,.T.);
#1032 = VERTEX_POINT('',#1033);
#1033 = CARTESIAN_POINT('',(-74.25,10.1,41.729));
#1034 = CIRCLE('',#1035,1.6);
#1035 = AXIS2_PLACEMENT_3D('',#1036,#1037,#1038);
#1036 = CARTESIAN_POINT('',(-74.25,10.1,40.129));
#1037 = DIRECTION('',(0.,1.,0.));
#1038 = DIRECTION('',(0.,-0.,1.));
#1039 = FACE_BOUND('',#1040,.F.);
#1040 = EDGE_LOOP('',(#1041));
#1041 = ORIENTED_EDGE('',*,*,#1042,.F.);
#1042 = EDGE_CURVE('',#1043,#1043,#1045,.T.);
#1043 = VERTEX_POINT('',#1044);
#1044 = CARTESIAN_POINT('',(-58.75,10.1,41.013));
#1045 = CIRCLE('',#1046,1.75);
#1046 = AXIS2_PLACEMENT_3D('',#1047,#1048,#1049);
#1047 = CARTESIAN_POINT('',(-58.75,10.1,39.263));
#1048 = DIRECTION('',(0.,1.,0.));
#1049 = DIRECTION('',(0.,-0.,1.));
#1050 = FACE_BOUND('',#1051,.F.);
#1051 = EDGE_LOOP('',(#1052));
#1052 = ORIENTED_EDGE('',*,*,#1053,.F.);
#1053 = EDGE_CURVE('',#1054,#1054,#1056,.T.);
#1054 = VERTEX_POINT('',#1055);
#1055 = CARTESIAN_POINT('',(-53.25,10.1,41.013));
#1056 = CIRCLE('',#1057,1.75);
#1057 = AXIS2_PLACEMENT_3D('',#1058,#1059,#1060);
#1058 = CARTESIAN_POINT('',(-53.25,10.1,39.263));
#1059 = DIRECTION('',(0.,1.,0.));
#1060 = DIRECTION('',(0.,-0.,1.));
#1061 = FACE_BOUND('',#1062,.F.);
#1062 = EDGE_LOOP('',(#1063));
#1063 = ORIENTED_EDGE('',*,*,#1064,.F.);
#1064 = EDGE_CURVE('',#1065,#1065,#1067,.T.);
#1065 = VERTEX_POINT('',#1066);
#1066 = CARTESIAN_POINT('',(-47.75,10.1,41.013));
#1067 = CIRCLE('',#1068,1.75);
#1068 = AXIS2_PLACEMENT_3D('',#1069,#1070,#1071);
#1069 = CARTESIAN_POINT('',(-47.75,10.1,39.263));
#1070 = DIRECTION('',(0.,1.,0.));
#1071 = DIRECTION('',(0.,-0.,1.));
#1072 = FACE_BOUND('',#1073,.F.);
#1073 = EDGE_LOOP('',(#1074));
#1074 = ORIENTED_EDGE('',*,*,#1075,.F.);
#1075 = EDGE_CURVE('',#1076,#1076,#1078,.T.);
#1076 = VERTEX_POINT('',#1077);
#1077 = CARTESIAN_POINT('',(-67.75,10.1,41.729));
#1078 = CIRCLE('',#1079,1.6);
#1079 = AXIS2_PLACEMENT_3D('',#1080,#1081,#1082);
#1080 = CARTESIAN_POINT('',(-67.75,10.1,40.129));
#1081 = DIRECTION('',(0.,1.,0.));
#1082 = DIRECTION('',(0.,-0.,1.));
#1083 = FACE_BOUND('',#1084,.F.);
#1084 = EDGE_LOOP('',(#1085));
#1085 = ORIENTED_EDGE('',*,*,#1086,.F.);
#1086 = EDGE_CURVE('',#1087,#1087,#1089,.T.);
#1087 = VERTEX_POINT('',#1088);
#1088 = CARTESIAN_POINT('',(-56.,10.1,45.776));
#1089 = CIRCLE('',#1090,1.75);
#1090 = AXIS2_PLACEMENT_3D('',#1091,#1092,#1093);
#1091 = CARTESIAN_POINT('',(-56.,10.1,44.026));
#1092 = DIRECTION('',(0.,1.,0.));
#1093 = DIRECTION('',(0.,-0.,1.));
#1094 = FACE_BOUND('',#1095,.F.);
#1095 = EDGE_LOOP('',(#1096));
#1096 = ORIENTED_EDGE('',*,*,#1097,.F.);
#1097 = EDGE_CURVE('',#1098,#1098,#1100,.T.);
#1098 = VERTEX_POINT('',#1099);
#1099 = CARTESIAN_POINT('',(-50.5,10.1,45.776));
#1100 = CIRCLE('',#1101,1.75);
#1101 = AXIS2_PLACEMENT_3D('',#1102,#1103,#1104);
#1102 = CARTESIAN_POINT('',(-50.5,10.1,44.026));
#1103 = DIRECTION('',(0.,1.,0.));
#1104 = DIRECTION('',(0.,-0.,1.));
#1105 = FACE_BOUND('',#1106,.F.);
#1106 = EDGE_LOOP('',(#1107));
#1107 = ORIENTED_EDGE('',*,*,#1108,.F.);
#1108 = EDGE_CURVE('',#1109,#1109,#1111,.T.);
#1109 = VERTEX_POINT('',#1110);
#1110 = CARTESIAN_POINT('',(-90.5,10.1,47.358));
#1111 = CIRCLE('',#1112,1.6);
#1112 = AXIS2_PLACEMENT_3D('',#1113,#1114,#1115);
#1113 = CARTESIAN_POINT('',(-90.5,10.1,45.758));
#1114 = DIRECTION('',(0.,1.,0.));
#1115 = DIRECTION('',(0.,-0.,1.));
#1116 = FACE_BOUND('',#1117,.F.);
#1117 = EDGE_LOOP('',(#1118));
#1118 = ORIENTED_EDGE('',*,*,#1119,.F.);
#1119 = EDGE_CURVE('',#1120,#1120,#1122,.T.);
#1120 = VERTEX_POINT('',#1121);
#1121 = CARTESIAN_POINT('',(-84.,10.1,47.358));
#1122 = CIRCLE('',#1123,1.6);
#1123 = AXIS2_PLACEMENT_3D('',#1124,#1125,#1126);
#1124 = CARTESIAN_POINT('',(-84.,10.1,45.758));
#1125 = DIRECTION('',(0.,1.,0.));
#1126 = DIRECTION('',(0.,-0.,1.));
#1127 = FACE_BOUND('',#1128,.F.);
#1128 = EDGE_LOOP('',(#1129));
#1129 = ORIENTED_EDGE('',*,*,#1130,.F.);
#1130 = EDGE_CURVE('',#1131,#1131,#1133,.T.);
#1131 = VERTEX_POINT('',#1132);
#1132 = CARTESIAN_POINT('',(-77.5,10.1,47.358));
#1133 = CIRCLE('',#1134,1.6);
#1134 = AXIS2_PLACEMENT_3D('',#1135,#1136,#1137);
#1135 = CARTESIAN_POINT('',(-77.5,10.1,45.758));
#1136 = DIRECTION('',(0.,1.,0.));
#1137 = DIRECTION('',(0.,-0.,1.));
#1138 = FACE_BOUND('',#1139,.F.);
#1139 = EDGE_LOOP('',(#1140));
#1140 = ORIENTED_EDGE('',*,*,#1141,.F.);
#1141 = EDGE_CURVE('',#1142,#1142,#1144,.T.);
#1142 = VERTEX_POINT('',#1143);
#1143 = CARTESIAN_POINT('',(-71.,10.1,47.358));
#1144 = CIRCLE('',#1145,1.6);
#1145 = AXIS2_PLACEMENT_3D('',#1146,#1147,#1148);
#1146 = CARTESIAN_POINT('',(-71.,10.1,45.758));
#1147 = DIRECTION('',(0.,1.,0.));
#1148 = DIRECTION('',(0.,-0.,1.));
#1149 = FACE_BOUND('',#1150,.F.);
#1150 = EDGE_LOOP('',(#1151));
#1151 = ORIENTED_EDGE('',*,*,#1152,.F.);
#1152 = EDGE_CURVE('',#1153,#1153,#1155,.T.);
#1153 = VERTEX_POINT('',#1154);
#1154 = CARTESIAN_POINT('',(-87.25,10.1,52.987));
#1155 = CIRCLE('',#1156,1.6);
#1156 = AXIS2_PLACEMENT_3D('',#1157,#1158,#1159);
#1157 = CARTESIAN_POINT('',(-87.25,10.1,51.387));
#1158 = DIRECTION('',(0.,1.,0.));
#1159 = DIRECTION('',(0.,-0.,1.));
#1160 = FACE_BOUND('',#1161,.F.);
#1161 = EDGE_LOOP('',(#1162));
#1162 = ORIENTED_EDGE('',*,*,#1163,.F.);
#1163 = EDGE_CURVE('',#1164,#1164,#1166,.T.);
#1164 = VERTEX_POINT('',#1165);
#1165 = CARTESIAN_POINT('',(-80.75,10.1,52.987));
#1166 = CIRCLE('',#1167,1.6);
#1167 = AXIS2_PLACEMENT_3D('',#1168,#1169,#1170);
#1168 = CARTESIAN_POINT('',(-80.75,10.1,51.387));
#1169 = DIRECTION('',(0.,1.,0.));
#1170 = DIRECTION('',(0.,-0.,1.));
#1171 = FACE_BOUND('',#1172,.F.);
#1172 = EDGE_LOOP('',(#1173));
#1173 = ORIENTED_EDGE('',*,*,#1174,.F.);
#1174 = EDGE_CURVE('',#1175,#1175,#1177,.T.);
#1175 = VERTEX_POINT('',#1176);
#1176 = CARTESIAN_POINT('',(-74.25,10.1,52.987));
#1177 = CIRCLE('',#1178,1.6);
#1178 = AXIS2_PLACEMENT_3D('',#1179,#1180,#1181);
#1179 = CARTESIAN_POINT('',(-74.25,10.1,51.387));
#1180 = DIRECTION('',(0.,1.,0.));
#1181 = DIRECTION('',(0.,-0.,1.));
#1182 = FACE_BOUND('',#1183,.F.);
#1183 = EDGE_LOOP('',(#1184));
#1184 = ORIENTED_EDGE('',*,*,#1185,.F.);
#1185 = EDGE_CURVE('',#1186,#1186,#1188,.T.);
#1186 = VERTEX_POINT('',#1187);
#1187 = CARTESIAN_POINT('',(-64.5,10.1,47.358));
#1188 = CIRCLE('',#1189,1.6);
#1189 = AXIS2_PLACEMENT_3D('',#1190,#1191,#1192);
#1190 = CARTESIAN_POINT('',(-64.5,10.1,45.758));
#1191 = DIRECTION('',(0.,1.,0.));
#1192 = DIRECTION('',(0.,-0.,1.));
#1193 = FACE_BOUND('',#1194,.F.);
#1194 = EDGE_LOOP('',(#1195,#1206,#1215,#1224));
#1195 = ORIENTED_EDGE('',*,*,#1196,.F.);
#1196 = EDGE_CURVE('',#1197,#1199,#1201,.T.);
#1197 = VERTEX_POINT('',#1198);
#1198 = CARTESIAN_POINT('',(-54.75,10.1,52.987));
#1199 = VERTEX_POINT('',#1200);
#1200 = CARTESIAN_POINT('',(-53.39709403131,10.1,50.532807141272));
#1201 = CIRCLE('',#1202,1.6);
#1202 = AXIS2_PLACEMENT_3D('',#1203,#1204,#1205);
#1203 = CARTESIAN_POINT('',(-54.75,10.1,51.387));
#1204 = DIRECTION('',(0.,1.,0.));
#1205 = DIRECTION('',(0.,-0.,1.));
#1206 = ORIENTED_EDGE('',*,*,#1207,.F.);
#1207 = EDGE_CURVE('',#1208,#1197,#1210,.T.);
#1208 = VERTEX_POINT('',#1209);
#1209 = CARTESIAN_POINT('',(-54.68665965384,10.1,49.788254241429));
#1210 = CIRCLE('',#1211,1.6);
#1211 = AXIS2_PLACEMENT_3D('',#1212,#1213,#1214);
#1212 = CARTESIAN_POINT('',(-54.75,10.1,51.387));
#1213 = DIRECTION('',(0.,1.,0.));
#1214 = DIRECTION('',(0.,-0.,1.));
#1215 = ORIENTED_EDGE('',*,*,#1216,.F.);
#1216 = EDGE_CURVE('',#1217,#1208,#1219,.T.);
#1217 = VERTEX_POINT('',#1218);
#1218 = CARTESIAN_POINT('',(-53.25,10.1,50.539));
#1219 = CIRCLE('',#1220,1.75);
#1220 = AXIS2_PLACEMENT_3D('',#1221,#1222,#1223);
#1221 = CARTESIAN_POINT('',(-53.25,10.1,48.789));
#1222 = DIRECTION('',(0.,1.,0.));
#1223 = DIRECTION('',(0.,-0.,1.));
#1224 = ORIENTED_EDGE('',*,*,#1225,.F.);
#1225 = EDGE_CURVE('',#1199,#1217,#1226,.T.);
#1226 = CIRCLE('',#1227,1.75);
#1227 = AXIS2_PLACEMENT_3D('',#1228,#1229,#1230);
#1228 = CARTESIAN_POINT('',(-53.25,10.1,48.789));
#1229 = DIRECTION('',(0.,1.,0.));
#1230 = DIRECTION('',(0.,-0.,1.));
#1231 = FACE_BOUND('',#1232,.F.);
#1232 = EDGE_LOOP('',(#1233));
#1233 = ORIENTED_EDGE('',*,*,#1234,.F.);
#1234 = EDGE_CURVE('',#1235,#1235,#1237,.T.);
#1235 = VERTEX_POINT('',#1236);
#1236 = CARTESIAN_POINT('',(-47.75,10.1,50.539));
#1237 = CIRCLE('',#1238,1.75);
#1238 = AXIS2_PLACEMENT_3D('',#1239,#1240,#1241);
#1239 = CARTESIAN_POINT('',(-47.75,10.1,48.789));
#1240 = DIRECTION('',(0.,1.,0.));
#1241 = DIRECTION('',(0.,-0.,1.));
#1242 = FACE_BOUND('',#1243,.F.);
#1243 = EDGE_LOOP('',(#1244));
#1244 = ORIENTED_EDGE('',*,*,#1245,.F.);
#1245 = EDGE_CURVE('',#1246,#1246,#1248,.T.);
#1246 = VERTEX_POINT('',#1247);
#1247 = CARTESIAN_POINT('',(-67.75,10.1,52.987));
#1248 = CIRCLE('',#1249,1.6);
#1249 = AXIS2_PLACEMENT_3D('',#1250,#1251,#1252);
#1250 = CARTESIAN_POINT('',(-67.75,10.1,51.387));
#1251 = DIRECTION('',(0.,1.,0.));
#1252 = DIRECTION('',(0.,-0.,1.));
#1253 = FACE_BOUND('',#1254,.F.);
#1254 = EDGE_LOOP('',(#1255));
#1255 = ORIENTED_EDGE('',*,*,#1256,.F.);
#1256 = EDGE_CURVE('',#1257,#1257,#1259,.T.);
#1257 = VERTEX_POINT('',#1258);
#1258 = CARTESIAN_POINT('',(-61.25,10.1,52.987));
#1259 = CIRCLE('',#1260,1.6);
#1260 = AXIS2_PLACEMENT_3D('',#1261,#1262,#1263);
#1261 = CARTESIAN_POINT('',(-61.25,10.1,51.387));
#1262 = DIRECTION('',(0.,1.,0.));
#1263 = DIRECTION('',(0.,-0.,1.));
#1264 = FACE_BOUND('',#1265,.F.);
#1265 = EDGE_LOOP('',(#1266));
#1266 = ORIENTED_EDGE('',*,*,#1267,.F.);
#1267 = EDGE_CURVE('',#1268,#1268,#1270,.T.);
#1268 = VERTEX_POINT('',#1269);
#1269 = CARTESIAN_POINT('',(-28.75,10.1,19.213));
#1270 = CIRCLE('',#1271,1.6);
#1271 = AXIS2_PLACEMENT_3D('',#1272,#1273,#1274);
#1272 = CARTESIAN_POINT('',(-28.75,10.1,17.613));
#1273 = DIRECTION('',(0.,1.,0.));
#1274 = DIRECTION('',(0.,-0.,1.));
#1275 = FACE_BOUND('',#1276,.F.);
#1276 = EDGE_LOOP('',(#1277));
#1277 = ORIENTED_EDGE('',*,*,#1278,.F.);
#1278 = EDGE_CURVE('',#1279,#1279,#1281,.T.);
#1279 = VERTEX_POINT('',#1280);
#1280 = CARTESIAN_POINT('',(-22.25,10.1,19.213));
#1281 = CIRCLE('',#1282,1.6);
#1282 = AXIS2_PLACEMENT_3D('',#1283,#1284,#1285);
#1283 = CARTESIAN_POINT('',(-22.25,10.1,17.613));
#1284 = DIRECTION('',(0.,1.,0.));
#1285 = DIRECTION('',(0.,-0.,1.));
#1286 = FACE_BOUND('',#1287,.F.);
#1287 = EDGE_LOOP('',(#1288));
#1288 = ORIENTED_EDGE('',*,*,#1289,.F.);
#1289 = EDGE_CURVE('',#1290,#1290,#1292,.T.);
#1290 = VERTEX_POINT('',#1291);
#1291 = CARTESIAN_POINT('',(-42.25,10.1,21.961));
#1292 = CIRCLE('',#1293,1.75);
#1293 = AXIS2_PLACEMENT_3D('',#1294,#1295,#1296);
#1294 = CARTESIAN_POINT('',(-42.25,10.1,20.211));
#1295 = DIRECTION('',(0.,1.,0.));
#1296 = DIRECTION('',(0.,-0.,1.));
#1297 = FACE_BOUND('',#1298,.F.);
#1298 = EDGE_LOOP('',(#1299,#1310,#1319,#1328));
#1299 = ORIENTED_EDGE('',*,*,#1300,.F.);
#1300 = EDGE_CURVE('',#1301,#1303,#1305,.T.);
#1301 = VERTEX_POINT('',#1302);
#1302 = CARTESIAN_POINT('',(-35.25,10.1,19.213));
#1303 = VERTEX_POINT('',#1304);
#1304 = CARTESIAN_POINT('',(-36.60290596868,10.1,18.467192858728));
#1305 = CIRCLE('',#1306,1.6);
#1306 = AXIS2_PLACEMENT_3D('',#1307,#1308,#1309);
#1307 = CARTESIAN_POINT('',(-35.25,10.1,17.613));
#1308 = DIRECTION('',(0.,1.,0.));
#1309 = DIRECTION('',(0.,-0.,1.));
#1310 = ORIENTED_EDGE('',*,*,#1311,.F.);
#1311 = EDGE_CURVE('',#1312,#1301,#1314,.T.);
#1312 = VERTEX_POINT('',#1313);
#1313 = CARTESIAN_POINT('',(-35.31334034615,10.1,19.211745758571));
#1314 = CIRCLE('',#1315,1.6);
#1315 = AXIS2_PLACEMENT_3D('',#1316,#1317,#1318);
#1316 = CARTESIAN_POINT('',(-35.25,10.1,17.613));
#1317 = DIRECTION('',(0.,1.,0.));
#1318 = DIRECTION('',(0.,-0.,1.));
#1319 = ORIENTED_EDGE('',*,*,#1320,.F.);
#1320 = EDGE_CURVE('',#1321,#1312,#1323,.T.);
#1321 = VERTEX_POINT('',#1322);
#1322 = CARTESIAN_POINT('',(-36.75,10.1,21.961));
#1323 = CIRCLE('',#1324,1.75);
#1324 = AXIS2_PLACEMENT_3D('',#1325,#1326,#1327);
#1325 = CARTESIAN_POINT('',(-36.75,10.1,20.211));
#1326 = DIRECTION('',(0.,1.,0.));
#1327 = DIRECTION('',(0.,-0.,1.));
#1328 = ORIENTED_EDGE('',*,*,#1329,.F.);
#1329 = EDGE_CURVE('',#1303,#1321,#1330,.T.);
#1330 = CIRCLE('',#1331,1.75);
#1331 = AXIS2_PLACEMENT_3D('',#1332,#1333,#1334);
#1332 = CARTESIAN_POINT('',(-36.75,10.1,20.211));
#1333 = DIRECTION('',(0.,1.,0.));
#1334 = DIRECTION('',(0.,-0.,1.));
#1335 = FACE_BOUND('',#1336,.F.);
#1336 = EDGE_LOOP('',(#1337));
#1337 = ORIENTED_EDGE('',*,*,#1338,.F.);
#1338 = EDGE_CURVE('',#1339,#1339,#1341,.T.);
#1339 = VERTEX_POINT('',#1340);
#1340 = CARTESIAN_POINT('',(-25.5,10.1,24.842));
#1341 = CIRCLE('',#1342,1.6);
#1342 = AXIS2_PLACEMENT_3D('',#1343,#1344,#1345);
#1343 = CARTESIAN_POINT('',(-25.5,10.1,23.242));
#1344 = DIRECTION('',(0.,1.,0.));
#1345 = DIRECTION('',(0.,-0.,1.));
#1346 = FACE_BOUND('',#1347,.F.);
#1347 = EDGE_LOOP('',(#1348));
#1348 = ORIENTED_EDGE('',*,*,#1349,.F.);
#1349 = EDGE_CURVE('',#1350,#1350,#1352,.T.);
#1350 = VERTEX_POINT('',#1351);
#1351 = CARTESIAN_POINT('',(-15.75,10.1,19.213));
#1352 = CIRCLE('',#1353,1.6);
#1353 = AXIS2_PLACEMENT_3D('',#1354,#1355,#1356);
#1354 = CARTESIAN_POINT('',(-15.75,10.1,17.613));
#1355 = DIRECTION('',(0.,1.,0.));
#1356 = DIRECTION('',(0.,-0.,1.));
#1357 = FACE_BOUND('',#1358,.F.);
#1358 = EDGE_LOOP('',(#1359));
#1359 = ORIENTED_EDGE('',*,*,#1360,.F.);
#1360 = EDGE_CURVE('',#1361,#1361,#1363,.T.);
#1361 = VERTEX_POINT('',#1362);
#1362 = CARTESIAN_POINT('',(-9.25,10.1,19.213));
#1363 = CIRCLE('',#1364,1.6);
#1364 = AXIS2_PLACEMENT_3D('',#1365,#1366,#1367);
#1365 = CARTESIAN_POINT('',(-9.25,10.1,17.613));
#1366 = DIRECTION('',(0.,1.,0.));
#1367 = DIRECTION('',(0.,-0.,1.));
#1368 = FACE_BOUND('',#1369,.F.);
#1369 = EDGE_LOOP('',(#1370));
#1370 = ORIENTED_EDGE('',*,*,#1371,.F.);
#1371 = EDGE_CURVE('',#1372,#1372,#1374,.T.);
#1372 = VERTEX_POINT('',#1373);
#1373 = CARTESIAN_POINT('',(-2.75,10.1,19.213));
#1374 = CIRCLE('',#1375,1.6);
#1375 = AXIS2_PLACEMENT_3D('',#1376,#1377,#1378);
#1376 = CARTESIAN_POINT('',(-2.75,10.1,17.613));
#1377 = DIRECTION('',(0.,1.,0.));
#1378 = DIRECTION('',(0.,-0.,1.));
#1379 = FACE_BOUND('',#1380,.F.);
#1380 = EDGE_LOOP('',(#1381));
#1381 = ORIENTED_EDGE('',*,*,#1382,.F.);
#1382 = EDGE_CURVE('',#1383,#1383,#1385,.T.);
#1383 = VERTEX_POINT('',#1384);
#1384 = CARTESIAN_POINT('',(-19.,10.1,24.842));
#1385 = CIRCLE('',#1386,1.6);
#1386 = AXIS2_PLACEMENT_3D('',#1387,#1388,#1389);
#1387 = CARTESIAN_POINT('',(-19.,10.1,23.242));
#1388 = DIRECTION('',(0.,1.,0.));
#1389 = DIRECTION('',(0.,-0.,1.));
#1390 = FACE_BOUND('',#1391,.F.);
#1391 = EDGE_LOOP('',(#1392));
#1392 = ORIENTED_EDGE('',*,*,#1393,.F.);
#1393 = EDGE_CURVE('',#1394,#1394,#1396,.T.);
#1394 = VERTEX_POINT('',#1395);
#1395 = CARTESIAN_POINT('',(-12.5,10.1,24.842));
#1396 = CIRCLE('',#1397,1.6);
#1397 = AXIS2_PLACEMENT_3D('',#1398,#1399,#1400);
#1398 = CARTESIAN_POINT('',(-12.5,10.1,23.242));
#1399 = DIRECTION('',(0.,1.,0.));
#1400 = DIRECTION('',(0.,-0.,1.));
#1401 = FACE_BOUND('',#1402,.F.);
#1402 = EDGE_LOOP('',(#1403));
#1403 = ORIENTED_EDGE('',*,*,#1404,.F.);
#1404 = EDGE_CURVE('',#1405,#1405,#1407,.T.);
#1405 = VERTEX_POINT('',#1406);
#1406 = CARTESIAN_POINT('',(-6.,10.1,24.842));
#1407 = CIRCLE('',#1408,1.6);
#1408 = AXIS2_PLACEMENT_3D('',#1409,#1410,#1411);
#1409 = CARTESIAN_POINT('',(-6.,10.1,23.242));
#1410 = DIRECTION('',(0.,1.,0.));
#1411 = DIRECTION('',(0.,-0.,1.));
#1412 = FACE_BOUND('',#1413,.F.);
#1413 = EDGE_LOOP('',(#1414));
#1414 = ORIENTED_EDGE('',*,*,#1415,.F.);
#1415 = EDGE_CURVE('',#1416,#1416,#1418,.T.);
#1416 = VERTEX_POINT('',#1417);
#1417 = CARTESIAN_POINT('',(0.5,10.1,24.842));
#1418 = CIRCLE('',#1419,1.6);
#1419 = AXIS2_PLACEMENT_3D('',#1420,#1421,#1422);
#1420 = CARTESIAN_POINT('',(0.5,10.1,23.242));
#1421 = DIRECTION('',(0.,1.,0.));
#1422 = DIRECTION('',(0.,-0.,1.));
#1423 = FACE_BOUND('',#1424,.F.);
#1424 = EDGE_LOOP('',(#1425));
#1425 = ORIENTED_EDGE('',*,*,#1426,.F.);
#1426 = EDGE_CURVE('',#1427,#1427,#1429,.T.);
#1427 = VERTEX_POINT('',#1428);
#1428 = CARTESIAN_POINT('',(-45.,10.1,26.724));
#1429 = CIRCLE('',#1430,1.75);
#1430 = AXIS2_PLACEMENT_3D('',#1431,#1432,#1433);
#1431 = CARTESIAN_POINT('',(-45.,10.1,24.974));
#1432 = DIRECTION('',(0.,1.,0.));
#1433 = DIRECTION('',(0.,-0.,1.));
#1434 = FACE_BOUND('',#1435,.F.);
#1435 = EDGE_LOOP('',(#1436));
#1436 = ORIENTED_EDGE('',*,*,#1437,.F.);
#1437 = EDGE_CURVE('',#1438,#1438,#1440,.T.);
#1438 = VERTEX_POINT('',#1439);
#1439 = CARTESIAN_POINT('',(-39.5,10.1,26.724));
#1440 = CIRCLE('',#1441,1.75);
#1441 = AXIS2_PLACEMENT_3D('',#1442,#1443,#1444);
#1442 = CARTESIAN_POINT('',(-39.5,10.1,24.974));
#1443 = DIRECTION('',(0.,1.,0.));
#1444 = DIRECTION('',(0.,-0.,1.));
#1445 = FACE_BOUND('',#1446,.F.);
#1446 = EDGE_LOOP('',(#1447));
#1447 = ORIENTED_EDGE('',*,*,#1448,.F.);
#1448 = EDGE_CURVE('',#1449,#1449,#1451,.T.);
#1449 = VERTEX_POINT('',#1450);
#1450 = CARTESIAN_POINT('',(-34.,10.1,26.724));
#1451 = CIRCLE('',#1452,1.75);
#1452 = AXIS2_PLACEMENT_3D('',#1453,#1454,#1455);
#1453 = CARTESIAN_POINT('',(-34.,10.1,24.974));
#1454 = DIRECTION('',(0.,1.,0.));
#1455 = DIRECTION('',(0.,-0.,1.));
#1456 = FACE_BOUND('',#1457,.F.);
#1457 = EDGE_LOOP('',(#1458));
#1458 = ORIENTED_EDGE('',*,*,#1459,.F.);
#1459 = EDGE_CURVE('',#1460,#1460,#1462,.T.);
#1460 = VERTEX_POINT('',#1461);
#1461 = CARTESIAN_POINT('',(-22.25,10.1,30.471));
#1462 = CIRCLE('',#1463,1.6);
#1463 = AXIS2_PLACEMENT_3D('',#1464,#1465,#1466);
#1464 = CARTESIAN_POINT('',(-22.25,10.1,28.871));
#1465 = DIRECTION('',(0.,1.,0.));
#1466 = DIRECTION('',(0.,-0.,1.));
#1467 = FACE_BOUND('',#1468,.F.);
#1468 = EDGE_LOOP('',(#1469));
#1469 = ORIENTED_EDGE('',*,*,#1470,.F.);
#1470 = EDGE_CURVE('',#1471,#1471,#1473,.T.);
#1471 = VERTEX_POINT('',#1472);
#1472 = CARTESIAN_POINT('',(-42.25,10.1,31.487));
#1473 = CIRCLE('',#1474,1.75);
#1474 = AXIS2_PLACEMENT_3D('',#1475,#1476,#1477);
#1475 = CARTESIAN_POINT('',(-42.25,10.1,29.737));
#1476 = DIRECTION('',(0.,1.,0.));
#1477 = DIRECTION('',(0.,-0.,1.));
#1478 = FACE_BOUND('',#1479,.F.);
#1479 = EDGE_LOOP('',(#1480));
#1480 = ORIENTED_EDGE('',*,*,#1481,.F.);
#1481 = EDGE_CURVE('',#1482,#1482,#1484,.T.);
#1482 = VERTEX_POINT('',#1483);
#1483 = CARTESIAN_POINT('',(-36.75,10.1,31.487));
#1484 = CIRCLE('',#1485,1.75);
#1485 = AXIS2_PLACEMENT_3D('',#1486,#1487,#1488);
#1486 = CARTESIAN_POINT('',(-36.75,10.1,29.737));
#1487 = DIRECTION('',(0.,1.,0.));
#1488 = DIRECTION('',(0.,-0.,1.));
#1489 = FACE_BOUND('',#1490,.F.);
#1490 = EDGE_LOOP('',(#1491));
#1491 = ORIENTED_EDGE('',*,*,#1492,.F.);
#1492 = EDGE_CURVE('',#1493,#1493,#1495,.T.);
#1493 = VERTEX_POINT('',#1494);
#1494 = CARTESIAN_POINT('',(-45.,10.1,36.25));
#1495 = CIRCLE('',#1496,1.75);
#1496 = AXIS2_PLACEMENT_3D('',#1497,#1498,#1499);
#1497 = CARTESIAN_POINT('',(-45.,10.1,34.5));
#1498 = DIRECTION('',(0.,1.,0.));
#1499 = DIRECTION('',(0.,-0.,1.));
#1500 = FACE_BOUND('',#1501,.F.);
#1501 = EDGE_LOOP('',(#1502));
#1502 = ORIENTED_EDGE('',*,*,#1503,.F.);
#1503 = EDGE_CURVE('',#1504,#1504,#1506,.T.);
#1504 = VERTEX_POINT('',#1505);
#1505 = CARTESIAN_POINT('',(-39.5,10.1,36.25));
#1506 = CIRCLE('',#1507,1.75);
#1507 = AXIS2_PLACEMENT_3D('',#1508,#1509,#1510);
#1508 = CARTESIAN_POINT('',(-39.5,10.1,34.5));
#1509 = DIRECTION('',(0.,1.,0.));
#1510 = DIRECTION('',(0.,-0.,1.));
#1511 = FACE_BOUND('',#1512,.F.);
#1512 = EDGE_LOOP('',(#1513));
#1513 = ORIENTED_EDGE('',*,*,#1514,.F.);
#1514 = EDGE_CURVE('',#1515,#1515,#1517,.T.);
#1515 = VERTEX_POINT('',#1516);
#1516 = CARTESIAN_POINT('',(-34.,10.1,36.25));
#1517 = CIRCLE('',#1518,1.75);
#1518 = AXIS2_PLACEMENT_3D('',#1519,#1520,#1521);
#1519 = CARTESIAN_POINT('',(-34.,10.1,34.5));
#1520 = DIRECTION('',(0.,1.,0.));
#1521 = DIRECTION('',(0.,-0.,1.));
#1522 = FACE_BOUND('',#1523,.F.);
#1523 = EDGE_LOOP('',(#1524));
#1524 = ORIENTED_EDGE('',*,*,#1525,.F.);
#1525 = EDGE_CURVE('',#1526,#1526,#1528,.T.);
#1526 = VERTEX_POINT('',#1527);
#1527 = CARTESIAN_POINT('',(-31.25,10.1,31.487));
#1528 = CIRCLE('',#1529,1.75);
#1529 = AXIS2_PLACEMENT_3D('',#1530,#1531,#1532);
#1530 = CARTESIAN_POINT('',(-31.25,10.1,29.737));
#1531 = DIRECTION('',(0.,1.,0.));
#1532 = DIRECTION('',(0.,-0.,1.));
#1533 = FACE_BOUND('',#1534,.F.);
#1534 = EDGE_LOOP('',(#1535,#1546,#1555,#1564));
#1535 = ORIENTED_EDGE('',*,*,#1536,.F.);
#1536 = EDGE_CURVE('',#1537,#1539,#1541,.T.);
#1537 = VERTEX_POINT('',#1538);
#1538 = CARTESIAN_POINT('',(-25.5,10.1,36.1));
#1539 = VERTEX_POINT('',#1540);
#1540 = CARTESIAN_POINT('',(-26.91625,10.1,33.755529760501));
#1541 = CIRCLE('',#1542,1.6);
#1542 = AXIS2_PLACEMENT_3D('',#1543,#1544,#1545);
#1543 = CARTESIAN_POINT('',(-25.5,10.1,34.5));
#1544 = DIRECTION('',(0.,1.,0.));
#1545 = DIRECTION('',(0.,-0.,1.));
#1546 = ORIENTED_EDGE('',*,*,#1547,.F.);
#1547 = EDGE_CURVE('',#1548,#1537,#1550,.T.);
#1548 = VERTEX_POINT('',#1549);
#1549 = CARTESIAN_POINT('',(-26.91625,10.1,35.244470239499));
#1550 = CIRCLE('',#1551,1.6);
#1551 = AXIS2_PLACEMENT_3D('',#1552,#1553,#1554);
#1552 = CARTESIAN_POINT('',(-25.5,10.1,34.5));
#1553 = DIRECTION('',(0.,1.,0.));
#1554 = DIRECTION('',(0.,-0.,1.));
#1555 = ORIENTED_EDGE('',*,*,#1556,.F.);
#1556 = EDGE_CURVE('',#1557,#1548,#1559,.T.);
#1557 = VERTEX_POINT('',#1558);
#1558 = CARTESIAN_POINT('',(-28.5,10.1,36.25));
#1559 = CIRCLE('',#1560,1.75);
#1560 = AXIS2_PLACEMENT_3D('',#1561,#1562,#1563);
#1561 = CARTESIAN_POINT('',(-28.5,10.1,34.5));
#1562 = DIRECTION('',(0.,1.,0.));
#1563 = DIRECTION('',(0.,-0.,1.));
#1564 = ORIENTED_EDGE('',*,*,#1565,.F.);
#1565 = EDGE_CURVE('',#1539,#1557,#1566,.T.);
#1566 = CIRCLE('',#1567,1.75);
#1567 = AXIS2_PLACEMENT_3D('',#1568,#1569,#1570);
#1568 = CARTESIAN_POINT('',(-28.5,10.1,34.5));
#1569 = DIRECTION('',(0.,1.,0.));
#1570 = DIRECTION('',(0.,-0.,1.));
#1571 = FACE_BOUND('',#1572,.F.);
#1572 = EDGE_LOOP('',(#1573));
#1573 = ORIENTED_EDGE('',*,*,#1574,.F.);
#1574 = EDGE_CURVE('',#1575,#1575,#1577,.T.);
#1575 = VERTEX_POINT('',#1576);
#1576 = CARTESIAN_POINT('',(-15.75,10.1,30.471));
#1577 = CIRCLE('',#1578,1.6);
#1578 = AXIS2_PLACEMENT_3D('',#1579,#1580,#1581);
#1579 = CARTESIAN_POINT('',(-15.75,10.1,28.871));
#1580 = DIRECTION('',(0.,1.,0.));
#1581 = DIRECTION('',(0.,-0.,1.));
#1582 = FACE_BOUND('',#1583,.F.);
#1583 = EDGE_LOOP('',(#1584));
#1584 = ORIENTED_EDGE('',*,*,#1585,.F.);
#1585 = EDGE_CURVE('',#1586,#1586,#1588,.T.);
#1586 = VERTEX_POINT('',#1587);
#1587 = CARTESIAN_POINT('',(-9.25,10.1,30.471));
#1588 = CIRCLE('',#1589,1.6);
#1589 = AXIS2_PLACEMENT_3D('',#1590,#1591,#1592);
#1590 = CARTESIAN_POINT('',(-9.25,10.1,28.871));
#1591 = DIRECTION('',(0.,1.,0.));
#1592 = DIRECTION('',(0.,-0.,1.));
#1593 = FACE_BOUND('',#1594,.F.);
#1594 = EDGE_LOOP('',(#1595));
#1595 = ORIENTED_EDGE('',*,*,#1596,.F.);
#1596 = EDGE_CURVE('',#1597,#1597,#1599,.T.);
#1597 = VERTEX_POINT('',#1598);
#1598 = CARTESIAN_POINT('',(-2.75,10.1,30.471));
#1599 = CIRCLE('',#1600,1.6);
#1600 = AXIS2_PLACEMENT_3D('',#1601,#1602,#1603);
#1601 = CARTESIAN_POINT('',(-2.75,10.1,28.871));
#1602 = DIRECTION('',(0.,1.,0.));
#1603 = DIRECTION('',(0.,-0.,1.));
#1604 = FACE_BOUND('',#1605,.F.);
#1605 = EDGE_LOOP('',(#1606));
#1606 = ORIENTED_EDGE('',*,*,#1607,.F.);
#1607 = EDGE_CURVE('',#1608,#1608,#1610,.T.);
#1608 = VERTEX_POINT('',#1609);
#1609 = CARTESIAN_POINT('',(-19.,10.1,36.1));
#1610 = CIRCLE('',#1611,1.6);
#1611 = AXIS2_PLACEMENT_3D('',#1612,#1613,#1614);
#1612 = CARTESIAN_POINT('',(-19.,10.1,34.5));
#1613 = DIRECTION('',(0.,1.,0.));
#1614 = DIRECTION('',(0.,-0.,1.));
#1615 = FACE_BOUND('',#1616,.F.);
#1616 = EDGE_LOOP('',(#1617));
#1617 = ORIENTED_EDGE('',*,*,#1618,.F.);
#1618 = EDGE_CURVE('',#1619,#1619,#1621,.T.);
#1619 = VERTEX_POINT('',#1620);
#1620 = CARTESIAN_POINT('',(-12.5,10.1,36.1));
#1621 = CIRCLE('',#1622,1.6);
#1622 = AXIS2_PLACEMENT_3D('',#1623,#1624,#1625);
#1623 = CARTESIAN_POINT('',(-12.5,10.1,34.5));
#1624 = DIRECTION('',(0.,1.,0.));
#1625 = DIRECTION('',(0.,-0.,1.));
#1626 = FACE_BOUND('',#1627,.F.);
#1627 = EDGE_LOOP('',(#1628));
#1628 = ORIENTED_EDGE('',*,*,#1629,.F.);
#1629 = EDGE_CURVE('',#1630,#1630,#1632,.T.);
#1630 = VERTEX_POINT('',#1631);
#1631 = CARTESIAN_POINT('',(-6.,10.1,36.1));
#1632 = CIRCLE('',#1633,1.6);
#1633 = AXIS2_PLACEMENT_3D('',#1634,#1635,#1636);
#1634 = CARTESIAN_POINT('',(-6.,10.1,34.5));
#1635 = DIRECTION('',(0.,1.,0.));
#1636 = DIRECTION('',(0.,-0.,1.));
#1637 = FACE_BOUND('',#1638,.F.);
#1638 = EDGE_LOOP('',(#1639));
#1639 = ORIENTED_EDGE('',*,*,#1640,.F.);
#1640 = EDGE_CURVE('',#1641,#1641,#1643,.T.);
#1641 = VERTEX_POINT('',#1642);
#1642 = CARTESIAN_POINT('',(0.5,10.1,36.1));
#1643 = CIRCLE('',#1644,1.6);
#1644 = AXIS2_PLACEMENT_3D('',#1645,#1646,#1647);
#1645 = CARTESIAN_POINT('',(0.5,10.1,34.5));
#1646 = DIRECTION('',(0.,1.,0.));
#1647 = DIRECTION('',(0.,-0.,1.));
#1648 = FACE_BOUND('',#1649,.F.);
#1649 = EDGE_LOOP('',(#1650));
#1650 = ORIENTED_EDGE('',*,*,#1651,.F.);
#1651 = EDGE_CURVE('',#1652,#1652,#1654,.T.);
#1652 = VERTEX_POINT('',#1653);
#1653 = CARTESIAN_POINT('',(3.75,10.1,19.213));
#1654 = CIRCLE('',#1655,1.6);
#1655 = AXIS2_PLACEMENT_3D('',#1656,#1657,#1658);
#1656 = CARTESIAN_POINT('',(3.75,10.1,17.613));
#1657 = DIRECTION('',(0.,1.,0.));
#1658 = DIRECTION('',(0.,-0.,1.));
#1659 = FACE_BOUND('',#1660,.F.);
#1660 = EDGE_LOOP('',(#1661));
#1661 = ORIENTED_EDGE('',*,*,#1662,.F.);
#1662 = EDGE_CURVE('',#1663,#1663,#1665,.T.);
#1663 = VERTEX_POINT('',#1664);
#1664 = CARTESIAN_POINT('',(10.25,10.1,19.213));
#1665 = CIRCLE('',#1666,1.6);
#1666 = AXIS2_PLACEMENT_3D('',#1667,#1668,#1669);
#1667 = CARTESIAN_POINT('',(10.25,10.1,17.613));
#1668 = DIRECTION('',(0.,1.,0.));
#1669 = DIRECTION('',(0.,-0.,1.));
#1670 = FACE_BOUND('',#1671,.F.);
#1671 = EDGE_LOOP('',(#1672));
#1672 = ORIENTED_EDGE('',*,*,#1673,.F.);
#1673 = EDGE_CURVE('',#1674,#1674,#1676,.T.);
#1674 = VERTEX_POINT('',#1675);
#1675 = CARTESIAN_POINT('',(16.75,10.1,19.213));
#1676 = CIRCLE('',#1677,1.6);
#1677 = AXIS2_PLACEMENT_3D('',#1678,#1679,#1680);
#1678 = CARTESIAN_POINT('',(16.75,10.1,17.613));
#1679 = DIRECTION('',(0.,1.,0.));
#1680 = DIRECTION('',(0.,-0.,1.));
#1681 = FACE_BOUND('',#1682,.F.);
#1682 = EDGE_LOOP('',(#1683));
#1683 = ORIENTED_EDGE('',*,*,#1684,.F.);
#1684 = EDGE_CURVE('',#1685,#1685,#1687,.T.);
#1685 = VERTEX_POINT('',#1686);
#1686 = CARTESIAN_POINT('',(23.25,10.1,19.213));
#1687 = CIRCLE('',#1688,1.6);
#1688 = AXIS2_PLACEMENT_3D('',#1689,#1690,#1691);
#1689 = CARTESIAN_POINT('',(23.25,10.1,17.613));
#1690 = DIRECTION('',(0.,1.,0.));
#1691 = DIRECTION('',(0.,-0.,1.));
#1692 = FACE_BOUND('',#1693,.F.);
#1693 = EDGE_LOOP('',(#1694));
#1694 = ORIENTED_EDGE('',*,*,#1695,.F.);
#1695 = EDGE_CURVE('',#1696,#1696,#1698,.T.);
#1696 = VERTEX_POINT('',#1697);
#1697 = CARTESIAN_POINT('',(7.,10.1,24.842));
#1698 = CIRCLE('',#1699,1.6);
#1699 = AXIS2_PLACEMENT_3D('',#1700,#1701,#1702);
#1700 = CARTESIAN_POINT('',(7.,10.1,23.242));
#1701 = DIRECTION('',(0.,1.,0.));
#1702 = DIRECTION('',(0.,-0.,1.));
#1703 = FACE_BOUND('',#1704,.F.);
#1704 = EDGE_LOOP('',(#1705));
#1705 = ORIENTED_EDGE('',*,*,#1706,.F.);
#1706 = EDGE_CURVE('',#1707,#1707,#1709,.T.);
#1707 = VERTEX_POINT('',#1708);
#1708 = CARTESIAN_POINT('',(13.5,10.1,24.842));
#1709 = CIRCLE('',#1710,1.6);
#1710 = AXIS2_PLACEMENT_3D('',#1711,#1712,#1713);
#1711 = CARTESIAN_POINT('',(13.5,10.1,23.242));
#1712 = DIRECTION('',(0.,1.,0.));
#1713 = DIRECTION('',(0.,-0.,1.));
#1714 = FACE_BOUND('',#1715,.F.);
#1715 = EDGE_LOOP('',(#1716));
#1716 = ORIENTED_EDGE('',*,*,#1717,.F.);
#1717 = EDGE_CURVE('',#1718,#1718,#1720,.T.);
#1718 = VERTEX_POINT('',#1719);
#1719 = CARTESIAN_POINT('',(20.,10.1,24.842));
#1720 = CIRCLE('',#1721,1.6);
#1721 = AXIS2_PLACEMENT_3D('',#1722,#1723,#1724);
#1722 = CARTESIAN_POINT('',(20.,10.1,23.242));
#1723 = DIRECTION('',(0.,1.,0.));
#1724 = DIRECTION('',(0.,-0.,1.));
#1725 = FACE_BOUND('',#1726,.F.);
#1726 = EDGE_LOOP('',(#1727));
#1727 = ORIENTED_EDGE('',*,*,#1728,.F.);
#1728 = EDGE_CURVE('',#1729,#1729,#1731,.T.);
#1729 = VERTEX_POINT('',#1730);
#1730 = CARTESIAN_POINT('',(26.5,10.1,24.842));
#1731 = CIRCLE('',#1732,1.6);
#1732 = AXIS2_PLACEMENT_3D('',#1733,#1734,#1735);
#1733 = CARTESIAN_POINT('',(26.5,10.1,23.242));
#1734 = DIRECTION('',(0.,1.,0.));
#1735 = DIRECTION('',(0.,-0.,1.));
#1736 = FACE_BOUND('',#1737,.F.);
#1737 = EDGE_LOOP('',(#1738));
#1738 = ORIENTED_EDGE('',*,*,#1739,.F.);
#1739 = EDGE_CURVE('',#1740,#1740,#1742,.T.);
#1740 = VERTEX_POINT('',#1741);
#1741 = CARTESIAN_POINT('',(29.75,10.1,19.213));
#1742 = CIRCLE('',#1743,1.6);
#1743 = AXIS2_PLACEMENT_3D('',#1744,#1745,#1746);
#1744 = CARTESIAN_POINT('',(29.75,10.1,17.613));
#1745 = DIRECTION('',(0.,1.,0.));
#1746 = DIRECTION('',(0.,-0.,1.));
#1747 = FACE_BOUND('',#1748,.F.);
#1748 = EDGE_LOOP('',(#1749));
#1749 = ORIENTED_EDGE('',*,*,#1750,.F.);
#1750 = EDGE_CURVE('',#1751,#1751,#1753,.T.);
#1751 = VERTEX_POINT('',#1752);
#1752 = CARTESIAN_POINT('',(36.25,10.1,19.213));
#1753 = CIRCLE('',#1754,1.6);
#1754 = AXIS2_PLACEMENT_3D('',#1755,#1756,#1757);
#1755 = CARTESIAN_POINT('',(36.25,10.1,17.613));
#1756 = DIRECTION('',(0.,1.,0.));
#1757 = DIRECTION('',(0.,-0.,1.));
#1758 = FACE_BOUND('',#1759,.F.);
#1759 = EDGE_LOOP('',(#1760));
#1760 = ORIENTED_EDGE('',*,*,#1761,.F.);
#1761 = EDGE_CURVE('',#1762,#1762,#1764,.T.);
#1762 = VERTEX_POINT('',#1763);
#1763 = CARTESIAN_POINT('',(48.66,10.1,15.7));
#1764 = CIRCLE('',#1765,1.7);
#1765 = AXIS2_PLACEMENT_3D('',#1766,#1767,#1768);
#1766 = CARTESIAN_POINT('',(48.66,10.1,14.));
#1767 = DIRECTION('',(0.,1.,0.));
#1768 = DIRECTION('',(0.,-0.,1.));
#1769 = FACE_BOUND('',#1770,.F.);
#1770 = EDGE_LOOP('',(#1771));
#1771 = ORIENTED_EDGE('',*,*,#1772,.F.);
#1772 = EDGE_CURVE('',#1773,#1773,#1775,.T.);
#1773 = VERTEX_POINT('',#1774);
#1774 = CARTESIAN_POINT('',(42.75,10.1,19.213));
#1775 = CIRCLE('',#1776,1.6);
#1776 = AXIS2_PLACEMENT_3D('',#1777,#1778,#1779);
#1777 = CARTESIAN_POINT('',(42.75,10.1,17.613));
#1778 = DIRECTION('',(0.,1.,0.));
#1779 = DIRECTION('',(0.,-0.,1.));
#1780 = FACE_BOUND('',#1781,.F.);
#1781 = EDGE_LOOP('',(#1782));
#1782 = ORIENTED_EDGE('',*,*,#1783,.F.);
#1783 = EDGE_CURVE('',#1784,#1784,#1786,.T.);
#1784 = VERTEX_POINT('',#1785);
#1785 = CARTESIAN_POINT('',(33.,10.1,24.842));
#1786 = CIRCLE('',#1787,1.6);
#1787 = AXIS2_PLACEMENT_3D('',#1788,#1789,#1790);
#1788 = CARTESIAN_POINT('',(33.,10.1,23.242));
#1789 = DIRECTION('',(0.,1.,0.));
#1790 = DIRECTION('',(0.,-0.,1.));
#1791 = FACE_BOUND('',#1792,.F.);
#1792 = EDGE_LOOP('',(#1793));
#1793 = ORIENTED_EDGE('',*,*,#1794,.F.);
#1794 = EDGE_CURVE('',#1795,#1795,#1797,.T.);
#1795 = VERTEX_POINT('',#1796);
#1796 = CARTESIAN_POINT('',(39.5,10.1,24.842));
#1797 = CIRCLE('',#1798,1.6);
#1798 = AXIS2_PLACEMENT_3D('',#1799,#1800,#1801);
#1799 = CARTESIAN_POINT('',(39.5,10.1,23.242));
#1800 = DIRECTION('',(0.,1.,0.));
#1801 = DIRECTION('',(0.,-0.,1.));
#1802 = FACE_BOUND('',#1803,.F.);
#1803 = EDGE_LOOP('',(#1804));
#1804 = ORIENTED_EDGE('',*,*,#1805,.F.);
#1805 = EDGE_CURVE('',#1806,#1806,#1808,.T.);
#1806 = VERTEX_POINT('',#1807);
#1807 = CARTESIAN_POINT('',(46.,10.1,24.842));
#1808 = CIRCLE('',#1809,1.6);
#1809 = AXIS2_PLACEMENT_3D('',#1810,#1811,#1812);
#1810 = CARTESIAN_POINT('',(46.,10.1,23.242));
#1811 = DIRECTION('',(0.,1.,0.));
#1812 = DIRECTION('',(0.,-0.,1.));
#1813 = FACE_BOUND('',#1814,.F.);
#1814 = EDGE_LOOP('',(#1815));
#1815 = ORIENTED_EDGE('',*,*,#1816,.F.);
#1816 = EDGE_CURVE('',#1817,#1817,#1819,.T.);
#1817 = VERTEX_POINT('',#1818);
#1818 = CARTESIAN_POINT('',(3.75,10.1,30.471));
#1819 = CIRCLE('',#1820,1.6);
#1820 = AXIS2_PLACEMENT_3D('',#1821,#1822,#1823);
#1821 = CARTESIAN_POINT('',(3.75,10.1,28.871));
#1822 = DIRECTION('',(0.,1.,0.));
#1823 = DIRECTION('',(0.,-0.,1.));
#1824 = FACE_BOUND('',#1825,.F.);
#1825 = EDGE_LOOP('',(#1826));
#1826 = ORIENTED_EDGE('',*,*,#1827,.F.);
#1827 = EDGE_CURVE('',#1828,#1828,#1830,.T.);
#1828 = VERTEX_POINT('',#1829);
#1829 = CARTESIAN_POINT('',(10.25,10.1,30.471));
#1830 = CIRCLE('',#1831,1.6);
#1831 = AXIS2_PLACEMENT_3D('',#1832,#1833,#1834);
#1832 = CARTESIAN_POINT('',(10.25,10.1,28.871));
#1833 = DIRECTION('',(0.,1.,0.));
#1834 = DIRECTION('',(0.,-0.,1.));
#1835 = FACE_BOUND('',#1836,.F.);
#1836 = EDGE_LOOP('',(#1837));
#1837 = ORIENTED_EDGE('',*,*,#1838,.F.);
#1838 = EDGE_CURVE('',#1839,#1839,#1841,.T.);
#1839 = VERTEX_POINT('',#1840);
#1840 = CARTESIAN_POINT('',(16.75,10.1,30.471));
#1841 = CIRCLE('',#1842,1.6);
#1842 = AXIS2_PLACEMENT_3D('',#1843,#1844,#1845);
#1843 = CARTESIAN_POINT('',(16.75,10.1,28.871));
#1844 = DIRECTION('',(0.,1.,0.));
#1845 = DIRECTION('',(0.,-0.,1.));
#1846 = FACE_BOUND('',#1847,.F.);
#1847 = EDGE_LOOP('',(#1848));
#1848 = ORIENTED_EDGE('',*,*,#1849,.F.);
#1849 = EDGE_CURVE('',#1850,#1850,#1852,.T.);
#1850 = VERTEX_POINT('',#1851);
#1851 = CARTESIAN_POINT('',(23.25,10.1,30.471));
#1852 = CIRCLE('',#1853,1.6);
#1853 = AXIS2_PLACEMENT_3D('',#1854,#1855,#1856);
#1854 = CARTESIAN_POINT('',(23.25,10.1,28.871));
#1855 = DIRECTION('',(0.,1.,0.));
#1856 = DIRECTION('',(0.,-0.,1.));
#1857 = FACE_BOUND('',#1858,.F.);
#1858 = EDGE_LOOP('',(#1859));
#1859 = ORIENTED_EDGE('',*,*,#1860,.F.);
#1860 = EDGE_CURVE('',#1861,#1861,#1863,.T.);
#1861 = VERTEX_POINT('',#1862);
#1862 = CARTESIAN_POINT('',(7.,10.1,36.1));
#1863 = CIRCLE('',#1864,1.6);
#1864 = AXIS2_PLACEMENT_3D('',#1865,#1866,#1867);
#1865 = CARTESIAN_POINT('',(7.,10.1,34.5));
#1866 = DIRECTION('',(0.,1.,0.));
#1867 = DIRECTION('',(0.,-0.,1.));
#1868 = FACE_BOUND('',#1869,.F.);
#1869 = EDGE_LOOP('',(#1870));
#1870 = ORIENTED_EDGE('',*,*,#1871,.F.);
#1871 = EDGE_CURVE('',#1872,#1872,#1874,.T.);
#1872 = VERTEX_POINT('',#1873);
#1873 = CARTESIAN_POINT('',(13.5,10.1,36.1));
#1874 = CIRCLE('',#1875,1.6);
#1875 = AXIS2_PLACEMENT_3D('',#1876,#1877,#1878);
#1876 = CARTESIAN_POINT('',(13.5,10.1,34.5));
#1877 = DIRECTION('',(0.,1.,0.));
#1878 = DIRECTION('',(0.,-0.,1.));
#1879 = FACE_BOUND('',#1880,.F.);
#1880 = EDGE_LOOP('',(#1881));
#1881 = ORIENTED_EDGE('',*,*,#1882,.F.);
#1882 = EDGE_CURVE('',#1883,#1883,#1885,.T.);
#1883 = VERTEX_POINT('',#1884);
#1884 = CARTESIAN_POINT('',(20.,10.1,36.1));
#1885 = CIRCLE('',#1886,1.6);
#1886 = AXIS2_PLACEMENT_3D('',#1887,#1888,#1889);
#1887 = CARTESIAN_POINT('',(20.,10.1,34.5));
#1888 = DIRECTION('',(0.,1.,0.));
#1889 = DIRECTION('',(0.,-0.,1.));
#1890 = FACE_BOUND('',#1891,.F.);
#1891 = EDGE_LOOP('',(#1892));
#1892 = ORIENTED_EDGE('',*,*,#1893,.F.);
#1893 = EDGE_CURVE('',#1894,#1894,#1896,.T.);
#1894 = VERTEX_POINT('',#1895);
#1895 = CARTESIAN_POINT('',(26.5,10.1,36.1));
#1896 = CIRCLE('',#1897,1.6);
#1897 = AXIS2_PLACEMENT_3D('',#1898,#1899,#1900);
#1898 = CARTESIAN_POINT('',(26.5,10.1,34.5));
#1899 = DIRECTION('',(0.,1.,0.));
#1900 = DIRECTION('',(0.,-0.,1.));
#1901 = FACE_BOUND('',#1902,.F.);
#1902 = EDGE_LOOP('',(#1903));
#1903 = ORIENTED_EDGE('',*,*,#1904,.F.);
#1904 = EDGE_CURVE('',#1905,#1905,#1907,.T.);
#1905 = VERTEX_POINT('',#1906);
#1906 = CARTESIAN_POINT('',(29.75,10.1,30.471));
#1907 = CIRCLE('',#1908,1.6);
#1908 = AXIS2_PLACEMENT_3D('',#1909,#1910,#1911);
#1909 = CARTESIAN_POINT('',(29.75,10.1,28.871));
#1910 = DIRECTION('',(0.,1.,0.));
#1911 = DIRECTION('',(0.,-0.,1.));
#1912 = FACE_BOUND('',#1913,.F.);
#1913 = EDGE_LOOP('',(#1914));
#1914 = ORIENTED_EDGE('',*,*,#1915,.F.);
#1915 = EDGE_CURVE('',#1916,#1916,#1918,.T.);
#1916 = VERTEX_POINT('',#1917);
#1917 = CARTESIAN_POINT('',(36.25,10.1,30.471));
#1918 = CIRCLE('',#1919,1.6);
#1919 = AXIS2_PLACEMENT_3D('',#1920,#1921,#1922);
#1920 = CARTESIAN_POINT('',(36.25,10.1,28.871));
#1921 = DIRECTION('',(0.,1.,0.));
#1922 = DIRECTION('',(0.,-0.,1.));
#1923 = FACE_BOUND('',#1924,.F.);
#1924 = EDGE_LOOP('',(#1925));
#1925 = ORIENTED_EDGE('',*,*,#1926,.F.);
#1926 = EDGE_CURVE('',#1927,#1927,#1929,.T.);
#1927 = VERTEX_POINT('',#1928);
#1928 = CARTESIAN_POINT('',(42.75,10.1,30.471));
#1929 = CIRCLE('',#1930,1.6);
#1930 = AXIS2_PLACEMENT_3D('',#1931,#1932,#1933);
#1931 = CARTESIAN_POINT('',(42.75,10.1,28.871));
#1932 = DIRECTION('',(0.,1.,0.));
#1933 = DIRECTION('',(0.,-0.,1.));
#1934 = FACE_BOUND('',#1935,.F.);
#1935 = EDGE_LOOP('',(#1936));
#1936 = ORIENTED_EDGE('',*,*,#1937,.F.);
#1937 = EDGE_CURVE('',#1938,#1938,#1940,.T.);
#1938 = VERTEX_POINT('',#1939);
#1939 = CARTESIAN_POINT('',(33.,10.1,36.1));
#1940 = CIRCLE('',#1941,1.6);
#1941 = AXIS2_PLACEMENT_3D('',#1942,#1943,#1944);
#1942 = CARTESIAN_POINT('',(33.,10.1,34.5));
#1943 = DIRECTION('',(0.,1.,0.));
#1944 = DIRECTION('',(0.,-0.,1.));
#1945 = FACE_BOUND('',#1946,.F.);
#1946 = EDGE_LOOP('',(#1947));
#1947 = ORIENTED_EDGE('',*,*,#1948,.F.);
#1948 = EDGE_CURVE('',#1949,#1949,#1951,.T.);
#1949 = VERTEX_POINT('',#1950);
#1950 = CARTESIAN_POINT('',(39.5,10.1,36.1));
#1951 = CIRCLE('',#1952,1.6);
#1952 = AXIS2_PLACEMENT_3D('',#1953,#1954,#1955);
#1953 = CARTESIAN_POINT('',(39.5,10.1,34.5));
#1954 = DIRECTION('',(0.,1.,0.));
#1955 = DIRECTION('',(0.,-0.,1.));
#1956 = FACE_BOUND('',#1957,.F.);
#1957 = EDGE_LOOP('',(#1958));
#1958 = ORIENTED_EDGE('',*,*,#1959,.F.);
#1959 = EDGE_CURVE('',#1960,#1960,#1962,.T.);
#1960 = VERTEX_POINT('',#1961);
#1961 = CARTESIAN_POINT('',(46.,10.1,36.1));
#1962 = CIRCLE('',#1963,1.6);
#1963 = AXIS2_PLACEMENT_3D('',#1964,#1965,#1966);
#1964 = CARTESIAN_POINT('',(46.,10.1,34.5));
#1965 = DIRECTION('',(0.,1.,0.));
#1966 = DIRECTION('',(0.,-0.,1.));
#1967 = FACE_BOUND('',#1968,.F.);
#1968 = EDGE_LOOP('',(#1969));
#1969 = ORIENTED_EDGE('',*,*,#1970,.F.);
#1970 = EDGE_CURVE('',#1971,#1971,#1973,.T.);
#1971 = VERTEX_POINT('',#1972);
#1972 = CARTESIAN_POINT('',(-42.25,10.1,41.013));
#1973 = CIRCLE('',#1974,1.75);
#1974 = AXIS2_PLACEMENT_3D('',#1975,#1976,#1977);
#1975 = CARTESIAN_POINT('',(-42.25,10.1,39.263));
#1976 = DIRECTION('',(0.,1.,0.));
#1977 = DIRECTION('',(0.,-0.,1.));
#1978 = FACE_BOUND('',#1979,.F.);
#1979 = EDGE_LOOP('',(#1980));
#1980 = ORIENTED_EDGE('',*,*,#1981,.F.);
#1981 = EDGE_CURVE('',#1982,#1982,#1984,.T.);
#1982 = VERTEX_POINT('',#1983);
#1983 = CARTESIAN_POINT('',(-36.75,10.1,41.013));
#1984 = CIRCLE('',#1985,1.75);
#1985 = AXIS2_PLACEMENT_3D('',#1986,#1987,#1988);
#1986 = CARTESIAN_POINT('',(-36.75,10.1,39.263));
#1987 = DIRECTION('',(0.,1.,0.));
#1988 = DIRECTION('',(0.,-0.,1.));
#1989 = FACE_BOUND('',#1990,.F.);
#1990 = EDGE_LOOP('',(#1991));
#1991 = ORIENTED_EDGE('',*,*,#1992,.F.);
#1992 = EDGE_CURVE('',#1993,#1993,#1995,.T.);
#1993 = VERTEX_POINT('',#1994);
#1994 = CARTESIAN_POINT('',(-31.25,10.1,41.013));
#1995 = CIRCLE('',#1996,1.75);
#1996 = AXIS2_PLACEMENT_3D('',#1997,#1998,#1999);
#1997 = CARTESIAN_POINT('',(-31.25,10.1,39.263));
#1998 = DIRECTION('',(0.,1.,0.));
#1999 = DIRECTION('',(0.,-0.,1.));
#2000 = FACE_BOUND('',#2001,.F.);
#2001 = EDGE_LOOP('',(#2002));
#2002 = ORIENTED_EDGE('',*,*,#2003,.F.);
#2003 = EDGE_CURVE('',#2004,#2004,#2006,.T.);
#2004 = VERTEX_POINT('',#2005);
#2005 = CARTESIAN_POINT('',(-45.,10.1,45.776));
#2006 = CIRCLE('',#2007,1.75);
#2007 = AXIS2_PLACEMENT_3D('',#2008,#2009,#2010);
#2008 = CARTESIAN_POINT('',(-45.,10.1,44.026));
#2009 = DIRECTION('',(0.,1.,0.));
#2010 = DIRECTION('',(0.,-0.,1.));
#2011 = FACE_BOUND('',#2012,.F.);
#2012 = EDGE_LOOP('',(#2013));
#2013 = ORIENTED_EDGE('',*,*,#2014,.F.);
#2014 = EDGE_CURVE('',#2015,#2015,#2017,.T.);
#2015 = VERTEX_POINT('',#2016);
#2016 = CARTESIAN_POINT('',(-39.5,10.1,45.776));
#2017 = CIRCLE('',#2018,1.75);
#2018 = AXIS2_PLACEMENT_3D('',#2019,#2020,#2021);
#2019 = CARTESIAN_POINT('',(-39.5,10.1,44.026));
#2020 = DIRECTION('',(0.,1.,0.));
#2021 = DIRECTION('',(0.,-0.,1.));
#2022 = FACE_BOUND('',#2023,.F.);
#2023 = EDGE_LOOP('',(#2024));
#2024 = ORIENTED_EDGE('',*,*,#2025,.F.);
#2025 = EDGE_CURVE('',#2026,#2026,#2028,.T.);
#2026 = VERTEX_POINT('',#2027);
#2027 = CARTESIAN_POINT('',(-34.,10.1,45.776));
#2028 = CIRCLE('',#2029,1.75);
#2029 = AXIS2_PLACEMENT_3D('',#2030,#2031,#2032);
#2030 = CARTESIAN_POINT('',(-34.,10.1,44.026));
#2031 = DIRECTION('',(0.,1.,0.));
#2032 = DIRECTION('',(0.,-0.,1.));
#2033 = FACE_BOUND('',#2034,.F.);
#2034 = EDGE_LOOP('',(#2035));
#2035 = ORIENTED_EDGE('',*,*,#2036,.F.);
#2036 = EDGE_CURVE('',#2037,#2037,#2039,.T.);
#2037 = VERTEX_POINT('',#2038);
#2038 = CARTESIAN_POINT('',(-22.25,10.1,41.729));
#2039 = CIRCLE('',#2040,1.6);
#2040 = AXIS2_PLACEMENT_3D('',#2041,#2042,#2043);
#2041 = CARTESIAN_POINT('',(-22.25,10.1,40.129));
#2042 = DIRECTION('',(0.,1.,0.));
#2043 = DIRECTION('',(0.,-0.,1.));
#2044 = FACE_BOUND('',#2045,.F.);
#2045 = EDGE_LOOP('',(#2046));
#2046 = ORIENTED_EDGE('',*,*,#2047,.F.);
#2047 = EDGE_CURVE('',#2048,#2048,#2050,.T.);
#2048 = VERTEX_POINT('',#2049);
#2049 = CARTESIAN_POINT('',(-15.75,10.1,41.729));
#2050 = CIRCLE('',#2051,1.6);
#2051 = AXIS2_PLACEMENT_3D('',#2052,#2053,#2054);
#2052 = CARTESIAN_POINT('',(-15.75,10.1,40.129));
#2053 = DIRECTION('',(0.,1.,0.));
#2054 = DIRECTION('',(0.,-0.,1.));
#2055 = FACE_BOUND('',#2056,.F.);
#2056 = EDGE_LOOP('',(#2057));
#2057 = ORIENTED_EDGE('',*,*,#2058,.F.);
#2058 = EDGE_CURVE('',#2059,#2059,#2061,.T.);
#2059 = VERTEX_POINT('',#2060);
#2060 = CARTESIAN_POINT('',(-9.25,10.1,41.729));
#2061 = CIRCLE('',#2062,1.6);
#2062 = AXIS2_PLACEMENT_3D('',#2063,#2064,#2065);
#2063 = CARTESIAN_POINT('',(-9.25,10.1,40.129));
#2064 = DIRECTION('',(0.,1.,0.));
#2065 = DIRECTION('',(0.,-0.,1.));
#2066 = FACE_BOUND('',#2067,.F.);
#2067 = EDGE_LOOP('',(#2068));
#2068 = ORIENTED_EDGE('',*,*,#2069,.F.);
#2069 = EDGE_CURVE('',#2070,#2070,#2072,.T.);
#2070 = VERTEX_POINT('',#2071);
#2071 = CARTESIAN_POINT('',(-2.75,10.1,41.729));
#2072 = CIRCLE('',#2073,1.6);
#2073 = AXIS2_PLACEMENT_3D('',#2074,#2075,#2076);
#2074 = CARTESIAN_POINT('',(-2.75,10.1,40.129));
#2075 = DIRECTION('',(0.,1.,0.));
#2076 = DIRECTION('',(0.,-0.,1.));
#2077 = FACE_BOUND('',#2078,.F.);
#2078 = EDGE_LOOP('',(#2079));
#2079 = ORIENTED_EDGE('',*,*,#2080,.F.);
#2080 = EDGE_CURVE('',#2081,#2081,#2083,.T.);
#2081 = VERTEX_POINT('',#2082);
#2082 = CARTESIAN_POINT('',(-42.25,10.1,50.539));
#2083 = CIRCLE('',#2084,1.75);
#2084 = AXIS2_PLACEMENT_3D('',#2085,#2086,#2087);
#2085 = CARTESIAN_POINT('',(-42.25,10.1,48.789));
#2086 = DIRECTION('',(0.,1.,0.));
#2087 = DIRECTION('',(0.,-0.,1.));
#2088 = FACE_BOUND('',#2089,.F.);
#2089 = EDGE_LOOP('',(#2090,#2101,#2110,#2119));
#2090 = ORIENTED_EDGE('',*,*,#2091,.F.);
#2091 = EDGE_CURVE('',#2092,#2094,#2096,.T.);
#2092 = VERTEX_POINT('',#2093);
#2093 = CARTESIAN_POINT('',(-35.25,10.1,52.987));
#2094 = VERTEX_POINT('',#2095);
#2095 = CARTESIAN_POINT('',(-35.31334034615,10.1,49.788254241429));
#2096 = CIRCLE('',#2097,1.6);
#2097 = AXIS2_PLACEMENT_3D('',#2098,#2099,#2100);
#2098 = CARTESIAN_POINT('',(-35.25,10.1,51.387));
#2099 = DIRECTION('',(0.,1.,0.));
#2100 = DIRECTION('',(0.,-0.,1.));
#2101 = ORIENTED_EDGE('',*,*,#2102,.F.);
#2102 = EDGE_CURVE('',#2103,#2092,#2105,.T.);
#2103 = VERTEX_POINT('',#2104);
#2104 = CARTESIAN_POINT('',(-36.60290596868,10.1,50.532807141272));
#2105 = CIRCLE('',#2106,1.6);
#2106 = AXIS2_PLACEMENT_3D('',#2107,#2108,#2109);
#2107 = CARTESIAN_POINT('',(-35.25,10.1,51.387));
#2108 = DIRECTION('',(0.,1.,0.));
#2109 = DIRECTION('',(0.,-0.,1.));
#2110 = ORIENTED_EDGE('',*,*,#2111,.F.);
#2111 = EDGE_CURVE('',#2112,#2103,#2114,.T.);
#2112 = VERTEX_POINT('',#2113);
#2113 = CARTESIAN_POINT('',(-36.75,10.1,50.539));
#2114 = CIRCLE('',#2115,1.75);
#2115 = AXIS2_PLACEMENT_3D('',#2116,#2117,#2118);
#2116 = CARTESIAN_POINT('',(-36.75,10.1,48.789));
#2117 = DIRECTION('',(0.,1.,0.));
#2118 = DIRECTION('',(0.,-0.,1.));
#2119 = ORIENTED_EDGE('',*,*,#2120,.F.);
#2120 = EDGE_CURVE('',#2094,#2112,#2121,.T.);
#2121 = CIRCLE('',#2122,1.75);
#2122 = AXIS2_PLACEMENT_3D('',#2123,#2124,#2125);
#2123 = CARTESIAN_POINT('',(-36.75,10.1,48.789));
#2124 = DIRECTION('',(0.,1.,0.));
#2125 = DIRECTION('',(0.,-0.,1.));
#2126 = FACE_BOUND('',#2127,.F.);
#2127 = EDGE_LOOP('',(#2128));
#2128 = ORIENTED_EDGE('',*,*,#2129,.F.);
#2129 = EDGE_CURVE('',#2130,#2130,#2132,.T.);
#2130 = VERTEX_POINT('',#2131);
#2131 = CARTESIAN_POINT('',(-25.5,10.1,47.358));
#2132 = CIRCLE('',#2133,1.6);
#2133 = AXIS2_PLACEMENT_3D('',#2134,#2135,#2136);
#2134 = CARTESIAN_POINT('',(-25.5,10.1,45.758));
#2135 = DIRECTION('',(0.,1.,0.));
#2136 = DIRECTION('',(0.,-0.,1.));
#2137 = FACE_BOUND('',#2138,.F.);
#2138 = EDGE_LOOP('',(#2139));
#2139 = ORIENTED_EDGE('',*,*,#2140,.F.);
#2140 = EDGE_CURVE('',#2141,#2141,#2143,.T.);
#2141 = VERTEX_POINT('',#2142);
#2142 = CARTESIAN_POINT('',(-28.75,10.1,52.987));
#2143 = CIRCLE('',#2144,1.6);
#2144 = AXIS2_PLACEMENT_3D('',#2145,#2146,#2147);
#2145 = CARTESIAN_POINT('',(-28.75,10.1,51.387));
#2146 = DIRECTION('',(0.,1.,0.));
#2147 = DIRECTION('',(0.,-0.,1.));
#2148 = FACE_BOUND('',#2149,.F.);
#2149 = EDGE_LOOP('',(#2150));
#2150 = ORIENTED_EDGE('',*,*,#2151,.F.);
#2151 = EDGE_CURVE('',#2152,#2152,#2154,.T.);
#2152 = VERTEX_POINT('',#2153);
#2153 = CARTESIAN_POINT('',(-22.25,10.1,52.987));
#2154 = CIRCLE('',#2155,1.6);
#2155 = AXIS2_PLACEMENT_3D('',#2156,#2157,#2158);
#2156 = CARTESIAN_POINT('',(-22.25,10.1,51.387));
#2157 = DIRECTION('',(0.,1.,0.));
#2158 = DIRECTION('',(0.,-0.,1.));
#2159 = FACE_BOUND('',#2160,.F.);
#2160 = EDGE_LOOP('',(#2161));
#2161 = ORIENTED_EDGE('',*,*,#2162,.F.);
#2162 = EDGE_CURVE('',#2163,#2163,#2165,.T.);
#2163 = VERTEX_POINT('',#2164);
#2164 = CARTESIAN_POINT('',(-19.,10.1,47.358));
#2165 = CIRCLE('',#2166,1.6);
#2166 = AXIS2_PLACEMENT_3D('',#2167,#2168,#2169);
#2167 = CARTESIAN_POINT('',(-19.,10.1,45.758));
#2168 = DIRECTION('',(0.,1.,0.));
#2169 = DIRECTION('',(0.,-0.,1.));
#2170 = FACE_BOUND('',#2171,.F.);
#2171 = EDGE_LOOP('',(#2172));
#2172 = ORIENTED_EDGE('',*,*,#2173,.F.);
#2173 = EDGE_CURVE('',#2174,#2174,#2176,.T.);
#2174 = VERTEX_POINT('',#2175);
#2175 = CARTESIAN_POINT('',(-12.5,10.1,47.358));
#2176 = CIRCLE('',#2177,1.6);
#2177 = AXIS2_PLACEMENT_3D('',#2178,#2179,#2180);
#2178 = CARTESIAN_POINT('',(-12.5,10.1,45.758));
#2179 = DIRECTION('',(0.,1.,0.));
#2180 = DIRECTION('',(0.,-0.,1.));
#2181 = FACE_BOUND('',#2182,.F.);
#2182 = EDGE_LOOP('',(#2183));
#2183 = ORIENTED_EDGE('',*,*,#2184,.F.);
#2184 = EDGE_CURVE('',#2185,#2185,#2187,.T.);
#2185 = VERTEX_POINT('',#2186);
#2186 = CARTESIAN_POINT('',(-6.,10.1,47.358));
#2187 = CIRCLE('',#2188,1.6);
#2188 = AXIS2_PLACEMENT_3D('',#2189,#2190,#2191);
#2189 = CARTESIAN_POINT('',(-6.,10.1,45.758));
#2190 = DIRECTION('',(0.,1.,0.));
#2191 = DIRECTION('',(0.,-0.,1.));
#2192 = FACE_BOUND('',#2193,.F.);
#2193 = EDGE_LOOP('',(#2194));
#2194 = ORIENTED_EDGE('',*,*,#2195,.F.);
#2195 = EDGE_CURVE('',#2196,#2196,#2198,.T.);
#2196 = VERTEX_POINT('',#2197);
#2197 = CARTESIAN_POINT('',(0.5,10.1,47.358));
#2198 = CIRCLE('',#2199,1.6);
#2199 = AXIS2_PLACEMENT_3D('',#2200,#2201,#2202);
#2200 = CARTESIAN_POINT('',(0.5,10.1,45.758));
#2201 = DIRECTION('',(0.,1.,0.));
#2202 = DIRECTION('',(0.,-0.,1.));
#2203 = FACE_BOUND('',#2204,.F.);
#2204 = EDGE_LOOP('',(#2205));
#2205 = ORIENTED_EDGE('',*,*,#2206,.F.);
#2206 = EDGE_CURVE('',#2207,#2207,#2209,.T.);
#2207 = VERTEX_POINT('',#2208);
#2208 = CARTESIAN_POINT('',(-15.75,10.1,52.987));
#2209 = CIRCLE('',#2210,1.6);
#2210 = AXIS2_PLACEMENT_3D('',#2211,#2212,#2213);
#2211 = CARTESIAN_POINT('',(-15.75,10.1,51.387));
#2212 = DIRECTION('',(0.,1.,0.));
#2213 = DIRECTION('',(0.,-0.,1.));
#2214 = FACE_BOUND('',#2215,.F.);
#2215 = EDGE_LOOP('',(#2216));
#2216 = ORIENTED_EDGE('',*,*,#2217,.F.);
#2217 = EDGE_CURVE('',#2218,#2218,#2220,.T.);
#2218 = VERTEX_POINT('',#2219);
#2219 = CARTESIAN_POINT('',(-9.25,10.1,52.987));
#2220 = CIRCLE('',#2221,1.6);
#2221 = AXIS2_PLACEMENT_3D('',#2222,#2223,#2224);
#2222 = CARTESIAN_POINT('',(-9.25,10.1,51.387));
#2223 = DIRECTION('',(0.,1.,0.));
#2224 = DIRECTION('',(0.,-0.,1.));
#2225 = FACE_BOUND('',#2226,.F.);
#2226 = EDGE_LOOP('',(#2227));
#2227 = ORIENTED_EDGE('',*,*,#2228,.F.);
#2228 = EDGE_CURVE('',#2229,#2229,#2231,.T.);
#2229 = VERTEX_POINT('',#2230);
#2230 = CARTESIAN_POINT('',(-2.75,10.1,52.987));
#2231 = CIRCLE('',#2232,1.6);
#2232 = AXIS2_PLACEMENT_3D('',#2233,#2234,#2235);
#2233 = CARTESIAN_POINT('',(-2.75,10.1,51.387));
#2234 = DIRECTION('',(0.,1.,0.));
#2235 = DIRECTION('',(0.,-0.,1.));
#2236 = FACE_BOUND('',#2237,.F.);
#2237 = EDGE_LOOP('',(#2238));
#2238 = ORIENTED_EDGE('',*,*,#2239,.F.);
#2239 = EDGE_CURVE('',#2240,#2240,#2242,.T.);
#2240 = VERTEX_POINT('',#2241);
#2241 = CARTESIAN_POINT('',(3.75,10.1,41.729));
#2242 = CIRCLE('',#2243,1.6);
#2243 = AXIS2_PLACEMENT_3D('',#2244,#2245,#2246);
#2244 = CARTESIAN_POINT('',(3.75,10.1,40.129));
#2245 = DIRECTION('',(0.,1.,0.));
#2246 = DIRECTION('',(0.,-0.,1.));
#2247 = FACE_BOUND('',#2248,.F.);
#2248 = EDGE_LOOP('',(#2249));
#2249 = ORIENTED_EDGE('',*,*,#2250,.F.);
#2250 = EDGE_CURVE('',#2251,#2251,#2253,.T.);
#2251 = VERTEX_POINT('',#2252);
#2252 = CARTESIAN_POINT('',(10.25,10.1,41.729));
#2253 = CIRCLE('',#2254,1.6);
#2254 = AXIS2_PLACEMENT_3D('',#2255,#2256,#2257);
#2255 = CARTESIAN_POINT('',(10.25,10.1,40.129));
#2256 = DIRECTION('',(0.,1.,0.));
#2257 = DIRECTION('',(0.,-0.,1.));
#2258 = FACE_BOUND('',#2259,.F.);
#2259 = EDGE_LOOP('',(#2260));
#2260 = ORIENTED_EDGE('',*,*,#2261,.F.);
#2261 = EDGE_CURVE('',#2262,#2262,#2264,.T.);
#2262 = VERTEX_POINT('',#2263);
#2263 = CARTESIAN_POINT('',(16.75,10.1,41.729));
#2264 = CIRCLE('',#2265,1.6);
#2265 = AXIS2_PLACEMENT_3D('',#2266,#2267,#2268);
#2266 = CARTESIAN_POINT('',(16.75,10.1,40.129));
#2267 = DIRECTION('',(0.,1.,0.));
#2268 = DIRECTION('',(0.,-0.,1.));
#2269 = FACE_BOUND('',#2270,.F.);
#2270 = EDGE_LOOP('',(#2271));
#2271 = ORIENTED_EDGE('',*,*,#2272,.F.);
#2272 = EDGE_CURVE('',#2273,#2273,#2275,.T.);
#2273 = VERTEX_POINT('',#2274);
#2274 = CARTESIAN_POINT('',(23.25,10.1,41.729));
#2275 = CIRCLE('',#2276,1.6);
#2276 = AXIS2_PLACEMENT_3D('',#2277,#2278,#2279);
#2277 = CARTESIAN_POINT('',(23.25,10.1,40.129));
#2278 = DIRECTION('',(0.,1.,0.));
#2279 = DIRECTION('',(0.,-0.,1.));
#2280 = FACE_BOUND('',#2281,.F.);
#2281 = EDGE_LOOP('',(#2282));
#2282 = ORIENTED_EDGE('',*,*,#2283,.F.);
#2283 = EDGE_CURVE('',#2284,#2284,#2286,.T.);
#2284 = VERTEX_POINT('',#2285);
#2285 = CARTESIAN_POINT('',(29.75,10.1,41.729));
#2286 = CIRCLE('',#2287,1.6);
#2287 = AXIS2_PLACEMENT_3D('',#2288,#2289,#2290);
#2288 = CARTESIAN_POINT('',(29.75,10.1,40.129));
#2289 = DIRECTION('',(0.,1.,0.));
#2290 = DIRECTION('',(0.,-0.,1.));
#2291 = FACE_BOUND('',#2292,.F.);
#2292 = EDGE_LOOP('',(#2293));
#2293 = ORIENTED_EDGE('',*,*,#2294,.F.);
#2294 = EDGE_CURVE('',#2295,#2295,#2297,.T.);
#2295 = VERTEX_POINT('',#2296);
#2296 = CARTESIAN_POINT('',(36.25,10.1,41.729));
#2297 = CIRCLE('',#2298,1.6);
#2298 = AXIS2_PLACEMENT_3D('',#2299,#2300,#2301);
#2299 = CARTESIAN_POINT('',(36.25,10.1,40.129));
#2300 = DIRECTION('',(0.,1.,0.));
#2301 = DIRECTION('',(0.,-0.,1.));
#2302 = FACE_BOUND('',#2303,.F.);
#2303 = EDGE_LOOP('',(#2304));
#2304 = ORIENTED_EDGE('',*,*,#2305,.F.);
#2305 = EDGE_CURVE('',#2306,#2306,#2308,.T.);
#2306 = VERTEX_POINT('',#2307);
#2307 = CARTESIAN_POINT('',(42.75,10.1,41.729));
#2308 = CIRCLE('',#2309,1.6);
#2309 = AXIS2_PLACEMENT_3D('',#2310,#2311,#2312);
#2310 = CARTESIAN_POINT('',(42.75,10.1,40.129));
#2311 = DIRECTION('',(0.,1.,0.));
#2312 = DIRECTION('',(0.,-0.,1.));
#2313 = FACE_BOUND('',#2314,.F.);
#2314 = EDGE_LOOP('',(#2315));
#2315 = ORIENTED_EDGE('',*,*,#2316,.F.);
#2316 = EDGE_CURVE('',#2317,#2317,#2319,.T.);
#2317 = VERTEX_POINT('',#2318);
#2318 = CARTESIAN_POINT('',(7.,10.1,47.358));
#2319 = CIRCLE('',#2320,1.6);
#2320 = AXIS2_PLACEMENT_3D('',#2321,#2322,#2323);
#2321 = CARTESIAN_POINT('',(7.,10.1,45.758));
#2322 = DIRECTION('',(0.,1.,0.));
#2323 = DIRECTION('',(0.,-0.,1.));
#2324 = FACE_BOUND('',#2325,.F.);
#2325 = EDGE_LOOP('',(#2326));
#2326 = ORIENTED_EDGE('',*,*,#2327,.F.);
#2327 = EDGE_CURVE('',#2328,#2328,#2330,.T.);
#2328 = VERTEX_POINT('',#2329);
#2329 = CARTESIAN_POINT('',(13.5,10.1,47.358));
#2330 = CIRCLE('',#2331,1.6);
#2331 = AXIS2_PLACEMENT_3D('',#2332,#2333,#2334);
#2332 = CARTESIAN_POINT('',(13.5,10.1,45.758));
#2333 = DIRECTION('',(0.,1.,0.));
#2334 = DIRECTION('',(0.,-0.,1.));
#2335 = FACE_BOUND('',#2336,.F.);
#2336 = EDGE_LOOP('',(#2337));
#2337 = ORIENTED_EDGE('',*,*,#2338,.F.);
#2338 = EDGE_CURVE('',#2339,#2339,#2341,.T.);
#2339 = VERTEX_POINT('',#2340);
#2340 = CARTESIAN_POINT('',(20.,10.1,47.358));
#2341 = CIRCLE('',#2342,1.6);
#2342 = AXIS2_PLACEMENT_3D('',#2343,#2344,#2345);
#2343 = CARTESIAN_POINT('',(20.,10.1,45.758));
#2344 = DIRECTION('',(0.,1.,0.));
#2345 = DIRECTION('',(0.,-0.,1.));
#2346 = FACE_BOUND('',#2347,.F.);
#2347 = EDGE_LOOP('',(#2348));
#2348 = ORIENTED_EDGE('',*,*,#2349,.F.);
#2349 = EDGE_CURVE('',#2350,#2350,#2352,.T.);
#2350 = VERTEX_POINT('',#2351);
#2351 = CARTESIAN_POINT('',(26.5,10.1,47.358));
#2352 = CIRCLE('',#2353,1.6);
#2353 = AXIS2_PLACEMENT_3D('',#2354,#2355,#2356);
#2354 = CARTESIAN_POINT('',(26.5,10.1,45.758));
#2355 = DIRECTION('',(0.,1.,0.));
#2356 = DIRECTION('',(0.,-0.,1.));
#2357 = FACE_BOUND('',#2358,.F.);
#2358 = EDGE_LOOP('',(#2359));
#2359 = ORIENTED_EDGE('',*,*,#2360,.F.);
#2360 = EDGE_CURVE('',#2361,#2361,#2363,.T.);
#2361 = VERTEX_POINT('',#2362);
#2362 = CARTESIAN_POINT('',(3.75,10.1,52.987));
#2363 = CIRCLE('',#2364,1.6);
#2364 = AXIS2_PLACEMENT_3D('',#2365,#2366,#2367);
#2365 = CARTESIAN_POINT('',(3.75,10.1,51.387));
#2366 = DIRECTION('',(0.,1.,0.));
#2367 = DIRECTION('',(0.,-0.,1.));
#2368 = FACE_BOUND('',#2369,.F.);
#2369 = EDGE_LOOP('',(#2370));
#2370 = ORIENTED_EDGE('',*,*,#2371,.F.);
#2371 = EDGE_CURVE('',#2372,#2372,#2374,.T.);
#2372 = VERTEX_POINT('',#2373);
#2373 = CARTESIAN_POINT('',(10.25,10.1,52.987));
#2374 = CIRCLE('',#2375,1.6);
#2375 = AXIS2_PLACEMENT_3D('',#2376,#2377,#2378);
#2376 = CARTESIAN_POINT('',(10.25,10.1,51.387));
#2377 = DIRECTION('',(0.,1.,0.));
#2378 = DIRECTION('',(0.,-0.,1.));
#2379 = FACE_BOUND('',#2380,.F.);
#2380 = EDGE_LOOP('',(#2381));
#2381 = ORIENTED_EDGE('',*,*,#2382,.F.);
#2382 = EDGE_CURVE('',#2383,#2383,#2385,.T.);
#2383 = VERTEX_POINT('',#2384);
#2384 = CARTESIAN_POINT('',(16.75,10.1,52.987));
#2385 = CIRCLE('',#2386,1.6);
#2386 = AXIS2_PLACEMENT_3D('',#2387,#2388,#2389);
#2387 = CARTESIAN_POINT('',(16.75,10.1,51.387));
#2388 = DIRECTION('',(0.,1.,0.));
#2389 = DIRECTION('',(0.,-0.,1.));
#2390 = FACE_BOUND('',#2391,.F.);
#2391 = EDGE_LOOP('',(#2392));
#2392 = ORIENTED_EDGE('',*,*,#2393,.F.);
#2393 = EDGE_CURVE('',#2394,#2394,#2396,.T.);
#2394 = VERTEX_POINT('',#2395);
#2395 = CARTESIAN_POINT('',(23.25,10.1,52.987));
#2396 = CIRCLE('',#2397,1.6);
#2397 = AXIS2_PLACEMENT_3D('',#2398,#2399,#2400);
#2398 = CARTESIAN_POINT('',(23.25,10.1,51.387));
#2399 = DIRECTION('',(0.,1.,0.));
#2400 = DIRECTION('',(0.,-0.,1.));
#2401 = FACE_BOUND('',#2402,.F.);
#2402 = EDGE_LOOP('',(#2403));
#2403 = ORIENTED_EDGE('',*,*,#2404,.F.);
#2404 = EDGE_CURVE('',#2405,#2405,#2407,.T.);
#2405 = VERTEX_POINT('',#2406);
#2406 = CARTESIAN_POINT('',(33.,10.1,47.358));
#2407 = CIRCLE('',#2408,1.6);
#2408 = AXIS2_PLACEMENT_3D('',#2409,#2410,#2411);
#2409 = CARTESIAN_POINT('',(33.,10.1,45.758));
#2410 = DIRECTION('',(0.,1.,0.));
#2411 = DIRECTION('',(0.,-0.,1.));
#2412 = FACE_BOUND('',#2413,.F.);
#2413 = EDGE_LOOP('',(#2414));
#2414 = ORIENTED_EDGE('',*,*,#2415,.F.);
#2415 = EDGE_CURVE('',#2416,#2416,#2418,.T.);
#2416 = VERTEX_POINT('',#2417);
#2417 = CARTESIAN_POINT('',(39.5,10.1,47.358));
#2418 = CIRCLE('',#2419,1.6);
#2419 = AXIS2_PLACEMENT_3D('',#2420,#2421,#2422);
#2420 = CARTESIAN_POINT('',(39.5,10.1,45.758));
#2421 = DIRECTION('',(0.,1.,0.));
#2422 = DIRECTION('',(0.,-0.,1.));
#2423 = FACE_BOUND('',#2424,.F.);
#2424 = EDGE_LOOP('',(#2425));
#2425 = ORIENTED_EDGE('',*,*,#2426,.F.);
#2426 = EDGE_CURVE('',#2427,#2427,#2429,.T.);
#2427 = VERTEX_POINT('',#2428);
#2428 = CARTESIAN_POINT('',(46.,10.1,47.358));
#2429 = CIRCLE('',#2430,1.6);
#2430 = AXIS2_PLACEMENT_3D('',#2431,#2432,#2433);
#2431 = CARTESIAN_POINT('',(46.,10.1,45.758));
#2432 = DIRECTION('',(0.,1.,0.));
#2433 = DIRECTION('',(0.,-0.,1.));
#2434 = FACE_BOUND('',#2435,.F.);
#2435 = EDGE_LOOP('',(#2436));
#2436 = ORIENTED_EDGE('',*,*,#2437,.F.);
#2437 = EDGE_CURVE('',#2438,#2438,#2440,.T.);
#2438 = VERTEX_POINT('',#2439);
#2439 = CARTESIAN_POINT('',(29.75,10.1,52.987));
#2440 = CIRCLE('',#2441,1.6);
#2441 = AXIS2_PLACEMENT_3D('',#2442,#2443,#2444);
#2442 = CARTESIAN_POINT('',(29.75,10.1,51.387));
#2443 = DIRECTION('',(0.,1.,0.));
#2444 = DIRECTION('',(0.,-0.,1.));
#2445 = FACE_BOUND('',#2446,.F.);
#2446 = EDGE_LOOP('',(#2447));
#2447 = ORIENTED_EDGE('',*,*,#2448,.F.);
#2448 = EDGE_CURVE('',#2449,#2449,#2451,.T.);
#2449 = VERTEX_POINT('',#2450);
#2450 = CARTESIAN_POINT('',(36.25,10.1,52.987));
#2451 = CIRCLE('',#2452,1.6);
#2452 = AXIS2_PLACEMENT_3D('',#2453,#2454,#2455);
#2453 = CARTESIAN_POINT('',(36.25,10.1,51.387));
#2454 = DIRECTION('',(0.,1.,0.));
#2455 = DIRECTION('',(0.,-0.,1.));
#2456 = FACE_BOUND('',#2457,.F.);
#2457 = EDGE_LOOP('',(#2458));
#2458 = ORIENTED_EDGE('',*,*,#2459,.F.);
#2459 = EDGE_CURVE('',#2460,#2460,#2462,.T.);
#2460 = VERTEX_POINT('',#2461);
#2461 = CARTESIAN_POINT('',(42.75,10.1,52.987));
#2462 = CIRCLE('',#2463,1.6);
#2463 = AXIS2_PLACEMENT_3D('',#2464,#2465,#2466);
#2464 = CARTESIAN_POINT('',(42.75,10.1,51.387));
#2465 = DIRECTION('',(0.,1.,0.));
#2466 = DIRECTION('',(0.,-0.,1.));
#2467 = FACE_BOUND('',#2468,.F.);
#2468 = EDGE_LOOP('',(#2469));
#2469 = ORIENTED_EDGE('',*,*,#2470,.F.);
#2470 = EDGE_CURVE('',#2471,#2471,#2473,.T.);
#2471 = VERTEX_POINT('',#2472);
#2472 = CARTESIAN_POINT('',(48.66,10.1,56.7));
#2473 = CIRCLE('',#2474,1.7);
#2474 = AXIS2_PLACEMENT_3D('',#2475,#2476,#2477);
#2475 = CARTESIAN_POINT('',(48.66,10.1,55.));
#2476 = DIRECTION('',(0.,1.,0.));
#2477 = DIRECTION('',(0.,-0.,1.));
#2478 = PLANE('',#2479);
#2479 = AXIS2_PLACEMENT_3D('',#2480,#2481,#2482);
#2480 = CARTESIAN_POINT('',(-143.36,10.1,9.3));
#2481 = DIRECTION('',(-0.,1.,0.));
#2482 = DIRECTION('',(0.,0.,1.));
#2483 = ADVANCED_FACE('',(#2484),#2502,.T.);
#2484 = FACE_BOUND('',#2485,.T.);
#2485 = EDGE_LOOP('',(#2486,#2487,#2488,#2496));
#2486 = ORIENTED_EDGE('',*,*,#47,.F.);
#2487 = ORIENTED_EDGE('',*,*,#70,.T.);
#2488 = ORIENTED_EDGE('',*,*,#2489,.T.);
#2489 = EDGE_CURVE('',#71,#2490,#2492,.T.);
#2490 = VERTEX_POINT('',#2491);
#2491 = CARTESIAN_POINT('',(53.36,12.1,59.7));
#2492 = LINE('',#2493,#2494);
#2493 = CARTESIAN_POINT('',(53.36,10.1,59.7));
#2494 = VECTOR('',#2495,1.);
#2495 = DIRECTION('',(-0.,1.,0.));
#2496 = ORIENTED_EDGE('',*,*,#2497,.F.);
#2497 = EDGE_CURVE('',#40,#2490,#2498,.T.);
#2498 = LINE('',#2499,#2500);
#2499 = CARTESIAN_POINT('',(-143.36,12.1,59.7));
#2500 = VECTOR('',#2501,1.);
#2501 = DIRECTION('',(1.,0.,-0.));
#2502 = PLANE('',#2503);
#2503 = AXIS2_PLACEMENT_3D('',#2504,#2505,#2506);
#2504 = CARTESIAN_POINT('',(-143.36,10.1,59.7));
#2505 = DIRECTION('',(0.,0.,1.));
#2506 = DIRECTION('',(1.,0.,-0.));
#2507 = ADVANCED_FACE('',(#2508,#2526,#2537,#2548,#2559,#2570,#2581,
    #2592,#2603,#2614,#2625,#2636,#2647,#2658,#2669,#2680,#2691,#2702,
    #2713,#2724,#2735,#2746,#2757,#2768,#2779,#2790,#2801,#2812,#2823,
    #2834,#2845,#2856,#2867,#2878,#2889,#2900,#2911,#2922,#2933,#2944,
    #2955,#2993,#3004,#3015,#3026,#3037,#3048,#3059,#3070,#3081,#3092,
    #3103,#3114,#3125,#3163,#3174,#3185,#3196,#3207,#3218,#3229,#3240,
    #3251,#3262,#3273,#3284,#3295,#3306,#3317,#3328,#3339,#3350,#3361,
    #3372,#3383,#3394,#3405,#3416,#3427,#3438,#3449,#3460,#3471,#3482,
    #3493,#3504,#3515,#3526,#3537,#3548,#3559,#3570,#3581,#3592,#3603,
    #3614,#3625,#3636,#3674,#3685,#3696,#3707,#3718,#3729,#3740,#3778,
    #3789,#3800,#3811,#3822,#3833,#3844,#3855,#3866,#3877,#3888,#3899,
    #3910,#3921,#3932,#3943,#3954,#3965,#3976,#4014,#4025,#4036,#4047,
    #4058,#4069,#4080,#4091,#4102,#4113,#4124,#4135,#4146,#4157,#4168,
    #4179,#4190,#4201,#4212,#4223,#4234,#4245,#4256,#4267,#4278,#4289,
    #4300,#4311,#4322,#4333,#4344,#4355,#4366,#4377,#4388,#4399,#4410,
    #4421,#4432,#4443,#4454,#4465,#4476,#4487,#4498,#4509,#4520,#4531,
    #4569,#4580,#4591,#4602,#4613,#4624,#4635,#4646,#4657,#4668,#4679,
    #4690,#4701,#4712,#4723,#4734,#4745,#4756,#4767,#4778,#4789,#4800,
    #4811,#4822,#4833,#4844,#4855,#4866,#4877,#4888,#4899,#4910),#4921,
  .T.);
#2508 = FACE_BOUND('',#2509,.T.);
#2509 = EDGE_LOOP('',(#2510,#2518,#2519,#2520));
#2510 = ORIENTED_EDGE('',*,*,#2511,.F.);
#2511 = EDGE_CURVE('',#32,#2512,#2514,.T.);
#2512 = VERTEX_POINT('',#2513);
#2513 = CARTESIAN_POINT('',(53.36,12.1,9.3));
#2514 = LINE('',#2515,#2516);
#2515 = CARTESIAN_POINT('',(-143.36,12.1,9.3));
#2516 = VECTOR('',#2517,1.);
#2517 = DIRECTION('',(1.,0.,-0.));
#2518 = ORIENTED_EDGE('',*,*,#39,.T.);
#2519 = ORIENTED_EDGE('',*,*,#2497,.T.);
#2520 = ORIENTED_EDGE('',*,*,#2521,.F.);
#2521 = EDGE_CURVE('',#2512,#2490,#2522,.T.);
#2522 = LINE('',#2523,#2524);
#2523 = CARTESIAN_POINT('',(53.36,12.1,9.3));
#2524 = VECTOR('',#2525,1.);
#2525 = DIRECTION('',(0.,0.,1.));
#2526 = FACE_BOUND('',#2527,.T.);
#2527 = EDGE_LOOP('',(#2528));
#2528 = ORIENTED_EDGE('',*,*,#2529,.F.);
#2529 = EDGE_CURVE('',#2530,#2530,#2532,.T.);
#2530 = VERTEX_POINT('',#2531);
#2531 = CARTESIAN_POINT('',(-138.66,12.1,15.7));
#2532 = CIRCLE('',#2533,1.7);
#2533 = AXIS2_PLACEMENT_3D('',#2534,#2535,#2536);
#2534 = CARTESIAN_POINT('',(-138.66,12.1,14.));
#2535 = DIRECTION('',(0.,1.,0.));
#2536 = DIRECTION('',(0.,-0.,1.));
#2537 = FACE_BOUND('',#2538,.T.);
#2538 = EDGE_LOOP('',(#2539));
#2539 = ORIENTED_EDGE('',*,*,#2540,.F.);
#2540 = EDGE_CURVE('',#2541,#2541,#2543,.T.);
#2541 = VERTEX_POINT('',#2542);
#2542 = CARTESIAN_POINT('',(-132.75,12.1,19.213));
#2543 = CIRCLE('',#2544,1.6);
#2544 = AXIS2_PLACEMENT_3D('',#2545,#2546,#2547);
#2545 = CARTESIAN_POINT('',(-132.75,12.1,17.613));
#2546 = DIRECTION('',(0.,1.,0.));
#2547 = DIRECTION('',(0.,-0.,1.));
#2548 = FACE_BOUND('',#2549,.T.);
#2549 = EDGE_LOOP('',(#2550));
#2550 = ORIENTED_EDGE('',*,*,#2551,.F.);
#2551 = EDGE_CURVE('',#2552,#2552,#2554,.T.);
#2552 = VERTEX_POINT('',#2553);
#2553 = CARTESIAN_POINT('',(-126.25,12.1,19.213));
#2554 = CIRCLE('',#2555,1.6);
#2555 = AXIS2_PLACEMENT_3D('',#2556,#2557,#2558);
#2556 = CARTESIAN_POINT('',(-126.25,12.1,17.613));
#2557 = DIRECTION('',(0.,1.,0.));
#2558 = DIRECTION('',(0.,-0.,1.));
#2559 = FACE_BOUND('',#2560,.T.);
#2560 = EDGE_LOOP('',(#2561));
#2561 = ORIENTED_EDGE('',*,*,#2562,.F.);
#2562 = EDGE_CURVE('',#2563,#2563,#2565,.T.);
#2563 = VERTEX_POINT('',#2564);
#2564 = CARTESIAN_POINT('',(-119.75,12.1,19.213));
#2565 = CIRCLE('',#2566,1.6);
#2566 = AXIS2_PLACEMENT_3D('',#2567,#2568,#2569);
#2567 = CARTESIAN_POINT('',(-119.75,12.1,17.613));
#2568 = DIRECTION('',(0.,1.,0.));
#2569 = DIRECTION('',(0.,-0.,1.));
#2570 = FACE_BOUND('',#2571,.T.);
#2571 = EDGE_LOOP('',(#2572));
#2572 = ORIENTED_EDGE('',*,*,#2573,.F.);
#2573 = EDGE_CURVE('',#2574,#2574,#2576,.T.);
#2574 = VERTEX_POINT('',#2575);
#2575 = CARTESIAN_POINT('',(-136.,12.1,24.842));
#2576 = CIRCLE('',#2577,1.6);
#2577 = AXIS2_PLACEMENT_3D('',#2578,#2579,#2580);
#2578 = CARTESIAN_POINT('',(-136.,12.1,23.242));
#2579 = DIRECTION('',(0.,1.,0.));
#2580 = DIRECTION('',(0.,-0.,1.));
#2581 = FACE_BOUND('',#2582,.T.);
#2582 = EDGE_LOOP('',(#2583));
#2583 = ORIENTED_EDGE('',*,*,#2584,.F.);
#2584 = EDGE_CURVE('',#2585,#2585,#2587,.T.);
#2585 = VERTEX_POINT('',#2586);
#2586 = CARTESIAN_POINT('',(-129.5,12.1,24.842));
#2587 = CIRCLE('',#2588,1.6);
#2588 = AXIS2_PLACEMENT_3D('',#2589,#2590,#2591);
#2589 = CARTESIAN_POINT('',(-129.5,12.1,23.242));
#2590 = DIRECTION('',(0.,1.,0.));
#2591 = DIRECTION('',(0.,-0.,1.));
#2592 = FACE_BOUND('',#2593,.T.);
#2593 = EDGE_LOOP('',(#2594));
#2594 = ORIENTED_EDGE('',*,*,#2595,.F.);
#2595 = EDGE_CURVE('',#2596,#2596,#2598,.T.);
#2596 = VERTEX_POINT('',#2597);
#2597 = CARTESIAN_POINT('',(-123.,12.1,24.842));
#2598 = CIRCLE('',#2599,1.6);
#2599 = AXIS2_PLACEMENT_3D('',#2600,#2601,#2602);
#2600 = CARTESIAN_POINT('',(-123.,12.1,23.242));
#2601 = DIRECTION('',(0.,1.,0.));
#2602 = DIRECTION('',(0.,-0.,1.));
#2603 = FACE_BOUND('',#2604,.T.);
#2604 = EDGE_LOOP('',(#2605));
#2605 = ORIENTED_EDGE('',*,*,#2606,.F.);
#2606 = EDGE_CURVE('',#2607,#2607,#2609,.T.);
#2607 = VERTEX_POINT('',#2608);
#2608 = CARTESIAN_POINT('',(-113.25,12.1,19.213));
#2609 = CIRCLE('',#2610,1.6);
#2610 = AXIS2_PLACEMENT_3D('',#2611,#2612,#2613);
#2611 = CARTESIAN_POINT('',(-113.25,12.1,17.613));
#2612 = DIRECTION('',(0.,1.,0.));
#2613 = DIRECTION('',(0.,-0.,1.));
#2614 = FACE_BOUND('',#2615,.T.);
#2615 = EDGE_LOOP('',(#2616));
#2616 = ORIENTED_EDGE('',*,*,#2617,.F.);
#2617 = EDGE_CURVE('',#2618,#2618,#2620,.T.);
#2618 = VERTEX_POINT('',#2619);
#2619 = CARTESIAN_POINT('',(-106.75,12.1,19.213));
#2620 = CIRCLE('',#2621,1.6);
#2621 = AXIS2_PLACEMENT_3D('',#2622,#2623,#2624);
#2622 = CARTESIAN_POINT('',(-106.75,12.1,17.613));
#2623 = DIRECTION('',(0.,1.,0.));
#2624 = DIRECTION('',(0.,-0.,1.));
#2625 = FACE_BOUND('',#2626,.T.);
#2626 = EDGE_LOOP('',(#2627));
#2627 = ORIENTED_EDGE('',*,*,#2628,.F.);
#2628 = EDGE_CURVE('',#2629,#2629,#2631,.T.);
#2629 = VERTEX_POINT('',#2630);
#2630 = CARTESIAN_POINT('',(-100.25,12.1,19.213));
#2631 = CIRCLE('',#2632,1.6);
#2632 = AXIS2_PLACEMENT_3D('',#2633,#2634,#2635);
#2633 = CARTESIAN_POINT('',(-100.25,12.1,17.613));
#2634 = DIRECTION('',(0.,1.,0.));
#2635 = DIRECTION('',(0.,-0.,1.));
#2636 = FACE_BOUND('',#2637,.T.);
#2637 = EDGE_LOOP('',(#2638));
#2638 = ORIENTED_EDGE('',*,*,#2639,.F.);
#2639 = EDGE_CURVE('',#2640,#2640,#2642,.T.);
#2640 = VERTEX_POINT('',#2641);
#2641 = CARTESIAN_POINT('',(-93.75,12.1,19.213));
#2642 = CIRCLE('',#2643,1.6);
#2643 = AXIS2_PLACEMENT_3D('',#2644,#2645,#2646);
#2644 = CARTESIAN_POINT('',(-93.75,12.1,17.613));
#2645 = DIRECTION('',(0.,1.,0.));
#2646 = DIRECTION('',(0.,-0.,1.));
#2647 = FACE_BOUND('',#2648,.T.);
#2648 = EDGE_LOOP('',(#2649));
#2649 = ORIENTED_EDGE('',*,*,#2650,.F.);
#2650 = EDGE_CURVE('',#2651,#2651,#2653,.T.);
#2651 = VERTEX_POINT('',#2652);
#2652 = CARTESIAN_POINT('',(-116.5,12.1,24.842));
#2653 = CIRCLE('',#2654,1.6);
#2654 = AXIS2_PLACEMENT_3D('',#2655,#2656,#2657);
#2655 = CARTESIAN_POINT('',(-116.5,12.1,23.242));
#2656 = DIRECTION('',(0.,1.,0.));
#2657 = DIRECTION('',(0.,-0.,1.));
#2658 = FACE_BOUND('',#2659,.T.);
#2659 = EDGE_LOOP('',(#2660));
#2660 = ORIENTED_EDGE('',*,*,#2661,.F.);
#2661 = EDGE_CURVE('',#2662,#2662,#2664,.T.);
#2662 = VERTEX_POINT('',#2663);
#2663 = CARTESIAN_POINT('',(-110.,12.1,24.842));
#2664 = CIRCLE('',#2665,1.6);
#2665 = AXIS2_PLACEMENT_3D('',#2666,#2667,#2668);
#2666 = CARTESIAN_POINT('',(-110.,12.1,23.242));
#2667 = DIRECTION('',(0.,1.,0.));
#2668 = DIRECTION('',(0.,-0.,1.));
#2669 = FACE_BOUND('',#2670,.T.);
#2670 = EDGE_LOOP('',(#2671));
#2671 = ORIENTED_EDGE('',*,*,#2672,.F.);
#2672 = EDGE_CURVE('',#2673,#2673,#2675,.T.);
#2673 = VERTEX_POINT('',#2674);
#2674 = CARTESIAN_POINT('',(-103.5,12.1,24.842));
#2675 = CIRCLE('',#2676,1.6);
#2676 = AXIS2_PLACEMENT_3D('',#2677,#2678,#2679);
#2677 = CARTESIAN_POINT('',(-103.5,12.1,23.242));
#2678 = DIRECTION('',(0.,1.,0.));
#2679 = DIRECTION('',(0.,-0.,1.));
#2680 = FACE_BOUND('',#2681,.T.);
#2681 = EDGE_LOOP('',(#2682));
#2682 = ORIENTED_EDGE('',*,*,#2683,.F.);
#2683 = EDGE_CURVE('',#2684,#2684,#2686,.T.);
#2684 = VERTEX_POINT('',#2685);
#2685 = CARTESIAN_POINT('',(-97.,12.1,24.842));
#2686 = CIRCLE('',#2687,1.6);
#2687 = AXIS2_PLACEMENT_3D('',#2688,#2689,#2690);
#2688 = CARTESIAN_POINT('',(-97.,12.1,23.242));
#2689 = DIRECTION('',(0.,1.,0.));
#2690 = DIRECTION('',(0.,-0.,1.));
#2691 = FACE_BOUND('',#2692,.T.);
#2692 = EDGE_LOOP('',(#2693));
#2693 = ORIENTED_EDGE('',*,*,#2694,.F.);
#2694 = EDGE_CURVE('',#2695,#2695,#2697,.T.);
#2695 = VERTEX_POINT('',#2696);
#2696 = CARTESIAN_POINT('',(-132.75,12.1,30.471));
#2697 = CIRCLE('',#2698,1.6);
#2698 = AXIS2_PLACEMENT_3D('',#2699,#2700,#2701);
#2699 = CARTESIAN_POINT('',(-132.75,12.1,28.871));
#2700 = DIRECTION('',(0.,1.,0.));
#2701 = DIRECTION('',(0.,-0.,1.));
#2702 = FACE_BOUND('',#2703,.T.);
#2703 = EDGE_LOOP('',(#2704));
#2704 = ORIENTED_EDGE('',*,*,#2705,.F.);
#2705 = EDGE_CURVE('',#2706,#2706,#2708,.T.);
#2706 = VERTEX_POINT('',#2707);
#2707 = CARTESIAN_POINT('',(-126.25,12.1,30.471));
#2708 = CIRCLE('',#2709,1.6);
#2709 = AXIS2_PLACEMENT_3D('',#2710,#2711,#2712);
#2710 = CARTESIAN_POINT('',(-126.25,12.1,28.871));
#2711 = DIRECTION('',(0.,1.,0.));
#2712 = DIRECTION('',(0.,-0.,1.));
#2713 = FACE_BOUND('',#2714,.T.);
#2714 = EDGE_LOOP('',(#2715));
#2715 = ORIENTED_EDGE('',*,*,#2716,.F.);
#2716 = EDGE_CURVE('',#2717,#2717,#2719,.T.);
#2717 = VERTEX_POINT('',#2718);
#2718 = CARTESIAN_POINT('',(-119.75,12.1,30.471));
#2719 = CIRCLE('',#2720,1.6);
#2720 = AXIS2_PLACEMENT_3D('',#2721,#2722,#2723);
#2721 = CARTESIAN_POINT('',(-119.75,12.1,28.871));
#2722 = DIRECTION('',(0.,1.,0.));
#2723 = DIRECTION('',(0.,-0.,1.));
#2724 = FACE_BOUND('',#2725,.T.);
#2725 = EDGE_LOOP('',(#2726));
#2726 = ORIENTED_EDGE('',*,*,#2727,.F.);
#2727 = EDGE_CURVE('',#2728,#2728,#2730,.T.);
#2728 = VERTEX_POINT('',#2729);
#2729 = CARTESIAN_POINT('',(-136.,12.1,36.1));
#2730 = CIRCLE('',#2731,1.6);
#2731 = AXIS2_PLACEMENT_3D('',#2732,#2733,#2734);
#2732 = CARTESIAN_POINT('',(-136.,12.1,34.5));
#2733 = DIRECTION('',(0.,1.,0.));
#2734 = DIRECTION('',(0.,-0.,1.));
#2735 = FACE_BOUND('',#2736,.T.);
#2736 = EDGE_LOOP('',(#2737));
#2737 = ORIENTED_EDGE('',*,*,#2738,.F.);
#2738 = EDGE_CURVE('',#2739,#2739,#2741,.T.);
#2739 = VERTEX_POINT('',#2740);
#2740 = CARTESIAN_POINT('',(-129.5,12.1,36.1));
#2741 = CIRCLE('',#2742,1.6);
#2742 = AXIS2_PLACEMENT_3D('',#2743,#2744,#2745);
#2743 = CARTESIAN_POINT('',(-129.5,12.1,34.5));
#2744 = DIRECTION('',(0.,1.,0.));
#2745 = DIRECTION('',(0.,-0.,1.));
#2746 = FACE_BOUND('',#2747,.T.);
#2747 = EDGE_LOOP('',(#2748));
#2748 = ORIENTED_EDGE('',*,*,#2749,.F.);
#2749 = EDGE_CURVE('',#2750,#2750,#2752,.T.);
#2750 = VERTEX_POINT('',#2751);
#2751 = CARTESIAN_POINT('',(-123.,12.1,36.1));
#2752 = CIRCLE('',#2753,1.6);
#2753 = AXIS2_PLACEMENT_3D('',#2754,#2755,#2756);
#2754 = CARTESIAN_POINT('',(-123.,12.1,34.5));
#2755 = DIRECTION('',(0.,1.,0.));
#2756 = DIRECTION('',(0.,-0.,1.));
#2757 = FACE_BOUND('',#2758,.T.);
#2758 = EDGE_LOOP('',(#2759));
#2759 = ORIENTED_EDGE('',*,*,#2760,.F.);
#2760 = EDGE_CURVE('',#2761,#2761,#2763,.T.);
#2761 = VERTEX_POINT('',#2762);
#2762 = CARTESIAN_POINT('',(-113.25,12.1,30.471));
#2763 = CIRCLE('',#2764,1.6);
#2764 = AXIS2_PLACEMENT_3D('',#2765,#2766,#2767);
#2765 = CARTESIAN_POINT('',(-113.25,12.1,28.871));
#2766 = DIRECTION('',(0.,1.,0.));
#2767 = DIRECTION('',(0.,-0.,1.));
#2768 = FACE_BOUND('',#2769,.T.);
#2769 = EDGE_LOOP('',(#2770));
#2770 = ORIENTED_EDGE('',*,*,#2771,.F.);
#2771 = EDGE_CURVE('',#2772,#2772,#2774,.T.);
#2772 = VERTEX_POINT('',#2773);
#2773 = CARTESIAN_POINT('',(-106.75,12.1,30.471));
#2774 = CIRCLE('',#2775,1.6);
#2775 = AXIS2_PLACEMENT_3D('',#2776,#2777,#2778);
#2776 = CARTESIAN_POINT('',(-106.75,12.1,28.871));
#2777 = DIRECTION('',(0.,1.,0.));
#2778 = DIRECTION('',(0.,-0.,1.));
#2779 = FACE_BOUND('',#2780,.T.);
#2780 = EDGE_LOOP('',(#2781));
#2781 = ORIENTED_EDGE('',*,*,#2782,.F.);
#2782 = EDGE_CURVE('',#2783,#2783,#2785,.T.);
#2783 = VERTEX_POINT('',#2784);
#2784 = CARTESIAN_POINT('',(-100.25,12.1,30.471));
#2785 = CIRCLE('',#2786,1.6);
#2786 = AXIS2_PLACEMENT_3D('',#2787,#2788,#2789);
#2787 = CARTESIAN_POINT('',(-100.25,12.1,28.871));
#2788 = DIRECTION('',(0.,1.,0.));
#2789 = DIRECTION('',(0.,-0.,1.));
#2790 = FACE_BOUND('',#2791,.T.);
#2791 = EDGE_LOOP('',(#2792));
#2792 = ORIENTED_EDGE('',*,*,#2793,.F.);
#2793 = EDGE_CURVE('',#2794,#2794,#2796,.T.);
#2794 = VERTEX_POINT('',#2795);
#2795 = CARTESIAN_POINT('',(-93.75,12.1,30.471));
#2796 = CIRCLE('',#2797,1.6);
#2797 = AXIS2_PLACEMENT_3D('',#2798,#2799,#2800);
#2798 = CARTESIAN_POINT('',(-93.75,12.1,28.871));
#2799 = DIRECTION('',(0.,1.,0.));
#2800 = DIRECTION('',(0.,-0.,1.));
#2801 = FACE_BOUND('',#2802,.T.);
#2802 = EDGE_LOOP('',(#2803));
#2803 = ORIENTED_EDGE('',*,*,#2804,.F.);
#2804 = EDGE_CURVE('',#2805,#2805,#2807,.T.);
#2805 = VERTEX_POINT('',#2806);
#2806 = CARTESIAN_POINT('',(-116.5,12.1,36.1));
#2807 = CIRCLE('',#2808,1.6);
#2808 = AXIS2_PLACEMENT_3D('',#2809,#2810,#2811);
#2809 = CARTESIAN_POINT('',(-116.5,12.1,34.5));
#2810 = DIRECTION('',(0.,1.,0.));
#2811 = DIRECTION('',(0.,-0.,1.));
#2812 = FACE_BOUND('',#2813,.T.);
#2813 = EDGE_LOOP('',(#2814));
#2814 = ORIENTED_EDGE('',*,*,#2815,.F.);
#2815 = EDGE_CURVE('',#2816,#2816,#2818,.T.);
#2816 = VERTEX_POINT('',#2817);
#2817 = CARTESIAN_POINT('',(-110.,12.1,36.1));
#2818 = CIRCLE('',#2819,1.6);
#2819 = AXIS2_PLACEMENT_3D('',#2820,#2821,#2822);
#2820 = CARTESIAN_POINT('',(-110.,12.1,34.5));
#2821 = DIRECTION('',(0.,1.,0.));
#2822 = DIRECTION('',(0.,-0.,1.));
#2823 = FACE_BOUND('',#2824,.T.);
#2824 = EDGE_LOOP('',(#2825));
#2825 = ORIENTED_EDGE('',*,*,#2826,.F.);
#2826 = EDGE_CURVE('',#2827,#2827,#2829,.T.);
#2827 = VERTEX_POINT('',#2828);
#2828 = CARTESIAN_POINT('',(-103.5,12.1,36.1));
#2829 = CIRCLE('',#2830,1.6);
#2830 = AXIS2_PLACEMENT_3D('',#2831,#2832,#2833);
#2831 = CARTESIAN_POINT('',(-103.5,12.1,34.5));
#2832 = DIRECTION('',(0.,1.,0.));
#2833 = DIRECTION('',(0.,-0.,1.));
#2834 = FACE_BOUND('',#2835,.T.);
#2835 = EDGE_LOOP('',(#2836));
#2836 = ORIENTED_EDGE('',*,*,#2837,.F.);
#2837 = EDGE_CURVE('',#2838,#2838,#2840,.T.);
#2838 = VERTEX_POINT('',#2839);
#2839 = CARTESIAN_POINT('',(-97.,12.1,36.1));
#2840 = CIRCLE('',#2841,1.6);
#2841 = AXIS2_PLACEMENT_3D('',#2842,#2843,#2844);
#2842 = CARTESIAN_POINT('',(-97.,12.1,34.5));
#2843 = DIRECTION('',(0.,1.,0.));
#2844 = DIRECTION('',(0.,-0.,1.));
#2845 = FACE_BOUND('',#2846,.T.);
#2846 = EDGE_LOOP('',(#2847));
#2847 = ORIENTED_EDGE('',*,*,#2848,.F.);
#2848 = EDGE_CURVE('',#2849,#2849,#2851,.T.);
#2849 = VERTEX_POINT('',#2850);
#2850 = CARTESIAN_POINT('',(-87.25,12.1,19.213));
#2851 = CIRCLE('',#2852,1.6);
#2852 = AXIS2_PLACEMENT_3D('',#2853,#2854,#2855);
#2853 = CARTESIAN_POINT('',(-87.25,12.1,17.613));
#2854 = DIRECTION('',(0.,1.,0.));
#2855 = DIRECTION('',(0.,-0.,1.));
#2856 = FACE_BOUND('',#2857,.T.);
#2857 = EDGE_LOOP('',(#2858));
#2858 = ORIENTED_EDGE('',*,*,#2859,.F.);
#2859 = EDGE_CURVE('',#2860,#2860,#2862,.T.);
#2860 = VERTEX_POINT('',#2861);
#2861 = CARTESIAN_POINT('',(-80.75,12.1,19.213));
#2862 = CIRCLE('',#2863,1.6);
#2863 = AXIS2_PLACEMENT_3D('',#2864,#2865,#2866);
#2864 = CARTESIAN_POINT('',(-80.75,12.1,17.613));
#2865 = DIRECTION('',(0.,1.,0.));
#2866 = DIRECTION('',(0.,-0.,1.));
#2867 = FACE_BOUND('',#2868,.T.);
#2868 = EDGE_LOOP('',(#2869));
#2869 = ORIENTED_EDGE('',*,*,#2870,.F.);
#2870 = EDGE_CURVE('',#2871,#2871,#2873,.T.);
#2871 = VERTEX_POINT('',#2872);
#2872 = CARTESIAN_POINT('',(-74.25,12.1,19.213));
#2873 = CIRCLE('',#2874,1.6);
#2874 = AXIS2_PLACEMENT_3D('',#2875,#2876,#2877);
#2875 = CARTESIAN_POINT('',(-74.25,12.1,17.613));
#2876 = DIRECTION('',(0.,1.,0.));
#2877 = DIRECTION('',(0.,-0.,1.));
#2878 = FACE_BOUND('',#2879,.T.);
#2879 = EDGE_LOOP('',(#2880));
#2880 = ORIENTED_EDGE('',*,*,#2881,.F.);
#2881 = EDGE_CURVE('',#2882,#2882,#2884,.T.);
#2882 = VERTEX_POINT('',#2883);
#2883 = CARTESIAN_POINT('',(-90.5,12.1,24.842));
#2884 = CIRCLE('',#2885,1.6);
#2885 = AXIS2_PLACEMENT_3D('',#2886,#2887,#2888);
#2886 = CARTESIAN_POINT('',(-90.5,12.1,23.242));
#2887 = DIRECTION('',(0.,1.,0.));
#2888 = DIRECTION('',(0.,-0.,1.));
#2889 = FACE_BOUND('',#2890,.T.);
#2890 = EDGE_LOOP('',(#2891));
#2891 = ORIENTED_EDGE('',*,*,#2892,.F.);
#2892 = EDGE_CURVE('',#2893,#2893,#2895,.T.);
#2893 = VERTEX_POINT('',#2894);
#2894 = CARTESIAN_POINT('',(-84.,12.1,24.842));
#2895 = CIRCLE('',#2896,1.6);
#2896 = AXIS2_PLACEMENT_3D('',#2897,#2898,#2899);
#2897 = CARTESIAN_POINT('',(-84.,12.1,23.242));
#2898 = DIRECTION('',(0.,1.,0.));
#2899 = DIRECTION('',(0.,-0.,1.));
#2900 = FACE_BOUND('',#2901,.T.);
#2901 = EDGE_LOOP('',(#2902));
#2902 = ORIENTED_EDGE('',*,*,#2903,.F.);
#2903 = EDGE_CURVE('',#2904,#2904,#2906,.T.);
#2904 = VERTEX_POINT('',#2905);
#2905 = CARTESIAN_POINT('',(-77.5,12.1,24.842));
#2906 = CIRCLE('',#2907,1.6);
#2907 = AXIS2_PLACEMENT_3D('',#2908,#2909,#2910);
#2908 = CARTESIAN_POINT('',(-77.5,12.1,23.242));
#2909 = DIRECTION('',(0.,1.,0.));
#2910 = DIRECTION('',(0.,-0.,1.));
#2911 = FACE_BOUND('',#2912,.T.);
#2912 = EDGE_LOOP('',(#2913));
#2913 = ORIENTED_EDGE('',*,*,#2914,.F.);
#2914 = EDGE_CURVE('',#2915,#2915,#2917,.T.);
#2915 = VERTEX_POINT('',#2916);
#2916 = CARTESIAN_POINT('',(-71.,12.1,24.842));
#2917 = CIRCLE('',#2918,1.6);
#2918 = AXIS2_PLACEMENT_3D('',#2919,#2920,#2921);
#2919 = CARTESIAN_POINT('',(-71.,12.1,23.242));
#2920 = DIRECTION('',(0.,1.,0.));
#2921 = DIRECTION('',(0.,-0.,1.));
#2922 = FACE_BOUND('',#2923,.T.);
#2923 = EDGE_LOOP('',(#2924));
#2924 = ORIENTED_EDGE('',*,*,#2925,.F.);
#2925 = EDGE_CURVE('',#2926,#2926,#2928,.T.);
#2926 = VERTEX_POINT('',#2927);
#2927 = CARTESIAN_POINT('',(-67.75,12.1,19.213));
#2928 = CIRCLE('',#2929,1.6);
#2929 = AXIS2_PLACEMENT_3D('',#2930,#2931,#2932);
#2930 = CARTESIAN_POINT('',(-67.75,12.1,17.613));
#2931 = DIRECTION('',(0.,1.,0.));
#2932 = DIRECTION('',(0.,-0.,1.));
#2933 = FACE_BOUND('',#2934,.T.);
#2934 = EDGE_LOOP('',(#2935));
#2935 = ORIENTED_EDGE('',*,*,#2936,.F.);
#2936 = EDGE_CURVE('',#2937,#2937,#2939,.T.);
#2937 = VERTEX_POINT('',#2938);
#2938 = CARTESIAN_POINT('',(-61.25,12.1,19.213));
#2939 = CIRCLE('',#2940,1.6);
#2940 = AXIS2_PLACEMENT_3D('',#2941,#2942,#2943);
#2941 = CARTESIAN_POINT('',(-61.25,12.1,17.613));
#2942 = DIRECTION('',(0.,1.,0.));
#2943 = DIRECTION('',(0.,-0.,1.));
#2944 = FACE_BOUND('',#2945,.T.);
#2945 = EDGE_LOOP('',(#2946));
#2946 = ORIENTED_EDGE('',*,*,#2947,.F.);
#2947 = EDGE_CURVE('',#2948,#2948,#2950,.T.);
#2948 = VERTEX_POINT('',#2949);
#2949 = CARTESIAN_POINT('',(-64.5,12.1,24.842));
#2950 = CIRCLE('',#2951,1.6);
#2951 = AXIS2_PLACEMENT_3D('',#2952,#2953,#2954);
#2952 = CARTESIAN_POINT('',(-64.5,12.1,23.242));
#2953 = DIRECTION('',(0.,1.,0.));
#2954 = DIRECTION('',(0.,-0.,1.));
#2955 = FACE_BOUND('',#2956,.T.);
#2956 = EDGE_LOOP('',(#2957,#2968,#2977,#2986));
#2957 = ORIENTED_EDGE('',*,*,#2958,.F.);
#2958 = EDGE_CURVE('',#2959,#2961,#2963,.T.);
#2959 = VERTEX_POINT('',#2960);
#2960 = CARTESIAN_POINT('',(-54.75,12.1,19.213));
#2961 = VERTEX_POINT('',#2962);
#2962 = CARTESIAN_POINT('',(-54.68665965384,12.1,19.211745758571));
#2963 = CIRCLE('',#2964,1.6);
#2964 = AXIS2_PLACEMENT_3D('',#2965,#2966,#2967);
#2965 = CARTESIAN_POINT('',(-54.75,12.1,17.613));
#2966 = DIRECTION('',(0.,1.,0.));
#2967 = DIRECTION('',(0.,-0.,1.));
#2968 = ORIENTED_EDGE('',*,*,#2969,.F.);
#2969 = EDGE_CURVE('',#2970,#2959,#2972,.T.);
#2970 = VERTEX_POINT('',#2971);
#2971 = CARTESIAN_POINT('',(-53.39709403131,12.1,18.467192858728));
#2972 = CIRCLE('',#2973,1.6);
#2973 = AXIS2_PLACEMENT_3D('',#2974,#2975,#2976);
#2974 = CARTESIAN_POINT('',(-54.75,12.1,17.613));
#2975 = DIRECTION('',(0.,1.,0.));
#2976 = DIRECTION('',(0.,-0.,1.));
#2977 = ORIENTED_EDGE('',*,*,#2978,.F.);
#2978 = EDGE_CURVE('',#2979,#2970,#2981,.T.);
#2979 = VERTEX_POINT('',#2980);
#2980 = CARTESIAN_POINT('',(-53.25,12.1,21.961));
#2981 = CIRCLE('',#2982,1.75);
#2982 = AXIS2_PLACEMENT_3D('',#2983,#2984,#2985);
#2983 = CARTESIAN_POINT('',(-53.25,12.1,20.211));
#2984 = DIRECTION('',(0.,1.,0.));
#2985 = DIRECTION('',(0.,-0.,1.));
#2986 = ORIENTED_EDGE('',*,*,#2987,.F.);
#2987 = EDGE_CURVE('',#2961,#2979,#2988,.T.);
#2988 = CIRCLE('',#2989,1.75);
#2989 = AXIS2_PLACEMENT_3D('',#2990,#2991,#2992);
#2990 = CARTESIAN_POINT('',(-53.25,12.1,20.211));
#2991 = DIRECTION('',(0.,1.,0.));
#2992 = DIRECTION('',(0.,-0.,1.));
#2993 = FACE_BOUND('',#2994,.T.);
#2994 = EDGE_LOOP('',(#2995));
#2995 = ORIENTED_EDGE('',*,*,#2996,.F.);
#2996 = EDGE_CURVE('',#2997,#2997,#2999,.T.);
#2997 = VERTEX_POINT('',#2998);
#2998 = CARTESIAN_POINT('',(-47.75,12.1,21.961));
#2999 = CIRCLE('',#3000,1.75);
#3000 = AXIS2_PLACEMENT_3D('',#3001,#3002,#3003);
#3001 = CARTESIAN_POINT('',(-47.75,12.1,20.211));
#3002 = DIRECTION('',(0.,1.,0.));
#3003 = DIRECTION('',(0.,-0.,1.));
#3004 = FACE_BOUND('',#3005,.T.);
#3005 = EDGE_LOOP('',(#3006));
#3006 = ORIENTED_EDGE('',*,*,#3007,.F.);
#3007 = EDGE_CURVE('',#3008,#3008,#3010,.T.);
#3008 = VERTEX_POINT('',#3009);
#3009 = CARTESIAN_POINT('',(-87.25,12.1,30.471));
#3010 = CIRCLE('',#3011,1.6);
#3011 = AXIS2_PLACEMENT_3D('',#3012,#3013,#3014);
#3012 = CARTESIAN_POINT('',(-87.25,12.1,28.871));
#3013 = DIRECTION('',(0.,1.,0.));
#3014 = DIRECTION('',(0.,-0.,1.));
#3015 = FACE_BOUND('',#3016,.T.);
#3016 = EDGE_LOOP('',(#3017));
#3017 = ORIENTED_EDGE('',*,*,#3018,.F.);
#3018 = EDGE_CURVE('',#3019,#3019,#3021,.T.);
#3019 = VERTEX_POINT('',#3020);
#3020 = CARTESIAN_POINT('',(-80.75,12.1,30.471));
#3021 = CIRCLE('',#3022,1.6);
#3022 = AXIS2_PLACEMENT_3D('',#3023,#3024,#3025);
#3023 = CARTESIAN_POINT('',(-80.75,12.1,28.871));
#3024 = DIRECTION('',(0.,1.,0.));
#3025 = DIRECTION('',(0.,-0.,1.));
#3026 = FACE_BOUND('',#3027,.T.);
#3027 = EDGE_LOOP('',(#3028));
#3028 = ORIENTED_EDGE('',*,*,#3029,.F.);
#3029 = EDGE_CURVE('',#3030,#3030,#3032,.T.);
#3030 = VERTEX_POINT('',#3031);
#3031 = CARTESIAN_POINT('',(-74.25,12.1,30.471));
#3032 = CIRCLE('',#3033,1.6);
#3033 = AXIS2_PLACEMENT_3D('',#3034,#3035,#3036);
#3034 = CARTESIAN_POINT('',(-74.25,12.1,28.871));
#3035 = DIRECTION('',(0.,1.,0.));
#3036 = DIRECTION('',(0.,-0.,1.));
#3037 = FACE_BOUND('',#3038,.T.);
#3038 = EDGE_LOOP('',(#3039));
#3039 = ORIENTED_EDGE('',*,*,#3040,.F.);
#3040 = EDGE_CURVE('',#3041,#3041,#3043,.T.);
#3041 = VERTEX_POINT('',#3042);
#3042 = CARTESIAN_POINT('',(-90.5,12.1,36.1));
#3043 = CIRCLE('',#3044,1.6);
#3044 = AXIS2_PLACEMENT_3D('',#3045,#3046,#3047);
#3045 = CARTESIAN_POINT('',(-90.5,12.1,34.5));
#3046 = DIRECTION('',(0.,1.,0.));
#3047 = DIRECTION('',(0.,-0.,1.));
#3048 = FACE_BOUND('',#3049,.T.);
#3049 = EDGE_LOOP('',(#3050));
#3050 = ORIENTED_EDGE('',*,*,#3051,.F.);
#3051 = EDGE_CURVE('',#3052,#3052,#3054,.T.);
#3052 = VERTEX_POINT('',#3053);
#3053 = CARTESIAN_POINT('',(-84.,12.1,36.1));
#3054 = CIRCLE('',#3055,1.6);
#3055 = AXIS2_PLACEMENT_3D('',#3056,#3057,#3058);
#3056 = CARTESIAN_POINT('',(-84.,12.1,34.5));
#3057 = DIRECTION('',(0.,1.,0.));
#3058 = DIRECTION('',(0.,-0.,1.));
#3059 = FACE_BOUND('',#3060,.T.);
#3060 = EDGE_LOOP('',(#3061));
#3061 = ORIENTED_EDGE('',*,*,#3062,.F.);
#3062 = EDGE_CURVE('',#3063,#3063,#3065,.T.);
#3063 = VERTEX_POINT('',#3064);
#3064 = CARTESIAN_POINT('',(-77.5,12.1,36.1));
#3065 = CIRCLE('',#3066,1.6);
#3066 = AXIS2_PLACEMENT_3D('',#3067,#3068,#3069);
#3067 = CARTESIAN_POINT('',(-77.5,12.1,34.5));
#3068 = DIRECTION('',(0.,1.,0.));
#3069 = DIRECTION('',(0.,-0.,1.));
#3070 = FACE_BOUND('',#3071,.T.);
#3071 = EDGE_LOOP('',(#3072));
#3072 = ORIENTED_EDGE('',*,*,#3073,.F.);
#3073 = EDGE_CURVE('',#3074,#3074,#3076,.T.);
#3074 = VERTEX_POINT('',#3075);
#3075 = CARTESIAN_POINT('',(-71.,12.1,36.1));
#3076 = CIRCLE('',#3077,1.6);
#3077 = AXIS2_PLACEMENT_3D('',#3078,#3079,#3080);
#3078 = CARTESIAN_POINT('',(-71.,12.1,34.5));
#3079 = DIRECTION('',(0.,1.,0.));
#3080 = DIRECTION('',(0.,-0.,1.));
#3081 = FACE_BOUND('',#3082,.T.);
#3082 = EDGE_LOOP('',(#3083));
#3083 = ORIENTED_EDGE('',*,*,#3084,.F.);
#3084 = EDGE_CURVE('',#3085,#3085,#3087,.T.);
#3085 = VERTEX_POINT('',#3086);
#3086 = CARTESIAN_POINT('',(-67.75,12.1,30.471));
#3087 = CIRCLE('',#3088,1.6);
#3088 = AXIS2_PLACEMENT_3D('',#3089,#3090,#3091);
#3089 = CARTESIAN_POINT('',(-67.75,12.1,28.871));
#3090 = DIRECTION('',(0.,1.,0.));
#3091 = DIRECTION('',(0.,-0.,1.));
#3092 = FACE_BOUND('',#3093,.T.);
#3093 = EDGE_LOOP('',(#3094));
#3094 = ORIENTED_EDGE('',*,*,#3095,.F.);
#3095 = EDGE_CURVE('',#3096,#3096,#3098,.T.);
#3096 = VERTEX_POINT('',#3097);
#3097 = CARTESIAN_POINT('',(-56.,12.1,26.724));
#3098 = CIRCLE('',#3099,1.75);
#3099 = AXIS2_PLACEMENT_3D('',#3100,#3101,#3102);
#3100 = CARTESIAN_POINT('',(-56.,12.1,24.974));
#3101 = DIRECTION('',(0.,1.,0.));
#3102 = DIRECTION('',(0.,-0.,1.));
#3103 = FACE_BOUND('',#3104,.T.);
#3104 = EDGE_LOOP('',(#3105));
#3105 = ORIENTED_EDGE('',*,*,#3106,.F.);
#3106 = EDGE_CURVE('',#3107,#3107,#3109,.T.);
#3107 = VERTEX_POINT('',#3108);
#3108 = CARTESIAN_POINT('',(-50.5,12.1,26.724));
#3109 = CIRCLE('',#3110,1.75);
#3110 = AXIS2_PLACEMENT_3D('',#3111,#3112,#3113);
#3111 = CARTESIAN_POINT('',(-50.5,12.1,24.974));
#3112 = DIRECTION('',(0.,1.,0.));
#3113 = DIRECTION('',(0.,-0.,1.));
#3114 = FACE_BOUND('',#3115,.T.);
#3115 = EDGE_LOOP('',(#3116));
#3116 = ORIENTED_EDGE('',*,*,#3117,.F.);
#3117 = EDGE_CURVE('',#3118,#3118,#3120,.T.);
#3118 = VERTEX_POINT('',#3119);
#3119 = CARTESIAN_POINT('',(-58.75,12.1,31.487));
#3120 = CIRCLE('',#3121,1.75);
#3121 = AXIS2_PLACEMENT_3D('',#3122,#3123,#3124);
#3122 = CARTESIAN_POINT('',(-58.75,12.1,29.737));
#3123 = DIRECTION('',(0.,1.,0.));
#3124 = DIRECTION('',(0.,-0.,1.));
#3125 = FACE_BOUND('',#3126,.T.);
#3126 = EDGE_LOOP('',(#3127,#3138,#3147,#3156));
#3127 = ORIENTED_EDGE('',*,*,#3128,.F.);
#3128 = EDGE_CURVE('',#3129,#3131,#3133,.T.);
#3129 = VERTEX_POINT('',#3130);
#3130 = CARTESIAN_POINT('',(-64.5,12.1,36.1));
#3131 = VERTEX_POINT('',#3132);
#3132 = CARTESIAN_POINT('',(-63.08375,12.1,35.244470239499));
#3133 = CIRCLE('',#3134,1.6);
#3134 = AXIS2_PLACEMENT_3D('',#3135,#3136,#3137);
#3135 = CARTESIAN_POINT('',(-64.5,12.1,34.5));
#3136 = DIRECTION('',(0.,1.,0.));
#3137 = DIRECTION('',(0.,-0.,1.));
#3138 = ORIENTED_EDGE('',*,*,#3139,.F.);
#3139 = EDGE_CURVE('',#3140,#3129,#3142,.T.);
#3140 = VERTEX_POINT('',#3141);
#3141 = CARTESIAN_POINT('',(-63.08375,12.1,33.755529760501));
#3142 = CIRCLE('',#3143,1.6);
#3143 = AXIS2_PLACEMENT_3D('',#3144,#3145,#3146);
#3144 = CARTESIAN_POINT('',(-64.5,12.1,34.5));
#3145 = DIRECTION('',(0.,1.,0.));
#3146 = DIRECTION('',(0.,-0.,1.));
#3147 = ORIENTED_EDGE('',*,*,#3148,.F.);
#3148 = EDGE_CURVE('',#3149,#3140,#3151,.T.);
#3149 = VERTEX_POINT('',#3150);
#3150 = CARTESIAN_POINT('',(-61.5,12.1,36.25));
#3151 = CIRCLE('',#3152,1.75);
#3152 = AXIS2_PLACEMENT_3D('',#3153,#3154,#3155);
#3153 = CARTESIAN_POINT('',(-61.5,12.1,34.5));
#3154 = DIRECTION('',(0.,1.,0.));
#3155 = DIRECTION('',(0.,-0.,1.));
#3156 = ORIENTED_EDGE('',*,*,#3157,.F.);
#3157 = EDGE_CURVE('',#3131,#3149,#3158,.T.);
#3158 = CIRCLE('',#3159,1.75);
#3159 = AXIS2_PLACEMENT_3D('',#3160,#3161,#3162);
#3160 = CARTESIAN_POINT('',(-61.5,12.1,34.5));
#3161 = DIRECTION('',(0.,1.,0.));
#3162 = DIRECTION('',(0.,-0.,1.));
#3163 = FACE_BOUND('',#3164,.T.);
#3164 = EDGE_LOOP('',(#3165));
#3165 = ORIENTED_EDGE('',*,*,#3166,.F.);
#3166 = EDGE_CURVE('',#3167,#3167,#3169,.T.);
#3167 = VERTEX_POINT('',#3168);
#3168 = CARTESIAN_POINT('',(-53.25,12.1,31.487));
#3169 = CIRCLE('',#3170,1.75);
#3170 = AXIS2_PLACEMENT_3D('',#3171,#3172,#3173);
#3171 = CARTESIAN_POINT('',(-53.25,12.1,29.737));
#3172 = DIRECTION('',(0.,1.,0.));
#3173 = DIRECTION('',(0.,-0.,1.));
#3174 = FACE_BOUND('',#3175,.T.);
#3175 = EDGE_LOOP('',(#3176));
#3176 = ORIENTED_EDGE('',*,*,#3177,.F.);
#3177 = EDGE_CURVE('',#3178,#3178,#3180,.T.);
#3178 = VERTEX_POINT('',#3179);
#3179 = CARTESIAN_POINT('',(-47.75,12.1,31.487));
#3180 = CIRCLE('',#3181,1.75);
#3181 = AXIS2_PLACEMENT_3D('',#3182,#3183,#3184);
#3182 = CARTESIAN_POINT('',(-47.75,12.1,29.737));
#3183 = DIRECTION('',(0.,1.,0.));
#3184 = DIRECTION('',(0.,-0.,1.));
#3185 = FACE_BOUND('',#3186,.T.);
#3186 = EDGE_LOOP('',(#3187));
#3187 = ORIENTED_EDGE('',*,*,#3188,.F.);
#3188 = EDGE_CURVE('',#3189,#3189,#3191,.T.);
#3189 = VERTEX_POINT('',#3190);
#3190 = CARTESIAN_POINT('',(-56.,12.1,36.25));
#3191 = CIRCLE('',#3192,1.75);
#3192 = AXIS2_PLACEMENT_3D('',#3193,#3194,#3195);
#3193 = CARTESIAN_POINT('',(-56.,12.1,34.5));
#3194 = DIRECTION('',(0.,1.,0.));
#3195 = DIRECTION('',(0.,-0.,1.));
#3196 = FACE_BOUND('',#3197,.T.);
#3197 = EDGE_LOOP('',(#3198));
#3198 = ORIENTED_EDGE('',*,*,#3199,.F.);
#3199 = EDGE_CURVE('',#3200,#3200,#3202,.T.);
#3200 = VERTEX_POINT('',#3201);
#3201 = CARTESIAN_POINT('',(-50.5,12.1,36.25));
#3202 = CIRCLE('',#3203,1.75);
#3203 = AXIS2_PLACEMENT_3D('',#3204,#3205,#3206);
#3204 = CARTESIAN_POINT('',(-50.5,12.1,34.5));
#3205 = DIRECTION('',(0.,1.,0.));
#3206 = DIRECTION('',(0.,-0.,1.));
#3207 = FACE_BOUND('',#3208,.T.);
#3208 = EDGE_LOOP('',(#3209));
#3209 = ORIENTED_EDGE('',*,*,#3210,.F.);
#3210 = EDGE_CURVE('',#3211,#3211,#3213,.T.);
#3211 = VERTEX_POINT('',#3212);
#3212 = CARTESIAN_POINT('',(-132.75,12.1,41.729));
#3213 = CIRCLE('',#3214,1.6);
#3214 = AXIS2_PLACEMENT_3D('',#3215,#3216,#3217);
#3215 = CARTESIAN_POINT('',(-132.75,12.1,40.129));
#3216 = DIRECTION('',(0.,1.,0.));
#3217 = DIRECTION('',(0.,-0.,1.));
#3218 = FACE_BOUND('',#3219,.T.);
#3219 = EDGE_LOOP('',(#3220));
#3220 = ORIENTED_EDGE('',*,*,#3221,.F.);
#3221 = EDGE_CURVE('',#3222,#3222,#3224,.T.);
#3222 = VERTEX_POINT('',#3223);
#3223 = CARTESIAN_POINT('',(-126.25,12.1,41.729));
#3224 = CIRCLE('',#3225,1.6);
#3225 = AXIS2_PLACEMENT_3D('',#3226,#3227,#3228);
#3226 = CARTESIAN_POINT('',(-126.25,12.1,40.129));
#3227 = DIRECTION('',(0.,1.,0.));
#3228 = DIRECTION('',(0.,-0.,1.));
#3229 = FACE_BOUND('',#3230,.T.);
#3230 = EDGE_LOOP('',(#3231));
#3231 = ORIENTED_EDGE('',*,*,#3232,.F.);
#3232 = EDGE_CURVE('',#3233,#3233,#3235,.T.);
#3233 = VERTEX_POINT('',#3234);
#3234 = CARTESIAN_POINT('',(-119.75,12.1,41.729));
#3235 = CIRCLE('',#3236,1.6);
#3236 = AXIS2_PLACEMENT_3D('',#3237,#3238,#3239);
#3237 = CARTESIAN_POINT('',(-119.75,12.1,40.129));
#3238 = DIRECTION('',(0.,1.,0.));
#3239 = DIRECTION('',(0.,-0.,1.));
#3240 = FACE_BOUND('',#3241,.T.);
#3241 = EDGE_LOOP('',(#3242));
#3242 = ORIENTED_EDGE('',*,*,#3243,.F.);
#3243 = EDGE_CURVE('',#3244,#3244,#3246,.T.);
#3244 = VERTEX_POINT('',#3245);
#3245 = CARTESIAN_POINT('',(-113.25,12.1,41.729));
#3246 = CIRCLE('',#3247,1.6);
#3247 = AXIS2_PLACEMENT_3D('',#3248,#3249,#3250);
#3248 = CARTESIAN_POINT('',(-113.25,12.1,40.129));
#3249 = DIRECTION('',(0.,1.,0.));
#3250 = DIRECTION('',(0.,-0.,1.));
#3251 = FACE_BOUND('',#3252,.T.);
#3252 = EDGE_LOOP('',(#3253));
#3253 = ORIENTED_EDGE('',*,*,#3254,.F.);
#3254 = EDGE_CURVE('',#3255,#3255,#3257,.T.);
#3255 = VERTEX_POINT('',#3256);
#3256 = CARTESIAN_POINT('',(-106.75,12.1,41.729));
#3257 = CIRCLE('',#3258,1.6);
#3258 = AXIS2_PLACEMENT_3D('',#3259,#3260,#3261);
#3259 = CARTESIAN_POINT('',(-106.75,12.1,40.129));
#3260 = DIRECTION('',(0.,1.,0.));
#3261 = DIRECTION('',(0.,-0.,1.));
#3262 = FACE_BOUND('',#3263,.T.);
#3263 = EDGE_LOOP('',(#3264));
#3264 = ORIENTED_EDGE('',*,*,#3265,.F.);
#3265 = EDGE_CURVE('',#3266,#3266,#3268,.T.);
#3266 = VERTEX_POINT('',#3267);
#3267 = CARTESIAN_POINT('',(-100.25,12.1,41.729));
#3268 = CIRCLE('',#3269,1.6);
#3269 = AXIS2_PLACEMENT_3D('',#3270,#3271,#3272);
#3270 = CARTESIAN_POINT('',(-100.25,12.1,40.129));
#3271 = DIRECTION('',(0.,1.,0.));
#3272 = DIRECTION('',(0.,-0.,1.));
#3273 = FACE_BOUND('',#3274,.T.);
#3274 = EDGE_LOOP('',(#3275));
#3275 = ORIENTED_EDGE('',*,*,#3276,.F.);
#3276 = EDGE_CURVE('',#3277,#3277,#3279,.T.);
#3277 = VERTEX_POINT('',#3278);
#3278 = CARTESIAN_POINT('',(-93.75,12.1,41.729));
#3279 = CIRCLE('',#3280,1.6);
#3280 = AXIS2_PLACEMENT_3D('',#3281,#3282,#3283);
#3281 = CARTESIAN_POINT('',(-93.75,12.1,40.129));
#3282 = DIRECTION('',(0.,1.,0.));
#3283 = DIRECTION('',(0.,-0.,1.));
#3284 = FACE_BOUND('',#3285,.T.);
#3285 = EDGE_LOOP('',(#3286));
#3286 = ORIENTED_EDGE('',*,*,#3287,.F.);
#3287 = EDGE_CURVE('',#3288,#3288,#3290,.T.);
#3288 = VERTEX_POINT('',#3289);
#3289 = CARTESIAN_POINT('',(-136.,12.1,47.358));
#3290 = CIRCLE('',#3291,1.6);
#3291 = AXIS2_PLACEMENT_3D('',#3292,#3293,#3294);
#3292 = CARTESIAN_POINT('',(-136.,12.1,45.758));
#3293 = DIRECTION('',(0.,1.,0.));
#3294 = DIRECTION('',(0.,-0.,1.));
#3295 = FACE_BOUND('',#3296,.T.);
#3296 = EDGE_LOOP('',(#3297));
#3297 = ORIENTED_EDGE('',*,*,#3298,.F.);
#3298 = EDGE_CURVE('',#3299,#3299,#3301,.T.);
#3299 = VERTEX_POINT('',#3300);
#3300 = CARTESIAN_POINT('',(-129.5,12.1,47.358));
#3301 = CIRCLE('',#3302,1.6);
#3302 = AXIS2_PLACEMENT_3D('',#3303,#3304,#3305);
#3303 = CARTESIAN_POINT('',(-129.5,12.1,45.758));
#3304 = DIRECTION('',(0.,1.,0.));
#3305 = DIRECTION('',(0.,-0.,1.));
#3306 = FACE_BOUND('',#3307,.T.);
#3307 = EDGE_LOOP('',(#3308));
#3308 = ORIENTED_EDGE('',*,*,#3309,.F.);
#3309 = EDGE_CURVE('',#3310,#3310,#3312,.T.);
#3310 = VERTEX_POINT('',#3311);
#3311 = CARTESIAN_POINT('',(-123.,12.1,47.358));
#3312 = CIRCLE('',#3313,1.6);
#3313 = AXIS2_PLACEMENT_3D('',#3314,#3315,#3316);
#3314 = CARTESIAN_POINT('',(-123.,12.1,45.758));
#3315 = DIRECTION('',(0.,1.,0.));
#3316 = DIRECTION('',(0.,-0.,1.));
#3317 = FACE_BOUND('',#3318,.T.);
#3318 = EDGE_LOOP('',(#3319));
#3319 = ORIENTED_EDGE('',*,*,#3320,.F.);
#3320 = EDGE_CURVE('',#3321,#3321,#3323,.T.);
#3321 = VERTEX_POINT('',#3322);
#3322 = CARTESIAN_POINT('',(-132.75,12.1,52.987));
#3323 = CIRCLE('',#3324,1.6);
#3324 = AXIS2_PLACEMENT_3D('',#3325,#3326,#3327);
#3325 = CARTESIAN_POINT('',(-132.75,12.1,51.387));
#3326 = DIRECTION('',(0.,1.,0.));
#3327 = DIRECTION('',(0.,-0.,1.));
#3328 = FACE_BOUND('',#3329,.T.);
#3329 = EDGE_LOOP('',(#3330));
#3330 = ORIENTED_EDGE('',*,*,#3331,.F.);
#3331 = EDGE_CURVE('',#3332,#3332,#3334,.T.);
#3332 = VERTEX_POINT('',#3333);
#3333 = CARTESIAN_POINT('',(-138.66,12.1,56.7));
#3334 = CIRCLE('',#3335,1.7);
#3335 = AXIS2_PLACEMENT_3D('',#3336,#3337,#3338);
#3336 = CARTESIAN_POINT('',(-138.66,12.1,55.));
#3337 = DIRECTION('',(0.,1.,0.));
#3338 = DIRECTION('',(0.,-0.,1.));
#3339 = FACE_BOUND('',#3340,.T.);
#3340 = EDGE_LOOP('',(#3341));
#3341 = ORIENTED_EDGE('',*,*,#3342,.F.);
#3342 = EDGE_CURVE('',#3343,#3343,#3345,.T.);
#3343 = VERTEX_POINT('',#3344);
#3344 = CARTESIAN_POINT('',(-126.25,12.1,52.987));
#3345 = CIRCLE('',#3346,1.6);
#3346 = AXIS2_PLACEMENT_3D('',#3347,#3348,#3349);
#3347 = CARTESIAN_POINT('',(-126.25,12.1,51.387));
#3348 = DIRECTION('',(0.,1.,0.));
#3349 = DIRECTION('',(0.,-0.,1.));
#3350 = FACE_BOUND('',#3351,.T.);
#3351 = EDGE_LOOP('',(#3352));
#3352 = ORIENTED_EDGE('',*,*,#3353,.F.);
#3353 = EDGE_CURVE('',#3354,#3354,#3356,.T.);
#3354 = VERTEX_POINT('',#3355);
#3355 = CARTESIAN_POINT('',(-119.75,12.1,52.987));
#3356 = CIRCLE('',#3357,1.6);
#3357 = AXIS2_PLACEMENT_3D('',#3358,#3359,#3360);
#3358 = CARTESIAN_POINT('',(-119.75,12.1,51.387));
#3359 = DIRECTION('',(0.,1.,0.));
#3360 = DIRECTION('',(0.,-0.,1.));
#3361 = FACE_BOUND('',#3362,.T.);
#3362 = EDGE_LOOP('',(#3363));
#3363 = ORIENTED_EDGE('',*,*,#3364,.F.);
#3364 = EDGE_CURVE('',#3365,#3365,#3367,.T.);
#3365 = VERTEX_POINT('',#3366);
#3366 = CARTESIAN_POINT('',(-116.5,12.1,47.358));
#3367 = CIRCLE('',#3368,1.6);
#3368 = AXIS2_PLACEMENT_3D('',#3369,#3370,#3371);
#3369 = CARTESIAN_POINT('',(-116.5,12.1,45.758));
#3370 = DIRECTION('',(0.,1.,0.));
#3371 = DIRECTION('',(0.,-0.,1.));
#3372 = FACE_BOUND('',#3373,.T.);
#3373 = EDGE_LOOP('',(#3374));
#3374 = ORIENTED_EDGE('',*,*,#3375,.F.);
#3375 = EDGE_CURVE('',#3376,#3376,#3378,.T.);
#3376 = VERTEX_POINT('',#3377);
#3377 = CARTESIAN_POINT('',(-110.,12.1,47.358));
#3378 = CIRCLE('',#3379,1.6);
#3379 = AXIS2_PLACEMENT_3D('',#3380,#3381,#3382);
#3380 = CARTESIAN_POINT('',(-110.,12.1,45.758));
#3381 = DIRECTION('',(0.,1.,0.));
#3382 = DIRECTION('',(0.,-0.,1.));
#3383 = FACE_BOUND('',#3384,.T.);
#3384 = EDGE_LOOP('',(#3385));
#3385 = ORIENTED_EDGE('',*,*,#3386,.F.);
#3386 = EDGE_CURVE('',#3387,#3387,#3389,.T.);
#3387 = VERTEX_POINT('',#3388);
#3388 = CARTESIAN_POINT('',(-103.5,12.1,47.358));
#3389 = CIRCLE('',#3390,1.6);
#3390 = AXIS2_PLACEMENT_3D('',#3391,#3392,#3393);
#3391 = CARTESIAN_POINT('',(-103.5,12.1,45.758));
#3392 = DIRECTION('',(0.,1.,0.));
#3393 = DIRECTION('',(0.,-0.,1.));
#3394 = FACE_BOUND('',#3395,.T.);
#3395 = EDGE_LOOP('',(#3396));
#3396 = ORIENTED_EDGE('',*,*,#3397,.F.);
#3397 = EDGE_CURVE('',#3398,#3398,#3400,.T.);
#3398 = VERTEX_POINT('',#3399);
#3399 = CARTESIAN_POINT('',(-97.,12.1,47.358));
#3400 = CIRCLE('',#3401,1.6);
#3401 = AXIS2_PLACEMENT_3D('',#3402,#3403,#3404);
#3402 = CARTESIAN_POINT('',(-97.,12.1,45.758));
#3403 = DIRECTION('',(0.,1.,0.));
#3404 = DIRECTION('',(0.,-0.,1.));
#3405 = FACE_BOUND('',#3406,.T.);
#3406 = EDGE_LOOP('',(#3407));
#3407 = ORIENTED_EDGE('',*,*,#3408,.F.);
#3408 = EDGE_CURVE('',#3409,#3409,#3411,.T.);
#3409 = VERTEX_POINT('',#3410);
#3410 = CARTESIAN_POINT('',(-113.25,12.1,52.987));
#3411 = CIRCLE('',#3412,1.6);
#3412 = AXIS2_PLACEMENT_3D('',#3413,#3414,#3415);
#3413 = CARTESIAN_POINT('',(-113.25,12.1,51.387));
#3414 = DIRECTION('',(0.,1.,0.));
#3415 = DIRECTION('',(0.,-0.,1.));
#3416 = FACE_BOUND('',#3417,.T.);
#3417 = EDGE_LOOP('',(#3418));
#3418 = ORIENTED_EDGE('',*,*,#3419,.F.);
#3419 = EDGE_CURVE('',#3420,#3420,#3422,.T.);
#3420 = VERTEX_POINT('',#3421);
#3421 = CARTESIAN_POINT('',(-106.75,12.1,52.987));
#3422 = CIRCLE('',#3423,1.6);
#3423 = AXIS2_PLACEMENT_3D('',#3424,#3425,#3426);
#3424 = CARTESIAN_POINT('',(-106.75,12.1,51.387));
#3425 = DIRECTION('',(0.,1.,0.));
#3426 = DIRECTION('',(0.,-0.,1.));
#3427 = FACE_BOUND('',#3428,.T.);
#3428 = EDGE_LOOP('',(#3429));
#3429 = ORIENTED_EDGE('',*,*,#3430,.F.);
#3430 = EDGE_CURVE('',#3431,#3431,#3433,.T.);
#3431 = VERTEX_POINT('',#3432);
#3432 = CARTESIAN_POINT('',(-100.25,12.1,52.987));
#3433 = CIRCLE('',#3434,1.6);
#3434 = AXIS2_PLACEMENT_3D('',#3435,#3436,#3437);
#3435 = CARTESIAN_POINT('',(-100.25,12.1,51.387));
#3436 = DIRECTION('',(0.,1.,0.));
#3437 = DIRECTION('',(0.,-0.,1.));
#3438 = FACE_BOUND('',#3439,.T.);
#3439 = EDGE_LOOP('',(#3440));
#3440 = ORIENTED_EDGE('',*,*,#3441,.F.);
#3441 = EDGE_CURVE('',#3442,#3442,#3444,.T.);
#3442 = VERTEX_POINT('',#3443);
#3443 = CARTESIAN_POINT('',(-93.75,12.1,52.987));
#3444 = CIRCLE('',#3445,1.6);
#3445 = AXIS2_PLACEMENT_3D('',#3446,#3447,#3448);
#3446 = CARTESIAN_POINT('',(-93.75,12.1,51.387));
#3447 = DIRECTION('',(0.,1.,0.));
#3448 = DIRECTION('',(0.,-0.,1.));
#3449 = FACE_BOUND('',#3450,.T.);
#3450 = EDGE_LOOP('',(#3451));
#3451 = ORIENTED_EDGE('',*,*,#3452,.F.);
#3452 = EDGE_CURVE('',#3453,#3453,#3455,.T.);
#3453 = VERTEX_POINT('',#3454);
#3454 = CARTESIAN_POINT('',(-87.25,12.1,41.729));
#3455 = CIRCLE('',#3456,1.6);
#3456 = AXIS2_PLACEMENT_3D('',#3457,#3458,#3459);
#3457 = CARTESIAN_POINT('',(-87.25,12.1,40.129));
#3458 = DIRECTION('',(0.,1.,0.));
#3459 = DIRECTION('',(0.,-0.,1.));
#3460 = FACE_BOUND('',#3461,.T.);
#3461 = EDGE_LOOP('',(#3462));
#3462 = ORIENTED_EDGE('',*,*,#3463,.F.);
#3463 = EDGE_CURVE('',#3464,#3464,#3466,.T.);
#3464 = VERTEX_POINT('',#3465);
#3465 = CARTESIAN_POINT('',(-80.75,12.1,41.729));
#3466 = CIRCLE('',#3467,1.6);
#3467 = AXIS2_PLACEMENT_3D('',#3468,#3469,#3470);
#3468 = CARTESIAN_POINT('',(-80.75,12.1,40.129));
#3469 = DIRECTION('',(0.,1.,0.));
#3470 = DIRECTION('',(0.,-0.,1.));
#3471 = FACE_BOUND('',#3472,.T.);
#3472 = EDGE_LOOP('',(#3473));
#3473 = ORIENTED_EDGE('',*,*,#3474,.F.);
#3474 = EDGE_CURVE('',#3475,#3475,#3477,.T.);
#3475 = VERTEX_POINT('',#3476);
#3476 = CARTESIAN_POINT('',(-74.25,12.1,41.729));
#3477 = CIRCLE('',#3478,1.6);
#3478 = AXIS2_PLACEMENT_3D('',#3479,#3480,#3481);
#3479 = CARTESIAN_POINT('',(-74.25,12.1,40.129));
#3480 = DIRECTION('',(0.,1.,0.));
#3481 = DIRECTION('',(0.,-0.,1.));
#3482 = FACE_BOUND('',#3483,.T.);
#3483 = EDGE_LOOP('',(#3484));
#3484 = ORIENTED_EDGE('',*,*,#3485,.F.);
#3485 = EDGE_CURVE('',#3486,#3486,#3488,.T.);
#3486 = VERTEX_POINT('',#3487);
#3487 = CARTESIAN_POINT('',(-58.75,12.1,41.013));
#3488 = CIRCLE('',#3489,1.75);
#3489 = AXIS2_PLACEMENT_3D('',#3490,#3491,#3492);
#3490 = CARTESIAN_POINT('',(-58.75,12.1,39.263));
#3491 = DIRECTION('',(0.,1.,0.));
#3492 = DIRECTION('',(0.,-0.,1.));
#3493 = FACE_BOUND('',#3494,.T.);
#3494 = EDGE_LOOP('',(#3495));
#3495 = ORIENTED_EDGE('',*,*,#3496,.F.);
#3496 = EDGE_CURVE('',#3497,#3497,#3499,.T.);
#3497 = VERTEX_POINT('',#3498);
#3498 = CARTESIAN_POINT('',(-53.25,12.1,41.013));
#3499 = CIRCLE('',#3500,1.75);
#3500 = AXIS2_PLACEMENT_3D('',#3501,#3502,#3503);
#3501 = CARTESIAN_POINT('',(-53.25,12.1,39.263));
#3502 = DIRECTION('',(0.,1.,0.));
#3503 = DIRECTION('',(0.,-0.,1.));
#3504 = FACE_BOUND('',#3505,.T.);
#3505 = EDGE_LOOP('',(#3506));
#3506 = ORIENTED_EDGE('',*,*,#3507,.F.);
#3507 = EDGE_CURVE('',#3508,#3508,#3510,.T.);
#3508 = VERTEX_POINT('',#3509);
#3509 = CARTESIAN_POINT('',(-47.75,12.1,41.013));
#3510 = CIRCLE('',#3511,1.75);
#3511 = AXIS2_PLACEMENT_3D('',#3512,#3513,#3514);
#3512 = CARTESIAN_POINT('',(-47.75,12.1,39.263));
#3513 = DIRECTION('',(0.,1.,0.));
#3514 = DIRECTION('',(0.,-0.,1.));
#3515 = FACE_BOUND('',#3516,.T.);
#3516 = EDGE_LOOP('',(#3517));
#3517 = ORIENTED_EDGE('',*,*,#3518,.F.);
#3518 = EDGE_CURVE('',#3519,#3519,#3521,.T.);
#3519 = VERTEX_POINT('',#3520);
#3520 = CARTESIAN_POINT('',(-67.75,12.1,41.729));
#3521 = CIRCLE('',#3522,1.6);
#3522 = AXIS2_PLACEMENT_3D('',#3523,#3524,#3525);
#3523 = CARTESIAN_POINT('',(-67.75,12.1,40.129));
#3524 = DIRECTION('',(0.,1.,0.));
#3525 = DIRECTION('',(0.,-0.,1.));
#3526 = FACE_BOUND('',#3527,.T.);
#3527 = EDGE_LOOP('',(#3528));
#3528 = ORIENTED_EDGE('',*,*,#3529,.F.);
#3529 = EDGE_CURVE('',#3530,#3530,#3532,.T.);
#3530 = VERTEX_POINT('',#3531);
#3531 = CARTESIAN_POINT('',(-56.,12.1,45.776));
#3532 = CIRCLE('',#3533,1.75);
#3533 = AXIS2_PLACEMENT_3D('',#3534,#3535,#3536);
#3534 = CARTESIAN_POINT('',(-56.,12.1,44.026));
#3535 = DIRECTION('',(0.,1.,0.));
#3536 = DIRECTION('',(0.,-0.,1.));
#3537 = FACE_BOUND('',#3538,.T.);
#3538 = EDGE_LOOP('',(#3539));
#3539 = ORIENTED_EDGE('',*,*,#3540,.F.);
#3540 = EDGE_CURVE('',#3541,#3541,#3543,.T.);
#3541 = VERTEX_POINT('',#3542);
#3542 = CARTESIAN_POINT('',(-50.5,12.1,45.776));
#3543 = CIRCLE('',#3544,1.75);
#3544 = AXIS2_PLACEMENT_3D('',#3545,#3546,#3547);
#3545 = CARTESIAN_POINT('',(-50.5,12.1,44.026));
#3546 = DIRECTION('',(0.,1.,0.));
#3547 = DIRECTION('',(0.,-0.,1.));
#3548 = FACE_BOUND('',#3549,.T.);
#3549 = EDGE_LOOP('',(#3550));
#3550 = ORIENTED_EDGE('',*,*,#3551,.F.);
#3551 = EDGE_CURVE('',#3552,#3552,#3554,.T.);
#3552 = VERTEX_POINT('',#3553);
#3553 = CARTESIAN_POINT('',(-90.5,12.1,47.358));
#3554 = CIRCLE('',#3555,1.6);
#3555 = AXIS2_PLACEMENT_3D('',#3556,#3557,#3558);
#3556 = CARTESIAN_POINT('',(-90.5,12.1,45.758));
#3557 = DIRECTION('',(0.,1.,0.));
#3558 = DIRECTION('',(0.,-0.,1.));
#3559 = FACE_BOUND('',#3560,.T.);
#3560 = EDGE_LOOP('',(#3561));
#3561 = ORIENTED_EDGE('',*,*,#3562,.F.);
#3562 = EDGE_CURVE('',#3563,#3563,#3565,.T.);
#3563 = VERTEX_POINT('',#3564);
#3564 = CARTESIAN_POINT('',(-84.,12.1,47.358));
#3565 = CIRCLE('',#3566,1.6);
#3566 = AXIS2_PLACEMENT_3D('',#3567,#3568,#3569);
#3567 = CARTESIAN_POINT('',(-84.,12.1,45.758));
#3568 = DIRECTION('',(0.,1.,0.));
#3569 = DIRECTION('',(0.,-0.,1.));
#3570 = FACE_BOUND('',#3571,.T.);
#3571 = EDGE_LOOP('',(#3572));
#3572 = ORIENTED_EDGE('',*,*,#3573,.F.);
#3573 = EDGE_CURVE('',#3574,#3574,#3576,.T.);
#3574 = VERTEX_POINT('',#3575);
#3575 = CARTESIAN_POINT('',(-77.5,12.1,47.358));
#3576 = CIRCLE('',#3577,1.6);
#3577 = AXIS2_PLACEMENT_3D('',#3578,#3579,#3580);
#3578 = CARTESIAN_POINT('',(-77.5,12.1,45.758));
#3579 = DIRECTION('',(0.,1.,0.));
#3580 = DIRECTION('',(0.,-0.,1.));
#3581 = FACE_BOUND('',#3582,.T.);
#3582 = EDGE_LOOP('',(#3583));
#3583 = ORIENTED_EDGE('',*,*,#3584,.F.);
#3584 = EDGE_CURVE('',#3585,#3585,#3587,.T.);
#3585 = VERTEX_POINT('',#3586);
#3586 = CARTESIAN_POINT('',(-71.,12.1,47.358));
#3587 = CIRCLE('',#3588,1.6);
#3588 = AXIS2_PLACEMENT_3D('',#3589,#3590,#3591);
#3589 = CARTESIAN_POINT('',(-71.,12.1,45.758));
#3590 = DIRECTION('',(0.,1.,0.));
#3591 = DIRECTION('',(0.,-0.,1.));
#3592 = FACE_BOUND('',#3593,.T.);
#3593 = EDGE_LOOP('',(#3594));
#3594 = ORIENTED_EDGE('',*,*,#3595,.F.);
#3595 = EDGE_CURVE('',#3596,#3596,#3598,.T.);
#3596 = VERTEX_POINT('',#3597);
#3597 = CARTESIAN_POINT('',(-87.25,12.1,52.987));
#3598 = CIRCLE('',#3599,1.6);
#3599 = AXIS2_PLACEMENT_3D('',#3600,#3601,#3602);
#3600 = CARTESIAN_POINT('',(-87.25,12.1,51.387));
#3601 = DIRECTION('',(0.,1.,0.));
#3602 = DIRECTION('',(0.,-0.,1.));
#3603 = FACE_BOUND('',#3604,.T.);
#3604 = EDGE_LOOP('',(#3605));
#3605 = ORIENTED_EDGE('',*,*,#3606,.F.);
#3606 = EDGE_CURVE('',#3607,#3607,#3609,.T.);
#3607 = VERTEX_POINT('',#3608);
#3608 = CARTESIAN_POINT('',(-80.75,12.1,52.987));
#3609 = CIRCLE('',#3610,1.6);
#3610 = AXIS2_PLACEMENT_3D('',#3611,#3612,#3613);
#3611 = CARTESIAN_POINT('',(-80.75,12.1,51.387));
#3612 = DIRECTION('',(0.,1.,0.));
#3613 = DIRECTION('',(0.,-0.,1.));
#3614 = FACE_BOUND('',#3615,.T.);
#3615 = EDGE_LOOP('',(#3616));
#3616 = ORIENTED_EDGE('',*,*,#3617,.F.);
#3617 = EDGE_CURVE('',#3618,#3618,#3620,.T.);
#3618 = VERTEX_POINT('',#3619);
#3619 = CARTESIAN_POINT('',(-74.25,12.1,52.987));
#3620 = CIRCLE('',#3621,1.6);
#3621 = AXIS2_PLACEMENT_3D('',#3622,#3623,#3624);
#3622 = CARTESIAN_POINT('',(-74.25,12.1,51.387));
#3623 = DIRECTION('',(0.,1.,0.));
#3624 = DIRECTION('',(0.,-0.,1.));
#3625 = FACE_BOUND('',#3626,.T.);
#3626 = EDGE_LOOP('',(#3627));
#3627 = ORIENTED_EDGE('',*,*,#3628,.F.);
#3628 = EDGE_CURVE('',#3629,#3629,#3631,.T.);
#3629 = VERTEX_POINT('',#3630);
#3630 = CARTESIAN_POINT('',(-64.5,12.1,47.358));
#3631 = CIRCLE('',#3632,1.6);
#3632 = AXIS2_PLACEMENT_3D('',#3633,#3634,#3635);
#3633 = CARTESIAN_POINT('',(-64.5,12.1,45.758));
#3634 = DIRECTION('',(0.,1.,0.));
#3635 = DIRECTION('',(0.,-0.,1.));
#3636 = FACE_BOUND('',#3637,.T.);
#3637 = EDGE_LOOP('',(#3638,#3649,#3658,#3667));
#3638 = ORIENTED_EDGE('',*,*,#3639,.F.);
#3639 = EDGE_CURVE('',#3640,#3642,#3644,.T.);
#3640 = VERTEX_POINT('',#3641);
#3641 = CARTESIAN_POINT('',(-54.75,12.1,52.987));
#3642 = VERTEX_POINT('',#3643);
#3643 = CARTESIAN_POINT('',(-53.39709403131,12.1,50.532807141272));
#3644 = CIRCLE('',#3645,1.6);
#3645 = AXIS2_PLACEMENT_3D('',#3646,#3647,#3648);
#3646 = CARTESIAN_POINT('',(-54.75,12.1,51.387));
#3647 = DIRECTION('',(0.,1.,0.));
#3648 = DIRECTION('',(0.,-0.,1.));
#3649 = ORIENTED_EDGE('',*,*,#3650,.F.);
#3650 = EDGE_CURVE('',#3651,#3640,#3653,.T.);
#3651 = VERTEX_POINT('',#3652);
#3652 = CARTESIAN_POINT('',(-54.68665965384,12.1,49.788254241429));
#3653 = CIRCLE('',#3654,1.6);
#3654 = AXIS2_PLACEMENT_3D('',#3655,#3656,#3657);
#3655 = CARTESIAN_POINT('',(-54.75,12.1,51.387));
#3656 = DIRECTION('',(0.,1.,0.));
#3657 = DIRECTION('',(0.,-0.,1.));
#3658 = ORIENTED_EDGE('',*,*,#3659,.F.);
#3659 = EDGE_CURVE('',#3660,#3651,#3662,.T.);
#3660 = VERTEX_POINT('',#3661);
#3661 = CARTESIAN_POINT('',(-53.25,12.1,50.539));
#3662 = CIRCLE('',#3663,1.75);
#3663 = AXIS2_PLACEMENT_3D('',#3664,#3665,#3666);
#3664 = CARTESIAN_POINT('',(-53.25,12.1,48.789));
#3665 = DIRECTION('',(0.,1.,0.));
#3666 = DIRECTION('',(0.,-0.,1.));
#3667 = ORIENTED_EDGE('',*,*,#3668,.F.);
#3668 = EDGE_CURVE('',#3642,#3660,#3669,.T.);
#3669 = CIRCLE('',#3670,1.75);
#3670 = AXIS2_PLACEMENT_3D('',#3671,#3672,#3673);
#3671 = CARTESIAN_POINT('',(-53.25,12.1,48.789));
#3672 = DIRECTION('',(0.,1.,0.));
#3673 = DIRECTION('',(0.,-0.,1.));
#3674 = FACE_BOUND('',#3675,.T.);
#3675 = EDGE_LOOP('',(#3676));
#3676 = ORIENTED_EDGE('',*,*,#3677,.F.);
#3677 = EDGE_CURVE('',#3678,#3678,#3680,.T.);
#3678 = VERTEX_POINT('',#3679);
#3679 = CARTESIAN_POINT('',(-47.75,12.1,50.539));
#3680 = CIRCLE('',#3681,1.75);
#3681 = AXIS2_PLACEMENT_3D('',#3682,#3683,#3684);
#3682 = CARTESIAN_POINT('',(-47.75,12.1,48.789));
#3683 = DIRECTION('',(0.,1.,0.));
#3684 = DIRECTION('',(0.,-0.,1.));
#3685 = FACE_BOUND('',#3686,.T.);
#3686 = EDGE_LOOP('',(#3687));
#3687 = ORIENTED_EDGE('',*,*,#3688,.F.);
#3688 = EDGE_CURVE('',#3689,#3689,#3691,.T.);
#3689 = VERTEX_POINT('',#3690);
#3690 = CARTESIAN_POINT('',(-67.75,12.1,52.987));
#3691 = CIRCLE('',#3692,1.6);
#3692 = AXIS2_PLACEMENT_3D('',#3693,#3694,#3695);
#3693 = CARTESIAN_POINT('',(-67.75,12.1,51.387));
#3694 = DIRECTION('',(0.,1.,0.));
#3695 = DIRECTION('',(0.,-0.,1.));
#3696 = FACE_BOUND('',#3697,.T.);
#3697 = EDGE_LOOP('',(#3698));
#3698 = ORIENTED_EDGE('',*,*,#3699,.F.);
#3699 = EDGE_CURVE('',#3700,#3700,#3702,.T.);
#3700 = VERTEX_POINT('',#3701);
#3701 = CARTESIAN_POINT('',(-61.25,12.1,52.987));
#3702 = CIRCLE('',#3703,1.6);
#3703 = AXIS2_PLACEMENT_3D('',#3704,#3705,#3706);
#3704 = CARTESIAN_POINT('',(-61.25,12.1,51.387));
#3705 = DIRECTION('',(0.,1.,0.));
#3706 = DIRECTION('',(0.,-0.,1.));
#3707 = FACE_BOUND('',#3708,.T.);
#3708 = EDGE_LOOP('',(#3709));
#3709 = ORIENTED_EDGE('',*,*,#3710,.F.);
#3710 = EDGE_CURVE('',#3711,#3711,#3713,.T.);
#3711 = VERTEX_POINT('',#3712);
#3712 = CARTESIAN_POINT('',(-28.75,12.1,19.213));
#3713 = CIRCLE('',#3714,1.6);
#3714 = AXIS2_PLACEMENT_3D('',#3715,#3716,#3717);
#3715 = CARTESIAN_POINT('',(-28.75,12.1,17.613));
#3716 = DIRECTION('',(0.,1.,0.));
#3717 = DIRECTION('',(0.,-0.,1.));
#3718 = FACE_BOUND('',#3719,.T.);
#3719 = EDGE_LOOP('',(#3720));
#3720 = ORIENTED_EDGE('',*,*,#3721,.F.);
#3721 = EDGE_CURVE('',#3722,#3722,#3724,.T.);
#3722 = VERTEX_POINT('',#3723);
#3723 = CARTESIAN_POINT('',(-22.25,12.1,19.213));
#3724 = CIRCLE('',#3725,1.6);
#3725 = AXIS2_PLACEMENT_3D('',#3726,#3727,#3728);
#3726 = CARTESIAN_POINT('',(-22.25,12.1,17.613));
#3727 = DIRECTION('',(0.,1.,0.));
#3728 = DIRECTION('',(0.,-0.,1.));
#3729 = FACE_BOUND('',#3730,.T.);
#3730 = EDGE_LOOP('',(#3731));
#3731 = ORIENTED_EDGE('',*,*,#3732,.F.);
#3732 = EDGE_CURVE('',#3733,#3733,#3735,.T.);
#3733 = VERTEX_POINT('',#3734);
#3734 = CARTESIAN_POINT('',(-42.25,12.1,21.961));
#3735 = CIRCLE('',#3736,1.75);
#3736 = AXIS2_PLACEMENT_3D('',#3737,#3738,#3739);
#3737 = CARTESIAN_POINT('',(-42.25,12.1,20.211));
#3738 = DIRECTION('',(0.,1.,0.));
#3739 = DIRECTION('',(0.,-0.,1.));
#3740 = FACE_BOUND('',#3741,.T.);
#3741 = EDGE_LOOP('',(#3742,#3753,#3762,#3771));
#3742 = ORIENTED_EDGE('',*,*,#3743,.F.);
#3743 = EDGE_CURVE('',#3744,#3746,#3748,.T.);
#3744 = VERTEX_POINT('',#3745);
#3745 = CARTESIAN_POINT('',(-35.25,12.1,19.213));
#3746 = VERTEX_POINT('',#3747);
#3747 = CARTESIAN_POINT('',(-36.60290596868,12.1,18.467192858728));
#3748 = CIRCLE('',#3749,1.6);
#3749 = AXIS2_PLACEMENT_3D('',#3750,#3751,#3752);
#3750 = CARTESIAN_POINT('',(-35.25,12.1,17.613));
#3751 = DIRECTION('',(0.,1.,0.));
#3752 = DIRECTION('',(0.,-0.,1.));
#3753 = ORIENTED_EDGE('',*,*,#3754,.F.);
#3754 = EDGE_CURVE('',#3755,#3744,#3757,.T.);
#3755 = VERTEX_POINT('',#3756);
#3756 = CARTESIAN_POINT('',(-35.31334034615,12.1,19.211745758571));
#3757 = CIRCLE('',#3758,1.6);
#3758 = AXIS2_PLACEMENT_3D('',#3759,#3760,#3761);
#3759 = CARTESIAN_POINT('',(-35.25,12.1,17.613));
#3760 = DIRECTION('',(0.,1.,0.));
#3761 = DIRECTION('',(0.,-0.,1.));
#3762 = ORIENTED_EDGE('',*,*,#3763,.F.);
#3763 = EDGE_CURVE('',#3764,#3755,#3766,.T.);
#3764 = VERTEX_POINT('',#3765);
#3765 = CARTESIAN_POINT('',(-36.75,12.1,21.961));
#3766 = CIRCLE('',#3767,1.75);
#3767 = AXIS2_PLACEMENT_3D('',#3768,#3769,#3770);
#3768 = CARTESIAN_POINT('',(-36.75,12.1,20.211));
#3769 = DIRECTION('',(0.,1.,0.));
#3770 = DIRECTION('',(0.,-0.,1.));
#3771 = ORIENTED_EDGE('',*,*,#3772,.F.);
#3772 = EDGE_CURVE('',#3746,#3764,#3773,.T.);
#3773 = CIRCLE('',#3774,1.75);
#3774 = AXIS2_PLACEMENT_3D('',#3775,#3776,#3777);
#3775 = CARTESIAN_POINT('',(-36.75,12.1,20.211));
#3776 = DIRECTION('',(0.,1.,0.));
#3777 = DIRECTION('',(0.,-0.,1.));
#3778 = FACE_BOUND('',#3779,.T.);
#3779 = EDGE_LOOP('',(#3780));
#3780 = ORIENTED_EDGE('',*,*,#3781,.F.);
#3781 = EDGE_CURVE('',#3782,#3782,#3784,.T.);
#3782 = VERTEX_POINT('',#3783);
#3783 = CARTESIAN_POINT('',(-25.5,12.1,24.842));
#3784 = CIRCLE('',#3785,1.6);
#3785 = AXIS2_PLACEMENT_3D('',#3786,#3787,#3788);
#3786 = CARTESIAN_POINT('',(-25.5,12.1,23.242));
#3787 = DIRECTION('',(0.,1.,0.));
#3788 = DIRECTION('',(0.,-0.,1.));
#3789 = FACE_BOUND('',#3790,.T.);
#3790 = EDGE_LOOP('',(#3791));
#3791 = ORIENTED_EDGE('',*,*,#3792,.F.);
#3792 = EDGE_CURVE('',#3793,#3793,#3795,.T.);
#3793 = VERTEX_POINT('',#3794);
#3794 = CARTESIAN_POINT('',(-15.75,12.1,19.213));
#3795 = CIRCLE('',#3796,1.6);
#3796 = AXIS2_PLACEMENT_3D('',#3797,#3798,#3799);
#3797 = CARTESIAN_POINT('',(-15.75,12.1,17.613));
#3798 = DIRECTION('',(0.,1.,0.));
#3799 = DIRECTION('',(0.,-0.,1.));
#3800 = FACE_BOUND('',#3801,.T.);
#3801 = EDGE_LOOP('',(#3802));
#3802 = ORIENTED_EDGE('',*,*,#3803,.F.);
#3803 = EDGE_CURVE('',#3804,#3804,#3806,.T.);
#3804 = VERTEX_POINT('',#3805);
#3805 = CARTESIAN_POINT('',(-9.25,12.1,19.213));
#3806 = CIRCLE('',#3807,1.6);
#3807 = AXIS2_PLACEMENT_3D('',#3808,#3809,#3810);
#3808 = CARTESIAN_POINT('',(-9.25,12.1,17.613));
#3809 = DIRECTION('',(0.,1.,0.));
#3810 = DIRECTION('',(0.,-0.,1.));
#3811 = FACE_BOUND('',#3812,.T.);
#3812 = EDGE_LOOP('',(#3813));
#3813 = ORIENTED_EDGE('',*,*,#3814,.F.);
#3814 = EDGE_CURVE('',#3815,#3815,#3817,.T.);
#3815 = VERTEX_POINT('',#3816);
#3816 = CARTESIAN_POINT('',(-2.75,12.1,19.213));
#3817 = CIRCLE('',#3818,1.6);
#3818 = AXIS2_PLACEMENT_3D('',#3819,#3820,#3821);
#3819 = CARTESIAN_POINT('',(-2.75,12.1,17.613));
#3820 = DIRECTION('',(0.,1.,0.));
#3821 = DIRECTION('',(0.,-0.,1.));
#3822 = FACE_BOUND('',#3823,.T.);
#3823 = EDGE_LOOP('',(#3824));
#3824 = ORIENTED_EDGE('',*,*,#3825,.F.);
#3825 = EDGE_CURVE('',#3826,#3826,#3828,.T.);
#3826 = VERTEX_POINT('',#3827);
#3827 = CARTESIAN_POINT('',(-19.,12.1,24.842));
#3828 = CIRCLE('',#3829,1.6);
#3829 = AXIS2_PLACEMENT_3D('',#3830,#3831,#3832);
#3830 = CARTESIAN_POINT('',(-19.,12.1,23.242));
#3831 = DIRECTION('',(0.,1.,0.));
#3832 = DIRECTION('',(0.,-0.,1.));
#3833 = FACE_BOUND('',#3834,.T.);
#3834 = EDGE_LOOP('',(#3835));
#3835 = ORIENTED_EDGE('',*,*,#3836,.F.);
#3836 = EDGE_CURVE('',#3837,#3837,#3839,.T.);
#3837 = VERTEX_POINT('',#3838);
#3838 = CARTESIAN_POINT('',(-12.5,12.1,24.842));
#3839 = CIRCLE('',#3840,1.6);
#3840 = AXIS2_PLACEMENT_3D('',#3841,#3842,#3843);
#3841 = CARTESIAN_POINT('',(-12.5,12.1,23.242));
#3842 = DIRECTION('',(0.,1.,0.));
#3843 = DIRECTION('',(0.,-0.,1.));
#3844 = FACE_BOUND('',#3845,.T.);
#3845 = EDGE_LOOP('',(#3846));
#3846 = ORIENTED_EDGE('',*,*,#3847,.F.);
#3847 = EDGE_CURVE('',#3848,#3848,#3850,.T.);
#3848 = VERTEX_POINT('',#3849);
#3849 = CARTESIAN_POINT('',(-6.,12.1,24.842));
#3850 = CIRCLE('',#3851,1.6);
#3851 = AXIS2_PLACEMENT_3D('',#3852,#3853,#3854);
#3852 = CARTESIAN_POINT('',(-6.,12.1,23.242));
#3853 = DIRECTION('',(0.,1.,0.));
#3854 = DIRECTION('',(0.,-0.,1.));
#3855 = FACE_BOUND('',#3856,.T.);
#3856 = EDGE_LOOP('',(#3857));
#3857 = ORIENTED_EDGE('',*,*,#3858,.F.);
#3858 = EDGE_CURVE('',#3859,#3859,#3861,.T.);
#3859 = VERTEX_POINT('',#3860);
#3860 = CARTESIAN_POINT('',(0.5,12.1,24.842));
#3861 = CIRCLE('',#3862,1.6);
#3862 = AXIS2_PLACEMENT_3D('',#3863,#3864,#3865);
#3863 = CARTESIAN_POINT('',(0.5,12.1,23.242));
#3864 = DIRECTION('',(0.,1.,0.));
#3865 = DIRECTION('',(0.,-0.,1.));
#3866 = FACE_BOUND('',#3867,.T.);
#3867 = EDGE_LOOP('',(#3868));
#3868 = ORIENTED_EDGE('',*,*,#3869,.F.);
#3869 = EDGE_CURVE('',#3870,#3870,#3872,.T.);
#3870 = VERTEX_POINT('',#3871);
#3871 = CARTESIAN_POINT('',(-45.,12.1,26.724));
#3872 = CIRCLE('',#3873,1.75);
#3873 = AXIS2_PLACEMENT_3D('',#3874,#3875,#3876);
#3874 = CARTESIAN_POINT('',(-45.,12.1,24.974));
#3875 = DIRECTION('',(0.,1.,0.));
#3876 = DIRECTION('',(0.,-0.,1.));
#3877 = FACE_BOUND('',#3878,.T.);
#3878 = EDGE_LOOP('',(#3879));
#3879 = ORIENTED_EDGE('',*,*,#3880,.F.);
#3880 = EDGE_CURVE('',#3881,#3881,#3883,.T.);
#3881 = VERTEX_POINT('',#3882);
#3882 = CARTESIAN_POINT('',(-39.5,12.1,26.724));
#3883 = CIRCLE('',#3884,1.75);
#3884 = AXIS2_PLACEMENT_3D('',#3885,#3886,#3887);
#3885 = CARTESIAN_POINT('',(-39.5,12.1,24.974));
#3886 = DIRECTION('',(0.,1.,0.));
#3887 = DIRECTION('',(0.,-0.,1.));
#3888 = FACE_BOUND('',#3889,.T.);
#3889 = EDGE_LOOP('',(#3890));
#3890 = ORIENTED_EDGE('',*,*,#3891,.F.);
#3891 = EDGE_CURVE('',#3892,#3892,#3894,.T.);
#3892 = VERTEX_POINT('',#3893);
#3893 = CARTESIAN_POINT('',(-34.,12.1,26.724));
#3894 = CIRCLE('',#3895,1.75);
#3895 = AXIS2_PLACEMENT_3D('',#3896,#3897,#3898);
#3896 = CARTESIAN_POINT('',(-34.,12.1,24.974));
#3897 = DIRECTION('',(0.,1.,0.));
#3898 = DIRECTION('',(0.,-0.,1.));
#3899 = FACE_BOUND('',#3900,.T.);
#3900 = EDGE_LOOP('',(#3901));
#3901 = ORIENTED_EDGE('',*,*,#3902,.F.);
#3902 = EDGE_CURVE('',#3903,#3903,#3905,.T.);
#3903 = VERTEX_POINT('',#3904);
#3904 = CARTESIAN_POINT('',(-22.25,12.1,30.471));
#3905 = CIRCLE('',#3906,1.6);
#3906 = AXIS2_PLACEMENT_3D('',#3907,#3908,#3909);
#3907 = CARTESIAN_POINT('',(-22.25,12.1,28.871));
#3908 = DIRECTION('',(0.,1.,0.));
#3909 = DIRECTION('',(0.,-0.,1.));
#3910 = FACE_BOUND('',#3911,.T.);
#3911 = EDGE_LOOP('',(#3912));
#3912 = ORIENTED_EDGE('',*,*,#3913,.F.);
#3913 = EDGE_CURVE('',#3914,#3914,#3916,.T.);
#3914 = VERTEX_POINT('',#3915);
#3915 = CARTESIAN_POINT('',(-42.25,12.1,31.487));
#3916 = CIRCLE('',#3917,1.75);
#3917 = AXIS2_PLACEMENT_3D('',#3918,#3919,#3920);
#3918 = CARTESIAN_POINT('',(-42.25,12.1,29.737));
#3919 = DIRECTION('',(0.,1.,0.));
#3920 = DIRECTION('',(0.,-0.,1.));
#3921 = FACE_BOUND('',#3922,.T.);
#3922 = EDGE_LOOP('',(#3923));
#3923 = ORIENTED_EDGE('',*,*,#3924,.F.);
#3924 = EDGE_CURVE('',#3925,#3925,#3927,.T.);
#3925 = VERTEX_POINT('',#3926);
#3926 = CARTESIAN_POINT('',(-36.75,12.1,31.487));
#3927 = CIRCLE('',#3928,1.75);
#3928 = AXIS2_PLACEMENT_3D('',#3929,#3930,#3931);
#3929 = CARTESIAN_POINT('',(-36.75,12.1,29.737));
#3930 = DIRECTION('',(0.,1.,0.));
#3931 = DIRECTION('',(0.,-0.,1.));
#3932 = FACE_BOUND('',#3933,.T.);
#3933 = EDGE_LOOP('',(#3934));
#3934 = ORIENTED_EDGE('',*,*,#3935,.F.);
#3935 = EDGE_CURVE('',#3936,#3936,#3938,.T.);
#3936 = VERTEX_POINT('',#3937);
#3937 = CARTESIAN_POINT('',(-45.,12.1,36.25));
#3938 = CIRCLE('',#3939,1.75);
#3939 = AXIS2_PLACEMENT_3D('',#3940,#3941,#3942);
#3940 = CARTESIAN_POINT('',(-45.,12.1,34.5));
#3941 = DIRECTION('',(0.,1.,0.));
#3942 = DIRECTION('',(0.,-0.,1.));
#3943 = FACE_BOUND('',#3944,.T.);
#3944 = EDGE_LOOP('',(#3945));
#3945 = ORIENTED_EDGE('',*,*,#3946,.F.);
#3946 = EDGE_CURVE('',#3947,#3947,#3949,.T.);
#3947 = VERTEX_POINT('',#3948);
#3948 = CARTESIAN_POINT('',(-39.5,12.1,36.25));
#3949 = CIRCLE('',#3950,1.75);
#3950 = AXIS2_PLACEMENT_3D('',#3951,#3952,#3953);
#3951 = CARTESIAN_POINT('',(-39.5,12.1,34.5));
#3952 = DIRECTION('',(0.,1.,0.));
#3953 = DIRECTION('',(0.,-0.,1.));
#3954 = FACE_BOUND('',#3955,.T.);
#3955 = EDGE_LOOP('',(#3956));
#3956 = ORIENTED_EDGE('',*,*,#3957,.F.);
#3957 = EDGE_CURVE('',#3958,#3958,#3960,.T.);
#3958 = VERTEX_POINT('',#3959);
#3959 = CARTESIAN_POINT('',(-34.,12.1,36.25));
#3960 = CIRCLE('',#3961,1.75);
#3961 = AXIS2_PLACEMENT_3D('',#3962,#3963,#3964);
#3962 = CARTESIAN_POINT('',(-34.,12.1,34.5));
#3963 = DIRECTION('',(0.,1.,0.));
#3964 = DIRECTION('',(0.,-0.,1.));
#3965 = FACE_BOUND('',#3966,.T.);
#3966 = EDGE_LOOP('',(#3967));
#3967 = ORIENTED_EDGE('',*,*,#3968,.F.);
#3968 = EDGE_CURVE('',#3969,#3969,#3971,.T.);
#3969 = VERTEX_POINT('',#3970);
#3970 = CARTESIAN_POINT('',(-31.25,12.1,31.487));
#3971 = CIRCLE('',#3972,1.75);
#3972 = AXIS2_PLACEMENT_3D('',#3973,#3974,#3975);
#3973 = CARTESIAN_POINT('',(-31.25,12.1,29.737));
#3974 = DIRECTION('',(0.,1.,0.));
#3975 = DIRECTION('',(0.,-0.,1.));
#3976 = FACE_BOUND('',#3977,.T.);
#3977 = EDGE_LOOP('',(#3978,#3989,#3998,#4007));
#3978 = ORIENTED_EDGE('',*,*,#3979,.F.);
#3979 = EDGE_CURVE('',#3980,#3982,#3984,.T.);
#3980 = VERTEX_POINT('',#3981);
#3981 = CARTESIAN_POINT('',(-25.5,12.1,36.1));
#3982 = VERTEX_POINT('',#3983);
#3983 = CARTESIAN_POINT('',(-26.91625,12.1,33.755529760501));
#3984 = CIRCLE('',#3985,1.6);
#3985 = AXIS2_PLACEMENT_3D('',#3986,#3987,#3988);
#3986 = CARTESIAN_POINT('',(-25.5,12.1,34.5));
#3987 = DIRECTION('',(0.,1.,0.));
#3988 = DIRECTION('',(0.,-0.,1.));
#3989 = ORIENTED_EDGE('',*,*,#3990,.F.);
#3990 = EDGE_CURVE('',#3991,#3980,#3993,.T.);
#3991 = VERTEX_POINT('',#3992);
#3992 = CARTESIAN_POINT('',(-26.91625,12.1,35.244470239499));
#3993 = CIRCLE('',#3994,1.6);
#3994 = AXIS2_PLACEMENT_3D('',#3995,#3996,#3997);
#3995 = CARTESIAN_POINT('',(-25.5,12.1,34.5));
#3996 = DIRECTION('',(0.,1.,0.));
#3997 = DIRECTION('',(0.,-0.,1.));
#3998 = ORIENTED_EDGE('',*,*,#3999,.F.);
#3999 = EDGE_CURVE('',#4000,#3991,#4002,.T.);
#4000 = VERTEX_POINT('',#4001);
#4001 = CARTESIAN_POINT('',(-28.5,12.1,36.25));
#4002 = CIRCLE('',#4003,1.75);
#4003 = AXIS2_PLACEMENT_3D('',#4004,#4005,#4006);
#4004 = CARTESIAN_POINT('',(-28.5,12.1,34.5));
#4005 = DIRECTION('',(0.,1.,0.));
#4006 = DIRECTION('',(0.,-0.,1.));
#4007 = ORIENTED_EDGE('',*,*,#4008,.F.);
#4008 = EDGE_CURVE('',#3982,#4000,#4009,.T.);
#4009 = CIRCLE('',#4010,1.75);
#4010 = AXIS2_PLACEMENT_3D('',#4011,#4012,#4013);
#4011 = CARTESIAN_POINT('',(-28.5,12.1,34.5));
#4012 = DIRECTION('',(0.,1.,0.));
#4013 = DIRECTION('',(0.,-0.,1.));
#4014 = FACE_BOUND('',#4015,.T.);
#4015 = EDGE_LOOP('',(#4016));
#4016 = ORIENTED_EDGE('',*,*,#4017,.F.);
#4017 = EDGE_CURVE('',#4018,#4018,#4020,.T.);
#4018 = VERTEX_POINT('',#4019);
#4019 = CARTESIAN_POINT('',(-15.75,12.1,30.471));
#4020 = CIRCLE('',#4021,1.6);
#4021 = AXIS2_PLACEMENT_3D('',#4022,#4023,#4024);
#4022 = CARTESIAN_POINT('',(-15.75,12.1,28.871));
#4023 = DIRECTION('',(0.,1.,0.));
#4024 = DIRECTION('',(0.,-0.,1.));
#4025 = FACE_BOUND('',#4026,.T.);
#4026 = EDGE_LOOP('',(#4027));
#4027 = ORIENTED_EDGE('',*,*,#4028,.F.);
#4028 = EDGE_CURVE('',#4029,#4029,#4031,.T.);
#4029 = VERTEX_POINT('',#4030);
#4030 = CARTESIAN_POINT('',(-9.25,12.1,30.471));
#4031 = CIRCLE('',#4032,1.6);
#4032 = AXIS2_PLACEMENT_3D('',#4033,#4034,#4035);
#4033 = CARTESIAN_POINT('',(-9.25,12.1,28.871));
#4034 = DIRECTION('',(0.,1.,0.));
#4035 = DIRECTION('',(0.,-0.,1.));
#4036 = FACE_BOUND('',#4037,.T.);
#4037 = EDGE_LOOP('',(#4038));
#4038 = ORIENTED_EDGE('',*,*,#4039,.F.);
#4039 = EDGE_CURVE('',#4040,#4040,#4042,.T.);
#4040 = VERTEX_POINT('',#4041);
#4041 = CARTESIAN_POINT('',(-2.75,12.1,30.471));
#4042 = CIRCLE('',#4043,1.6);
#4043 = AXIS2_PLACEMENT_3D('',#4044,#4045,#4046);
#4044 = CARTESIAN_POINT('',(-2.75,12.1,28.871));
#4045 = DIRECTION('',(0.,1.,0.));
#4046 = DIRECTION('',(0.,-0.,1.));
#4047 = FACE_BOUND('',#4048,.T.);
#4048 = EDGE_LOOP('',(#4049));
#4049 = ORIENTED_EDGE('',*,*,#4050,.F.);
#4050 = EDGE_CURVE('',#4051,#4051,#4053,.T.);
#4051 = VERTEX_POINT('',#4052);
#4052 = CARTESIAN_POINT('',(-19.,12.1,36.1));
#4053 = CIRCLE('',#4054,1.6);
#4054 = AXIS2_PLACEMENT_3D('',#4055,#4056,#4057);
#4055 = CARTESIAN_POINT('',(-19.,12.1,34.5));
#4056 = DIRECTION('',(0.,1.,0.));
#4057 = DIRECTION('',(0.,-0.,1.));
#4058 = FACE_BOUND('',#4059,.T.);
#4059 = EDGE_LOOP('',(#4060));
#4060 = ORIENTED_EDGE('',*,*,#4061,.F.);
#4061 = EDGE_CURVE('',#4062,#4062,#4064,.T.);
#4062 = VERTEX_POINT('',#4063);
#4063 = CARTESIAN_POINT('',(-12.5,12.1,36.1));
#4064 = CIRCLE('',#4065,1.6);
#4065 = AXIS2_PLACEMENT_3D('',#4066,#4067,#4068);
#4066 = CARTESIAN_POINT('',(-12.5,12.1,34.5));
#4067 = DIRECTION('',(0.,1.,0.));
#4068 = DIRECTION('',(0.,-0.,1.));
#4069 = FACE_BOUND('',#4070,.T.);
#4070 = EDGE_LOOP('',(#4071));
#4071 = ORIENTED_EDGE('',*,*,#4072,.F.);
#4072 = EDGE_CURVE('',#4073,#4073,#4075,.T.);
#4073 = VERTEX_POINT('',#4074);
#4074 = CARTESIAN_POINT('',(-6.,12.1,36.1));
#4075 = CIRCLE('',#4076,1.6);
#4076 = AXIS2_PLACEMENT_3D('',#4077,#4078,#4079);
#4077 = CARTESIAN_POINT('',(-6.,12.1,34.5));
#4078 = DIRECTION('',(0.,1.,0.));
#4079 = DIRECTION('',(0.,-0.,1.));
#4080 = FACE_BOUND('',#4081,.T.);
#4081 = EDGE_LOOP('',(#4082));
#4082 = ORIENTED_EDGE('',*,*,#4083,.F.);
#4083 = EDGE_CURVE('',#4084,#4084,#4086,.T.);
#4084 = VERTEX_POINT('',#4085);
#4085 = CARTESIAN_POINT('',(0.5,12.1,36.1));
#4086 = CIRCLE('',#4087,1.6);
#4087 = AXIS2_PLACEMENT_3D('',#4088,#4089,#4090);
#4088 = CARTESIAN_POINT('',(0.5,12.1,34.5));
#4089 = DIRECTION('',(0.,1.,0.));
#4090 = DIRECTION('',(0.,-0.,1.));
#4091 = FACE_BOUND('',#4092,.T.);
#4092 = EDGE_LOOP('',(#4093));
#4093 = ORIENTED_EDGE('',*,*,#4094,.F.);
#4094 = EDGE_CURVE('',#4095,#4095,#4097,.T.);
#4095 = VERTEX_POINT('',#4096);
#4096 = CARTESIAN_POINT('',(3.75,12.1,19.213));
#4097 = CIRCLE('',#4098,1.6);
#4098 = AXIS2_PLACEMENT_3D('',#4099,#4100,#4101);
#4099 = CARTESIAN_POINT('',(3.75,12.1,17.613));
#4100 = DIRECTION('',(0.,1.,0.));
#4101 = DIRECTION('',(0.,-0.,1.));
#4102 = FACE_BOUND('',#4103,.T.);
#4103 = EDGE_LOOP('',(#4104));
#4104 = ORIENTED_EDGE('',*,*,#4105,.F.);
#4105 = EDGE_CURVE('',#4106,#4106,#4108,.T.);
#4106 = VERTEX_POINT('',#4107);
#4107 = CARTESIAN_POINT('',(10.25,12.1,19.213));
#4108 = CIRCLE('',#4109,1.6);
#4109 = AXIS2_PLACEMENT_3D('',#4110,#4111,#4112);
#4110 = CARTESIAN_POINT('',(10.25,12.1,17.613));
#4111 = DIRECTION('',(0.,1.,0.));
#4112 = DIRECTION('',(0.,-0.,1.));
#4113 = FACE_BOUND('',#4114,.T.);
#4114 = EDGE_LOOP('',(#4115));
#4115 = ORIENTED_EDGE('',*,*,#4116,.F.);
#4116 = EDGE_CURVE('',#4117,#4117,#4119,.T.);
#4117 = VERTEX_POINT('',#4118);
#4118 = CARTESIAN_POINT('',(16.75,12.1,19.213));
#4119 = CIRCLE('',#4120,1.6);
#4120 = AXIS2_PLACEMENT_3D('',#4121,#4122,#4123);
#4121 = CARTESIAN_POINT('',(16.75,12.1,17.613));
#4122 = DIRECTION('',(0.,1.,0.));
#4123 = DIRECTION('',(0.,-0.,1.));
#4124 = FACE_BOUND('',#4125,.T.);
#4125 = EDGE_LOOP('',(#4126));
#4126 = ORIENTED_EDGE('',*,*,#4127,.F.);
#4127 = EDGE_CURVE('',#4128,#4128,#4130,.T.);
#4128 = VERTEX_POINT('',#4129);
#4129 = CARTESIAN_POINT('',(23.25,12.1,19.213));
#4130 = CIRCLE('',#4131,1.6);
#4131 = AXIS2_PLACEMENT_3D('',#4132,#4133,#4134);
#4132 = CARTESIAN_POINT('',(23.25,12.1,17.613));
#4133 = DIRECTION('',(0.,1.,0.));
#4134 = DIRECTION('',(0.,-0.,1.));
#4135 = FACE_BOUND('',#4136,.T.);
#4136 = EDGE_LOOP('',(#4137));
#4137 = ORIENTED_EDGE('',*,*,#4138,.F.);
#4138 = EDGE_CURVE('',#4139,#4139,#4141,.T.);
#4139 = VERTEX_POINT('',#4140);
#4140 = CARTESIAN_POINT('',(7.,12.1,24.842));
#4141 = CIRCLE('',#4142,1.6);
#4142 = AXIS2_PLACEMENT_3D('',#4143,#4144,#4145);
#4143 = CARTESIAN_POINT('',(7.,12.1,23.242));
#4144 = DIRECTION('',(0.,1.,0.));
#4145 = DIRECTION('',(0.,-0.,1.));
#4146 = FACE_BOUND('',#4147,.T.);
#4147 = EDGE_LOOP('',(#4148));
#4148 = ORIENTED_EDGE('',*,*,#4149,.F.);
#4149 = EDGE_CURVE('',#4150,#4150,#4152,.T.);
#4150 = VERTEX_POINT('',#4151);
#4151 = CARTESIAN_POINT('',(13.5,12.1,24.842));
#4152 = CIRCLE('',#4153,1.6);
#4153 = AXIS2_PLACEMENT_3D('',#4154,#4155,#4156);
#4154 = CARTESIAN_POINT('',(13.5,12.1,23.242));
#4155 = DIRECTION('',(0.,1.,0.));
#4156 = DIRECTION('',(0.,-0.,1.));
#4157 = FACE_BOUND('',#4158,.T.);
#4158 = EDGE_LOOP('',(#4159));
#4159 = ORIENTED_EDGE('',*,*,#4160,.F.);
#4160 = EDGE_CURVE('',#4161,#4161,#4163,.T.);
#4161 = VERTEX_POINT('',#4162);
#4162 = CARTESIAN_POINT('',(20.,12.1,24.842));
#4163 = CIRCLE('',#4164,1.6);
#4164 = AXIS2_PLACEMENT_3D('',#4165,#4166,#4167);
#4165 = CARTESIAN_POINT('',(20.,12.1,23.242));
#4166 = DIRECTION('',(0.,1.,0.));
#4167 = DIRECTION('',(0.,-0.,1.));
#4168 = FACE_BOUND('',#4169,.T.);
#4169 = EDGE_LOOP('',(#4170));
#4170 = ORIENTED_EDGE('',*,*,#4171,.F.);
#4171 = EDGE_CURVE('',#4172,#4172,#4174,.T.);
#4172 = VERTEX_POINT('',#4173);
#4173 = CARTESIAN_POINT('',(26.5,12.1,24.842));
#4174 = CIRCLE('',#4175,1.6);
#4175 = AXIS2_PLACEMENT_3D('',#4176,#4177,#4178);
#4176 = CARTESIAN_POINT('',(26.5,12.1,23.242));
#4177 = DIRECTION('',(0.,1.,0.));
#4178 = DIRECTION('',(0.,-0.,1.));
#4179 = FACE_BOUND('',#4180,.T.);
#4180 = EDGE_LOOP('',(#4181));
#4181 = ORIENTED_EDGE('',*,*,#4182,.F.);
#4182 = EDGE_CURVE('',#4183,#4183,#4185,.T.);
#4183 = VERTEX_POINT('',#4184);
#4184 = CARTESIAN_POINT('',(29.75,12.1,19.213));
#4185 = CIRCLE('',#4186,1.6);
#4186 = AXIS2_PLACEMENT_3D('',#4187,#4188,#4189);
#4187 = CARTESIAN_POINT('',(29.75,12.1,17.613));
#4188 = DIRECTION('',(0.,1.,0.));
#4189 = DIRECTION('',(0.,-0.,1.));
#4190 = FACE_BOUND('',#4191,.T.);
#4191 = EDGE_LOOP('',(#4192));
#4192 = ORIENTED_EDGE('',*,*,#4193,.F.);
#4193 = EDGE_CURVE('',#4194,#4194,#4196,.T.);
#4194 = VERTEX_POINT('',#4195);
#4195 = CARTESIAN_POINT('',(36.25,12.1,19.213));
#4196 = CIRCLE('',#4197,1.6);
#4197 = AXIS2_PLACEMENT_3D('',#4198,#4199,#4200);
#4198 = CARTESIAN_POINT('',(36.25,12.1,17.613));
#4199 = DIRECTION('',(0.,1.,0.));
#4200 = DIRECTION('',(0.,-0.,1.));
#4201 = FACE_BOUND('',#4202,.T.);
#4202 = EDGE_LOOP('',(#4203));
#4203 = ORIENTED_EDGE('',*,*,#4204,.F.);
#4204 = EDGE_CURVE('',#4205,#4205,#4207,.T.);
#4205 = VERTEX_POINT('',#4206);
#4206 = CARTESIAN_POINT('',(48.66,12.1,15.7));
#4207 = CIRCLE('',#4208,1.7);
#4208 = AXIS2_PLACEMENT_3D('',#4209,#4210,#4211);
#4209 = CARTESIAN_POINT('',(48.66,12.1,14.));
#4210 = DIRECTION('',(0.,1.,0.));
#4211 = DIRECTION('',(0.,-0.,1.));
#4212 = FACE_BOUND('',#4213,.T.);
#4213 = EDGE_LOOP('',(#4214));
#4214 = ORIENTED_EDGE('',*,*,#4215,.F.);
#4215 = EDGE_CURVE('',#4216,#4216,#4218,.T.);
#4216 = VERTEX_POINT('',#4217);
#4217 = CARTESIAN_POINT('',(42.75,12.1,19.213));
#4218 = CIRCLE('',#4219,1.6);
#4219 = AXIS2_PLACEMENT_3D('',#4220,#4221,#4222);
#4220 = CARTESIAN_POINT('',(42.75,12.1,17.613));
#4221 = DIRECTION('',(0.,1.,0.));
#4222 = DIRECTION('',(0.,-0.,1.));
#4223 = FACE_BOUND('',#4224,.T.);
#4224 = EDGE_LOOP('',(#4225));
#4225 = ORIENTED_EDGE('',*,*,#4226,.F.);
#4226 = EDGE_CURVE('',#4227,#4227,#4229,.T.);
#4227 = VERTEX_POINT('',#4228);
#4228 = CARTESIAN_POINT('',(33.,12.1,24.842));
#4229 = CIRCLE('',#4230,1.6);
#4230 = AXIS2_PLACEMENT_3D('',#4231,#4232,#4233);
#4231 = CARTESIAN_POINT('',(33.,12.1,23.242));
#4232 = DIRECTION('',(0.,1.,0.));
#4233 = DIRECTION('',(0.,-0.,1.));
#4234 = FACE_BOUND('',#4235,.T.);
#4235 = EDGE_LOOP('',(#4236));
#4236 = ORIENTED_EDGE('',*,*,#4237,.F.);
#4237 = EDGE_CURVE('',#4238,#4238,#4240,.T.);
#4238 = VERTEX_POINT('',#4239);
#4239 = CARTESIAN_POINT('',(39.5,12.1,24.842));
#4240 = CIRCLE('',#4241,1.6);
#4241 = AXIS2_PLACEMENT_3D('',#4242,#4243,#4244);
#4242 = CARTESIAN_POINT('',(39.5,12.1,23.242));
#4243 = DIRECTION('',(0.,1.,0.));
#4244 = DIRECTION('',(0.,-0.,1.));
#4245 = FACE_BOUND('',#4246,.T.);
#4246 = EDGE_LOOP('',(#4247));
#4247 = ORIENTED_EDGE('',*,*,#4248,.F.);
#4248 = EDGE_CURVE('',#4249,#4249,#4251,.T.);
#4249 = VERTEX_POINT('',#4250);
#4250 = CARTESIAN_POINT('',(46.,12.1,24.842));
#4251 = CIRCLE('',#4252,1.6);
#4252 = AXIS2_PLACEMENT_3D('',#4253,#4254,#4255);
#4253 = CARTESIAN_POINT('',(46.,12.1,23.242));
#4254 = DIRECTION('',(0.,1.,0.));
#4255 = DIRECTION('',(0.,-0.,1.));
#4256 = FACE_BOUND('',#4257,.T.);
#4257 = EDGE_LOOP('',(#4258));
#4258 = ORIENTED_EDGE('',*,*,#4259,.F.);
#4259 = EDGE_CURVE('',#4260,#4260,#4262,.T.);
#4260 = VERTEX_POINT('',#4261);
#4261 = CARTESIAN_POINT('',(3.75,12.1,30.471));
#4262 = CIRCLE('',#4263,1.6);
#4263 = AXIS2_PLACEMENT_3D('',#4264,#4265,#4266);
#4264 = CARTESIAN_POINT('',(3.75,12.1,28.871));
#4265 = DIRECTION('',(0.,1.,0.));
#4266 = DIRECTION('',(0.,-0.,1.));
#4267 = FACE_BOUND('',#4268,.T.);
#4268 = EDGE_LOOP('',(#4269));
#4269 = ORIENTED_EDGE('',*,*,#4270,.F.);
#4270 = EDGE_CURVE('',#4271,#4271,#4273,.T.);
#4271 = VERTEX_POINT('',#4272);
#4272 = CARTESIAN_POINT('',(10.25,12.1,30.471));
#4273 = CIRCLE('',#4274,1.6);
#4274 = AXIS2_PLACEMENT_3D('',#4275,#4276,#4277);
#4275 = CARTESIAN_POINT('',(10.25,12.1,28.871));
#4276 = DIRECTION('',(0.,1.,0.));
#4277 = DIRECTION('',(0.,-0.,1.));
#4278 = FACE_BOUND('',#4279,.T.);
#4279 = EDGE_LOOP('',(#4280));
#4280 = ORIENTED_EDGE('',*,*,#4281,.F.);
#4281 = EDGE_CURVE('',#4282,#4282,#4284,.T.);
#4282 = VERTEX_POINT('',#4283);
#4283 = CARTESIAN_POINT('',(16.75,12.1,30.471));
#4284 = CIRCLE('',#4285,1.6);
#4285 = AXIS2_PLACEMENT_3D('',#4286,#4287,#4288);
#4286 = CARTESIAN_POINT('',(16.75,12.1,28.871));
#4287 = DIRECTION('',(0.,1.,0.));
#4288 = DIRECTION('',(0.,-0.,1.));
#4289 = FACE_BOUND('',#4290,.T.);
#4290 = EDGE_LOOP('',(#4291));
#4291 = ORIENTED_EDGE('',*,*,#4292,.F.);
#4292 = EDGE_CURVE('',#4293,#4293,#4295,.T.);
#4293 = VERTEX_POINT('',#4294);
#4294 = CARTESIAN_POINT('',(23.25,12.1,30.471));
#4295 = CIRCLE('',#4296,1.6);
#4296 = AXIS2_PLACEMENT_3D('',#4297,#4298,#4299);
#4297 = CARTESIAN_POINT('',(23.25,12.1,28.871));
#4298 = DIRECTION('',(0.,1.,0.));
#4299 = DIRECTION('',(0.,-0.,1.));
#4300 = FACE_BOUND('',#4301,.T.);
#4301 = EDGE_LOOP('',(#4302));
#4302 = ORIENTED_EDGE('',*,*,#4303,.F.);
#4303 = EDGE_CURVE('',#4304,#4304,#4306,.T.);
#4304 = VERTEX_POINT('',#4305);
#4305 = CARTESIAN_POINT('',(7.,12.1,36.1));
#4306 = CIRCLE('',#4307,1.6);
#4307 = AXIS2_PLACEMENT_3D('',#4308,#4309,#4310);
#4308 = CARTESIAN_POINT('',(7.,12.1,34.5));
#4309 = DIRECTION('',(0.,1.,0.));
#4310 = DIRECTION('',(0.,-0.,1.));
#4311 = FACE_BOUND('',#4312,.T.);
#4312 = EDGE_LOOP('',(#4313));
#4313 = ORIENTED_EDGE('',*,*,#4314,.F.);
#4314 = EDGE_CURVE('',#4315,#4315,#4317,.T.);
#4315 = VERTEX_POINT('',#4316);
#4316 = CARTESIAN_POINT('',(13.5,12.1,36.1));
#4317 = CIRCLE('',#4318,1.6);
#4318 = AXIS2_PLACEMENT_3D('',#4319,#4320,#4321);
#4319 = CARTESIAN_POINT('',(13.5,12.1,34.5));
#4320 = DIRECTION('',(0.,1.,0.));
#4321 = DIRECTION('',(0.,-0.,1.));
#4322 = FACE_BOUND('',#4323,.T.);
#4323 = EDGE_LOOP('',(#4324));
#4324 = ORIENTED_EDGE('',*,*,#4325,.F.);
#4325 = EDGE_CURVE('',#4326,#4326,#4328,.T.);
#4326 = VERTEX_POINT('',#4327);
#4327 = CARTESIAN_POINT('',(20.,12.1,36.1));
#4328 = CIRCLE('',#4329,1.6);
#4329 = AXIS2_PLACEMENT_3D('',#4330,#4331,#4332);
#4330 = CARTESIAN_POINT('',(20.,12.1,34.5));
#4331 = DIRECTION('',(0.,1.,0.));
#4332 = DIRECTION('',(0.,-0.,1.));
#4333 = FACE_BOUND('',#4334,.T.);
#4334 = EDGE_LOOP('',(#4335));
#4335 = ORIENTED_EDGE('',*,*,#4336,.F.);
#4336 = EDGE_CURVE('',#4337,#4337,#4339,.T.);
#4337 = VERTEX_POINT('',#4338);
#4338 = CARTESIAN_POINT('',(26.5,12.1,36.1));
#4339 = CIRCLE('',#4340,1.6);
#4340 = AXIS2_PLACEMENT_3D('',#4341,#4342,#4343);
#4341 = CARTESIAN_POINT('',(26.5,12.1,34.5));
#4342 = DIRECTION('',(0.,1.,0.));
#4343 = DIRECTION('',(0.,-0.,1.));
#4344 = FACE_BOUND('',#4345,.T.);
#4345 = EDGE_LOOP('',(#4346));
#4346 = ORIENTED_EDGE('',*,*,#4347,.F.);
#4347 = EDGE_CURVE('',#4348,#4348,#4350,.T.);
#4348 = VERTEX_POINT('',#4349);
#4349 = CARTESIAN_POINT('',(29.75,12.1,30.471));
#4350 = CIRCLE('',#4351,1.6);
#4351 = AXIS2_PLACEMENT_3D('',#4352,#4353,#4354);
#4352 = CARTESIAN_POINT('',(29.75,12.1,28.871));
#4353 = DIRECTION('',(0.,1.,0.));
#4354 = DIRECTION('',(0.,-0.,1.));
#4355 = FACE_BOUND('',#4356,.T.);
#4356 = EDGE_LOOP('',(#4357));
#4357 = ORIENTED_EDGE('',*,*,#4358,.F.);
#4358 = EDGE_CURVE('',#4359,#4359,#4361,.T.);
#4359 = VERTEX_POINT('',#4360);
#4360 = CARTESIAN_POINT('',(36.25,12.1,30.471));
#4361 = CIRCLE('',#4362,1.6);
#4362 = AXIS2_PLACEMENT_3D('',#4363,#4364,#4365);
#4363 = CARTESIAN_POINT('',(36.25,12.1,28.871));
#4364 = DIRECTION('',(0.,1.,0.));
#4365 = DIRECTION('',(0.,-0.,1.));
#4366 = FACE_BOUND('',#4367,.T.);
#4367 = EDGE_LOOP('',(#4368));
#4368 = ORIENTED_EDGE('',*,*,#4369,.F.);
#4369 = EDGE_CURVE('',#4370,#4370,#4372,.T.);
#4370 = VERTEX_POINT('',#4371);
#4371 = CARTESIAN_POINT('',(42.75,12.1,30.471));
#4372 = CIRCLE('',#4373,1.6);
#4373 = AXIS2_PLACEMENT_3D('',#4374,#4375,#4376);
#4374 = CARTESIAN_POINT('',(42.75,12.1,28.871));
#4375 = DIRECTION('',(0.,1.,0.));
#4376 = DIRECTION('',(0.,-0.,1.));
#4377 = FACE_BOUND('',#4378,.T.);
#4378 = EDGE_LOOP('',(#4379));
#4379 = ORIENTED_EDGE('',*,*,#4380,.F.);
#4380 = EDGE_CURVE('',#4381,#4381,#4383,.T.);
#4381 = VERTEX_POINT('',#4382);
#4382 = CARTESIAN_POINT('',(33.,12.1,36.1));
#4383 = CIRCLE('',#4384,1.6);
#4384 = AXIS2_PLACEMENT_3D('',#4385,#4386,#4387);
#4385 = CARTESIAN_POINT('',(33.,12.1,34.5));
#4386 = DIRECTION('',(0.,1.,0.));
#4387 = DIRECTION('',(0.,-0.,1.));
#4388 = FACE_BOUND('',#4389,.T.);
#4389 = EDGE_LOOP('',(#4390));
#4390 = ORIENTED_EDGE('',*,*,#4391,.F.);
#4391 = EDGE_CURVE('',#4392,#4392,#4394,.T.);
#4392 = VERTEX_POINT('',#4393);
#4393 = CARTESIAN_POINT('',(39.5,12.1,36.1));
#4394 = CIRCLE('',#4395,1.6);
#4395 = AXIS2_PLACEMENT_3D('',#4396,#4397,#4398);
#4396 = CARTESIAN_POINT('',(39.5,12.1,34.5));
#4397 = DIRECTION('',(0.,1.,0.));
#4398 = DIRECTION('',(0.,-0.,1.));
#4399 = FACE_BOUND('',#4400,.T.);
#4400 = EDGE_LOOP('',(#4401));
#4401 = ORIENTED_EDGE('',*,*,#4402,.F.);
#4402 = EDGE_CURVE('',#4403,#4403,#4405,.T.);
#4403 = VERTEX_POINT('',#4404);
#4404 = CARTESIAN_POINT('',(46.,12.1,36.1));
#4405 = CIRCLE('',#4406,1.6);
#4406 = AXIS2_PLACEMENT_3D('',#4407,#4408,#4409);
#4407 = CARTESIAN_POINT('',(46.,12.1,34.5));
#4408 = DIRECTION('',(0.,1.,0.));
#4409 = DIRECTION('',(0.,-0.,1.));
#4410 = FACE_BOUND('',#4411,.T.);
#4411 = EDGE_LOOP('',(#4412));
#4412 = ORIENTED_EDGE('',*,*,#4413,.F.);
#4413 = EDGE_CURVE('',#4414,#4414,#4416,.T.);
#4414 = VERTEX_POINT('',#4415);
#4415 = CARTESIAN_POINT('',(-42.25,12.1,41.013));
#4416 = CIRCLE('',#4417,1.75);
#4417 = AXIS2_PLACEMENT_3D('',#4418,#4419,#4420);
#4418 = CARTESIAN_POINT('',(-42.25,12.1,39.263));
#4419 = DIRECTION('',(0.,1.,0.));
#4420 = DIRECTION('',(0.,-0.,1.));
#4421 = FACE_BOUND('',#4422,.T.);
#4422 = EDGE_LOOP('',(#4423));
#4423 = ORIENTED_EDGE('',*,*,#4424,.F.);
#4424 = EDGE_CURVE('',#4425,#4425,#4427,.T.);
#4425 = VERTEX_POINT('',#4426);
#4426 = CARTESIAN_POINT('',(-36.75,12.1,41.013));
#4427 = CIRCLE('',#4428,1.75);
#4428 = AXIS2_PLACEMENT_3D('',#4429,#4430,#4431);
#4429 = CARTESIAN_POINT('',(-36.75,12.1,39.263));
#4430 = DIRECTION('',(0.,1.,0.));
#4431 = DIRECTION('',(0.,-0.,1.));
#4432 = FACE_BOUND('',#4433,.T.);
#4433 = EDGE_LOOP('',(#4434));
#4434 = ORIENTED_EDGE('',*,*,#4435,.F.);
#4435 = EDGE_CURVE('',#4436,#4436,#4438,.T.);
#4436 = VERTEX_POINT('',#4437);
#4437 = CARTESIAN_POINT('',(-31.25,12.1,41.013));
#4438 = CIRCLE('',#4439,1.75);
#4439 = AXIS2_PLACEMENT_3D('',#4440,#4441,#4442);
#4440 = CARTESIAN_POINT('',(-31.25,12.1,39.263));
#4441 = DIRECTION('',(0.,1.,0.));
#4442 = DIRECTION('',(0.,-0.,1.));
#4443 = FACE_BOUND('',#4444,.T.);
#4444 = EDGE_LOOP('',(#4445));
#4445 = ORIENTED_EDGE('',*,*,#4446,.F.);
#4446 = EDGE_CURVE('',#4447,#4447,#4449,.T.);
#4447 = VERTEX_POINT('',#4448);
#4448 = CARTESIAN_POINT('',(-45.,12.1,45.776));
#4449 = CIRCLE('',#4450,1.75);
#4450 = AXIS2_PLACEMENT_3D('',#4451,#4452,#4453);
#4451 = CARTESIAN_POINT('',(-45.,12.1,44.026));
#4452 = DIRECTION('',(0.,1.,0.));
#4453 = DIRECTION('',(0.,-0.,1.));
#4454 = FACE_BOUND('',#4455,.T.);
#4455 = EDGE_LOOP('',(#4456));
#4456 = ORIENTED_EDGE('',*,*,#4457,.F.);
#4457 = EDGE_CURVE('',#4458,#4458,#4460,.T.);
#4458 = VERTEX_POINT('',#4459);
#4459 = CARTESIAN_POINT('',(-39.5,12.1,45.776));
#4460 = CIRCLE('',#4461,1.75);
#4461 = AXIS2_PLACEMENT_3D('',#4462,#4463,#4464);
#4462 = CARTESIAN_POINT('',(-39.5,12.1,44.026));
#4463 = DIRECTION('',(0.,1.,0.));
#4464 = DIRECTION('',(0.,-0.,1.));
#4465 = FACE_BOUND('',#4466,.T.);
#4466 = EDGE_LOOP('',(#4467));
#4467 = ORIENTED_EDGE('',*,*,#4468,.F.);
#4468 = EDGE_CURVE('',#4469,#4469,#4471,.T.);
#4469 = VERTEX_POINT('',#4470);
#4470 = CARTESIAN_POINT('',(-34.,12.1,45.776));
#4471 = CIRCLE('',#4472,1.75);
#4472 = AXIS2_PLACEMENT_3D('',#4473,#4474,#4475);
#4473 = CARTESIAN_POINT('',(-34.,12.1,44.026));
#4474 = DIRECTION('',(0.,1.,0.));
#4475 = DIRECTION('',(0.,-0.,1.));
#4476 = FACE_BOUND('',#4477,.T.);
#4477 = EDGE_LOOP('',(#4478));
#4478 = ORIENTED_EDGE('',*,*,#4479,.F.);
#4479 = EDGE_CURVE('',#4480,#4480,#4482,.T.);
#4480 = VERTEX_POINT('',#4481);
#4481 = CARTESIAN_POINT('',(-22.25,12.1,41.729));
#4482 = CIRCLE('',#4483,1.6);
#4483 = AXIS2_PLACEMENT_3D('',#4484,#4485,#4486);
#4484 = CARTESIAN_POINT('',(-22.25,12.1,40.129));
#4485 = DIRECTION('',(0.,1.,0.));
#4486 = DIRECTION('',(0.,-0.,1.));
#4487 = FACE_BOUND('',#4488,.T.);
#4488 = EDGE_LOOP('',(#4489));
#4489 = ORIENTED_EDGE('',*,*,#4490,.F.);
#4490 = EDGE_CURVE('',#4491,#4491,#4493,.T.);
#4491 = VERTEX_POINT('',#4492);
#4492 = CARTESIAN_POINT('',(-15.75,12.1,41.729));
#4493 = CIRCLE('',#4494,1.6);
#4494 = AXIS2_PLACEMENT_3D('',#4495,#4496,#4497);
#4495 = CARTESIAN_POINT('',(-15.75,12.1,40.129));
#4496 = DIRECTION('',(0.,1.,0.));
#4497 = DIRECTION('',(0.,-0.,1.));
#4498 = FACE_BOUND('',#4499,.T.);
#4499 = EDGE_LOOP('',(#4500));
#4500 = ORIENTED_EDGE('',*,*,#4501,.F.);
#4501 = EDGE_CURVE('',#4502,#4502,#4504,.T.);
#4502 = VERTEX_POINT('',#4503);
#4503 = CARTESIAN_POINT('',(-9.25,12.1,41.729));
#4504 = CIRCLE('',#4505,1.6);
#4505 = AXIS2_PLACEMENT_3D('',#4506,#4507,#4508);
#4506 = CARTESIAN_POINT('',(-9.25,12.1,40.129));
#4507 = DIRECTION('',(0.,1.,0.));
#4508 = DIRECTION('',(0.,-0.,1.));
#4509 = FACE_BOUND('',#4510,.T.);
#4510 = EDGE_LOOP('',(#4511));
#4511 = ORIENTED_EDGE('',*,*,#4512,.F.);
#4512 = EDGE_CURVE('',#4513,#4513,#4515,.T.);
#4513 = VERTEX_POINT('',#4514);
#4514 = CARTESIAN_POINT('',(-2.75,12.1,41.729));
#4515 = CIRCLE('',#4516,1.6);
#4516 = AXIS2_PLACEMENT_3D('',#4517,#4518,#4519);
#4517 = CARTESIAN_POINT('',(-2.75,12.1,40.129));
#4518 = DIRECTION('',(0.,1.,0.));
#4519 = DIRECTION('',(0.,-0.,1.));
#4520 = FACE_BOUND('',#4521,.T.);
#4521 = EDGE_LOOP('',(#4522));
#4522 = ORIENTED_EDGE('',*,*,#4523,.F.);
#4523 = EDGE_CURVE('',#4524,#4524,#4526,.T.);
#4524 = VERTEX_POINT('',#4525);
#4525 = CARTESIAN_POINT('',(-42.25,12.1,50.539));
#4526 = CIRCLE('',#4527,1.75);
#4527 = AXIS2_PLACEMENT_3D('',#4528,#4529,#4530);
#4528 = CARTESIAN_POINT('',(-42.25,12.1,48.789));
#4529 = DIRECTION('',(0.,1.,0.));
#4530 = DIRECTION('',(0.,-0.,1.));
#4531 = FACE_BOUND('',#4532,.T.);
#4532 = EDGE_LOOP('',(#4533,#4544,#4553,#4562));
#4533 = ORIENTED_EDGE('',*,*,#4534,.F.);
#4534 = EDGE_CURVE('',#4535,#4537,#4539,.T.);
#4535 = VERTEX_POINT('',#4536);
#4536 = CARTESIAN_POINT('',(-35.25,12.1,52.987));
#4537 = VERTEX_POINT('',#4538);
#4538 = CARTESIAN_POINT('',(-35.31334034615,12.1,49.788254241429));
#4539 = CIRCLE('',#4540,1.6);
#4540 = AXIS2_PLACEMENT_3D('',#4541,#4542,#4543);
#4541 = CARTESIAN_POINT('',(-35.25,12.1,51.387));
#4542 = DIRECTION('',(0.,1.,0.));
#4543 = DIRECTION('',(0.,-0.,1.));
#4544 = ORIENTED_EDGE('',*,*,#4545,.F.);
#4545 = EDGE_CURVE('',#4546,#4535,#4548,.T.);
#4546 = VERTEX_POINT('',#4547);
#4547 = CARTESIAN_POINT('',(-36.60290596868,12.1,50.532807141272));
#4548 = CIRCLE('',#4549,1.6);
#4549 = AXIS2_PLACEMENT_3D('',#4550,#4551,#4552);
#4550 = CARTESIAN_POINT('',(-35.25,12.1,51.387));
#4551 = DIRECTION('',(0.,1.,0.));
#4552 = DIRECTION('',(0.,-0.,1.));
#4553 = ORIENTED_EDGE('',*,*,#4554,.F.);
#4554 = EDGE_CURVE('',#4555,#4546,#4557,.T.);
#4555 = VERTEX_POINT('',#4556);
#4556 = CARTESIAN_POINT('',(-36.75,12.1,50.539));
#4557 = CIRCLE('',#4558,1.75);
#4558 = AXIS2_PLACEMENT_3D('',#4559,#4560,#4561);
#4559 = CARTESIAN_POINT('',(-36.75,12.1,48.789));
#4560 = DIRECTION('',(0.,1.,0.));
#4561 = DIRECTION('',(0.,-0.,1.));
#4562 = ORIENTED_EDGE('',*,*,#4563,.F.);
#4563 = EDGE_CURVE('',#4537,#4555,#4564,.T.);
#4564 = CIRCLE('',#4565,1.75);
#4565 = AXIS2_PLACEMENT_3D('',#4566,#4567,#4568);
#4566 = CARTESIAN_POINT('',(-36.75,12.1,48.789));
#4567 = DIRECTION('',(0.,1.,0.));
#4568 = DIRECTION('',(0.,-0.,1.));
#4569 = FACE_BOUND('',#4570,.T.);
#4570 = EDGE_LOOP('',(#4571));
#4571 = ORIENTED_EDGE('',*,*,#4572,.F.);
#4572 = EDGE_CURVE('',#4573,#4573,#4575,.T.);
#4573 = VERTEX_POINT('',#4574);
#4574 = CARTESIAN_POINT('',(-25.5,12.1,47.358));
#4575 = CIRCLE('',#4576,1.6);
#4576 = AXIS2_PLACEMENT_3D('',#4577,#4578,#4579);
#4577 = CARTESIAN_POINT('',(-25.5,12.1,45.758));
#4578 = DIRECTION('',(0.,1.,0.));
#4579 = DIRECTION('',(0.,-0.,1.));
#4580 = FACE_BOUND('',#4581,.T.);
#4581 = EDGE_LOOP('',(#4582));
#4582 = ORIENTED_EDGE('',*,*,#4583,.F.);
#4583 = EDGE_CURVE('',#4584,#4584,#4586,.T.);
#4584 = VERTEX_POINT('',#4585);
#4585 = CARTESIAN_POINT('',(-28.75,12.1,52.987));
#4586 = CIRCLE('',#4587,1.6);
#4587 = AXIS2_PLACEMENT_3D('',#4588,#4589,#4590);
#4588 = CARTESIAN_POINT('',(-28.75,12.1,51.387));
#4589 = DIRECTION('',(0.,1.,0.));
#4590 = DIRECTION('',(0.,-0.,1.));
#4591 = FACE_BOUND('',#4592,.T.);
#4592 = EDGE_LOOP('',(#4593));
#4593 = ORIENTED_EDGE('',*,*,#4594,.F.);
#4594 = EDGE_CURVE('',#4595,#4595,#4597,.T.);
#4595 = VERTEX_POINT('',#4596);
#4596 = CARTESIAN_POINT('',(-22.25,12.1,52.987));
#4597 = CIRCLE('',#4598,1.6);
#4598 = AXIS2_PLACEMENT_3D('',#4599,#4600,#4601);
#4599 = CARTESIAN_POINT('',(-22.25,12.1,51.387));
#4600 = DIRECTION('',(0.,1.,0.));
#4601 = DIRECTION('',(0.,-0.,1.));
#4602 = FACE_BOUND('',#4603,.T.);
#4603 = EDGE_LOOP('',(#4604));
#4604 = ORIENTED_EDGE('',*,*,#4605,.F.);
#4605 = EDGE_CURVE('',#4606,#4606,#4608,.T.);
#4606 = VERTEX_POINT('',#4607);
#4607 = CARTESIAN_POINT('',(-19.,12.1,47.358));
#4608 = CIRCLE('',#4609,1.6);
#4609 = AXIS2_PLACEMENT_3D('',#4610,#4611,#4612);
#4610 = CARTESIAN_POINT('',(-19.,12.1,45.758));
#4611 = DIRECTION('',(0.,1.,0.));
#4612 = DIRECTION('',(0.,-0.,1.));
#4613 = FACE_BOUND('',#4614,.T.);
#4614 = EDGE_LOOP('',(#4615));
#4615 = ORIENTED_EDGE('',*,*,#4616,.F.);
#4616 = EDGE_CURVE('',#4617,#4617,#4619,.T.);
#4617 = VERTEX_POINT('',#4618);
#4618 = CARTESIAN_POINT('',(-12.5,12.1,47.358));
#4619 = CIRCLE('',#4620,1.6);
#4620 = AXIS2_PLACEMENT_3D('',#4621,#4622,#4623);
#4621 = CARTESIAN_POINT('',(-12.5,12.1,45.758));
#4622 = DIRECTION('',(0.,1.,0.));
#4623 = DIRECTION('',(0.,-0.,1.));
#4624 = FACE_BOUND('',#4625,.T.);
#4625 = EDGE_LOOP('',(#4626));
#4626 = ORIENTED_EDGE('',*,*,#4627,.F.);
#4627 = EDGE_CURVE('',#4628,#4628,#4630,.T.);
#4628 = VERTEX_POINT('',#4629);
#4629 = CARTESIAN_POINT('',(-6.,12.1,47.358));
#4630 = CIRCLE('',#4631,1.6);
#4631 = AXIS2_PLACEMENT_3D('',#4632,#4633,#4634);
#4632 = CARTESIAN_POINT('',(-6.,12.1,45.758));
#4633 = DIRECTION('',(0.,1.,0.));
#4634 = DIRECTION('',(0.,-0.,1.));
#4635 = FACE_BOUND('',#4636,.T.);
#4636 = EDGE_LOOP('',(#4637));
#4637 = ORIENTED_EDGE('',*,*,#4638,.F.);
#4638 = EDGE_CURVE('',#4639,#4639,#4641,.T.);
#4639 = VERTEX_POINT('',#4640);
#4640 = CARTESIAN_POINT('',(0.5,12.1,47.358));
#4641 = CIRCLE('',#4642,1.6);
#4642 = AXIS2_PLACEMENT_3D('',#4643,#4644,#4645);
#4643 = CARTESIAN_POINT('',(0.5,12.1,45.758));
#4644 = DIRECTION('',(0.,1.,0.));
#4645 = DIRECTION('',(0.,-0.,1.));
#4646 = FACE_BOUND('',#4647,.T.);
#4647 = EDGE_LOOP('',(#4648));
#4648 = ORIENTED_EDGE('',*,*,#4649,.F.);
#4649 = EDGE_CURVE('',#4650,#4650,#4652,.T.);
#4650 = VERTEX_POINT('',#4651);
#4651 = CARTESIAN_POINT('',(-15.75,12.1,52.987));
#4652 = CIRCLE('',#4653,1.6);
#4653 = AXIS2_PLACEMENT_3D('',#4654,#4655,#4656);
#4654 = CARTESIAN_POINT('',(-15.75,12.1,51.387));
#4655 = DIRECTION('',(0.,1.,0.));
#4656 = DIRECTION('',(0.,-0.,1.));
#4657 = FACE_BOUND('',#4658,.T.);
#4658 = EDGE_LOOP('',(#4659));
#4659 = ORIENTED_EDGE('',*,*,#4660,.F.);
#4660 = EDGE_CURVE('',#4661,#4661,#4663,.T.);
#4661 = VERTEX_POINT('',#4662);
#4662 = CARTESIAN_POINT('',(-9.25,12.1,52.987));
#4663 = CIRCLE('',#4664,1.6);
#4664 = AXIS2_PLACEMENT_3D('',#4665,#4666,#4667);
#4665 = CARTESIAN_POINT('',(-9.25,12.1,51.387));
#4666 = DIRECTION('',(0.,1.,0.));
#4667 = DIRECTION('',(0.,-0.,1.));
#4668 = FACE_BOUND('',#4669,.T.);
#4669 = EDGE_LOOP('',(#4670));
#4670 = ORIENTED_EDGE('',*,*,#4671,.F.);
#4671 = EDGE_CURVE('',#4672,#4672,#4674,.T.);
#4672 = VERTEX_POINT('',#4673);
#4673 = CARTESIAN_POINT('',(-2.75,12.1,52.987));
#4674 = CIRCLE('',#4675,1.6);
#4675 = AXIS2_PLACEMENT_3D('',#4676,#4677,#4678);
#4676 = CARTESIAN_POINT('',(-2.75,12.1,51.387));
#4677 = DIRECTION('',(0.,1.,0.));
#4678 = DIRECTION('',(0.,-0.,1.));
#4679 = FACE_BOUND('',#4680,.T.);
#4680 = EDGE_LOOP('',(#4681));
#4681 = ORIENTED_EDGE('',*,*,#4682,.F.);
#4682 = EDGE_CURVE('',#4683,#4683,#4685,.T.);
#4683 = VERTEX_POINT('',#4684);
#4684 = CARTESIAN_POINT('',(3.75,12.1,41.729));
#4685 = CIRCLE('',#4686,1.6);
#4686 = AXIS2_PLACEMENT_3D('',#4687,#4688,#4689);
#4687 = CARTESIAN_POINT('',(3.75,12.1,40.129));
#4688 = DIRECTION('',(0.,1.,0.));
#4689 = DIRECTION('',(0.,-0.,1.));
#4690 = FACE_BOUND('',#4691,.T.);
#4691 = EDGE_LOOP('',(#4692));
#4692 = ORIENTED_EDGE('',*,*,#4693,.F.);
#4693 = EDGE_CURVE('',#4694,#4694,#4696,.T.);
#4694 = VERTEX_POINT('',#4695);
#4695 = CARTESIAN_POINT('',(10.25,12.1,41.729));
#4696 = CIRCLE('',#4697,1.6);
#4697 = AXIS2_PLACEMENT_3D('',#4698,#4699,#4700);
#4698 = CARTESIAN_POINT('',(10.25,12.1,40.129));
#4699 = DIRECTION('',(0.,1.,0.));
#4700 = DIRECTION('',(0.,-0.,1.));
#4701 = FACE_BOUND('',#4702,.T.);
#4702 = EDGE_LOOP('',(#4703));
#4703 = ORIENTED_EDGE('',*,*,#4704,.F.);
#4704 = EDGE_CURVE('',#4705,#4705,#4707,.T.);
#4705 = VERTEX_POINT('',#4706);
#4706 = CARTESIAN_POINT('',(16.75,12.1,41.729));
#4707 = CIRCLE('',#4708,1.6);
#4708 = AXIS2_PLACEMENT_3D('',#4709,#4710,#4711);
#4709 = CARTESIAN_POINT('',(16.75,12.1,40.129));
#4710 = DIRECTION('',(0.,1.,0.));
#4711 = DIRECTION('',(0.,-0.,1.));
#4712 = FACE_BOUND('',#4713,.T.);
#4713 = EDGE_LOOP('',(#4714));
#4714 = ORIENTED_EDGE('',*,*,#4715,.F.);
#4715 = EDGE_CURVE('',#4716,#4716,#4718,.T.);
#4716 = VERTEX_POINT('',#4717);
#4717 = CARTESIAN_POINT('',(23.25,12.1,41.729));
#4718 = CIRCLE('',#4719,1.6);
#4719 = AXIS2_PLACEMENT_3D('',#4720,#4721,#4722);
#4720 = CARTESIAN_POINT('',(23.25,12.1,40.129));
#4721 = DIRECTION('',(0.,1.,0.));
#4722 = DIRECTION('',(0.,-0.,1.));
#4723 = FACE_BOUND('',#4724,.T.);
#4724 = EDGE_LOOP('',(#4725));
#4725 = ORIENTED_EDGE('',*,*,#4726,.F.);
#4726 = EDGE_CURVE('',#4727,#4727,#4729,.T.);
#4727 = VERTEX_POINT('',#4728);
#4728 = CARTESIAN_POINT('',(29.75,12.1,41.729));
#4729 = CIRCLE('',#4730,1.6);
#4730 = AXIS2_PLACEMENT_3D('',#4731,#4732,#4733);
#4731 = CARTESIAN_POINT('',(29.75,12.1,40.129));
#4732 = DIRECTION('',(0.,1.,0.));
#4733 = DIRECTION('',(0.,-0.,1.));
#4734 = FACE_BOUND('',#4735,.T.);
#4735 = EDGE_LOOP('',(#4736));
#4736 = ORIENTED_EDGE('',*,*,#4737,.F.);
#4737 = EDGE_CURVE('',#4738,#4738,#4740,.T.);
#4738 = VERTEX_POINT('',#4739);
#4739 = CARTESIAN_POINT('',(36.25,12.1,41.729));
#4740 = CIRCLE('',#4741,1.6);
#4741 = AXIS2_PLACEMENT_3D('',#4742,#4743,#4744);
#4742 = CARTESIAN_POINT('',(36.25,12.1,40.129));
#4743 = DIRECTION('',(0.,1.,0.));
#4744 = DIRECTION('',(0.,-0.,1.));
#4745 = FACE_BOUND('',#4746,.T.);
#4746 = EDGE_LOOP('',(#4747));
#4747 = ORIENTED_EDGE('',*,*,#4748,.F.);
#4748 = EDGE_CURVE('',#4749,#4749,#4751,.T.);
#4749 = VERTEX_POINT('',#4750);
#4750 = CARTESIAN_POINT('',(42.75,12.1,41.729));
#4751 = CIRCLE('',#4752,1.6);
#4752 = AXIS2_PLACEMENT_3D('',#4753,#4754,#4755);
#4753 = CARTESIAN_POINT('',(42.75,12.1,40.129));
#4754 = DIRECTION('',(0.,1.,0.));
#4755 = DIRECTION('',(0.,-0.,1.));
#4756 = FACE_BOUND('',#4757,.T.);
#4757 = EDGE_LOOP('',(#4758));
#4758 = ORIENTED_EDGE('',*,*,#4759,.F.);
#4759 = EDGE_CURVE('',#4760,#4760,#4762,.T.);
#4760 = VERTEX_POINT('',#4761);
#4761 = CARTESIAN_POINT('',(7.,12.1,47.358));
#4762 = CIRCLE('',#4763,1.6);
#4763 = AXIS2_PLACEMENT_3D('',#4764,#4765,#4766);
#4764 = CARTESIAN_POINT('',(7.,12.1,45.758));
#4765 = DIRECTION('',(0.,1.,0.));
#4766 = DIRECTION('',(0.,-0.,1.));
#4767 = FACE_BOUND('',#4768,.T.);
#4768 = EDGE_LOOP('',(#4769));
#4769 = ORIENTED_EDGE('',*,*,#4770,.F.);
#4770 = EDGE_CURVE('',#4771,#4771,#4773,.T.);
#4771 = VERTEX_POINT('',#4772);
#4772 = CARTESIAN_POINT('',(13.5,12.1,47.358));
#4773 = CIRCLE('',#4774,1.6);
#4774 = AXIS2_PLACEMENT_3D('',#4775,#4776,#4777);
#4775 = CARTESIAN_POINT('',(13.5,12.1,45.758));
#4776 = DIRECTION('',(0.,1.,0.));
#4777 = DIRECTION('',(0.,-0.,1.));
#4778 = FACE_BOUND('',#4779,.T.);
#4779 = EDGE_LOOP('',(#4780));
#4780 = ORIENTED_EDGE('',*,*,#4781,.F.);
#4781 = EDGE_CURVE('',#4782,#4782,#4784,.T.);
#4782 = VERTEX_POINT('',#4783);
#4783 = CARTESIAN_POINT('',(20.,12.1,47.358));
#4784 = CIRCLE('',#4785,1.6);
#4785 = AXIS2_PLACEMENT_3D('',#4786,#4787,#4788);
#4786 = CARTESIAN_POINT('',(20.,12.1,45.758));
#4787 = DIRECTION('',(0.,1.,0.));
#4788 = DIRECTION('',(0.,-0.,1.));
#4789 = FACE_BOUND('',#4790,.T.);
#4790 = EDGE_LOOP('',(#4791));
#4791 = ORIENTED_EDGE('',*,*,#4792,.F.);
#4792 = EDGE_CURVE('',#4793,#4793,#4795,.T.);
#4793 = VERTEX_POINT('',#4794);
#4794 = CARTESIAN_POINT('',(26.5,12.1,47.358));
#4795 = CIRCLE('',#4796,1.6);
#4796 = AXIS2_PLACEMENT_3D('',#4797,#4798,#4799);
#4797 = CARTESIAN_POINT('',(26.5,12.1,45.758));
#4798 = DIRECTION('',(0.,1.,0.));
#4799 = DIRECTION('',(0.,-0.,1.));
#4800 = FACE_BOUND('',#4801,.T.);
#4801 = EDGE_LOOP('',(#4802));
#4802 = ORIENTED_EDGE('',*,*,#4803,.F.);
#4803 = EDGE_CURVE('',#4804,#4804,#4806,.T.);
#4804 = VERTEX_POINT('',#4805);
#4805 = CARTESIAN_POINT('',(3.75,12.1,52.987));
#4806 = CIRCLE('',#4807,1.6);
#4807 = AXIS2_PLACEMENT_3D('',#4808,#4809,#4810);
#4808 = CARTESIAN_POINT('',(3.75,12.1,51.387));
#4809 = DIRECTION('',(0.,1.,0.));
#4810 = DIRECTION('',(0.,-0.,1.));
#4811 = FACE_BOUND('',#4812,.T.);
#4812 = EDGE_LOOP('',(#4813));
#4813 = ORIENTED_EDGE('',*,*,#4814,.F.);
#4814 = EDGE_CURVE('',#4815,#4815,#4817,.T.);
#4815 = VERTEX_POINT('',#4816);
#4816 = CARTESIAN_POINT('',(10.25,12.1,52.987));
#4817 = CIRCLE('',#4818,1.6);
#4818 = AXIS2_PLACEMENT_3D('',#4819,#4820,#4821);
#4819 = CARTESIAN_POINT('',(10.25,12.1,51.387));
#4820 = DIRECTION('',(0.,1.,0.));
#4821 = DIRECTION('',(0.,-0.,1.));
#4822 = FACE_BOUND('',#4823,.T.);
#4823 = EDGE_LOOP('',(#4824));
#4824 = ORIENTED_EDGE('',*,*,#4825,.F.);
#4825 = EDGE_CURVE('',#4826,#4826,#4828,.T.);
#4826 = VERTEX_POINT('',#4827);
#4827 = CARTESIAN_POINT('',(16.75,12.1,52.987));
#4828 = CIRCLE('',#4829,1.6);
#4829 = AXIS2_PLACEMENT_3D('',#4830,#4831,#4832);
#4830 = CARTESIAN_POINT('',(16.75,12.1,51.387));
#4831 = DIRECTION('',(0.,1.,0.));
#4832 = DIRECTION('',(0.,-0.,1.));
#4833 = FACE_BOUND('',#4834,.T.);
#4834 = EDGE_LOOP('',(#4835));
#4835 = ORIENTED_EDGE('',*,*,#4836,.F.);
#4836 = EDGE_CURVE('',#4837,#4837,#4839,.T.);
#4837 = VERTEX_POINT('',#4838);
#4838 = CARTESIAN_POINT('',(23.25,12.1,52.987));
#4839 = CIRCLE('',#4840,1.6);
#4840 = AXIS2_PLACEMENT_3D('',#4841,#4842,#4843);
#4841 = CARTESIAN_POINT('',(23.25,12.1,51.387));
#4842 = DIRECTION('',(0.,1.,0.));
#4843 = DIRECTION('',(0.,-0.,1.));
#4844 = FACE_BOUND('',#4845,.T.);
#4845 = EDGE_LOOP('',(#4846));
#4846 = ORIENTED_EDGE('',*,*,#4847,.F.);
#4847 = EDGE_CURVE('',#4848,#4848,#4850,.T.);
#4848 = VERTEX_POINT('',#4849);
#4849 = CARTESIAN_POINT('',(33.,12.1,47.358));
#4850 = CIRCLE('',#4851,1.6);
#4851 = AXIS2_PLACEMENT_3D('',#4852,#4853,#4854);
#4852 = CARTESIAN_POINT('',(33.,12.1,45.758));
#4853 = DIRECTION('',(0.,1.,0.));
#4854 = DIRECTION('',(0.,-0.,1.));
#4855 = FACE_BOUND('',#4856,.T.);
#4856 = EDGE_LOOP('',(#4857));
#4857 = ORIENTED_EDGE('',*,*,#4858,.F.);
#4858 = EDGE_CURVE('',#4859,#4859,#4861,.T.);
#4859 = VERTEX_POINT('',#4860);
#4860 = CARTESIAN_POINT('',(39.5,12.1,47.358));
#4861 = CIRCLE('',#4862,1.6);
#4862 = AXIS2_PLACEMENT_3D('',#4863,#4864,#4865);
#4863 = CARTESIAN_POINT('',(39.5,12.1,45.758));
#4864 = DIRECTION('',(0.,1.,0.));
#4865 = DIRECTION('',(0.,-0.,1.));
#4866 = FACE_BOUND('',#4867,.T.);
#4867 = EDGE_LOOP('',(#4868));
#4868 = ORIENTED_EDGE('',*,*,#4869,.F.);
#4869 = EDGE_CURVE('',#4870,#4870,#4872,.T.);
#4870 = VERTEX_POINT('',#4871);
#4871 = CARTESIAN_POINT('',(46.,12.1,47.358));
#4872 = CIRCLE('',#4873,1.6);
#4873 = AXIS2_PLACEMENT_3D('',#4874,#4875,#4876);
#4874 = CARTESIAN_POINT('',(46.,12.1,45.758));
#4875 = DIRECTION('',(0.,1.,0.));
#4876 = DIRECTION('',(0.,-0.,1.));
#4877 = FACE_BOUND('',#4878,.T.);
#4878 = EDGE_LOOP('',(#4879));
#4879 = ORIENTED_EDGE('',*,*,#4880,.F.);
#4880 = EDGE_CURVE('',#4881,#4881,#4883,.T.);
#4881 = VERTEX_POINT('',#4882);
#4882 = CARTESIAN_POINT('',(29.75,12.1,52.987));
#4883 = CIRCLE('',#4884,1.6);
#4884 = AXIS2_PLACEMENT_3D('',#4885,#4886,#4887);
#4885 = CARTESIAN_POINT('',(29.75,12.1,51.387));
#4886 = DIRECTION('',(0.,1.,0.));
#4887 = DIRECTION('',(0.,-0.,1.));
#4888 = FACE_BOUND('',#4889,.T.);
#4889 = EDGE_LOOP('',(#4890));
#4890 = ORIENTED_EDGE('',*,*,#4891,.F.);
#4891 = EDGE_CURVE('',#4892,#4892,#4894,.T.);
#4892 = VERTEX_POINT('',#4893);
#4893 = CARTESIAN_POINT('',(36.25,12.1,52.987));
#4894 = CIRCLE('',#4895,1.6);
#4895 = AXIS2_PLACEMENT_3D('',#4896,#4897,#4898);
#4896 = CARTESIAN_POINT('',(36.25,12.1,51.387));
#4897 = DIRECTION('',(0.,1.,0.));
#4898 = DIRECTION('',(0.,-0.,1.));
#4899 = FACE_BOUND('',#4900,.T.);
#4900 = EDGE_LOOP('',(#4901));
#4901 = ORIENTED_EDGE('',*,*,#4902,.F.);
#4902 = EDGE_CURVE('',#4903,#4903,#4905,.T.);
#4903 = VERTEX_POINT('',#4904);
#4904 = CARTESIAN_POINT('',(42.75,12.1,52.987));
#4905 = CIRCLE('',#4906,1.6);
#4906 = AXIS2_PLACEMENT_3D('',#4907,#4908,#4909);
#4907 = CARTESIAN_POINT('',(42.75,12.1,51.387));
#4908 = DIRECTION('',(0.,1.,0.));
#4909 = DIRECTION('',(0.,-0.,1.));
#4910 = FACE_BOUND('',#4911,.T.);
#4911 = EDGE_LOOP('',(#4912));
#4912 = ORIENTED_EDGE('',*,*,#4913,.F.);
#4913 = EDGE_CURVE('',#4914,#4914,#4916,.T.);
#4914 = VERTEX_POINT('',#4915);
#4915 = CARTESIAN_POINT('',(48.66,12.1,56.7));
#4916 = CIRCLE('',#4917,1.7);
#4917 = AXIS2_PLACEMENT_3D('',#4918,#4919,#4920);
#4918 = CARTESIAN_POINT('',(48.66,12.1,55.));
#4919 = DIRECTION('',(0.,1.,0.));
#4920 = DIRECTION('',(0.,-0.,1.));
#4921 = PLANE('',#4922);
#4922 = AXIS2_PLACEMENT_3D('',#4923,#4924,#4925);
#4923 = CARTESIAN_POINT('',(-143.36,12.1,9.3));
#4924 = DIRECTION('',(-0.,1.,0.));
#4925 = DIRECTION('',(0.,0.,1.));
#4926 = ADVANCED_FACE('',(#4927),#4938,.F.);
#4927 = FACE_BOUND('',#4928,.F.);
#4928 = EDGE_LOOP('',(#4929,#4930,#4931,#4937));
#4929 = ORIENTED_EDGE('',*,*,#31,.F.);
#4930 = ORIENTED_EDGE('',*,*,#61,.T.);
#4931 = ORIENTED_EDGE('',*,*,#4932,.T.);
#4932 = EDGE_CURVE('',#62,#2512,#4933,.T.);
#4933 = LINE('',#4934,#4935);
#4934 = CARTESIAN_POINT('',(53.36,10.1,9.3));
#4935 = VECTOR('',#4936,1.);
#4936 = DIRECTION('',(-0.,1.,0.));
#4937 = ORIENTED_EDGE('',*,*,#2511,.F.);
#4938 = PLANE('',#4939);
#4939 = AXIS2_PLACEMENT_3D('',#4940,#4941,#4942);
#4940 = CARTESIAN_POINT('',(-143.36,10.1,9.3));
#4941 = DIRECTION('',(0.,0.,1.));
#4942 = DIRECTION('',(1.,0.,-0.));
#4943 = ADVANCED_FACE('',(#4944),#4950,.T.);
#4944 = FACE_BOUND('',#4945,.T.);
#4945 = EDGE_LOOP('',(#4946,#4947,#4948,#4949));
#4946 = ORIENTED_EDGE('',*,*,#78,.F.);
#4947 = ORIENTED_EDGE('',*,*,#4932,.T.);
#4948 = ORIENTED_EDGE('',*,*,#2521,.T.);
#4949 = ORIENTED_EDGE('',*,*,#2489,.F.);
#4950 = PLANE('',#4951);
#4951 = AXIS2_PLACEMENT_3D('',#4952,#4953,#4954);
#4952 = CARTESIAN_POINT('',(53.36,10.1,9.3));
#4953 = DIRECTION('',(1.,0.,-0.));
#4954 = DIRECTION('',(0.,0.,1.));
#4955 = ADVANCED_FACE('',(#4956),#4967,.F.);
#4956 = FACE_BOUND('',#4957,.F.);
#4957 = EDGE_LOOP('',(#4958,#4959,#4965,#4966));
#4958 = ORIENTED_EDGE('',*,*,#2529,.F.);
#4959 = ORIENTED_EDGE('',*,*,#4960,.F.);
#4960 = EDGE_CURVE('',#87,#2530,#4961,.T.);
#4961 = LINE('',#4962,#4963);
#4962 = CARTESIAN_POINT('',(-138.66,-2.,15.7));
#4963 = VECTOR('',#4964,1.);
#4964 = DIRECTION('',(0.,1.,0.));
#4965 = ORIENTED_EDGE('',*,*,#86,.T.);
#4966 = ORIENTED_EDGE('',*,*,#4960,.T.);
#4967 = CYLINDRICAL_SURFACE('',#4968,1.7);
#4968 = AXIS2_PLACEMENT_3D('',#4969,#4970,#4971);
#4969 = CARTESIAN_POINT('',(-138.66,-2.,14.));
#4970 = DIRECTION('',(0.,1.,0.));
#4971 = DIRECTION('',(0.,-0.,1.));
#4972 = ADVANCED_FACE('',(#4973),#4984,.F.);
#4973 = FACE_BOUND('',#4974,.F.);
#4974 = EDGE_LOOP('',(#4975,#4976,#4982,#4983));
#4975 = ORIENTED_EDGE('',*,*,#2540,.F.);
#4976 = ORIENTED_EDGE('',*,*,#4977,.F.);
#4977 = EDGE_CURVE('',#98,#2541,#4978,.T.);
#4978 = LINE('',#4979,#4980);
#4979 = CARTESIAN_POINT('',(-132.75,-2.,19.213));
#4980 = VECTOR('',#4981,1.);
#4981 = DIRECTION('',(0.,1.,0.));
#4982 = ORIENTED_EDGE('',*,*,#97,.T.);
#4983 = ORIENTED_EDGE('',*,*,#4977,.T.);
#4984 = CYLINDRICAL_SURFACE('',#4985,1.6);
#4985 = AXIS2_PLACEMENT_3D('',#4986,#4987,#4988);
#4986 = CARTESIAN_POINT('',(-132.75,-2.,17.613));
#4987 = DIRECTION('',(0.,1.,0.));
#4988 = DIRECTION('',(0.,-0.,1.));
#4989 = ADVANCED_FACE('',(#4990),#5001,.F.);
#4990 = FACE_BOUND('',#4991,.F.);
#4991 = EDGE_LOOP('',(#4992,#4993,#4999,#5000));
#4992 = ORIENTED_EDGE('',*,*,#2551,.F.);
#4993 = ORIENTED_EDGE('',*,*,#4994,.F.);
#4994 = EDGE_CURVE('',#109,#2552,#4995,.T.);
#4995 = LINE('',#4996,#4997);
#4996 = CARTESIAN_POINT('',(-126.25,-2.,19.213));
#4997 = VECTOR('',#4998,1.);
#4998 = DIRECTION('',(0.,1.,0.));
#4999 = ORIENTED_EDGE('',*,*,#108,.T.);
#5000 = ORIENTED_EDGE('',*,*,#4994,.T.);
#5001 = CYLINDRICAL_SURFACE('',#5002,1.6);
#5002 = AXIS2_PLACEMENT_3D('',#5003,#5004,#5005);
#5003 = CARTESIAN_POINT('',(-126.25,-2.,17.613));
#5004 = DIRECTION('',(0.,1.,0.));
#5005 = DIRECTION('',(0.,-0.,1.));
#5006 = ADVANCED_FACE('',(#5007),#5018,.F.);
#5007 = FACE_BOUND('',#5008,.F.);
#5008 = EDGE_LOOP('',(#5009,#5010,#5016,#5017));
#5009 = ORIENTED_EDGE('',*,*,#2562,.F.);
#5010 = ORIENTED_EDGE('',*,*,#5011,.F.);
#5011 = EDGE_CURVE('',#120,#2563,#5012,.T.);
#5012 = LINE('',#5013,#5014);
#5013 = CARTESIAN_POINT('',(-119.75,-2.,19.213));
#5014 = VECTOR('',#5015,1.);
#5015 = DIRECTION('',(0.,1.,0.));
#5016 = ORIENTED_EDGE('',*,*,#119,.T.);
#5017 = ORIENTED_EDGE('',*,*,#5011,.T.);
#5018 = CYLINDRICAL_SURFACE('',#5019,1.6);
#5019 = AXIS2_PLACEMENT_3D('',#5020,#5021,#5022);
#5020 = CARTESIAN_POINT('',(-119.75,-2.,17.613));
#5021 = DIRECTION('',(0.,1.,0.));
#5022 = DIRECTION('',(0.,-0.,1.));
#5023 = ADVANCED_FACE('',(#5024),#5035,.F.);
#5024 = FACE_BOUND('',#5025,.F.);
#5025 = EDGE_LOOP('',(#5026,#5027,#5033,#5034));
#5026 = ORIENTED_EDGE('',*,*,#2573,.F.);
#5027 = ORIENTED_EDGE('',*,*,#5028,.F.);
#5028 = EDGE_CURVE('',#131,#2574,#5029,.T.);
#5029 = LINE('',#5030,#5031);
#5030 = CARTESIAN_POINT('',(-136.,-2.,24.842));
#5031 = VECTOR('',#5032,1.);
#5032 = DIRECTION('',(0.,1.,0.));
#5033 = ORIENTED_EDGE('',*,*,#130,.T.);
#5034 = ORIENTED_EDGE('',*,*,#5028,.T.);
#5035 = CYLINDRICAL_SURFACE('',#5036,1.6);
#5036 = AXIS2_PLACEMENT_3D('',#5037,#5038,#5039);
#5037 = CARTESIAN_POINT('',(-136.,-2.,23.242));
#5038 = DIRECTION('',(0.,1.,0.));
#5039 = DIRECTION('',(0.,-0.,1.));
#5040 = ADVANCED_FACE('',(#5041),#5052,.F.);
#5041 = FACE_BOUND('',#5042,.F.);
#5042 = EDGE_LOOP('',(#5043,#5044,#5050,#5051));
#5043 = ORIENTED_EDGE('',*,*,#2584,.F.);
#5044 = ORIENTED_EDGE('',*,*,#5045,.F.);
#5045 = EDGE_CURVE('',#142,#2585,#5046,.T.);
#5046 = LINE('',#5047,#5048);
#5047 = CARTESIAN_POINT('',(-129.5,-2.,24.842));
#5048 = VECTOR('',#5049,1.);
#5049 = DIRECTION('',(0.,1.,0.));
#5050 = ORIENTED_EDGE('',*,*,#141,.T.);
#5051 = ORIENTED_EDGE('',*,*,#5045,.T.);
#5052 = CYLINDRICAL_SURFACE('',#5053,1.6);
#5053 = AXIS2_PLACEMENT_3D('',#5054,#5055,#5056);
#5054 = CARTESIAN_POINT('',(-129.5,-2.,23.242));
#5055 = DIRECTION('',(0.,1.,0.));
#5056 = DIRECTION('',(0.,-0.,1.));
#5057 = ADVANCED_FACE('',(#5058),#5069,.F.);
#5058 = FACE_BOUND('',#5059,.F.);
#5059 = EDGE_LOOP('',(#5060,#5061,#5067,#5068));
#5060 = ORIENTED_EDGE('',*,*,#2595,.F.);
#5061 = ORIENTED_EDGE('',*,*,#5062,.F.);
#5062 = EDGE_CURVE('',#153,#2596,#5063,.T.);
#5063 = LINE('',#5064,#5065);
#5064 = CARTESIAN_POINT('',(-123.,-2.,24.842));
#5065 = VECTOR('',#5066,1.);
#5066 = DIRECTION('',(0.,1.,0.));
#5067 = ORIENTED_EDGE('',*,*,#152,.T.);
#5068 = ORIENTED_EDGE('',*,*,#5062,.T.);
#5069 = CYLINDRICAL_SURFACE('',#5070,1.6);
#5070 = AXIS2_PLACEMENT_3D('',#5071,#5072,#5073);
#5071 = CARTESIAN_POINT('',(-123.,-2.,23.242));
#5072 = DIRECTION('',(0.,1.,0.));
#5073 = DIRECTION('',(0.,-0.,1.));
#5074 = ADVANCED_FACE('',(#5075),#5086,.F.);
#5075 = FACE_BOUND('',#5076,.F.);
#5076 = EDGE_LOOP('',(#5077,#5078,#5084,#5085));
#5077 = ORIENTED_EDGE('',*,*,#2606,.F.);
#5078 = ORIENTED_EDGE('',*,*,#5079,.F.);
#5079 = EDGE_CURVE('',#164,#2607,#5080,.T.);
#5080 = LINE('',#5081,#5082);
#5081 = CARTESIAN_POINT('',(-113.25,-2.,19.213));
#5082 = VECTOR('',#5083,1.);
#5083 = DIRECTION('',(0.,1.,0.));
#5084 = ORIENTED_EDGE('',*,*,#163,.T.);
#5085 = ORIENTED_EDGE('',*,*,#5079,.T.);
#5086 = CYLINDRICAL_SURFACE('',#5087,1.6);
#5087 = AXIS2_PLACEMENT_3D('',#5088,#5089,#5090);
#5088 = CARTESIAN_POINT('',(-113.25,-2.,17.613));
#5089 = DIRECTION('',(0.,1.,0.));
#5090 = DIRECTION('',(0.,-0.,1.));
#5091 = ADVANCED_FACE('',(#5092),#5103,.F.);
#5092 = FACE_BOUND('',#5093,.F.);
#5093 = EDGE_LOOP('',(#5094,#5095,#5101,#5102));
#5094 = ORIENTED_EDGE('',*,*,#2617,.F.);
#5095 = ORIENTED_EDGE('',*,*,#5096,.F.);
#5096 = EDGE_CURVE('',#175,#2618,#5097,.T.);
#5097 = LINE('',#5098,#5099);
#5098 = CARTESIAN_POINT('',(-106.75,-2.,19.213));
#5099 = VECTOR('',#5100,1.);
#5100 = DIRECTION('',(0.,1.,0.));
#5101 = ORIENTED_EDGE('',*,*,#174,.T.);
#5102 = ORIENTED_EDGE('',*,*,#5096,.T.);
#5103 = CYLINDRICAL_SURFACE('',#5104,1.6);
#5104 = AXIS2_PLACEMENT_3D('',#5105,#5106,#5107);
#5105 = CARTESIAN_POINT('',(-106.75,-2.,17.613));
#5106 = DIRECTION('',(0.,1.,0.));
#5107 = DIRECTION('',(0.,-0.,1.));
#5108 = ADVANCED_FACE('',(#5109),#5120,.F.);
#5109 = FACE_BOUND('',#5110,.F.);
#5110 = EDGE_LOOP('',(#5111,#5112,#5118,#5119));
#5111 = ORIENTED_EDGE('',*,*,#2628,.F.);
#5112 = ORIENTED_EDGE('',*,*,#5113,.F.);
#5113 = EDGE_CURVE('',#186,#2629,#5114,.T.);
#5114 = LINE('',#5115,#5116);
#5115 = CARTESIAN_POINT('',(-100.25,-2.,19.213));
#5116 = VECTOR('',#5117,1.);
#5117 = DIRECTION('',(0.,1.,0.));
#5118 = ORIENTED_EDGE('',*,*,#185,.T.);
#5119 = ORIENTED_EDGE('',*,*,#5113,.T.);
#5120 = CYLINDRICAL_SURFACE('',#5121,1.6);
#5121 = AXIS2_PLACEMENT_3D('',#5122,#5123,#5124);
#5122 = CARTESIAN_POINT('',(-100.25,-2.,17.613));
#5123 = DIRECTION('',(0.,1.,0.));
#5124 = DIRECTION('',(0.,-0.,1.));
#5125 = ADVANCED_FACE('',(#5126),#5137,.F.);
#5126 = FACE_BOUND('',#5127,.F.);
#5127 = EDGE_LOOP('',(#5128,#5129,#5135,#5136));
#5128 = ORIENTED_EDGE('',*,*,#2639,.F.);
#5129 = ORIENTED_EDGE('',*,*,#5130,.F.);
#5130 = EDGE_CURVE('',#197,#2640,#5131,.T.);
#5131 = LINE('',#5132,#5133);
#5132 = CARTESIAN_POINT('',(-93.75,-2.,19.213));
#5133 = VECTOR('',#5134,1.);
#5134 = DIRECTION('',(0.,1.,0.));
#5135 = ORIENTED_EDGE('',*,*,#196,.T.);
#5136 = ORIENTED_EDGE('',*,*,#5130,.T.);
#5137 = CYLINDRICAL_SURFACE('',#5138,1.6);
#5138 = AXIS2_PLACEMENT_3D('',#5139,#5140,#5141);
#5139 = CARTESIAN_POINT('',(-93.75,-2.,17.613));
#5140 = DIRECTION('',(0.,1.,0.));
#5141 = DIRECTION('',(0.,-0.,1.));
#5142 = ADVANCED_FACE('',(#5143),#5154,.F.);
#5143 = FACE_BOUND('',#5144,.F.);
#5144 = EDGE_LOOP('',(#5145,#5146,#5152,#5153));
#5145 = ORIENTED_EDGE('',*,*,#2650,.F.);
#5146 = ORIENTED_EDGE('',*,*,#5147,.F.);
#5147 = EDGE_CURVE('',#208,#2651,#5148,.T.);
#5148 = LINE('',#5149,#5150);
#5149 = CARTESIAN_POINT('',(-116.5,-2.,24.842));
#5150 = VECTOR('',#5151,1.);
#5151 = DIRECTION('',(0.,1.,0.));
#5152 = ORIENTED_EDGE('',*,*,#207,.T.);
#5153 = ORIENTED_EDGE('',*,*,#5147,.T.);
#5154 = CYLINDRICAL_SURFACE('',#5155,1.6);
#5155 = AXIS2_PLACEMENT_3D('',#5156,#5157,#5158);
#5156 = CARTESIAN_POINT('',(-116.5,-2.,23.242));
#5157 = DIRECTION('',(0.,1.,0.));
#5158 = DIRECTION('',(0.,-0.,1.));
#5159 = ADVANCED_FACE('',(#5160),#5171,.F.);
#5160 = FACE_BOUND('',#5161,.F.);
#5161 = EDGE_LOOP('',(#5162,#5163,#5169,#5170));
#5162 = ORIENTED_EDGE('',*,*,#2661,.F.);
#5163 = ORIENTED_EDGE('',*,*,#5164,.F.);
#5164 = EDGE_CURVE('',#219,#2662,#5165,.T.);
#5165 = LINE('',#5166,#5167);
#5166 = CARTESIAN_POINT('',(-110.,-2.,24.842));
#5167 = VECTOR('',#5168,1.);
#5168 = DIRECTION('',(0.,1.,0.));
#5169 = ORIENTED_EDGE('',*,*,#218,.T.);
#5170 = ORIENTED_EDGE('',*,*,#5164,.T.);
#5171 = CYLINDRICAL_SURFACE('',#5172,1.6);
#5172 = AXIS2_PLACEMENT_3D('',#5173,#5174,#5175);
#5173 = CARTESIAN_POINT('',(-110.,-2.,23.242));
#5174 = DIRECTION('',(0.,1.,0.));
#5175 = DIRECTION('',(0.,-0.,1.));
#5176 = ADVANCED_FACE('',(#5177),#5188,.F.);
#5177 = FACE_BOUND('',#5178,.F.);
#5178 = EDGE_LOOP('',(#5179,#5180,#5186,#5187));
#5179 = ORIENTED_EDGE('',*,*,#2672,.F.);
#5180 = ORIENTED_EDGE('',*,*,#5181,.F.);
#5181 = EDGE_CURVE('',#230,#2673,#5182,.T.);
#5182 = LINE('',#5183,#5184);
#5183 = CARTESIAN_POINT('',(-103.5,-2.,24.842));
#5184 = VECTOR('',#5185,1.);
#5185 = DIRECTION('',(0.,1.,0.));
#5186 = ORIENTED_EDGE('',*,*,#229,.T.);
#5187 = ORIENTED_EDGE('',*,*,#5181,.T.);
#5188 = CYLINDRICAL_SURFACE('',#5189,1.6);
#5189 = AXIS2_PLACEMENT_3D('',#5190,#5191,#5192);
#5190 = CARTESIAN_POINT('',(-103.5,-2.,23.242));
#5191 = DIRECTION('',(0.,1.,0.));
#5192 = DIRECTION('',(0.,-0.,1.));
#5193 = ADVANCED_FACE('',(#5194),#5205,.F.);
#5194 = FACE_BOUND('',#5195,.F.);
#5195 = EDGE_LOOP('',(#5196,#5197,#5203,#5204));
#5196 = ORIENTED_EDGE('',*,*,#2683,.F.);
#5197 = ORIENTED_EDGE('',*,*,#5198,.F.);
#5198 = EDGE_CURVE('',#241,#2684,#5199,.T.);
#5199 = LINE('',#5200,#5201);
#5200 = CARTESIAN_POINT('',(-97.,-2.,24.842));
#5201 = VECTOR('',#5202,1.);
#5202 = DIRECTION('',(0.,1.,0.));
#5203 = ORIENTED_EDGE('',*,*,#240,.T.);
#5204 = ORIENTED_EDGE('',*,*,#5198,.T.);
#5205 = CYLINDRICAL_SURFACE('',#5206,1.6);
#5206 = AXIS2_PLACEMENT_3D('',#5207,#5208,#5209);
#5207 = CARTESIAN_POINT('',(-97.,-2.,23.242));
#5208 = DIRECTION('',(0.,1.,0.));
#5209 = DIRECTION('',(0.,-0.,1.));
#5210 = ADVANCED_FACE('',(#5211),#5222,.F.);
#5211 = FACE_BOUND('',#5212,.F.);
#5212 = EDGE_LOOP('',(#5213,#5214,#5220,#5221));
#5213 = ORIENTED_EDGE('',*,*,#2694,.F.);
#5214 = ORIENTED_EDGE('',*,*,#5215,.F.);
#5215 = EDGE_CURVE('',#252,#2695,#5216,.T.);
#5216 = LINE('',#5217,#5218);
#5217 = CARTESIAN_POINT('',(-132.75,-2.,30.471));
#5218 = VECTOR('',#5219,1.);
#5219 = DIRECTION('',(0.,1.,0.));
#5220 = ORIENTED_EDGE('',*,*,#251,.T.);
#5221 = ORIENTED_EDGE('',*,*,#5215,.T.);
#5222 = CYLINDRICAL_SURFACE('',#5223,1.6);
#5223 = AXIS2_PLACEMENT_3D('',#5224,#5225,#5226);
#5224 = CARTESIAN_POINT('',(-132.75,-2.,28.871));
#5225 = DIRECTION('',(0.,1.,0.));
#5226 = DIRECTION('',(0.,-0.,1.));
#5227 = ADVANCED_FACE('',(#5228),#5239,.F.);
#5228 = FACE_BOUND('',#5229,.F.);
#5229 = EDGE_LOOP('',(#5230,#5231,#5237,#5238));
#5230 = ORIENTED_EDGE('',*,*,#2705,.F.);
#5231 = ORIENTED_EDGE('',*,*,#5232,.F.);
#5232 = EDGE_CURVE('',#263,#2706,#5233,.T.);
#5233 = LINE('',#5234,#5235);
#5234 = CARTESIAN_POINT('',(-126.25,-2.,30.471));
#5235 = VECTOR('',#5236,1.);
#5236 = DIRECTION('',(0.,1.,0.));
#5237 = ORIENTED_EDGE('',*,*,#262,.T.);
#5238 = ORIENTED_EDGE('',*,*,#5232,.T.);
#5239 = CYLINDRICAL_SURFACE('',#5240,1.6);
#5240 = AXIS2_PLACEMENT_3D('',#5241,#5242,#5243);
#5241 = CARTESIAN_POINT('',(-126.25,-2.,28.871));
#5242 = DIRECTION('',(0.,1.,0.));
#5243 = DIRECTION('',(0.,-0.,1.));
#5244 = ADVANCED_FACE('',(#5245),#5256,.F.);
#5245 = FACE_BOUND('',#5246,.F.);
#5246 = EDGE_LOOP('',(#5247,#5248,#5254,#5255));
#5247 = ORIENTED_EDGE('',*,*,#2716,.F.);
#5248 = ORIENTED_EDGE('',*,*,#5249,.F.);
#5249 = EDGE_CURVE('',#274,#2717,#5250,.T.);
#5250 = LINE('',#5251,#5252);
#5251 = CARTESIAN_POINT('',(-119.75,-2.,30.471));
#5252 = VECTOR('',#5253,1.);
#5253 = DIRECTION('',(0.,1.,0.));
#5254 = ORIENTED_EDGE('',*,*,#273,.T.);
#5255 = ORIENTED_EDGE('',*,*,#5249,.T.);
#5256 = CYLINDRICAL_SURFACE('',#5257,1.6);
#5257 = AXIS2_PLACEMENT_3D('',#5258,#5259,#5260);
#5258 = CARTESIAN_POINT('',(-119.75,-2.,28.871));
#5259 = DIRECTION('',(0.,1.,0.));
#5260 = DIRECTION('',(0.,-0.,1.));
#5261 = ADVANCED_FACE('',(#5262),#5273,.F.);
#5262 = FACE_BOUND('',#5263,.F.);
#5263 = EDGE_LOOP('',(#5264,#5265,#5271,#5272));
#5264 = ORIENTED_EDGE('',*,*,#2727,.F.);
#5265 = ORIENTED_EDGE('',*,*,#5266,.F.);
#5266 = EDGE_CURVE('',#285,#2728,#5267,.T.);
#5267 = LINE('',#5268,#5269);
#5268 = CARTESIAN_POINT('',(-136.,-2.,36.1));
#5269 = VECTOR('',#5270,1.);
#5270 = DIRECTION('',(0.,1.,0.));
#5271 = ORIENTED_EDGE('',*,*,#284,.T.);
#5272 = ORIENTED_EDGE('',*,*,#5266,.T.);
#5273 = CYLINDRICAL_SURFACE('',#5274,1.6);
#5274 = AXIS2_PLACEMENT_3D('',#5275,#5276,#5277);
#5275 = CARTESIAN_POINT('',(-136.,-2.,34.5));
#5276 = DIRECTION('',(0.,1.,0.));
#5277 = DIRECTION('',(0.,-0.,1.));
#5278 = ADVANCED_FACE('',(#5279),#5290,.F.);
#5279 = FACE_BOUND('',#5280,.F.);
#5280 = EDGE_LOOP('',(#5281,#5282,#5288,#5289));
#5281 = ORIENTED_EDGE('',*,*,#2738,.F.);
#5282 = ORIENTED_EDGE('',*,*,#5283,.F.);
#5283 = EDGE_CURVE('',#296,#2739,#5284,.T.);
#5284 = LINE('',#5285,#5286);
#5285 = CARTESIAN_POINT('',(-129.5,-2.,36.1));
#5286 = VECTOR('',#5287,1.);
#5287 = DIRECTION('',(0.,1.,0.));
#5288 = ORIENTED_EDGE('',*,*,#295,.T.);
#5289 = ORIENTED_EDGE('',*,*,#5283,.T.);
#5290 = CYLINDRICAL_SURFACE('',#5291,1.6);
#5291 = AXIS2_PLACEMENT_3D('',#5292,#5293,#5294);
#5292 = CARTESIAN_POINT('',(-129.5,-2.,34.5));
#5293 = DIRECTION('',(0.,1.,0.));
#5294 = DIRECTION('',(0.,-0.,1.));
#5295 = ADVANCED_FACE('',(#5296),#5307,.F.);
#5296 = FACE_BOUND('',#5297,.F.);
#5297 = EDGE_LOOP('',(#5298,#5299,#5305,#5306));
#5298 = ORIENTED_EDGE('',*,*,#2749,.F.);
#5299 = ORIENTED_EDGE('',*,*,#5300,.F.);
#5300 = EDGE_CURVE('',#307,#2750,#5301,.T.);
#5301 = LINE('',#5302,#5303);
#5302 = CARTESIAN_POINT('',(-123.,-2.,36.1));
#5303 = VECTOR('',#5304,1.);
#5304 = DIRECTION('',(0.,1.,0.));
#5305 = ORIENTED_EDGE('',*,*,#306,.T.);
#5306 = ORIENTED_EDGE('',*,*,#5300,.T.);
#5307 = CYLINDRICAL_SURFACE('',#5308,1.6);
#5308 = AXIS2_PLACEMENT_3D('',#5309,#5310,#5311);
#5309 = CARTESIAN_POINT('',(-123.,-2.,34.5));
#5310 = DIRECTION('',(0.,1.,0.));
#5311 = DIRECTION('',(0.,-0.,1.));
#5312 = ADVANCED_FACE('',(#5313),#5324,.F.);
#5313 = FACE_BOUND('',#5314,.F.);
#5314 = EDGE_LOOP('',(#5315,#5316,#5322,#5323));
#5315 = ORIENTED_EDGE('',*,*,#2760,.F.);
#5316 = ORIENTED_EDGE('',*,*,#5317,.F.);
#5317 = EDGE_CURVE('',#318,#2761,#5318,.T.);
#5318 = LINE('',#5319,#5320);
#5319 = CARTESIAN_POINT('',(-113.25,-2.,30.471));
#5320 = VECTOR('',#5321,1.);
#5321 = DIRECTION('',(0.,1.,0.));
#5322 = ORIENTED_EDGE('',*,*,#317,.T.);
#5323 = ORIENTED_EDGE('',*,*,#5317,.T.);
#5324 = CYLINDRICAL_SURFACE('',#5325,1.6);
#5325 = AXIS2_PLACEMENT_3D('',#5326,#5327,#5328);
#5326 = CARTESIAN_POINT('',(-113.25,-2.,28.871));
#5327 = DIRECTION('',(0.,1.,0.));
#5328 = DIRECTION('',(0.,-0.,1.));
#5329 = ADVANCED_FACE('',(#5330),#5341,.F.);
#5330 = FACE_BOUND('',#5331,.F.);
#5331 = EDGE_LOOP('',(#5332,#5333,#5339,#5340));
#5332 = ORIENTED_EDGE('',*,*,#2771,.F.);
#5333 = ORIENTED_EDGE('',*,*,#5334,.F.);
#5334 = EDGE_CURVE('',#329,#2772,#5335,.T.);
#5335 = LINE('',#5336,#5337);
#5336 = CARTESIAN_POINT('',(-106.75,-2.,30.471));
#5337 = VECTOR('',#5338,1.);
#5338 = DIRECTION('',(0.,1.,0.));
#5339 = ORIENTED_EDGE('',*,*,#328,.T.);
#5340 = ORIENTED_EDGE('',*,*,#5334,.T.);
#5341 = CYLINDRICAL_SURFACE('',#5342,1.6);
#5342 = AXIS2_PLACEMENT_3D('',#5343,#5344,#5345);
#5343 = CARTESIAN_POINT('',(-106.75,-2.,28.871));
#5344 = DIRECTION('',(0.,1.,0.));
#5345 = DIRECTION('',(0.,-0.,1.));
#5346 = ADVANCED_FACE('',(#5347),#5358,.F.);
#5347 = FACE_BOUND('',#5348,.F.);
#5348 = EDGE_LOOP('',(#5349,#5350,#5356,#5357));
#5349 = ORIENTED_EDGE('',*,*,#2782,.F.);
#5350 = ORIENTED_EDGE('',*,*,#5351,.F.);
#5351 = EDGE_CURVE('',#340,#2783,#5352,.T.);
#5352 = LINE('',#5353,#5354);
#5353 = CARTESIAN_POINT('',(-100.25,-2.,30.471));
#5354 = VECTOR('',#5355,1.);
#5355 = DIRECTION('',(0.,1.,0.));
#5356 = ORIENTED_EDGE('',*,*,#339,.T.);
#5357 = ORIENTED_EDGE('',*,*,#5351,.T.);
#5358 = CYLINDRICAL_SURFACE('',#5359,1.6);
#5359 = AXIS2_PLACEMENT_3D('',#5360,#5361,#5362);
#5360 = CARTESIAN_POINT('',(-100.25,-2.,28.871));
#5361 = DIRECTION('',(0.,1.,0.));
#5362 = DIRECTION('',(0.,-0.,1.));
#5363 = ADVANCED_FACE('',(#5364),#5375,.F.);
#5364 = FACE_BOUND('',#5365,.F.);
#5365 = EDGE_LOOP('',(#5366,#5367,#5373,#5374));
#5366 = ORIENTED_EDGE('',*,*,#2793,.F.);
#5367 = ORIENTED_EDGE('',*,*,#5368,.F.);
#5368 = EDGE_CURVE('',#351,#2794,#5369,.T.);
#5369 = LINE('',#5370,#5371);
#5370 = CARTESIAN_POINT('',(-93.75,-2.,30.471));
#5371 = VECTOR('',#5372,1.);
#5372 = DIRECTION('',(0.,1.,0.));
#5373 = ORIENTED_EDGE('',*,*,#350,.T.);
#5374 = ORIENTED_EDGE('',*,*,#5368,.T.);
#5375 = CYLINDRICAL_SURFACE('',#5376,1.6);
#5376 = AXIS2_PLACEMENT_3D('',#5377,#5378,#5379);
#5377 = CARTESIAN_POINT('',(-93.75,-2.,28.871));
#5378 = DIRECTION('',(0.,1.,0.));
#5379 = DIRECTION('',(0.,-0.,1.));
#5380 = ADVANCED_FACE('',(#5381),#5392,.F.);
#5381 = FACE_BOUND('',#5382,.F.);
#5382 = EDGE_LOOP('',(#5383,#5384,#5390,#5391));
#5383 = ORIENTED_EDGE('',*,*,#2804,.F.);
#5384 = ORIENTED_EDGE('',*,*,#5385,.F.);
#5385 = EDGE_CURVE('',#362,#2805,#5386,.T.);
#5386 = LINE('',#5387,#5388);
#5387 = CARTESIAN_POINT('',(-116.5,-2.,36.1));
#5388 = VECTOR('',#5389,1.);
#5389 = DIRECTION('',(0.,1.,0.));
#5390 = ORIENTED_EDGE('',*,*,#361,.T.);
#5391 = ORIENTED_EDGE('',*,*,#5385,.T.);
#5392 = CYLINDRICAL_SURFACE('',#5393,1.6);
#5393 = AXIS2_PLACEMENT_3D('',#5394,#5395,#5396);
#5394 = CARTESIAN_POINT('',(-116.5,-2.,34.5));
#5395 = DIRECTION('',(0.,1.,0.));
#5396 = DIRECTION('',(0.,-0.,1.));
#5397 = ADVANCED_FACE('',(#5398),#5409,.F.);
#5398 = FACE_BOUND('',#5399,.F.);
#5399 = EDGE_LOOP('',(#5400,#5401,#5407,#5408));
#5400 = ORIENTED_EDGE('',*,*,#2815,.F.);
#5401 = ORIENTED_EDGE('',*,*,#5402,.F.);
#5402 = EDGE_CURVE('',#373,#2816,#5403,.T.);
#5403 = LINE('',#5404,#5405);
#5404 = CARTESIAN_POINT('',(-110.,-2.,36.1));
#5405 = VECTOR('',#5406,1.);
#5406 = DIRECTION('',(0.,1.,0.));
#5407 = ORIENTED_EDGE('',*,*,#372,.T.);
#5408 = ORIENTED_EDGE('',*,*,#5402,.T.);
#5409 = CYLINDRICAL_SURFACE('',#5410,1.6);
#5410 = AXIS2_PLACEMENT_3D('',#5411,#5412,#5413);
#5411 = CARTESIAN_POINT('',(-110.,-2.,34.5));
#5412 = DIRECTION('',(0.,1.,0.));
#5413 = DIRECTION('',(0.,-0.,1.));
#5414 = ADVANCED_FACE('',(#5415),#5426,.F.);
#5415 = FACE_BOUND('',#5416,.F.);
#5416 = EDGE_LOOP('',(#5417,#5418,#5424,#5425));
#5417 = ORIENTED_EDGE('',*,*,#2826,.F.);
#5418 = ORIENTED_EDGE('',*,*,#5419,.F.);
#5419 = EDGE_CURVE('',#384,#2827,#5420,.T.);
#5420 = LINE('',#5421,#5422);
#5421 = CARTESIAN_POINT('',(-103.5,-2.,36.1));
#5422 = VECTOR('',#5423,1.);
#5423 = DIRECTION('',(0.,1.,0.));
#5424 = ORIENTED_EDGE('',*,*,#383,.T.);
#5425 = ORIENTED_EDGE('',*,*,#5419,.T.);
#5426 = CYLINDRICAL_SURFACE('',#5427,1.6);
#5427 = AXIS2_PLACEMENT_3D('',#5428,#5429,#5430);
#5428 = CARTESIAN_POINT('',(-103.5,-2.,34.5));
#5429 = DIRECTION('',(0.,1.,0.));
#5430 = DIRECTION('',(0.,-0.,1.));
#5431 = ADVANCED_FACE('',(#5432),#5443,.F.);
#5432 = FACE_BOUND('',#5433,.F.);
#5433 = EDGE_LOOP('',(#5434,#5435,#5441,#5442));
#5434 = ORIENTED_EDGE('',*,*,#2837,.F.);
#5435 = ORIENTED_EDGE('',*,*,#5436,.F.);
#5436 = EDGE_CURVE('',#395,#2838,#5437,.T.);
#5437 = LINE('',#5438,#5439);
#5438 = CARTESIAN_POINT('',(-97.,-2.,36.1));
#5439 = VECTOR('',#5440,1.);
#5440 = DIRECTION('',(0.,1.,0.));
#5441 = ORIENTED_EDGE('',*,*,#394,.T.);
#5442 = ORIENTED_EDGE('',*,*,#5436,.T.);
#5443 = CYLINDRICAL_SURFACE('',#5444,1.6);
#5444 = AXIS2_PLACEMENT_3D('',#5445,#5446,#5447);
#5445 = CARTESIAN_POINT('',(-97.,-2.,34.5));
#5446 = DIRECTION('',(0.,1.,0.));
#5447 = DIRECTION('',(0.,-0.,1.));
#5448 = ADVANCED_FACE('',(#5449),#5460,.F.);
#5449 = FACE_BOUND('',#5450,.F.);
#5450 = EDGE_LOOP('',(#5451,#5452,#5458,#5459));
#5451 = ORIENTED_EDGE('',*,*,#2848,.F.);
#5452 = ORIENTED_EDGE('',*,*,#5453,.F.);
#5453 = EDGE_CURVE('',#406,#2849,#5454,.T.);
#5454 = LINE('',#5455,#5456);
#5455 = CARTESIAN_POINT('',(-87.25,-2.,19.213));
#5456 = VECTOR('',#5457,1.);
#5457 = DIRECTION('',(0.,1.,0.));
#5458 = ORIENTED_EDGE('',*,*,#405,.T.);
#5459 = ORIENTED_EDGE('',*,*,#5453,.T.);
#5460 = CYLINDRICAL_SURFACE('',#5461,1.6);
#5461 = AXIS2_PLACEMENT_3D('',#5462,#5463,#5464);
#5462 = CARTESIAN_POINT('',(-87.25,-2.,17.613));
#5463 = DIRECTION('',(0.,1.,0.));
#5464 = DIRECTION('',(0.,-0.,1.));
#5465 = ADVANCED_FACE('',(#5466),#5477,.F.);
#5466 = FACE_BOUND('',#5467,.F.);
#5467 = EDGE_LOOP('',(#5468,#5469,#5475,#5476));
#5468 = ORIENTED_EDGE('',*,*,#2859,.F.);
#5469 = ORIENTED_EDGE('',*,*,#5470,.F.);
#5470 = EDGE_CURVE('',#417,#2860,#5471,.T.);
#5471 = LINE('',#5472,#5473);
#5472 = CARTESIAN_POINT('',(-80.75,-2.,19.213));
#5473 = VECTOR('',#5474,1.);
#5474 = DIRECTION('',(0.,1.,0.));
#5475 = ORIENTED_EDGE('',*,*,#416,.T.);
#5476 = ORIENTED_EDGE('',*,*,#5470,.T.);
#5477 = CYLINDRICAL_SURFACE('',#5478,1.6);
#5478 = AXIS2_PLACEMENT_3D('',#5479,#5480,#5481);
#5479 = CARTESIAN_POINT('',(-80.75,-2.,17.613));
#5480 = DIRECTION('',(0.,1.,0.));
#5481 = DIRECTION('',(0.,-0.,1.));
#5482 = ADVANCED_FACE('',(#5483),#5494,.F.);
#5483 = FACE_BOUND('',#5484,.F.);
#5484 = EDGE_LOOP('',(#5485,#5486,#5492,#5493));
#5485 = ORIENTED_EDGE('',*,*,#2870,.F.);
#5486 = ORIENTED_EDGE('',*,*,#5487,.F.);
#5487 = EDGE_CURVE('',#428,#2871,#5488,.T.);
#5488 = LINE('',#5489,#5490);
#5489 = CARTESIAN_POINT('',(-74.25,-2.,19.213));
#5490 = VECTOR('',#5491,1.);
#5491 = DIRECTION('',(0.,1.,0.));
#5492 = ORIENTED_EDGE('',*,*,#427,.T.);
#5493 = ORIENTED_EDGE('',*,*,#5487,.T.);
#5494 = CYLINDRICAL_SURFACE('',#5495,1.6);
#5495 = AXIS2_PLACEMENT_3D('',#5496,#5497,#5498);
#5496 = CARTESIAN_POINT('',(-74.25,-2.,17.613));
#5497 = DIRECTION('',(0.,1.,0.));
#5498 = DIRECTION('',(0.,-0.,1.));
#5499 = ADVANCED_FACE('',(#5500),#5511,.F.);
#5500 = FACE_BOUND('',#5501,.F.);
#5501 = EDGE_LOOP('',(#5502,#5503,#5509,#5510));
#5502 = ORIENTED_EDGE('',*,*,#2881,.F.);
#5503 = ORIENTED_EDGE('',*,*,#5504,.F.);
#5504 = EDGE_CURVE('',#439,#2882,#5505,.T.);
#5505 = LINE('',#5506,#5507);
#5506 = CARTESIAN_POINT('',(-90.5,-2.,24.842));
#5507 = VECTOR('',#5508,1.);
#5508 = DIRECTION('',(0.,1.,0.));
#5509 = ORIENTED_EDGE('',*,*,#438,.T.);
#5510 = ORIENTED_EDGE('',*,*,#5504,.T.);
#5511 = CYLINDRICAL_SURFACE('',#5512,1.6);
#5512 = AXIS2_PLACEMENT_3D('',#5513,#5514,#5515);
#5513 = CARTESIAN_POINT('',(-90.5,-2.,23.242));
#5514 = DIRECTION('',(0.,1.,0.));
#5515 = DIRECTION('',(0.,-0.,1.));
#5516 = ADVANCED_FACE('',(#5517),#5528,.F.);
#5517 = FACE_BOUND('',#5518,.F.);
#5518 = EDGE_LOOP('',(#5519,#5520,#5526,#5527));
#5519 = ORIENTED_EDGE('',*,*,#2892,.F.);
#5520 = ORIENTED_EDGE('',*,*,#5521,.F.);
#5521 = EDGE_CURVE('',#450,#2893,#5522,.T.);
#5522 = LINE('',#5523,#5524);
#5523 = CARTESIAN_POINT('',(-84.,-2.,24.842));
#5524 = VECTOR('',#5525,1.);
#5525 = DIRECTION('',(0.,1.,0.));
#5526 = ORIENTED_EDGE('',*,*,#449,.T.);
#5527 = ORIENTED_EDGE('',*,*,#5521,.T.);
#5528 = CYLINDRICAL_SURFACE('',#5529,1.6);
#5529 = AXIS2_PLACEMENT_3D('',#5530,#5531,#5532);
#5530 = CARTESIAN_POINT('',(-84.,-2.,23.242));
#5531 = DIRECTION('',(0.,1.,0.));
#5532 = DIRECTION('',(0.,-0.,1.));
#5533 = ADVANCED_FACE('',(#5534),#5545,.F.);
#5534 = FACE_BOUND('',#5535,.F.);
#5535 = EDGE_LOOP('',(#5536,#5537,#5543,#5544));
#5536 = ORIENTED_EDGE('',*,*,#2903,.F.);
#5537 = ORIENTED_EDGE('',*,*,#5538,.F.);
#5538 = EDGE_CURVE('',#461,#2904,#5539,.T.);
#5539 = LINE('',#5540,#5541);
#5540 = CARTESIAN_POINT('',(-77.5,-2.,24.842));
#5541 = VECTOR('',#5542,1.);
#5542 = DIRECTION('',(0.,1.,0.));
#5543 = ORIENTED_EDGE('',*,*,#460,.T.);
#5544 = ORIENTED_EDGE('',*,*,#5538,.T.);
#5545 = CYLINDRICAL_SURFACE('',#5546,1.6);
#5546 = AXIS2_PLACEMENT_3D('',#5547,#5548,#5549);
#5547 = CARTESIAN_POINT('',(-77.5,-2.,23.242));
#5548 = DIRECTION('',(0.,1.,0.));
#5549 = DIRECTION('',(0.,-0.,1.));
#5550 = ADVANCED_FACE('',(#5551),#5562,.F.);
#5551 = FACE_BOUND('',#5552,.F.);
#5552 = EDGE_LOOP('',(#5553,#5554,#5560,#5561));
#5553 = ORIENTED_EDGE('',*,*,#2914,.F.);
#5554 = ORIENTED_EDGE('',*,*,#5555,.F.);
#5555 = EDGE_CURVE('',#472,#2915,#5556,.T.);
#5556 = LINE('',#5557,#5558);
#5557 = CARTESIAN_POINT('',(-71.,-2.,24.842));
#5558 = VECTOR('',#5559,1.);
#5559 = DIRECTION('',(0.,1.,0.));
#5560 = ORIENTED_EDGE('',*,*,#471,.T.);
#5561 = ORIENTED_EDGE('',*,*,#5555,.T.);
#5562 = CYLINDRICAL_SURFACE('',#5563,1.6);
#5563 = AXIS2_PLACEMENT_3D('',#5564,#5565,#5566);
#5564 = CARTESIAN_POINT('',(-71.,-2.,23.242));
#5565 = DIRECTION('',(0.,1.,0.));
#5566 = DIRECTION('',(0.,-0.,1.));
#5567 = ADVANCED_FACE('',(#5568),#5579,.F.);
#5568 = FACE_BOUND('',#5569,.F.);
#5569 = EDGE_LOOP('',(#5570,#5571,#5577,#5578));
#5570 = ORIENTED_EDGE('',*,*,#2925,.F.);
#5571 = ORIENTED_EDGE('',*,*,#5572,.F.);
#5572 = EDGE_CURVE('',#483,#2926,#5573,.T.);
#5573 = LINE('',#5574,#5575);
#5574 = CARTESIAN_POINT('',(-67.75,-2.,19.213));
#5575 = VECTOR('',#5576,1.);
#5576 = DIRECTION('',(0.,1.,0.));
#5577 = ORIENTED_EDGE('',*,*,#482,.T.);
#5578 = ORIENTED_EDGE('',*,*,#5572,.T.);
#5579 = CYLINDRICAL_SURFACE('',#5580,1.6);
#5580 = AXIS2_PLACEMENT_3D('',#5581,#5582,#5583);
#5581 = CARTESIAN_POINT('',(-67.75,-2.,17.613));
#5582 = DIRECTION('',(0.,1.,0.));
#5583 = DIRECTION('',(0.,-0.,1.));
#5584 = ADVANCED_FACE('',(#5585),#5596,.F.);
#5585 = FACE_BOUND('',#5586,.F.);
#5586 = EDGE_LOOP('',(#5587,#5588,#5594,#5595));
#5587 = ORIENTED_EDGE('',*,*,#2936,.F.);
#5588 = ORIENTED_EDGE('',*,*,#5589,.F.);
#5589 = EDGE_CURVE('',#494,#2937,#5590,.T.);
#5590 = LINE('',#5591,#5592);
#5591 = CARTESIAN_POINT('',(-61.25,-2.,19.213));
#5592 = VECTOR('',#5593,1.);
#5593 = DIRECTION('',(0.,1.,0.));
#5594 = ORIENTED_EDGE('',*,*,#493,.T.);
#5595 = ORIENTED_EDGE('',*,*,#5589,.T.);
#5596 = CYLINDRICAL_SURFACE('',#5597,1.6);
#5597 = AXIS2_PLACEMENT_3D('',#5598,#5599,#5600);
#5598 = CARTESIAN_POINT('',(-61.25,-2.,17.613));
#5599 = DIRECTION('',(0.,1.,0.));
#5600 = DIRECTION('',(0.,-0.,1.));
#5601 = ADVANCED_FACE('',(#5602),#5613,.F.);
#5602 = FACE_BOUND('',#5603,.F.);
#5603 = EDGE_LOOP('',(#5604,#5605,#5611,#5612));
#5604 = ORIENTED_EDGE('',*,*,#2947,.F.);
#5605 = ORIENTED_EDGE('',*,*,#5606,.F.);
#5606 = EDGE_CURVE('',#505,#2948,#5607,.T.);
#5607 = LINE('',#5608,#5609);
#5608 = CARTESIAN_POINT('',(-64.5,-2.,24.842));
#5609 = VECTOR('',#5610,1.);
#5610 = DIRECTION('',(0.,1.,0.));
#5611 = ORIENTED_EDGE('',*,*,#504,.T.);
#5612 = ORIENTED_EDGE('',*,*,#5606,.T.);
#5613 = CYLINDRICAL_SURFACE('',#5614,1.6);
#5614 = AXIS2_PLACEMENT_3D('',#5615,#5616,#5617);
#5615 = CARTESIAN_POINT('',(-64.5,-2.,23.242));
#5616 = DIRECTION('',(0.,1.,0.));
#5617 = DIRECTION('',(0.,-0.,1.));
#5618 = ADVANCED_FACE('',(#5619),#5635,.F.);
#5619 = FACE_BOUND('',#5620,.F.);
#5620 = EDGE_LOOP('',(#5621,#5622,#5628,#5629));
#5621 = ORIENTED_EDGE('',*,*,#2958,.F.);
#5622 = ORIENTED_EDGE('',*,*,#5623,.F.);
#5623 = EDGE_CURVE('',#516,#2959,#5624,.T.);
#5624 = LINE('',#5625,#5626);
#5625 = CARTESIAN_POINT('',(-54.75,-2.,19.213));
#5626 = VECTOR('',#5627,1.);
#5627 = DIRECTION('',(0.,1.,0.));
#5628 = ORIENTED_EDGE('',*,*,#515,.T.);
#5629 = ORIENTED_EDGE('',*,*,#5630,.T.);
#5630 = EDGE_CURVE('',#518,#2961,#5631,.T.);
#5631 = LINE('',#5632,#5633);
#5632 = CARTESIAN_POINT('',(-54.68665965384,-2.,19.211745758571));
#5633 = VECTOR('',#5634,1.);
#5634 = DIRECTION('',(0.,1.,0.));
#5635 = CYLINDRICAL_SURFACE('',#5636,1.6);
#5636 = AXIS2_PLACEMENT_3D('',#5637,#5638,#5639);
#5637 = CARTESIAN_POINT('',(-54.75,-2.,17.613));
#5638 = DIRECTION('',(0.,1.,0.));
#5639 = DIRECTION('',(0.,-0.,1.));
#5640 = ADVANCED_FACE('',(#5641),#5652,.F.);
#5641 = FACE_BOUND('',#5642,.F.);
#5642 = EDGE_LOOP('',(#5643,#5649,#5650,#5651));
#5643 = ORIENTED_EDGE('',*,*,#5644,.T.);
#5644 = EDGE_CURVE('',#536,#2979,#5645,.T.);
#5645 = LINE('',#5646,#5647);
#5646 = CARTESIAN_POINT('',(-53.25,-2.,21.961));
#5647 = VECTOR('',#5648,1.);
#5648 = DIRECTION('',(0.,1.,0.));
#5649 = ORIENTED_EDGE('',*,*,#2987,.F.);
#5650 = ORIENTED_EDGE('',*,*,#5630,.F.);
#5651 = ORIENTED_EDGE('',*,*,#544,.T.);
#5652 = CYLINDRICAL_SURFACE('',#5653,1.75);
#5653 = AXIS2_PLACEMENT_3D('',#5654,#5655,#5656);
#5654 = CARTESIAN_POINT('',(-53.25,-2.,20.211));
#5655 = DIRECTION('',(0.,1.,0.));
#5656 = DIRECTION('',(0.,-0.,1.));
#5657 = ADVANCED_FACE('',(#5658),#5669,.F.);
#5658 = FACE_BOUND('',#5659,.F.);
#5659 = EDGE_LOOP('',(#5660,#5661,#5662,#5663));
#5660 = ORIENTED_EDGE('',*,*,#2978,.F.);
#5661 = ORIENTED_EDGE('',*,*,#5644,.F.);
#5662 = ORIENTED_EDGE('',*,*,#535,.T.);
#5663 = ORIENTED_EDGE('',*,*,#5664,.T.);
#5664 = EDGE_CURVE('',#527,#2970,#5665,.T.);
#5665 = LINE('',#5666,#5667);
#5666 = CARTESIAN_POINT('',(-53.39709403131,-2.,18.467192858728));
#5667 = VECTOR('',#5668,1.);
#5668 = DIRECTION('',(0.,1.,0.));
#5669 = CYLINDRICAL_SURFACE('',#5670,1.75);
#5670 = AXIS2_PLACEMENT_3D('',#5671,#5672,#5673);
#5671 = CARTESIAN_POINT('',(-53.25,-2.,20.211));
#5672 = DIRECTION('',(0.,1.,0.));
#5673 = DIRECTION('',(0.,-0.,1.));
#5674 = ADVANCED_FACE('',(#5675),#5681,.F.);
#5675 = FACE_BOUND('',#5676,.F.);
#5676 = EDGE_LOOP('',(#5677,#5678,#5679,#5680));
#5677 = ORIENTED_EDGE('',*,*,#5623,.T.);
#5678 = ORIENTED_EDGE('',*,*,#2969,.F.);
#5679 = ORIENTED_EDGE('',*,*,#5664,.F.);
#5680 = ORIENTED_EDGE('',*,*,#526,.T.);
#5681 = CYLINDRICAL_SURFACE('',#5682,1.6);
#5682 = AXIS2_PLACEMENT_3D('',#5683,#5684,#5685);
#5683 = CARTESIAN_POINT('',(-54.75,-2.,17.613));
#5684 = DIRECTION('',(0.,1.,0.));
#5685 = DIRECTION('',(0.,-0.,1.));
#5686 = ADVANCED_FACE('',(#5687),#5698,.F.);
#5687 = FACE_BOUND('',#5688,.F.);
#5688 = EDGE_LOOP('',(#5689,#5690,#5696,#5697));
#5689 = ORIENTED_EDGE('',*,*,#2996,.F.);
#5690 = ORIENTED_EDGE('',*,*,#5691,.F.);
#5691 = EDGE_CURVE('',#554,#2997,#5692,.T.);
#5692 = LINE('',#5693,#5694);
#5693 = CARTESIAN_POINT('',(-47.75,-2.,21.961));
#5694 = VECTOR('',#5695,1.);
#5695 = DIRECTION('',(0.,1.,0.));
#5696 = ORIENTED_EDGE('',*,*,#553,.T.);
#5697 = ORIENTED_EDGE('',*,*,#5691,.T.);
#5698 = CYLINDRICAL_SURFACE('',#5699,1.75);
#5699 = AXIS2_PLACEMENT_3D('',#5700,#5701,#5702);
#5700 = CARTESIAN_POINT('',(-47.75,-2.,20.211));
#5701 = DIRECTION('',(0.,1.,0.));
#5702 = DIRECTION('',(0.,-0.,1.));
#5703 = ADVANCED_FACE('',(#5704),#5715,.F.);
#5704 = FACE_BOUND('',#5705,.F.);
#5705 = EDGE_LOOP('',(#5706,#5707,#5713,#5714));
#5706 = ORIENTED_EDGE('',*,*,#3007,.F.);
#5707 = ORIENTED_EDGE('',*,*,#5708,.F.);
#5708 = EDGE_CURVE('',#565,#3008,#5709,.T.);
#5709 = LINE('',#5710,#5711);
#5710 = CARTESIAN_POINT('',(-87.25,-2.,30.471));
#5711 = VECTOR('',#5712,1.);
#5712 = DIRECTION('',(0.,1.,0.));
#5713 = ORIENTED_EDGE('',*,*,#564,.T.);
#5714 = ORIENTED_EDGE('',*,*,#5708,.T.);
#5715 = CYLINDRICAL_SURFACE('',#5716,1.6);
#5716 = AXIS2_PLACEMENT_3D('',#5717,#5718,#5719);
#5717 = CARTESIAN_POINT('',(-87.25,-2.,28.871));
#5718 = DIRECTION('',(0.,1.,0.));
#5719 = DIRECTION('',(0.,-0.,1.));
#5720 = ADVANCED_FACE('',(#5721),#5732,.F.);
#5721 = FACE_BOUND('',#5722,.F.);
#5722 = EDGE_LOOP('',(#5723,#5724,#5730,#5731));
#5723 = ORIENTED_EDGE('',*,*,#3018,.F.);
#5724 = ORIENTED_EDGE('',*,*,#5725,.F.);
#5725 = EDGE_CURVE('',#576,#3019,#5726,.T.);
#5726 = LINE('',#5727,#5728);
#5727 = CARTESIAN_POINT('',(-80.75,-2.,30.471));
#5728 = VECTOR('',#5729,1.);
#5729 = DIRECTION('',(0.,1.,0.));
#5730 = ORIENTED_EDGE('',*,*,#575,.T.);
#5731 = ORIENTED_EDGE('',*,*,#5725,.T.);
#5732 = CYLINDRICAL_SURFACE('',#5733,1.6);
#5733 = AXIS2_PLACEMENT_3D('',#5734,#5735,#5736);
#5734 = CARTESIAN_POINT('',(-80.75,-2.,28.871));
#5735 = DIRECTION('',(0.,1.,0.));
#5736 = DIRECTION('',(0.,-0.,1.));
#5737 = ADVANCED_FACE('',(#5738),#5749,.F.);
#5738 = FACE_BOUND('',#5739,.F.);
#5739 = EDGE_LOOP('',(#5740,#5741,#5747,#5748));
#5740 = ORIENTED_EDGE('',*,*,#3029,.F.);
#5741 = ORIENTED_EDGE('',*,*,#5742,.F.);
#5742 = EDGE_CURVE('',#587,#3030,#5743,.T.);
#5743 = LINE('',#5744,#5745);
#5744 = CARTESIAN_POINT('',(-74.25,-2.,30.471));
#5745 = VECTOR('',#5746,1.);
#5746 = DIRECTION('',(0.,1.,0.));
#5747 = ORIENTED_EDGE('',*,*,#586,.T.);
#5748 = ORIENTED_EDGE('',*,*,#5742,.T.);
#5749 = CYLINDRICAL_SURFACE('',#5750,1.6);
#5750 = AXIS2_PLACEMENT_3D('',#5751,#5752,#5753);
#5751 = CARTESIAN_POINT('',(-74.25,-2.,28.871));
#5752 = DIRECTION('',(0.,1.,0.));
#5753 = DIRECTION('',(0.,-0.,1.));
#5754 = ADVANCED_FACE('',(#5755),#5766,.F.);
#5755 = FACE_BOUND('',#5756,.F.);
#5756 = EDGE_LOOP('',(#5757,#5758,#5764,#5765));
#5757 = ORIENTED_EDGE('',*,*,#3040,.F.);
#5758 = ORIENTED_EDGE('',*,*,#5759,.F.);
#5759 = EDGE_CURVE('',#598,#3041,#5760,.T.);
#5760 = LINE('',#5761,#5762);
#5761 = CARTESIAN_POINT('',(-90.5,-2.,36.1));
#5762 = VECTOR('',#5763,1.);
#5763 = DIRECTION('',(0.,1.,0.));
#5764 = ORIENTED_EDGE('',*,*,#597,.T.);
#5765 = ORIENTED_EDGE('',*,*,#5759,.T.);
#5766 = CYLINDRICAL_SURFACE('',#5767,1.6);
#5767 = AXIS2_PLACEMENT_3D('',#5768,#5769,#5770);
#5768 = CARTESIAN_POINT('',(-90.5,-2.,34.5));
#5769 = DIRECTION('',(0.,1.,0.));
#5770 = DIRECTION('',(0.,-0.,1.));
#5771 = ADVANCED_FACE('',(#5772),#5783,.F.);
#5772 = FACE_BOUND('',#5773,.F.);
#5773 = EDGE_LOOP('',(#5774,#5775,#5781,#5782));
#5774 = ORIENTED_EDGE('',*,*,#3051,.F.);
#5775 = ORIENTED_EDGE('',*,*,#5776,.F.);
#5776 = EDGE_CURVE('',#609,#3052,#5777,.T.);
#5777 = LINE('',#5778,#5779);
#5778 = CARTESIAN_POINT('',(-84.,-2.,36.1));
#5779 = VECTOR('',#5780,1.);
#5780 = DIRECTION('',(0.,1.,0.));
#5781 = ORIENTED_EDGE('',*,*,#608,.T.);
#5782 = ORIENTED_EDGE('',*,*,#5776,.T.);
#5783 = CYLINDRICAL_SURFACE('',#5784,1.6);
#5784 = AXIS2_PLACEMENT_3D('',#5785,#5786,#5787);
#5785 = CARTESIAN_POINT('',(-84.,-2.,34.5));
#5786 = DIRECTION('',(0.,1.,0.));
#5787 = DIRECTION('',(0.,-0.,1.));
#5788 = ADVANCED_FACE('',(#5789),#5800,.F.);
#5789 = FACE_BOUND('',#5790,.F.);
#5790 = EDGE_LOOP('',(#5791,#5792,#5798,#5799));
#5791 = ORIENTED_EDGE('',*,*,#3062,.F.);
#5792 = ORIENTED_EDGE('',*,*,#5793,.F.);
#5793 = EDGE_CURVE('',#620,#3063,#5794,.T.);
#5794 = LINE('',#5795,#5796);
#5795 = CARTESIAN_POINT('',(-77.5,-2.,36.1));
#5796 = VECTOR('',#5797,1.);
#5797 = DIRECTION('',(0.,1.,0.));
#5798 = ORIENTED_EDGE('',*,*,#619,.T.);
#5799 = ORIENTED_EDGE('',*,*,#5793,.T.);
#5800 = CYLINDRICAL_SURFACE('',#5801,1.6);
#5801 = AXIS2_PLACEMENT_3D('',#5802,#5803,#5804);
#5802 = CARTESIAN_POINT('',(-77.5,-2.,34.5));
#5803 = DIRECTION('',(0.,1.,0.));
#5804 = DIRECTION('',(0.,-0.,1.));
#5805 = ADVANCED_FACE('',(#5806),#5817,.F.);
#5806 = FACE_BOUND('',#5807,.F.);
#5807 = EDGE_LOOP('',(#5808,#5809,#5815,#5816));
#5808 = ORIENTED_EDGE('',*,*,#3073,.F.);
#5809 = ORIENTED_EDGE('',*,*,#5810,.F.);
#5810 = EDGE_CURVE('',#631,#3074,#5811,.T.);
#5811 = LINE('',#5812,#5813);
#5812 = CARTESIAN_POINT('',(-71.,-2.,36.1));
#5813 = VECTOR('',#5814,1.);
#5814 = DIRECTION('',(0.,1.,0.));
#5815 = ORIENTED_EDGE('',*,*,#630,.T.);
#5816 = ORIENTED_EDGE('',*,*,#5810,.T.);
#5817 = CYLINDRICAL_SURFACE('',#5818,1.6);
#5818 = AXIS2_PLACEMENT_3D('',#5819,#5820,#5821);
#5819 = CARTESIAN_POINT('',(-71.,-2.,34.5));
#5820 = DIRECTION('',(0.,1.,0.));
#5821 = DIRECTION('',(0.,-0.,1.));
#5822 = ADVANCED_FACE('',(#5823),#5834,.F.);
#5823 = FACE_BOUND('',#5824,.F.);
#5824 = EDGE_LOOP('',(#5825,#5826,#5832,#5833));
#5825 = ORIENTED_EDGE('',*,*,#3084,.F.);
#5826 = ORIENTED_EDGE('',*,*,#5827,.F.);
#5827 = EDGE_CURVE('',#642,#3085,#5828,.T.);
#5828 = LINE('',#5829,#5830);
#5829 = CARTESIAN_POINT('',(-67.75,-2.,30.471));
#5830 = VECTOR('',#5831,1.);
#5831 = DIRECTION('',(0.,1.,0.));
#5832 = ORIENTED_EDGE('',*,*,#641,.T.);
#5833 = ORIENTED_EDGE('',*,*,#5827,.T.);
#5834 = CYLINDRICAL_SURFACE('',#5835,1.6);
#5835 = AXIS2_PLACEMENT_3D('',#5836,#5837,#5838);
#5836 = CARTESIAN_POINT('',(-67.75,-2.,28.871));
#5837 = DIRECTION('',(0.,1.,0.));
#5838 = DIRECTION('',(0.,-0.,1.));
#5839 = ADVANCED_FACE('',(#5840),#5851,.F.);
#5840 = FACE_BOUND('',#5841,.F.);
#5841 = EDGE_LOOP('',(#5842,#5843,#5849,#5850));
#5842 = ORIENTED_EDGE('',*,*,#3095,.F.);
#5843 = ORIENTED_EDGE('',*,*,#5844,.F.);
#5844 = EDGE_CURVE('',#653,#3096,#5845,.T.);
#5845 = LINE('',#5846,#5847);
#5846 = CARTESIAN_POINT('',(-56.,-2.,26.724));
#5847 = VECTOR('',#5848,1.);
#5848 = DIRECTION('',(0.,1.,0.));
#5849 = ORIENTED_EDGE('',*,*,#652,.T.);
#5850 = ORIENTED_EDGE('',*,*,#5844,.T.);
#5851 = CYLINDRICAL_SURFACE('',#5852,1.75);
#5852 = AXIS2_PLACEMENT_3D('',#5853,#5854,#5855);
#5853 = CARTESIAN_POINT('',(-56.,-2.,24.974));
#5854 = DIRECTION('',(0.,1.,0.));
#5855 = DIRECTION('',(0.,-0.,1.));
#5856 = ADVANCED_FACE('',(#5857),#5868,.F.);
#5857 = FACE_BOUND('',#5858,.F.);
#5858 = EDGE_LOOP('',(#5859,#5860,#5866,#5867));
#5859 = ORIENTED_EDGE('',*,*,#3106,.F.);
#5860 = ORIENTED_EDGE('',*,*,#5861,.F.);
#5861 = EDGE_CURVE('',#664,#3107,#5862,.T.);
#5862 = LINE('',#5863,#5864);
#5863 = CARTESIAN_POINT('',(-50.5,-2.,26.724));
#5864 = VECTOR('',#5865,1.);
#5865 = DIRECTION('',(0.,1.,0.));
#5866 = ORIENTED_EDGE('',*,*,#663,.T.);
#5867 = ORIENTED_EDGE('',*,*,#5861,.T.);
#5868 = CYLINDRICAL_SURFACE('',#5869,1.75);
#5869 = AXIS2_PLACEMENT_3D('',#5870,#5871,#5872);
#5870 = CARTESIAN_POINT('',(-50.5,-2.,24.974));
#5871 = DIRECTION('',(0.,1.,0.));
#5872 = DIRECTION('',(0.,-0.,1.));
#5873 = ADVANCED_FACE('',(#5874),#5885,.F.);
#5874 = FACE_BOUND('',#5875,.F.);
#5875 = EDGE_LOOP('',(#5876,#5877,#5883,#5884));
#5876 = ORIENTED_EDGE('',*,*,#3117,.F.);
#5877 = ORIENTED_EDGE('',*,*,#5878,.F.);
#5878 = EDGE_CURVE('',#675,#3118,#5879,.T.);
#5879 = LINE('',#5880,#5881);
#5880 = CARTESIAN_POINT('',(-58.75,-2.,31.487));
#5881 = VECTOR('',#5882,1.);
#5882 = DIRECTION('',(0.,1.,0.));
#5883 = ORIENTED_EDGE('',*,*,#674,.T.);
#5884 = ORIENTED_EDGE('',*,*,#5878,.T.);
#5885 = CYLINDRICAL_SURFACE('',#5886,1.75);
#5886 = AXIS2_PLACEMENT_3D('',#5887,#5888,#5889);
#5887 = CARTESIAN_POINT('',(-58.75,-2.,29.737));
#5888 = DIRECTION('',(0.,1.,0.));
#5889 = DIRECTION('',(0.,-0.,1.));
#5890 = ADVANCED_FACE('',(#5891),#5907,.F.);
#5891 = FACE_BOUND('',#5892,.F.);
#5892 = EDGE_LOOP('',(#5893,#5894,#5900,#5901));
#5893 = ORIENTED_EDGE('',*,*,#3128,.F.);
#5894 = ORIENTED_EDGE('',*,*,#5895,.F.);
#5895 = EDGE_CURVE('',#686,#3129,#5896,.T.);
#5896 = LINE('',#5897,#5898);
#5897 = CARTESIAN_POINT('',(-64.5,-2.,36.1));
#5898 = VECTOR('',#5899,1.);
#5899 = DIRECTION('',(0.,1.,0.));
#5900 = ORIENTED_EDGE('',*,*,#685,.T.);
#5901 = ORIENTED_EDGE('',*,*,#5902,.T.);
#5902 = EDGE_CURVE('',#688,#3131,#5903,.T.);
#5903 = LINE('',#5904,#5905);
#5904 = CARTESIAN_POINT('',(-63.08375,-2.,35.244470239499));
#5905 = VECTOR('',#5906,1.);
#5906 = DIRECTION('',(0.,1.,0.));
#5907 = CYLINDRICAL_SURFACE('',#5908,1.6);
#5908 = AXIS2_PLACEMENT_3D('',#5909,#5910,#5911);
#5909 = CARTESIAN_POINT('',(-64.5,-2.,34.5));
#5910 = DIRECTION('',(0.,1.,0.));
#5911 = DIRECTION('',(0.,-0.,1.));
#5912 = ADVANCED_FACE('',(#5913),#5924,.F.);
#5913 = FACE_BOUND('',#5914,.F.);
#5914 = EDGE_LOOP('',(#5915,#5921,#5922,#5923));
#5915 = ORIENTED_EDGE('',*,*,#5916,.T.);
#5916 = EDGE_CURVE('',#706,#3149,#5917,.T.);
#5917 = LINE('',#5918,#5919);
#5918 = CARTESIAN_POINT('',(-61.5,-2.,36.25));
#5919 = VECTOR('',#5920,1.);
#5920 = DIRECTION('',(0.,1.,0.));
#5921 = ORIENTED_EDGE('',*,*,#3157,.F.);
#5922 = ORIENTED_EDGE('',*,*,#5902,.F.);
#5923 = ORIENTED_EDGE('',*,*,#714,.T.);
#5924 = CYLINDRICAL_SURFACE('',#5925,1.75);
#5925 = AXIS2_PLACEMENT_3D('',#5926,#5927,#5928);
#5926 = CARTESIAN_POINT('',(-61.5,-2.,34.5));
#5927 = DIRECTION('',(0.,1.,0.));
#5928 = DIRECTION('',(0.,-0.,1.));
#5929 = ADVANCED_FACE('',(#5930),#5941,.F.);
#5930 = FACE_BOUND('',#5931,.F.);
#5931 = EDGE_LOOP('',(#5932,#5933,#5934,#5935));
#5932 = ORIENTED_EDGE('',*,*,#3148,.F.);
#5933 = ORIENTED_EDGE('',*,*,#5916,.F.);
#5934 = ORIENTED_EDGE('',*,*,#705,.T.);
#5935 = ORIENTED_EDGE('',*,*,#5936,.T.);
#5936 = EDGE_CURVE('',#697,#3140,#5937,.T.);
#5937 = LINE('',#5938,#5939);
#5938 = CARTESIAN_POINT('',(-63.08375,-2.,33.755529760501));
#5939 = VECTOR('',#5940,1.);
#5940 = DIRECTION('',(0.,1.,0.));
#5941 = CYLINDRICAL_SURFACE('',#5942,1.75);
#5942 = AXIS2_PLACEMENT_3D('',#5943,#5944,#5945);
#5943 = CARTESIAN_POINT('',(-61.5,-2.,34.5));
#5944 = DIRECTION('',(0.,1.,0.));
#5945 = DIRECTION('',(0.,-0.,1.));
#5946 = ADVANCED_FACE('',(#5947),#5953,.F.);
#5947 = FACE_BOUND('',#5948,.F.);
#5948 = EDGE_LOOP('',(#5949,#5950,#5951,#5952));
#5949 = ORIENTED_EDGE('',*,*,#5895,.T.);
#5950 = ORIENTED_EDGE('',*,*,#3139,.F.);
#5951 = ORIENTED_EDGE('',*,*,#5936,.F.);
#5952 = ORIENTED_EDGE('',*,*,#696,.T.);
#5953 = CYLINDRICAL_SURFACE('',#5954,1.6);
#5954 = AXIS2_PLACEMENT_3D('',#5955,#5956,#5957);
#5955 = CARTESIAN_POINT('',(-64.5,-2.,34.5));
#5956 = DIRECTION('',(0.,1.,0.));
#5957 = DIRECTION('',(0.,-0.,1.));
#5958 = ADVANCED_FACE('',(#5959),#5970,.F.);
#5959 = FACE_BOUND('',#5960,.F.);
#5960 = EDGE_LOOP('',(#5961,#5962,#5968,#5969));
#5961 = ORIENTED_EDGE('',*,*,#3166,.F.);
#5962 = ORIENTED_EDGE('',*,*,#5963,.F.);
#5963 = EDGE_CURVE('',#724,#3167,#5964,.T.);
#5964 = LINE('',#5965,#5966);
#5965 = CARTESIAN_POINT('',(-53.25,-2.,31.487));
#5966 = VECTOR('',#5967,1.);
#5967 = DIRECTION('',(0.,1.,0.));
#5968 = ORIENTED_EDGE('',*,*,#723,.T.);
#5969 = ORIENTED_EDGE('',*,*,#5963,.T.);
#5970 = CYLINDRICAL_SURFACE('',#5971,1.75);
#5971 = AXIS2_PLACEMENT_3D('',#5972,#5973,#5974);
#5972 = CARTESIAN_POINT('',(-53.25,-2.,29.737));
#5973 = DIRECTION('',(0.,1.,0.));
#5974 = DIRECTION('',(0.,-0.,1.));
#5975 = ADVANCED_FACE('',(#5976),#5987,.F.);
#5976 = FACE_BOUND('',#5977,.F.);
#5977 = EDGE_LOOP('',(#5978,#5979,#5985,#5986));
#5978 = ORIENTED_EDGE('',*,*,#3177,.F.);
#5979 = ORIENTED_EDGE('',*,*,#5980,.F.);
#5980 = EDGE_CURVE('',#735,#3178,#5981,.T.);
#5981 = LINE('',#5982,#5983);
#5982 = CARTESIAN_POINT('',(-47.75,-2.,31.487));
#5983 = VECTOR('',#5984,1.);
#5984 = DIRECTION('',(0.,1.,0.));
#5985 = ORIENTED_EDGE('',*,*,#734,.T.);
#5986 = ORIENTED_EDGE('',*,*,#5980,.T.);
#5987 = CYLINDRICAL_SURFACE('',#5988,1.75);
#5988 = AXIS2_PLACEMENT_3D('',#5989,#5990,#5991);
#5989 = CARTESIAN_POINT('',(-47.75,-2.,29.737));
#5990 = DIRECTION('',(0.,1.,0.));
#5991 = DIRECTION('',(0.,-0.,1.));
#5992 = ADVANCED_FACE('',(#5993),#6004,.F.);
#5993 = FACE_BOUND('',#5994,.F.);
#5994 = EDGE_LOOP('',(#5995,#5996,#6002,#6003));
#5995 = ORIENTED_EDGE('',*,*,#3188,.F.);
#5996 = ORIENTED_EDGE('',*,*,#5997,.F.);
#5997 = EDGE_CURVE('',#746,#3189,#5998,.T.);
#5998 = LINE('',#5999,#6000);
#5999 = CARTESIAN_POINT('',(-56.,-2.,36.25));
#6000 = VECTOR('',#6001,1.);
#6001 = DIRECTION('',(0.,1.,0.));
#6002 = ORIENTED_EDGE('',*,*,#745,.T.);
#6003 = ORIENTED_EDGE('',*,*,#5997,.T.);
#6004 = CYLINDRICAL_SURFACE('',#6005,1.75);
#6005 = AXIS2_PLACEMENT_3D('',#6006,#6007,#6008);
#6006 = CARTESIAN_POINT('',(-56.,-2.,34.5));
#6007 = DIRECTION('',(0.,1.,0.));
#6008 = DIRECTION('',(0.,-0.,1.));
#6009 = ADVANCED_FACE('',(#6010),#6021,.F.);
#6010 = FACE_BOUND('',#6011,.F.);
#6011 = EDGE_LOOP('',(#6012,#6013,#6019,#6020));
#6012 = ORIENTED_EDGE('',*,*,#3199,.F.);
#6013 = ORIENTED_EDGE('',*,*,#6014,.F.);
#6014 = EDGE_CURVE('',#757,#3200,#6015,.T.);
#6015 = LINE('',#6016,#6017);
#6016 = CARTESIAN_POINT('',(-50.5,-2.,36.25));
#6017 = VECTOR('',#6018,1.);
#6018 = DIRECTION('',(0.,1.,0.));
#6019 = ORIENTED_EDGE('',*,*,#756,.T.);
#6020 = ORIENTED_EDGE('',*,*,#6014,.T.);
#6021 = CYLINDRICAL_SURFACE('',#6022,1.75);
#6022 = AXIS2_PLACEMENT_3D('',#6023,#6024,#6025);
#6023 = CARTESIAN_POINT('',(-50.5,-2.,34.5));
#6024 = DIRECTION('',(0.,1.,0.));
#6025 = DIRECTION('',(0.,-0.,1.));
#6026 = ADVANCED_FACE('',(#6027),#6038,.F.);
#6027 = FACE_BOUND('',#6028,.F.);
#6028 = EDGE_LOOP('',(#6029,#6030,#6036,#6037));
#6029 = ORIENTED_EDGE('',*,*,#3210,.F.);
#6030 = ORIENTED_EDGE('',*,*,#6031,.F.);
#6031 = EDGE_CURVE('',#768,#3211,#6032,.T.);
#6032 = LINE('',#6033,#6034);
#6033 = CARTESIAN_POINT('',(-132.75,-2.,41.729));
#6034 = VECTOR('',#6035,1.);
#6035 = DIRECTION('',(0.,1.,0.));
#6036 = ORIENTED_EDGE('',*,*,#767,.T.);
#6037 = ORIENTED_EDGE('',*,*,#6031,.T.);
#6038 = CYLINDRICAL_SURFACE('',#6039,1.6);
#6039 = AXIS2_PLACEMENT_3D('',#6040,#6041,#6042);
#6040 = CARTESIAN_POINT('',(-132.75,-2.,40.129));
#6041 = DIRECTION('',(0.,1.,0.));
#6042 = DIRECTION('',(0.,-0.,1.));
#6043 = ADVANCED_FACE('',(#6044),#6055,.F.);
#6044 = FACE_BOUND('',#6045,.F.);
#6045 = EDGE_LOOP('',(#6046,#6047,#6053,#6054));
#6046 = ORIENTED_EDGE('',*,*,#3221,.F.);
#6047 = ORIENTED_EDGE('',*,*,#6048,.F.);
#6048 = EDGE_CURVE('',#779,#3222,#6049,.T.);
#6049 = LINE('',#6050,#6051);
#6050 = CARTESIAN_POINT('',(-126.25,-2.,41.729));
#6051 = VECTOR('',#6052,1.);
#6052 = DIRECTION('',(0.,1.,0.));
#6053 = ORIENTED_EDGE('',*,*,#778,.T.);
#6054 = ORIENTED_EDGE('',*,*,#6048,.T.);
#6055 = CYLINDRICAL_SURFACE('',#6056,1.6);
#6056 = AXIS2_PLACEMENT_3D('',#6057,#6058,#6059);
#6057 = CARTESIAN_POINT('',(-126.25,-2.,40.129));
#6058 = DIRECTION('',(0.,1.,0.));
#6059 = DIRECTION('',(0.,-0.,1.));
#6060 = ADVANCED_FACE('',(#6061),#6072,.F.);
#6061 = FACE_BOUND('',#6062,.F.);
#6062 = EDGE_LOOP('',(#6063,#6064,#6070,#6071));
#6063 = ORIENTED_EDGE('',*,*,#3232,.F.);
#6064 = ORIENTED_EDGE('',*,*,#6065,.F.);
#6065 = EDGE_CURVE('',#790,#3233,#6066,.T.);
#6066 = LINE('',#6067,#6068);
#6067 = CARTESIAN_POINT('',(-119.75,-2.,41.729));
#6068 = VECTOR('',#6069,1.);
#6069 = DIRECTION('',(0.,1.,0.));
#6070 = ORIENTED_EDGE('',*,*,#789,.T.);
#6071 = ORIENTED_EDGE('',*,*,#6065,.T.);
#6072 = CYLINDRICAL_SURFACE('',#6073,1.6);
#6073 = AXIS2_PLACEMENT_3D('',#6074,#6075,#6076);
#6074 = CARTESIAN_POINT('',(-119.75,-2.,40.129));
#6075 = DIRECTION('',(0.,1.,0.));
#6076 = DIRECTION('',(0.,-0.,1.));
#6077 = ADVANCED_FACE('',(#6078),#6089,.F.);
#6078 = FACE_BOUND('',#6079,.F.);
#6079 = EDGE_LOOP('',(#6080,#6081,#6087,#6088));
#6080 = ORIENTED_EDGE('',*,*,#3243,.F.);
#6081 = ORIENTED_EDGE('',*,*,#6082,.F.);
#6082 = EDGE_CURVE('',#801,#3244,#6083,.T.);
#6083 = LINE('',#6084,#6085);
#6084 = CARTESIAN_POINT('',(-113.25,-2.,41.729));
#6085 = VECTOR('',#6086,1.);
#6086 = DIRECTION('',(0.,1.,0.));
#6087 = ORIENTED_EDGE('',*,*,#800,.T.);
#6088 = ORIENTED_EDGE('',*,*,#6082,.T.);
#6089 = CYLINDRICAL_SURFACE('',#6090,1.6);
#6090 = AXIS2_PLACEMENT_3D('',#6091,#6092,#6093);
#6091 = CARTESIAN_POINT('',(-113.25,-2.,40.129));
#6092 = DIRECTION('',(0.,1.,0.));
#6093 = DIRECTION('',(0.,-0.,1.));
#6094 = ADVANCED_FACE('',(#6095),#6106,.F.);
#6095 = FACE_BOUND('',#6096,.F.);
#6096 = EDGE_LOOP('',(#6097,#6098,#6104,#6105));
#6097 = ORIENTED_EDGE('',*,*,#3254,.F.);
#6098 = ORIENTED_EDGE('',*,*,#6099,.F.);
#6099 = EDGE_CURVE('',#812,#3255,#6100,.T.);
#6100 = LINE('',#6101,#6102);
#6101 = CARTESIAN_POINT('',(-106.75,-2.,41.729));
#6102 = VECTOR('',#6103,1.);
#6103 = DIRECTION('',(0.,1.,0.));
#6104 = ORIENTED_EDGE('',*,*,#811,.T.);
#6105 = ORIENTED_EDGE('',*,*,#6099,.T.);
#6106 = CYLINDRICAL_SURFACE('',#6107,1.6);
#6107 = AXIS2_PLACEMENT_3D('',#6108,#6109,#6110);
#6108 = CARTESIAN_POINT('',(-106.75,-2.,40.129));
#6109 = DIRECTION('',(0.,1.,0.));
#6110 = DIRECTION('',(0.,-0.,1.));
#6111 = ADVANCED_FACE('',(#6112),#6123,.F.);
#6112 = FACE_BOUND('',#6113,.F.);
#6113 = EDGE_LOOP('',(#6114,#6115,#6121,#6122));
#6114 = ORIENTED_EDGE('',*,*,#3265,.F.);
#6115 = ORIENTED_EDGE('',*,*,#6116,.F.);
#6116 = EDGE_CURVE('',#823,#3266,#6117,.T.);
#6117 = LINE('',#6118,#6119);
#6118 = CARTESIAN_POINT('',(-100.25,-2.,41.729));
#6119 = VECTOR('',#6120,1.);
#6120 = DIRECTION('',(0.,1.,0.));
#6121 = ORIENTED_EDGE('',*,*,#822,.T.);
#6122 = ORIENTED_EDGE('',*,*,#6116,.T.);
#6123 = CYLINDRICAL_SURFACE('',#6124,1.6);
#6124 = AXIS2_PLACEMENT_3D('',#6125,#6126,#6127);
#6125 = CARTESIAN_POINT('',(-100.25,-2.,40.129));
#6126 = DIRECTION('',(0.,1.,0.));
#6127 = DIRECTION('',(0.,-0.,1.));
#6128 = ADVANCED_FACE('',(#6129),#6140,.F.);
#6129 = FACE_BOUND('',#6130,.F.);
#6130 = EDGE_LOOP('',(#6131,#6132,#6138,#6139));
#6131 = ORIENTED_EDGE('',*,*,#3276,.F.);
#6132 = ORIENTED_EDGE('',*,*,#6133,.F.);
#6133 = EDGE_CURVE('',#834,#3277,#6134,.T.);
#6134 = LINE('',#6135,#6136);
#6135 = CARTESIAN_POINT('',(-93.75,-2.,41.729));
#6136 = VECTOR('',#6137,1.);
#6137 = DIRECTION('',(0.,1.,0.));
#6138 = ORIENTED_EDGE('',*,*,#833,.T.);
#6139 = ORIENTED_EDGE('',*,*,#6133,.T.);
#6140 = CYLINDRICAL_SURFACE('',#6141,1.6);
#6141 = AXIS2_PLACEMENT_3D('',#6142,#6143,#6144);
#6142 = CARTESIAN_POINT('',(-93.75,-2.,40.129));
#6143 = DIRECTION('',(0.,1.,0.));
#6144 = DIRECTION('',(0.,-0.,1.));
#6145 = ADVANCED_FACE('',(#6146),#6157,.F.);
#6146 = FACE_BOUND('',#6147,.F.);
#6147 = EDGE_LOOP('',(#6148,#6149,#6155,#6156));
#6148 = ORIENTED_EDGE('',*,*,#3287,.F.);
#6149 = ORIENTED_EDGE('',*,*,#6150,.F.);
#6150 = EDGE_CURVE('',#845,#3288,#6151,.T.);
#6151 = LINE('',#6152,#6153);
#6152 = CARTESIAN_POINT('',(-136.,-2.,47.358));
#6153 = VECTOR('',#6154,1.);
#6154 = DIRECTION('',(0.,1.,0.));
#6155 = ORIENTED_EDGE('',*,*,#844,.T.);
#6156 = ORIENTED_EDGE('',*,*,#6150,.T.);
#6157 = CYLINDRICAL_SURFACE('',#6158,1.6);
#6158 = AXIS2_PLACEMENT_3D('',#6159,#6160,#6161);
#6159 = CARTESIAN_POINT('',(-136.,-2.,45.758));
#6160 = DIRECTION('',(0.,1.,0.));
#6161 = DIRECTION('',(0.,-0.,1.));
#6162 = ADVANCED_FACE('',(#6163),#6174,.F.);
#6163 = FACE_BOUND('',#6164,.F.);
#6164 = EDGE_LOOP('',(#6165,#6166,#6172,#6173));
#6165 = ORIENTED_EDGE('',*,*,#3298,.F.);
#6166 = ORIENTED_EDGE('',*,*,#6167,.F.);
#6167 = EDGE_CURVE('',#856,#3299,#6168,.T.);
#6168 = LINE('',#6169,#6170);
#6169 = CARTESIAN_POINT('',(-129.5,-2.,47.358));
#6170 = VECTOR('',#6171,1.);
#6171 = DIRECTION('',(0.,1.,0.));
#6172 = ORIENTED_EDGE('',*,*,#855,.T.);
#6173 = ORIENTED_EDGE('',*,*,#6167,.T.);
#6174 = CYLINDRICAL_SURFACE('',#6175,1.6);
#6175 = AXIS2_PLACEMENT_3D('',#6176,#6177,#6178);
#6176 = CARTESIAN_POINT('',(-129.5,-2.,45.758));
#6177 = DIRECTION('',(0.,1.,0.));
#6178 = DIRECTION('',(0.,-0.,1.));
#6179 = ADVANCED_FACE('',(#6180),#6191,.F.);
#6180 = FACE_BOUND('',#6181,.F.);
#6181 = EDGE_LOOP('',(#6182,#6183,#6189,#6190));
#6182 = ORIENTED_EDGE('',*,*,#3309,.F.);
#6183 = ORIENTED_EDGE('',*,*,#6184,.F.);
#6184 = EDGE_CURVE('',#867,#3310,#6185,.T.);
#6185 = LINE('',#6186,#6187);
#6186 = CARTESIAN_POINT('',(-123.,-2.,47.358));
#6187 = VECTOR('',#6188,1.);
#6188 = DIRECTION('',(0.,1.,0.));
#6189 = ORIENTED_EDGE('',*,*,#866,.T.);
#6190 = ORIENTED_EDGE('',*,*,#6184,.T.);
#6191 = CYLINDRICAL_SURFACE('',#6192,1.6);
#6192 = AXIS2_PLACEMENT_3D('',#6193,#6194,#6195);
#6193 = CARTESIAN_POINT('',(-123.,-2.,45.758));
#6194 = DIRECTION('',(0.,1.,0.));
#6195 = DIRECTION('',(0.,-0.,1.));
#6196 = ADVANCED_FACE('',(#6197),#6208,.F.);
#6197 = FACE_BOUND('',#6198,.F.);
#6198 = EDGE_LOOP('',(#6199,#6200,#6206,#6207));
#6199 = ORIENTED_EDGE('',*,*,#3320,.F.);
#6200 = ORIENTED_EDGE('',*,*,#6201,.F.);
#6201 = EDGE_CURVE('',#878,#3321,#6202,.T.);
#6202 = LINE('',#6203,#6204);
#6203 = CARTESIAN_POINT('',(-132.75,-2.,52.987));
#6204 = VECTOR('',#6205,1.);
#6205 = DIRECTION('',(0.,1.,0.));
#6206 = ORIENTED_EDGE('',*,*,#877,.T.);
#6207 = ORIENTED_EDGE('',*,*,#6201,.T.);
#6208 = CYLINDRICAL_SURFACE('',#6209,1.6);
#6209 = AXIS2_PLACEMENT_3D('',#6210,#6211,#6212);
#6210 = CARTESIAN_POINT('',(-132.75,-2.,51.387));
#6211 = DIRECTION('',(0.,1.,0.));
#6212 = DIRECTION('',(0.,-0.,1.));
#6213 = ADVANCED_FACE('',(#6214),#6225,.F.);
#6214 = FACE_BOUND('',#6215,.F.);
#6215 = EDGE_LOOP('',(#6216,#6217,#6223,#6224));
#6216 = ORIENTED_EDGE('',*,*,#3331,.F.);
#6217 = ORIENTED_EDGE('',*,*,#6218,.F.);
#6218 = EDGE_CURVE('',#889,#3332,#6219,.T.);
#6219 = LINE('',#6220,#6221);
#6220 = CARTESIAN_POINT('',(-138.66,-2.,56.7));
#6221 = VECTOR('',#6222,1.);
#6222 = DIRECTION('',(0.,1.,0.));
#6223 = ORIENTED_EDGE('',*,*,#888,.T.);
#6224 = ORIENTED_EDGE('',*,*,#6218,.T.);
#6225 = CYLINDRICAL_SURFACE('',#6226,1.7);
#6226 = AXIS2_PLACEMENT_3D('',#6227,#6228,#6229);
#6227 = CARTESIAN_POINT('',(-138.66,-2.,55.));
#6228 = DIRECTION('',(0.,1.,0.));
#6229 = DIRECTION('',(0.,-0.,1.));
#6230 = ADVANCED_FACE('',(#6231),#6242,.F.);
#6231 = FACE_BOUND('',#6232,.F.);
#6232 = EDGE_LOOP('',(#6233,#6234,#6240,#6241));
#6233 = ORIENTED_EDGE('',*,*,#3342,.F.);
#6234 = ORIENTED_EDGE('',*,*,#6235,.F.);
#6235 = EDGE_CURVE('',#900,#3343,#6236,.T.);
#6236 = LINE('',#6237,#6238);
#6237 = CARTESIAN_POINT('',(-126.25,-2.,52.987));
#6238 = VECTOR('',#6239,1.);
#6239 = DIRECTION('',(0.,1.,0.));
#6240 = ORIENTED_EDGE('',*,*,#899,.T.);
#6241 = ORIENTED_EDGE('',*,*,#6235,.T.);
#6242 = CYLINDRICAL_SURFACE('',#6243,1.6);
#6243 = AXIS2_PLACEMENT_3D('',#6244,#6245,#6246);
#6244 = CARTESIAN_POINT('',(-126.25,-2.,51.387));
#6245 = DIRECTION('',(0.,1.,0.));
#6246 = DIRECTION('',(0.,-0.,1.));
#6247 = ADVANCED_FACE('',(#6248),#6259,.F.);
#6248 = FACE_BOUND('',#6249,.F.);
#6249 = EDGE_LOOP('',(#6250,#6251,#6257,#6258));
#6250 = ORIENTED_EDGE('',*,*,#3353,.F.);
#6251 = ORIENTED_EDGE('',*,*,#6252,.F.);
#6252 = EDGE_CURVE('',#911,#3354,#6253,.T.);
#6253 = LINE('',#6254,#6255);
#6254 = CARTESIAN_POINT('',(-119.75,-2.,52.987));
#6255 = VECTOR('',#6256,1.);
#6256 = DIRECTION('',(0.,1.,0.));
#6257 = ORIENTED_EDGE('',*,*,#910,.T.);
#6258 = ORIENTED_EDGE('',*,*,#6252,.T.);
#6259 = CYLINDRICAL_SURFACE('',#6260,1.6);
#6260 = AXIS2_PLACEMENT_3D('',#6261,#6262,#6263);
#6261 = CARTESIAN_POINT('',(-119.75,-2.,51.387));
#6262 = DIRECTION('',(0.,1.,0.));
#6263 = DIRECTION('',(0.,-0.,1.));
#6264 = ADVANCED_FACE('',(#6265),#6276,.F.);
#6265 = FACE_BOUND('',#6266,.F.);
#6266 = EDGE_LOOP('',(#6267,#6268,#6274,#6275));
#6267 = ORIENTED_EDGE('',*,*,#3364,.F.);
#6268 = ORIENTED_EDGE('',*,*,#6269,.F.);
#6269 = EDGE_CURVE('',#922,#3365,#6270,.T.);
#6270 = LINE('',#6271,#6272);
#6271 = CARTESIAN_POINT('',(-116.5,-2.,47.358));
#6272 = VECTOR('',#6273,1.);
#6273 = DIRECTION('',(0.,1.,0.));
#6274 = ORIENTED_EDGE('',*,*,#921,.T.);
#6275 = ORIENTED_EDGE('',*,*,#6269,.T.);
#6276 = CYLINDRICAL_SURFACE('',#6277,1.6);
#6277 = AXIS2_PLACEMENT_3D('',#6278,#6279,#6280);
#6278 = CARTESIAN_POINT('',(-116.5,-2.,45.758));
#6279 = DIRECTION('',(0.,1.,0.));
#6280 = DIRECTION('',(0.,-0.,1.));
#6281 = ADVANCED_FACE('',(#6282),#6293,.F.);
#6282 = FACE_BOUND('',#6283,.F.);
#6283 = EDGE_LOOP('',(#6284,#6285,#6291,#6292));
#6284 = ORIENTED_EDGE('',*,*,#3375,.F.);
#6285 = ORIENTED_EDGE('',*,*,#6286,.F.);
#6286 = EDGE_CURVE('',#933,#3376,#6287,.T.);
#6287 = LINE('',#6288,#6289);
#6288 = CARTESIAN_POINT('',(-110.,-2.,47.358));
#6289 = VECTOR('',#6290,1.);
#6290 = DIRECTION('',(0.,1.,0.));
#6291 = ORIENTED_EDGE('',*,*,#932,.T.);
#6292 = ORIENTED_EDGE('',*,*,#6286,.T.);
#6293 = CYLINDRICAL_SURFACE('',#6294,1.6);
#6294 = AXIS2_PLACEMENT_3D('',#6295,#6296,#6297);
#6295 = CARTESIAN_POINT('',(-110.,-2.,45.758));
#6296 = DIRECTION('',(0.,1.,0.));
#6297 = DIRECTION('',(0.,-0.,1.));
#6298 = ADVANCED_FACE('',(#6299),#6310,.F.);
#6299 = FACE_BOUND('',#6300,.F.);
#6300 = EDGE_LOOP('',(#6301,#6302,#6308,#6309));
#6301 = ORIENTED_EDGE('',*,*,#3386,.F.);
#6302 = ORIENTED_EDGE('',*,*,#6303,.F.);
#6303 = EDGE_CURVE('',#944,#3387,#6304,.T.);
#6304 = LINE('',#6305,#6306);
#6305 = CARTESIAN_POINT('',(-103.5,-2.,47.358));
#6306 = VECTOR('',#6307,1.);
#6307 = DIRECTION('',(0.,1.,0.));
#6308 = ORIENTED_EDGE('',*,*,#943,.T.);
#6309 = ORIENTED_EDGE('',*,*,#6303,.T.);
#6310 = CYLINDRICAL_SURFACE('',#6311,1.6);
#6311 = AXIS2_PLACEMENT_3D('',#6312,#6313,#6314);
#6312 = CARTESIAN_POINT('',(-103.5,-2.,45.758));
#6313 = DIRECTION('',(0.,1.,0.));
#6314 = DIRECTION('',(0.,-0.,1.));
#6315 = ADVANCED_FACE('',(#6316),#6327,.F.);
#6316 = FACE_BOUND('',#6317,.F.);
#6317 = EDGE_LOOP('',(#6318,#6319,#6325,#6326));
#6318 = ORIENTED_EDGE('',*,*,#3397,.F.);
#6319 = ORIENTED_EDGE('',*,*,#6320,.F.);
#6320 = EDGE_CURVE('',#955,#3398,#6321,.T.);
#6321 = LINE('',#6322,#6323);
#6322 = CARTESIAN_POINT('',(-97.,-2.,47.358));
#6323 = VECTOR('',#6324,1.);
#6324 = DIRECTION('',(0.,1.,0.));
#6325 = ORIENTED_EDGE('',*,*,#954,.T.);
#6326 = ORIENTED_EDGE('',*,*,#6320,.T.);
#6327 = CYLINDRICAL_SURFACE('',#6328,1.6);
#6328 = AXIS2_PLACEMENT_3D('',#6329,#6330,#6331);
#6329 = CARTESIAN_POINT('',(-97.,-2.,45.758));
#6330 = DIRECTION('',(0.,1.,0.));
#6331 = DIRECTION('',(0.,-0.,1.));
#6332 = ADVANCED_FACE('',(#6333),#6344,.F.);
#6333 = FACE_BOUND('',#6334,.F.);
#6334 = EDGE_LOOP('',(#6335,#6336,#6342,#6343));
#6335 = ORIENTED_EDGE('',*,*,#3408,.F.);
#6336 = ORIENTED_EDGE('',*,*,#6337,.F.);
#6337 = EDGE_CURVE('',#966,#3409,#6338,.T.);
#6338 = LINE('',#6339,#6340);
#6339 = CARTESIAN_POINT('',(-113.25,-2.,52.987));
#6340 = VECTOR('',#6341,1.);
#6341 = DIRECTION('',(0.,1.,0.));
#6342 = ORIENTED_EDGE('',*,*,#965,.T.);
#6343 = ORIENTED_EDGE('',*,*,#6337,.T.);
#6344 = CYLINDRICAL_SURFACE('',#6345,1.6);
#6345 = AXIS2_PLACEMENT_3D('',#6346,#6347,#6348);
#6346 = CARTESIAN_POINT('',(-113.25,-2.,51.387));
#6347 = DIRECTION('',(0.,1.,0.));
#6348 = DIRECTION('',(0.,-0.,1.));
#6349 = ADVANCED_FACE('',(#6350),#6361,.F.);
#6350 = FACE_BOUND('',#6351,.F.);
#6351 = EDGE_LOOP('',(#6352,#6353,#6359,#6360));
#6352 = ORIENTED_EDGE('',*,*,#3419,.F.);
#6353 = ORIENTED_EDGE('',*,*,#6354,.F.);
#6354 = EDGE_CURVE('',#977,#3420,#6355,.T.);
#6355 = LINE('',#6356,#6357);
#6356 = CARTESIAN_POINT('',(-106.75,-2.,52.987));
#6357 = VECTOR('',#6358,1.);
#6358 = DIRECTION('',(0.,1.,0.));
#6359 = ORIENTED_EDGE('',*,*,#976,.T.);
#6360 = ORIENTED_EDGE('',*,*,#6354,.T.);
#6361 = CYLINDRICAL_SURFACE('',#6362,1.6);
#6362 = AXIS2_PLACEMENT_3D('',#6363,#6364,#6365);
#6363 = CARTESIAN_POINT('',(-106.75,-2.,51.387));
#6364 = DIRECTION('',(0.,1.,0.));
#6365 = DIRECTION('',(0.,-0.,1.));
#6366 = ADVANCED_FACE('',(#6367),#6378,.F.);
#6367 = FACE_BOUND('',#6368,.F.);
#6368 = EDGE_LOOP('',(#6369,#6370,#6376,#6377));
#6369 = ORIENTED_EDGE('',*,*,#3430,.F.);
#6370 = ORIENTED_EDGE('',*,*,#6371,.F.);
#6371 = EDGE_CURVE('',#988,#3431,#6372,.T.);
#6372 = LINE('',#6373,#6374);
#6373 = CARTESIAN_POINT('',(-100.25,-2.,52.987));
#6374 = VECTOR('',#6375,1.);
#6375 = DIRECTION('',(0.,1.,0.));
#6376 = ORIENTED_EDGE('',*,*,#987,.T.);
#6377 = ORIENTED_EDGE('',*,*,#6371,.T.);
#6378 = CYLINDRICAL_SURFACE('',#6379,1.6);
#6379 = AXIS2_PLACEMENT_3D('',#6380,#6381,#6382);
#6380 = CARTESIAN_POINT('',(-100.25,-2.,51.387));
#6381 = DIRECTION('',(0.,1.,0.));
#6382 = DIRECTION('',(0.,-0.,1.));
#6383 = ADVANCED_FACE('',(#6384),#6395,.F.);
#6384 = FACE_BOUND('',#6385,.F.);
#6385 = EDGE_LOOP('',(#6386,#6387,#6393,#6394));
#6386 = ORIENTED_EDGE('',*,*,#3441,.F.);
#6387 = ORIENTED_EDGE('',*,*,#6388,.F.);
#6388 = EDGE_CURVE('',#999,#3442,#6389,.T.);
#6389 = LINE('',#6390,#6391);
#6390 = CARTESIAN_POINT('',(-93.75,-2.,52.987));
#6391 = VECTOR('',#6392,1.);
#6392 = DIRECTION('',(0.,1.,0.));
#6393 = ORIENTED_EDGE('',*,*,#998,.T.);
#6394 = ORIENTED_EDGE('',*,*,#6388,.T.);
#6395 = CYLINDRICAL_SURFACE('',#6396,1.6);
#6396 = AXIS2_PLACEMENT_3D('',#6397,#6398,#6399);
#6397 = CARTESIAN_POINT('',(-93.75,-2.,51.387));
#6398 = DIRECTION('',(0.,1.,0.));
#6399 = DIRECTION('',(0.,-0.,1.));
#6400 = ADVANCED_FACE('',(#6401),#6412,.F.);
#6401 = FACE_BOUND('',#6402,.F.);
#6402 = EDGE_LOOP('',(#6403,#6404,#6410,#6411));
#6403 = ORIENTED_EDGE('',*,*,#3452,.F.);
#6404 = ORIENTED_EDGE('',*,*,#6405,.F.);
#6405 = EDGE_CURVE('',#1010,#3453,#6406,.T.);
#6406 = LINE('',#6407,#6408);
#6407 = CARTESIAN_POINT('',(-87.25,-2.,41.729));
#6408 = VECTOR('',#6409,1.);
#6409 = DIRECTION('',(0.,1.,0.));
#6410 = ORIENTED_EDGE('',*,*,#1009,.T.);
#6411 = ORIENTED_EDGE('',*,*,#6405,.T.);
#6412 = CYLINDRICAL_SURFACE('',#6413,1.6);
#6413 = AXIS2_PLACEMENT_3D('',#6414,#6415,#6416);
#6414 = CARTESIAN_POINT('',(-87.25,-2.,40.129));
#6415 = DIRECTION('',(0.,1.,0.));
#6416 = DIRECTION('',(0.,-0.,1.));
#6417 = ADVANCED_FACE('',(#6418),#6429,.F.);
#6418 = FACE_BOUND('',#6419,.F.);
#6419 = EDGE_LOOP('',(#6420,#6421,#6427,#6428));
#6420 = ORIENTED_EDGE('',*,*,#3463,.F.);
#6421 = ORIENTED_EDGE('',*,*,#6422,.F.);
#6422 = EDGE_CURVE('',#1021,#3464,#6423,.T.);
#6423 = LINE('',#6424,#6425);
#6424 = CARTESIAN_POINT('',(-80.75,-2.,41.729));
#6425 = VECTOR('',#6426,1.);
#6426 = DIRECTION('',(0.,1.,0.));
#6427 = ORIENTED_EDGE('',*,*,#1020,.T.);
#6428 = ORIENTED_EDGE('',*,*,#6422,.T.);
#6429 = CYLINDRICAL_SURFACE('',#6430,1.6);
#6430 = AXIS2_PLACEMENT_3D('',#6431,#6432,#6433);
#6431 = CARTESIAN_POINT('',(-80.75,-2.,40.129));
#6432 = DIRECTION('',(0.,1.,0.));
#6433 = DIRECTION('',(0.,-0.,1.));
#6434 = ADVANCED_FACE('',(#6435),#6446,.F.);
#6435 = FACE_BOUND('',#6436,.F.);
#6436 = EDGE_LOOP('',(#6437,#6438,#6444,#6445));
#6437 = ORIENTED_EDGE('',*,*,#3474,.F.);
#6438 = ORIENTED_EDGE('',*,*,#6439,.F.);
#6439 = EDGE_CURVE('',#1032,#3475,#6440,.T.);
#6440 = LINE('',#6441,#6442);
#6441 = CARTESIAN_POINT('',(-74.25,-2.,41.729));
#6442 = VECTOR('',#6443,1.);
#6443 = DIRECTION('',(0.,1.,0.));
#6444 = ORIENTED_EDGE('',*,*,#1031,.T.);
#6445 = ORIENTED_EDGE('',*,*,#6439,.T.);
#6446 = CYLINDRICAL_SURFACE('',#6447,1.6);
#6447 = AXIS2_PLACEMENT_3D('',#6448,#6449,#6450);
#6448 = CARTESIAN_POINT('',(-74.25,-2.,40.129));
#6449 = DIRECTION('',(0.,1.,0.));
#6450 = DIRECTION('',(0.,-0.,1.));
#6451 = ADVANCED_FACE('',(#6452),#6463,.F.);
#6452 = FACE_BOUND('',#6453,.F.);
#6453 = EDGE_LOOP('',(#6454,#6455,#6461,#6462));
#6454 = ORIENTED_EDGE('',*,*,#3485,.F.);
#6455 = ORIENTED_EDGE('',*,*,#6456,.F.);
#6456 = EDGE_CURVE('',#1043,#3486,#6457,.T.);
#6457 = LINE('',#6458,#6459);
#6458 = CARTESIAN_POINT('',(-58.75,-2.,41.013));
#6459 = VECTOR('',#6460,1.);
#6460 = DIRECTION('',(0.,1.,0.));
#6461 = ORIENTED_EDGE('',*,*,#1042,.T.);
#6462 = ORIENTED_EDGE('',*,*,#6456,.T.);
#6463 = CYLINDRICAL_SURFACE('',#6464,1.75);
#6464 = AXIS2_PLACEMENT_3D('',#6465,#6466,#6467);
#6465 = CARTESIAN_POINT('',(-58.75,-2.,39.263));
#6466 = DIRECTION('',(0.,1.,0.));
#6467 = DIRECTION('',(0.,-0.,1.));
#6468 = ADVANCED_FACE('',(#6469),#6480,.F.);
#6469 = FACE_BOUND('',#6470,.F.);
#6470 = EDGE_LOOP('',(#6471,#6472,#6478,#6479));
#6471 = ORIENTED_EDGE('',*,*,#3496,.F.);
#6472 = ORIENTED_EDGE('',*,*,#6473,.F.);
#6473 = EDGE_CURVE('',#1054,#3497,#6474,.T.);
#6474 = LINE('',#6475,#6476);
#6475 = CARTESIAN_POINT('',(-53.25,-2.,41.013));
#6476 = VECTOR('',#6477,1.);
#6477 = DIRECTION('',(0.,1.,0.));
#6478 = ORIENTED_EDGE('',*,*,#1053,.T.);
#6479 = ORIENTED_EDGE('',*,*,#6473,.T.);
#6480 = CYLINDRICAL_SURFACE('',#6481,1.75);
#6481 = AXIS2_PLACEMENT_3D('',#6482,#6483,#6484);
#6482 = CARTESIAN_POINT('',(-53.25,-2.,39.263));
#6483 = DIRECTION('',(0.,1.,0.));
#6484 = DIRECTION('',(0.,-0.,1.));
#6485 = ADVANCED_FACE('',(#6486),#6497,.F.);
#6486 = FACE_BOUND('',#6487,.F.);
#6487 = EDGE_LOOP('',(#6488,#6489,#6495,#6496));
#6488 = ORIENTED_EDGE('',*,*,#3507,.F.);
#6489 = ORIENTED_EDGE('',*,*,#6490,.F.);
#6490 = EDGE_CURVE('',#1065,#3508,#6491,.T.);
#6491 = LINE('',#6492,#6493);
#6492 = CARTESIAN_POINT('',(-47.75,-2.,41.013));
#6493 = VECTOR('',#6494,1.);
#6494 = DIRECTION('',(0.,1.,0.));
#6495 = ORIENTED_EDGE('',*,*,#1064,.T.);
#6496 = ORIENTED_EDGE('',*,*,#6490,.T.);
#6497 = CYLINDRICAL_SURFACE('',#6498,1.75);
#6498 = AXIS2_PLACEMENT_3D('',#6499,#6500,#6501);
#6499 = CARTESIAN_POINT('',(-47.75,-2.,39.263));
#6500 = DIRECTION('',(0.,1.,0.));
#6501 = DIRECTION('',(0.,-0.,1.));
#6502 = ADVANCED_FACE('',(#6503),#6514,.F.);
#6503 = FACE_BOUND('',#6504,.F.);
#6504 = EDGE_LOOP('',(#6505,#6506,#6512,#6513));
#6505 = ORIENTED_EDGE('',*,*,#3518,.F.);
#6506 = ORIENTED_EDGE('',*,*,#6507,.F.);
#6507 = EDGE_CURVE('',#1076,#3519,#6508,.T.);
#6508 = LINE('',#6509,#6510);
#6509 = CARTESIAN_POINT('',(-67.75,-2.,41.729));
#6510 = VECTOR('',#6511,1.);
#6511 = DIRECTION('',(0.,1.,0.));
#6512 = ORIENTED_EDGE('',*,*,#1075,.T.);
#6513 = ORIENTED_EDGE('',*,*,#6507,.T.);
#6514 = CYLINDRICAL_SURFACE('',#6515,1.6);
#6515 = AXIS2_PLACEMENT_3D('',#6516,#6517,#6518);
#6516 = CARTESIAN_POINT('',(-67.75,-2.,40.129));
#6517 = DIRECTION('',(0.,1.,0.));
#6518 = DIRECTION('',(0.,-0.,1.));
#6519 = ADVANCED_FACE('',(#6520),#6531,.F.);
#6520 = FACE_BOUND('',#6521,.F.);
#6521 = EDGE_LOOP('',(#6522,#6523,#6529,#6530));
#6522 = ORIENTED_EDGE('',*,*,#3529,.F.);
#6523 = ORIENTED_EDGE('',*,*,#6524,.F.);
#6524 = EDGE_CURVE('',#1087,#3530,#6525,.T.);
#6525 = LINE('',#6526,#6527);
#6526 = CARTESIAN_POINT('',(-56.,-2.,45.776));
#6527 = VECTOR('',#6528,1.);
#6528 = DIRECTION('',(0.,1.,0.));
#6529 = ORIENTED_EDGE('',*,*,#1086,.T.);
#6530 = ORIENTED_EDGE('',*,*,#6524,.T.);
#6531 = CYLINDRICAL_SURFACE('',#6532,1.75);
#6532 = AXIS2_PLACEMENT_3D('',#6533,#6534,#6535);
#6533 = CARTESIAN_POINT('',(-56.,-2.,44.026));
#6534 = DIRECTION('',(0.,1.,0.));
#6535 = DIRECTION('',(0.,-0.,1.));
#6536 = ADVANCED_FACE('',(#6537),#6548,.F.);
#6537 = FACE_BOUND('',#6538,.F.);
#6538 = EDGE_LOOP('',(#6539,#6540,#6546,#6547));
#6539 = ORIENTED_EDGE('',*,*,#3540,.F.);
#6540 = ORIENTED_EDGE('',*,*,#6541,.F.);
#6541 = EDGE_CURVE('',#1098,#3541,#6542,.T.);
#6542 = LINE('',#6543,#6544);
#6543 = CARTESIAN_POINT('',(-50.5,-2.,45.776));
#6544 = VECTOR('',#6545,1.);
#6545 = DIRECTION('',(0.,1.,0.));
#6546 = ORIENTED_EDGE('',*,*,#1097,.T.);
#6547 = ORIENTED_EDGE('',*,*,#6541,.T.);
#6548 = CYLINDRICAL_SURFACE('',#6549,1.75);
#6549 = AXIS2_PLACEMENT_3D('',#6550,#6551,#6552);
#6550 = CARTESIAN_POINT('',(-50.5,-2.,44.026));
#6551 = DIRECTION('',(0.,1.,0.));
#6552 = DIRECTION('',(0.,-0.,1.));
#6553 = ADVANCED_FACE('',(#6554),#6565,.F.);
#6554 = FACE_BOUND('',#6555,.F.);
#6555 = EDGE_LOOP('',(#6556,#6557,#6563,#6564));
#6556 = ORIENTED_EDGE('',*,*,#3551,.F.);
#6557 = ORIENTED_EDGE('',*,*,#6558,.F.);
#6558 = EDGE_CURVE('',#1109,#3552,#6559,.T.);
#6559 = LINE('',#6560,#6561);
#6560 = CARTESIAN_POINT('',(-90.5,-2.,47.358));
#6561 = VECTOR('',#6562,1.);
#6562 = DIRECTION('',(0.,1.,0.));
#6563 = ORIENTED_EDGE('',*,*,#1108,.T.);
#6564 = ORIENTED_EDGE('',*,*,#6558,.T.);
#6565 = CYLINDRICAL_SURFACE('',#6566,1.6);
#6566 = AXIS2_PLACEMENT_3D('',#6567,#6568,#6569);
#6567 = CARTESIAN_POINT('',(-90.5,-2.,45.758));
#6568 = DIRECTION('',(0.,1.,0.));
#6569 = DIRECTION('',(0.,-0.,1.));
#6570 = ADVANCED_FACE('',(#6571),#6582,.F.);
#6571 = FACE_BOUND('',#6572,.F.);
#6572 = EDGE_LOOP('',(#6573,#6574,#6580,#6581));
#6573 = ORIENTED_EDGE('',*,*,#3562,.F.);
#6574 = ORIENTED_EDGE('',*,*,#6575,.F.);
#6575 = EDGE_CURVE('',#1120,#3563,#6576,.T.);
#6576 = LINE('',#6577,#6578);
#6577 = CARTESIAN_POINT('',(-84.,-2.,47.358));
#6578 = VECTOR('',#6579,1.);
#6579 = DIRECTION('',(0.,1.,0.));
#6580 = ORIENTED_EDGE('',*,*,#1119,.T.);
#6581 = ORIENTED_EDGE('',*,*,#6575,.T.);
#6582 = CYLINDRICAL_SURFACE('',#6583,1.6);
#6583 = AXIS2_PLACEMENT_3D('',#6584,#6585,#6586);
#6584 = CARTESIAN_POINT('',(-84.,-2.,45.758));
#6585 = DIRECTION('',(0.,1.,0.));
#6586 = DIRECTION('',(0.,-0.,1.));
#6587 = ADVANCED_FACE('',(#6588),#6599,.F.);
#6588 = FACE_BOUND('',#6589,.F.);
#6589 = EDGE_LOOP('',(#6590,#6591,#6597,#6598));
#6590 = ORIENTED_EDGE('',*,*,#3573,.F.);
#6591 = ORIENTED_EDGE('',*,*,#6592,.F.);
#6592 = EDGE_CURVE('',#1131,#3574,#6593,.T.);
#6593 = LINE('',#6594,#6595);
#6594 = CARTESIAN_POINT('',(-77.5,-2.,47.358));
#6595 = VECTOR('',#6596,1.);
#6596 = DIRECTION('',(0.,1.,0.));
#6597 = ORIENTED_EDGE('',*,*,#1130,.T.);
#6598 = ORIENTED_EDGE('',*,*,#6592,.T.);
#6599 = CYLINDRICAL_SURFACE('',#6600,1.6);
#6600 = AXIS2_PLACEMENT_3D('',#6601,#6602,#6603);
#6601 = CARTESIAN_POINT('',(-77.5,-2.,45.758));
#6602 = DIRECTION('',(0.,1.,0.));
#6603 = DIRECTION('',(0.,-0.,1.));
#6604 = ADVANCED_FACE('',(#6605),#6616,.F.);
#6605 = FACE_BOUND('',#6606,.F.);
#6606 = EDGE_LOOP('',(#6607,#6608,#6614,#6615));
#6607 = ORIENTED_EDGE('',*,*,#3584,.F.);
#6608 = ORIENTED_EDGE('',*,*,#6609,.F.);
#6609 = EDGE_CURVE('',#1142,#3585,#6610,.T.);
#6610 = LINE('',#6611,#6612);
#6611 = CARTESIAN_POINT('',(-71.,-2.,47.358));
#6612 = VECTOR('',#6613,1.);
#6613 = DIRECTION('',(0.,1.,0.));
#6614 = ORIENTED_EDGE('',*,*,#1141,.T.);
#6615 = ORIENTED_EDGE('',*,*,#6609,.T.);
#6616 = CYLINDRICAL_SURFACE('',#6617,1.6);
#6617 = AXIS2_PLACEMENT_3D('',#6618,#6619,#6620);
#6618 = CARTESIAN_POINT('',(-71.,-2.,45.758));
#6619 = DIRECTION('',(0.,1.,0.));
#6620 = DIRECTION('',(0.,-0.,1.));
#6621 = ADVANCED_FACE('',(#6622),#6633,.F.);
#6622 = FACE_BOUND('',#6623,.F.);
#6623 = EDGE_LOOP('',(#6624,#6625,#6631,#6632));
#6624 = ORIENTED_EDGE('',*,*,#3595,.F.);
#6625 = ORIENTED_EDGE('',*,*,#6626,.F.);
#6626 = EDGE_CURVE('',#1153,#3596,#6627,.T.);
#6627 = LINE('',#6628,#6629);
#6628 = CARTESIAN_POINT('',(-87.25,-2.,52.987));
#6629 = VECTOR('',#6630,1.);
#6630 = DIRECTION('',(0.,1.,0.));
#6631 = ORIENTED_EDGE('',*,*,#1152,.T.);
#6632 = ORIENTED_EDGE('',*,*,#6626,.T.);
#6633 = CYLINDRICAL_SURFACE('',#6634,1.6);
#6634 = AXIS2_PLACEMENT_3D('',#6635,#6636,#6637);
#6635 = CARTESIAN_POINT('',(-87.25,-2.,51.387));
#6636 = DIRECTION('',(0.,1.,0.));
#6637 = DIRECTION('',(0.,-0.,1.));
#6638 = ADVANCED_FACE('',(#6639),#6650,.F.);
#6639 = FACE_BOUND('',#6640,.F.);
#6640 = EDGE_LOOP('',(#6641,#6642,#6648,#6649));
#6641 = ORIENTED_EDGE('',*,*,#3606,.F.);
#6642 = ORIENTED_EDGE('',*,*,#6643,.F.);
#6643 = EDGE_CURVE('',#1164,#3607,#6644,.T.);
#6644 = LINE('',#6645,#6646);
#6645 = CARTESIAN_POINT('',(-80.75,-2.,52.987));
#6646 = VECTOR('',#6647,1.);
#6647 = DIRECTION('',(0.,1.,0.));
#6648 = ORIENTED_EDGE('',*,*,#1163,.T.);
#6649 = ORIENTED_EDGE('',*,*,#6643,.T.);
#6650 = CYLINDRICAL_SURFACE('',#6651,1.6);
#6651 = AXIS2_PLACEMENT_3D('',#6652,#6653,#6654);
#6652 = CARTESIAN_POINT('',(-80.75,-2.,51.387));
#6653 = DIRECTION('',(0.,1.,0.));
#6654 = DIRECTION('',(0.,-0.,1.));
#6655 = ADVANCED_FACE('',(#6656),#6667,.F.);
#6656 = FACE_BOUND('',#6657,.F.);
#6657 = EDGE_LOOP('',(#6658,#6659,#6665,#6666));
#6658 = ORIENTED_EDGE('',*,*,#3617,.F.);
#6659 = ORIENTED_EDGE('',*,*,#6660,.F.);
#6660 = EDGE_CURVE('',#1175,#3618,#6661,.T.);
#6661 = LINE('',#6662,#6663);
#6662 = CARTESIAN_POINT('',(-74.25,-2.,52.987));
#6663 = VECTOR('',#6664,1.);
#6664 = DIRECTION('',(0.,1.,0.));
#6665 = ORIENTED_EDGE('',*,*,#1174,.T.);
#6666 = ORIENTED_EDGE('',*,*,#6660,.T.);
#6667 = CYLINDRICAL_SURFACE('',#6668,1.6);
#6668 = AXIS2_PLACEMENT_3D('',#6669,#6670,#6671);
#6669 = CARTESIAN_POINT('',(-74.25,-2.,51.387));
#6670 = DIRECTION('',(0.,1.,0.));
#6671 = DIRECTION('',(0.,-0.,1.));
#6672 = ADVANCED_FACE('',(#6673),#6684,.F.);
#6673 = FACE_BOUND('',#6674,.F.);
#6674 = EDGE_LOOP('',(#6675,#6676,#6682,#6683));
#6675 = ORIENTED_EDGE('',*,*,#3628,.F.);
#6676 = ORIENTED_EDGE('',*,*,#6677,.F.);
#6677 = EDGE_CURVE('',#1186,#3629,#6678,.T.);
#6678 = LINE('',#6679,#6680);
#6679 = CARTESIAN_POINT('',(-64.5,-2.,47.358));
#6680 = VECTOR('',#6681,1.);
#6681 = DIRECTION('',(0.,1.,0.));
#6682 = ORIENTED_EDGE('',*,*,#1185,.T.);
#6683 = ORIENTED_EDGE('',*,*,#6677,.T.);
#6684 = CYLINDRICAL_SURFACE('',#6685,1.6);
#6685 = AXIS2_PLACEMENT_3D('',#6686,#6687,#6688);
#6686 = CARTESIAN_POINT('',(-64.5,-2.,45.758));
#6687 = DIRECTION('',(0.,1.,0.));
#6688 = DIRECTION('',(0.,-0.,1.));
#6689 = ADVANCED_FACE('',(#6690),#6706,.F.);
#6690 = FACE_BOUND('',#6691,.F.);
#6691 = EDGE_LOOP('',(#6692,#6693,#6699,#6700));
#6692 = ORIENTED_EDGE('',*,*,#3639,.F.);
#6693 = ORIENTED_EDGE('',*,*,#6694,.F.);
#6694 = EDGE_CURVE('',#1197,#3640,#6695,.T.);
#6695 = LINE('',#6696,#6697);
#6696 = CARTESIAN_POINT('',(-54.75,-2.,52.987));
#6697 = VECTOR('',#6698,1.);
#6698 = DIRECTION('',(0.,1.,0.));
#6699 = ORIENTED_EDGE('',*,*,#1196,.T.);
#6700 = ORIENTED_EDGE('',*,*,#6701,.T.);
#6701 = EDGE_CURVE('',#1199,#3642,#6702,.T.);
#6702 = LINE('',#6703,#6704);
#6703 = CARTESIAN_POINT('',(-53.39709403131,-2.,50.532807141272));
#6704 = VECTOR('',#6705,1.);
#6705 = DIRECTION('',(0.,1.,0.));
#6706 = CYLINDRICAL_SURFACE('',#6707,1.6);
#6707 = AXIS2_PLACEMENT_3D('',#6708,#6709,#6710);
#6708 = CARTESIAN_POINT('',(-54.75,-2.,51.387));
#6709 = DIRECTION('',(0.,1.,0.));
#6710 = DIRECTION('',(0.,-0.,1.));
#6711 = ADVANCED_FACE('',(#6712),#6723,.F.);
#6712 = FACE_BOUND('',#6713,.F.);
#6713 = EDGE_LOOP('',(#6714,#6720,#6721,#6722));
#6714 = ORIENTED_EDGE('',*,*,#6715,.T.);
#6715 = EDGE_CURVE('',#1217,#3660,#6716,.T.);
#6716 = LINE('',#6717,#6718);
#6717 = CARTESIAN_POINT('',(-53.25,-2.,50.539));
#6718 = VECTOR('',#6719,1.);
#6719 = DIRECTION('',(0.,1.,0.));
#6720 = ORIENTED_EDGE('',*,*,#3668,.F.);
#6721 = ORIENTED_EDGE('',*,*,#6701,.F.);
#6722 = ORIENTED_EDGE('',*,*,#1225,.T.);
#6723 = CYLINDRICAL_SURFACE('',#6724,1.75);
#6724 = AXIS2_PLACEMENT_3D('',#6725,#6726,#6727);
#6725 = CARTESIAN_POINT('',(-53.25,-2.,48.789));
#6726 = DIRECTION('',(0.,1.,0.));
#6727 = DIRECTION('',(0.,-0.,1.));
#6728 = ADVANCED_FACE('',(#6729),#6740,.F.);
#6729 = FACE_BOUND('',#6730,.F.);
#6730 = EDGE_LOOP('',(#6731,#6732,#6733,#6734));
#6731 = ORIENTED_EDGE('',*,*,#3659,.F.);
#6732 = ORIENTED_EDGE('',*,*,#6715,.F.);
#6733 = ORIENTED_EDGE('',*,*,#1216,.T.);
#6734 = ORIENTED_EDGE('',*,*,#6735,.T.);
#6735 = EDGE_CURVE('',#1208,#3651,#6736,.T.);
#6736 = LINE('',#6737,#6738);
#6737 = CARTESIAN_POINT('',(-54.68665965384,-2.,49.788254241429));
#6738 = VECTOR('',#6739,1.);
#6739 = DIRECTION('',(0.,1.,0.));
#6740 = CYLINDRICAL_SURFACE('',#6741,1.75);
#6741 = AXIS2_PLACEMENT_3D('',#6742,#6743,#6744);
#6742 = CARTESIAN_POINT('',(-53.25,-2.,48.789));
#6743 = DIRECTION('',(0.,1.,0.));
#6744 = DIRECTION('',(0.,-0.,1.));
#6745 = ADVANCED_FACE('',(#6746),#6752,.F.);
#6746 = FACE_BOUND('',#6747,.F.);
#6747 = EDGE_LOOP('',(#6748,#6749,#6750,#6751));
#6748 = ORIENTED_EDGE('',*,*,#6694,.T.);
#6749 = ORIENTED_EDGE('',*,*,#3650,.F.);
#6750 = ORIENTED_EDGE('',*,*,#6735,.F.);
#6751 = ORIENTED_EDGE('',*,*,#1207,.T.);
#6752 = CYLINDRICAL_SURFACE('',#6753,1.6);
#6753 = AXIS2_PLACEMENT_3D('',#6754,#6755,#6756);
#6754 = CARTESIAN_POINT('',(-54.75,-2.,51.387));
#6755 = DIRECTION('',(0.,1.,0.));
#6756 = DIRECTION('',(0.,-0.,1.));
#6757 = ADVANCED_FACE('',(#6758),#6769,.F.);
#6758 = FACE_BOUND('',#6759,.F.);
#6759 = EDGE_LOOP('',(#6760,#6761,#6767,#6768));
#6760 = ORIENTED_EDGE('',*,*,#3677,.F.);
#6761 = ORIENTED_EDGE('',*,*,#6762,.F.);
#6762 = EDGE_CURVE('',#1235,#3678,#6763,.T.);
#6763 = LINE('',#6764,#6765);
#6764 = CARTESIAN_POINT('',(-47.75,-2.,50.539));
#6765 = VECTOR('',#6766,1.);
#6766 = DIRECTION('',(0.,1.,0.));
#6767 = ORIENTED_EDGE('',*,*,#1234,.T.);
#6768 = ORIENTED_EDGE('',*,*,#6762,.T.);
#6769 = CYLINDRICAL_SURFACE('',#6770,1.75);
#6770 = AXIS2_PLACEMENT_3D('',#6771,#6772,#6773);
#6771 = CARTESIAN_POINT('',(-47.75,-2.,48.789));
#6772 = DIRECTION('',(0.,1.,0.));
#6773 = DIRECTION('',(0.,-0.,1.));
#6774 = ADVANCED_FACE('',(#6775),#6786,.F.);
#6775 = FACE_BOUND('',#6776,.F.);
#6776 = EDGE_LOOP('',(#6777,#6778,#6784,#6785));
#6777 = ORIENTED_EDGE('',*,*,#3688,.F.);
#6778 = ORIENTED_EDGE('',*,*,#6779,.F.);
#6779 = EDGE_CURVE('',#1246,#3689,#6780,.T.);
#6780 = LINE('',#6781,#6782);
#6781 = CARTESIAN_POINT('',(-67.75,-2.,52.987));
#6782 = VECTOR('',#6783,1.);
#6783 = DIRECTION('',(0.,1.,0.));
#6784 = ORIENTED_EDGE('',*,*,#1245,.T.);
#6785 = ORIENTED_EDGE('',*,*,#6779,.T.);
#6786 = CYLINDRICAL_SURFACE('',#6787,1.6);
#6787 = AXIS2_PLACEMENT_3D('',#6788,#6789,#6790);
#6788 = CARTESIAN_POINT('',(-67.75,-2.,51.387));
#6789 = DIRECTION('',(0.,1.,0.));
#6790 = DIRECTION('',(0.,-0.,1.));
#6791 = ADVANCED_FACE('',(#6792),#6803,.F.);
#6792 = FACE_BOUND('',#6793,.F.);
#6793 = EDGE_LOOP('',(#6794,#6795,#6801,#6802));
#6794 = ORIENTED_EDGE('',*,*,#3699,.F.);
#6795 = ORIENTED_EDGE('',*,*,#6796,.F.);
#6796 = EDGE_CURVE('',#1257,#3700,#6797,.T.);
#6797 = LINE('',#6798,#6799);
#6798 = CARTESIAN_POINT('',(-61.25,-2.,52.987));
#6799 = VECTOR('',#6800,1.);
#6800 = DIRECTION('',(0.,1.,0.));
#6801 = ORIENTED_EDGE('',*,*,#1256,.T.);
#6802 = ORIENTED_EDGE('',*,*,#6796,.T.);
#6803 = CYLINDRICAL_SURFACE('',#6804,1.6);
#6804 = AXIS2_PLACEMENT_3D('',#6805,#6806,#6807);
#6805 = CARTESIAN_POINT('',(-61.25,-2.,51.387));
#6806 = DIRECTION('',(0.,1.,0.));
#6807 = DIRECTION('',(0.,-0.,1.));
#6808 = ADVANCED_FACE('',(#6809),#6820,.F.);
#6809 = FACE_BOUND('',#6810,.F.);
#6810 = EDGE_LOOP('',(#6811,#6812,#6818,#6819));
#6811 = ORIENTED_EDGE('',*,*,#3710,.F.);
#6812 = ORIENTED_EDGE('',*,*,#6813,.F.);
#6813 = EDGE_CURVE('',#1268,#3711,#6814,.T.);
#6814 = LINE('',#6815,#6816);
#6815 = CARTESIAN_POINT('',(-28.75,-2.,19.213));
#6816 = VECTOR('',#6817,1.);
#6817 = DIRECTION('',(0.,1.,0.));
#6818 = ORIENTED_EDGE('',*,*,#1267,.T.);
#6819 = ORIENTED_EDGE('',*,*,#6813,.T.);
#6820 = CYLINDRICAL_SURFACE('',#6821,1.6);
#6821 = AXIS2_PLACEMENT_3D('',#6822,#6823,#6824);
#6822 = CARTESIAN_POINT('',(-28.75,-2.,17.613));
#6823 = DIRECTION('',(0.,1.,0.));
#6824 = DIRECTION('',(0.,-0.,1.));
#6825 = ADVANCED_FACE('',(#6826),#6837,.F.);
#6826 = FACE_BOUND('',#6827,.F.);
#6827 = EDGE_LOOP('',(#6828,#6829,#6835,#6836));
#6828 = ORIENTED_EDGE('',*,*,#3721,.F.);
#6829 = ORIENTED_EDGE('',*,*,#6830,.F.);
#6830 = EDGE_CURVE('',#1279,#3722,#6831,.T.);
#6831 = LINE('',#6832,#6833);
#6832 = CARTESIAN_POINT('',(-22.25,-2.,19.213));
#6833 = VECTOR('',#6834,1.);
#6834 = DIRECTION('',(0.,1.,0.));
#6835 = ORIENTED_EDGE('',*,*,#1278,.T.);
#6836 = ORIENTED_EDGE('',*,*,#6830,.T.);
#6837 = CYLINDRICAL_SURFACE('',#6838,1.6);
#6838 = AXIS2_PLACEMENT_3D('',#6839,#6840,#6841);
#6839 = CARTESIAN_POINT('',(-22.25,-2.,17.613));
#6840 = DIRECTION('',(0.,1.,0.));
#6841 = DIRECTION('',(0.,-0.,1.));
#6842 = ADVANCED_FACE('',(#6843),#6854,.F.);
#6843 = FACE_BOUND('',#6844,.F.);
#6844 = EDGE_LOOP('',(#6845,#6846,#6852,#6853));
#6845 = ORIENTED_EDGE('',*,*,#3732,.F.);
#6846 = ORIENTED_EDGE('',*,*,#6847,.F.);
#6847 = EDGE_CURVE('',#1290,#3733,#6848,.T.);
#6848 = LINE('',#6849,#6850);
#6849 = CARTESIAN_POINT('',(-42.25,-2.,21.961));
#6850 = VECTOR('',#6851,1.);
#6851 = DIRECTION('',(0.,1.,0.));
#6852 = ORIENTED_EDGE('',*,*,#1289,.T.);
#6853 = ORIENTED_EDGE('',*,*,#6847,.T.);
#6854 = CYLINDRICAL_SURFACE('',#6855,1.75);
#6855 = AXIS2_PLACEMENT_3D('',#6856,#6857,#6858);
#6856 = CARTESIAN_POINT('',(-42.25,-2.,20.211));
#6857 = DIRECTION('',(0.,1.,0.));
#6858 = DIRECTION('',(0.,-0.,1.));
#6859 = ADVANCED_FACE('',(#6860),#6876,.F.);
#6860 = FACE_BOUND('',#6861,.F.);
#6861 = EDGE_LOOP('',(#6862,#6863,#6869,#6870));
#6862 = ORIENTED_EDGE('',*,*,#3743,.F.);
#6863 = ORIENTED_EDGE('',*,*,#6864,.F.);
#6864 = EDGE_CURVE('',#1301,#3744,#6865,.T.);
#6865 = LINE('',#6866,#6867);
#6866 = CARTESIAN_POINT('',(-35.25,-2.,19.213));
#6867 = VECTOR('',#6868,1.);
#6868 = DIRECTION('',(0.,1.,0.));
#6869 = ORIENTED_EDGE('',*,*,#1300,.T.);
#6870 = ORIENTED_EDGE('',*,*,#6871,.T.);
#6871 = EDGE_CURVE('',#1303,#3746,#6872,.T.);
#6872 = LINE('',#6873,#6874);
#6873 = CARTESIAN_POINT('',(-36.60290596868,-2.,18.467192858728));
#6874 = VECTOR('',#6875,1.);
#6875 = DIRECTION('',(0.,1.,0.));
#6876 = CYLINDRICAL_SURFACE('',#6877,1.6);
#6877 = AXIS2_PLACEMENT_3D('',#6878,#6879,#6880);
#6878 = CARTESIAN_POINT('',(-35.25,-2.,17.613));
#6879 = DIRECTION('',(0.,1.,0.));
#6880 = DIRECTION('',(0.,-0.,1.));
#6881 = ADVANCED_FACE('',(#6882),#6893,.F.);
#6882 = FACE_BOUND('',#6883,.F.);
#6883 = EDGE_LOOP('',(#6884,#6890,#6891,#6892));
#6884 = ORIENTED_EDGE('',*,*,#6885,.T.);
#6885 = EDGE_CURVE('',#1321,#3764,#6886,.T.);
#6886 = LINE('',#6887,#6888);
#6887 = CARTESIAN_POINT('',(-36.75,-2.,21.961));
#6888 = VECTOR('',#6889,1.);
#6889 = DIRECTION('',(0.,1.,0.));
#6890 = ORIENTED_EDGE('',*,*,#3772,.F.);
#6891 = ORIENTED_EDGE('',*,*,#6871,.F.);
#6892 = ORIENTED_EDGE('',*,*,#1329,.T.);
#6893 = CYLINDRICAL_SURFACE('',#6894,1.75);
#6894 = AXIS2_PLACEMENT_3D('',#6895,#6896,#6897);
#6895 = CARTESIAN_POINT('',(-36.75,-2.,20.211));
#6896 = DIRECTION('',(0.,1.,0.));
#6897 = DIRECTION('',(0.,-0.,1.));
#6898 = ADVANCED_FACE('',(#6899),#6910,.F.);
#6899 = FACE_BOUND('',#6900,.F.);
#6900 = EDGE_LOOP('',(#6901,#6902,#6903,#6904));
#6901 = ORIENTED_EDGE('',*,*,#3763,.F.);
#6902 = ORIENTED_EDGE('',*,*,#6885,.F.);
#6903 = ORIENTED_EDGE('',*,*,#1320,.T.);
#6904 = ORIENTED_EDGE('',*,*,#6905,.T.);
#6905 = EDGE_CURVE('',#1312,#3755,#6906,.T.);
#6906 = LINE('',#6907,#6908);
#6907 = CARTESIAN_POINT('',(-35.31334034615,-2.,19.211745758571));
#6908 = VECTOR('',#6909,1.);
#6909 = DIRECTION('',(0.,1.,0.));
#6910 = CYLINDRICAL_SURFACE('',#6911,1.75);
#6911 = AXIS2_PLACEMENT_3D('',#6912,#6913,#6914);
#6912 = CARTESIAN_POINT('',(-36.75,-2.,20.211));
#6913 = DIRECTION('',(0.,1.,0.));
#6914 = DIRECTION('',(0.,-0.,1.));
#6915 = ADVANCED_FACE('',(#6916),#6922,.F.);
#6916 = FACE_BOUND('',#6917,.F.);
#6917 = EDGE_LOOP('',(#6918,#6919,#6920,#6921));
#6918 = ORIENTED_EDGE('',*,*,#6864,.T.);
#6919 = ORIENTED_EDGE('',*,*,#3754,.F.);
#6920 = ORIENTED_EDGE('',*,*,#6905,.F.);
#6921 = ORIENTED_EDGE('',*,*,#1311,.T.);
#6922 = CYLINDRICAL_SURFACE('',#6923,1.6);
#6923 = AXIS2_PLACEMENT_3D('',#6924,#6925,#6926);
#6924 = CARTESIAN_POINT('',(-35.25,-2.,17.613));
#6925 = DIRECTION('',(0.,1.,0.));
#6926 = DIRECTION('',(0.,-0.,1.));
#6927 = ADVANCED_FACE('',(#6928),#6939,.F.);
#6928 = FACE_BOUND('',#6929,.F.);
#6929 = EDGE_LOOP('',(#6930,#6931,#6937,#6938));
#6930 = ORIENTED_EDGE('',*,*,#3781,.F.);
#6931 = ORIENTED_EDGE('',*,*,#6932,.F.);
#6932 = EDGE_CURVE('',#1339,#3782,#6933,.T.);
#6933 = LINE('',#6934,#6935);
#6934 = CARTESIAN_POINT('',(-25.5,-2.,24.842));
#6935 = VECTOR('',#6936,1.);
#6936 = DIRECTION('',(0.,1.,0.));
#6937 = ORIENTED_EDGE('',*,*,#1338,.T.);
#6938 = ORIENTED_EDGE('',*,*,#6932,.T.);
#6939 = CYLINDRICAL_SURFACE('',#6940,1.6);
#6940 = AXIS2_PLACEMENT_3D('',#6941,#6942,#6943);
#6941 = CARTESIAN_POINT('',(-25.5,-2.,23.242));
#6942 = DIRECTION('',(0.,1.,0.));
#6943 = DIRECTION('',(0.,-0.,1.));
#6944 = ADVANCED_FACE('',(#6945),#6956,.F.);
#6945 = FACE_BOUND('',#6946,.F.);
#6946 = EDGE_LOOP('',(#6947,#6948,#6954,#6955));
#6947 = ORIENTED_EDGE('',*,*,#3792,.F.);
#6948 = ORIENTED_EDGE('',*,*,#6949,.F.);
#6949 = EDGE_CURVE('',#1350,#3793,#6950,.T.);
#6950 = LINE('',#6951,#6952);
#6951 = CARTESIAN_POINT('',(-15.75,-2.,19.213));
#6952 = VECTOR('',#6953,1.);
#6953 = DIRECTION('',(0.,1.,0.));
#6954 = ORIENTED_EDGE('',*,*,#1349,.T.);
#6955 = ORIENTED_EDGE('',*,*,#6949,.T.);
#6956 = CYLINDRICAL_SURFACE('',#6957,1.6);
#6957 = AXIS2_PLACEMENT_3D('',#6958,#6959,#6960);
#6958 = CARTESIAN_POINT('',(-15.75,-2.,17.613));
#6959 = DIRECTION('',(0.,1.,0.));
#6960 = DIRECTION('',(0.,-0.,1.));
#6961 = ADVANCED_FACE('',(#6962),#6973,.F.);
#6962 = FACE_BOUND('',#6963,.F.);
#6963 = EDGE_LOOP('',(#6964,#6965,#6971,#6972));
#6964 = ORIENTED_EDGE('',*,*,#3803,.F.);
#6965 = ORIENTED_EDGE('',*,*,#6966,.F.);
#6966 = EDGE_CURVE('',#1361,#3804,#6967,.T.);
#6967 = LINE('',#6968,#6969);
#6968 = CARTESIAN_POINT('',(-9.25,-2.,19.213));
#6969 = VECTOR('',#6970,1.);
#6970 = DIRECTION('',(0.,1.,0.));
#6971 = ORIENTED_EDGE('',*,*,#1360,.T.);
#6972 = ORIENTED_EDGE('',*,*,#6966,.T.);
#6973 = CYLINDRICAL_SURFACE('',#6974,1.6);
#6974 = AXIS2_PLACEMENT_3D('',#6975,#6976,#6977);
#6975 = CARTESIAN_POINT('',(-9.25,-2.,17.613));
#6976 = DIRECTION('',(0.,1.,0.));
#6977 = DIRECTION('',(0.,-0.,1.));
#6978 = ADVANCED_FACE('',(#6979),#6990,.F.);
#6979 = FACE_BOUND('',#6980,.F.);
#6980 = EDGE_LOOP('',(#6981,#6982,#6988,#6989));
#6981 = ORIENTED_EDGE('',*,*,#3814,.F.);
#6982 = ORIENTED_EDGE('',*,*,#6983,.F.);
#6983 = EDGE_CURVE('',#1372,#3815,#6984,.T.);
#6984 = LINE('',#6985,#6986);
#6985 = CARTESIAN_POINT('',(-2.75,-2.,19.213));
#6986 = VECTOR('',#6987,1.);
#6987 = DIRECTION('',(0.,1.,0.));
#6988 = ORIENTED_EDGE('',*,*,#1371,.T.);
#6989 = ORIENTED_EDGE('',*,*,#6983,.T.);
#6990 = CYLINDRICAL_SURFACE('',#6991,1.6);
#6991 = AXIS2_PLACEMENT_3D('',#6992,#6993,#6994);
#6992 = CARTESIAN_POINT('',(-2.75,-2.,17.613));
#6993 = DIRECTION('',(0.,1.,0.));
#6994 = DIRECTION('',(0.,-0.,1.));
#6995 = ADVANCED_FACE('',(#6996),#7007,.F.);
#6996 = FACE_BOUND('',#6997,.F.);
#6997 = EDGE_LOOP('',(#6998,#6999,#7005,#7006));
#6998 = ORIENTED_EDGE('',*,*,#3825,.F.);
#6999 = ORIENTED_EDGE('',*,*,#7000,.F.);
#7000 = EDGE_CURVE('',#1383,#3826,#7001,.T.);
#7001 = LINE('',#7002,#7003);
#7002 = CARTESIAN_POINT('',(-19.,-2.,24.842));
#7003 = VECTOR('',#7004,1.);
#7004 = DIRECTION('',(0.,1.,0.));
#7005 = ORIENTED_EDGE('',*,*,#1382,.T.);
#7006 = ORIENTED_EDGE('',*,*,#7000,.T.);
#7007 = CYLINDRICAL_SURFACE('',#7008,1.6);
#7008 = AXIS2_PLACEMENT_3D('',#7009,#7010,#7011);
#7009 = CARTESIAN_POINT('',(-19.,-2.,23.242));
#7010 = DIRECTION('',(0.,1.,0.));
#7011 = DIRECTION('',(0.,-0.,1.));
#7012 = ADVANCED_FACE('',(#7013),#7024,.F.);
#7013 = FACE_BOUND('',#7014,.F.);
#7014 = EDGE_LOOP('',(#7015,#7016,#7022,#7023));
#7015 = ORIENTED_EDGE('',*,*,#3836,.F.);
#7016 = ORIENTED_EDGE('',*,*,#7017,.F.);
#7017 = EDGE_CURVE('',#1394,#3837,#7018,.T.);
#7018 = LINE('',#7019,#7020);
#7019 = CARTESIAN_POINT('',(-12.5,-2.,24.842));
#7020 = VECTOR('',#7021,1.);
#7021 = DIRECTION('',(0.,1.,0.));
#7022 = ORIENTED_EDGE('',*,*,#1393,.T.);
#7023 = ORIENTED_EDGE('',*,*,#7017,.T.);
#7024 = CYLINDRICAL_SURFACE('',#7025,1.6);
#7025 = AXIS2_PLACEMENT_3D('',#7026,#7027,#7028);
#7026 = CARTESIAN_POINT('',(-12.5,-2.,23.242));
#7027 = DIRECTION('',(0.,1.,0.));
#7028 = DIRECTION('',(0.,-0.,1.));
#7029 = ADVANCED_FACE('',(#7030),#7041,.F.);
#7030 = FACE_BOUND('',#7031,.F.);
#7031 = EDGE_LOOP('',(#7032,#7033,#7039,#7040));
#7032 = ORIENTED_EDGE('',*,*,#3847,.F.);
#7033 = ORIENTED_EDGE('',*,*,#7034,.F.);
#7034 = EDGE_CURVE('',#1405,#3848,#7035,.T.);
#7035 = LINE('',#7036,#7037);
#7036 = CARTESIAN_POINT('',(-6.,-2.,24.842));
#7037 = VECTOR('',#7038,1.);
#7038 = DIRECTION('',(0.,1.,0.));
#7039 = ORIENTED_EDGE('',*,*,#1404,.T.);
#7040 = ORIENTED_EDGE('',*,*,#7034,.T.);
#7041 = CYLINDRICAL_SURFACE('',#7042,1.6);
#7042 = AXIS2_PLACEMENT_3D('',#7043,#7044,#7045);
#7043 = CARTESIAN_POINT('',(-6.,-2.,23.242));
#7044 = DIRECTION('',(0.,1.,0.));
#7045 = DIRECTION('',(0.,-0.,1.));
#7046 = ADVANCED_FACE('',(#7047),#7058,.F.);
#7047 = FACE_BOUND('',#7048,.F.);
#7048 = EDGE_LOOP('',(#7049,#7050,#7056,#7057));
#7049 = ORIENTED_EDGE('',*,*,#3858,.F.);
#7050 = ORIENTED_EDGE('',*,*,#7051,.F.);
#7051 = EDGE_CURVE('',#1416,#3859,#7052,.T.);
#7052 = LINE('',#7053,#7054);
#7053 = CARTESIAN_POINT('',(0.5,-2.,24.842));
#7054 = VECTOR('',#7055,1.);
#7055 = DIRECTION('',(0.,1.,0.));
#7056 = ORIENTED_EDGE('',*,*,#1415,.T.);
#7057 = ORIENTED_EDGE('',*,*,#7051,.T.);
#7058 = CYLINDRICAL_SURFACE('',#7059,1.6);
#7059 = AXIS2_PLACEMENT_3D('',#7060,#7061,#7062);
#7060 = CARTESIAN_POINT('',(0.5,-2.,23.242));
#7061 = DIRECTION('',(0.,1.,0.));
#7062 = DIRECTION('',(0.,-0.,1.));
#7063 = ADVANCED_FACE('',(#7064),#7075,.F.);
#7064 = FACE_BOUND('',#7065,.F.);
#7065 = EDGE_LOOP('',(#7066,#7067,#7073,#7074));
#7066 = ORIENTED_EDGE('',*,*,#3869,.F.);
#7067 = ORIENTED_EDGE('',*,*,#7068,.F.);
#7068 = EDGE_CURVE('',#1427,#3870,#7069,.T.);
#7069 = LINE('',#7070,#7071);
#7070 = CARTESIAN_POINT('',(-45.,-2.,26.724));
#7071 = VECTOR('',#7072,1.);
#7072 = DIRECTION('',(0.,1.,0.));
#7073 = ORIENTED_EDGE('',*,*,#1426,.T.);
#7074 = ORIENTED_EDGE('',*,*,#7068,.T.);
#7075 = CYLINDRICAL_SURFACE('',#7076,1.75);
#7076 = AXIS2_PLACEMENT_3D('',#7077,#7078,#7079);
#7077 = CARTESIAN_POINT('',(-45.,-2.,24.974));
#7078 = DIRECTION('',(0.,1.,0.));
#7079 = DIRECTION('',(0.,-0.,1.));
#7080 = ADVANCED_FACE('',(#7081),#7092,.F.);
#7081 = FACE_BOUND('',#7082,.F.);
#7082 = EDGE_LOOP('',(#7083,#7084,#7090,#7091));
#7083 = ORIENTED_EDGE('',*,*,#3880,.F.);
#7084 = ORIENTED_EDGE('',*,*,#7085,.F.);
#7085 = EDGE_CURVE('',#1438,#3881,#7086,.T.);
#7086 = LINE('',#7087,#7088);
#7087 = CARTESIAN_POINT('',(-39.5,-2.,26.724));
#7088 = VECTOR('',#7089,1.);
#7089 = DIRECTION('',(0.,1.,0.));
#7090 = ORIENTED_EDGE('',*,*,#1437,.T.);
#7091 = ORIENTED_EDGE('',*,*,#7085,.T.);
#7092 = CYLINDRICAL_SURFACE('',#7093,1.75);
#7093 = AXIS2_PLACEMENT_3D('',#7094,#7095,#7096);
#7094 = CARTESIAN_POINT('',(-39.5,-2.,24.974));
#7095 = DIRECTION('',(0.,1.,0.));
#7096 = DIRECTION('',(0.,-0.,1.));
#7097 = ADVANCED_FACE('',(#7098),#7109,.F.);
#7098 = FACE_BOUND('',#7099,.F.);
#7099 = EDGE_LOOP('',(#7100,#7101,#7107,#7108));
#7100 = ORIENTED_EDGE('',*,*,#3891,.F.);
#7101 = ORIENTED_EDGE('',*,*,#7102,.F.);
#7102 = EDGE_CURVE('',#1449,#3892,#7103,.T.);
#7103 = LINE('',#7104,#7105);
#7104 = CARTESIAN_POINT('',(-34.,-2.,26.724));
#7105 = VECTOR('',#7106,1.);
#7106 = DIRECTION('',(0.,1.,0.));
#7107 = ORIENTED_EDGE('',*,*,#1448,.T.);
#7108 = ORIENTED_EDGE('',*,*,#7102,.T.);
#7109 = CYLINDRICAL_SURFACE('',#7110,1.75);
#7110 = AXIS2_PLACEMENT_3D('',#7111,#7112,#7113);
#7111 = CARTESIAN_POINT('',(-34.,-2.,24.974));
#7112 = DIRECTION('',(0.,1.,0.));
#7113 = DIRECTION('',(0.,-0.,1.));
#7114 = ADVANCED_FACE('',(#7115),#7126,.F.);
#7115 = FACE_BOUND('',#7116,.F.);
#7116 = EDGE_LOOP('',(#7117,#7118,#7124,#7125));
#7117 = ORIENTED_EDGE('',*,*,#3902,.F.);
#7118 = ORIENTED_EDGE('',*,*,#7119,.F.);
#7119 = EDGE_CURVE('',#1460,#3903,#7120,.T.);
#7120 = LINE('',#7121,#7122);
#7121 = CARTESIAN_POINT('',(-22.25,-2.,30.471));
#7122 = VECTOR('',#7123,1.);
#7123 = DIRECTION('',(0.,1.,0.));
#7124 = ORIENTED_EDGE('',*,*,#1459,.T.);
#7125 = ORIENTED_EDGE('',*,*,#7119,.T.);
#7126 = CYLINDRICAL_SURFACE('',#7127,1.6);
#7127 = AXIS2_PLACEMENT_3D('',#7128,#7129,#7130);
#7128 = CARTESIAN_POINT('',(-22.25,-2.,28.871));
#7129 = DIRECTION('',(0.,1.,0.));
#7130 = DIRECTION('',(0.,-0.,1.));
#7131 = ADVANCED_FACE('',(#7132),#7143,.F.);
#7132 = FACE_BOUND('',#7133,.F.);
#7133 = EDGE_LOOP('',(#7134,#7135,#7141,#7142));
#7134 = ORIENTED_EDGE('',*,*,#3913,.F.);
#7135 = ORIENTED_EDGE('',*,*,#7136,.F.);
#7136 = EDGE_CURVE('',#1471,#3914,#7137,.T.);
#7137 = LINE('',#7138,#7139);
#7138 = CARTESIAN_POINT('',(-42.25,-2.,31.487));
#7139 = VECTOR('',#7140,1.);
#7140 = DIRECTION('',(0.,1.,0.));
#7141 = ORIENTED_EDGE('',*,*,#1470,.T.);
#7142 = ORIENTED_EDGE('',*,*,#7136,.T.);
#7143 = CYLINDRICAL_SURFACE('',#7144,1.75);
#7144 = AXIS2_PLACEMENT_3D('',#7145,#7146,#7147);
#7145 = CARTESIAN_POINT('',(-42.25,-2.,29.737));
#7146 = DIRECTION('',(0.,1.,0.));
#7147 = DIRECTION('',(0.,-0.,1.));
#7148 = ADVANCED_FACE('',(#7149),#7160,.F.);
#7149 = FACE_BOUND('',#7150,.F.);
#7150 = EDGE_LOOP('',(#7151,#7152,#7158,#7159));
#7151 = ORIENTED_EDGE('',*,*,#3924,.F.);
#7152 = ORIENTED_EDGE('',*,*,#7153,.F.);
#7153 = EDGE_CURVE('',#1482,#3925,#7154,.T.);
#7154 = LINE('',#7155,#7156);
#7155 = CARTESIAN_POINT('',(-36.75,-2.,31.487));
#7156 = VECTOR('',#7157,1.);
#7157 = DIRECTION('',(0.,1.,0.));
#7158 = ORIENTED_EDGE('',*,*,#1481,.T.);
#7159 = ORIENTED_EDGE('',*,*,#7153,.T.);
#7160 = CYLINDRICAL_SURFACE('',#7161,1.75);
#7161 = AXIS2_PLACEMENT_3D('',#7162,#7163,#7164);
#7162 = CARTESIAN_POINT('',(-36.75,-2.,29.737));
#7163 = DIRECTION('',(0.,1.,0.));
#7164 = DIRECTION('',(0.,-0.,1.));
#7165 = ADVANCED_FACE('',(#7166),#7177,.F.);
#7166 = FACE_BOUND('',#7167,.F.);
#7167 = EDGE_LOOP('',(#7168,#7169,#7175,#7176));
#7168 = ORIENTED_EDGE('',*,*,#3935,.F.);
#7169 = ORIENTED_EDGE('',*,*,#7170,.F.);
#7170 = EDGE_CURVE('',#1493,#3936,#7171,.T.);
#7171 = LINE('',#7172,#7173);
#7172 = CARTESIAN_POINT('',(-45.,-2.,36.25));
#7173 = VECTOR('',#7174,1.);
#7174 = DIRECTION('',(0.,1.,0.));
#7175 = ORIENTED_EDGE('',*,*,#1492,.T.);
#7176 = ORIENTED_EDGE('',*,*,#7170,.T.);
#7177 = CYLINDRICAL_SURFACE('',#7178,1.75);
#7178 = AXIS2_PLACEMENT_3D('',#7179,#7180,#7181);
#7179 = CARTESIAN_POINT('',(-45.,-2.,34.5));
#7180 = DIRECTION('',(0.,1.,0.));
#7181 = DIRECTION('',(0.,-0.,1.));
#7182 = ADVANCED_FACE('',(#7183),#7194,.F.);
#7183 = FACE_BOUND('',#7184,.F.);
#7184 = EDGE_LOOP('',(#7185,#7186,#7192,#7193));
#7185 = ORIENTED_EDGE('',*,*,#3946,.F.);
#7186 = ORIENTED_EDGE('',*,*,#7187,.F.);
#7187 = EDGE_CURVE('',#1504,#3947,#7188,.T.);
#7188 = LINE('',#7189,#7190);
#7189 = CARTESIAN_POINT('',(-39.5,-2.,36.25));
#7190 = VECTOR('',#7191,1.);
#7191 = DIRECTION('',(0.,1.,0.));
#7192 = ORIENTED_EDGE('',*,*,#1503,.T.);
#7193 = ORIENTED_EDGE('',*,*,#7187,.T.);
#7194 = CYLINDRICAL_SURFACE('',#7195,1.75);
#7195 = AXIS2_PLACEMENT_3D('',#7196,#7197,#7198);
#7196 = CARTESIAN_POINT('',(-39.5,-2.,34.5));
#7197 = DIRECTION('',(0.,1.,0.));
#7198 = DIRECTION('',(0.,-0.,1.));
#7199 = ADVANCED_FACE('',(#7200),#7211,.F.);
#7200 = FACE_BOUND('',#7201,.F.);
#7201 = EDGE_LOOP('',(#7202,#7203,#7209,#7210));
#7202 = ORIENTED_EDGE('',*,*,#3957,.F.);
#7203 = ORIENTED_EDGE('',*,*,#7204,.F.);
#7204 = EDGE_CURVE('',#1515,#3958,#7205,.T.);
#7205 = LINE('',#7206,#7207);
#7206 = CARTESIAN_POINT('',(-34.,-2.,36.25));
#7207 = VECTOR('',#7208,1.);
#7208 = DIRECTION('',(0.,1.,0.));
#7209 = ORIENTED_EDGE('',*,*,#1514,.T.);
#7210 = ORIENTED_EDGE('',*,*,#7204,.T.);
#7211 = CYLINDRICAL_SURFACE('',#7212,1.75);
#7212 = AXIS2_PLACEMENT_3D('',#7213,#7214,#7215);
#7213 = CARTESIAN_POINT('',(-34.,-2.,34.5));
#7214 = DIRECTION('',(0.,1.,0.));
#7215 = DIRECTION('',(0.,-0.,1.));
#7216 = ADVANCED_FACE('',(#7217),#7228,.F.);
#7217 = FACE_BOUND('',#7218,.F.);
#7218 = EDGE_LOOP('',(#7219,#7220,#7226,#7227));
#7219 = ORIENTED_EDGE('',*,*,#3968,.F.);
#7220 = ORIENTED_EDGE('',*,*,#7221,.F.);
#7221 = EDGE_CURVE('',#1526,#3969,#7222,.T.);
#7222 = LINE('',#7223,#7224);
#7223 = CARTESIAN_POINT('',(-31.25,-2.,31.487));
#7224 = VECTOR('',#7225,1.);
#7225 = DIRECTION('',(0.,1.,0.));
#7226 = ORIENTED_EDGE('',*,*,#1525,.T.);
#7227 = ORIENTED_EDGE('',*,*,#7221,.T.);
#7228 = CYLINDRICAL_SURFACE('',#7229,1.75);
#7229 = AXIS2_PLACEMENT_3D('',#7230,#7231,#7232);
#7230 = CARTESIAN_POINT('',(-31.25,-2.,29.737));
#7231 = DIRECTION('',(0.,1.,0.));
#7232 = DIRECTION('',(0.,-0.,1.));
#7233 = ADVANCED_FACE('',(#7234),#7250,.F.);
#7234 = FACE_BOUND('',#7235,.F.);
#7235 = EDGE_LOOP('',(#7236,#7237,#7243,#7244));
#7236 = ORIENTED_EDGE('',*,*,#3979,.F.);
#7237 = ORIENTED_EDGE('',*,*,#7238,.F.);
#7238 = EDGE_CURVE('',#1537,#3980,#7239,.T.);
#7239 = LINE('',#7240,#7241);
#7240 = CARTESIAN_POINT('',(-25.5,-2.,36.1));
#7241 = VECTOR('',#7242,1.);
#7242 = DIRECTION('',(0.,1.,0.));
#7243 = ORIENTED_EDGE('',*,*,#1536,.T.);
#7244 = ORIENTED_EDGE('',*,*,#7245,.T.);
#7245 = EDGE_CURVE('',#1539,#3982,#7246,.T.);
#7246 = LINE('',#7247,#7248);
#7247 = CARTESIAN_POINT('',(-26.91625,-2.,33.755529760501));
#7248 = VECTOR('',#7249,1.);
#7249 = DIRECTION('',(0.,1.,0.));
#7250 = CYLINDRICAL_SURFACE('',#7251,1.6);
#7251 = AXIS2_PLACEMENT_3D('',#7252,#7253,#7254);
#7252 = CARTESIAN_POINT('',(-25.5,-2.,34.5));
#7253 = DIRECTION('',(0.,1.,0.));
#7254 = DIRECTION('',(0.,-0.,1.));
#7255 = ADVANCED_FACE('',(#7256),#7267,.F.);
#7256 = FACE_BOUND('',#7257,.F.);
#7257 = EDGE_LOOP('',(#7258,#7264,#7265,#7266));
#7258 = ORIENTED_EDGE('',*,*,#7259,.T.);
#7259 = EDGE_CURVE('',#1557,#4000,#7260,.T.);
#7260 = LINE('',#7261,#7262);
#7261 = CARTESIAN_POINT('',(-28.5,-2.,36.25));
#7262 = VECTOR('',#7263,1.);
#7263 = DIRECTION('',(0.,1.,0.));
#7264 = ORIENTED_EDGE('',*,*,#4008,.F.);
#7265 = ORIENTED_EDGE('',*,*,#7245,.F.);
#7266 = ORIENTED_EDGE('',*,*,#1565,.T.);
#7267 = CYLINDRICAL_SURFACE('',#7268,1.75);
#7268 = AXIS2_PLACEMENT_3D('',#7269,#7270,#7271);
#7269 = CARTESIAN_POINT('',(-28.5,-2.,34.5));
#7270 = DIRECTION('',(0.,1.,0.));
#7271 = DIRECTION('',(0.,-0.,1.));
#7272 = ADVANCED_FACE('',(#7273),#7284,.F.);
#7273 = FACE_BOUND('',#7274,.F.);
#7274 = EDGE_LOOP('',(#7275,#7276,#7277,#7278));
#7275 = ORIENTED_EDGE('',*,*,#3999,.F.);
#7276 = ORIENTED_EDGE('',*,*,#7259,.F.);
#7277 = ORIENTED_EDGE('',*,*,#1556,.T.);
#7278 = ORIENTED_EDGE('',*,*,#7279,.T.);
#7279 = EDGE_CURVE('',#1548,#3991,#7280,.T.);
#7280 = LINE('',#7281,#7282);
#7281 = CARTESIAN_POINT('',(-26.91625,-2.,35.244470239499));
#7282 = VECTOR('',#7283,1.);
#7283 = DIRECTION('',(0.,1.,0.));
#7284 = CYLINDRICAL_SURFACE('',#7285,1.75);
#7285 = AXIS2_PLACEMENT_3D('',#7286,#7287,#7288);
#7286 = CARTESIAN_POINT('',(-28.5,-2.,34.5));
#7287 = DIRECTION('',(0.,1.,0.));
#7288 = DIRECTION('',(0.,-0.,1.));
#7289 = ADVANCED_FACE('',(#7290),#7296,.F.);
#7290 = FACE_BOUND('',#7291,.F.);
#7291 = EDGE_LOOP('',(#7292,#7293,#7294,#7295));
#7292 = ORIENTED_EDGE('',*,*,#7238,.T.);
#7293 = ORIENTED_EDGE('',*,*,#3990,.F.);
#7294 = ORIENTED_EDGE('',*,*,#7279,.F.);
#7295 = ORIENTED_EDGE('',*,*,#1547,.T.);
#7296 = CYLINDRICAL_SURFACE('',#7297,1.6);
#7297 = AXIS2_PLACEMENT_3D('',#7298,#7299,#7300);
#7298 = CARTESIAN_POINT('',(-25.5,-2.,34.5));
#7299 = DIRECTION('',(0.,1.,0.));
#7300 = DIRECTION('',(0.,-0.,1.));
#7301 = ADVANCED_FACE('',(#7302),#7313,.F.);
#7302 = FACE_BOUND('',#7303,.F.);
#7303 = EDGE_LOOP('',(#7304,#7305,#7311,#7312));
#7304 = ORIENTED_EDGE('',*,*,#4017,.F.);
#7305 = ORIENTED_EDGE('',*,*,#7306,.F.);
#7306 = EDGE_CURVE('',#1575,#4018,#7307,.T.);
#7307 = LINE('',#7308,#7309);
#7308 = CARTESIAN_POINT('',(-15.75,-2.,30.471));
#7309 = VECTOR('',#7310,1.);
#7310 = DIRECTION('',(0.,1.,0.));
#7311 = ORIENTED_EDGE('',*,*,#1574,.T.);
#7312 = ORIENTED_EDGE('',*,*,#7306,.T.);
#7313 = CYLINDRICAL_SURFACE('',#7314,1.6);
#7314 = AXIS2_PLACEMENT_3D('',#7315,#7316,#7317);
#7315 = CARTESIAN_POINT('',(-15.75,-2.,28.871));
#7316 = DIRECTION('',(0.,1.,0.));
#7317 = DIRECTION('',(0.,-0.,1.));
#7318 = ADVANCED_FACE('',(#7319),#7330,.F.);
#7319 = FACE_BOUND('',#7320,.F.);
#7320 = EDGE_LOOP('',(#7321,#7322,#7328,#7329));
#7321 = ORIENTED_EDGE('',*,*,#4028,.F.);
#7322 = ORIENTED_EDGE('',*,*,#7323,.F.);
#7323 = EDGE_CURVE('',#1586,#4029,#7324,.T.);
#7324 = LINE('',#7325,#7326);
#7325 = CARTESIAN_POINT('',(-9.25,-2.,30.471));
#7326 = VECTOR('',#7327,1.);
#7327 = DIRECTION('',(0.,1.,0.));
#7328 = ORIENTED_EDGE('',*,*,#1585,.T.);
#7329 = ORIENTED_EDGE('',*,*,#7323,.T.);
#7330 = CYLINDRICAL_SURFACE('',#7331,1.6);
#7331 = AXIS2_PLACEMENT_3D('',#7332,#7333,#7334);
#7332 = CARTESIAN_POINT('',(-9.25,-2.,28.871));
#7333 = DIRECTION('',(0.,1.,0.));
#7334 = DIRECTION('',(0.,-0.,1.));
#7335 = ADVANCED_FACE('',(#7336),#7347,.F.);
#7336 = FACE_BOUND('',#7337,.F.);
#7337 = EDGE_LOOP('',(#7338,#7339,#7345,#7346));
#7338 = ORIENTED_EDGE('',*,*,#4039,.F.);
#7339 = ORIENTED_EDGE('',*,*,#7340,.F.);
#7340 = EDGE_CURVE('',#1597,#4040,#7341,.T.);
#7341 = LINE('',#7342,#7343);
#7342 = CARTESIAN_POINT('',(-2.75,-2.,30.471));
#7343 = VECTOR('',#7344,1.);
#7344 = DIRECTION('',(0.,1.,0.));
#7345 = ORIENTED_EDGE('',*,*,#1596,.T.);
#7346 = ORIENTED_EDGE('',*,*,#7340,.T.);
#7347 = CYLINDRICAL_SURFACE('',#7348,1.6);
#7348 = AXIS2_PLACEMENT_3D('',#7349,#7350,#7351);
#7349 = CARTESIAN_POINT('',(-2.75,-2.,28.871));
#7350 = DIRECTION('',(0.,1.,0.));
#7351 = DIRECTION('',(0.,-0.,1.));
#7352 = ADVANCED_FACE('',(#7353),#7364,.F.);
#7353 = FACE_BOUND('',#7354,.F.);
#7354 = EDGE_LOOP('',(#7355,#7356,#7362,#7363));
#7355 = ORIENTED_EDGE('',*,*,#4050,.F.);
#7356 = ORIENTED_EDGE('',*,*,#7357,.F.);
#7357 = EDGE_CURVE('',#1608,#4051,#7358,.T.);
#7358 = LINE('',#7359,#7360);
#7359 = CARTESIAN_POINT('',(-19.,-2.,36.1));
#7360 = VECTOR('',#7361,1.);
#7361 = DIRECTION('',(0.,1.,0.));
#7362 = ORIENTED_EDGE('',*,*,#1607,.T.);
#7363 = ORIENTED_EDGE('',*,*,#7357,.T.);
#7364 = CYLINDRICAL_SURFACE('',#7365,1.6);
#7365 = AXIS2_PLACEMENT_3D('',#7366,#7367,#7368);
#7366 = CARTESIAN_POINT('',(-19.,-2.,34.5));
#7367 = DIRECTION('',(0.,1.,0.));
#7368 = DIRECTION('',(0.,-0.,1.));
#7369 = ADVANCED_FACE('',(#7370),#7381,.F.);
#7370 = FACE_BOUND('',#7371,.F.);
#7371 = EDGE_LOOP('',(#7372,#7373,#7379,#7380));
#7372 = ORIENTED_EDGE('',*,*,#4061,.F.);
#7373 = ORIENTED_EDGE('',*,*,#7374,.F.);
#7374 = EDGE_CURVE('',#1619,#4062,#7375,.T.);
#7375 = LINE('',#7376,#7377);
#7376 = CARTESIAN_POINT('',(-12.5,-2.,36.1));
#7377 = VECTOR('',#7378,1.);
#7378 = DIRECTION('',(0.,1.,0.));
#7379 = ORIENTED_EDGE('',*,*,#1618,.T.);
#7380 = ORIENTED_EDGE('',*,*,#7374,.T.);
#7381 = CYLINDRICAL_SURFACE('',#7382,1.6);
#7382 = AXIS2_PLACEMENT_3D('',#7383,#7384,#7385);
#7383 = CARTESIAN_POINT('',(-12.5,-2.,34.5));
#7384 = DIRECTION('',(0.,1.,0.));
#7385 = DIRECTION('',(0.,-0.,1.));
#7386 = ADVANCED_FACE('',(#7387),#7398,.F.);
#7387 = FACE_BOUND('',#7388,.F.);
#7388 = EDGE_LOOP('',(#7389,#7390,#7396,#7397));
#7389 = ORIENTED_EDGE('',*,*,#4072,.F.);
#7390 = ORIENTED_EDGE('',*,*,#7391,.F.);
#7391 = EDGE_CURVE('',#1630,#4073,#7392,.T.);
#7392 = LINE('',#7393,#7394);
#7393 = CARTESIAN_POINT('',(-6.,-2.,36.1));
#7394 = VECTOR('',#7395,1.);
#7395 = DIRECTION('',(0.,1.,0.));
#7396 = ORIENTED_EDGE('',*,*,#1629,.T.);
#7397 = ORIENTED_EDGE('',*,*,#7391,.T.);
#7398 = CYLINDRICAL_SURFACE('',#7399,1.6);
#7399 = AXIS2_PLACEMENT_3D('',#7400,#7401,#7402);
#7400 = CARTESIAN_POINT('',(-6.,-2.,34.5));
#7401 = DIRECTION('',(0.,1.,0.));
#7402 = DIRECTION('',(0.,-0.,1.));
#7403 = ADVANCED_FACE('',(#7404),#7415,.F.);
#7404 = FACE_BOUND('',#7405,.F.);
#7405 = EDGE_LOOP('',(#7406,#7407,#7413,#7414));
#7406 = ORIENTED_EDGE('',*,*,#4083,.F.);
#7407 = ORIENTED_EDGE('',*,*,#7408,.F.);
#7408 = EDGE_CURVE('',#1641,#4084,#7409,.T.);
#7409 = LINE('',#7410,#7411);
#7410 = CARTESIAN_POINT('',(0.5,-2.,36.1));
#7411 = VECTOR('',#7412,1.);
#7412 = DIRECTION('',(0.,1.,0.));
#7413 = ORIENTED_EDGE('',*,*,#1640,.T.);
#7414 = ORIENTED_EDGE('',*,*,#7408,.T.);
#7415 = CYLINDRICAL_SURFACE('',#7416,1.6);
#7416 = AXIS2_PLACEMENT_3D('',#7417,#7418,#7419);
#7417 = CARTESIAN_POINT('',(0.5,-2.,34.5));
#7418 = DIRECTION('',(0.,1.,0.));
#7419 = DIRECTION('',(0.,-0.,1.));
#7420 = ADVANCED_FACE('',(#7421),#7432,.F.);
#7421 = FACE_BOUND('',#7422,.F.);
#7422 = EDGE_LOOP('',(#7423,#7424,#7430,#7431));
#7423 = ORIENTED_EDGE('',*,*,#4094,.F.);
#7424 = ORIENTED_EDGE('',*,*,#7425,.F.);
#7425 = EDGE_CURVE('',#1652,#4095,#7426,.T.);
#7426 = LINE('',#7427,#7428);
#7427 = CARTESIAN_POINT('',(3.75,-2.,19.213));
#7428 = VECTOR('',#7429,1.);
#7429 = DIRECTION('',(0.,1.,0.));
#7430 = ORIENTED_EDGE('',*,*,#1651,.T.);
#7431 = ORIENTED_EDGE('',*,*,#7425,.T.);
#7432 = CYLINDRICAL_SURFACE('',#7433,1.6);
#7433 = AXIS2_PLACEMENT_3D('',#7434,#7435,#7436);
#7434 = CARTESIAN_POINT('',(3.75,-2.,17.613));
#7435 = DIRECTION('',(0.,1.,0.));
#7436 = DIRECTION('',(0.,-0.,1.));
#7437 = ADVANCED_FACE('',(#7438),#7449,.F.);
#7438 = FACE_BOUND('',#7439,.F.);
#7439 = EDGE_LOOP('',(#7440,#7441,#7447,#7448));
#7440 = ORIENTED_EDGE('',*,*,#4105,.F.);
#7441 = ORIENTED_EDGE('',*,*,#7442,.F.);
#7442 = EDGE_CURVE('',#1663,#4106,#7443,.T.);
#7443 = LINE('',#7444,#7445);
#7444 = CARTESIAN_POINT('',(10.25,-2.,19.213));
#7445 = VECTOR('',#7446,1.);
#7446 = DIRECTION('',(0.,1.,0.));
#7447 = ORIENTED_EDGE('',*,*,#1662,.T.);
#7448 = ORIENTED_EDGE('',*,*,#7442,.T.);
#7449 = CYLINDRICAL_SURFACE('',#7450,1.6);
#7450 = AXIS2_PLACEMENT_3D('',#7451,#7452,#7453);
#7451 = CARTESIAN_POINT('',(10.25,-2.,17.613));
#7452 = DIRECTION('',(0.,1.,0.));
#7453 = DIRECTION('',(0.,-0.,1.));
#7454 = ADVANCED_FACE('',(#7455),#7466,.F.);
#7455 = FACE_BOUND('',#7456,.F.);
#7456 = EDGE_LOOP('',(#7457,#7458,#7464,#7465));
#7457 = ORIENTED_EDGE('',*,*,#4116,.F.);
#7458 = ORIENTED_EDGE('',*,*,#7459,.F.);
#7459 = EDGE_CURVE('',#1674,#4117,#7460,.T.);
#7460 = LINE('',#7461,#7462);
#7461 = CARTESIAN_POINT('',(16.75,-2.,19.213));
#7462 = VECTOR('',#7463,1.);
#7463 = DIRECTION('',(0.,1.,0.));
#7464 = ORIENTED_EDGE('',*,*,#1673,.T.);
#7465 = ORIENTED_EDGE('',*,*,#7459,.T.);
#7466 = CYLINDRICAL_SURFACE('',#7467,1.6);
#7467 = AXIS2_PLACEMENT_3D('',#7468,#7469,#7470);
#7468 = CARTESIAN_POINT('',(16.75,-2.,17.613));
#7469 = DIRECTION('',(0.,1.,0.));
#7470 = DIRECTION('',(0.,-0.,1.));
#7471 = ADVANCED_FACE('',(#7472),#7483,.F.);
#7472 = FACE_BOUND('',#7473,.F.);
#7473 = EDGE_LOOP('',(#7474,#7475,#7481,#7482));
#7474 = ORIENTED_EDGE('',*,*,#4127,.F.);
#7475 = ORIENTED_EDGE('',*,*,#7476,.F.);
#7476 = EDGE_CURVE('',#1685,#4128,#7477,.T.);
#7477 = LINE('',#7478,#7479);
#7478 = CARTESIAN_POINT('',(23.25,-2.,19.213));
#7479 = VECTOR('',#7480,1.);
#7480 = DIRECTION('',(0.,1.,0.));
#7481 = ORIENTED_EDGE('',*,*,#1684,.T.);
#7482 = ORIENTED_EDGE('',*,*,#7476,.T.);
#7483 = CYLINDRICAL_SURFACE('',#7484,1.6);
#7484 = AXIS2_PLACEMENT_3D('',#7485,#7486,#7487);
#7485 = CARTESIAN_POINT('',(23.25,-2.,17.613));
#7486 = DIRECTION('',(0.,1.,0.));
#7487 = DIRECTION('',(0.,-0.,1.));
#7488 = ADVANCED_FACE('',(#7489),#7500,.F.);
#7489 = FACE_BOUND('',#7490,.F.);
#7490 = EDGE_LOOP('',(#7491,#7492,#7498,#7499));
#7491 = ORIENTED_EDGE('',*,*,#4138,.F.);
#7492 = ORIENTED_EDGE('',*,*,#7493,.F.);
#7493 = EDGE_CURVE('',#1696,#4139,#7494,.T.);
#7494 = LINE('',#7495,#7496);
#7495 = CARTESIAN_POINT('',(7.,-2.,24.842));
#7496 = VECTOR('',#7497,1.);
#7497 = DIRECTION('',(0.,1.,0.));
#7498 = ORIENTED_EDGE('',*,*,#1695,.T.);
#7499 = ORIENTED_EDGE('',*,*,#7493,.T.);
#7500 = CYLINDRICAL_SURFACE('',#7501,1.6);
#7501 = AXIS2_PLACEMENT_3D('',#7502,#7503,#7504);
#7502 = CARTESIAN_POINT('',(7.,-2.,23.242));
#7503 = DIRECTION('',(0.,1.,0.));
#7504 = DIRECTION('',(0.,-0.,1.));
#7505 = ADVANCED_FACE('',(#7506),#7517,.F.);
#7506 = FACE_BOUND('',#7507,.F.);
#7507 = EDGE_LOOP('',(#7508,#7509,#7515,#7516));
#7508 = ORIENTED_EDGE('',*,*,#4149,.F.);
#7509 = ORIENTED_EDGE('',*,*,#7510,.F.);
#7510 = EDGE_CURVE('',#1707,#4150,#7511,.T.);
#7511 = LINE('',#7512,#7513);
#7512 = CARTESIAN_POINT('',(13.5,-2.,24.842));
#7513 = VECTOR('',#7514,1.);
#7514 = DIRECTION('',(0.,1.,0.));
#7515 = ORIENTED_EDGE('',*,*,#1706,.T.);
#7516 = ORIENTED_EDGE('',*,*,#7510,.T.);
#7517 = CYLINDRICAL_SURFACE('',#7518,1.6);
#7518 = AXIS2_PLACEMENT_3D('',#7519,#7520,#7521);
#7519 = CARTESIAN_POINT('',(13.5,-2.,23.242));
#7520 = DIRECTION('',(0.,1.,0.));
#7521 = DIRECTION('',(0.,-0.,1.));
#7522 = ADVANCED_FACE('',(#7523),#7534,.F.);
#7523 = FACE_BOUND('',#7524,.F.);
#7524 = EDGE_LOOP('',(#7525,#7526,#7532,#7533));
#7525 = ORIENTED_EDGE('',*,*,#4160,.F.);
#7526 = ORIENTED_EDGE('',*,*,#7527,.F.);
#7527 = EDGE_CURVE('',#1718,#4161,#7528,.T.);
#7528 = LINE('',#7529,#7530);
#7529 = CARTESIAN_POINT('',(20.,-2.,24.842));
#7530 = VECTOR('',#7531,1.);
#7531 = DIRECTION('',(0.,1.,0.));
#7532 = ORIENTED_EDGE('',*,*,#1717,.T.);
#7533 = ORIENTED_EDGE('',*,*,#7527,.T.);
#7534 = CYLINDRICAL_SURFACE('',#7535,1.6);
#7535 = AXIS2_PLACEMENT_3D('',#7536,#7537,#7538);
#7536 = CARTESIAN_POINT('',(20.,-2.,23.242));
#7537 = DIRECTION('',(0.,1.,0.));
#7538 = DIRECTION('',(0.,-0.,1.));
#7539 = ADVANCED_FACE('',(#7540),#7551,.F.);
#7540 = FACE_BOUND('',#7541,.F.);
#7541 = EDGE_LOOP('',(#7542,#7543,#7549,#7550));
#7542 = ORIENTED_EDGE('',*,*,#4171,.F.);
#7543 = ORIENTED_EDGE('',*,*,#7544,.F.);
#7544 = EDGE_CURVE('',#1729,#4172,#7545,.T.);
#7545 = LINE('',#7546,#7547);
#7546 = CARTESIAN_POINT('',(26.5,-2.,24.842));
#7547 = VECTOR('',#7548,1.);
#7548 = DIRECTION('',(0.,1.,0.));
#7549 = ORIENTED_EDGE('',*,*,#1728,.T.);
#7550 = ORIENTED_EDGE('',*,*,#7544,.T.);
#7551 = CYLINDRICAL_SURFACE('',#7552,1.6);
#7552 = AXIS2_PLACEMENT_3D('',#7553,#7554,#7555);
#7553 = CARTESIAN_POINT('',(26.5,-2.,23.242));
#7554 = DIRECTION('',(0.,1.,0.));
#7555 = DIRECTION('',(0.,-0.,1.));
#7556 = ADVANCED_FACE('',(#7557),#7568,.F.);
#7557 = FACE_BOUND('',#7558,.F.);
#7558 = EDGE_LOOP('',(#7559,#7560,#7566,#7567));
#7559 = ORIENTED_EDGE('',*,*,#4182,.F.);
#7560 = ORIENTED_EDGE('',*,*,#7561,.F.);
#7561 = EDGE_CURVE('',#1740,#4183,#7562,.T.);
#7562 = LINE('',#7563,#7564);
#7563 = CARTESIAN_POINT('',(29.75,-2.,19.213));
#7564 = VECTOR('',#7565,1.);
#7565 = DIRECTION('',(0.,1.,0.));
#7566 = ORIENTED_EDGE('',*,*,#1739,.T.);
#7567 = ORIENTED_EDGE('',*,*,#7561,.T.);
#7568 = CYLINDRICAL_SURFACE('',#7569,1.6);
#7569 = AXIS2_PLACEMENT_3D('',#7570,#7571,#7572);
#7570 = CARTESIAN_POINT('',(29.75,-2.,17.613));
#7571 = DIRECTION('',(0.,1.,0.));
#7572 = DIRECTION('',(0.,-0.,1.));
#7573 = ADVANCED_FACE('',(#7574),#7585,.F.);
#7574 = FACE_BOUND('',#7575,.F.);
#7575 = EDGE_LOOP('',(#7576,#7577,#7583,#7584));
#7576 = ORIENTED_EDGE('',*,*,#4193,.F.);
#7577 = ORIENTED_EDGE('',*,*,#7578,.F.);
#7578 = EDGE_CURVE('',#1751,#4194,#7579,.T.);
#7579 = LINE('',#7580,#7581);
#7580 = CARTESIAN_POINT('',(36.25,-2.,19.213));
#7581 = VECTOR('',#7582,1.);
#7582 = DIRECTION('',(0.,1.,0.));
#7583 = ORIENTED_EDGE('',*,*,#1750,.T.);
#7584 = ORIENTED_EDGE('',*,*,#7578,.T.);
#7585 = CYLINDRICAL_SURFACE('',#7586,1.6);
#7586 = AXIS2_PLACEMENT_3D('',#7587,#7588,#7589);
#7587 = CARTESIAN_POINT('',(36.25,-2.,17.613));
#7588 = DIRECTION('',(0.,1.,0.));
#7589 = DIRECTION('',(0.,-0.,1.));
#7590 = ADVANCED_FACE('',(#7591),#7602,.F.);
#7591 = FACE_BOUND('',#7592,.F.);
#7592 = EDGE_LOOP('',(#7593,#7594,#7600,#7601));
#7593 = ORIENTED_EDGE('',*,*,#4204,.F.);
#7594 = ORIENTED_EDGE('',*,*,#7595,.F.);
#7595 = EDGE_CURVE('',#1762,#4205,#7596,.T.);
#7596 = LINE('',#7597,#7598);
#7597 = CARTESIAN_POINT('',(48.66,-2.,15.7));
#7598 = VECTOR('',#7599,1.);
#7599 = DIRECTION('',(0.,1.,0.));
#7600 = ORIENTED_EDGE('',*,*,#1761,.T.);
#7601 = ORIENTED_EDGE('',*,*,#7595,.T.);
#7602 = CYLINDRICAL_SURFACE('',#7603,1.7);
#7603 = AXIS2_PLACEMENT_3D('',#7604,#7605,#7606);
#7604 = CARTESIAN_POINT('',(48.66,-2.,14.));
#7605 = DIRECTION('',(0.,1.,0.));
#7606 = DIRECTION('',(0.,-0.,1.));
#7607 = ADVANCED_FACE('',(#7608),#7619,.F.);
#7608 = FACE_BOUND('',#7609,.F.);
#7609 = EDGE_LOOP('',(#7610,#7611,#7617,#7618));
#7610 = ORIENTED_EDGE('',*,*,#4215,.F.);
#7611 = ORIENTED_EDGE('',*,*,#7612,.F.);
#7612 = EDGE_CURVE('',#1773,#4216,#7613,.T.);
#7613 = LINE('',#7614,#7615);
#7614 = CARTESIAN_POINT('',(42.75,-2.,19.213));
#7615 = VECTOR('',#7616,1.);
#7616 = DIRECTION('',(0.,1.,0.));
#7617 = ORIENTED_EDGE('',*,*,#1772,.T.);
#7618 = ORIENTED_EDGE('',*,*,#7612,.T.);
#7619 = CYLINDRICAL_SURFACE('',#7620,1.6);
#7620 = AXIS2_PLACEMENT_3D('',#7621,#7622,#7623);
#7621 = CARTESIAN_POINT('',(42.75,-2.,17.613));
#7622 = DIRECTION('',(0.,1.,0.));
#7623 = DIRECTION('',(0.,-0.,1.));
#7624 = ADVANCED_FACE('',(#7625),#7636,.F.);
#7625 = FACE_BOUND('',#7626,.F.);
#7626 = EDGE_LOOP('',(#7627,#7628,#7634,#7635));
#7627 = ORIENTED_EDGE('',*,*,#4226,.F.);
#7628 = ORIENTED_EDGE('',*,*,#7629,.F.);
#7629 = EDGE_CURVE('',#1784,#4227,#7630,.T.);
#7630 = LINE('',#7631,#7632);
#7631 = CARTESIAN_POINT('',(33.,-2.,24.842));
#7632 = VECTOR('',#7633,1.);
#7633 = DIRECTION('',(0.,1.,0.));
#7634 = ORIENTED_EDGE('',*,*,#1783,.T.);
#7635 = ORIENTED_EDGE('',*,*,#7629,.T.);
#7636 = CYLINDRICAL_SURFACE('',#7637,1.6);
#7637 = AXIS2_PLACEMENT_3D('',#7638,#7639,#7640);
#7638 = CARTESIAN_POINT('',(33.,-2.,23.242));
#7639 = DIRECTION('',(0.,1.,0.));
#7640 = DIRECTION('',(0.,-0.,1.));
#7641 = ADVANCED_FACE('',(#7642),#7653,.F.);
#7642 = FACE_BOUND('',#7643,.F.);
#7643 = EDGE_LOOP('',(#7644,#7645,#7651,#7652));
#7644 = ORIENTED_EDGE('',*,*,#4237,.F.);
#7645 = ORIENTED_EDGE('',*,*,#7646,.F.);
#7646 = EDGE_CURVE('',#1795,#4238,#7647,.T.);
#7647 = LINE('',#7648,#7649);
#7648 = CARTESIAN_POINT('',(39.5,-2.,24.842));
#7649 = VECTOR('',#7650,1.);
#7650 = DIRECTION('',(0.,1.,0.));
#7651 = ORIENTED_EDGE('',*,*,#1794,.T.);
#7652 = ORIENTED_EDGE('',*,*,#7646,.T.);
#7653 = CYLINDRICAL_SURFACE('',#7654,1.6);
#7654 = AXIS2_PLACEMENT_3D('',#7655,#7656,#7657);
#7655 = CARTESIAN_POINT('',(39.5,-2.,23.242));
#7656 = DIRECTION('',(0.,1.,0.));
#7657 = DIRECTION('',(0.,-0.,1.));
#7658 = ADVANCED_FACE('',(#7659),#7670,.F.);
#7659 = FACE_BOUND('',#7660,.F.);
#7660 = EDGE_LOOP('',(#7661,#7662,#7668,#7669));
#7661 = ORIENTED_EDGE('',*,*,#4248,.F.);
#7662 = ORIENTED_EDGE('',*,*,#7663,.F.);
#7663 = EDGE_CURVE('',#1806,#4249,#7664,.T.);
#7664 = LINE('',#7665,#7666);
#7665 = CARTESIAN_POINT('',(46.,-2.,24.842));
#7666 = VECTOR('',#7667,1.);
#7667 = DIRECTION('',(0.,1.,0.));
#7668 = ORIENTED_EDGE('',*,*,#1805,.T.);
#7669 = ORIENTED_EDGE('',*,*,#7663,.T.);
#7670 = CYLINDRICAL_SURFACE('',#7671,1.6);
#7671 = AXIS2_PLACEMENT_3D('',#7672,#7673,#7674);
#7672 = CARTESIAN_POINT('',(46.,-2.,23.242));
#7673 = DIRECTION('',(0.,1.,0.));
#7674 = DIRECTION('',(0.,-0.,1.));
#7675 = ADVANCED_FACE('',(#7676),#7687,.F.);
#7676 = FACE_BOUND('',#7677,.F.);
#7677 = EDGE_LOOP('',(#7678,#7679,#7685,#7686));
#7678 = ORIENTED_EDGE('',*,*,#4259,.F.);
#7679 = ORIENTED_EDGE('',*,*,#7680,.F.);
#7680 = EDGE_CURVE('',#1817,#4260,#7681,.T.);
#7681 = LINE('',#7682,#7683);
#7682 = CARTESIAN_POINT('',(3.75,-2.,30.471));
#7683 = VECTOR('',#7684,1.);
#7684 = DIRECTION('',(0.,1.,0.));
#7685 = ORIENTED_EDGE('',*,*,#1816,.T.);
#7686 = ORIENTED_EDGE('',*,*,#7680,.T.);
#7687 = CYLINDRICAL_SURFACE('',#7688,1.6);
#7688 = AXIS2_PLACEMENT_3D('',#7689,#7690,#7691);
#7689 = CARTESIAN_POINT('',(3.75,-2.,28.871));
#7690 = DIRECTION('',(0.,1.,0.));
#7691 = DIRECTION('',(0.,-0.,1.));
#7692 = ADVANCED_FACE('',(#7693),#7704,.F.);
#7693 = FACE_BOUND('',#7694,.F.);
#7694 = EDGE_LOOP('',(#7695,#7696,#7702,#7703));
#7695 = ORIENTED_EDGE('',*,*,#4270,.F.);
#7696 = ORIENTED_EDGE('',*,*,#7697,.F.);
#7697 = EDGE_CURVE('',#1828,#4271,#7698,.T.);
#7698 = LINE('',#7699,#7700);
#7699 = CARTESIAN_POINT('',(10.25,-2.,30.471));
#7700 = VECTOR('',#7701,1.);
#7701 = DIRECTION('',(0.,1.,0.));
#7702 = ORIENTED_EDGE('',*,*,#1827,.T.);
#7703 = ORIENTED_EDGE('',*,*,#7697,.T.);
#7704 = CYLINDRICAL_SURFACE('',#7705,1.6);
#7705 = AXIS2_PLACEMENT_3D('',#7706,#7707,#7708);
#7706 = CARTESIAN_POINT('',(10.25,-2.,28.871));
#7707 = DIRECTION('',(0.,1.,0.));
#7708 = DIRECTION('',(0.,-0.,1.));
#7709 = ADVANCED_FACE('',(#7710),#7721,.F.);
#7710 = FACE_BOUND('',#7711,.F.);
#7711 = EDGE_LOOP('',(#7712,#7713,#7719,#7720));
#7712 = ORIENTED_EDGE('',*,*,#4281,.F.);
#7713 = ORIENTED_EDGE('',*,*,#7714,.F.);
#7714 = EDGE_CURVE('',#1839,#4282,#7715,.T.);
#7715 = LINE('',#7716,#7717);
#7716 = CARTESIAN_POINT('',(16.75,-2.,30.471));
#7717 = VECTOR('',#7718,1.);
#7718 = DIRECTION('',(0.,1.,0.));
#7719 = ORIENTED_EDGE('',*,*,#1838,.T.);
#7720 = ORIENTED_EDGE('',*,*,#7714,.T.);
#7721 = CYLINDRICAL_SURFACE('',#7722,1.6);
#7722 = AXIS2_PLACEMENT_3D('',#7723,#7724,#7725);
#7723 = CARTESIAN_POINT('',(16.75,-2.,28.871));
#7724 = DIRECTION('',(0.,1.,0.));
#7725 = DIRECTION('',(0.,-0.,1.));
#7726 = ADVANCED_FACE('',(#7727),#7738,.F.);
#7727 = FACE_BOUND('',#7728,.F.);
#7728 = EDGE_LOOP('',(#7729,#7730,#7736,#7737));
#7729 = ORIENTED_EDGE('',*,*,#4292,.F.);
#7730 = ORIENTED_EDGE('',*,*,#7731,.F.);
#7731 = EDGE_CURVE('',#1850,#4293,#7732,.T.);
#7732 = LINE('',#7733,#7734);
#7733 = CARTESIAN_POINT('',(23.25,-2.,30.471));
#7734 = VECTOR('',#7735,1.);
#7735 = DIRECTION('',(0.,1.,0.));
#7736 = ORIENTED_EDGE('',*,*,#1849,.T.);
#7737 = ORIENTED_EDGE('',*,*,#7731,.T.);
#7738 = CYLINDRICAL_SURFACE('',#7739,1.6);
#7739 = AXIS2_PLACEMENT_3D('',#7740,#7741,#7742);
#7740 = CARTESIAN_POINT('',(23.25,-2.,28.871));
#7741 = DIRECTION('',(0.,1.,0.));
#7742 = DIRECTION('',(0.,-0.,1.));
#7743 = ADVANCED_FACE('',(#7744),#7755,.F.);
#7744 = FACE_BOUND('',#7745,.F.);
#7745 = EDGE_LOOP('',(#7746,#7747,#7753,#7754));
#7746 = ORIENTED_EDGE('',*,*,#4303,.F.);
#7747 = ORIENTED_EDGE('',*,*,#7748,.F.);
#7748 = EDGE_CURVE('',#1861,#4304,#7749,.T.);
#7749 = LINE('',#7750,#7751);
#7750 = CARTESIAN_POINT('',(7.,-2.,36.1));
#7751 = VECTOR('',#7752,1.);
#7752 = DIRECTION('',(0.,1.,0.));
#7753 = ORIENTED_EDGE('',*,*,#1860,.T.);
#7754 = ORIENTED_EDGE('',*,*,#7748,.T.);
#7755 = CYLINDRICAL_SURFACE('',#7756,1.6);
#7756 = AXIS2_PLACEMENT_3D('',#7757,#7758,#7759);
#7757 = CARTESIAN_POINT('',(7.,-2.,34.5));
#7758 = DIRECTION('',(0.,1.,0.));
#7759 = DIRECTION('',(0.,-0.,1.));
#7760 = ADVANCED_FACE('',(#7761),#7772,.F.);
#7761 = FACE_BOUND('',#7762,.F.);
#7762 = EDGE_LOOP('',(#7763,#7764,#7770,#7771));
#7763 = ORIENTED_EDGE('',*,*,#4314,.F.);
#7764 = ORIENTED_EDGE('',*,*,#7765,.F.);
#7765 = EDGE_CURVE('',#1872,#4315,#7766,.T.);
#7766 = LINE('',#7767,#7768);
#7767 = CARTESIAN_POINT('',(13.5,-2.,36.1));
#7768 = VECTOR('',#7769,1.);
#7769 = DIRECTION('',(0.,1.,0.));
#7770 = ORIENTED_EDGE('',*,*,#1871,.T.);
#7771 = ORIENTED_EDGE('',*,*,#7765,.T.);
#7772 = CYLINDRICAL_SURFACE('',#7773,1.6);
#7773 = AXIS2_PLACEMENT_3D('',#7774,#7775,#7776);
#7774 = CARTESIAN_POINT('',(13.5,-2.,34.5));
#7775 = DIRECTION('',(0.,1.,0.));
#7776 = DIRECTION('',(0.,-0.,1.));
#7777 = ADVANCED_FACE('',(#7778),#7789,.F.);
#7778 = FACE_BOUND('',#7779,.F.);
#7779 = EDGE_LOOP('',(#7780,#7781,#7787,#7788));
#7780 = ORIENTED_EDGE('',*,*,#4325,.F.);
#7781 = ORIENTED_EDGE('',*,*,#7782,.F.);
#7782 = EDGE_CURVE('',#1883,#4326,#7783,.T.);
#7783 = LINE('',#7784,#7785);
#7784 = CARTESIAN_POINT('',(20.,-2.,36.1));
#7785 = VECTOR('',#7786,1.);
#7786 = DIRECTION('',(0.,1.,0.));
#7787 = ORIENTED_EDGE('',*,*,#1882,.T.);
#7788 = ORIENTED_EDGE('',*,*,#7782,.T.);
#7789 = CYLINDRICAL_SURFACE('',#7790,1.6);
#7790 = AXIS2_PLACEMENT_3D('',#7791,#7792,#7793);
#7791 = CARTESIAN_POINT('',(20.,-2.,34.5));
#7792 = DIRECTION('',(0.,1.,0.));
#7793 = DIRECTION('',(0.,-0.,1.));
#7794 = ADVANCED_FACE('',(#7795),#7806,.F.);
#7795 = FACE_BOUND('',#7796,.F.);
#7796 = EDGE_LOOP('',(#7797,#7798,#7804,#7805));
#7797 = ORIENTED_EDGE('',*,*,#4336,.F.);
#7798 = ORIENTED_EDGE('',*,*,#7799,.F.);
#7799 = EDGE_CURVE('',#1894,#4337,#7800,.T.);
#7800 = LINE('',#7801,#7802);
#7801 = CARTESIAN_POINT('',(26.5,-2.,36.1));
#7802 = VECTOR('',#7803,1.);
#7803 = DIRECTION('',(0.,1.,0.));
#7804 = ORIENTED_EDGE('',*,*,#1893,.T.);
#7805 = ORIENTED_EDGE('',*,*,#7799,.T.);
#7806 = CYLINDRICAL_SURFACE('',#7807,1.6);
#7807 = AXIS2_PLACEMENT_3D('',#7808,#7809,#7810);
#7808 = CARTESIAN_POINT('',(26.5,-2.,34.5));
#7809 = DIRECTION('',(0.,1.,0.));
#7810 = DIRECTION('',(0.,-0.,1.));
#7811 = ADVANCED_FACE('',(#7812),#7823,.F.);
#7812 = FACE_BOUND('',#7813,.F.);
#7813 = EDGE_LOOP('',(#7814,#7815,#7821,#7822));
#7814 = ORIENTED_EDGE('',*,*,#4347,.F.);
#7815 = ORIENTED_EDGE('',*,*,#7816,.F.);
#7816 = EDGE_CURVE('',#1905,#4348,#7817,.T.);
#7817 = LINE('',#7818,#7819);
#7818 = CARTESIAN_POINT('',(29.75,-2.,30.471));
#7819 = VECTOR('',#7820,1.);
#7820 = DIRECTION('',(0.,1.,0.));
#7821 = ORIENTED_EDGE('',*,*,#1904,.T.);
#7822 = ORIENTED_EDGE('',*,*,#7816,.T.);
#7823 = CYLINDRICAL_SURFACE('',#7824,1.6);
#7824 = AXIS2_PLACEMENT_3D('',#7825,#7826,#7827);
#7825 = CARTESIAN_POINT('',(29.75,-2.,28.871));
#7826 = DIRECTION('',(0.,1.,0.));
#7827 = DIRECTION('',(0.,-0.,1.));
#7828 = ADVANCED_FACE('',(#7829),#7840,.F.);
#7829 = FACE_BOUND('',#7830,.F.);
#7830 = EDGE_LOOP('',(#7831,#7832,#7838,#7839));
#7831 = ORIENTED_EDGE('',*,*,#4358,.F.);
#7832 = ORIENTED_EDGE('',*,*,#7833,.F.);
#7833 = EDGE_CURVE('',#1916,#4359,#7834,.T.);
#7834 = LINE('',#7835,#7836);
#7835 = CARTESIAN_POINT('',(36.25,-2.,30.471));
#7836 = VECTOR('',#7837,1.);
#7837 = DIRECTION('',(0.,1.,0.));
#7838 = ORIENTED_EDGE('',*,*,#1915,.T.);
#7839 = ORIENTED_EDGE('',*,*,#7833,.T.);
#7840 = CYLINDRICAL_SURFACE('',#7841,1.6);
#7841 = AXIS2_PLACEMENT_3D('',#7842,#7843,#7844);
#7842 = CARTESIAN_POINT('',(36.25,-2.,28.871));
#7843 = DIRECTION('',(0.,1.,0.));
#7844 = DIRECTION('',(0.,-0.,1.));
#7845 = ADVANCED_FACE('',(#7846),#7857,.F.);
#7846 = FACE_BOUND('',#7847,.F.);
#7847 = EDGE_LOOP('',(#7848,#7849,#7855,#7856));
#7848 = ORIENTED_EDGE('',*,*,#4369,.F.);
#7849 = ORIENTED_EDGE('',*,*,#7850,.F.);
#7850 = EDGE_CURVE('',#1927,#4370,#7851,.T.);
#7851 = LINE('',#7852,#7853);
#7852 = CARTESIAN_POINT('',(42.75,-2.,30.471));
#7853 = VECTOR('',#7854,1.);
#7854 = DIRECTION('',(0.,1.,0.));
#7855 = ORIENTED_EDGE('',*,*,#1926,.T.);
#7856 = ORIENTED_EDGE('',*,*,#7850,.T.);
#7857 = CYLINDRICAL_SURFACE('',#7858,1.6);
#7858 = AXIS2_PLACEMENT_3D('',#7859,#7860,#7861);
#7859 = CARTESIAN_POINT('',(42.75,-2.,28.871));
#7860 = DIRECTION('',(0.,1.,0.));
#7861 = DIRECTION('',(0.,-0.,1.));
#7862 = ADVANCED_FACE('',(#7863),#7874,.F.);
#7863 = FACE_BOUND('',#7864,.F.);
#7864 = EDGE_LOOP('',(#7865,#7866,#7872,#7873));
#7865 = ORIENTED_EDGE('',*,*,#4380,.F.);
#7866 = ORIENTED_EDGE('',*,*,#7867,.F.);
#7867 = EDGE_CURVE('',#1938,#4381,#7868,.T.);
#7868 = LINE('',#7869,#7870);
#7869 = CARTESIAN_POINT('',(33.,-2.,36.1));
#7870 = VECTOR('',#7871,1.);
#7871 = DIRECTION('',(0.,1.,0.));
#7872 = ORIENTED_EDGE('',*,*,#1937,.T.);
#7873 = ORIENTED_EDGE('',*,*,#7867,.T.);
#7874 = CYLINDRICAL_SURFACE('',#7875,1.6);
#7875 = AXIS2_PLACEMENT_3D('',#7876,#7877,#7878);
#7876 = CARTESIAN_POINT('',(33.,-2.,34.5));
#7877 = DIRECTION('',(0.,1.,0.));
#7878 = DIRECTION('',(0.,-0.,1.));
#7879 = ADVANCED_FACE('',(#7880),#7891,.F.);
#7880 = FACE_BOUND('',#7881,.F.);
#7881 = EDGE_LOOP('',(#7882,#7883,#7889,#7890));
#7882 = ORIENTED_EDGE('',*,*,#4391,.F.);
#7883 = ORIENTED_EDGE('',*,*,#7884,.F.);
#7884 = EDGE_CURVE('',#1949,#4392,#7885,.T.);
#7885 = LINE('',#7886,#7887);
#7886 = CARTESIAN_POINT('',(39.5,-2.,36.1));
#7887 = VECTOR('',#7888,1.);
#7888 = DIRECTION('',(0.,1.,0.));
#7889 = ORIENTED_EDGE('',*,*,#1948,.T.);
#7890 = ORIENTED_EDGE('',*,*,#7884,.T.);
#7891 = CYLINDRICAL_SURFACE('',#7892,1.6);
#7892 = AXIS2_PLACEMENT_3D('',#7893,#7894,#7895);
#7893 = CARTESIAN_POINT('',(39.5,-2.,34.5));
#7894 = DIRECTION('',(0.,1.,0.));
#7895 = DIRECTION('',(0.,-0.,1.));
#7896 = ADVANCED_FACE('',(#7897),#7908,.F.);
#7897 = FACE_BOUND('',#7898,.F.);
#7898 = EDGE_LOOP('',(#7899,#7900,#7906,#7907));
#7899 = ORIENTED_EDGE('',*,*,#4402,.F.);
#7900 = ORIENTED_EDGE('',*,*,#7901,.F.);
#7901 = EDGE_CURVE('',#1960,#4403,#7902,.T.);
#7902 = LINE('',#7903,#7904);
#7903 = CARTESIAN_POINT('',(46.,-2.,36.1));
#7904 = VECTOR('',#7905,1.);
#7905 = DIRECTION('',(0.,1.,0.));
#7906 = ORIENTED_EDGE('',*,*,#1959,.T.);
#7907 = ORIENTED_EDGE('',*,*,#7901,.T.);
#7908 = CYLINDRICAL_SURFACE('',#7909,1.6);
#7909 = AXIS2_PLACEMENT_3D('',#7910,#7911,#7912);
#7910 = CARTESIAN_POINT('',(46.,-2.,34.5));
#7911 = DIRECTION('',(0.,1.,0.));
#7912 = DIRECTION('',(0.,-0.,1.));
#7913 = ADVANCED_FACE('',(#7914),#7925,.F.);
#7914 = FACE_BOUND('',#7915,.F.);
#7915 = EDGE_LOOP('',(#7916,#7917,#7923,#7924));
#7916 = ORIENTED_EDGE('',*,*,#4413,.F.);
#7917 = ORIENTED_EDGE('',*,*,#7918,.F.);
#7918 = EDGE_CURVE('',#1971,#4414,#7919,.T.);
#7919 = LINE('',#7920,#7921);
#7920 = CARTESIAN_POINT('',(-42.25,-2.,41.013));
#7921 = VECTOR('',#7922,1.);
#7922 = DIRECTION('',(0.,1.,0.));
#7923 = ORIENTED_EDGE('',*,*,#1970,.T.);
#7924 = ORIENTED_EDGE('',*,*,#7918,.T.);
#7925 = CYLINDRICAL_SURFACE('',#7926,1.75);
#7926 = AXIS2_PLACEMENT_3D('',#7927,#7928,#7929);
#7927 = CARTESIAN_POINT('',(-42.25,-2.,39.263));
#7928 = DIRECTION('',(0.,1.,0.));
#7929 = DIRECTION('',(0.,-0.,1.));
#7930 = ADVANCED_FACE('',(#7931),#7942,.F.);
#7931 = FACE_BOUND('',#7932,.F.);
#7932 = EDGE_LOOP('',(#7933,#7934,#7940,#7941));
#7933 = ORIENTED_EDGE('',*,*,#4424,.F.);
#7934 = ORIENTED_EDGE('',*,*,#7935,.F.);
#7935 = EDGE_CURVE('',#1982,#4425,#7936,.T.);
#7936 = LINE('',#7937,#7938);
#7937 = CARTESIAN_POINT('',(-36.75,-2.,41.013));
#7938 = VECTOR('',#7939,1.);
#7939 = DIRECTION('',(0.,1.,0.));
#7940 = ORIENTED_EDGE('',*,*,#1981,.T.);
#7941 = ORIENTED_EDGE('',*,*,#7935,.T.);
#7942 = CYLINDRICAL_SURFACE('',#7943,1.75);
#7943 = AXIS2_PLACEMENT_3D('',#7944,#7945,#7946);
#7944 = CARTESIAN_POINT('',(-36.75,-2.,39.263));
#7945 = DIRECTION('',(0.,1.,0.));
#7946 = DIRECTION('',(0.,-0.,1.));
#7947 = ADVANCED_FACE('',(#7948),#7959,.F.);
#7948 = FACE_BOUND('',#7949,.F.);
#7949 = EDGE_LOOP('',(#7950,#7951,#7957,#7958));
#7950 = ORIENTED_EDGE('',*,*,#4435,.F.);
#7951 = ORIENTED_EDGE('',*,*,#7952,.F.);
#7952 = EDGE_CURVE('',#1993,#4436,#7953,.T.);
#7953 = LINE('',#7954,#7955);
#7954 = CARTESIAN_POINT('',(-31.25,-2.,41.013));
#7955 = VECTOR('',#7956,1.);
#7956 = DIRECTION('',(0.,1.,0.));
#7957 = ORIENTED_EDGE('',*,*,#1992,.T.);
#7958 = ORIENTED_EDGE('',*,*,#7952,.T.);
#7959 = CYLINDRICAL_SURFACE('',#7960,1.75);
#7960 = AXIS2_PLACEMENT_3D('',#7961,#7962,#7963);
#7961 = CARTESIAN_POINT('',(-31.25,-2.,39.263));
#7962 = DIRECTION('',(0.,1.,0.));
#7963 = DIRECTION('',(0.,-0.,1.));
#7964 = ADVANCED_FACE('',(#7965),#7976,.F.);
#7965 = FACE_BOUND('',#7966,.F.);
#7966 = EDGE_LOOP('',(#7967,#7968,#7974,#7975));
#7967 = ORIENTED_EDGE('',*,*,#4446,.F.);
#7968 = ORIENTED_EDGE('',*,*,#7969,.F.);
#7969 = EDGE_CURVE('',#2004,#4447,#7970,.T.);
#7970 = LINE('',#7971,#7972);
#7971 = CARTESIAN_POINT('',(-45.,-2.,45.776));
#7972 = VECTOR('',#7973,1.);
#7973 = DIRECTION('',(0.,1.,0.));
#7974 = ORIENTED_EDGE('',*,*,#2003,.T.);
#7975 = ORIENTED_EDGE('',*,*,#7969,.T.);
#7976 = CYLINDRICAL_SURFACE('',#7977,1.75);
#7977 = AXIS2_PLACEMENT_3D('',#7978,#7979,#7980);
#7978 = CARTESIAN_POINT('',(-45.,-2.,44.026));
#7979 = DIRECTION('',(0.,1.,0.));
#7980 = DIRECTION('',(0.,-0.,1.));
#7981 = ADVANCED_FACE('',(#7982),#7993,.F.);
#7982 = FACE_BOUND('',#7983,.F.);
#7983 = EDGE_LOOP('',(#7984,#7985,#7991,#7992));
#7984 = ORIENTED_EDGE('',*,*,#4457,.F.);
#7985 = ORIENTED_EDGE('',*,*,#7986,.F.);
#7986 = EDGE_CURVE('',#2015,#4458,#7987,.T.);
#7987 = LINE('',#7988,#7989);
#7988 = CARTESIAN_POINT('',(-39.5,-2.,45.776));
#7989 = VECTOR('',#7990,1.);
#7990 = DIRECTION('',(0.,1.,0.));
#7991 = ORIENTED_EDGE('',*,*,#2014,.T.);
#7992 = ORIENTED_EDGE('',*,*,#7986,.T.);
#7993 = CYLINDRICAL_SURFACE('',#7994,1.75);
#7994 = AXIS2_PLACEMENT_3D('',#7995,#7996,#7997);
#7995 = CARTESIAN_POINT('',(-39.5,-2.,44.026));
#7996 = DIRECTION('',(0.,1.,0.));
#7997 = DIRECTION('',(0.,-0.,1.));
#7998 = ADVANCED_FACE('',(#7999),#8010,.F.);
#7999 = FACE_BOUND('',#8000,.F.);
#8000 = EDGE_LOOP('',(#8001,#8002,#8008,#8009));
#8001 = ORIENTED_EDGE('',*,*,#4468,.F.);
#8002 = ORIENTED_EDGE('',*,*,#8003,.F.);
#8003 = EDGE_CURVE('',#2026,#4469,#8004,.T.);
#8004 = LINE('',#8005,#8006);
#8005 = CARTESIAN_POINT('',(-34.,-2.,45.776));
#8006 = VECTOR('',#8007,1.);
#8007 = DIRECTION('',(0.,1.,0.));
#8008 = ORIENTED_EDGE('',*,*,#2025,.T.);
#8009 = ORIENTED_EDGE('',*,*,#8003,.T.);
#8010 = CYLINDRICAL_SURFACE('',#8011,1.75);
#8011 = AXIS2_PLACEMENT_3D('',#8012,#8013,#8014);
#8012 = CARTESIAN_POINT('',(-34.,-2.,44.026));
#8013 = DIRECTION('',(0.,1.,0.));
#8014 = DIRECTION('',(0.,-0.,1.));
#8015 = ADVANCED_FACE('',(#8016),#8027,.F.);
#8016 = FACE_BOUND('',#8017,.F.);
#8017 = EDGE_LOOP('',(#8018,#8019,#8025,#8026));
#8018 = ORIENTED_EDGE('',*,*,#4479,.F.);
#8019 = ORIENTED_EDGE('',*,*,#8020,.F.);
#8020 = EDGE_CURVE('',#2037,#4480,#8021,.T.);
#8021 = LINE('',#8022,#8023);
#8022 = CARTESIAN_POINT('',(-22.25,-2.,41.729));
#8023 = VECTOR('',#8024,1.);
#8024 = DIRECTION('',(0.,1.,0.));
#8025 = ORIENTED_EDGE('',*,*,#2036,.T.);
#8026 = ORIENTED_EDGE('',*,*,#8020,.T.);
#8027 = CYLINDRICAL_SURFACE('',#8028,1.6);
#8028 = AXIS2_PLACEMENT_3D('',#8029,#8030,#8031);
#8029 = CARTESIAN_POINT('',(-22.25,-2.,40.129));
#8030 = DIRECTION('',(0.,1.,0.));
#8031 = DIRECTION('',(0.,-0.,1.));
#8032 = ADVANCED_FACE('',(#8033),#8044,.F.);
#8033 = FACE_BOUND('',#8034,.F.);
#8034 = EDGE_LOOP('',(#8035,#8036,#8042,#8043));
#8035 = ORIENTED_EDGE('',*,*,#4490,.F.);
#8036 = ORIENTED_EDGE('',*,*,#8037,.F.);
#8037 = EDGE_CURVE('',#2048,#4491,#8038,.T.);
#8038 = LINE('',#8039,#8040);
#8039 = CARTESIAN_POINT('',(-15.75,-2.,41.729));
#8040 = VECTOR('',#8041,1.);
#8041 = DIRECTION('',(0.,1.,0.));
#8042 = ORIENTED_EDGE('',*,*,#2047,.T.);
#8043 = ORIENTED_EDGE('',*,*,#8037,.T.);
#8044 = CYLINDRICAL_SURFACE('',#8045,1.6);
#8045 = AXIS2_PLACEMENT_3D('',#8046,#8047,#8048);
#8046 = CARTESIAN_POINT('',(-15.75,-2.,40.129));
#8047 = DIRECTION('',(0.,1.,0.));
#8048 = DIRECTION('',(0.,-0.,1.));
#8049 = ADVANCED_FACE('',(#8050),#8061,.F.);
#8050 = FACE_BOUND('',#8051,.F.);
#8051 = EDGE_LOOP('',(#8052,#8053,#8059,#8060));
#8052 = ORIENTED_EDGE('',*,*,#4501,.F.);
#8053 = ORIENTED_EDGE('',*,*,#8054,.F.);
#8054 = EDGE_CURVE('',#2059,#4502,#8055,.T.);
#8055 = LINE('',#8056,#8057);
#8056 = CARTESIAN_POINT('',(-9.25,-2.,41.729));
#8057 = VECTOR('',#8058,1.);
#8058 = DIRECTION('',(0.,1.,0.));
#8059 = ORIENTED_EDGE('',*,*,#2058,.T.);
#8060 = ORIENTED_EDGE('',*,*,#8054,.T.);
#8061 = CYLINDRICAL_SURFACE('',#8062,1.6);
#8062 = AXIS2_PLACEMENT_3D('',#8063,#8064,#8065);
#8063 = CARTESIAN_POINT('',(-9.25,-2.,40.129));
#8064 = DIRECTION('',(0.,1.,0.));
#8065 = DIRECTION('',(0.,-0.,1.));
#8066 = ADVANCED_FACE('',(#8067),#8078,.F.);
#8067 = FACE_BOUND('',#8068,.F.);
#8068 = EDGE_LOOP('',(#8069,#8070,#8076,#8077));
#8069 = ORIENTED_EDGE('',*,*,#4512,.F.);
#8070 = ORIENTED_EDGE('',*,*,#8071,.F.);
#8071 = EDGE_CURVE('',#2070,#4513,#8072,.T.);
#8072 = LINE('',#8073,#8074);
#8073 = CARTESIAN_POINT('',(-2.75,-2.,41.729));
#8074 = VECTOR('',#8075,1.);
#8075 = DIRECTION('',(0.,1.,0.));
#8076 = ORIENTED_EDGE('',*,*,#2069,.T.);
#8077 = ORIENTED_EDGE('',*,*,#8071,.T.);
#8078 = CYLINDRICAL_SURFACE('',#8079,1.6);
#8079 = AXIS2_PLACEMENT_3D('',#8080,#8081,#8082);
#8080 = CARTESIAN_POINT('',(-2.75,-2.,40.129));
#8081 = DIRECTION('',(0.,1.,0.));
#8082 = DIRECTION('',(0.,-0.,1.));
#8083 = ADVANCED_FACE('',(#8084),#8095,.F.);
#8084 = FACE_BOUND('',#8085,.F.);
#8085 = EDGE_LOOP('',(#8086,#8087,#8093,#8094));
#8086 = ORIENTED_EDGE('',*,*,#4523,.F.);
#8087 = ORIENTED_EDGE('',*,*,#8088,.F.);
#8088 = EDGE_CURVE('',#2081,#4524,#8089,.T.);
#8089 = LINE('',#8090,#8091);
#8090 = CARTESIAN_POINT('',(-42.25,-2.,50.539));
#8091 = VECTOR('',#8092,1.);
#8092 = DIRECTION('',(0.,1.,0.));
#8093 = ORIENTED_EDGE('',*,*,#2080,.T.);
#8094 = ORIENTED_EDGE('',*,*,#8088,.T.);
#8095 = CYLINDRICAL_SURFACE('',#8096,1.75);
#8096 = AXIS2_PLACEMENT_3D('',#8097,#8098,#8099);
#8097 = CARTESIAN_POINT('',(-42.25,-2.,48.789));
#8098 = DIRECTION('',(0.,1.,0.));
#8099 = DIRECTION('',(0.,-0.,1.));
#8100 = ADVANCED_FACE('',(#8101),#8117,.F.);
#8101 = FACE_BOUND('',#8102,.F.);
#8102 = EDGE_LOOP('',(#8103,#8104,#8110,#8111));
#8103 = ORIENTED_EDGE('',*,*,#4534,.F.);
#8104 = ORIENTED_EDGE('',*,*,#8105,.F.);
#8105 = EDGE_CURVE('',#2092,#4535,#8106,.T.);
#8106 = LINE('',#8107,#8108);
#8107 = CARTESIAN_POINT('',(-35.25,-2.,52.987));
#8108 = VECTOR('',#8109,1.);
#8109 = DIRECTION('',(0.,1.,0.));
#8110 = ORIENTED_EDGE('',*,*,#2091,.T.);
#8111 = ORIENTED_EDGE('',*,*,#8112,.T.);
#8112 = EDGE_CURVE('',#2094,#4537,#8113,.T.);
#8113 = LINE('',#8114,#8115);
#8114 = CARTESIAN_POINT('',(-35.31334034615,-2.,49.788254241429));
#8115 = VECTOR('',#8116,1.);
#8116 = DIRECTION('',(0.,1.,0.));
#8117 = CYLINDRICAL_SURFACE('',#8118,1.6);
#8118 = AXIS2_PLACEMENT_3D('',#8119,#8120,#8121);
#8119 = CARTESIAN_POINT('',(-35.25,-2.,51.387));
#8120 = DIRECTION('',(0.,1.,0.));
#8121 = DIRECTION('',(0.,-0.,1.));
#8122 = ADVANCED_FACE('',(#8123),#8134,.F.);
#8123 = FACE_BOUND('',#8124,.F.);
#8124 = EDGE_LOOP('',(#8125,#8131,#8132,#8133));
#8125 = ORIENTED_EDGE('',*,*,#8126,.T.);
#8126 = EDGE_CURVE('',#2112,#4555,#8127,.T.);
#8127 = LINE('',#8128,#8129);
#8128 = CARTESIAN_POINT('',(-36.75,-2.,50.539));
#8129 = VECTOR('',#8130,1.);
#8130 = DIRECTION('',(0.,1.,0.));
#8131 = ORIENTED_EDGE('',*,*,#4563,.F.);
#8132 = ORIENTED_EDGE('',*,*,#8112,.F.);
#8133 = ORIENTED_EDGE('',*,*,#2120,.T.);
#8134 = CYLINDRICAL_SURFACE('',#8135,1.75);
#8135 = AXIS2_PLACEMENT_3D('',#8136,#8137,#8138);
#8136 = CARTESIAN_POINT('',(-36.75,-2.,48.789));
#8137 = DIRECTION('',(0.,1.,0.));
#8138 = DIRECTION('',(0.,-0.,1.));
#8139 = ADVANCED_FACE('',(#8140),#8151,.F.);
#8140 = FACE_BOUND('',#8141,.F.);
#8141 = EDGE_LOOP('',(#8142,#8143,#8144,#8145));
#8142 = ORIENTED_EDGE('',*,*,#4554,.F.);
#8143 = ORIENTED_EDGE('',*,*,#8126,.F.);
#8144 = ORIENTED_EDGE('',*,*,#2111,.T.);
#8145 = ORIENTED_EDGE('',*,*,#8146,.T.);
#8146 = EDGE_CURVE('',#2103,#4546,#8147,.T.);
#8147 = LINE('',#8148,#8149);
#8148 = CARTESIAN_POINT('',(-36.60290596868,-2.,50.532807141272));
#8149 = VECTOR('',#8150,1.);
#8150 = DIRECTION('',(0.,1.,0.));
#8151 = CYLINDRICAL_SURFACE('',#8152,1.75);
#8152 = AXIS2_PLACEMENT_3D('',#8153,#8154,#8155);
#8153 = CARTESIAN_POINT('',(-36.75,-2.,48.789));
#8154 = DIRECTION('',(0.,1.,0.));
#8155 = DIRECTION('',(0.,-0.,1.));
#8156 = ADVANCED_FACE('',(#8157),#8163,.F.);
#8157 = FACE_BOUND('',#8158,.F.);
#8158 = EDGE_LOOP('',(#8159,#8160,#8161,#8162));
#8159 = ORIENTED_EDGE('',*,*,#8105,.T.);
#8160 = ORIENTED_EDGE('',*,*,#4545,.F.);
#8161 = ORIENTED_EDGE('',*,*,#8146,.F.);
#8162 = ORIENTED_EDGE('',*,*,#2102,.T.);
#8163 = CYLINDRICAL_SURFACE('',#8164,1.6);
#8164 = AXIS2_PLACEMENT_3D('',#8165,#8166,#8167);
#8165 = CARTESIAN_POINT('',(-35.25,-2.,51.387));
#8166 = DIRECTION('',(0.,1.,0.));
#8167 = DIRECTION('',(0.,-0.,1.));
#8168 = ADVANCED_FACE('',(#8169),#8180,.F.);
#8169 = FACE_BOUND('',#8170,.F.);
#8170 = EDGE_LOOP('',(#8171,#8172,#8178,#8179));
#8171 = ORIENTED_EDGE('',*,*,#4572,.F.);
#8172 = ORIENTED_EDGE('',*,*,#8173,.F.);
#8173 = EDGE_CURVE('',#2130,#4573,#8174,.T.);
#8174 = LINE('',#8175,#8176);
#8175 = CARTESIAN_POINT('',(-25.5,-2.,47.358));
#8176 = VECTOR('',#8177,1.);
#8177 = DIRECTION('',(0.,1.,0.));
#8178 = ORIENTED_EDGE('',*,*,#2129,.T.);
#8179 = ORIENTED_EDGE('',*,*,#8173,.T.);
#8180 = CYLINDRICAL_SURFACE('',#8181,1.6);
#8181 = AXIS2_PLACEMENT_3D('',#8182,#8183,#8184);
#8182 = CARTESIAN_POINT('',(-25.5,-2.,45.758));
#8183 = DIRECTION('',(0.,1.,0.));
#8184 = DIRECTION('',(0.,-0.,1.));
#8185 = ADVANCED_FACE('',(#8186),#8197,.F.);
#8186 = FACE_BOUND('',#8187,.F.);
#8187 = EDGE_LOOP('',(#8188,#8189,#8195,#8196));
#8188 = ORIENTED_EDGE('',*,*,#4583,.F.);
#8189 = ORIENTED_EDGE('',*,*,#8190,.F.);
#8190 = EDGE_CURVE('',#2141,#4584,#8191,.T.);
#8191 = LINE('',#8192,#8193);
#8192 = CARTESIAN_POINT('',(-28.75,-2.,52.987));
#8193 = VECTOR('',#8194,1.);
#8194 = DIRECTION('',(0.,1.,0.));
#8195 = ORIENTED_EDGE('',*,*,#2140,.T.);
#8196 = ORIENTED_EDGE('',*,*,#8190,.T.);
#8197 = CYLINDRICAL_SURFACE('',#8198,1.6);
#8198 = AXIS2_PLACEMENT_3D('',#8199,#8200,#8201);
#8199 = CARTESIAN_POINT('',(-28.75,-2.,51.387));
#8200 = DIRECTION('',(0.,1.,0.));
#8201 = DIRECTION('',(0.,-0.,1.));
#8202 = ADVANCED_FACE('',(#8203),#8214,.F.);
#8203 = FACE_BOUND('',#8204,.F.);
#8204 = EDGE_LOOP('',(#8205,#8206,#8212,#8213));
#8205 = ORIENTED_EDGE('',*,*,#4594,.F.);
#8206 = ORIENTED_EDGE('',*,*,#8207,.F.);
#8207 = EDGE_CURVE('',#2152,#4595,#8208,.T.);
#8208 = LINE('',#8209,#8210);
#8209 = CARTESIAN_POINT('',(-22.25,-2.,52.987));
#8210 = VECTOR('',#8211,1.);
#8211 = DIRECTION('',(0.,1.,0.));
#8212 = ORIENTED_EDGE('',*,*,#2151,.T.);
#8213 = ORIENTED_EDGE('',*,*,#8207,.T.);
#8214 = CYLINDRICAL_SURFACE('',#8215,1.6);
#8215 = AXIS2_PLACEMENT_3D('',#8216,#8217,#8218);
#8216 = CARTESIAN_POINT('',(-22.25,-2.,51.387));
#8217 = DIRECTION('',(0.,1.,0.));
#8218 = DIRECTION('',(0.,-0.,1.));
#8219 = ADVANCED_FACE('',(#8220),#8231,.F.);
#8220 = FACE_BOUND('',#8221,.F.);
#8221 = EDGE_LOOP('',(#8222,#8223,#8229,#8230));
#8222 = ORIENTED_EDGE('',*,*,#4605,.F.);
#8223 = ORIENTED_EDGE('',*,*,#8224,.F.);
#8224 = EDGE_CURVE('',#2163,#4606,#8225,.T.);
#8225 = LINE('',#8226,#8227);
#8226 = CARTESIAN_POINT('',(-19.,-2.,47.358));
#8227 = VECTOR('',#8228,1.);
#8228 = DIRECTION('',(0.,1.,0.));
#8229 = ORIENTED_EDGE('',*,*,#2162,.T.);
#8230 = ORIENTED_EDGE('',*,*,#8224,.T.);
#8231 = CYLINDRICAL_SURFACE('',#8232,1.6);
#8232 = AXIS2_PLACEMENT_3D('',#8233,#8234,#8235);
#8233 = CARTESIAN_POINT('',(-19.,-2.,45.758));
#8234 = DIRECTION('',(0.,1.,0.));
#8235 = DIRECTION('',(0.,-0.,1.));
#8236 = ADVANCED_FACE('',(#8237),#8248,.F.);
#8237 = FACE_BOUND('',#8238,.F.);
#8238 = EDGE_LOOP('',(#8239,#8240,#8246,#8247));
#8239 = ORIENTED_EDGE('',*,*,#4616,.F.);
#8240 = ORIENTED_EDGE('',*,*,#8241,.F.);
#8241 = EDGE_CURVE('',#2174,#4617,#8242,.T.);
#8242 = LINE('',#8243,#8244);
#8243 = CARTESIAN_POINT('',(-12.5,-2.,47.358));
#8244 = VECTOR('',#8245,1.);
#8245 = DIRECTION('',(0.,1.,0.));
#8246 = ORIENTED_EDGE('',*,*,#2173,.T.);
#8247 = ORIENTED_EDGE('',*,*,#8241,.T.);
#8248 = CYLINDRICAL_SURFACE('',#8249,1.6);
#8249 = AXIS2_PLACEMENT_3D('',#8250,#8251,#8252);
#8250 = CARTESIAN_POINT('',(-12.5,-2.,45.758));
#8251 = DIRECTION('',(0.,1.,0.));
#8252 = DIRECTION('',(0.,-0.,1.));
#8253 = ADVANCED_FACE('',(#8254),#8265,.F.);
#8254 = FACE_BOUND('',#8255,.F.);
#8255 = EDGE_LOOP('',(#8256,#8257,#8263,#8264));
#8256 = ORIENTED_EDGE('',*,*,#4627,.F.);
#8257 = ORIENTED_EDGE('',*,*,#8258,.F.);
#8258 = EDGE_CURVE('',#2185,#4628,#8259,.T.);
#8259 = LINE('',#8260,#8261);
#8260 = CARTESIAN_POINT('',(-6.,-2.,47.358));
#8261 = VECTOR('',#8262,1.);
#8262 = DIRECTION('',(0.,1.,0.));
#8263 = ORIENTED_EDGE('',*,*,#2184,.T.);
#8264 = ORIENTED_EDGE('',*,*,#8258,.T.);
#8265 = CYLINDRICAL_SURFACE('',#8266,1.6);
#8266 = AXIS2_PLACEMENT_3D('',#8267,#8268,#8269);
#8267 = CARTESIAN_POINT('',(-6.,-2.,45.758));
#8268 = DIRECTION('',(0.,1.,0.));
#8269 = DIRECTION('',(0.,-0.,1.));
#8270 = ADVANCED_FACE('',(#8271),#8282,.F.);
#8271 = FACE_BOUND('',#8272,.F.);
#8272 = EDGE_LOOP('',(#8273,#8274,#8280,#8281));
#8273 = ORIENTED_EDGE('',*,*,#4638,.F.);
#8274 = ORIENTED_EDGE('',*,*,#8275,.F.);
#8275 = EDGE_CURVE('',#2196,#4639,#8276,.T.);
#8276 = LINE('',#8277,#8278);
#8277 = CARTESIAN_POINT('',(0.5,-2.,47.358));
#8278 = VECTOR('',#8279,1.);
#8279 = DIRECTION('',(0.,1.,0.));
#8280 = ORIENTED_EDGE('',*,*,#2195,.T.);
#8281 = ORIENTED_EDGE('',*,*,#8275,.T.);
#8282 = CYLINDRICAL_SURFACE('',#8283,1.6);
#8283 = AXIS2_PLACEMENT_3D('',#8284,#8285,#8286);
#8284 = CARTESIAN_POINT('',(0.5,-2.,45.758));
#8285 = DIRECTION('',(0.,1.,0.));
#8286 = DIRECTION('',(0.,-0.,1.));
#8287 = ADVANCED_FACE('',(#8288),#8299,.F.);
#8288 = FACE_BOUND('',#8289,.F.);
#8289 = EDGE_LOOP('',(#8290,#8291,#8297,#8298));
#8290 = ORIENTED_EDGE('',*,*,#4649,.F.);
#8291 = ORIENTED_EDGE('',*,*,#8292,.F.);
#8292 = EDGE_CURVE('',#2207,#4650,#8293,.T.);
#8293 = LINE('',#8294,#8295);
#8294 = CARTESIAN_POINT('',(-15.75,-2.,52.987));
#8295 = VECTOR('',#8296,1.);
#8296 = DIRECTION('',(0.,1.,0.));
#8297 = ORIENTED_EDGE('',*,*,#2206,.T.);
#8298 = ORIENTED_EDGE('',*,*,#8292,.T.);
#8299 = CYLINDRICAL_SURFACE('',#8300,1.6);
#8300 = AXIS2_PLACEMENT_3D('',#8301,#8302,#8303);
#8301 = CARTESIAN_POINT('',(-15.75,-2.,51.387));
#8302 = DIRECTION('',(0.,1.,0.));
#8303 = DIRECTION('',(0.,-0.,1.));
#8304 = ADVANCED_FACE('',(#8305),#8316,.F.);
#8305 = FACE_BOUND('',#8306,.F.);
#8306 = EDGE_LOOP('',(#8307,#8308,#8314,#8315));
#8307 = ORIENTED_EDGE('',*,*,#4660,.F.);
#8308 = ORIENTED_EDGE('',*,*,#8309,.F.);
#8309 = EDGE_CURVE('',#2218,#4661,#8310,.T.);
#8310 = LINE('',#8311,#8312);
#8311 = CARTESIAN_POINT('',(-9.25,-2.,52.987));
#8312 = VECTOR('',#8313,1.);
#8313 = DIRECTION('',(0.,1.,0.));
#8314 = ORIENTED_EDGE('',*,*,#2217,.T.);
#8315 = ORIENTED_EDGE('',*,*,#8309,.T.);
#8316 = CYLINDRICAL_SURFACE('',#8317,1.6);
#8317 = AXIS2_PLACEMENT_3D('',#8318,#8319,#8320);
#8318 = CARTESIAN_POINT('',(-9.25,-2.,51.387));
#8319 = DIRECTION('',(0.,1.,0.));
#8320 = DIRECTION('',(0.,-0.,1.));
#8321 = ADVANCED_FACE('',(#8322),#8333,.F.);
#8322 = FACE_BOUND('',#8323,.F.);
#8323 = EDGE_LOOP('',(#8324,#8325,#8331,#8332));
#8324 = ORIENTED_EDGE('',*,*,#4671,.F.);
#8325 = ORIENTED_EDGE('',*,*,#8326,.F.);
#8326 = EDGE_CURVE('',#2229,#4672,#8327,.T.);
#8327 = LINE('',#8328,#8329);
#8328 = CARTESIAN_POINT('',(-2.75,-2.,52.987));
#8329 = VECTOR('',#8330,1.);
#8330 = DIRECTION('',(0.,1.,0.));
#8331 = ORIENTED_EDGE('',*,*,#2228,.T.);
#8332 = ORIENTED_EDGE('',*,*,#8326,.T.);
#8333 = CYLINDRICAL_SURFACE('',#8334,1.6);
#8334 = AXIS2_PLACEMENT_3D('',#8335,#8336,#8337);
#8335 = CARTESIAN_POINT('',(-2.75,-2.,51.387));
#8336 = DIRECTION('',(0.,1.,0.));
#8337 = DIRECTION('',(0.,-0.,1.));
#8338 = ADVANCED_FACE('',(#8339),#8350,.F.);
#8339 = FACE_BOUND('',#8340,.F.);
#8340 = EDGE_LOOP('',(#8341,#8342,#8348,#8349));
#8341 = ORIENTED_EDGE('',*,*,#4682,.F.);
#8342 = ORIENTED_EDGE('',*,*,#8343,.F.);
#8343 = EDGE_CURVE('',#2240,#4683,#8344,.T.);
#8344 = LINE('',#8345,#8346);
#8345 = CARTESIAN_POINT('',(3.75,-2.,41.729));
#8346 = VECTOR('',#8347,1.);
#8347 = DIRECTION('',(0.,1.,0.));
#8348 = ORIENTED_EDGE('',*,*,#2239,.T.);
#8349 = ORIENTED_EDGE('',*,*,#8343,.T.);
#8350 = CYLINDRICAL_SURFACE('',#8351,1.6);
#8351 = AXIS2_PLACEMENT_3D('',#8352,#8353,#8354);
#8352 = CARTESIAN_POINT('',(3.75,-2.,40.129));
#8353 = DIRECTION('',(0.,1.,0.));
#8354 = DIRECTION('',(0.,-0.,1.));
#8355 = ADVANCED_FACE('',(#8356),#8367,.F.);
#8356 = FACE_BOUND('',#8357,.F.);
#8357 = EDGE_LOOP('',(#8358,#8359,#8365,#8366));
#8358 = ORIENTED_EDGE('',*,*,#4693,.F.);
#8359 = ORIENTED_EDGE('',*,*,#8360,.F.);
#8360 = EDGE_CURVE('',#2251,#4694,#8361,.T.);
#8361 = LINE('',#8362,#8363);
#8362 = CARTESIAN_POINT('',(10.25,-2.,41.729));
#8363 = VECTOR('',#8364,1.);
#8364 = DIRECTION('',(0.,1.,0.));
#8365 = ORIENTED_EDGE('',*,*,#2250,.T.);
#8366 = ORIENTED_EDGE('',*,*,#8360,.T.);
#8367 = CYLINDRICAL_SURFACE('',#8368,1.6);
#8368 = AXIS2_PLACEMENT_3D('',#8369,#8370,#8371);
#8369 = CARTESIAN_POINT('',(10.25,-2.,40.129));
#8370 = DIRECTION('',(0.,1.,0.));
#8371 = DIRECTION('',(0.,-0.,1.));
#8372 = ADVANCED_FACE('',(#8373),#8384,.F.);
#8373 = FACE_BOUND('',#8374,.F.);
#8374 = EDGE_LOOP('',(#8375,#8376,#8382,#8383));
#8375 = ORIENTED_EDGE('',*,*,#4704,.F.);
#8376 = ORIENTED_EDGE('',*,*,#8377,.F.);
#8377 = EDGE_CURVE('',#2262,#4705,#8378,.T.);
#8378 = LINE('',#8379,#8380);
#8379 = CARTESIAN_POINT('',(16.75,-2.,41.729));
#8380 = VECTOR('',#8381,1.);
#8381 = DIRECTION('',(0.,1.,0.));
#8382 = ORIENTED_EDGE('',*,*,#2261,.T.);
#8383 = ORIENTED_EDGE('',*,*,#8377,.T.);
#8384 = CYLINDRICAL_SURFACE('',#8385,1.6);
#8385 = AXIS2_PLACEMENT_3D('',#8386,#8387,#8388);
#8386 = CARTESIAN_POINT('',(16.75,-2.,40.129));
#8387 = DIRECTION('',(0.,1.,0.));
#8388 = DIRECTION('',(0.,-0.,1.));
#8389 = ADVANCED_FACE('',(#8390),#8401,.F.);
#8390 = FACE_BOUND('',#8391,.F.);
#8391 = EDGE_LOOP('',(#8392,#8393,#8399,#8400));
#8392 = ORIENTED_EDGE('',*,*,#4715,.F.);
#8393 = ORIENTED_EDGE('',*,*,#8394,.F.);
#8394 = EDGE_CURVE('',#2273,#4716,#8395,.T.);
#8395 = LINE('',#8396,#8397);
#8396 = CARTESIAN_POINT('',(23.25,-2.,41.729));
#8397 = VECTOR('',#8398,1.);
#8398 = DIRECTION('',(0.,1.,0.));
#8399 = ORIENTED_EDGE('',*,*,#2272,.T.);
#8400 = ORIENTED_EDGE('',*,*,#8394,.T.);
#8401 = CYLINDRICAL_SURFACE('',#8402,1.6);
#8402 = AXIS2_PLACEMENT_3D('',#8403,#8404,#8405);
#8403 = CARTESIAN_POINT('',(23.25,-2.,40.129));
#8404 = DIRECTION('',(0.,1.,0.));
#8405 = DIRECTION('',(0.,-0.,1.));
#8406 = ADVANCED_FACE('',(#8407),#8418,.F.);
#8407 = FACE_BOUND('',#8408,.F.);
#8408 = EDGE_LOOP('',(#8409,#8410,#8416,#8417));
#8409 = ORIENTED_EDGE('',*,*,#4726,.F.);
#8410 = ORIENTED_EDGE('',*,*,#8411,.F.);
#8411 = EDGE_CURVE('',#2284,#4727,#8412,.T.);
#8412 = LINE('',#8413,#8414);
#8413 = CARTESIAN_POINT('',(29.75,-2.,41.729));
#8414 = VECTOR('',#8415,1.);
#8415 = DIRECTION('',(0.,1.,0.));
#8416 = ORIENTED_EDGE('',*,*,#2283,.T.);
#8417 = ORIENTED_EDGE('',*,*,#8411,.T.);
#8418 = CYLINDRICAL_SURFACE('',#8419,1.6);
#8419 = AXIS2_PLACEMENT_3D('',#8420,#8421,#8422);
#8420 = CARTESIAN_POINT('',(29.75,-2.,40.129));
#8421 = DIRECTION('',(0.,1.,0.));
#8422 = DIRECTION('',(0.,-0.,1.));
#8423 = ADVANCED_FACE('',(#8424),#8435,.F.);
#8424 = FACE_BOUND('',#8425,.F.);
#8425 = EDGE_LOOP('',(#8426,#8427,#8433,#8434));
#8426 = ORIENTED_EDGE('',*,*,#4737,.F.);
#8427 = ORIENTED_EDGE('',*,*,#8428,.F.);
#8428 = EDGE_CURVE('',#2295,#4738,#8429,.T.);
#8429 = LINE('',#8430,#8431);
#8430 = CARTESIAN_POINT('',(36.25,-2.,41.729));
#8431 = VECTOR('',#8432,1.);
#8432 = DIRECTION('',(0.,1.,0.));
#8433 = ORIENTED_EDGE('',*,*,#2294,.T.);
#8434 = ORIENTED_EDGE('',*,*,#8428,.T.);
#8435 = CYLINDRICAL_SURFACE('',#8436,1.6);
#8436 = AXIS2_PLACEMENT_3D('',#8437,#8438,#8439);
#8437 = CARTESIAN_POINT('',(36.25,-2.,40.129));
#8438 = DIRECTION('',(0.,1.,0.));
#8439 = DIRECTION('',(0.,-0.,1.));
#8440 = ADVANCED_FACE('',(#8441),#8452,.F.);
#8441 = FACE_BOUND('',#8442,.F.);
#8442 = EDGE_LOOP('',(#8443,#8444,#8450,#8451));
#8443 = ORIENTED_EDGE('',*,*,#4748,.F.);
#8444 = ORIENTED_EDGE('',*,*,#8445,.F.);
#8445 = EDGE_CURVE('',#2306,#4749,#8446,.T.);
#8446 = LINE('',#8447,#8448);
#8447 = CARTESIAN_POINT('',(42.75,-2.,41.729));
#8448 = VECTOR('',#8449,1.);
#8449 = DIRECTION('',(0.,1.,0.));
#8450 = ORIENTED_EDGE('',*,*,#2305,.T.);
#8451 = ORIENTED_EDGE('',*,*,#8445,.T.);
#8452 = CYLINDRICAL_SURFACE('',#8453,1.6);
#8453 = AXIS2_PLACEMENT_3D('',#8454,#8455,#8456);
#8454 = CARTESIAN_POINT('',(42.75,-2.,40.129));
#8455 = DIRECTION('',(0.,1.,0.));
#8456 = DIRECTION('',(0.,-0.,1.));
#8457 = ADVANCED_FACE('',(#8458),#8469,.F.);
#8458 = FACE_BOUND('',#8459,.F.);
#8459 = EDGE_LOOP('',(#8460,#8461,#8467,#8468));
#8460 = ORIENTED_EDGE('',*,*,#4759,.F.);
#8461 = ORIENTED_EDGE('',*,*,#8462,.F.);
#8462 = EDGE_CURVE('',#2317,#4760,#8463,.T.);
#8463 = LINE('',#8464,#8465);
#8464 = CARTESIAN_POINT('',(7.,-2.,47.358));
#8465 = VECTOR('',#8466,1.);
#8466 = DIRECTION('',(0.,1.,0.));
#8467 = ORIENTED_EDGE('',*,*,#2316,.T.);
#8468 = ORIENTED_EDGE('',*,*,#8462,.T.);
#8469 = CYLINDRICAL_SURFACE('',#8470,1.6);
#8470 = AXIS2_PLACEMENT_3D('',#8471,#8472,#8473);
#8471 = CARTESIAN_POINT('',(7.,-2.,45.758));
#8472 = DIRECTION('',(0.,1.,0.));
#8473 = DIRECTION('',(0.,-0.,1.));
#8474 = ADVANCED_FACE('',(#8475),#8486,.F.);
#8475 = FACE_BOUND('',#8476,.F.);
#8476 = EDGE_LOOP('',(#8477,#8478,#8484,#8485));
#8477 = ORIENTED_EDGE('',*,*,#4770,.F.);
#8478 = ORIENTED_EDGE('',*,*,#8479,.F.);
#8479 = EDGE_CURVE('',#2328,#4771,#8480,.T.);
#8480 = LINE('',#8481,#8482);
#8481 = CARTESIAN_POINT('',(13.5,-2.,47.358));
#8482 = VECTOR('',#8483,1.);
#8483 = DIRECTION('',(0.,1.,0.));
#8484 = ORIENTED_EDGE('',*,*,#2327,.T.);
#8485 = ORIENTED_EDGE('',*,*,#8479,.T.);
#8486 = CYLINDRICAL_SURFACE('',#8487,1.6);
#8487 = AXIS2_PLACEMENT_3D('',#8488,#8489,#8490);
#8488 = CARTESIAN_POINT('',(13.5,-2.,45.758));
#8489 = DIRECTION('',(0.,1.,0.));
#8490 = DIRECTION('',(0.,-0.,1.));
#8491 = ADVANCED_FACE('',(#8492),#8503,.F.);
#8492 = FACE_BOUND('',#8493,.F.);
#8493 = EDGE_LOOP('',(#8494,#8495,#8501,#8502));
#8494 = ORIENTED_EDGE('',*,*,#4781,.F.);
#8495 = ORIENTED_EDGE('',*,*,#8496,.F.);
#8496 = EDGE_CURVE('',#2339,#4782,#8497,.T.);
#8497 = LINE('',#8498,#8499);
#8498 = CARTESIAN_POINT('',(20.,-2.,47.358));
#8499 = VECTOR('',#8500,1.);
#8500 = DIRECTION('',(0.,1.,0.));
#8501 = ORIENTED_EDGE('',*,*,#2338,.T.);
#8502 = ORIENTED_EDGE('',*,*,#8496,.T.);
#8503 = CYLINDRICAL_SURFACE('',#8504,1.6);
#8504 = AXIS2_PLACEMENT_3D('',#8505,#8506,#8507);
#8505 = CARTESIAN_POINT('',(20.,-2.,45.758));
#8506 = DIRECTION('',(0.,1.,0.));
#8507 = DIRECTION('',(0.,-0.,1.));
#8508 = ADVANCED_FACE('',(#8509),#8520,.F.);
#8509 = FACE_BOUND('',#8510,.F.);
#8510 = EDGE_LOOP('',(#8511,#8512,#8518,#8519));
#8511 = ORIENTED_EDGE('',*,*,#4792,.F.);
#8512 = ORIENTED_EDGE('',*,*,#8513,.F.);
#8513 = EDGE_CURVE('',#2350,#4793,#8514,.T.);
#8514 = LINE('',#8515,#8516);
#8515 = CARTESIAN_POINT('',(26.5,-2.,47.358));
#8516 = VECTOR('',#8517,1.);
#8517 = DIRECTION('',(0.,1.,0.));
#8518 = ORIENTED_EDGE('',*,*,#2349,.T.);
#8519 = ORIENTED_EDGE('',*,*,#8513,.T.);
#8520 = CYLINDRICAL_SURFACE('',#8521,1.6);
#8521 = AXIS2_PLACEMENT_3D('',#8522,#8523,#8524);
#8522 = CARTESIAN_POINT('',(26.5,-2.,45.758));
#8523 = DIRECTION('',(0.,1.,0.));
#8524 = DIRECTION('',(0.,-0.,1.));
#8525 = ADVANCED_FACE('',(#8526),#8537,.F.);
#8526 = FACE_BOUND('',#8527,.F.);
#8527 = EDGE_LOOP('',(#8528,#8529,#8535,#8536));
#8528 = ORIENTED_EDGE('',*,*,#4803,.F.);
#8529 = ORIENTED_EDGE('',*,*,#8530,.F.);
#8530 = EDGE_CURVE('',#2361,#4804,#8531,.T.);
#8531 = LINE('',#8532,#8533);
#8532 = CARTESIAN_POINT('',(3.75,-2.,52.987));
#8533 = VECTOR('',#8534,1.);
#8534 = DIRECTION('',(0.,1.,0.));
#8535 = ORIENTED_EDGE('',*,*,#2360,.T.);
#8536 = ORIENTED_EDGE('',*,*,#8530,.T.);
#8537 = CYLINDRICAL_SURFACE('',#8538,1.6);
#8538 = AXIS2_PLACEMENT_3D('',#8539,#8540,#8541);
#8539 = CARTESIAN_POINT('',(3.75,-2.,51.387));
#8540 = DIRECTION('',(0.,1.,0.));
#8541 = DIRECTION('',(0.,-0.,1.));
#8542 = ADVANCED_FACE('',(#8543),#8554,.F.);
#8543 = FACE_BOUND('',#8544,.F.);
#8544 = EDGE_LOOP('',(#8545,#8546,#8552,#8553));
#8545 = ORIENTED_EDGE('',*,*,#4814,.F.);
#8546 = ORIENTED_EDGE('',*,*,#8547,.F.);
#8547 = EDGE_CURVE('',#2372,#4815,#8548,.T.);
#8548 = LINE('',#8549,#8550);
#8549 = CARTESIAN_POINT('',(10.25,-2.,52.987));
#8550 = VECTOR('',#8551,1.);
#8551 = DIRECTION('',(0.,1.,0.));
#8552 = ORIENTED_EDGE('',*,*,#2371,.T.);
#8553 = ORIENTED_EDGE('',*,*,#8547,.T.);
#8554 = CYLINDRICAL_SURFACE('',#8555,1.6);
#8555 = AXIS2_PLACEMENT_3D('',#8556,#8557,#8558);
#8556 = CARTESIAN_POINT('',(10.25,-2.,51.387));
#8557 = DIRECTION('',(0.,1.,0.));
#8558 = DIRECTION('',(0.,-0.,1.));
#8559 = ADVANCED_FACE('',(#8560),#8571,.F.);
#8560 = FACE_BOUND('',#8561,.F.);
#8561 = EDGE_LOOP('',(#8562,#8563,#8569,#8570));
#8562 = ORIENTED_EDGE('',*,*,#4825,.F.);
#8563 = ORIENTED_EDGE('',*,*,#8564,.F.);
#8564 = EDGE_CURVE('',#2383,#4826,#8565,.T.);
#8565 = LINE('',#8566,#8567);
#8566 = CARTESIAN_POINT('',(16.75,-2.,52.987));
#8567 = VECTOR('',#8568,1.);
#8568 = DIRECTION('',(0.,1.,0.));
#8569 = ORIENTED_EDGE('',*,*,#2382,.T.);
#8570 = ORIENTED_EDGE('',*,*,#8564,.T.);
#8571 = CYLINDRICAL_SURFACE('',#8572,1.6);
#8572 = AXIS2_PLACEMENT_3D('',#8573,#8574,#8575);
#8573 = CARTESIAN_POINT('',(16.75,-2.,51.387));
#8574 = DIRECTION('',(0.,1.,0.));
#8575 = DIRECTION('',(0.,-0.,1.));
#8576 = ADVANCED_FACE('',(#8577),#8588,.F.);
#8577 = FACE_BOUND('',#8578,.F.);
#8578 = EDGE_LOOP('',(#8579,#8580,#8586,#8587));
#8579 = ORIENTED_EDGE('',*,*,#4836,.F.);
#8580 = ORIENTED_EDGE('',*,*,#8581,.F.);
#8581 = EDGE_CURVE('',#2394,#4837,#8582,.T.);
#8582 = LINE('',#8583,#8584);
#8583 = CARTESIAN_POINT('',(23.25,-2.,52.987));
#8584 = VECTOR('',#8585,1.);
#8585 = DIRECTION('',(0.,1.,0.));
#8586 = ORIENTED_EDGE('',*,*,#2393,.T.);
#8587 = ORIENTED_EDGE('',*,*,#8581,.T.);
#8588 = CYLINDRICAL_SURFACE('',#8589,1.6);
#8589 = AXIS2_PLACEMENT_3D('',#8590,#8591,#8592);
#8590 = CARTESIAN_POINT('',(23.25,-2.,51.387));
#8591 = DIRECTION('',(0.,1.,0.));
#8592 = DIRECTION('',(0.,-0.,1.));
#8593 = ADVANCED_FACE('',(#8594),#8605,.F.);
#8594 = FACE_BOUND('',#8595,.F.);
#8595 = EDGE_LOOP('',(#8596,#8597,#8603,#8604));
#8596 = ORIENTED_EDGE('',*,*,#4847,.F.);
#8597 = ORIENTED_EDGE('',*,*,#8598,.F.);
#8598 = EDGE_CURVE('',#2405,#4848,#8599,.T.);
#8599 = LINE('',#8600,#8601);
#8600 = CARTESIAN_POINT('',(33.,-2.,47.358));
#8601 = VECTOR('',#8602,1.);
#8602 = DIRECTION('',(0.,1.,0.));
#8603 = ORIENTED_EDGE('',*,*,#2404,.T.);
#8604 = ORIENTED_EDGE('',*,*,#8598,.T.);
#8605 = CYLINDRICAL_SURFACE('',#8606,1.6);
#8606 = AXIS2_PLACEMENT_3D('',#8607,#8608,#8609);
#8607 = CARTESIAN_POINT('',(33.,-2.,45.758));
#8608 = DIRECTION('',(0.,1.,0.));
#8609 = DIRECTION('',(0.,-0.,1.));
#8610 = ADVANCED_FACE('',(#8611),#8622,.F.);
#8611 = FACE_BOUND('',#8612,.F.);
#8612 = EDGE_LOOP('',(#8613,#8614,#8620,#8621));
#8613 = ORIENTED_EDGE('',*,*,#4858,.F.);
#8614 = ORIENTED_EDGE('',*,*,#8615,.F.);
#8615 = EDGE_CURVE('',#2416,#4859,#8616,.T.);
#8616 = LINE('',#8617,#8618);
#8617 = CARTESIAN_POINT('',(39.5,-2.,47.358));
#8618 = VECTOR('',#8619,1.);
#8619 = DIRECTION('',(0.,1.,0.));
#8620 = ORIENTED_EDGE('',*,*,#2415,.T.);
#8621 = ORIENTED_EDGE('',*,*,#8615,.T.);
#8622 = CYLINDRICAL_SURFACE('',#8623,1.6);
#8623 = AXIS2_PLACEMENT_3D('',#8624,#8625,#8626);
#8624 = CARTESIAN_POINT('',(39.5,-2.,45.758));
#8625 = DIRECTION('',(0.,1.,0.));
#8626 = DIRECTION('',(0.,-0.,1.));
#8627 = ADVANCED_FACE('',(#8628),#8639,.F.);
#8628 = FACE_BOUND('',#8629,.F.);
#8629 = EDGE_LOOP('',(#8630,#8631,#8637,#8638));
#8630 = ORIENTED_EDGE('',*,*,#4869,.F.);
#8631 = ORIENTED_EDGE('',*,*,#8632,.F.);
#8632 = EDGE_CURVE('',#2427,#4870,#8633,.T.);
#8633 = LINE('',#8634,#8635);
#8634 = CARTESIAN_POINT('',(46.,-2.,47.358));
#8635 = VECTOR('',#8636,1.);
#8636 = DIRECTION('',(0.,1.,0.));
#8637 = ORIENTED_EDGE('',*,*,#2426,.T.);
#8638 = ORIENTED_EDGE('',*,*,#8632,.T.);
#8639 = CYLINDRICAL_SURFACE('',#8640,1.6);
#8640 = AXIS2_PLACEMENT_3D('',#8641,#8642,#8643);
#8641 = CARTESIAN_POINT('',(46.,-2.,45.758));
#8642 = DIRECTION('',(0.,1.,0.));
#8643 = DIRECTION('',(0.,-0.,1.));
#8644 = ADVANCED_FACE('',(#8645),#8656,.F.);
#8645 = FACE_BOUND('',#8646,.F.);
#8646 = EDGE_LOOP('',(#8647,#8648,#8654,#8655));
#8647 = ORIENTED_EDGE('',*,*,#4880,.F.);
#8648 = ORIENTED_EDGE('',*,*,#8649,.F.);
#8649 = EDGE_CURVE('',#2438,#4881,#8650,.T.);
#8650 = LINE('',#8651,#8652);
#8651 = CARTESIAN_POINT('',(29.75,-2.,52.987));
#8652 = VECTOR('',#8653,1.);
#8653 = DIRECTION('',(0.,1.,0.));
#8654 = ORIENTED_EDGE('',*,*,#2437,.T.);
#8655 = ORIENTED_EDGE('',*,*,#8649,.T.);
#8656 = CYLINDRICAL_SURFACE('',#8657,1.6);
#8657 = AXIS2_PLACEMENT_3D('',#8658,#8659,#8660);
#8658 = CARTESIAN_POINT('',(29.75,-2.,51.387));
#8659 = DIRECTION('',(0.,1.,0.));
#8660 = DIRECTION('',(0.,-0.,1.));
#8661 = ADVANCED_FACE('',(#8662),#8673,.F.);
#8662 = FACE_BOUND('',#8663,.F.);
#8663 = EDGE_LOOP('',(#8664,#8665,#8671,#8672));
#8664 = ORIENTED_EDGE('',*,*,#4891,.F.);
#8665 = ORIENTED_EDGE('',*,*,#8666,.F.);
#8666 = EDGE_CURVE('',#2449,#4892,#8667,.T.);
#8667 = LINE('',#8668,#8669);
#8668 = CARTESIAN_POINT('',(36.25,-2.,52.987));
#8669 = VECTOR('',#8670,1.);
#8670 = DIRECTION('',(0.,1.,0.));
#8671 = ORIENTED_EDGE('',*,*,#2448,.T.);
#8672 = ORIENTED_EDGE('',*,*,#8666,.T.);
#8673 = CYLINDRICAL_SURFACE('',#8674,1.6);
#8674 = AXIS2_PLACEMENT_3D('',#8675,#8676,#8677);
#8675 = CARTESIAN_POINT('',(36.25,-2.,51.387));
#8676 = DIRECTION('',(0.,1.,0.));
#8677 = DIRECTION('',(0.,-0.,1.));
#8678 = ADVANCED_FACE('',(#8679),#8690,.F.);
#8679 = FACE_BOUND('',#8680,.F.);
#8680 = EDGE_LOOP('',(#8681,#8682,#8688,#8689));
#8681 = ORIENTED_EDGE('',*,*,#4902,.F.);
#8682 = ORIENTED_EDGE('',*,*,#8683,.F.);
#8683 = EDGE_CURVE('',#2460,#4903,#8684,.T.);
#8684 = LINE('',#8685,#8686);
#8685 = CARTESIAN_POINT('',(42.75,-2.,52.987));
#8686 = VECTOR('',#8687,1.);
#8687 = DIRECTION('',(0.,1.,0.));
#8688 = ORIENTED_EDGE('',*,*,#2459,.T.);
#8689 = ORIENTED_EDGE('',*,*,#8683,.T.);
#8690 = CYLINDRICAL_SURFACE('',#8691,1.6);
#8691 = AXIS2_PLACEMENT_3D('',#8692,#8693,#8694);
#8692 = CARTESIAN_POINT('',(42.75,-2.,51.387));
#8693 = DIRECTION('',(0.,1.,0.));
#8694 = DIRECTION('',(0.,-0.,1.));
#8695 = ADVANCED_FACE('',(#8696),#8707,.F.);
#8696 = FACE_BOUND('',#8697,.F.);
#8697 = EDGE_LOOP('',(#8698,#8699,#8705,#8706));
#8698 = ORIENTED_EDGE('',*,*,#4913,.F.);
#8699 = ORIENTED_EDGE('',*,*,#8700,.F.);
#8700 = EDGE_CURVE('',#2471,#4914,#8701,.T.);
#8701 = LINE('',#8702,#8703);
#8702 = CARTESIAN_POINT('',(48.66,-2.,56.7));
#8703 = VECTOR('',#8704,1.);
#8704 = DIRECTION('',(0.,1.,0.));
#8705 = ORIENTED_EDGE('',*,*,#2470,.T.);
#8706 = ORIENTED_EDGE('',*,*,#8700,.T.);
#8707 = CYLINDRICAL_SURFACE('',#8708,1.7);
#8708 = AXIS2_PLACEMENT_3D('',#8709,#8710,#8711);
#8709 = CARTESIAN_POINT('',(48.66,-2.,55.));
#8710 = DIRECTION('',(0.,1.,0.));
#8711 = DIRECTION('',(0.,-0.,1.));
#8712 = ( GEOMETRIC_REPRESENTATION_CONTEXT(3) 
GLOBAL_UNCERTAINTY_ASSIGNED_CONTEXT((#8716)) 
GLOBAL_UNIT_ASSIGNED_CONTEXT((#8713,#8714,#8715)) REPRESENTATION_CONTEXT
('Context #1','3D Context with UNIT and UNCERTAINTY') );
#8713 = ( LENGTH_UNIT() NAMED_UNIT(*) SI_UNIT(.MILLI.,.METRE.) );
#8714 = ( NAMED_UNIT(*) PLANE_ANGLE_UNIT() SI_UNIT($,.RADIAN.) );
#8715 = ( NAMED_UNIT(*) SI_UNIT($,.STERADIAN.) SOLID_ANGLE_UNIT() );
#8716 = UNCERTAINTY_MEASURE_WITH_UNIT(LENGTH_MEASURE(1.E-07),#8713,
  'distance_accuracy_value','confusion accuracy');
#8717 = PRODUCT_RELATED_PRODUCT_CATEGORY('part',$,(#7));
ENDSEC;
END-ISO-10303-21;
