ISO-10303-21;
HEADER;
FILE_DESCRIPTION(('FreeCAD Model'),'2;1');
FILE_NAME('Open CASCADE Shape Model','2026-09-22T15:21:05',('FreeCAD'),(
    'FreeCAD'),'Open CASCADE STEP processor 7.8','FreeCAD','Unknown');
FILE_SCHEMA(('AUTOMOTIVE_DESIGN { 1 0 10303 214 1 1 1 1 }'));
ENDSEC;
DATA;
#1 = APPLICATION_PROTOCOL_DEFINITION('international standard',
  'automotive_design',2000,#2);
#2 = APPLICATION_CONTEXT(
  'core data for automotive mechanical design processes');
#3 = SHAPE_DEFINITION_REPRESENTATION(#4,#10);
#4 = PRODUCT_DEFINITION_SHAPE('','',#5);
#5 = PRODUCT_DEFINITION('design','',#6,#9);
#6 = PRODUCT_DEFINITION_FORMATION('','',#7);
#7 = PRODUCT('Open CASCADE STEP translator 7.8 14',
  'Open CASCADE STEP translator 7.8 14','',(#8));
#8 = PRODUCT_CONTEXT('',#2,'mechanical');
#9 = PRODUCT_DEFINITION_CONTEXT('part definition',#2,'design');
#10 = SHAPE_REPRESENTATION('',(#11,#15,#1493,#5915,#9751,#11949,#12595,
    #17448,#17777,#18306,#18456,#19136,#19414),#19666);
#11 = AXIS2_PLACEMENT_3D('',#12,#13,#14);
#12 = CARTESIAN_POINT('',(0.,0.,0.));
#13 = DIRECTION('',(0.,0.,1.));
#14 = DIRECTION('',(1.,0.,-0.));
#15 = MANIFOLD_SOLID_BREP('',#16);
#16 = CLOSED_SHELL('',(#17,#57,#200,#224,#470,#487,#499,#516,#538,#555,
    #572,#584,#601,#618,#640,#657,#674,#686,#703,#728,#753,#778,#803,
    #828,#853,#878,#903,#928,#953,#973,#993,#1013,#1033,#1053,#1073,
    #1093,#1113,#1133,#1153,#1178,#1203,#1228,#1253,#1278,#1303,#1328,
    #1353,#1378,#1403,#1412,#1421,#1430,#1439,#1448,#1457,#1466,#1475,
    #1484));
#17 = ADVANCED_FACE('',(#18),#52,.F.);
#18 = FACE_BOUND('',#19,.F.);
#19 = EDGE_LOOP('',(#20,#30,#38,#46));
#20 = ORIENTED_EDGE('',*,*,#21,.F.);
#21 = EDGE_CURVE('',#22,#24,#26,.T.);
#22 = VERTEX_POINT('',#23);
#23 = CARTESIAN_POINT('',(-154.66,0.,0.));
#24 = VERTEX_POINT('',#25);
#25 = CARTESIAN_POINT('',(-154.66,0.,200.24));
#26 = LINE('',#27,#28);
#27 = CARTESIAN_POINT('',(-154.66,0.,0.));
#28 = VECTOR('',#29,1.);
#29 = DIRECTION('',(0.,0.,1.));
#30 = ORIENTED_EDGE('',*,*,#31,.T.);
#31 = EDGE_CURVE('',#22,#32,#34,.T.);
#32 = VERTEX_POINT('',#33);
#33 = CARTESIAN_POINT('',(-154.66,3.,0.));
#34 = LINE('',#35,#36);
#35 = CARTESIAN_POINT('',(-154.66,0.,0.));
#36 = VECTOR('',#37,1.);
#37 = DIRECTION('',(-0.,1.,0.));
#38 = ORIENTED_EDGE('',*,*,#39,.T.);
#39 = EDGE_CURVE('',#32,#40,#42,.T.);
#40 = VERTEX_POINT('',#41);
#41 = CARTESIAN_POINT('',(-154.66,3.,200.24));
#42 = LINE('',#43,#44);
#43 = CARTESIAN_POINT('',(-154.66,3.,0.));
#44 = VECTOR('',#45,1.);
#45 = DIRECTION('',(0.,0.,1.));
#46 = ORIENTED_EDGE('',*,*,#47,.F.);
#47 = EDGE_CURVE('',#24,#40,#48,.T.);
#48 = LINE('',#49,#50);
#49 = CARTESIAN_POINT('',(-154.66,0.,200.24));
#50 = VECTOR('',#51,1.);
#51 = DIRECTION('',(-0.,1.,0.));
#52 = PLANE('',#53);
#53 = AXIS2_PLACEMENT_3D('',#54,#55,#56);
#54 = CARTESIAN_POINT('',(-154.66,0.,0.));
#55 = DIRECTION('',(1.,0.,-0.));
#56 = DIRECTION('',(0.,0.,1.));
#57 = ADVANCED_FACE('',(#58,#83,#94,#128,#139,#150,#184),#195,.F.);
#58 = FACE_BOUND('',#59,.F.);
#59 = EDGE_LOOP('',(#60,#68,#69,#77));
#60 = ORIENTED_EDGE('',*,*,#61,.F.);
#61 = EDGE_CURVE('',#22,#62,#64,.T.);
#62 = VERTEX_POINT('',#63);
#63 = CARTESIAN_POINT('',(64.66,0.,0.));
#64 = LINE('',#65,#66);
#65 = CARTESIAN_POINT('',(-154.66,0.,0.));
#66 = VECTOR('',#67,1.);
#67 = DIRECTION('',(1.,0.,-0.));
#68 = ORIENTED_EDGE('',*,*,#21,.T.);
#69 = ORIENTED_EDGE('',*,*,#70,.T.);
#70 = EDGE_CURVE('',#24,#71,#73,.T.);
#71 = VERTEX_POINT('',#72);
#72 = CARTESIAN_POINT('',(64.66,0.,200.24));
#73 = LINE('',#74,#75);
#74 = CARTESIAN_POINT('',(-154.66,0.,200.24));
#75 = VECTOR('',#76,1.);
#76 = DIRECTION('',(1.,0.,-0.));
#77 = ORIENTED_EDGE('',*,*,#78,.F.);
#78 = EDGE_CURVE('',#62,#71,#79,.T.);
#79 = LINE('',#80,#81);
#80 = CARTESIAN_POINT('',(64.66,0.,0.));
#81 = VECTOR('',#82,1.);
#82 = DIRECTION('',(0.,0.,1.));
#83 = FACE_BOUND('',#84,.F.);
#84 = EDGE_LOOP('',(#85));
#85 = ORIENTED_EDGE('',*,*,#86,.F.);
#86 = EDGE_CURVE('',#87,#87,#89,.T.);
#87 = VERTEX_POINT('',#88);
#88 = CARTESIAN_POINT('',(-126.45,0.,84.42));
#89 = CIRCLE('',#90,3.95);
#90 = AXIS2_PLACEMENT_3D('',#91,#92,#93);
#91 = CARTESIAN_POINT('',(-126.45,0.,80.47));
#92 = DIRECTION('',(0.,1.,0.));
#93 = DIRECTION('',(0.,-0.,1.));
#94 = FACE_BOUND('',#95,.F.);
#95 = EDGE_LOOP('',(#96,#106,#114,#122));
#96 = ORIENTED_EDGE('',*,*,#97,.F.);
#97 = EDGE_CURVE('',#98,#100,#102,.T.);
#98 = VERTEX_POINT('',#99);
#99 = CARTESIAN_POINT('',(-133.66,0.,50.));
#100 = VERTEX_POINT('',#101);
#101 = CARTESIAN_POINT('',(43.66,0.,50.));
#102 = LINE('',#103,#104);
#103 = CARTESIAN_POINT('',(-144.16,0.,50.));
#104 = VECTOR('',#105,1.);
#105 = DIRECTION('',(1.,0.,-0.));
#106 = ORIENTED_EDGE('',*,*,#107,.T.);
#107 = EDGE_CURVE('',#98,#108,#110,.T.);
#108 = VERTEX_POINT('',#109);
#109 = CARTESIAN_POINT('',(-133.66,0.,19.));
#110 = LINE('',#111,#112);
#111 = CARTESIAN_POINT('',(-133.66,0.,9.5));
#112 = VECTOR('',#113,1.);
#113 = DIRECTION('',(-0.,0.,-1.));
#114 = ORIENTED_EDGE('',*,*,#115,.T.);
#115 = EDGE_CURVE('',#108,#116,#118,.T.);
#116 = VERTEX_POINT('',#117);
#117 = CARTESIAN_POINT('',(43.66,0.,19.));
#118 = LINE('',#119,#120);
#119 = CARTESIAN_POINT('',(-144.16,0.,19.));
#120 = VECTOR('',#121,1.);
#121 = DIRECTION('',(1.,0.,-0.));
#122 = ORIENTED_EDGE('',*,*,#123,.F.);
#123 = EDGE_CURVE('',#100,#116,#124,.T.);
#124 = LINE('',#125,#126);
#125 = CARTESIAN_POINT('',(43.66,0.,9.5));
#126 = VECTOR('',#127,1.);
#127 = DIRECTION('',(-0.,0.,-1.));
#128 = FACE_BOUND('',#129,.F.);
#129 = EDGE_LOOP('',(#130));
#130 = ORIENTED_EDGE('',*,*,#131,.F.);
#131 = EDGE_CURVE('',#132,#132,#134,.T.);
#132 = VERTEX_POINT('',#133);
#133 = CARTESIAN_POINT('',(-126.45,0.,183.72));
#134 = CIRCLE('',#135,3.95);
#135 = AXIS2_PLACEMENT_3D('',#136,#137,#138);
#136 = CARTESIAN_POINT('',(-126.45,0.,179.77));
#137 = DIRECTION('',(0.,1.,0.));
#138 = DIRECTION('',(0.,-0.,1.));
#139 = FACE_BOUND('',#140,.F.);
#140 = EDGE_LOOP('',(#141));
#141 = ORIENTED_EDGE('',*,*,#142,.F.);
#142 = EDGE_CURVE('',#143,#143,#145,.T.);
#143 = VERTEX_POINT('',#144);
#144 = CARTESIAN_POINT('',(41.31,0.,84.42));
#145 = CIRCLE('',#146,3.95);
#146 = AXIS2_PLACEMENT_3D('',#147,#148,#149);
#147 = CARTESIAN_POINT('',(41.31,0.,80.47));
#148 = DIRECTION('',(0.,1.,0.));
#149 = DIRECTION('',(0.,-0.,1.));
#150 = FACE_BOUND('',#151,.F.);
#151 = EDGE_LOOP('',(#152,#162,#170,#178));
#152 = ORIENTED_EDGE('',*,*,#153,.F.);
#153 = EDGE_CURVE('',#154,#156,#158,.T.);
#154 = VERTEX_POINT('',#155);
#155 = CARTESIAN_POINT('',(-122.45,0.,175.77));
#156 = VERTEX_POINT('',#157);
#157 = CARTESIAN_POINT('',(37.31,0.,175.77));
#158 = LINE('',#159,#160);
#159 = CARTESIAN_POINT('',(-138.555,0.,175.77));
#160 = VECTOR('',#161,1.);
#161 = DIRECTION('',(1.,0.,-0.));
#162 = ORIENTED_EDGE('',*,*,#163,.T.);
#163 = EDGE_CURVE('',#154,#164,#166,.T.);
#164 = VERTEX_POINT('',#165);
#165 = CARTESIAN_POINT('',(-122.45,0.,84.47));
#166 = LINE('',#167,#168);
#167 = CARTESIAN_POINT('',(-122.45,0.,42.235));
#168 = VECTOR('',#169,1.);
#169 = DIRECTION('',(-0.,0.,-1.));
#170 = ORIENTED_EDGE('',*,*,#171,.T.);
#171 = EDGE_CURVE('',#164,#172,#174,.T.);
#172 = VERTEX_POINT('',#173);
#173 = CARTESIAN_POINT('',(37.31,0.,84.47));
#174 = LINE('',#175,#176);
#175 = CARTESIAN_POINT('',(-138.555,0.,84.47));
#176 = VECTOR('',#177,1.);
#177 = DIRECTION('',(1.,0.,-0.));
#178 = ORIENTED_EDGE('',*,*,#179,.F.);
#179 = EDGE_CURVE('',#156,#172,#180,.T.);
#180 = LINE('',#181,#182);
#181 = CARTESIAN_POINT('',(37.31,0.,42.235));
#182 = VECTOR('',#183,1.);
#183 = DIRECTION('',(-0.,0.,-1.));
#184 = FACE_BOUND('',#185,.F.);
#185 = EDGE_LOOP('',(#186));
#186 = ORIENTED_EDGE('',*,*,#187,.F.);
#187 = EDGE_CURVE('',#188,#188,#190,.T.);
#188 = VERTEX_POINT('',#189);
#189 = CARTESIAN_POINT('',(41.31,0.,183.72));
#190 = CIRCLE('',#191,3.95);
#191 = AXIS2_PLACEMENT_3D('',#192,#193,#194);
#192 = CARTESIAN_POINT('',(41.31,0.,179.77));
#193 = DIRECTION('',(0.,1.,0.));
#194 = DIRECTION('',(0.,-0.,1.));
#195 = PLANE('',#196);
#196 = AXIS2_PLACEMENT_3D('',#197,#198,#199);
#197 = CARTESIAN_POINT('',(-154.66,0.,0.));
#198 = DIRECTION('',(-0.,1.,0.));
#199 = DIRECTION('',(0.,0.,1.));
#200 = ADVANCED_FACE('',(#201),#219,.T.);
#201 = FACE_BOUND('',#202,.T.);
#202 = EDGE_LOOP('',(#203,#204,#205,#213));
#203 = ORIENTED_EDGE('',*,*,#47,.F.);
#204 = ORIENTED_EDGE('',*,*,#70,.T.);
#205 = ORIENTED_EDGE('',*,*,#206,.T.);
#206 = EDGE_CURVE('',#71,#207,#209,.T.);
#207 = VERTEX_POINT('',#208);
#208 = CARTESIAN_POINT('',(64.66,3.,200.24));
#209 = LINE('',#210,#211);
#210 = CARTESIAN_POINT('',(64.66,0.,200.24));
#211 = VECTOR('',#212,1.);
#212 = DIRECTION('',(-0.,1.,0.));
#213 = ORIENTED_EDGE('',*,*,#214,.F.);
#214 = EDGE_CURVE('',#40,#207,#215,.T.);
#215 = LINE('',#216,#217);
#216 = CARTESIAN_POINT('',(-154.66,3.,200.24));
#217 = VECTOR('',#218,1.);
#218 = DIRECTION('',(1.,0.,-0.));
#219 = PLANE('',#220);
#220 = AXIS2_PLACEMENT_3D('',#221,#222,#223);
#221 = CARTESIAN_POINT('',(-154.66,0.,200.24));
#222 = DIRECTION('',(0.,0.,1.));
#223 = DIRECTION('',(1.,0.,-0.));
#224 = ADVANCED_FACE('',(#225,#243,#254,#265,#276,#287,#298,#309,#320,
    #354,#365,#376,#387,#398,#432,#443,#454),#465,.T.);
#225 = FACE_BOUND('',#226,.T.);
#226 = EDGE_LOOP('',(#227,#235,#236,#237));
#227 = ORIENTED_EDGE('',*,*,#228,.F.);
#228 = EDGE_CURVE('',#32,#229,#231,.T.);
#229 = VERTEX_POINT('',#230);
#230 = CARTESIAN_POINT('',(64.66,3.,0.));
#231 = LINE('',#232,#233);
#232 = CARTESIAN_POINT('',(-154.66,3.,0.));
#233 = VECTOR('',#234,1.);
#234 = DIRECTION('',(1.,0.,-0.));
#235 = ORIENTED_EDGE('',*,*,#39,.T.);
#236 = ORIENTED_EDGE('',*,*,#214,.T.);
#237 = ORIENTED_EDGE('',*,*,#238,.F.);
#238 = EDGE_CURVE('',#229,#207,#239,.T.);
#239 = LINE('',#240,#241);
#240 = CARTESIAN_POINT('',(64.66,3.,0.));
#241 = VECTOR('',#242,1.);
#242 = DIRECTION('',(0.,0.,1.));
#243 = FACE_BOUND('',#244,.T.);
#244 = EDGE_LOOP('',(#245));
#245 = ORIENTED_EDGE('',*,*,#246,.F.);
#246 = EDGE_CURVE('',#247,#247,#249,.T.);
#247 = VERTEX_POINT('',#248);
#248 = CARTESIAN_POINT('',(-149.16,3.,22.5));
#249 = CIRCLE('',#250,4.5);
#250 = AXIS2_PLACEMENT_3D('',#251,#252,#253);
#251 = CARTESIAN_POINT('',(-149.16,3.,18.));
#252 = DIRECTION('',(0.,1.,0.));
#253 = DIRECTION('',(0.,-0.,1.));
#254 = FACE_BOUND('',#255,.T.);
#255 = EDGE_LOOP('',(#256));
#256 = ORIENTED_EDGE('',*,*,#257,.F.);
#257 = EDGE_CURVE('',#258,#258,#260,.T.);
#258 = VERTEX_POINT('',#259);
#259 = CARTESIAN_POINT('',(-138.66,3.,18.5));
#260 = CIRCLE('',#261,4.5);
#261 = AXIS2_PLACEMENT_3D('',#262,#263,#264);
#262 = CARTESIAN_POINT('',(-138.66,3.,14.));
#263 = DIRECTION('',(0.,1.,0.));
#264 = DIRECTION('',(0.,-0.,1.));
#265 = FACE_BOUND('',#266,.T.);
#266 = EDGE_LOOP('',(#267));
#267 = ORIENTED_EDGE('',*,*,#268,.F.);
#268 = EDGE_CURVE('',#269,#269,#271,.T.);
#269 = VERTEX_POINT('',#270);
#270 = CARTESIAN_POINT('',(-138.66,3.,59.5));
#271 = CIRCLE('',#272,4.5);
#272 = AXIS2_PLACEMENT_3D('',#273,#274,#275);
#273 = CARTESIAN_POINT('',(-138.66,3.,55.));
#274 = DIRECTION('',(0.,1.,0.));
#275 = DIRECTION('',(0.,-0.,1.));
#276 = FACE_BOUND('',#277,.T.);
#277 = EDGE_LOOP('',(#278));
#278 = ORIENTED_EDGE('',*,*,#279,.F.);
#279 = EDGE_CURVE('',#280,#280,#282,.T.);
#280 = VERTEX_POINT('',#281);
#281 = CARTESIAN_POINT('',(-126.45,3.,84.42));
#282 = CIRCLE('',#283,3.95);
#283 = AXIS2_PLACEMENT_3D('',#284,#285,#286);
#284 = CARTESIAN_POINT('',(-126.45,3.,80.47));
#285 = DIRECTION('',(0.,1.,0.));
#286 = DIRECTION('',(0.,-0.,1.));
#287 = FACE_BOUND('',#288,.T.);
#288 = EDGE_LOOP('',(#289));
#289 = ORIENTED_EDGE('',*,*,#290,.F.);
#290 = EDGE_CURVE('',#291,#291,#293,.T.);
#291 = VERTEX_POINT('',#292);
#292 = CARTESIAN_POINT('',(-149.16,3.,104.62));
#293 = CIRCLE('',#294,4.5);
#294 = AXIS2_PLACEMENT_3D('',#295,#296,#297);
#295 = CARTESIAN_POINT('',(-149.16,3.,100.12));
#296 = DIRECTION('',(0.,1.,0.));
#297 = DIRECTION('',(0.,-0.,1.));
#298 = FACE_BOUND('',#299,.T.);
#299 = EDGE_LOOP('',(#300));
#300 = ORIENTED_EDGE('',*,*,#301,.F.);
#301 = EDGE_CURVE('',#302,#302,#304,.T.);
#302 = VERTEX_POINT('',#303);
#303 = CARTESIAN_POINT('',(-149.16,3.,189.74));
#304 = CIRCLE('',#305,4.5);
#305 = AXIS2_PLACEMENT_3D('',#306,#307,#308);
#306 = CARTESIAN_POINT('',(-149.16,3.,185.24));
#307 = DIRECTION('',(0.,1.,0.));
#308 = DIRECTION('',(0.,-0.,1.));
#309 = FACE_BOUND('',#310,.T.);
#310 = EDGE_LOOP('',(#311));
#311 = ORIENTED_EDGE('',*,*,#312,.F.);
#312 = EDGE_CURVE('',#313,#313,#315,.T.);
#313 = VERTEX_POINT('',#314);
#314 = CARTESIAN_POINT('',(-126.45,3.,183.72));
#315 = CIRCLE('',#316,3.95);
#316 = AXIS2_PLACEMENT_3D('',#317,#318,#319);
#317 = CARTESIAN_POINT('',(-126.45,3.,179.77));
#318 = DIRECTION('',(0.,1.,0.));
#319 = DIRECTION('',(0.,-0.,1.));
#320 = FACE_BOUND('',#321,.T.);
#321 = EDGE_LOOP('',(#322,#332,#340,#348));
#322 = ORIENTED_EDGE('',*,*,#323,.F.);
#323 = EDGE_CURVE('',#324,#326,#328,.T.);
#324 = VERTEX_POINT('',#325);
#325 = CARTESIAN_POINT('',(-133.66,3.,50.));
#326 = VERTEX_POINT('',#327);
#327 = CARTESIAN_POINT('',(43.66,3.,50.));
#328 = LINE('',#329,#330);
#329 = CARTESIAN_POINT('',(-144.16,3.,50.));
#330 = VECTOR('',#331,1.);
#331 = DIRECTION('',(1.,0.,-0.));
#332 = ORIENTED_EDGE('',*,*,#333,.T.);
#333 = EDGE_CURVE('',#324,#334,#336,.T.);
#334 = VERTEX_POINT('',#335);
#335 = CARTESIAN_POINT('',(-133.66,3.,19.));
#336 = LINE('',#337,#338);
#337 = CARTESIAN_POINT('',(-133.66,3.,9.5));
#338 = VECTOR('',#339,1.);
#339 = DIRECTION('',(-0.,0.,-1.));
#340 = ORIENTED_EDGE('',*,*,#341,.T.);
#341 = EDGE_CURVE('',#334,#342,#344,.T.);
#342 = VERTEX_POINT('',#343);
#343 = CARTESIAN_POINT('',(43.66,3.,19.));
#344 = LINE('',#345,#346);
#345 = CARTESIAN_POINT('',(-144.16,3.,19.));
#346 = VECTOR('',#347,1.);
#347 = DIRECTION('',(1.,0.,-0.));
#348 = ORIENTED_EDGE('',*,*,#349,.F.);
#349 = EDGE_CURVE('',#326,#342,#350,.T.);
#350 = LINE('',#351,#352);
#351 = CARTESIAN_POINT('',(43.66,3.,9.5));
#352 = VECTOR('',#353,1.);
#353 = DIRECTION('',(-0.,0.,-1.));
#354 = FACE_BOUND('',#355,.T.);
#355 = EDGE_LOOP('',(#356));
#356 = ORIENTED_EDGE('',*,*,#357,.F.);
#357 = EDGE_CURVE('',#358,#358,#360,.T.);
#358 = VERTEX_POINT('',#359);
#359 = CARTESIAN_POINT('',(48.66,3.,18.5));
#360 = CIRCLE('',#361,4.5);
#361 = AXIS2_PLACEMENT_3D('',#362,#363,#364);
#362 = CARTESIAN_POINT('',(48.66,3.,14.));
#363 = DIRECTION('',(0.,1.,0.));
#364 = DIRECTION('',(0.,-0.,1.));
#365 = FACE_BOUND('',#366,.T.);
#366 = EDGE_LOOP('',(#367));
#367 = ORIENTED_EDGE('',*,*,#368,.F.);
#368 = EDGE_CURVE('',#369,#369,#371,.T.);
#369 = VERTEX_POINT('',#370);
#370 = CARTESIAN_POINT('',(59.16,3.,22.5));
#371 = CIRCLE('',#372,4.5);
#372 = AXIS2_PLACEMENT_3D('',#373,#374,#375);
#373 = CARTESIAN_POINT('',(59.16,3.,18.));
#374 = DIRECTION('',(0.,1.,0.));
#375 = DIRECTION('',(0.,-0.,1.));
#376 = FACE_BOUND('',#377,.T.);
#377 = EDGE_LOOP('',(#378));
#378 = ORIENTED_EDGE('',*,*,#379,.F.);
#379 = EDGE_CURVE('',#380,#380,#382,.T.);
#380 = VERTEX_POINT('',#381);
#381 = CARTESIAN_POINT('',(48.66,3.,59.5));
#382 = CIRCLE('',#383,4.5);
#383 = AXIS2_PLACEMENT_3D('',#384,#385,#386);
#384 = CARTESIAN_POINT('',(48.66,3.,55.));
#385 = DIRECTION('',(0.,1.,0.));
#386 = DIRECTION('',(0.,-0.,1.));
#387 = FACE_BOUND('',#388,.T.);
#388 = EDGE_LOOP('',(#389));
#389 = ORIENTED_EDGE('',*,*,#390,.F.);
#390 = EDGE_CURVE('',#391,#391,#393,.T.);
#391 = VERTEX_POINT('',#392);
#392 = CARTESIAN_POINT('',(41.31,3.,84.42));
#393 = CIRCLE('',#394,3.95);
#394 = AXIS2_PLACEMENT_3D('',#395,#396,#397);
#395 = CARTESIAN_POINT('',(41.31,3.,80.47));
#396 = DIRECTION('',(0.,1.,0.));
#397 = DIRECTION('',(0.,-0.,1.));
#398 = FACE_BOUND('',#399,.T.);
#399 = EDGE_LOOP('',(#400,#410,#418,#426));
#400 = ORIENTED_EDGE('',*,*,#401,.F.);
#401 = EDGE_CURVE('',#402,#404,#406,.T.);
#402 = VERTEX_POINT('',#403);
#403 = CARTESIAN_POINT('',(-122.45,3.,175.77));
#404 = VERTEX_POINT('',#405);
#405 = CARTESIAN_POINT('',(37.31,3.,175.77));
#406 = LINE('',#407,#408);
#407 = CARTESIAN_POINT('',(-138.555,3.,175.77));
#408 = VECTOR('',#409,1.);
#409 = DIRECTION('',(1.,0.,-0.));
#410 = ORIENTED_EDGE('',*,*,#411,.T.);
#411 = EDGE_CURVE('',#402,#412,#414,.T.);
#412 = VERTEX_POINT('',#413);
#413 = CARTESIAN_POINT('',(-122.45,3.,84.47));
#414 = LINE('',#415,#416);
#415 = CARTESIAN_POINT('',(-122.45,3.,42.235));
#416 = VECTOR('',#417,1.);
#417 = DIRECTION('',(-0.,0.,-1.));
#418 = ORIENTED_EDGE('',*,*,#419,.T.);
#419 = EDGE_CURVE('',#412,#420,#422,.T.);
#420 = VERTEX_POINT('',#421);
#421 = CARTESIAN_POINT('',(37.31,3.,84.47));
#422 = LINE('',#423,#424);
#423 = CARTESIAN_POINT('',(-138.555,3.,84.47));
#424 = VECTOR('',#425,1.);
#425 = DIRECTION('',(1.,0.,-0.));
#426 = ORIENTED_EDGE('',*,*,#427,.F.);
#427 = EDGE_CURVE('',#404,#420,#428,.T.);
#428 = LINE('',#429,#430);
#429 = CARTESIAN_POINT('',(37.31,3.,42.235));
#430 = VECTOR('',#431,1.);
#431 = DIRECTION('',(-0.,0.,-1.));
#432 = FACE_BOUND('',#433,.T.);
#433 = EDGE_LOOP('',(#434));
#434 = ORIENTED_EDGE('',*,*,#435,.F.);
#435 = EDGE_CURVE('',#436,#436,#438,.T.);
#436 = VERTEX_POINT('',#437);
#437 = CARTESIAN_POINT('',(59.16,3.,104.62));
#438 = CIRCLE('',#439,4.5);
#439 = AXIS2_PLACEMENT_3D('',#440,#441,#442);
#440 = CARTESIAN_POINT('',(59.16,3.,100.12));
#441 = DIRECTION('',(0.,1.,0.));
#442 = DIRECTION('',(0.,-0.,1.));
#443 = FACE_BOUND('',#444,.T.);
#444 = EDGE_LOOP('',(#445));
#445 = ORIENTED_EDGE('',*,*,#446,.F.);
#446 = EDGE_CURVE('',#447,#447,#449,.T.);
#447 = VERTEX_POINT('',#448);
#448 = CARTESIAN_POINT('',(41.31,3.,183.72));
#449 = CIRCLE('',#450,3.95);
#450 = AXIS2_PLACEMENT_3D('',#451,#452,#453);
#451 = CARTESIAN_POINT('',(41.31,3.,179.77));
#452 = DIRECTION('',(0.,1.,0.));
#453 = DIRECTION('',(0.,-0.,1.));
#454 = FACE_BOUND('',#455,.T.);
#455 = EDGE_LOOP('',(#456));
#456 = ORIENTED_EDGE('',*,*,#457,.F.);
#457 = EDGE_CURVE('',#458,#458,#460,.T.);
#458 = VERTEX_POINT('',#459);
#459 = CARTESIAN_POINT('',(59.16,3.,189.74));
#460 = CIRCLE('',#461,4.5);
#461 = AXIS2_PLACEMENT_3D('',#462,#463,#464);
#462 = CARTESIAN_POINT('',(59.16,3.,185.24));
#463 = DIRECTION('',(0.,1.,0.));
#464 = DIRECTION('',(0.,-0.,1.));
#465 = PLANE('',#466);
#466 = AXIS2_PLACEMENT_3D('',#467,#468,#469);
#467 = CARTESIAN_POINT('',(-154.66,3.,0.));
#468 = DIRECTION('',(-0.,1.,0.));
#469 = DIRECTION('',(0.,0.,1.));
#470 = ADVANCED_FACE('',(#471),#482,.F.);
#471 = FACE_BOUND('',#472,.F.);
#472 = EDGE_LOOP('',(#473,#474,#475,#481));
#473 = ORIENTED_EDGE('',*,*,#31,.F.);
#474 = ORIENTED_EDGE('',*,*,#61,.T.);
#475 = ORIENTED_EDGE('',*,*,#476,.T.);
#476 = EDGE_CURVE('',#62,#229,#477,.T.);
#477 = LINE('',#478,#479);
#478 = CARTESIAN_POINT('',(64.66,0.,0.));
#479 = VECTOR('',#480,1.);
#480 = DIRECTION('',(-0.,1.,0.));
#481 = ORIENTED_EDGE('',*,*,#228,.F.);
#482 = PLANE('',#483);
#483 = AXIS2_PLACEMENT_3D('',#484,#485,#486);
#484 = CARTESIAN_POINT('',(-154.66,0.,0.));
#485 = DIRECTION('',(0.,0.,1.));
#486 = DIRECTION('',(1.,0.,-0.));
#487 = ADVANCED_FACE('',(#488),#494,.T.);
#488 = FACE_BOUND('',#489,.T.);
#489 = EDGE_LOOP('',(#490,#491,#492,#493));
#490 = ORIENTED_EDGE('',*,*,#78,.F.);
#491 = ORIENTED_EDGE('',*,*,#476,.T.);
#492 = ORIENTED_EDGE('',*,*,#238,.T.);
#493 = ORIENTED_EDGE('',*,*,#206,.F.);
#494 = PLANE('',#495);
#495 = AXIS2_PLACEMENT_3D('',#496,#497,#498);
#496 = CARTESIAN_POINT('',(64.66,0.,0.));
#497 = DIRECTION('',(1.,0.,-0.));
#498 = DIRECTION('',(0.,0.,1.));
#499 = ADVANCED_FACE('',(#500),#511,.F.);
#500 = FACE_BOUND('',#501,.F.);
#501 = EDGE_LOOP('',(#502,#503,#509,#510));
#502 = ORIENTED_EDGE('',*,*,#279,.F.);
#503 = ORIENTED_EDGE('',*,*,#504,.F.);
#504 = EDGE_CURVE('',#87,#280,#505,.T.);
#505 = LINE('',#506,#507);
#506 = CARTESIAN_POINT('',(-126.45,-2.,84.42));
#507 = VECTOR('',#508,1.);
#508 = DIRECTION('',(0.,1.,0.));
#509 = ORIENTED_EDGE('',*,*,#86,.T.);
#510 = ORIENTED_EDGE('',*,*,#504,.T.);
#511 = CYLINDRICAL_SURFACE('',#512,3.95);
#512 = AXIS2_PLACEMENT_3D('',#513,#514,#515);
#513 = CARTESIAN_POINT('',(-126.45,-2.,80.47));
#514 = DIRECTION('',(0.,1.,0.));
#515 = DIRECTION('',(0.,-0.,1.));
#516 = ADVANCED_FACE('',(#517),#533,.F.);
#517 = FACE_BOUND('',#518,.F.);
#518 = EDGE_LOOP('',(#519,#525,#526,#532));
#519 = ORIENTED_EDGE('',*,*,#520,.F.);
#520 = EDGE_CURVE('',#98,#324,#521,.T.);
#521 = LINE('',#522,#523);
#522 = CARTESIAN_POINT('',(-133.66,-2.,50.));
#523 = VECTOR('',#524,1.);
#524 = DIRECTION('',(-0.,1.,0.));
#525 = ORIENTED_EDGE('',*,*,#97,.T.);
#526 = ORIENTED_EDGE('',*,*,#527,.T.);
#527 = EDGE_CURVE('',#100,#326,#528,.T.);
#528 = LINE('',#529,#530);
#529 = CARTESIAN_POINT('',(43.66,-2.,50.));
#530 = VECTOR('',#531,1.);
#531 = DIRECTION('',(-0.,1.,0.));
#532 = ORIENTED_EDGE('',*,*,#323,.F.);
#533 = PLANE('',#534);
#534 = AXIS2_PLACEMENT_3D('',#535,#536,#537);
#535 = CARTESIAN_POINT('',(-133.66,-2.,50.));
#536 = DIRECTION('',(0.,0.,1.));
#537 = DIRECTION('',(1.,0.,-0.));
#538 = ADVANCED_FACE('',(#539),#550,.T.);
#539 = FACE_BOUND('',#540,.T.);
#540 = EDGE_LOOP('',(#541,#542,#543,#549));
#541 = ORIENTED_EDGE('',*,*,#520,.F.);
#542 = ORIENTED_EDGE('',*,*,#107,.T.);
#543 = ORIENTED_EDGE('',*,*,#544,.T.);
#544 = EDGE_CURVE('',#108,#334,#545,.T.);
#545 = LINE('',#546,#547);
#546 = CARTESIAN_POINT('',(-133.66,-2.,19.));
#547 = VECTOR('',#548,1.);
#548 = DIRECTION('',(-0.,1.,0.));
#549 = ORIENTED_EDGE('',*,*,#333,.F.);
#550 = PLANE('',#551);
#551 = AXIS2_PLACEMENT_3D('',#552,#553,#554);
#552 = CARTESIAN_POINT('',(-133.66,-2.,19.));
#553 = DIRECTION('',(1.,0.,-0.));
#554 = DIRECTION('',(0.,0.,1.));
#555 = ADVANCED_FACE('',(#556),#567,.F.);
#556 = FACE_BOUND('',#557,.F.);
#557 = EDGE_LOOP('',(#558,#559,#560,#566));
#558 = ORIENTED_EDGE('',*,*,#527,.F.);
#559 = ORIENTED_EDGE('',*,*,#123,.T.);
#560 = ORIENTED_EDGE('',*,*,#561,.T.);
#561 = EDGE_CURVE('',#116,#342,#562,.T.);
#562 = LINE('',#563,#564);
#563 = CARTESIAN_POINT('',(43.66,-2.,19.));
#564 = VECTOR('',#565,1.);
#565 = DIRECTION('',(-0.,1.,0.));
#566 = ORIENTED_EDGE('',*,*,#349,.F.);
#567 = PLANE('',#568);
#568 = AXIS2_PLACEMENT_3D('',#569,#570,#571);
#569 = CARTESIAN_POINT('',(43.66,-2.,19.));
#570 = DIRECTION('',(1.,0.,-0.));
#571 = DIRECTION('',(0.,0.,1.));
#572 = ADVANCED_FACE('',(#573),#579,.T.);
#573 = FACE_BOUND('',#574,.T.);
#574 = EDGE_LOOP('',(#575,#576,#577,#578));
#575 = ORIENTED_EDGE('',*,*,#544,.F.);
#576 = ORIENTED_EDGE('',*,*,#115,.T.);
#577 = ORIENTED_EDGE('',*,*,#561,.T.);
#578 = ORIENTED_EDGE('',*,*,#341,.F.);
#579 = PLANE('',#580);
#580 = AXIS2_PLACEMENT_3D('',#581,#582,#583);
#581 = CARTESIAN_POINT('',(-133.66,-2.,19.));
#582 = DIRECTION('',(0.,0.,1.));
#583 = DIRECTION('',(1.,0.,-0.));
#584 = ADVANCED_FACE('',(#585),#596,.F.);
#585 = FACE_BOUND('',#586,.F.);
#586 = EDGE_LOOP('',(#587,#588,#594,#595));
#587 = ORIENTED_EDGE('',*,*,#312,.F.);
#588 = ORIENTED_EDGE('',*,*,#589,.F.);
#589 = EDGE_CURVE('',#132,#313,#590,.T.);
#590 = LINE('',#591,#592);
#591 = CARTESIAN_POINT('',(-126.45,-2.,183.72));
#592 = VECTOR('',#593,1.);
#593 = DIRECTION('',(0.,1.,0.));
#594 = ORIENTED_EDGE('',*,*,#131,.T.);
#595 = ORIENTED_EDGE('',*,*,#589,.T.);
#596 = CYLINDRICAL_SURFACE('',#597,3.95);
#597 = AXIS2_PLACEMENT_3D('',#598,#599,#600);
#598 = CARTESIAN_POINT('',(-126.45,-2.,179.77));
#599 = DIRECTION('',(0.,1.,0.));
#600 = DIRECTION('',(0.,-0.,1.));
#601 = ADVANCED_FACE('',(#602),#613,.F.);
#602 = FACE_BOUND('',#603,.F.);
#603 = EDGE_LOOP('',(#604,#605,#611,#612));
#604 = ORIENTED_EDGE('',*,*,#390,.F.);
#605 = ORIENTED_EDGE('',*,*,#606,.F.);
#606 = EDGE_CURVE('',#143,#391,#607,.T.);
#607 = LINE('',#608,#609);
#608 = CARTESIAN_POINT('',(41.31,-2.,84.42));
#609 = VECTOR('',#610,1.);
#610 = DIRECTION('',(0.,1.,0.));
#611 = ORIENTED_EDGE('',*,*,#142,.T.);
#612 = ORIENTED_EDGE('',*,*,#606,.T.);
#613 = CYLINDRICAL_SURFACE('',#614,3.95);
#614 = AXIS2_PLACEMENT_3D('',#615,#616,#617);
#615 = CARTESIAN_POINT('',(41.31,-2.,80.47));
#616 = DIRECTION('',(0.,1.,0.));
#617 = DIRECTION('',(0.,-0.,1.));
#618 = ADVANCED_FACE('',(#619),#635,.F.);
#619 = FACE_BOUND('',#620,.F.);
#620 = EDGE_LOOP('',(#621,#627,#628,#634));
#621 = ORIENTED_EDGE('',*,*,#622,.F.);
#622 = EDGE_CURVE('',#154,#402,#623,.T.);
#623 = LINE('',#624,#625);
#624 = CARTESIAN_POINT('',(-122.45,-2.,175.77));
#625 = VECTOR('',#626,1.);
#626 = DIRECTION('',(-0.,1.,0.));
#627 = ORIENTED_EDGE('',*,*,#153,.T.);
#628 = ORIENTED_EDGE('',*,*,#629,.T.);
#629 = EDGE_CURVE('',#156,#404,#630,.T.);
#630 = LINE('',#631,#632);
#631 = CARTESIAN_POINT('',(37.31,-2.,175.77));
#632 = VECTOR('',#633,1.);
#633 = DIRECTION('',(-0.,1.,0.));
#634 = ORIENTED_EDGE('',*,*,#401,.F.);
#635 = PLANE('',#636);
#636 = AXIS2_PLACEMENT_3D('',#637,#638,#639);
#637 = CARTESIAN_POINT('',(-122.45,-2.,175.77));
#638 = DIRECTION('',(0.,0.,1.));
#639 = DIRECTION('',(1.,0.,-0.));
#640 = ADVANCED_FACE('',(#641),#652,.T.);
#641 = FACE_BOUND('',#642,.T.);
#642 = EDGE_LOOP('',(#643,#644,#645,#651));
#643 = ORIENTED_EDGE('',*,*,#622,.F.);
#644 = ORIENTED_EDGE('',*,*,#163,.T.);
#645 = ORIENTED_EDGE('',*,*,#646,.T.);
#646 = EDGE_CURVE('',#164,#412,#647,.T.);
#647 = LINE('',#648,#649);
#648 = CARTESIAN_POINT('',(-122.45,-2.,84.47));
#649 = VECTOR('',#650,1.);
#650 = DIRECTION('',(-0.,1.,0.));
#651 = ORIENTED_EDGE('',*,*,#411,.F.);
#652 = PLANE('',#653);
#653 = AXIS2_PLACEMENT_3D('',#654,#655,#656);
#654 = CARTESIAN_POINT('',(-122.45,-2.,84.47));
#655 = DIRECTION('',(1.,0.,-0.));
#656 = DIRECTION('',(0.,0.,1.));
#657 = ADVANCED_FACE('',(#658),#669,.F.);
#658 = FACE_BOUND('',#659,.F.);
#659 = EDGE_LOOP('',(#660,#661,#662,#668));
#660 = ORIENTED_EDGE('',*,*,#629,.F.);
#661 = ORIENTED_EDGE('',*,*,#179,.T.);
#662 = ORIENTED_EDGE('',*,*,#663,.T.);
#663 = EDGE_CURVE('',#172,#420,#664,.T.);
#664 = LINE('',#665,#666);
#665 = CARTESIAN_POINT('',(37.31,-2.,84.47));
#666 = VECTOR('',#667,1.);
#667 = DIRECTION('',(-0.,1.,0.));
#668 = ORIENTED_EDGE('',*,*,#427,.F.);
#669 = PLANE('',#670);
#670 = AXIS2_PLACEMENT_3D('',#671,#672,#673);
#671 = CARTESIAN_POINT('',(37.31,-2.,84.47));
#672 = DIRECTION('',(1.,0.,-0.));
#673 = DIRECTION('',(0.,0.,1.));
#674 = ADVANCED_FACE('',(#675),#681,.T.);
#675 = FACE_BOUND('',#676,.T.);
#676 = EDGE_LOOP('',(#677,#678,#679,#680));
#677 = ORIENTED_EDGE('',*,*,#646,.F.);
#678 = ORIENTED_EDGE('',*,*,#171,.T.);
#679 = ORIENTED_EDGE('',*,*,#663,.T.);
#680 = ORIENTED_EDGE('',*,*,#419,.F.);
#681 = PLANE('',#682);
#682 = AXIS2_PLACEMENT_3D('',#683,#684,#685);
#683 = CARTESIAN_POINT('',(-122.45,-2.,84.47));
#684 = DIRECTION('',(0.,0.,1.));
#685 = DIRECTION('',(1.,0.,-0.));
#686 = ADVANCED_FACE('',(#687),#698,.F.);
#687 = FACE_BOUND('',#688,.F.);
#688 = EDGE_LOOP('',(#689,#690,#696,#697));
#689 = ORIENTED_EDGE('',*,*,#446,.F.);
#690 = ORIENTED_EDGE('',*,*,#691,.F.);
#691 = EDGE_CURVE('',#188,#447,#692,.T.);
#692 = LINE('',#693,#694);
#693 = CARTESIAN_POINT('',(41.31,-2.,183.72));
#694 = VECTOR('',#695,1.);
#695 = DIRECTION('',(0.,1.,0.));
#696 = ORIENTED_EDGE('',*,*,#187,.T.);
#697 = ORIENTED_EDGE('',*,*,#691,.T.);
#698 = CYLINDRICAL_SURFACE('',#699,3.95);
#699 = AXIS2_PLACEMENT_3D('',#700,#701,#702);
#700 = CARTESIAN_POINT('',(41.31,-2.,179.77));
#701 = DIRECTION('',(0.,1.,0.));
#702 = DIRECTION('',(0.,-0.,1.));
#703 = ADVANCED_FACE('',(#704),#723,.T.);
#704 = FACE_BOUND('',#705,.T.);
#705 = EDGE_LOOP('',(#706,#714,#721,#722));
#706 = ORIENTED_EDGE('',*,*,#707,.T.);
#707 = EDGE_CURVE('',#247,#708,#710,.T.);
#708 = VERTEX_POINT('',#709);
#709 = CARTESIAN_POINT('',(-149.16,10.1,22.5));
#710 = LINE('',#711,#712);
#711 = CARTESIAN_POINT('',(-149.16,2.7,22.5));
#712 = VECTOR('',#713,1.);
#713 = DIRECTION('',(0.,1.,0.));
#714 = ORIENTED_EDGE('',*,*,#715,.F.);
#715 = EDGE_CURVE('',#708,#708,#716,.T.);
#716 = CIRCLE('',#717,4.5);
#717 = AXIS2_PLACEMENT_3D('',#718,#719,#720);
#718 = CARTESIAN_POINT('',(-149.16,10.1,18.));
#719 = DIRECTION('',(0.,1.,0.));
#720 = DIRECTION('',(0.,-0.,1.));
#721 = ORIENTED_EDGE('',*,*,#707,.F.);
#722 = ORIENTED_EDGE('',*,*,#246,.T.);
#723 = CYLINDRICAL_SURFACE('',#724,4.5);
#724 = AXIS2_PLACEMENT_3D('',#725,#726,#727);
#725 = CARTESIAN_POINT('',(-149.16,2.7,18.));
#726 = DIRECTION('',(0.,1.,0.));
#727 = DIRECTION('',(0.,-0.,1.));
#728 = ADVANCED_FACE('',(#729),#748,.T.);
#729 = FACE_BOUND('',#730,.T.);
#730 = EDGE_LOOP('',(#731,#739,#746,#747));
#731 = ORIENTED_EDGE('',*,*,#732,.T.);
#732 = EDGE_CURVE('',#258,#733,#735,.T.);
#733 = VERTEX_POINT('',#734);
#734 = CARTESIAN_POINT('',(-138.66,10.1,18.5));
#735 = LINE('',#736,#737);
#736 = CARTESIAN_POINT('',(-138.66,2.7,18.5));
#737 = VECTOR('',#738,1.);
#738 = DIRECTION('',(0.,1.,0.));
#739 = ORIENTED_EDGE('',*,*,#740,.F.);
#740 = EDGE_CURVE('',#733,#733,#741,.T.);
#741 = CIRCLE('',#742,4.5);
#742 = AXIS2_PLACEMENT_3D('',#743,#744,#745);
#743 = CARTESIAN_POINT('',(-138.66,10.1,14.));
#744 = DIRECTION('',(0.,1.,0.));
#745 = DIRECTION('',(0.,-0.,1.));
#746 = ORIENTED_EDGE('',*,*,#732,.F.);
#747 = ORIENTED_EDGE('',*,*,#257,.T.);
#748 = CYLINDRICAL_SURFACE('',#749,4.5);
#749 = AXIS2_PLACEMENT_3D('',#750,#751,#752);
#750 = CARTESIAN_POINT('',(-138.66,2.7,14.));
#751 = DIRECTION('',(0.,1.,0.));
#752 = DIRECTION('',(0.,-0.,1.));
#753 = ADVANCED_FACE('',(#754),#773,.T.);
#754 = FACE_BOUND('',#755,.T.);
#755 = EDGE_LOOP('',(#756,#764,#771,#772));
#756 = ORIENTED_EDGE('',*,*,#757,.T.);
#757 = EDGE_CURVE('',#269,#758,#760,.T.);
#758 = VERTEX_POINT('',#759);
#759 = CARTESIAN_POINT('',(-138.66,10.1,59.5));
#760 = LINE('',#761,#762);
#761 = CARTESIAN_POINT('',(-138.66,2.7,59.5));
#762 = VECTOR('',#763,1.);
#763 = DIRECTION('',(0.,1.,0.));
#764 = ORIENTED_EDGE('',*,*,#765,.F.);
#765 = EDGE_CURVE('',#758,#758,#766,.T.);
#766 = CIRCLE('',#767,4.5);
#767 = AXIS2_PLACEMENT_3D('',#768,#769,#770);
#768 = CARTESIAN_POINT('',(-138.66,10.1,55.));
#769 = DIRECTION('',(0.,1.,0.));
#770 = DIRECTION('',(0.,-0.,1.));
#771 = ORIENTED_EDGE('',*,*,#757,.F.);
#772 = ORIENTED_EDGE('',*,*,#268,.T.);
#773 = CYLINDRICAL_SURFACE('',#774,4.5);
#774 = AXIS2_PLACEMENT_3D('',#775,#776,#777);
#775 = CARTESIAN_POINT('',(-138.66,2.7,55.));
#776 = DIRECTION('',(0.,1.,0.));
#777 = DIRECTION('',(0.,-0.,1.));
#778 = ADVANCED_FACE('',(#779),#798,.T.);
#779 = FACE_BOUND('',#780,.T.);
#780 = EDGE_LOOP('',(#781,#789,#796,#797));
#781 = ORIENTED_EDGE('',*,*,#782,.T.);
#782 = EDGE_CURVE('',#291,#783,#785,.T.);
#783 = VERTEX_POINT('',#784);
#784 = CARTESIAN_POINT('',(-149.16,10.1,104.62));
#785 = LINE('',#786,#787);
#786 = CARTESIAN_POINT('',(-149.16,2.7,104.62));
#787 = VECTOR('',#788,1.);
#788 = DIRECTION('',(0.,1.,0.));
#789 = ORIENTED_EDGE('',*,*,#790,.F.);
#790 = EDGE_CURVE('',#783,#783,#791,.T.);
#791 = CIRCLE('',#792,4.5);
#792 = AXIS2_PLACEMENT_3D('',#793,#794,#795);
#793 = CARTESIAN_POINT('',(-149.16,10.1,100.12));
#794 = DIRECTION('',(0.,1.,0.));
#795 = DIRECTION('',(0.,-0.,1.));
#796 = ORIENTED_EDGE('',*,*,#782,.F.);
#797 = ORIENTED_EDGE('',*,*,#290,.T.);
#798 = CYLINDRICAL_SURFACE('',#799,4.5);
#799 = AXIS2_PLACEMENT_3D('',#800,#801,#802);
#800 = CARTESIAN_POINT('',(-149.16,2.7,100.12));
#801 = DIRECTION('',(0.,1.,0.));
#802 = DIRECTION('',(0.,-0.,1.));
#803 = ADVANCED_FACE('',(#804),#823,.T.);
#804 = FACE_BOUND('',#805,.T.);
#805 = EDGE_LOOP('',(#806,#814,#821,#822));
#806 = ORIENTED_EDGE('',*,*,#807,.T.);
#807 = EDGE_CURVE('',#302,#808,#810,.T.);
#808 = VERTEX_POINT('',#809);
#809 = CARTESIAN_POINT('',(-149.16,10.1,189.74));
#810 = LINE('',#811,#812);
#811 = CARTESIAN_POINT('',(-149.16,2.7,189.74));
#812 = VECTOR('',#813,1.);
#813 = DIRECTION('',(0.,1.,0.));
#814 = ORIENTED_EDGE('',*,*,#815,.F.);
#815 = EDGE_CURVE('',#808,#808,#816,.T.);
#816 = CIRCLE('',#817,4.5);
#817 = AXIS2_PLACEMENT_3D('',#818,#819,#820);
#818 = CARTESIAN_POINT('',(-149.16,10.1,185.24));
#819 = DIRECTION('',(0.,1.,0.));
#820 = DIRECTION('',(0.,-0.,1.));
#821 = ORIENTED_EDGE('',*,*,#807,.F.);
#822 = ORIENTED_EDGE('',*,*,#301,.T.);
#823 = CYLINDRICAL_SURFACE('',#824,4.5);
#824 = AXIS2_PLACEMENT_3D('',#825,#826,#827);
#825 = CARTESIAN_POINT('',(-149.16,2.7,185.24));
#826 = DIRECTION('',(0.,1.,0.));
#827 = DIRECTION('',(0.,-0.,1.));
#828 = ADVANCED_FACE('',(#829),#848,.T.);
#829 = FACE_BOUND('',#830,.T.);
#830 = EDGE_LOOP('',(#831,#839,#846,#847));
#831 = ORIENTED_EDGE('',*,*,#832,.T.);
#832 = EDGE_CURVE('',#358,#833,#835,.T.);
#833 = VERTEX_POINT('',#834);
#834 = CARTESIAN_POINT('',(48.66,10.1,18.5));
#835 = LINE('',#836,#837);
#836 = CARTESIAN_POINT('',(48.66,2.7,18.5));
#837 = VECTOR('',#838,1.);
#838 = DIRECTION('',(0.,1.,0.));
#839 = ORIENTED_EDGE('',*,*,#840,.F.);
#840 = EDGE_CURVE('',#833,#833,#841,.T.);
#841 = CIRCLE('',#842,4.5);
#842 = AXIS2_PLACEMENT_3D('',#843,#844,#845);
#843 = CARTESIAN_POINT('',(48.66,10.1,14.));
#844 = DIRECTION('',(0.,1.,0.));
#845 = DIRECTION('',(0.,-0.,1.));
#846 = ORIENTED_EDGE('',*,*,#832,.F.);
#847 = ORIENTED_EDGE('',*,*,#357,.T.);
#848 = CYLINDRICAL_SURFACE('',#849,4.5);
#849 = AXIS2_PLACEMENT_3D('',#850,#851,#852);
#850 = CARTESIAN_POINT('',(48.66,2.7,14.));
#851 = DIRECTION('',(0.,1.,0.));
#852 = DIRECTION('',(0.,-0.,1.));
#853 = ADVANCED_FACE('',(#854),#873,.T.);
#854 = FACE_BOUND('',#855,.T.);
#855 = EDGE_LOOP('',(#856,#864,#871,#872));
#856 = ORIENTED_EDGE('',*,*,#857,.T.);
#857 = EDGE_CURVE('',#369,#858,#860,.T.);
#858 = VERTEX_POINT('',#859);
#859 = CARTESIAN_POINT('',(59.16,10.1,22.5));
#860 = LINE('',#861,#862);
#861 = CARTESIAN_POINT('',(59.16,2.7,22.5));
#862 = VECTOR('',#863,1.);
#863 = DIRECTION('',(0.,1.,0.));
#864 = ORIENTED_EDGE('',*,*,#865,.F.);
#865 = EDGE_CURVE('',#858,#858,#866,.T.);
#866 = CIRCLE('',#867,4.5);
#867 = AXIS2_PLACEMENT_3D('',#868,#869,#870);
#868 = CARTESIAN_POINT('',(59.16,10.1,18.));
#869 = DIRECTION('',(0.,1.,0.));
#870 = DIRECTION('',(0.,-0.,1.));
#871 = ORIENTED_EDGE('',*,*,#857,.F.);
#872 = ORIENTED_EDGE('',*,*,#368,.T.);
#873 = CYLINDRICAL_SURFACE('',#874,4.5);
#874 = AXIS2_PLACEMENT_3D('',#875,#876,#877);
#875 = CARTESIAN_POINT('',(59.16,2.7,18.));
#876 = DIRECTION('',(0.,1.,0.));
#877 = DIRECTION('',(0.,-0.,1.));
#878 = ADVANCED_FACE('',(#879),#898,.T.);
#879 = FACE_BOUND('',#880,.T.);
#880 = EDGE_LOOP('',(#881,#889,#896,#897));
#881 = ORIENTED_EDGE('',*,*,#882,.T.);
#882 = EDGE_CURVE('',#380,#883,#885,.T.);
#883 = VERTEX_POINT('',#884);
#884 = CARTESIAN_POINT('',(48.66,10.1,59.5));
#885 = LINE('',#886,#887);
#886 = CARTESIAN_POINT('',(48.66,2.7,59.5));
#887 = VECTOR('',#888,1.);
#888 = DIRECTION('',(0.,1.,0.));
#889 = ORIENTED_EDGE('',*,*,#890,.F.);
#890 = EDGE_CURVE('',#883,#883,#891,.T.);
#891 = CIRCLE('',#892,4.5);
#892 = AXIS2_PLACEMENT_3D('',#893,#894,#895);
#893 = CARTESIAN_POINT('',(48.66,10.1,55.));
#894 = DIRECTION('',(0.,1.,0.));
#895 = DIRECTION('',(0.,-0.,1.));
#896 = ORIENTED_EDGE('',*,*,#882,.F.);
#897 = ORIENTED_EDGE('',*,*,#379,.T.);
#898 = CYLINDRICAL_SURFACE('',#899,4.5);
#899 = AXIS2_PLACEMENT_3D('',#900,#901,#902);
#900 = CARTESIAN_POINT('',(48.66,2.7,55.));
#901 = DIRECTION('',(0.,1.,0.));
#902 = DIRECTION('',(0.,-0.,1.));
#903 = ADVANCED_FACE('',(#904),#923,.T.);
#904 = FACE_BOUND('',#905,.T.);
#905 = EDGE_LOOP('',(#906,#914,#921,#922));
#906 = ORIENTED_EDGE('',*,*,#907,.T.);
#907 = EDGE_CURVE('',#436,#908,#910,.T.);
#908 = VERTEX_POINT('',#909);
#909 = CARTESIAN_POINT('',(59.16,10.1,104.62));
#910 = LINE('',#911,#912);
#911 = CARTESIAN_POINT('',(59.16,2.7,104.62));
#912 = VECTOR('',#913,1.);
#913 = DIRECTION('',(0.,1.,0.));
#914 = ORIENTED_EDGE('',*,*,#915,.F.);
#915 = EDGE_CURVE('',#908,#908,#916,.T.);
#916 = CIRCLE('',#917,4.5);
#917 = AXIS2_PLACEMENT_3D('',#918,#919,#920);
#918 = CARTESIAN_POINT('',(59.16,10.1,100.12));
#919 = DIRECTION('',(0.,1.,0.));
#920 = DIRECTION('',(0.,-0.,1.));
#921 = ORIENTED_EDGE('',*,*,#907,.F.);
#922 = ORIENTED_EDGE('',*,*,#435,.T.);
#923 = CYLINDRICAL_SURFACE('',#924,4.5);
#924 = AXIS2_PLACEMENT_3D('',#925,#926,#927);
#925 = CARTESIAN_POINT('',(59.16,2.7,100.12));
#926 = DIRECTION('',(0.,1.,0.));
#927 = DIRECTION('',(0.,-0.,1.));
#928 = ADVANCED_FACE('',(#929),#948,.T.);
#929 = FACE_BOUND('',#930,.T.);
#930 = EDGE_LOOP('',(#931,#939,#946,#947));
#931 = ORIENTED_EDGE('',*,*,#932,.T.);
#932 = EDGE_CURVE('',#458,#933,#935,.T.);
#933 = VERTEX_POINT('',#934);
#934 = CARTESIAN_POINT('',(59.16,10.1,189.74));
#935 = LINE('',#936,#937);
#936 = CARTESIAN_POINT('',(59.16,2.7,189.74));
#937 = VECTOR('',#938,1.);
#938 = DIRECTION('',(0.,1.,0.));
#939 = ORIENTED_EDGE('',*,*,#940,.F.);
#940 = EDGE_CURVE('',#933,#933,#941,.T.);
#941 = CIRCLE('',#942,4.5);
#942 = AXIS2_PLACEMENT_3D('',#943,#944,#945);
#943 = CARTESIAN_POINT('',(59.16,10.1,185.24));
#944 = DIRECTION('',(0.,1.,0.));
#945 = DIRECTION('',(0.,-0.,1.));
#946 = ORIENTED_EDGE('',*,*,#932,.F.);
#947 = ORIENTED_EDGE('',*,*,#457,.T.);
#948 = CYLINDRICAL_SURFACE('',#949,4.5);
#949 = AXIS2_PLACEMENT_3D('',#950,#951,#952);
#950 = CARTESIAN_POINT('',(59.16,2.7,185.24));
#951 = DIRECTION('',(0.,1.,0.));
#952 = DIRECTION('',(0.,-0.,1.));
#953 = ADVANCED_FACE('',(#954,#957),#968,.T.);
#954 = FACE_BOUND('',#955,.T.);
#955 = EDGE_LOOP('',(#956));
#956 = ORIENTED_EDGE('',*,*,#715,.T.);
#957 = FACE_BOUND('',#958,.T.);
#958 = EDGE_LOOP('',(#959));
#959 = ORIENTED_EDGE('',*,*,#960,.F.);
#960 = EDGE_CURVE('',#961,#961,#963,.T.);
#961 = VERTEX_POINT('',#962);
#962 = CARTESIAN_POINT('',(-149.16,10.1,20.));
#963 = CIRCLE('',#964,2.);
#964 = AXIS2_PLACEMENT_3D('',#965,#966,#967);
#965 = CARTESIAN_POINT('',(-149.16,10.1,18.));
#966 = DIRECTION('',(0.,1.,0.));
#967 = DIRECTION('',(0.,-0.,1.));
#968 = PLANE('',#969);
#969 = AXIS2_PLACEMENT_3D('',#970,#971,#972);
#970 = CARTESIAN_POINT('',(-149.16,10.1,18.));
#971 = DIRECTION('',(0.,1.,0.));
#972 = DIRECTION('',(0.,-0.,1.));
#973 = ADVANCED_FACE('',(#974,#977),#988,.T.);
#974 = FACE_BOUND('',#975,.T.);
#975 = EDGE_LOOP('',(#976));
#976 = ORIENTED_EDGE('',*,*,#740,.T.);
#977 = FACE_BOUND('',#978,.T.);
#978 = EDGE_LOOP('',(#979));
#979 = ORIENTED_EDGE('',*,*,#980,.F.);
#980 = EDGE_CURVE('',#981,#981,#983,.T.);
#981 = VERTEX_POINT('',#982);
#982 = CARTESIAN_POINT('',(-138.66,10.1,16.));
#983 = CIRCLE('',#984,2.);
#984 = AXIS2_PLACEMENT_3D('',#985,#986,#987);
#985 = CARTESIAN_POINT('',(-138.66,10.1,14.));
#986 = DIRECTION('',(0.,1.,0.));
#987 = DIRECTION('',(0.,-0.,1.));
#988 = PLANE('',#989);
#989 = AXIS2_PLACEMENT_3D('',#990,#991,#992);
#990 = CARTESIAN_POINT('',(-138.66,10.1,14.));
#991 = DIRECTION('',(0.,1.,0.));
#992 = DIRECTION('',(0.,-0.,1.));
#993 = ADVANCED_FACE('',(#994,#997),#1008,.T.);
#994 = FACE_BOUND('',#995,.T.);
#995 = EDGE_LOOP('',(#996));
#996 = ORIENTED_EDGE('',*,*,#765,.T.);
#997 = FACE_BOUND('',#998,.T.);
#998 = EDGE_LOOP('',(#999));
#999 = ORIENTED_EDGE('',*,*,#1000,.F.);
#1000 = EDGE_CURVE('',#1001,#1001,#1003,.T.);
#1001 = VERTEX_POINT('',#1002);
#1002 = CARTESIAN_POINT('',(-138.66,10.1,57.));
#1003 = CIRCLE('',#1004,2.);
#1004 = AXIS2_PLACEMENT_3D('',#1005,#1006,#1007);
#1005 = CARTESIAN_POINT('',(-138.66,10.1,55.));
#1006 = DIRECTION('',(0.,1.,0.));
#1007 = DIRECTION('',(0.,-0.,1.));
#1008 = PLANE('',#1009);
#1009 = AXIS2_PLACEMENT_3D('',#1010,#1011,#1012);
#1010 = CARTESIAN_POINT('',(-138.66,10.1,55.));
#1011 = DIRECTION('',(0.,1.,0.));
#1012 = DIRECTION('',(0.,-0.,1.));
#1013 = ADVANCED_FACE('',(#1014,#1017),#1028,.T.);
#1014 = FACE_BOUND('',#1015,.T.);
#1015 = EDGE_LOOP('',(#1016));
#1016 = ORIENTED_EDGE('',*,*,#790,.T.);
#1017 = FACE_BOUND('',#1018,.T.);
#1018 = EDGE_LOOP('',(#1019));
#1019 = ORIENTED_EDGE('',*,*,#1020,.F.);
#1020 = EDGE_CURVE('',#1021,#1021,#1023,.T.);
#1021 = VERTEX_POINT('',#1022);
#1022 = CARTESIAN_POINT('',(-149.16,10.1,102.12));
#1023 = CIRCLE('',#1024,2.);
#1024 = AXIS2_PLACEMENT_3D('',#1025,#1026,#1027);
#1025 = CARTESIAN_POINT('',(-149.16,10.1,100.12));
#1026 = DIRECTION('',(0.,1.,0.));
#1027 = DIRECTION('',(0.,-0.,1.));
#1028 = PLANE('',#1029);
#1029 = AXIS2_PLACEMENT_3D('',#1030,#1031,#1032);
#1030 = CARTESIAN_POINT('',(-149.16,10.1,100.12));
#1031 = DIRECTION('',(0.,1.,0.));
#1032 = DIRECTION('',(0.,-0.,1.));
#1033 = ADVANCED_FACE('',(#1034,#1037),#1048,.T.);
#1034 = FACE_BOUND('',#1035,.T.);
#1035 = EDGE_LOOP('',(#1036));
#1036 = ORIENTED_EDGE('',*,*,#815,.T.);
#1037 = FACE_BOUND('',#1038,.T.);
#1038 = EDGE_LOOP('',(#1039));
#1039 = ORIENTED_EDGE('',*,*,#1040,.F.);
#1040 = EDGE_CURVE('',#1041,#1041,#1043,.T.);
#1041 = VERTEX_POINT('',#1042);
#1042 = CARTESIAN_POINT('',(-149.16,10.1,187.24));
#1043 = CIRCLE('',#1044,2.);
#1044 = AXIS2_PLACEMENT_3D('',#1045,#1046,#1047);
#1045 = CARTESIAN_POINT('',(-149.16,10.1,185.24));
#1046 = DIRECTION('',(0.,1.,0.));
#1047 = DIRECTION('',(0.,-0.,1.));
#1048 = PLANE('',#1049);
#1049 = AXIS2_PLACEMENT_3D('',#1050,#1051,#1052);
#1050 = CARTESIAN_POINT('',(-149.16,10.1,185.24));
#1051 = DIRECTION('',(0.,1.,0.));
#1052 = DIRECTION('',(0.,-0.,1.));
#1053 = ADVANCED_FACE('',(#1054,#1057),#1068,.T.);
#1054 = FACE_BOUND('',#1055,.T.);
#1055 = EDGE_LOOP('',(#1056));
#1056 = ORIENTED_EDGE('',*,*,#840,.T.);
#1057 = FACE_BOUND('',#1058,.T.);
#1058 = EDGE_LOOP('',(#1059));
#1059 = ORIENTED_EDGE('',*,*,#1060,.F.);
#1060 = EDGE_CURVE('',#1061,#1061,#1063,.T.);
#1061 = VERTEX_POINT('',#1062);
#1062 = CARTESIAN_POINT('',(48.66,10.1,16.));
#1063 = CIRCLE('',#1064,2.);
#1064 = AXIS2_PLACEMENT_3D('',#1065,#1066,#1067);
#1065 = CARTESIAN_POINT('',(48.66,10.1,14.));
#1066 = DIRECTION('',(0.,1.,0.));
#1067 = DIRECTION('',(0.,-0.,1.));
#1068 = PLANE('',#1069);
#1069 = AXIS2_PLACEMENT_3D('',#1070,#1071,#1072);
#1070 = CARTESIAN_POINT('',(48.66,10.1,14.));
#1071 = DIRECTION('',(0.,1.,0.));
#1072 = DIRECTION('',(0.,-0.,1.));
#1073 = ADVANCED_FACE('',(#1074,#1077),#1088,.T.);
#1074 = FACE_BOUND('',#1075,.T.);
#1075 = EDGE_LOOP('',(#1076));
#1076 = ORIENTED_EDGE('',*,*,#865,.T.);
#1077 = FACE_BOUND('',#1078,.T.);
#1078 = EDGE_LOOP('',(#1079));
#1079 = ORIENTED_EDGE('',*,*,#1080,.F.);
#1080 = EDGE_CURVE('',#1081,#1081,#1083,.T.);
#1081 = VERTEX_POINT('',#1082);
#1082 = CARTESIAN_POINT('',(59.16,10.1,20.));
#1083 = CIRCLE('',#1084,2.);
#1084 = AXIS2_PLACEMENT_3D('',#1085,#1086,#1087);
#1085 = CARTESIAN_POINT('',(59.16,10.1,18.));
#1086 = DIRECTION('',(0.,1.,0.));
#1087 = DIRECTION('',(0.,-0.,1.));
#1088 = PLANE('',#1089);
#1089 = AXIS2_PLACEMENT_3D('',#1090,#1091,#1092);
#1090 = CARTESIAN_POINT('',(59.16,10.1,18.));
#1091 = DIRECTION('',(0.,1.,0.));
#1092 = DIRECTION('',(0.,-0.,1.));
#1093 = ADVANCED_FACE('',(#1094,#1097),#1108,.T.);
#1094 = FACE_BOUND('',#1095,.T.);
#1095 = EDGE_LOOP('',(#1096));
#1096 = ORIENTED_EDGE('',*,*,#890,.T.);
#1097 = FACE_BOUND('',#1098,.T.);
#1098 = EDGE_LOOP('',(#1099));
#1099 = ORIENTED_EDGE('',*,*,#1100,.F.);
#1100 = EDGE_CURVE('',#1101,#1101,#1103,.T.);
#1101 = VERTEX_POINT('',#1102);
#1102 = CARTESIAN_POINT('',(48.66,10.1,57.));
#1103 = CIRCLE('',#1104,2.);
#1104 = AXIS2_PLACEMENT_3D('',#1105,#1106,#1107);
#1105 = CARTESIAN_POINT('',(48.66,10.1,55.));
#1106 = DIRECTION('',(0.,1.,0.));
#1107 = DIRECTION('',(0.,-0.,1.));
#1108 = PLANE('',#1109);
#1109 = AXIS2_PLACEMENT_3D('',#1110,#1111,#1112);
#1110 = CARTESIAN_POINT('',(48.66,10.1,55.));
#1111 = DIRECTION('',(0.,1.,0.));
#1112 = DIRECTION('',(0.,-0.,1.));
#1113 = ADVANCED_FACE('',(#1114,#1117),#1128,.T.);
#1114 = FACE_BOUND('',#1115,.T.);
#1115 = EDGE_LOOP('',(#1116));
#1116 = ORIENTED_EDGE('',*,*,#915,.T.);
#1117 = FACE_BOUND('',#1118,.T.);
#1118 = EDGE_LOOP('',(#1119));
#1119 = ORIENTED_EDGE('',*,*,#1120,.F.);
#1120 = EDGE_CURVE('',#1121,#1121,#1123,.T.);
#1121 = VERTEX_POINT('',#1122);
#1122 = CARTESIAN_POINT('',(59.16,10.1,102.12));
#1123 = CIRCLE('',#1124,2.);
#1124 = AXIS2_PLACEMENT_3D('',#1125,#1126,#1127);
#1125 = CARTESIAN_POINT('',(59.16,10.1,100.12));
#1126 = DIRECTION('',(0.,1.,0.));
#1127 = DIRECTION('',(0.,-0.,1.));
#1128 = PLANE('',#1129);
#1129 = AXIS2_PLACEMENT_3D('',#1130,#1131,#1132);
#1130 = CARTESIAN_POINT('',(59.16,10.1,100.12));
#1131 = DIRECTION('',(0.,1.,0.));
#1132 = DIRECTION('',(0.,-0.,1.));
#1133 = ADVANCED_FACE('',(#1134,#1137),#1148,.T.);
#1134 = FACE_BOUND('',#1135,.T.);
#1135 = EDGE_LOOP('',(#1136));
#1136 = ORIENTED_EDGE('',*,*,#940,.T.);
#1137 = FACE_BOUND('',#1138,.T.);
#1138 = EDGE_LOOP('',(#1139));
#1139 = ORIENTED_EDGE('',*,*,#1140,.F.);
#1140 = EDGE_CURVE('',#1141,#1141,#1143,.T.);
#1141 = VERTEX_POINT('',#1142);
#1142 = CARTESIAN_POINT('',(59.16,10.1,187.24));
#1143 = CIRCLE('',#1144,2.);
#1144 = AXIS2_PLACEMENT_3D('',#1145,#1146,#1147);
#1145 = CARTESIAN_POINT('',(59.16,10.1,185.24));
#1146 = DIRECTION('',(0.,1.,0.));
#1147 = DIRECTION('',(0.,-0.,1.));
#1148 = PLANE('',#1149);
#1149 = AXIS2_PLACEMENT_3D('',#1150,#1151,#1152);
#1150 = CARTESIAN_POINT('',(59.16,10.1,185.24));
#1151 = DIRECTION('',(0.,1.,0.));
#1152 = DIRECTION('',(0.,-0.,1.));
#1153 = ADVANCED_FACE('',(#1154),#1173,.F.);
#1154 = FACE_BOUND('',#1155,.F.);
#1155 = EDGE_LOOP('',(#1156,#1157,#1165,#1172));
#1156 = ORIENTED_EDGE('',*,*,#960,.F.);
#1157 = ORIENTED_EDGE('',*,*,#1158,.F.);
#1158 = EDGE_CURVE('',#1159,#961,#1161,.T.);
#1159 = VERTEX_POINT('',#1160);
#1160 = CARTESIAN_POINT('',(-149.16,3.9,20.));
#1161 = LINE('',#1162,#1163);
#1162 = CARTESIAN_POINT('',(-149.16,3.9,20.));
#1163 = VECTOR('',#1164,1.);
#1164 = DIRECTION('',(0.,1.,0.));
#1165 = ORIENTED_EDGE('',*,*,#1166,.T.);
#1166 = EDGE_CURVE('',#1159,#1159,#1167,.T.);
#1167 = CIRCLE('',#1168,2.);
#1168 = AXIS2_PLACEMENT_3D('',#1169,#1170,#1171);
#1169 = CARTESIAN_POINT('',(-149.16,3.9,18.));
#1170 = DIRECTION('',(0.,1.,0.));
#1171 = DIRECTION('',(0.,-0.,1.));
#1172 = ORIENTED_EDGE('',*,*,#1158,.T.);
#1173 = CYLINDRICAL_SURFACE('',#1174,2.);
#1174 = AXIS2_PLACEMENT_3D('',#1175,#1176,#1177);
#1175 = CARTESIAN_POINT('',(-149.16,3.9,18.));
#1176 = DIRECTION('',(0.,1.,0.));
#1177 = DIRECTION('',(0.,-0.,1.));
#1178 = ADVANCED_FACE('',(#1179),#1198,.F.);
#1179 = FACE_BOUND('',#1180,.F.);
#1180 = EDGE_LOOP('',(#1181,#1182,#1190,#1197));
#1181 = ORIENTED_EDGE('',*,*,#980,.F.);
#1182 = ORIENTED_EDGE('',*,*,#1183,.F.);
#1183 = EDGE_CURVE('',#1184,#981,#1186,.T.);
#1184 = VERTEX_POINT('',#1185);
#1185 = CARTESIAN_POINT('',(-138.66,3.9,16.));
#1186 = LINE('',#1187,#1188);
#1187 = CARTESIAN_POINT('',(-138.66,3.9,16.));
#1188 = VECTOR('',#1189,1.);
#1189 = DIRECTION('',(0.,1.,0.));
#1190 = ORIENTED_EDGE('',*,*,#1191,.T.);
#1191 = EDGE_CURVE('',#1184,#1184,#1192,.T.);
#1192 = CIRCLE('',#1193,2.);
#1193 = AXIS2_PLACEMENT_3D('',#1194,#1195,#1196);
#1194 = CARTESIAN_POINT('',(-138.66,3.9,14.));
#1195 = DIRECTION('',(0.,1.,0.));
#1196 = DIRECTION('',(0.,-0.,1.));
#1197 = ORIENTED_EDGE('',*,*,#1183,.T.);
#1198 = CYLINDRICAL_SURFACE('',#1199,2.);
#1199 = AXIS2_PLACEMENT_3D('',#1200,#1201,#1202);
#1200 = CARTESIAN_POINT('',(-138.66,3.9,14.));
#1201 = DIRECTION('',(0.,1.,0.));
#1202 = DIRECTION('',(0.,-0.,1.));
#1203 = ADVANCED_FACE('',(#1204),#1223,.F.);
#1204 = FACE_BOUND('',#1205,.F.);
#1205 = EDGE_LOOP('',(#1206,#1207,#1215,#1222));
#1206 = ORIENTED_EDGE('',*,*,#1000,.F.);
#1207 = ORIENTED_EDGE('',*,*,#1208,.F.);
#1208 = EDGE_CURVE('',#1209,#1001,#1211,.T.);
#1209 = VERTEX_POINT('',#1210);
#1210 = CARTESIAN_POINT('',(-138.66,3.9,57.));
#1211 = LINE('',#1212,#1213);
#1212 = CARTESIAN_POINT('',(-138.66,3.9,57.));
#1213 = VECTOR('',#1214,1.);
#1214 = DIRECTION('',(0.,1.,0.));
#1215 = ORIENTED_EDGE('',*,*,#1216,.T.);
#1216 = EDGE_CURVE('',#1209,#1209,#1217,.T.);
#1217 = CIRCLE('',#1218,2.);
#1218 = AXIS2_PLACEMENT_3D('',#1219,#1220,#1221);
#1219 = CARTESIAN_POINT('',(-138.66,3.9,55.));
#1220 = DIRECTION('',(0.,1.,0.));
#1221 = DIRECTION('',(0.,-0.,1.));
#1222 = ORIENTED_EDGE('',*,*,#1208,.T.);
#1223 = CYLINDRICAL_SURFACE('',#1224,2.);
#1224 = AXIS2_PLACEMENT_3D('',#1225,#1226,#1227);
#1225 = CARTESIAN_POINT('',(-138.66,3.9,55.));
#1226 = DIRECTION('',(0.,1.,0.));
#1227 = DIRECTION('',(0.,-0.,1.));
#1228 = ADVANCED_FACE('',(#1229),#1248,.F.);
#1229 = FACE_BOUND('',#1230,.F.);
#1230 = EDGE_LOOP('',(#1231,#1232,#1240,#1247));
#1231 = ORIENTED_EDGE('',*,*,#1020,.F.);
#1232 = ORIENTED_EDGE('',*,*,#1233,.F.);
#1233 = EDGE_CURVE('',#1234,#1021,#1236,.T.);
#1234 = VERTEX_POINT('',#1235);
#1235 = CARTESIAN_POINT('',(-149.16,3.9,102.12));
#1236 = LINE('',#1237,#1238);
#1237 = CARTESIAN_POINT('',(-149.16,3.9,102.12));
#1238 = VECTOR('',#1239,1.);
#1239 = DIRECTION('',(0.,1.,0.));
#1240 = ORIENTED_EDGE('',*,*,#1241,.T.);
#1241 = EDGE_CURVE('',#1234,#1234,#1242,.T.);
#1242 = CIRCLE('',#1243,2.);
#1243 = AXIS2_PLACEMENT_3D('',#1244,#1245,#1246);
#1244 = CARTESIAN_POINT('',(-149.16,3.9,100.12));
#1245 = DIRECTION('',(0.,1.,0.));
#1246 = DIRECTION('',(0.,-0.,1.));
#1247 = ORIENTED_EDGE('',*,*,#1233,.T.);
#1248 = CYLINDRICAL_SURFACE('',#1249,2.);
#1249 = AXIS2_PLACEMENT_3D('',#1250,#1251,#1252);
#1250 = CARTESIAN_POINT('',(-149.16,3.9,100.12));
#1251 = DIRECTION('',(0.,1.,0.));
#1252 = DIRECTION('',(0.,-0.,1.));
#1253 = ADVANCED_FACE('',(#1254),#1273,.F.);
#1254 = FACE_BOUND('',#1255,.F.);
#1255 = EDGE_LOOP('',(#1256,#1257,#1265,#1272));
#1256 = ORIENTED_EDGE('',*,*,#1040,.F.);
#1257 = ORIENTED_EDGE('',*,*,#1258,.F.);
#1258 = EDGE_CURVE('',#1259,#1041,#1261,.T.);
#1259 = VERTEX_POINT('',#1260);
#1260 = CARTESIAN_POINT('',(-149.16,3.9,187.24));
#1261 = LINE('',#1262,#1263);
#1262 = CARTESIAN_POINT('',(-149.16,3.9,187.24));
#1263 = VECTOR('',#1264,1.);
#1264 = DIRECTION('',(0.,1.,0.));
#1265 = ORIENTED_EDGE('',*,*,#1266,.T.);
#1266 = EDGE_CURVE('',#1259,#1259,#1267,.T.);
#1267 = CIRCLE('',#1268,2.);
#1268 = AXIS2_PLACEMENT_3D('',#1269,#1270,#1271);
#1269 = CARTESIAN_POINT('',(-149.16,3.9,185.24));
#1270 = DIRECTION('',(0.,1.,0.));
#1271 = DIRECTION('',(0.,-0.,1.));
#1272 = ORIENTED_EDGE('',*,*,#1258,.T.);
#1273 = CYLINDRICAL_SURFACE('',#1274,2.);
#1274 = AXIS2_PLACEMENT_3D('',#1275,#1276,#1277);
#1275 = CARTESIAN_POINT('',(-149.16,3.9,185.24));
#1276 = DIRECTION('',(0.,1.,0.));
#1277 = DIRECTION('',(0.,-0.,1.));
#1278 = ADVANCED_FACE('',(#1279),#1298,.F.);
#1279 = FACE_BOUND('',#1280,.F.);
#1280 = EDGE_LOOP('',(#1281,#1282,#1290,#1297));
#1281 = ORIENTED_EDGE('',*,*,#1060,.F.);
#1282 = ORIENTED_EDGE('',*,*,#1283,.F.);
#1283 = EDGE_CURVE('',#1284,#1061,#1286,.T.);
#1284 = VERTEX_POINT('',#1285);
#1285 = CARTESIAN_POINT('',(48.66,3.9,16.));
#1286 = LINE('',#1287,#1288);
#1287 = CARTESIAN_POINT('',(48.66,3.9,16.));
#1288 = VECTOR('',#1289,1.);
#1289 = DIRECTION('',(0.,1.,0.));
#1290 = ORIENTED_EDGE('',*,*,#1291,.T.);
#1291 = EDGE_CURVE('',#1284,#1284,#1292,.T.);
#1292 = CIRCLE('',#1293,2.);
#1293 = AXIS2_PLACEMENT_3D('',#1294,#1295,#1296);
#1294 = CARTESIAN_POINT('',(48.66,3.9,14.));
#1295 = DIRECTION('',(0.,1.,0.));
#1296 = DIRECTION('',(0.,-0.,1.));
#1297 = ORIENTED_EDGE('',*,*,#1283,.T.);
#1298 = CYLINDRICAL_SURFACE('',#1299,2.);
#1299 = AXIS2_PLACEMENT_3D('',#1300,#1301,#1302);
#1300 = CARTESIAN_POINT('',(48.66,3.9,14.));
#1301 = DIRECTION('',(0.,1.,0.));
#1302 = DIRECTION('',(0.,-0.,1.));
#1303 = ADVANCED_FACE('',(#1304),#1323,.F.);
#1304 = FACE_BOUND('',#1305,.F.);
#1305 = EDGE_LOOP('',(#1306,#1307,#1315,#1322));
#1306 = ORIENTED_EDGE('',*,*,#1080,.F.);
#1307 = ORIENTED_EDGE('',*,*,#1308,.F.);
#1308 = EDGE_CURVE('',#1309,#1081,#1311,.T.);
#1309 = VERTEX_POINT('',#1310);
#1310 = CARTESIAN_POINT('',(59.16,3.9,20.));
#1311 = LINE('',#1312,#1313);
#1312 = CARTESIAN_POINT('',(59.16,3.9,20.));
#1313 = VECTOR('',#1314,1.);
#1314 = DIRECTION('',(0.,1.,0.));
#1315 = ORIENTED_EDGE('',*,*,#1316,.T.);
#1316 = EDGE_CURVE('',#1309,#1309,#1317,.T.);
#1317 = CIRCLE('',#1318,2.);
#1318 = AXIS2_PLACEMENT_3D('',#1319,#1320,#1321);
#1319 = CARTESIAN_POINT('',(59.16,3.9,18.));
#1320 = DIRECTION('',(0.,1.,0.));
#1321 = DIRECTION('',(0.,-0.,1.));
#1322 = ORIENTED_EDGE('',*,*,#1308,.T.);
#1323 = CYLINDRICAL_SURFACE('',#1324,2.);
#1324 = AXIS2_PLACEMENT_3D('',#1325,#1326,#1327);
#1325 = CARTESIAN_POINT('',(59.16,3.9,18.));
#1326 = DIRECTION('',(0.,1.,0.));
#1327 = DIRECTION('',(0.,-0.,1.));
#1328 = ADVANCED_FACE('',(#1329),#1348,.F.);
#1329 = FACE_BOUND('',#1330,.F.);
#1330 = EDGE_LOOP('',(#1331,#1332,#1340,#1347));
#1331 = ORIENTED_EDGE('',*,*,#1100,.F.);
#1332 = ORIENTED_EDGE('',*,*,#1333,.F.);
#1333 = EDGE_CURVE('',#1334,#1101,#1336,.T.);
#1334 = VERTEX_POINT('',#1335);
#1335 = CARTESIAN_POINT('',(48.66,3.9,57.));
#1336 = LINE('',#1337,#1338);
#1337 = CARTESIAN_POINT('',(48.66,3.9,57.));
#1338 = VECTOR('',#1339,1.);
#1339 = DIRECTION('',(0.,1.,0.));
#1340 = ORIENTED_EDGE('',*,*,#1341,.T.);
#1341 = EDGE_CURVE('',#1334,#1334,#1342,.T.);
#1342 = CIRCLE('',#1343,2.);
#1343 = AXIS2_PLACEMENT_3D('',#1344,#1345,#1346);
#1344 = CARTESIAN_POINT('',(48.66,3.9,55.));
#1345 = DIRECTION('',(0.,1.,0.));
#1346 = DIRECTION('',(0.,-0.,1.));
#1347 = ORIENTED_EDGE('',*,*,#1333,.T.);
#1348 = CYLINDRICAL_SURFACE('',#1349,2.);
#1349 = AXIS2_PLACEMENT_3D('',#1350,#1351,#1352);
#1350 = CARTESIAN_POINT('',(48.66,3.9,55.));
#1351 = DIRECTION('',(0.,1.,0.));
#1352 = DIRECTION('',(0.,-0.,1.));
#1353 = ADVANCED_FACE('',(#1354),#1373,.F.);
#1354 = FACE_BOUND('',#1355,.F.);
#1355 = EDGE_LOOP('',(#1356,#1357,#1365,#1372));
#1356 = ORIENTED_EDGE('',*,*,#1120,.F.);
#1357 = ORIENTED_EDGE('',*,*,#1358,.F.);
#1358 = EDGE_CURVE('',#1359,#1121,#1361,.T.);
#1359 = VERTEX_POINT('',#1360);
#1360 = CARTESIAN_POINT('',(59.16,3.9,102.12));
#1361 = LINE('',#1362,#1363);
#1362 = CARTESIAN_POINT('',(59.16,3.9,102.12));
#1363 = VECTOR('',#1364,1.);
#1364 = DIRECTION('',(0.,1.,0.));
#1365 = ORIENTED_EDGE('',*,*,#1366,.T.);
#1366 = EDGE_CURVE('',#1359,#1359,#1367,.T.);
#1367 = CIRCLE('',#1368,2.);
#1368 = AXIS2_PLACEMENT_3D('',#1369,#1370,#1371);
#1369 = CARTESIAN_POINT('',(59.16,3.9,100.12));
#1370 = DIRECTION('',(0.,1.,0.));
#1371 = DIRECTION('',(0.,-0.,1.));
#1372 = ORIENTED_EDGE('',*,*,#1358,.T.);
#1373 = CYLINDRICAL_SURFACE('',#1374,2.);
#1374 = AXIS2_PLACEMENT_3D('',#1375,#1376,#1377);
#1375 = CARTESIAN_POINT('',(59.16,3.9,100.12));
#1376 = DIRECTION('',(0.,1.,0.));
#1377 = DIRECTION('',(0.,-0.,1.));
#1378 = ADVANCED_FACE('',(#1379),#1398,.F.);
#1379 = FACE_BOUND('',#1380,.F.);
#1380 = EDGE_LOOP('',(#1381,#1382,#1390,#1397));
#1381 = ORIENTED_EDGE('',*,*,#1140,.F.);
#1382 = ORIENTED_EDGE('',*,*,#1383,.F.);
#1383 = EDGE_CURVE('',#1384,#1141,#1386,.T.);
#1384 = VERTEX_POINT('',#1385);
#1385 = CARTESIAN_POINT('',(59.16,3.9,187.24));
#1386 = LINE('',#1387,#1388);
#1387 = CARTESIAN_POINT('',(59.16,3.9,187.24));
#1388 = VECTOR('',#1389,1.);
#1389 = DIRECTION('',(0.,1.,0.));
#1390 = ORIENTED_EDGE('',*,*,#1391,.T.);
#1391 = EDGE_CURVE('',#1384,#1384,#1392,.T.);
#1392 = CIRCLE('',#1393,2.);
#1393 = AXIS2_PLACEMENT_3D('',#1394,#1395,#1396);
#1394 = CARTESIAN_POINT('',(59.16,3.9,185.24));
#1395 = DIRECTION('',(0.,1.,0.));
#1396 = DIRECTION('',(0.,-0.,1.));
#1397 = ORIENTED_EDGE('',*,*,#1383,.T.);
#1398 = CYLINDRICAL_SURFACE('',#1399,2.);
#1399 = AXIS2_PLACEMENT_3D('',#1400,#1401,#1402);
#1400 = CARTESIAN_POINT('',(59.16,3.9,185.24));
#1401 = DIRECTION('',(0.,1.,0.));
#1402 = DIRECTION('',(0.,-0.,1.));
#1403 = ADVANCED_FACE('',(#1404),#1407,.T.);
#1404 = FACE_BOUND('',#1405,.F.);
#1405 = EDGE_LOOP('',(#1406));
#1406 = ORIENTED_EDGE('',*,*,#1166,.F.);
#1407 = PLANE('',#1408);
#1408 = AXIS2_PLACEMENT_3D('',#1409,#1410,#1411);
#1409 = CARTESIAN_POINT('',(-149.16,3.9,18.));
#1410 = DIRECTION('',(0.,1.,0.));
#1411 = DIRECTION('',(0.,-0.,1.));
#1412 = ADVANCED_FACE('',(#1413),#1416,.T.);
#1413 = FACE_BOUND('',#1414,.F.);
#1414 = EDGE_LOOP('',(#1415));
#1415 = ORIENTED_EDGE('',*,*,#1191,.F.);
#1416 = PLANE('',#1417);
#1417 = AXIS2_PLACEMENT_3D('',#1418,#1419,#1420);
#1418 = CARTESIAN_POINT('',(-138.66,3.9,14.));
#1419 = DIRECTION('',(0.,1.,0.));
#1420 = DIRECTION('',(0.,-0.,1.));
#1421 = ADVANCED_FACE('',(#1422),#1425,.T.);
#1422 = FACE_BOUND('',#1423,.F.);
#1423 = EDGE_LOOP('',(#1424));
#1424 = ORIENTED_EDGE('',*,*,#1216,.F.);
#1425 = PLANE('',#1426);
#1426 = AXIS2_PLACEMENT_3D('',#1427,#1428,#1429);
#1427 = CARTESIAN_POINT('',(-138.66,3.9,55.));
#1428 = DIRECTION('',(0.,1.,0.));
#1429 = DIRECTION('',(0.,-0.,1.));
#1430 = ADVANCED_FACE('',(#1431),#1434,.T.);
#1431 = FACE_BOUND('',#1432,.F.);
#1432 = EDGE_LOOP('',(#1433));
#1433 = ORIENTED_EDGE('',*,*,#1241,.F.);
#1434 = PLANE('',#1435);
#1435 = AXIS2_PLACEMENT_3D('',#1436,#1437,#1438);
#1436 = CARTESIAN_POINT('',(-149.16,3.9,100.12));
#1437 = DIRECTION('',(0.,1.,0.));
#1438 = DIRECTION('',(0.,-0.,1.));
#1439 = ADVANCED_FACE('',(#1440),#1443,.T.);
#1440 = FACE_BOUND('',#1441,.F.);
#1441 = EDGE_LOOP('',(#1442));
#1442 = ORIENTED_EDGE('',*,*,#1266,.F.);
#1443 = PLANE('',#1444);
#1444 = AXIS2_PLACEMENT_3D('',#1445,#1446,#1447);
#1445 = CARTESIAN_POINT('',(-149.16,3.9,185.24));
#1446 = DIRECTION('',(0.,1.,0.));
#1447 = DIRECTION('',(0.,-0.,1.));
#1448 = ADVANCED_FACE('',(#1449),#1452,.T.);
#1449 = FACE_BOUND('',#1450,.F.);
#1450 = EDGE_LOOP('',(#1451));
#1451 = ORIENTED_EDGE('',*,*,#1291,.F.);
#1452 = PLANE('',#1453);
#1453 = AXIS2_PLACEMENT_3D('',#1454,#1455,#1456);
#1454 = CARTESIAN_POINT('',(48.66,3.9,14.));
#1455 = DIRECTION('',(0.,1.,0.));
#1456 = DIRECTION('',(0.,-0.,1.));
#1457 = ADVANCED_FACE('',(#1458),#1461,.T.);
#1458 = FACE_BOUND('',#1459,.F.);
#1459 = EDGE_LOOP('',(#1460));
#1460 = ORIENTED_EDGE('',*,*,#1316,.F.);
#1461 = PLANE('',#1462);
#1462 = AXIS2_PLACEMENT_3D('',#1463,#1464,#1465);
#1463 = CARTESIAN_POINT('',(59.16,3.9,18.));
#1464 = DIRECTION('',(0.,1.,0.));
#1465 = DIRECTION('',(0.,-0.,1.));
#1466 = ADVANCED_FACE('',(#1467),#1470,.T.);
#1467 = FACE_BOUND('',#1468,.F.);
#1468 = EDGE_LOOP('',(#1469));
#1469 = ORIENTED_EDGE('',*,*,#1341,.F.);
#1470 = PLANE('',#1471);
#1471 = AXIS2_PLACEMENT_3D('',#1472,#1473,#1474);
#1472 = CARTESIAN_POINT('',(48.66,3.9,55.));
#1473 = DIRECTION('',(0.,1.,0.));
#1474 = DIRECTION('',(0.,-0.,1.));
#1475 = ADVANCED_FACE('',(#1476),#1479,.T.);
#1476 = FACE_BOUND('',#1477,.F.);
#1477 = EDGE_LOOP('',(#1478));
#1478 = ORIENTED_EDGE('',*,*,#1366,.F.);
#1479 = PLANE('',#1480);
#1480 = AXIS2_PLACEMENT_3D('',#1481,#1482,#1483);
#1481 = CARTESIAN_POINT('',(59.16,3.9,100.12));
#1482 = DIRECTION('',(0.,1.,0.));
#1483 = DIRECTION('',(0.,-0.,1.));
#1484 = ADVANCED_FACE('',(#1485),#1488,.T.);
#1485 = FACE_BOUND('',#1486,.F.);
#1486 = EDGE_LOOP('',(#1487));
#1487 = ORIENTED_EDGE('',*,*,#1391,.F.);
#1488 = PLANE('',#1489);
#1489 = AXIS2_PLACEMENT_3D('',#1490,#1491,#1492);
#1490 = CARTESIAN_POINT('',(59.16,3.9,185.24));
#1491 = DIRECTION('',(0.,1.,0.));
#1492 = DIRECTION('',(0.,-0.,1.));
#1493 = MANIFOLD_SOLID_BREP('',#1494);
#1494 = CLOSED_SHELL('',(#1495,#1535,#2461,#2485,#2598,#2615,#2627,#2658
    ,#2682,#2706,#2723,#2754,#2778,#2802,#2819,#2850,#2874,#2898,#2915,
    #2946,#2970,#2994,#3011,#3042,#3066,#3090,#3107,#3138,#3162,#3186,
    #3203,#3234,#3258,#3282,#3299,#3330,#3354,#3378,#3395,#3426,#3450,
    #3474,#3491,#3522,#3546,#3570,#3587,#3618,#3642,#3666,#3683,#3714,
    #3738,#3762,#3779,#3804,#3835,#3859,#3883,#3900,#3931,#3955,#3979,
    #3996,#4027,#4051,#4075,#4092,#4123,#4147,#4171,#4188,#4219,#4243,
    #4267,#4284,#4315,#4339,#4363,#4380,#4411,#4435,#4459,#4476,#4507,
    #4531,#4555,#4572,#4603,#4627,#4651,#4668,#4699,#4723,#4747,#4764,
    #4795,#4819,#4843,#4860,#4891,#4915,#4939,#4956,#4987,#5011,#5035,
    #5052,#5083,#5107,#5131,#5148,#5173,#5204,#5228,#5252,#5269,#5294,
    #5319,#5344,#5369,#5381,#5399,#5411,#5423,#5435,#5447,#5459,#5471,
    #5483,#5495,#5507,#5519,#5531,#5543,#5555,#5567,#5579,#5591,#5603,
    #5615,#5627,#5639,#5651,#5663,#5675,#5687,#5699,#5719,#5739,#5759,
    #5779,#5804,#5829,#5854,#5879,#5888,#5897,#5906));
#1495 = ADVANCED_FACE('',(#1496),#1530,.F.);
#1496 = FACE_BOUND('',#1497,.F.);
#1497 = EDGE_LOOP('',(#1498,#1508,#1516,#1524));
#1498 = ORIENTED_EDGE('',*,*,#1499,.F.);
#1499 = EDGE_CURVE('',#1500,#1502,#1504,.T.);
#1500 = VERTEX_POINT('',#1501);
#1501 = CARTESIAN_POINT('',(64.66,0.,0.));
#1502 = VERTEX_POINT('',#1503);
#1503 = CARTESIAN_POINT('',(64.66,0.,200.24));
#1504 = LINE('',#1505,#1506);
#1505 = CARTESIAN_POINT('',(64.66,0.,0.));
#1506 = VECTOR('',#1507,1.);
#1507 = DIRECTION('',(0.,0.,1.));
#1508 = ORIENTED_EDGE('',*,*,#1509,.T.);
#1509 = EDGE_CURVE('',#1500,#1510,#1512,.T.);
#1510 = VERTEX_POINT('',#1511);
#1511 = CARTESIAN_POINT('',(64.66,3.,0.));
#1512 = LINE('',#1513,#1514);
#1513 = CARTESIAN_POINT('',(64.66,0.,0.));
#1514 = VECTOR('',#1515,1.);
#1515 = DIRECTION('',(-0.,1.,0.));
#1516 = ORIENTED_EDGE('',*,*,#1517,.T.);
#1517 = EDGE_CURVE('',#1510,#1518,#1520,.T.);
#1518 = VERTEX_POINT('',#1519);
#1519 = CARTESIAN_POINT('',(64.66,3.,200.24));
#1520 = LINE('',#1521,#1522);
#1521 = CARTESIAN_POINT('',(64.66,3.,0.));
#1522 = VECTOR('',#1523,1.);
#1523 = DIRECTION('',(0.,0.,1.));
#1524 = ORIENTED_EDGE('',*,*,#1525,.F.);
#1525 = EDGE_CURVE('',#1502,#1518,#1526,.T.);
#1526 = LINE('',#1527,#1528);
#1527 = CARTESIAN_POINT('',(64.66,0.,200.24));
#1528 = VECTOR('',#1529,1.);
#1529 = DIRECTION('',(-0.,1.,0.));
#1530 = PLANE('',#1531);
#1531 = AXIS2_PLACEMENT_3D('',#1532,#1533,#1534);
#1532 = CARTESIAN_POINT('',(64.66,0.,0.));
#1533 = DIRECTION('',(1.,0.,-0.));
#1534 = DIRECTION('',(0.,0.,1.));
#1535 = ADVANCED_FACE('',(#1536,#1561,#1595,#1629,#1663,#1697,#1731,
    #1765,#1799,#1833,#1867,#1901,#1935,#1969,#1980,#2014,#2048,#2082,
    #2116,#2150,#2184,#2218,#2252,#2286,#2320,#2354,#2388,#2422),#2456,
  .F.);
#1536 = FACE_BOUND('',#1537,.F.);
#1537 = EDGE_LOOP('',(#1538,#1546,#1547,#1555));
#1538 = ORIENTED_EDGE('',*,*,#1539,.F.);
#1539 = EDGE_CURVE('',#1500,#1540,#1542,.T.);
#1540 = VERTEX_POINT('',#1541);
#1541 = CARTESIAN_POINT('',(154.66,0.,0.));
#1542 = LINE('',#1543,#1544);
#1543 = CARTESIAN_POINT('',(64.66,0.,0.));
#1544 = VECTOR('',#1545,1.);
#1545 = DIRECTION('',(1.,0.,-0.));
#1546 = ORIENTED_EDGE('',*,*,#1499,.T.);
#1547 = ORIENTED_EDGE('',*,*,#1548,.T.);
#1548 = EDGE_CURVE('',#1502,#1549,#1551,.T.);
#1549 = VERTEX_POINT('',#1550);
#1550 = CARTESIAN_POINT('',(154.66,0.,200.24));
#1551 = LINE('',#1552,#1553);
#1552 = CARTESIAN_POINT('',(64.66,0.,200.24));
#1553 = VECTOR('',#1554,1.);
#1554 = DIRECTION('',(1.,0.,-0.));
#1555 = ORIENTED_EDGE('',*,*,#1556,.F.);
#1556 = EDGE_CURVE('',#1540,#1549,#1557,.T.);
#1557 = LINE('',#1558,#1559);
#1558 = CARTESIAN_POINT('',(154.66,0.,0.));
#1559 = VECTOR('',#1560,1.);
#1560 = DIRECTION('',(0.,0.,1.));
#1561 = FACE_BOUND('',#1562,.F.);
#1562 = EDGE_LOOP('',(#1563,#1573,#1581,#1589));
#1563 = ORIENTED_EDGE('',*,*,#1564,.F.);
#1564 = EDGE_CURVE('',#1565,#1567,#1569,.T.);
#1565 = VERTEX_POINT('',#1566);
#1566 = CARTESIAN_POINT('',(102.66,0.,55.04));
#1567 = VERTEX_POINT('',#1568);
#1568 = CARTESIAN_POINT('',(116.66,0.,55.04));
#1569 = LINE('',#1570,#1571);
#1570 = CARTESIAN_POINT('',(83.66,0.,55.04));
#1571 = VECTOR('',#1572,1.);
#1572 = DIRECTION('',(1.,0.,-0.));
#1573 = ORIENTED_EDGE('',*,*,#1574,.T.);
#1574 = EDGE_CURVE('',#1565,#1575,#1577,.T.);
#1575 = VERTEX_POINT('',#1576);
#1576 = CARTESIAN_POINT('',(102.66,0.,49.04));
#1577 = LINE('',#1578,#1579);
#1578 = CARTESIAN_POINT('',(102.66,0.,24.52));
#1579 = VECTOR('',#1580,1.);
#1580 = DIRECTION('',(-0.,0.,-1.));
#1581 = ORIENTED_EDGE('',*,*,#1582,.T.);
#1582 = EDGE_CURVE('',#1575,#1583,#1585,.T.);
#1583 = VERTEX_POINT('',#1584);
#1584 = CARTESIAN_POINT('',(116.66,0.,49.04));
#1585 = LINE('',#1586,#1587);
#1586 = CARTESIAN_POINT('',(83.66,0.,49.04));
#1587 = VECTOR('',#1588,1.);
#1588 = DIRECTION('',(1.,0.,-0.));
#1589 = ORIENTED_EDGE('',*,*,#1590,.F.);
#1590 = EDGE_CURVE('',#1567,#1583,#1591,.T.);
#1591 = LINE('',#1592,#1593);
#1592 = CARTESIAN_POINT('',(116.66,0.,24.52));
#1593 = VECTOR('',#1594,1.);
#1594 = DIRECTION('',(-0.,0.,-1.));
#1595 = FACE_BOUND('',#1596,.F.);
#1596 = EDGE_LOOP('',(#1597,#1607,#1615,#1623));
#1597 = ORIENTED_EDGE('',*,*,#1598,.F.);
#1598 = EDGE_CURVE('',#1599,#1601,#1603,.T.);
#1599 = VERTEX_POINT('',#1600);
#1600 = CARTESIAN_POINT('',(100.01,0.,78.24));
#1601 = VERTEX_POINT('',#1602);
#1602 = CARTESIAN_POINT('',(119.31,0.,78.24));
#1603 = LINE('',#1604,#1605);
#1604 = CARTESIAN_POINT('',(82.335,0.,78.24));
#1605 = VECTOR('',#1606,1.);
#1606 = DIRECTION('',(1.,0.,-0.));
#1607 = ORIENTED_EDGE('',*,*,#1608,.T.);
#1608 = EDGE_CURVE('',#1599,#1609,#1611,.T.);
#1609 = VERTEX_POINT('',#1610);
#1610 = CARTESIAN_POINT('',(100.01,0.,65.04));
#1611 = LINE('',#1612,#1613);
#1612 = CARTESIAN_POINT('',(100.01,0.,32.52));
#1613 = VECTOR('',#1614,1.);
#1614 = DIRECTION('',(-0.,0.,-1.));
#1615 = ORIENTED_EDGE('',*,*,#1616,.T.);
#1616 = EDGE_CURVE('',#1609,#1617,#1619,.T.);
#1617 = VERTEX_POINT('',#1618);
#1618 = CARTESIAN_POINT('',(119.31,0.,65.04));
#1619 = LINE('',#1620,#1621);
#1620 = CARTESIAN_POINT('',(82.335,0.,65.04));
#1621 = VECTOR('',#1622,1.);
#1622 = DIRECTION('',(1.,0.,-0.));
#1623 = ORIENTED_EDGE('',*,*,#1624,.F.);
#1624 = EDGE_CURVE('',#1601,#1617,#1625,.T.);
#1625 = LINE('',#1626,#1627);
#1626 = CARTESIAN_POINT('',(119.31,0.,32.52));
#1627 = VECTOR('',#1628,1.);
#1628 = DIRECTION('',(-0.,0.,-1.));
#1629 = FACE_BOUND('',#1630,.F.);
#1630 = EDGE_LOOP('',(#1631,#1641,#1649,#1657));
#1631 = ORIENTED_EDGE('',*,*,#1632,.F.);
#1632 = EDGE_CURVE('',#1633,#1635,#1637,.T.);
#1633 = VERTEX_POINT('',#1634);
#1634 = CARTESIAN_POINT('',(96.593012701892,0.,100.60731409782));
#1635 = VERTEX_POINT('',#1636);
#1636 = CARTESIAN_POINT('',(94.343012701892,0.,96.71019978079));
#1637 = LINE('',#1638,#1639);
#1638 = CARTESIAN_POINT('',(70.819263660348,1.110223024625E-17,
    55.965871256335));
#1639 = VECTOR('',#1640,1.);
#1640 = DIRECTION('',(-0.5,0.,-0.866025403784));
#1641 = ORIENTED_EDGE('',*,*,#1642,.T.);
#1642 = EDGE_CURVE('',#1633,#1643,#1645,.T.);
#1643 = VERTEX_POINT('',#1644);
#1644 = CARTESIAN_POINT('',(95.726987298108,0.,101.10731409782));
#1645 = LINE('',#1646,#1647);
#1646 = CARTESIAN_POINT('',(105.96724269059,0.,95.195099890395));
#1647 = VECTOR('',#1648,1.);
#1648 = DIRECTION('',(-0.866025403784,-0.,0.5));
#1649 = ORIENTED_EDGE('',*,*,#1650,.T.);
#1650 = EDGE_CURVE('',#1643,#1651,#1653,.T.);
#1651 = VERTEX_POINT('',#1652);
#1652 = CARTESIAN_POINT('',(93.476987298108,0.,97.21019978079));
#1653 = LINE('',#1654,#1655);
#1654 = CARTESIAN_POINT('',(69.953238256563,1.110223024625E-17,
    56.465871256335));
#1655 = VECTOR('',#1656,1.);
#1656 = DIRECTION('',(-0.5,0.,-0.866025403784));
#1657 = ORIENTED_EDGE('',*,*,#1658,.F.);
#1658 = EDGE_CURVE('',#1635,#1651,#1659,.T.);
#1659 = LINE('',#1660,#1661);
#1660 = CARTESIAN_POINT('',(103.71724269059,0.,91.297985573365));
#1661 = VECTOR('',#1662,1.);
#1662 = DIRECTION('',(-0.866025403784,-0.,0.5));
#1663 = FACE_BOUND('',#1664,.F.);
#1664 = EDGE_LOOP('',(#1665,#1675,#1683,#1691));
#1665 = ORIENTED_EDGE('',*,*,#1666,.F.);
#1666 = EDGE_CURVE('',#1667,#1669,#1671,.T.);
#1667 = VERTEX_POINT('',#1668);
#1668 = CARTESIAN_POINT('',(103.15484869537,0.,98.030593167644));
#1669 = VERTEX_POINT('',#1670);
#1670 = CARTESIAN_POINT('',(101.99016299241,0.,93.683926949343));
#1671 = LINE('',#1672,#1673);
#1672 = CARTESIAN_POINT('',(89.611691596835,0.,47.486842781002));
#1673 = VECTOR('',#1674,1.);
#1674 = DIRECTION('',(-0.258819045103,0.,-0.965925826289));
#1675 = ORIENTED_EDGE('',*,*,#1676,.T.);
#1676 = EDGE_CURVE('',#1667,#1677,#1679,.T.);
#1677 = VERTEX_POINT('',#1678);
#1678 = CARTESIAN_POINT('',(102.18892286908,0.,98.289412212746));
#1679 = LINE('',#1680,#1681);
#1680 = CARTESIAN_POINT('',(96.967618533085,0.,99.688456493015));
#1681 = VECTOR('',#1682,1.);
#1682 = DIRECTION('',(-0.965925826289,-0.,0.258819045103));
#1683 = ORIENTED_EDGE('',*,*,#1684,.T.);
#1684 = EDGE_CURVE('',#1677,#1685,#1687,.T.);
#1685 = VERTEX_POINT('',#1686);
#1686 = CARTESIAN_POINT('',(101.02423716612,0.,93.942745994446));
#1687 = LINE('',#1688,#1689);
#1688 = CARTESIAN_POINT('',(88.645765770546,0.,47.745661826104));
#1689 = VECTOR('',#1690,1.);
#1690 = DIRECTION('',(-0.258819045103,0.,-0.965925826289));
#1691 = ORIENTED_EDGE('',*,*,#1692,.F.);
#1692 = EDGE_CURVE('',#1669,#1685,#1693,.T.);
#1693 = LINE('',#1694,#1695);
#1694 = CARTESIAN_POINT('',(95.802932830123,0.,95.341790274715));
#1695 = VECTOR('',#1696,1.);
#1696 = DIRECTION('',(-0.965925826289,-0.,0.258819045103));
#1697 = FACE_BOUND('',#1698,.F.);
#1698 = EDGE_LOOP('',(#1699,#1709,#1717,#1725));
#1699 = ORIENTED_EDGE('',*,*,#1700,.F.);
#1700 = EDGE_CURVE('',#1701,#1703,#1705,.T.);
#1701 = VERTEX_POINT('',#1702);
#1702 = CARTESIAN_POINT('',(110.16,0.,97.24));
#1703 = VERTEX_POINT('',#1704);
#1704 = CARTESIAN_POINT('',(110.16,0.,92.74));
#1705 = LINE('',#1706,#1707);
#1706 = CARTESIAN_POINT('',(110.16,0.,48.62));
#1707 = VECTOR('',#1708,1.);
#1708 = DIRECTION('',(2.22044604925E-16,0.,-1.));
#1709 = ORIENTED_EDGE('',*,*,#1710,.T.);
#1710 = EDGE_CURVE('',#1701,#1711,#1713,.T.);
#1711 = VERTEX_POINT('',#1712);
#1712 = CARTESIAN_POINT('',(109.16,0.,97.24));
#1713 = LINE('',#1714,#1715);
#1714 = CARTESIAN_POINT('',(86.91,0.,97.24));
#1715 = VECTOR('',#1716,1.);
#1716 = DIRECTION('',(-1.,0.,-2.22044604925E-16));
#1717 = ORIENTED_EDGE('',*,*,#1718,.T.);
#1718 = EDGE_CURVE('',#1711,#1719,#1721,.T.);
#1719 = VERTEX_POINT('',#1720);
#1720 = CARTESIAN_POINT('',(109.16,0.,92.74));
#1721 = LINE('',#1722,#1723);
#1722 = CARTESIAN_POINT('',(109.16,0.,48.62));
#1723 = VECTOR('',#1724,1.);
#1724 = DIRECTION('',(2.22044604925E-16,0.,-1.));
#1725 = ORIENTED_EDGE('',*,*,#1726,.F.);
#1726 = EDGE_CURVE('',#1703,#1719,#1727,.T.);
#1727 = LINE('',#1728,#1729);
#1728 = CARTESIAN_POINT('',(86.91,0.,92.74));
#1729 = VECTOR('',#1730,1.);
#1730 = DIRECTION('',(-1.,0.,-2.22044604925E-16));
#1731 = FACE_BOUND('',#1732,.F.);
#1732 = EDGE_LOOP('',(#1733,#1743,#1751,#1759));
#1733 = ORIENTED_EDGE('',*,*,#1734,.F.);
#1734 = EDGE_CURVE('',#1735,#1737,#1739,.T.);
#1735 = VERTEX_POINT('',#1736);
#1736 = CARTESIAN_POINT('',(86.52731409782,0.,110.3069872981));
#1737 = VERTEX_POINT('',#1738);
#1738 = CARTESIAN_POINT('',(82.63019978079,0.,108.0569872981));
#1739 = LINE('',#1740,#1741);
#1740 = CARTESIAN_POINT('',(54.444908007365,1.110223024625E-17,
    91.784201505533));
#1741 = VECTOR('',#1742,1.);
#1742 = DIRECTION('',(-0.866025403784,0.,-0.5));
#1743 = ORIENTED_EDGE('',*,*,#1744,.T.);
#1744 = EDGE_CURVE('',#1735,#1745,#1747,.T.);
#1745 = VERTEX_POINT('',#1746);
#1746 = CARTESIAN_POINT('',(86.02731409782,0.,111.17301270189));
#1747 = LINE('',#1748,#1749);
#1748 = CARTESIAN_POINT('',(107.42606313936,1.110223024625E-17,
    74.109292143521));
#1749 = VECTOR('',#1750,1.);
#1750 = DIRECTION('',(-0.5,-0.,0.866025403784));
#1751 = ORIENTED_EDGE('',*,*,#1752,.T.);
#1752 = EDGE_CURVE('',#1745,#1753,#1755,.T.);
#1753 = VERTEX_POINT('',#1754);
#1754 = CARTESIAN_POINT('',(82.13019978079,0.,108.92301270189));
#1755 = LINE('',#1756,#1757);
#1756 = CARTESIAN_POINT('',(53.944908007365,1.110223024625E-17,
    92.650226909317));
#1757 = VECTOR('',#1758,1.);
#1758 = DIRECTION('',(-0.866025403784,0.,-0.5));
#1759 = ORIENTED_EDGE('',*,*,#1760,.F.);
#1760 = EDGE_CURVE('',#1737,#1753,#1761,.T.);
#1761 = LINE('',#1762,#1763);
#1762 = CARTESIAN_POINT('',(103.52894882233,1.110223024625E-17,
    71.859292143521));
#1763 = VECTOR('',#1764,1.);
#1764 = DIRECTION('',(-0.5,-0.,0.866025403784));
#1765 = FACE_BOUND('',#1766,.F.);
#1766 = EDGE_LOOP('',(#1767,#1777,#1785,#1793));
#1767 = ORIENTED_EDGE('',*,*,#1768,.F.);
#1768 = EDGE_CURVE('',#1769,#1771,#1773,.T.);
#1769 = VERTEX_POINT('',#1770);
#1770 = CARTESIAN_POINT('',(83.709412212746,0.,116.76892286908));
#1771 = VERTEX_POINT('',#1772);
#1772 = CARTESIAN_POINT('',(79.362745994446,0.,115.60423716612));
#1773 = LINE('',#1774,#1775);
#1774 = CARTESIAN_POINT('',(60.226625075074,0.,110.47672901951));
#1775 = VECTOR('',#1776,1.);
#1776 = DIRECTION('',(-0.965925826289,0.,-0.258819045103));
#1777 = ORIENTED_EDGE('',*,*,#1778,.T.);
#1778 = EDGE_CURVE('',#1769,#1779,#1781,.T.);
#1779 = VERTEX_POINT('',#1780);
#1780 = CARTESIAN_POINT('',(83.450593167644,0.,117.73484869537));
#1781 = LINE('',#1782,#1783);
#1782 = CARTESIAN_POINT('',(97.538083721494,0.,65.15961819726));
#1783 = VECTOR('',#1784,1.);
#1784 = DIRECTION('',(-0.258819045103,-0.,0.965925826289));
#1785 = ORIENTED_EDGE('',*,*,#1786,.T.);
#1786 = EDGE_CURVE('',#1779,#1787,#1789,.T.);
#1787 = VERTEX_POINT('',#1788);
#1788 = CARTESIAN_POINT('',(79.103926949343,0.,116.57016299241));
#1789 = LINE('',#1790,#1791);
#1790 = CARTESIAN_POINT('',(59.967806029971,0.,111.4426548458));
#1791 = VECTOR('',#1792,1.);
#1792 = DIRECTION('',(-0.965925826289,0.,-0.258819045103));
#1793 = ORIENTED_EDGE('',*,*,#1794,.F.);
#1794 = EDGE_CURVE('',#1771,#1787,#1795,.T.);
#1795 = LINE('',#1796,#1797);
#1796 = CARTESIAN_POINT('',(93.191417503194,0.,63.994932494298));
#1797 = VECTOR('',#1798,1.);
#1798 = DIRECTION('',(-0.258819045103,-0.,0.965925826289));
#1799 = FACE_BOUND('',#1800,.F.);
#1800 = EDGE_LOOP('',(#1801,#1811,#1819,#1827));
#1801 = ORIENTED_EDGE('',*,*,#1802,.F.);
#1802 = EDGE_CURVE('',#1803,#1805,#1807,.T.);
#1803 = VERTEX_POINT('',#1804);
#1804 = CARTESIAN_POINT('',(82.66,0.,123.74));
#1805 = VERTEX_POINT('',#1806);
#1806 = CARTESIAN_POINT('',(78.16,0.,123.74));
#1807 = LINE('',#1808,#1809);
#1808 = CARTESIAN_POINT('',(73.66,0.,123.74));
#1809 = VECTOR('',#1810,1.);
#1810 = DIRECTION('',(-1.,0.,-1.224646799147E-16));
#1811 = ORIENTED_EDGE('',*,*,#1812,.T.);
#1812 = EDGE_CURVE('',#1803,#1813,#1815,.T.);
#1813 = VERTEX_POINT('',#1814);
#1814 = CARTESIAN_POINT('',(82.66,0.,124.74));
#1815 = LINE('',#1816,#1817);
#1816 = CARTESIAN_POINT('',(82.66,0.,62.37));
#1817 = VECTOR('',#1818,1.);
#1818 = DIRECTION('',(-1.224646799147E-16,-0.,1.));
#1819 = ORIENTED_EDGE('',*,*,#1820,.T.);
#1820 = EDGE_CURVE('',#1813,#1821,#1823,.T.);
#1821 = VERTEX_POINT('',#1822);
#1822 = CARTESIAN_POINT('',(78.16,0.,124.74));
#1823 = LINE('',#1824,#1825);
#1824 = CARTESIAN_POINT('',(73.66,0.,124.74));
#1825 = VECTOR('',#1826,1.);
#1826 = DIRECTION('',(-1.,0.,-1.224646799147E-16));
#1827 = ORIENTED_EDGE('',*,*,#1828,.F.);
#1828 = EDGE_CURVE('',#1805,#1821,#1829,.T.);
#1829 = LINE('',#1830,#1831);
#1830 = CARTESIAN_POINT('',(78.16,0.,62.37));
#1831 = VECTOR('',#1832,1.);
#1832 = DIRECTION('',(-1.224646799147E-16,-0.,1.));
#1833 = FACE_BOUND('',#1834,.F.);
#1834 = EDGE_LOOP('',(#1835,#1845,#1853,#1861));
#1835 = ORIENTED_EDGE('',*,*,#1836,.F.);
#1836 = EDGE_CURVE('',#1837,#1839,#1841,.T.);
#1837 = VERTEX_POINT('',#1838);
#1838 = CARTESIAN_POINT('',(90.921670298556,0.,104.79456351737));
#1839 = VERTEX_POINT('',#1840);
#1840 = CARTESIAN_POINT('',(87.739689783217,0.,101.61258300203));
#1841 = LINE('',#1842,#1843);
#1842 = CARTESIAN_POINT('',(58.157611844575,1.110223024625E-17,
    72.030505063388));
#1843 = VECTOR('',#1844,1.);
#1844 = DIRECTION('',(-0.707106781187,0.,-0.707106781187));
#1845 = ORIENTED_EDGE('',*,*,#1846,.T.);
#1846 = EDGE_CURVE('',#1837,#1847,#1849,.T.);
#1847 = VERTEX_POINT('',#1848);
#1848 = CARTESIAN_POINT('',(90.21456351737,0.,105.50167029855));
#1849 = LINE('',#1850,#1851);
#1850 = CARTESIAN_POINT('',(110.20134021266,1.110223024625E-17,
    85.51489360326));
#1851 = VECTOR('',#1852,1.);
#1852 = DIRECTION('',(-0.707106781187,-0.,0.707106781187));
#1853 = ORIENTED_EDGE('',*,*,#1854,.T.);
#1854 = EDGE_CURVE('',#1847,#1855,#1857,.T.);
#1855 = VERTEX_POINT('',#1856);
#1856 = CARTESIAN_POINT('',(87.03258300203,0.,102.31968978321));
#1857 = LINE('',#1858,#1859);
#1858 = CARTESIAN_POINT('',(57.450505063388,1.110223024625E-17,
    72.737611844575));
#1859 = VECTOR('',#1860,1.);
#1860 = DIRECTION('',(-0.707106781187,0.,-0.707106781187));
#1861 = ORIENTED_EDGE('',*,*,#1862,.F.);
#1862 = EDGE_CURVE('',#1839,#1855,#1863,.T.);
#1863 = LINE('',#1864,#1865);
#1864 = CARTESIAN_POINT('',(107.01935969732,1.110223024625E-17,
    82.33291308792));
#1865 = VECTOR('',#1866,1.);
#1866 = DIRECTION('',(-0.707106781187,-0.,0.707106781187));
#1867 = FACE_BOUND('',#1868,.F.);
#1868 = EDGE_LOOP('',(#1869,#1879,#1887,#1895));
#1869 = ORIENTED_EDGE('',*,*,#1870,.F.);
#1870 = EDGE_CURVE('',#1871,#1873,#1875,.T.);
#1871 = VERTEX_POINT('',#1872);
#1872 = CARTESIAN_POINT('',(83.450593167644,0.,130.74515130462));
#1873 = VERTEX_POINT('',#1874);
#1874 = CARTESIAN_POINT('',(79.103926949343,0.,131.90983700758));
#1875 = LINE('',#1876,#1877);
#1876 = CARTESIAN_POINT('',(91.027806029971,0.,128.71484323728));
#1877 = VECTOR('',#1878,1.);
#1878 = DIRECTION('',(-0.965925826289,-0.,0.258819045103));
#1879 = ORIENTED_EDGE('',*,*,#1880,.T.);
#1880 = EDGE_CURVE('',#1871,#1881,#1883,.T.);
#1881 = VERTEX_POINT('',#1882);
#1882 = CARTESIAN_POINT('',(83.709412212746,0.,131.71107713091));
#1883 = LINE('',#1884,#1885);
#1884 = CARTESIAN_POINT('',(66.607493244046,1.110223024625E-17,
    67.885846632796));
#1885 = VECTOR('',#1886,1.);
#1886 = DIRECTION('',(0.258819045103,0.,0.965925826289));
#1887 = ORIENTED_EDGE('',*,*,#1888,.T.);
#1888 = EDGE_CURVE('',#1881,#1889,#1891,.T.);
#1889 = VERTEX_POINT('',#1890);
#1890 = CARTESIAN_POINT('',(79.362745994446,0.,132.87576283387));
#1891 = LINE('',#1892,#1893);
#1892 = CARTESIAN_POINT('',(91.286625075074,0.,129.68076906357));
#1893 = VECTOR('',#1894,1.);
#1894 = DIRECTION('',(-0.965925826289,-0.,0.258819045103));
#1895 = ORIENTED_EDGE('',*,*,#1896,.F.);
#1896 = EDGE_CURVE('',#1873,#1889,#1897,.T.);
#1897 = LINE('',#1898,#1899);
#1898 = CARTESIAN_POINT('',(62.260827025745,1.110223024625E-17,
    69.050532335757));
#1899 = VECTOR('',#1900,1.);
#1900 = DIRECTION('',(0.258819045103,0.,0.965925826289));
#1901 = FACE_BOUND('',#1902,.F.);
#1902 = EDGE_LOOP('',(#1903,#1913,#1921,#1929));
#1903 = ORIENTED_EDGE('',*,*,#1904,.F.);
#1904 = EDGE_CURVE('',#1905,#1907,#1909,.T.);
#1905 = VERTEX_POINT('',#1906);
#1906 = CARTESIAN_POINT('',(86.02731409782,0.,137.3069872981));
#1907 = VERTEX_POINT('',#1908);
#1908 = CARTESIAN_POINT('',(82.13019978079,0.,139.5569872981));
#1909 = LINE('',#1910,#1911);
#1910 = CARTESIAN_POINT('',(107.74240609045,0.,124.76977309068));
#1911 = VECTOR('',#1912,1.);
#1912 = DIRECTION('',(-0.866025403784,-0.,0.5));
#1913 = ORIENTED_EDGE('',*,*,#1914,.T.);
#1914 = EDGE_CURVE('',#1905,#1915,#1917,.T.);
#1915 = VERTEX_POINT('',#1916);
#1916 = CARTESIAN_POINT('',(86.52731409782,0.,138.17301270189));
#1917 = LINE('',#1918,#1919);
#1918 = CARTESIAN_POINT('',(53.878565056275,0.,81.623720558371));
#1919 = VECTOR('',#1920,1.);
#1920 = DIRECTION('',(0.5,0.,0.866025403784));
#1921 = ORIENTED_EDGE('',*,*,#1922,.T.);
#1922 = EDGE_CURVE('',#1915,#1923,#1925,.T.);
#1923 = VERTEX_POINT('',#1924);
#1924 = CARTESIAN_POINT('',(82.63019978079,0.,140.42301270189));
#1925 = LINE('',#1926,#1927);
#1926 = CARTESIAN_POINT('',(108.24240609045,0.,125.63579849446));
#1927 = VECTOR('',#1928,1.);
#1928 = DIRECTION('',(-0.866025403784,-0.,0.5));
#1929 = ORIENTED_EDGE('',*,*,#1930,.F.);
#1930 = EDGE_CURVE('',#1907,#1923,#1931,.T.);
#1931 = LINE('',#1932,#1933);
#1932 = CARTESIAN_POINT('',(49.981450739246,0.,83.873720558371));
#1933 = VECTOR('',#1934,1.);
#1934 = DIRECTION('',(0.5,0.,0.866025403784));
#1935 = FACE_BOUND('',#1936,.F.);
#1936 = EDGE_LOOP('',(#1937,#1947,#1955,#1963));
#1937 = ORIENTED_EDGE('',*,*,#1938,.F.);
#1938 = EDGE_CURVE('',#1939,#1941,#1943,.T.);
#1939 = VERTEX_POINT('',#1940);
#1940 = CARTESIAN_POINT('',(90.21456351737,0.,142.97832970144));
#1941 = VERTEX_POINT('',#1942);
#1942 = CARTESIAN_POINT('',(87.03258300203,0.,146.16031021678));
#1943 = LINE('',#1944,#1945);
#1944 = CARTESIAN_POINT('',(119.57050506338,1.110223024625E-17,
    113.62238815542));
#1945 = VECTOR('',#1946,1.);
#1946 = DIRECTION('',(-0.707106781187,-0.,0.707106781187));
#1947 = ORIENTED_EDGE('',*,*,#1948,.T.);
#1948 = EDGE_CURVE('',#1939,#1949,#1951,.T.);
#1949 = VERTEX_POINT('',#1950);
#1950 = CARTESIAN_POINT('',(90.921670298556,0.,143.68543648263));
#1951 = LINE('',#1952,#1953);
#1952 = CARTESIAN_POINT('',(48.43489360326,1.110223024625E-17,
    101.19865978733));
#1953 = VECTOR('',#1954,1.);
#1954 = DIRECTION('',(0.707106781187,0.,0.707106781187));
#1955 = ORIENTED_EDGE('',*,*,#1956,.T.);
#1956 = EDGE_CURVE('',#1949,#1957,#1959,.T.);
#1957 = VERTEX_POINT('',#1958);
#1958 = CARTESIAN_POINT('',(87.739689783217,0.,146.86741699796));
#1959 = LINE('',#1960,#1961);
#1960 = CARTESIAN_POINT('',(120.27761184457,1.110223024625E-17,
    114.32949493661));
#1961 = VECTOR('',#1962,1.);
#1962 = DIRECTION('',(-0.707106781187,-0.,0.707106781187));
#1963 = ORIENTED_EDGE('',*,*,#1964,.F.);
#1964 = EDGE_CURVE('',#1941,#1957,#1965,.T.);
#1965 = LINE('',#1966,#1967);
#1966 = CARTESIAN_POINT('',(45.25291308792,1.110223024625E-17,
    104.38064030267));
#1967 = VECTOR('',#1968,1.);
#1968 = DIRECTION('',(0.707106781187,0.,0.707106781187));
#1969 = FACE_BOUND('',#1970,.F.);
#1970 = EDGE_LOOP('',(#1971));
#1971 = ORIENTED_EDGE('',*,*,#1972,.F.);
#1972 = EDGE_CURVE('',#1973,#1973,#1975,.T.);
#1973 = VERTEX_POINT('',#1974);
#1974 = CARTESIAN_POINT('',(109.66,0.,127.89));
#1975 = CIRCLE('',#1976,3.65);
#1976 = AXIS2_PLACEMENT_3D('',#1977,#1978,#1979);
#1977 = CARTESIAN_POINT('',(109.66,0.,124.24));
#1978 = DIRECTION('',(0.,1.,0.));
#1979 = DIRECTION('',(0.,-0.,1.));
#1980 = FACE_BOUND('',#1981,.F.);
#1981 = EDGE_LOOP('',(#1982,#1992,#2000,#2008));
#1982 = ORIENTED_EDGE('',*,*,#1983,.F.);
#1983 = EDGE_CURVE('',#1984,#1986,#1988,.T.);
#1984 = VERTEX_POINT('',#1985);
#1985 = CARTESIAN_POINT('',(95.726987298108,0.,147.37268590218));
#1986 = VERTEX_POINT('',#1987);
#1987 = CARTESIAN_POINT('',(93.476987298108,0.,151.26980021921));
#1988 = LINE('',#1989,#1990);
#1989 = CARTESIAN_POINT('',(123.75073633965,1.110223024625E-17,
    98.834128743665));
#1990 = VECTOR('',#1991,1.);
#1991 = DIRECTION('',(-0.5,-0.,0.866025403784));
#1992 = ORIENTED_EDGE('',*,*,#1993,.T.);
#1993 = EDGE_CURVE('',#1984,#1994,#1996,.T.);
#1994 = VERTEX_POINT('',#1995);
#1995 = CARTESIAN_POINT('',(96.593012701892,0.,147.87268590218));
#1996 = LINE('',#1997,#1998);
#1997 = CARTESIAN_POINT('',(52.602757309401,1.110223024625E-17,
    122.4749001096));
#1998 = VECTOR('',#1999,1.);
#1999 = DIRECTION('',(0.866025403784,0.,0.5));
#2000 = ORIENTED_EDGE('',*,*,#2001,.T.);
#2001 = EDGE_CURVE('',#1994,#2002,#2004,.T.);
#2002 = VERTEX_POINT('',#2003);
#2003 = CARTESIAN_POINT('',(94.343012701892,0.,151.76980021921));
#2004 = LINE('',#2005,#2006);
#2005 = CARTESIAN_POINT('',(124.61676174343,1.110223024625E-17,
    99.334128743665));
#2006 = VECTOR('',#2007,1.);
#2007 = DIRECTION('',(-0.5,-0.,0.866025403784));
#2008 = ORIENTED_EDGE('',*,*,#2009,.F.);
#2009 = EDGE_CURVE('',#1986,#2002,#2010,.T.);
#2010 = LINE('',#2011,#2012);
#2011 = CARTESIAN_POINT('',(50.352757309401,1.110223024625E-17,
    126.37201442663));
#2012 = VECTOR('',#2013,1.);
#2013 = DIRECTION('',(0.866025403784,0.,0.5));
#2014 = FACE_BOUND('',#2015,.F.);
#2015 = EDGE_LOOP('',(#2016,#2026,#2034,#2042));
#2016 = ORIENTED_EDGE('',*,*,#2017,.F.);
#2017 = EDGE_CURVE('',#2018,#2020,#2022,.T.);
#2018 = VERTEX_POINT('',#2019);
#2019 = CARTESIAN_POINT('',(102.18892286908,0.,150.19058778725));
#2020 = VERTEX_POINT('',#2021);
#2021 = CARTESIAN_POINT('',(101.02423716612,0.,154.53725400555));
#2022 = LINE('',#2023,#2024);
#2023 = CARTESIAN_POINT('',(119.70576577054,0.,84.816840090806));
#2024 = VECTOR('',#2025,1.);
#2025 = DIRECTION('',(-0.258819045103,-0.,0.965925826289));
#2026 = ORIENTED_EDGE('',*,*,#2027,.T.);
#2027 = EDGE_CURVE('',#2018,#2028,#2030,.T.);
#2028 = VERTEX_POINT('',#2029);
#2029 = CARTESIAN_POINT('',(103.15484869537,0.,150.44940683235));
#2030 = LINE('',#2031,#2032);
#2031 = CARTESIAN_POINT('',(66.390581446229,0.,140.59845111262));
#2032 = VECTOR('',#2033,1.);
#2033 = DIRECTION('',(0.965925826289,0.,0.258819045103));
#2034 = ORIENTED_EDGE('',*,*,#2035,.T.);
#2035 = EDGE_CURVE('',#2028,#2036,#2038,.T.);
#2036 = VERTEX_POINT('',#2037);
#2037 = CARTESIAN_POINT('',(101.99016299241,0.,154.79607305065));
#2038 = LINE('',#2039,#2040);
#2039 = CARTESIAN_POINT('',(120.67169159683,0.,85.075659135909));
#2040 = VECTOR('',#2041,1.);
#2041 = DIRECTION('',(-0.258819045103,-0.,0.965925826289));
#2042 = ORIENTED_EDGE('',*,*,#2043,.F.);
#2043 = EDGE_CURVE('',#2020,#2036,#2044,.T.);
#2044 = LINE('',#2045,#2046);
#2045 = CARTESIAN_POINT('',(65.225895743268,0.,144.94511733092));
#2046 = VECTOR('',#2047,1.);
#2047 = DIRECTION('',(0.965925826289,0.,0.258819045103));
#2048 = FACE_BOUND('',#2049,.F.);
#2049 = EDGE_LOOP('',(#2050,#2060,#2068,#2076));
#2050 = ORIENTED_EDGE('',*,*,#2051,.F.);
#2051 = EDGE_CURVE('',#2052,#2054,#2056,.T.);
#2052 = VERTEX_POINT('',#2053);
#2053 = CARTESIAN_POINT('',(109.16,0.,151.24));
#2054 = VERTEX_POINT('',#2055);
#2055 = CARTESIAN_POINT('',(109.16,0.,155.74));
#2056 = LINE('',#2057,#2058);
#2057 = CARTESIAN_POINT('',(109.16,0.,75.62));
#2058 = VECTOR('',#2059,1.);
#2059 = DIRECTION('',(-2.22044604925E-16,-0.,1.));
#2060 = ORIENTED_EDGE('',*,*,#2061,.T.);
#2061 = EDGE_CURVE('',#2052,#2062,#2064,.T.);
#2062 = VERTEX_POINT('',#2063);
#2063 = CARTESIAN_POINT('',(110.16,0.,151.24));
#2064 = LINE('',#2065,#2066);
#2065 = CARTESIAN_POINT('',(87.41,0.,151.24));
#2066 = VECTOR('',#2067,1.);
#2067 = DIRECTION('',(1.,0.,2.22044604925E-16));
#2068 = ORIENTED_EDGE('',*,*,#2069,.T.);
#2069 = EDGE_CURVE('',#2062,#2070,#2072,.T.);
#2070 = VERTEX_POINT('',#2071);
#2071 = CARTESIAN_POINT('',(110.16,0.,155.74));
#2072 = LINE('',#2073,#2074);
#2073 = CARTESIAN_POINT('',(110.16,0.,75.62));
#2074 = VECTOR('',#2075,1.);
#2075 = DIRECTION('',(-2.22044604925E-16,-0.,1.));
#2076 = ORIENTED_EDGE('',*,*,#2077,.F.);
#2077 = EDGE_CURVE('',#2054,#2070,#2078,.T.);
#2078 = LINE('',#2079,#2080);
#2079 = CARTESIAN_POINT('',(87.41,0.,155.74));
#2080 = VECTOR('',#2081,1.);
#2081 = DIRECTION('',(1.,0.,2.22044604925E-16));
#2082 = FACE_BOUND('',#2083,.F.);
#2083 = EDGE_LOOP('',(#2084,#2094,#2102,#2110));
#2084 = ORIENTED_EDGE('',*,*,#2085,.F.);
#2085 = EDGE_CURVE('',#2086,#2088,#2090,.T.);
#2086 = VERTEX_POINT('',#2087);
#2087 = CARTESIAN_POINT('',(117.13107713091,0.,98.289412212746));
#2088 = VERTEX_POINT('',#2089);
#2089 = CARTESIAN_POINT('',(118.29576283387,0.,93.942745994446));
#2090 = LINE('',#2091,#2092);
#2091 = CARTESIAN_POINT('',(127.6598058146,0.,58.995661826104));
#2092 = VECTOR('',#2093,1.);
#2093 = DIRECTION('',(0.258819045103,0.,-0.965925826289));
#2094 = ORIENTED_EDGE('',*,*,#2095,.T.);
#2095 = EDGE_CURVE('',#2086,#2096,#2098,.T.);
#2096 = VERTEX_POINT('',#2097);
#2097 = CARTESIAN_POINT('',(116.16515130462,0.,98.030593167644));
#2098 = LINE('',#2099,#2100);
#2099 = CARTESIAN_POINT('',(79.883846968621,0.,88.309046970464));
#2100 = VECTOR('',#2101,1.);
#2101 = DIRECTION('',(-0.965925826289,0.,-0.258819045103));
#2102 = ORIENTED_EDGE('',*,*,#2103,.T.);
#2103 = EDGE_CURVE('',#2096,#2104,#2106,.T.);
#2104 = VERTEX_POINT('',#2105);
#2105 = CARTESIAN_POINT('',(117.32983700758,0.,93.683926949343));
#2106 = LINE('',#2107,#2108);
#2107 = CARTESIAN_POINT('',(126.69387998831,0.,58.736842781002));
#2108 = VECTOR('',#2109,1.);
#2109 = DIRECTION('',(0.258819045103,0.,-0.965925826289));
#2110 = ORIENTED_EDGE('',*,*,#2111,.F.);
#2111 = EDGE_CURVE('',#2088,#2104,#2112,.T.);
#2112 = LINE('',#2113,#2114);
#2113 = CARTESIAN_POINT('',(81.048532671582,0.,83.962380752163));
#2114 = VECTOR('',#2115,1.);
#2115 = DIRECTION('',(-0.965925826289,0.,-0.258819045103));
#2116 = FACE_BOUND('',#2117,.F.);
#2117 = EDGE_LOOP('',(#2118,#2128,#2136,#2144));
#2118 = ORIENTED_EDGE('',*,*,#2119,.F.);
#2119 = EDGE_CURVE('',#2120,#2122,#2124,.T.);
#2120 = VERTEX_POINT('',#2121);
#2121 = CARTESIAN_POINT('',(123.59301270189,0.,101.10731409782));
#2122 = VERTEX_POINT('',#2123);
#2123 = CARTESIAN_POINT('',(125.84301270189,0.,97.21019978079));
#2124 = LINE('',#2125,#2126);
#2125 = CARTESIAN_POINT('',(138.11676174343,0.,75.951442841485));
#2126 = VECTOR('',#2127,1.);
#2127 = DIRECTION('',(0.5,0.,-0.866025403784));
#2128 = ORIENTED_EDGE('',*,*,#2129,.T.);
#2129 = EDGE_CURVE('',#2120,#2130,#2132,.T.);
#2130 = VERTEX_POINT('',#2131);
#2131 = CARTESIAN_POINT('',(122.7269872981,0.,100.60731409782));
#2132 = LINE('',#2133,#2134);
#2133 = CARTESIAN_POINT('',(79.169744607509,0.,75.459528305245));
#2134 = VECTOR('',#2135,1.);
#2135 = DIRECTION('',(-0.866025403784,0.,-0.5));
#2136 = ORIENTED_EDGE('',*,*,#2137,.T.);
#2137 = EDGE_CURVE('',#2130,#2138,#2140,.T.);
#2138 = VERTEX_POINT('',#2139);
#2139 = CARTESIAN_POINT('',(124.9769872981,0.,96.71019978079));
#2140 = LINE('',#2141,#2142);
#2141 = CARTESIAN_POINT('',(137.25073633965,0.,75.451442841485));
#2142 = VECTOR('',#2143,1.);
#2143 = DIRECTION('',(0.5,0.,-0.866025403784));
#2144 = ORIENTED_EDGE('',*,*,#2145,.F.);
#2145 = EDGE_CURVE('',#2122,#2138,#2146,.T.);
#2146 = LINE('',#2147,#2148);
#2147 = CARTESIAN_POINT('',(81.419744607509,0.,71.562413988215));
#2148 = VECTOR('',#2149,1.);
#2149 = DIRECTION('',(-0.866025403784,0.,-0.5));
#2150 = FACE_BOUND('',#2151,.F.);
#2151 = EDGE_LOOP('',(#2152,#2162,#2170,#2178));
#2152 = ORIENTED_EDGE('',*,*,#2153,.F.);
#2153 = EDGE_CURVE('',#2154,#2156,#2158,.T.);
#2154 = VERTEX_POINT('',#2155);
#2155 = CARTESIAN_POINT('',(116.16515130462,0.,150.44940683235));
#2156 = VERTEX_POINT('',#2157);
#2157 = CARTESIAN_POINT('',(117.32983700758,0.,154.79607305065));
#2158 = LINE('',#2159,#2160);
#2159 = CARTESIAN_POINT('',(95.633879988314,1.110223024625E-17,
    73.825659135909));
#2160 = VECTOR('',#2161,1.);
#2161 = DIRECTION('',(0.258819045103,0.,0.965925826289));
#2162 = ORIENTED_EDGE('',*,*,#2163,.T.);
#2163 = EDGE_CURVE('',#2154,#2164,#2166,.T.);
#2164 = VERTEX_POINT('',#2165);
#2165 = CARTESIAN_POINT('',(117.13107713091,0.,150.19058778725));
#2166 = LINE('',#2167,#2168);
#2167 = CARTESIAN_POINT('',(111.42680988176,1.110223024625E-17,
    151.71904159007));
#2168 = VECTOR('',#2169,1.);
#2169 = DIRECTION('',(0.965925826289,0.,-0.258819045103));
#2170 = ORIENTED_EDGE('',*,*,#2171,.T.);
#2171 = EDGE_CURVE('',#2164,#2172,#2174,.T.);
#2172 = VERTEX_POINT('',#2173);
#2173 = CARTESIAN_POINT('',(118.29576283387,0.,154.53725400555));
#2174 = LINE('',#2175,#2176);
#2175 = CARTESIAN_POINT('',(96.599805814603,1.110223024625E-17,
    73.566840090806));
#2176 = VECTOR('',#2177,1.);
#2177 = DIRECTION('',(0.258819045103,0.,0.965925826289));
#2178 = ORIENTED_EDGE('',*,*,#2179,.F.);
#2179 = EDGE_CURVE('',#2156,#2172,#2180,.T.);
#2180 = LINE('',#2181,#2182);
#2181 = CARTESIAN_POINT('',(112.59149558472,1.110223024625E-17,
    156.06570780837));
#2182 = VECTOR('',#2183,1.);
#2183 = DIRECTION('',(0.965925826289,0.,-0.258819045103));
#2184 = FACE_BOUND('',#2185,.F.);
#2185 = EDGE_LOOP('',(#2186,#2196,#2204,#2212));
#2186 = ORIENTED_EDGE('',*,*,#2187,.F.);
#2187 = EDGE_CURVE('',#2188,#2190,#2192,.T.);
#2188 = VERTEX_POINT('',#2189);
#2189 = CARTESIAN_POINT('',(122.7269872981,0.,147.87268590218));
#2190 = VERTEX_POINT('',#2191);
#2191 = CARTESIAN_POINT('',(124.9769872981,0.,151.76980021921));
#2192 = LINE('',#2193,#2194);
#2193 = CARTESIAN_POINT('',(83.453238256563,0.,79.848557158515));
#2194 = VECTOR('',#2195,1.);
#2195 = DIRECTION('',(0.5,0.,0.866025403784));
#2196 = ORIENTED_EDGE('',*,*,#2197,.T.);
#2197 = EDGE_CURVE('',#2188,#2198,#2200,.T.);
#2198 = VERTEX_POINT('',#2199);
#2199 = CARTESIAN_POINT('',(123.59301270189,0.,147.37268590218));
#2200 = LINE('',#2201,#2202);
#2201 = CARTESIAN_POINT('',(133.40025539249,0.,141.71047169475));
#2202 = VECTOR('',#2203,1.);
#2203 = DIRECTION('',(0.866025403784,0.,-0.5));
#2204 = ORIENTED_EDGE('',*,*,#2205,.T.);
#2205 = EDGE_CURVE('',#2198,#2206,#2208,.T.);
#2206 = VERTEX_POINT('',#2207);
#2207 = CARTESIAN_POINT('',(125.84301270189,0.,151.26980021921));
#2208 = LINE('',#2209,#2210);
#2209 = CARTESIAN_POINT('',(84.319263660348,0.,79.348557158515));
#2210 = VECTOR('',#2211,1.);
#2211 = DIRECTION('',(0.5,0.,0.866025403784));
#2212 = ORIENTED_EDGE('',*,*,#2213,.F.);
#2213 = EDGE_CURVE('',#2190,#2206,#2214,.T.);
#2214 = LINE('',#2215,#2216);
#2215 = CARTESIAN_POINT('',(135.65025539249,0.,145.60758601178));
#2216 = VECTOR('',#2217,1.);
#2217 = DIRECTION('',(0.866025403784,0.,-0.5));
#2218 = FACE_BOUND('',#2219,.F.);
#2219 = EDGE_LOOP('',(#2220,#2230,#2238,#2246));
#2220 = ORIENTED_EDGE('',*,*,#2221,.F.);
#2221 = EDGE_CURVE('',#2222,#2224,#2226,.T.);
#2222 = VERTEX_POINT('',#2223);
#2223 = CARTESIAN_POINT('',(129.10543648263,0.,105.50167029855));
#2224 = VERTEX_POINT('',#2225);
#2225 = CARTESIAN_POINT('',(132.28741699797,0.,102.31968978321));
#2226 = LINE('',#2227,#2228);
#2227 = CARTESIAN_POINT('',(139.36949493661,0.,95.237611844575));
#2228 = VECTOR('',#2229,1.);
#2229 = DIRECTION('',(0.707106781187,0.,-0.707106781187));
#2230 = ORIENTED_EDGE('',*,*,#2231,.T.);
#2231 = EDGE_CURVE('',#2222,#2232,#2234,.T.);
#2232 = VERTEX_POINT('',#2233);
#2233 = CARTESIAN_POINT('',(128.39832970144,0.,104.79456351737));
#2234 = LINE('',#2235,#2236);
#2235 = CARTESIAN_POINT('',(86.26510639674,0.,62.661340212667));
#2236 = VECTOR('',#2237,1.);
#2237 = DIRECTION('',(-0.707106781187,0.,-0.707106781187));
#2238 = ORIENTED_EDGE('',*,*,#2239,.T.);
#2239 = EDGE_CURVE('',#2232,#2240,#2242,.T.);
#2240 = VERTEX_POINT('',#2241);
#2241 = CARTESIAN_POINT('',(131.58031021678,0.,101.61258300203));
#2242 = LINE('',#2243,#2244);
#2243 = CARTESIAN_POINT('',(138.66238815542,0.,94.530505063388));
#2244 = VECTOR('',#2245,1.);
#2245 = DIRECTION('',(0.707106781187,0.,-0.707106781187));
#2246 = ORIENTED_EDGE('',*,*,#2247,.F.);
#2247 = EDGE_CURVE('',#2224,#2240,#2248,.T.);
#2248 = LINE('',#2249,#2250);
#2249 = CARTESIAN_POINT('',(89.44708691208,0.,59.479359697327));
#2250 = VECTOR('',#2251,1.);
#2251 = DIRECTION('',(-0.707106781187,0.,-0.707106781187));
#2252 = FACE_BOUND('',#2253,.F.);
#2253 = EDGE_LOOP('',(#2254,#2264,#2272,#2280));
#2254 = ORIENTED_EDGE('',*,*,#2255,.F.);
#2255 = EDGE_CURVE('',#2256,#2258,#2260,.T.);
#2256 = VERTEX_POINT('',#2257);
#2257 = CARTESIAN_POINT('',(133.29268590218,0.,111.17301270189));
#2258 = VERTEX_POINT('',#2259);
#2259 = CARTESIAN_POINT('',(137.18980021921,0.,108.92301270189));
#2260 = LINE('',#2261,#2262);
#2261 = CARTESIAN_POINT('',(131.62509199263,0.,112.13579849446));
#2262 = VECTOR('',#2263,1.);
#2263 = DIRECTION('',(0.866025403784,0.,-0.5));
#2264 = ORIENTED_EDGE('',*,*,#2265,.T.);
#2265 = EDGE_CURVE('',#2256,#2266,#2268,.T.);
#2266 = VERTEX_POINT('',#2267);
#2267 = CARTESIAN_POINT('',(132.79268590218,0.,110.3069872981));
#2268 = LINE('',#2269,#2270);
#2269 = CARTESIAN_POINT('',(100.39393686063,0.,54.190707856479));
#2270 = VECTOR('',#2271,1.);
#2271 = DIRECTION('',(-0.5,0.,-0.866025403784));
#2272 = ORIENTED_EDGE('',*,*,#2273,.T.);
#2273 = EDGE_CURVE('',#2266,#2274,#2276,.T.);
#2274 = VERTEX_POINT('',#2275);
#2275 = CARTESIAN_POINT('',(136.68980021921,0.,108.0569872981));
#2276 = LINE('',#2277,#2278);
#2277 = CARTESIAN_POINT('',(131.12509199263,0.,111.26977309068));
#2278 = VECTOR('',#2279,1.);
#2279 = DIRECTION('',(0.866025403784,0.,-0.5));
#2280 = ORIENTED_EDGE('',*,*,#2281,.F.);
#2281 = EDGE_CURVE('',#2258,#2274,#2282,.T.);
#2282 = LINE('',#2283,#2284);
#2283 = CARTESIAN_POINT('',(104.29105117766,0.,51.940707856479));
#2284 = VECTOR('',#2285,1.);
#2285 = DIRECTION('',(-0.5,0.,-0.866025403784));
#2286 = FACE_BOUND('',#2287,.F.);
#2287 = EDGE_LOOP('',(#2288,#2298,#2306,#2314));
#2288 = ORIENTED_EDGE('',*,*,#2289,.F.);
#2289 = EDGE_CURVE('',#2290,#2292,#2294,.T.);
#2290 = VERTEX_POINT('',#2291);
#2291 = CARTESIAN_POINT('',(135.86940683235,0.,117.73484869537));
#2292 = VERTEX_POINT('',#2293);
#2293 = CARTESIAN_POINT('',(140.21607305065,0.,116.57016299241));
#2294 = LINE('',#2295,#2296);
#2295 = CARTESIAN_POINT('',(117.36662238487,0.,122.6926548458));
#2296 = VECTOR('',#2297,1.);
#2297 = DIRECTION('',(0.965925826289,0.,-0.258819045103));
#2298 = ORIENTED_EDGE('',*,*,#2299,.T.);
#2299 = EDGE_CURVE('',#2290,#2300,#2302,.T.);
#2300 = VERTEX_POINT('',#2301);
#2301 = CARTESIAN_POINT('',(135.61058778725,0.,116.76892286908));
#2302 = LINE('',#2303,#2304);
#2303 = CARTESIAN_POINT('',(118.6380783411,0.,53.426655284115));
#2304 = VECTOR('',#2305,1.);
#2305 = DIRECTION('',(-0.258819045103,0.,-0.965925826289));
#2306 = ORIENTED_EDGE('',*,*,#2307,.T.);
#2307 = EDGE_CURVE('',#2300,#2308,#2310,.T.);
#2308 = VERTEX_POINT('',#2309);
#2309 = CARTESIAN_POINT('',(139.95725400555,0.,115.60423716612));
#2310 = LINE('',#2311,#2312);
#2311 = CARTESIAN_POINT('',(117.10780333977,0.,121.72672901951));
#2312 = VECTOR('',#2313,1.);
#2313 = DIRECTION('',(0.965925826289,0.,-0.258819045103));
#2314 = ORIENTED_EDGE('',*,*,#2315,.F.);
#2315 = EDGE_CURVE('',#2292,#2308,#2316,.T.);
#2316 = LINE('',#2317,#2318);
#2317 = CARTESIAN_POINT('',(122.9847445594,0.,52.261969581154));
#2318 = VECTOR('',#2319,1.);
#2319 = DIRECTION('',(-0.258819045103,0.,-0.965925826289));
#2320 = FACE_BOUND('',#2321,.F.);
#2321 = EDGE_LOOP('',(#2322,#2332,#2340,#2348));
#2322 = ORIENTED_EDGE('',*,*,#2323,.F.);
#2323 = EDGE_CURVE('',#2324,#2326,#2328,.T.);
#2324 = VERTEX_POINT('',#2325);
#2325 = CARTESIAN_POINT('',(136.66,0.,124.74));
#2326 = VERTEX_POINT('',#2327);
#2327 = CARTESIAN_POINT('',(141.16,0.,124.74));
#2328 = LINE('',#2329,#2330);
#2329 = CARTESIAN_POINT('',(100.66,0.,124.74));
#2330 = VECTOR('',#2331,1.);
#2331 = DIRECTION('',(1.,0.,-0.));
#2332 = ORIENTED_EDGE('',*,*,#2333,.T.);
#2333 = EDGE_CURVE('',#2324,#2334,#2336,.T.);
#2334 = VERTEX_POINT('',#2335);
#2335 = CARTESIAN_POINT('',(136.66,0.,123.74));
#2336 = LINE('',#2337,#2338);
#2337 = CARTESIAN_POINT('',(136.66,0.,61.87));
#2338 = VECTOR('',#2339,1.);
#2339 = DIRECTION('',(0.,0.,-1.));
#2340 = ORIENTED_EDGE('',*,*,#2341,.T.);
#2341 = EDGE_CURVE('',#2334,#2342,#2344,.T.);
#2342 = VERTEX_POINT('',#2343);
#2343 = CARTESIAN_POINT('',(141.16,0.,123.74));
#2344 = LINE('',#2345,#2346);
#2345 = CARTESIAN_POINT('',(100.66,0.,123.74));
#2346 = VECTOR('',#2347,1.);
#2347 = DIRECTION('',(1.,0.,-0.));
#2348 = ORIENTED_EDGE('',*,*,#2349,.F.);
#2349 = EDGE_CURVE('',#2326,#2342,#2350,.T.);
#2350 = LINE('',#2351,#2352);
#2351 = CARTESIAN_POINT('',(141.16,0.,61.87));
#2352 = VECTOR('',#2353,1.);
#2353 = DIRECTION('',(0.,0.,-1.));
#2354 = FACE_BOUND('',#2355,.F.);
#2355 = EDGE_LOOP('',(#2356,#2366,#2374,#2382));
#2356 = ORIENTED_EDGE('',*,*,#2357,.F.);
#2357 = EDGE_CURVE('',#2358,#2360,#2362,.T.);
#2358 = VERTEX_POINT('',#2359);
#2359 = CARTESIAN_POINT('',(128.39832970144,0.,143.68543648263));
#2360 = VERTEX_POINT('',#2361);
#2361 = CARTESIAN_POINT('',(131.58031021678,0.,146.86741699797));
#2362 = LINE('',#2363,#2364);
#2363 = CARTESIAN_POINT('',(76.542388155425,0.,91.829494936612));
#2364 = VECTOR('',#2365,1.);
#2365 = DIRECTION('',(0.707106781187,0.,0.707106781187));
#2366 = ORIENTED_EDGE('',*,*,#2367,.T.);
#2367 = EDGE_CURVE('',#2358,#2368,#2370,.T.);
#2368 = VERTEX_POINT('',#2369);
#2369 = CARTESIAN_POINT('',(129.10543648263,0.,142.97832970144));
#2370 = LINE('',#2371,#2372);
#2371 = CARTESIAN_POINT('',(148.73865978733,0.,123.34510639674));
#2372 = VECTOR('',#2373,1.);
#2373 = DIRECTION('',(0.707106781187,0.,-0.707106781187));
#2374 = ORIENTED_EDGE('',*,*,#2375,.T.);
#2375 = EDGE_CURVE('',#2368,#2376,#2378,.T.);
#2376 = VERTEX_POINT('',#2377);
#2377 = CARTESIAN_POINT('',(132.28741699797,0.,146.16031021678));
#2378 = LINE('',#2379,#2380);
#2379 = CARTESIAN_POINT('',(77.249494936612,0.,91.122388155425));
#2380 = VECTOR('',#2381,1.);
#2381 = DIRECTION('',(0.707106781187,0.,0.707106781187));
#2382 = ORIENTED_EDGE('',*,*,#2383,.F.);
#2383 = EDGE_CURVE('',#2360,#2376,#2384,.T.);
#2384 = LINE('',#2385,#2386);
#2385 = CARTESIAN_POINT('',(151.92064030267,0.,126.52708691208));
#2386 = VECTOR('',#2387,1.);
#2387 = DIRECTION('',(0.707106781187,0.,-0.707106781187));
#2388 = FACE_BOUND('',#2389,.F.);
#2389 = EDGE_LOOP('',(#2390,#2400,#2408,#2416));
#2390 = ORIENTED_EDGE('',*,*,#2391,.F.);
#2391 = EDGE_CURVE('',#2392,#2394,#2396,.T.);
#2392 = VERTEX_POINT('',#2393);
#2393 = CARTESIAN_POINT('',(132.79268590218,0.,138.17301270189));
#2394 = VERTEX_POINT('',#2395);
#2395 = CARTESIAN_POINT('',(136.68980021921,0.,140.42301270189));
#2396 = LINE('',#2397,#2398);
#2397 = CARTESIAN_POINT('',(77.327593909545,0.,106.15022690931));
#2398 = VECTOR('',#2399,1.);
#2399 = DIRECTION('',(0.866025403784,0.,0.5));
#2400 = ORIENTED_EDGE('',*,*,#2401,.T.);
#2401 = EDGE_CURVE('',#2392,#2402,#2404,.T.);
#2402 = VERTEX_POINT('',#2403);
#2403 = CARTESIAN_POINT('',(133.29268590218,0.,137.3069872981));
#2404 = LINE('',#2405,#2406);
#2405 = CARTESIAN_POINT('',(154.44143494372,0.,100.67627944162));
#2406 = VECTOR('',#2407,1.);
#2407 = DIRECTION('',(0.5,0.,-0.866025403784));
#2408 = ORIENTED_EDGE('',*,*,#2409,.T.);
#2409 = EDGE_CURVE('',#2402,#2410,#2412,.T.);
#2410 = VERTEX_POINT('',#2411);
#2411 = CARTESIAN_POINT('',(137.18980021921,0.,139.5569872981));
#2412 = LINE('',#2413,#2414);
#2413 = CARTESIAN_POINT('',(77.827593909545,0.,105.28420150553));
#2414 = VECTOR('',#2415,1.);
#2415 = DIRECTION('',(0.866025403784,0.,0.5));
#2416 = ORIENTED_EDGE('',*,*,#2417,.F.);
#2417 = EDGE_CURVE('',#2394,#2410,#2418,.T.);
#2418 = LINE('',#2419,#2420);
#2419 = CARTESIAN_POINT('',(158.33854926075,0.,102.92627944162));
#2420 = VECTOR('',#2421,1.);
#2421 = DIRECTION('',(0.5,0.,-0.866025403784));
#2422 = FACE_BOUND('',#2423,.F.);
#2423 = EDGE_LOOP('',(#2424,#2434,#2442,#2450));
#2424 = ORIENTED_EDGE('',*,*,#2425,.F.);
#2425 = EDGE_CURVE('',#2426,#2428,#2430,.T.);
#2426 = VERTEX_POINT('',#2427);
#2427 = CARTESIAN_POINT('',(135.61058778725,0.,131.71107713091));
#2428 = VERTEX_POINT('',#2429);
#2429 = CARTESIAN_POINT('',(139.95725400555,0.,132.87576283387));
#2430 = LINE('',#2431,#2432);
#2431 = CARTESIAN_POINT('',(86.047803339776,0.,118.43076906357));
#2432 = VECTOR('',#2433,1.);
#2433 = DIRECTION('',(0.965925826289,0.,0.258819045103));
#2434 = ORIENTED_EDGE('',*,*,#2435,.T.);
#2435 = EDGE_CURVE('',#2426,#2436,#2438,.T.);
#2436 = VERTEX_POINT('',#2437);
#2437 = CARTESIAN_POINT('',(135.86940683235,0.,130.74515130462));
#2438 = LINE('',#2439,#2440);
#2439 = CARTESIAN_POINT('',(149.82748786365,0.,78.652883719651));
#2440 = VECTOR('',#2441,1.);
#2441 = DIRECTION('',(0.258819045103,0.,-0.965925826289));
#2442 = ORIENTED_EDGE('',*,*,#2443,.T.);
#2443 = EDGE_CURVE('',#2436,#2444,#2446,.T.);
#2444 = VERTEX_POINT('',#2445);
#2445 = CARTESIAN_POINT('',(140.21607305065,0.,131.90983700758));
#2446 = LINE('',#2447,#2448);
#2447 = CARTESIAN_POINT('',(86.306622384879,0.,117.46484323728));
#2448 = VECTOR('',#2449,1.);
#2449 = DIRECTION('',(0.965925826289,0.,0.258819045103));
#2450 = ORIENTED_EDGE('',*,*,#2451,.F.);
#2451 = EDGE_CURVE('',#2428,#2444,#2452,.T.);
#2452 = LINE('',#2453,#2454);
#2453 = CARTESIAN_POINT('',(154.17415408195,0.,79.817569422612));
#2454 = VECTOR('',#2455,1.);
#2455 = DIRECTION('',(0.258819045103,0.,-0.965925826289));
#2456 = PLANE('',#2457);
#2457 = AXIS2_PLACEMENT_3D('',#2458,#2459,#2460);
#2458 = CARTESIAN_POINT('',(64.66,0.,0.));
#2459 = DIRECTION('',(-0.,1.,0.));
#2460 = DIRECTION('',(0.,0.,1.));
#2461 = ADVANCED_FACE('',(#2462),#2480,.T.);
#2462 = FACE_BOUND('',#2463,.T.);
#2463 = EDGE_LOOP('',(#2464,#2465,#2466,#2474));
#2464 = ORIENTED_EDGE('',*,*,#1525,.F.);
#2465 = ORIENTED_EDGE('',*,*,#1548,.T.);
#2466 = ORIENTED_EDGE('',*,*,#2467,.T.);
#2467 = EDGE_CURVE('',#1549,#2468,#2470,.T.);
#2468 = VERTEX_POINT('',#2469);
#2469 = CARTESIAN_POINT('',(154.66,3.,200.24));
#2470 = LINE('',#2471,#2472);
#2471 = CARTESIAN_POINT('',(154.66,0.,200.24));
#2472 = VECTOR('',#2473,1.);
#2473 = DIRECTION('',(-0.,1.,0.));
#2474 = ORIENTED_EDGE('',*,*,#2475,.F.);
#2475 = EDGE_CURVE('',#1518,#2468,#2476,.T.);
#2476 = LINE('',#2477,#2478);
#2477 = CARTESIAN_POINT('',(64.66,3.,200.24));
#2478 = VECTOR('',#2479,1.);
#2479 = DIRECTION('',(1.,0.,-0.));
#2480 = PLANE('',#2481);
#2481 = AXIS2_PLACEMENT_3D('',#2482,#2483,#2484);
#2482 = CARTESIAN_POINT('',(64.66,0.,200.24));
#2483 = DIRECTION('',(0.,0.,1.));
#2484 = DIRECTION('',(1.,0.,-0.));
#2485 = ADVANCED_FACE('',(#2486,#2504,#2515,#2549,#2560,#2571,#2582),
  #2593,.T.);
#2486 = FACE_BOUND('',#2487,.T.);
#2487 = EDGE_LOOP('',(#2488,#2496,#2497,#2498));
#2488 = ORIENTED_EDGE('',*,*,#2489,.F.);
#2489 = EDGE_CURVE('',#1510,#2490,#2492,.T.);
#2490 = VERTEX_POINT('',#2491);
#2491 = CARTESIAN_POINT('',(154.66,3.,0.));
#2492 = LINE('',#2493,#2494);
#2493 = CARTESIAN_POINT('',(64.66,3.,0.));
#2494 = VECTOR('',#2495,1.);
#2495 = DIRECTION('',(1.,0.,-0.));
#2496 = ORIENTED_EDGE('',*,*,#1517,.T.);
#2497 = ORIENTED_EDGE('',*,*,#2475,.T.);
#2498 = ORIENTED_EDGE('',*,*,#2499,.F.);
#2499 = EDGE_CURVE('',#2490,#2468,#2500,.T.);
#2500 = LINE('',#2501,#2502);
#2501 = CARTESIAN_POINT('',(154.66,3.,0.));
#2502 = VECTOR('',#2503,1.);
#2503 = DIRECTION('',(0.,0.,1.));
#2504 = FACE_BOUND('',#2505,.T.);
#2505 = EDGE_LOOP('',(#2506));
#2506 = ORIENTED_EDGE('',*,*,#2507,.F.);
#2507 = EDGE_CURVE('',#2508,#2508,#2510,.T.);
#2508 = VERTEX_POINT('',#2509);
#2509 = CARTESIAN_POINT('',(70.16,3.,22.5));
#2510 = CIRCLE('',#2511,4.5);
#2511 = AXIS2_PLACEMENT_3D('',#2512,#2513,#2514);
#2512 = CARTESIAN_POINT('',(70.16,3.,18.));
#2513 = DIRECTION('',(0.,1.,0.));
#2514 = DIRECTION('',(0.,-0.,1.));
#2515 = FACE_BOUND('',#2516,.T.);
#2516 = EDGE_LOOP('',(#2517,#2527,#2535,#2543));
#2517 = ORIENTED_EDGE('',*,*,#2518,.F.);
#2518 = EDGE_CURVE('',#2519,#2521,#2523,.T.);
#2519 = VERTEX_POINT('',#2520);
#2520 = CARTESIAN_POINT('',(97.01,3.,81.24));
#2521 = VERTEX_POINT('',#2522);
#2522 = CARTESIAN_POINT('',(122.31,3.,81.24));
#2523 = LINE('',#2524,#2525);
#2524 = CARTESIAN_POINT('',(80.835,3.,81.24));
#2525 = VECTOR('',#2526,1.);
#2526 = DIRECTION('',(1.,0.,-0.));
#2527 = ORIENTED_EDGE('',*,*,#2528,.T.);
#2528 = EDGE_CURVE('',#2519,#2529,#2531,.T.);
#2529 = VERTEX_POINT('',#2530);
#2530 = CARTESIAN_POINT('',(97.01,3.,62.04));
#2531 = LINE('',#2532,#2533);
#2532 = CARTESIAN_POINT('',(97.01,3.,31.02));
#2533 = VECTOR('',#2534,1.);
#2534 = DIRECTION('',(-0.,0.,-1.));
#2535 = ORIENTED_EDGE('',*,*,#2536,.T.);
#2536 = EDGE_CURVE('',#2529,#2537,#2539,.T.);
#2537 = VERTEX_POINT('',#2538);
#2538 = CARTESIAN_POINT('',(122.31,3.,62.04));
#2539 = LINE('',#2540,#2541);
#2540 = CARTESIAN_POINT('',(80.835,3.,62.04));
#2541 = VECTOR('',#2542,1.);
#2542 = DIRECTION('',(1.,0.,-0.));
#2543 = ORIENTED_EDGE('',*,*,#2544,.F.);
#2544 = EDGE_CURVE('',#2521,#2537,#2545,.T.);
#2545 = LINE('',#2546,#2547);
#2546 = CARTESIAN_POINT('',(122.31,3.,31.02));
#2547 = VECTOR('',#2548,1.);
#2548 = DIRECTION('',(-0.,0.,-1.));
#2549 = FACE_BOUND('',#2550,.T.);
#2550 = EDGE_LOOP('',(#2551));
#2551 = ORIENTED_EDGE('',*,*,#2552,.F.);
#2552 = EDGE_CURVE('',#2553,#2553,#2555,.T.);
#2553 = VERTEX_POINT('',#2554);
#2554 = CARTESIAN_POINT('',(70.16,3.,189.74));
#2555 = CIRCLE('',#2556,4.5);
#2556 = AXIS2_PLACEMENT_3D('',#2557,#2558,#2559);
#2557 = CARTESIAN_POINT('',(70.16,3.,185.24));
#2558 = DIRECTION('',(0.,1.,0.));
#2559 = DIRECTION('',(0.,-0.,1.));
#2560 = FACE_BOUND('',#2561,.T.);
#2561 = EDGE_LOOP('',(#2562));
#2562 = ORIENTED_EDGE('',*,*,#2563,.F.);
#2563 = EDGE_CURVE('',#2564,#2564,#2566,.T.);
#2564 = VERTEX_POINT('',#2565);
#2565 = CARTESIAN_POINT('',(149.16,3.,22.5));
#2566 = CIRCLE('',#2567,4.5);
#2567 = AXIS2_PLACEMENT_3D('',#2568,#2569,#2570);
#2568 = CARTESIAN_POINT('',(149.16,3.,18.));
#2569 = DIRECTION('',(0.,1.,0.));
#2570 = DIRECTION('',(0.,-0.,1.));
#2571 = FACE_BOUND('',#2572,.T.);
#2572 = EDGE_LOOP('',(#2573));
#2573 = ORIENTED_EDGE('',*,*,#2574,.F.);
#2574 = EDGE_CURVE('',#2575,#2575,#2577,.T.);
#2575 = VERTEX_POINT('',#2576);
#2576 = CARTESIAN_POINT('',(109.66,3.,132.24));
#2577 = CIRCLE('',#2578,8.);
#2578 = AXIS2_PLACEMENT_3D('',#2579,#2580,#2581);
#2579 = CARTESIAN_POINT('',(109.66,3.,124.24));
#2580 = DIRECTION('',(0.,1.,0.));
#2581 = DIRECTION('',(0.,-0.,1.));
#2582 = FACE_BOUND('',#2583,.T.);
#2583 = EDGE_LOOP('',(#2584));
#2584 = ORIENTED_EDGE('',*,*,#2585,.F.);
#2585 = EDGE_CURVE('',#2586,#2586,#2588,.T.);
#2586 = VERTEX_POINT('',#2587);
#2587 = CARTESIAN_POINT('',(149.16,3.,189.74));
#2588 = CIRCLE('',#2589,4.5);
#2589 = AXIS2_PLACEMENT_3D('',#2590,#2591,#2592);
#2590 = CARTESIAN_POINT('',(149.16,3.,185.24));
#2591 = DIRECTION('',(0.,1.,0.));
#2592 = DIRECTION('',(0.,-0.,1.));
#2593 = PLANE('',#2594);
#2594 = AXIS2_PLACEMENT_3D('',#2595,#2596,#2597);
#2595 = CARTESIAN_POINT('',(64.66,3.,0.));
#2596 = DIRECTION('',(-0.,1.,0.));
#2597 = DIRECTION('',(0.,0.,1.));
#2598 = ADVANCED_FACE('',(#2599),#2610,.F.);
#2599 = FACE_BOUND('',#2600,.F.);
#2600 = EDGE_LOOP('',(#2601,#2602,#2603,#2609));
#2601 = ORIENTED_EDGE('',*,*,#1509,.F.);
#2602 = ORIENTED_EDGE('',*,*,#1539,.T.);
#2603 = ORIENTED_EDGE('',*,*,#2604,.T.);
#2604 = EDGE_CURVE('',#1540,#2490,#2605,.T.);
#2605 = LINE('',#2606,#2607);
#2606 = CARTESIAN_POINT('',(154.66,0.,0.));
#2607 = VECTOR('',#2608,1.);
#2608 = DIRECTION('',(-0.,1.,0.));
#2609 = ORIENTED_EDGE('',*,*,#2489,.F.);
#2610 = PLANE('',#2611);
#2611 = AXIS2_PLACEMENT_3D('',#2612,#2613,#2614);
#2612 = CARTESIAN_POINT('',(64.66,0.,0.));
#2613 = DIRECTION('',(0.,0.,1.));
#2614 = DIRECTION('',(1.,0.,-0.));
#2615 = ADVANCED_FACE('',(#2616),#2622,.T.);
#2616 = FACE_BOUND('',#2617,.T.);
#2617 = EDGE_LOOP('',(#2618,#2619,#2620,#2621));
#2618 = ORIENTED_EDGE('',*,*,#1556,.F.);
#2619 = ORIENTED_EDGE('',*,*,#2604,.T.);
#2620 = ORIENTED_EDGE('',*,*,#2499,.T.);
#2621 = ORIENTED_EDGE('',*,*,#2467,.F.);
#2622 = PLANE('',#2623);
#2623 = AXIS2_PLACEMENT_3D('',#2624,#2625,#2626);
#2624 = CARTESIAN_POINT('',(154.66,0.,0.));
#2625 = DIRECTION('',(1.,0.,-0.));
#2626 = DIRECTION('',(0.,0.,1.));
#2627 = ADVANCED_FACE('',(#2628),#2653,.F.);
#2628 = FACE_BOUND('',#2629,.F.);
#2629 = EDGE_LOOP('',(#2630,#2638,#2639,#2647));
#2630 = ORIENTED_EDGE('',*,*,#2631,.F.);
#2631 = EDGE_CURVE('',#1565,#2632,#2634,.T.);
#2632 = VERTEX_POINT('',#2633);
#2633 = CARTESIAN_POINT('',(102.66,1.505,55.04));
#2634 = LINE('',#2635,#2636);
#2635 = CARTESIAN_POINT('',(102.66,-5.E-03,55.04));
#2636 = VECTOR('',#2637,1.);
#2637 = DIRECTION('',(-0.,1.,0.));
#2638 = ORIENTED_EDGE('',*,*,#1564,.T.);
#2639 = ORIENTED_EDGE('',*,*,#2640,.T.);
#2640 = EDGE_CURVE('',#1567,#2641,#2643,.T.);
#2641 = VERTEX_POINT('',#2642);
#2642 = CARTESIAN_POINT('',(116.66,1.505,55.04));
#2643 = LINE('',#2644,#2645);
#2644 = CARTESIAN_POINT('',(116.66,-5.E-03,55.04));
#2645 = VECTOR('',#2646,1.);
#2646 = DIRECTION('',(-0.,1.,0.));
#2647 = ORIENTED_EDGE('',*,*,#2648,.F.);
#2648 = EDGE_CURVE('',#2632,#2641,#2649,.T.);
#2649 = LINE('',#2650,#2651);
#2650 = CARTESIAN_POINT('',(102.66,1.505,55.04));
#2651 = VECTOR('',#2652,1.);
#2652 = DIRECTION('',(1.,0.,-0.));
#2653 = PLANE('',#2654);
#2654 = AXIS2_PLACEMENT_3D('',#2655,#2656,#2657);
#2655 = CARTESIAN_POINT('',(102.66,-5.E-03,55.04));
#2656 = DIRECTION('',(0.,0.,1.));
#2657 = DIRECTION('',(1.,0.,-0.));
#2658 = ADVANCED_FACE('',(#2659),#2677,.F.);
#2659 = FACE_BOUND('',#2660,.F.);
#2660 = EDGE_LOOP('',(#2661,#2662,#2663,#2671));
#2661 = ORIENTED_EDGE('',*,*,#2640,.F.);
#2662 = ORIENTED_EDGE('',*,*,#1590,.T.);
#2663 = ORIENTED_EDGE('',*,*,#2664,.T.);
#2664 = EDGE_CURVE('',#1583,#2665,#2667,.T.);
#2665 = VERTEX_POINT('',#2666);
#2666 = CARTESIAN_POINT('',(116.66,1.505,49.04));
#2667 = LINE('',#2668,#2669);
#2668 = CARTESIAN_POINT('',(116.66,-5.E-03,49.04));
#2669 = VECTOR('',#2670,1.);
#2670 = DIRECTION('',(-0.,1.,0.));
#2671 = ORIENTED_EDGE('',*,*,#2672,.T.);
#2672 = EDGE_CURVE('',#2665,#2641,#2673,.T.);
#2673 = LINE('',#2674,#2675);
#2674 = CARTESIAN_POINT('',(116.66,1.505,49.04));
#2675 = VECTOR('',#2676,1.);
#2676 = DIRECTION('',(0.,0.,1.));
#2677 = PLANE('',#2678);
#2678 = AXIS2_PLACEMENT_3D('',#2679,#2680,#2681);
#2679 = CARTESIAN_POINT('',(116.66,-5.E-03,49.04));
#2680 = DIRECTION('',(1.,0.,-0.));
#2681 = DIRECTION('',(0.,0.,1.));
#2682 = ADVANCED_FACE('',(#2683),#2701,.T.);
#2683 = FACE_BOUND('',#2684,.T.);
#2684 = EDGE_LOOP('',(#2685,#2693,#2694,#2695));
#2685 = ORIENTED_EDGE('',*,*,#2686,.F.);
#2686 = EDGE_CURVE('',#1575,#2687,#2689,.T.);
#2687 = VERTEX_POINT('',#2688);
#2688 = CARTESIAN_POINT('',(102.66,1.505,49.04));
#2689 = LINE('',#2690,#2691);
#2690 = CARTESIAN_POINT('',(102.66,-5.E-03,49.04));
#2691 = VECTOR('',#2692,1.);
#2692 = DIRECTION('',(-0.,1.,0.));
#2693 = ORIENTED_EDGE('',*,*,#1582,.T.);
#2694 = ORIENTED_EDGE('',*,*,#2664,.T.);
#2695 = ORIENTED_EDGE('',*,*,#2696,.F.);
#2696 = EDGE_CURVE('',#2687,#2665,#2697,.T.);
#2697 = LINE('',#2698,#2699);
#2698 = CARTESIAN_POINT('',(102.66,1.505,49.04));
#2699 = VECTOR('',#2700,1.);
#2700 = DIRECTION('',(1.,0.,-0.));
#2701 = PLANE('',#2702);
#2702 = AXIS2_PLACEMENT_3D('',#2703,#2704,#2705);
#2703 = CARTESIAN_POINT('',(102.66,-5.E-03,49.04));
#2704 = DIRECTION('',(0.,0.,1.));
#2705 = DIRECTION('',(1.,0.,-0.));
#2706 = ADVANCED_FACE('',(#2707),#2718,.T.);
#2707 = FACE_BOUND('',#2708,.T.);
#2708 = EDGE_LOOP('',(#2709,#2710,#2711,#2712));
#2709 = ORIENTED_EDGE('',*,*,#2631,.F.);
#2710 = ORIENTED_EDGE('',*,*,#1574,.T.);
#2711 = ORIENTED_EDGE('',*,*,#2686,.T.);
#2712 = ORIENTED_EDGE('',*,*,#2713,.T.);
#2713 = EDGE_CURVE('',#2687,#2632,#2714,.T.);
#2714 = LINE('',#2715,#2716);
#2715 = CARTESIAN_POINT('',(102.66,1.505,49.04));
#2716 = VECTOR('',#2717,1.);
#2717 = DIRECTION('',(0.,0.,1.));
#2718 = PLANE('',#2719);
#2719 = AXIS2_PLACEMENT_3D('',#2720,#2721,#2722);
#2720 = CARTESIAN_POINT('',(102.66,-5.E-03,49.04));
#2721 = DIRECTION('',(1.,0.,-0.));
#2722 = DIRECTION('',(0.,0.,1.));
#2723 = ADVANCED_FACE('',(#2724),#2749,.F.);
#2724 = FACE_BOUND('',#2725,.F.);
#2725 = EDGE_LOOP('',(#2726,#2734,#2735,#2743));
#2726 = ORIENTED_EDGE('',*,*,#2727,.F.);
#2727 = EDGE_CURVE('',#1599,#2728,#2730,.T.);
#2728 = VERTEX_POINT('',#2729);
#2729 = CARTESIAN_POINT('',(100.01,1.5,78.24));
#2730 = LINE('',#2731,#2732);
#2731 = CARTESIAN_POINT('',(100.01,-2.,78.24));
#2732 = VECTOR('',#2733,1.);
#2733 = DIRECTION('',(-0.,1.,0.));
#2734 = ORIENTED_EDGE('',*,*,#1598,.T.);
#2735 = ORIENTED_EDGE('',*,*,#2736,.T.);
#2736 = EDGE_CURVE('',#1601,#2737,#2739,.T.);
#2737 = VERTEX_POINT('',#2738);
#2738 = CARTESIAN_POINT('',(119.31,1.5,78.24));
#2739 = LINE('',#2740,#2741);
#2740 = CARTESIAN_POINT('',(119.31,-2.,78.24));
#2741 = VECTOR('',#2742,1.);
#2742 = DIRECTION('',(-0.,1.,0.));
#2743 = ORIENTED_EDGE('',*,*,#2744,.T.);
#2744 = EDGE_CURVE('',#2737,#2728,#2745,.T.);
#2745 = LINE('',#2746,#2747);
#2746 = CARTESIAN_POINT('',(98.51,1.5,78.24));
#2747 = VECTOR('',#2748,1.);
#2748 = DIRECTION('',(-1.,-0.,0.));
#2749 = PLANE('',#2750);
#2750 = AXIS2_PLACEMENT_3D('',#2751,#2752,#2753);
#2751 = CARTESIAN_POINT('',(100.01,-2.,78.24));
#2752 = DIRECTION('',(0.,0.,1.));
#2753 = DIRECTION('',(1.,0.,-0.));
#2754 = ADVANCED_FACE('',(#2755),#2773,.T.);
#2755 = FACE_BOUND('',#2756,.T.);
#2756 = EDGE_LOOP('',(#2757,#2758,#2759,#2767));
#2757 = ORIENTED_EDGE('',*,*,#2727,.F.);
#2758 = ORIENTED_EDGE('',*,*,#1608,.T.);
#2759 = ORIENTED_EDGE('',*,*,#2760,.T.);
#2760 = EDGE_CURVE('',#1609,#2761,#2763,.T.);
#2761 = VERTEX_POINT('',#2762);
#2762 = CARTESIAN_POINT('',(100.01,1.5,65.04));
#2763 = LINE('',#2764,#2765);
#2764 = CARTESIAN_POINT('',(100.01,-2.,65.04));
#2765 = VECTOR('',#2766,1.);
#2766 = DIRECTION('',(-0.,1.,0.));
#2767 = ORIENTED_EDGE('',*,*,#2768,.T.);
#2768 = EDGE_CURVE('',#2761,#2728,#2769,.T.);
#2769 = LINE('',#2770,#2771);
#2770 = CARTESIAN_POINT('',(100.01,1.5,63.54));
#2771 = VECTOR('',#2772,1.);
#2772 = DIRECTION('',(0.,0.,1.));
#2773 = PLANE('',#2774);
#2774 = AXIS2_PLACEMENT_3D('',#2775,#2776,#2777);
#2775 = CARTESIAN_POINT('',(100.01,-2.,65.04));
#2776 = DIRECTION('',(1.,0.,-0.));
#2777 = DIRECTION('',(0.,0.,1.));
#2778 = ADVANCED_FACE('',(#2779),#2797,.F.);
#2779 = FACE_BOUND('',#2780,.F.);
#2780 = EDGE_LOOP('',(#2781,#2782,#2783,#2791));
#2781 = ORIENTED_EDGE('',*,*,#2736,.F.);
#2782 = ORIENTED_EDGE('',*,*,#1624,.T.);
#2783 = ORIENTED_EDGE('',*,*,#2784,.T.);
#2784 = EDGE_CURVE('',#1617,#2785,#2787,.T.);
#2785 = VERTEX_POINT('',#2786);
#2786 = CARTESIAN_POINT('',(119.31,1.5,65.04));
#2787 = LINE('',#2788,#2789);
#2788 = CARTESIAN_POINT('',(119.31,-2.,65.04));
#2789 = VECTOR('',#2790,1.);
#2790 = DIRECTION('',(-0.,1.,0.));
#2791 = ORIENTED_EDGE('',*,*,#2792,.T.);
#2792 = EDGE_CURVE('',#2785,#2737,#2793,.T.);
#2793 = LINE('',#2794,#2795);
#2794 = CARTESIAN_POINT('',(119.31,1.5,63.54));
#2795 = VECTOR('',#2796,1.);
#2796 = DIRECTION('',(0.,0.,1.));
#2797 = PLANE('',#2798);
#2798 = AXIS2_PLACEMENT_3D('',#2799,#2800,#2801);
#2799 = CARTESIAN_POINT('',(119.31,-2.,65.04));
#2800 = DIRECTION('',(1.,0.,-0.));
#2801 = DIRECTION('',(0.,0.,1.));
#2802 = ADVANCED_FACE('',(#2803),#2814,.T.);
#2803 = FACE_BOUND('',#2804,.T.);
#2804 = EDGE_LOOP('',(#2805,#2806,#2807,#2808));
#2805 = ORIENTED_EDGE('',*,*,#2760,.F.);
#2806 = ORIENTED_EDGE('',*,*,#1616,.T.);
#2807 = ORIENTED_EDGE('',*,*,#2784,.T.);
#2808 = ORIENTED_EDGE('',*,*,#2809,.T.);
#2809 = EDGE_CURVE('',#2785,#2761,#2810,.T.);
#2810 = LINE('',#2811,#2812);
#2811 = CARTESIAN_POINT('',(98.51,1.5,65.04));
#2812 = VECTOR('',#2813,1.);
#2813 = DIRECTION('',(-1.,-0.,0.));
#2814 = PLANE('',#2815);
#2815 = AXIS2_PLACEMENT_3D('',#2816,#2817,#2818);
#2816 = CARTESIAN_POINT('',(100.01,-2.,65.04));
#2817 = DIRECTION('',(0.,0.,1.));
#2818 = DIRECTION('',(1.,0.,-0.));
#2819 = ADVANCED_FACE('',(#2820),#2845,.F.);
#2820 = FACE_BOUND('',#2821,.F.);
#2821 = EDGE_LOOP('',(#2822,#2830,#2831,#2839));
#2822 = ORIENTED_EDGE('',*,*,#2823,.F.);
#2823 = EDGE_CURVE('',#1633,#2824,#2826,.T.);
#2824 = VERTEX_POINT('',#2825);
#2825 = CARTESIAN_POINT('',(96.593012701892,0.6,100.60731409782));
#2826 = LINE('',#2827,#2828);
#2827 = CARTESIAN_POINT('',(96.593012701892,-1.E-01,100.60731409782));
#2828 = VECTOR('',#2829,1.);
#2829 = DIRECTION('',(0.,1.,0.));
#2830 = ORIENTED_EDGE('',*,*,#1632,.T.);
#2831 = ORIENTED_EDGE('',*,*,#2832,.T.);
#2832 = EDGE_CURVE('',#1635,#2833,#2835,.T.);
#2833 = VERTEX_POINT('',#2834);
#2834 = CARTESIAN_POINT('',(94.343012701892,0.6,96.71019978079));
#2835 = LINE('',#2836,#2837);
#2836 = CARTESIAN_POINT('',(94.343012701892,-1.E-01,96.71019978079));
#2837 = VECTOR('',#2838,1.);
#2838 = DIRECTION('',(0.,1.,0.));
#2839 = ORIENTED_EDGE('',*,*,#2840,.F.);
#2840 = EDGE_CURVE('',#2824,#2833,#2841,.T.);
#2841 = LINE('',#2842,#2843);
#2842 = CARTESIAN_POINT('',(96.593012701892,0.6,100.60731409782));
#2843 = VECTOR('',#2844,1.);
#2844 = DIRECTION('',(-0.5,0.,-0.866025403784));
#2845 = PLANE('',#2846);
#2846 = AXIS2_PLACEMENT_3D('',#2847,#2848,#2849);
#2847 = CARTESIAN_POINT('',(96.593012701892,-1.E-01,100.60731409782));
#2848 = DIRECTION('',(0.866025403784,0.,-0.5));
#2849 = DIRECTION('',(-0.5,0.,-0.866025403784));
#2850 = ADVANCED_FACE('',(#2851),#2869,.T.);
#2851 = FACE_BOUND('',#2852,.T.);
#2852 = EDGE_LOOP('',(#2853,#2854,#2855,#2863));
#2853 = ORIENTED_EDGE('',*,*,#2823,.F.);
#2854 = ORIENTED_EDGE('',*,*,#1642,.T.);
#2855 = ORIENTED_EDGE('',*,*,#2856,.T.);
#2856 = EDGE_CURVE('',#1643,#2857,#2859,.T.);
#2857 = VERTEX_POINT('',#2858);
#2858 = CARTESIAN_POINT('',(95.726987298108,0.6,101.10731409782));
#2859 = LINE('',#2860,#2861);
#2860 = CARTESIAN_POINT('',(95.726987298108,-1.E-01,101.10731409782));
#2861 = VECTOR('',#2862,1.);
#2862 = DIRECTION('',(0.,1.,0.));
#2863 = ORIENTED_EDGE('',*,*,#2864,.T.);
#2864 = EDGE_CURVE('',#2857,#2824,#2865,.T.);
#2865 = LINE('',#2866,#2867);
#2866 = CARTESIAN_POINT('',(95.726987298108,0.6,101.10731409782));
#2867 = VECTOR('',#2868,1.);
#2868 = DIRECTION('',(0.866025403784,0.,-0.5));
#2869 = PLANE('',#2870);
#2870 = AXIS2_PLACEMENT_3D('',#2871,#2872,#2873);
#2871 = CARTESIAN_POINT('',(95.726987298108,-1.E-01,101.10731409782));
#2872 = DIRECTION('',(-0.5,0.,-0.866025403784));
#2873 = DIRECTION('',(0.866025403784,0.,-0.5));
#2874 = ADVANCED_FACE('',(#2875),#2893,.F.);
#2875 = FACE_BOUND('',#2876,.F.);
#2876 = EDGE_LOOP('',(#2877,#2878,#2879,#2887));
#2877 = ORIENTED_EDGE('',*,*,#2832,.F.);
#2878 = ORIENTED_EDGE('',*,*,#1658,.T.);
#2879 = ORIENTED_EDGE('',*,*,#2880,.T.);
#2880 = EDGE_CURVE('',#1651,#2881,#2883,.T.);
#2881 = VERTEX_POINT('',#2882);
#2882 = CARTESIAN_POINT('',(93.476987298108,0.6,97.21019978079));
#2883 = LINE('',#2884,#2885);
#2884 = CARTESIAN_POINT('',(93.476987298108,-1.E-01,97.21019978079));
#2885 = VECTOR('',#2886,1.);
#2886 = DIRECTION('',(0.,1.,0.));
#2887 = ORIENTED_EDGE('',*,*,#2888,.T.);
#2888 = EDGE_CURVE('',#2881,#2833,#2889,.T.);
#2889 = LINE('',#2890,#2891);
#2890 = CARTESIAN_POINT('',(93.476987298108,0.6,97.21019978079));
#2891 = VECTOR('',#2892,1.);
#2892 = DIRECTION('',(0.866025403784,0.,-0.5));
#2893 = PLANE('',#2894);
#2894 = AXIS2_PLACEMENT_3D('',#2895,#2896,#2897);
#2895 = CARTESIAN_POINT('',(93.476987298108,-1.E-01,97.21019978079));
#2896 = DIRECTION('',(-0.5,0.,-0.866025403784));
#2897 = DIRECTION('',(0.866025403784,0.,-0.5));
#2898 = ADVANCED_FACE('',(#2899),#2910,.T.);
#2899 = FACE_BOUND('',#2900,.T.);
#2900 = EDGE_LOOP('',(#2901,#2902,#2903,#2904));
#2901 = ORIENTED_EDGE('',*,*,#2856,.F.);
#2902 = ORIENTED_EDGE('',*,*,#1650,.T.);
#2903 = ORIENTED_EDGE('',*,*,#2880,.T.);
#2904 = ORIENTED_EDGE('',*,*,#2905,.F.);
#2905 = EDGE_CURVE('',#2857,#2881,#2906,.T.);
#2906 = LINE('',#2907,#2908);
#2907 = CARTESIAN_POINT('',(95.726987298108,0.6,101.10731409782));
#2908 = VECTOR('',#2909,1.);
#2909 = DIRECTION('',(-0.5,0.,-0.866025403784));
#2910 = PLANE('',#2911);
#2911 = AXIS2_PLACEMENT_3D('',#2912,#2913,#2914);
#2912 = CARTESIAN_POINT('',(95.726987298108,-1.E-01,101.10731409782));
#2913 = DIRECTION('',(0.866025403784,0.,-0.5));
#2914 = DIRECTION('',(-0.5,0.,-0.866025403784));
#2915 = ADVANCED_FACE('',(#2916),#2941,.F.);
#2916 = FACE_BOUND('',#2917,.F.);
#2917 = EDGE_LOOP('',(#2918,#2926,#2927,#2935));
#2918 = ORIENTED_EDGE('',*,*,#2919,.F.);
#2919 = EDGE_CURVE('',#1667,#2920,#2922,.T.);
#2920 = VERTEX_POINT('',#2921);
#2921 = CARTESIAN_POINT('',(103.15484869537,0.6,98.030593167644));
#2922 = LINE('',#2923,#2924);
#2923 = CARTESIAN_POINT('',(103.15484869537,-1.E-01,98.030593167644));
#2924 = VECTOR('',#2925,1.);
#2925 = DIRECTION('',(0.,1.,0.));
#2926 = ORIENTED_EDGE('',*,*,#1666,.T.);
#2927 = ORIENTED_EDGE('',*,*,#2928,.T.);
#2928 = EDGE_CURVE('',#1669,#2929,#2931,.T.);
#2929 = VERTEX_POINT('',#2930);
#2930 = CARTESIAN_POINT('',(101.99016299241,0.6,93.683926949343));
#2931 = LINE('',#2932,#2933);
#2932 = CARTESIAN_POINT('',(101.99016299241,-1.E-01,93.683926949343));
#2933 = VECTOR('',#2934,1.);
#2934 = DIRECTION('',(0.,1.,0.));
#2935 = ORIENTED_EDGE('',*,*,#2936,.F.);
#2936 = EDGE_CURVE('',#2920,#2929,#2937,.T.);
#2937 = LINE('',#2938,#2939);
#2938 = CARTESIAN_POINT('',(103.15484869537,0.6,98.030593167644));
#2939 = VECTOR('',#2940,1.);
#2940 = DIRECTION('',(-0.258819045103,0.,-0.965925826289));
#2941 = PLANE('',#2942);
#2942 = AXIS2_PLACEMENT_3D('',#2943,#2944,#2945);
#2943 = CARTESIAN_POINT('',(103.15484869537,-1.E-01,98.030593167644));
#2944 = DIRECTION('',(0.965925826289,0.,-0.258819045103));
#2945 = DIRECTION('',(-0.258819045103,0.,-0.965925826289));
#2946 = ADVANCED_FACE('',(#2947),#2965,.T.);
#2947 = FACE_BOUND('',#2948,.T.);
#2948 = EDGE_LOOP('',(#2949,#2950,#2951,#2959));
#2949 = ORIENTED_EDGE('',*,*,#2919,.F.);
#2950 = ORIENTED_EDGE('',*,*,#1676,.T.);
#2951 = ORIENTED_EDGE('',*,*,#2952,.T.);
#2952 = EDGE_CURVE('',#1677,#2953,#2955,.T.);
#2953 = VERTEX_POINT('',#2954);
#2954 = CARTESIAN_POINT('',(102.18892286908,0.6,98.289412212746));
#2955 = LINE('',#2956,#2957);
#2956 = CARTESIAN_POINT('',(102.18892286908,-1.E-01,98.289412212746));
#2957 = VECTOR('',#2958,1.);
#2958 = DIRECTION('',(0.,1.,0.));
#2959 = ORIENTED_EDGE('',*,*,#2960,.T.);
#2960 = EDGE_CURVE('',#2953,#2920,#2961,.T.);
#2961 = LINE('',#2962,#2963);
#2962 = CARTESIAN_POINT('',(102.18892286908,0.6,98.289412212746));
#2963 = VECTOR('',#2964,1.);
#2964 = DIRECTION('',(0.965925826289,0.,-0.258819045103));
#2965 = PLANE('',#2966);
#2966 = AXIS2_PLACEMENT_3D('',#2967,#2968,#2969);
#2967 = CARTESIAN_POINT('',(102.18892286908,-1.E-01,98.289412212746));
#2968 = DIRECTION('',(-0.258819045103,0.,-0.965925826289));
#2969 = DIRECTION('',(0.965925826289,0.,-0.258819045103));
#2970 = ADVANCED_FACE('',(#2971),#2989,.F.);
#2971 = FACE_BOUND('',#2972,.F.);
#2972 = EDGE_LOOP('',(#2973,#2974,#2975,#2983));
#2973 = ORIENTED_EDGE('',*,*,#2928,.F.);
#2974 = ORIENTED_EDGE('',*,*,#1692,.T.);
#2975 = ORIENTED_EDGE('',*,*,#2976,.T.);
#2976 = EDGE_CURVE('',#1685,#2977,#2979,.T.);
#2977 = VERTEX_POINT('',#2978);
#2978 = CARTESIAN_POINT('',(101.02423716612,0.6,93.942745994446));
#2979 = LINE('',#2980,#2981);
#2980 = CARTESIAN_POINT('',(101.02423716612,-1.E-01,93.942745994446));
#2981 = VECTOR('',#2982,1.);
#2982 = DIRECTION('',(0.,1.,0.));
#2983 = ORIENTED_EDGE('',*,*,#2984,.T.);
#2984 = EDGE_CURVE('',#2977,#2929,#2985,.T.);
#2985 = LINE('',#2986,#2987);
#2986 = CARTESIAN_POINT('',(101.02423716612,0.6,93.942745994446));
#2987 = VECTOR('',#2988,1.);
#2988 = DIRECTION('',(0.965925826289,0.,-0.258819045103));
#2989 = PLANE('',#2990);
#2990 = AXIS2_PLACEMENT_3D('',#2991,#2992,#2993);
#2991 = CARTESIAN_POINT('',(101.02423716612,-1.E-01,93.942745994446));
#2992 = DIRECTION('',(-0.258819045103,0.,-0.965925826289));
#2993 = DIRECTION('',(0.965925826289,0.,-0.258819045103));
#2994 = ADVANCED_FACE('',(#2995),#3006,.T.);
#2995 = FACE_BOUND('',#2996,.T.);
#2996 = EDGE_LOOP('',(#2997,#2998,#2999,#3000));
#2997 = ORIENTED_EDGE('',*,*,#2952,.F.);
#2998 = ORIENTED_EDGE('',*,*,#1684,.T.);
#2999 = ORIENTED_EDGE('',*,*,#2976,.T.);
#3000 = ORIENTED_EDGE('',*,*,#3001,.F.);
#3001 = EDGE_CURVE('',#2953,#2977,#3002,.T.);
#3002 = LINE('',#3003,#3004);
#3003 = CARTESIAN_POINT('',(102.18892286908,0.6,98.289412212746));
#3004 = VECTOR('',#3005,1.);
#3005 = DIRECTION('',(-0.258819045103,0.,-0.965925826289));
#3006 = PLANE('',#3007);
#3007 = AXIS2_PLACEMENT_3D('',#3008,#3009,#3010);
#3008 = CARTESIAN_POINT('',(102.18892286908,-1.E-01,98.289412212746));
#3009 = DIRECTION('',(0.965925826289,0.,-0.258819045103));
#3010 = DIRECTION('',(-0.258819045103,0.,-0.965925826289));
#3011 = ADVANCED_FACE('',(#3012),#3037,.F.);
#3012 = FACE_BOUND('',#3013,.F.);
#3013 = EDGE_LOOP('',(#3014,#3022,#3023,#3031));
#3014 = ORIENTED_EDGE('',*,*,#3015,.F.);
#3015 = EDGE_CURVE('',#1701,#3016,#3018,.T.);
#3016 = VERTEX_POINT('',#3017);
#3017 = CARTESIAN_POINT('',(110.16,0.6,97.24));
#3018 = LINE('',#3019,#3020);
#3019 = CARTESIAN_POINT('',(110.16,-1.E-01,97.24));
#3020 = VECTOR('',#3021,1.);
#3021 = DIRECTION('',(0.,1.,0.));
#3022 = ORIENTED_EDGE('',*,*,#1700,.T.);
#3023 = ORIENTED_EDGE('',*,*,#3024,.T.);
#3024 = EDGE_CURVE('',#1703,#3025,#3027,.T.);
#3025 = VERTEX_POINT('',#3026);
#3026 = CARTESIAN_POINT('',(110.16,0.6,92.74));
#3027 = LINE('',#3028,#3029);
#3028 = CARTESIAN_POINT('',(110.16,-1.E-01,92.74));
#3029 = VECTOR('',#3030,1.);
#3030 = DIRECTION('',(0.,1.,0.));
#3031 = ORIENTED_EDGE('',*,*,#3032,.F.);
#3032 = EDGE_CURVE('',#3016,#3025,#3033,.T.);
#3033 = LINE('',#3034,#3035);
#3034 = CARTESIAN_POINT('',(110.16,0.6,97.24));
#3035 = VECTOR('',#3036,1.);
#3036 = DIRECTION('',(2.22044604925E-16,0.,-1.));
#3037 = PLANE('',#3038);
#3038 = AXIS2_PLACEMENT_3D('',#3039,#3040,#3041);
#3039 = CARTESIAN_POINT('',(110.16,-1.E-01,97.24));
#3040 = DIRECTION('',(1.,0.,2.22044604925E-16));
#3041 = DIRECTION('',(2.22044604925E-16,0.,-1.));
#3042 = ADVANCED_FACE('',(#3043),#3061,.T.);
#3043 = FACE_BOUND('',#3044,.T.);
#3044 = EDGE_LOOP('',(#3045,#3046,#3047,#3055));
#3045 = ORIENTED_EDGE('',*,*,#3015,.F.);
#3046 = ORIENTED_EDGE('',*,*,#1710,.T.);
#3047 = ORIENTED_EDGE('',*,*,#3048,.T.);
#3048 = EDGE_CURVE('',#1711,#3049,#3051,.T.);
#3049 = VERTEX_POINT('',#3050);
#3050 = CARTESIAN_POINT('',(109.16,0.6,97.24));
#3051 = LINE('',#3052,#3053);
#3052 = CARTESIAN_POINT('',(109.16,-1.E-01,97.24));
#3053 = VECTOR('',#3054,1.);
#3054 = DIRECTION('',(0.,1.,0.));
#3055 = ORIENTED_EDGE('',*,*,#3056,.T.);
#3056 = EDGE_CURVE('',#3049,#3016,#3057,.T.);
#3057 = LINE('',#3058,#3059);
#3058 = CARTESIAN_POINT('',(109.16,0.6,97.24));
#3059 = VECTOR('',#3060,1.);
#3060 = DIRECTION('',(1.,0.,2.22044604925E-16));
#3061 = PLANE('',#3062);
#3062 = AXIS2_PLACEMENT_3D('',#3063,#3064,#3065);
#3063 = CARTESIAN_POINT('',(109.16,-1.E-01,97.24));
#3064 = DIRECTION('',(2.22044604925E-16,0.,-1.));
#3065 = DIRECTION('',(1.,0.,2.22044604925E-16));
#3066 = ADVANCED_FACE('',(#3067),#3085,.F.);
#3067 = FACE_BOUND('',#3068,.F.);
#3068 = EDGE_LOOP('',(#3069,#3070,#3071,#3079));
#3069 = ORIENTED_EDGE('',*,*,#3024,.F.);
#3070 = ORIENTED_EDGE('',*,*,#1726,.T.);
#3071 = ORIENTED_EDGE('',*,*,#3072,.T.);
#3072 = EDGE_CURVE('',#1719,#3073,#3075,.T.);
#3073 = VERTEX_POINT('',#3074);
#3074 = CARTESIAN_POINT('',(109.16,0.6,92.74));
#3075 = LINE('',#3076,#3077);
#3076 = CARTESIAN_POINT('',(109.16,-1.E-01,92.74));
#3077 = VECTOR('',#3078,1.);
#3078 = DIRECTION('',(0.,1.,0.));
#3079 = ORIENTED_EDGE('',*,*,#3080,.T.);
#3080 = EDGE_CURVE('',#3073,#3025,#3081,.T.);
#3081 = LINE('',#3082,#3083);
#3082 = CARTESIAN_POINT('',(109.16,0.6,92.74));
#3083 = VECTOR('',#3084,1.);
#3084 = DIRECTION('',(1.,0.,2.22044604925E-16));
#3085 = PLANE('',#3086);
#3086 = AXIS2_PLACEMENT_3D('',#3087,#3088,#3089);
#3087 = CARTESIAN_POINT('',(109.16,-1.E-01,92.74));
#3088 = DIRECTION('',(2.22044604925E-16,0.,-1.));
#3089 = DIRECTION('',(1.,0.,2.22044604925E-16));
#3090 = ADVANCED_FACE('',(#3091),#3102,.T.);
#3091 = FACE_BOUND('',#3092,.T.);
#3092 = EDGE_LOOP('',(#3093,#3094,#3095,#3096));
#3093 = ORIENTED_EDGE('',*,*,#3048,.F.);
#3094 = ORIENTED_EDGE('',*,*,#1718,.T.);
#3095 = ORIENTED_EDGE('',*,*,#3072,.T.);
#3096 = ORIENTED_EDGE('',*,*,#3097,.F.);
#3097 = EDGE_CURVE('',#3049,#3073,#3098,.T.);
#3098 = LINE('',#3099,#3100);
#3099 = CARTESIAN_POINT('',(109.16,0.6,97.24));
#3100 = VECTOR('',#3101,1.);
#3101 = DIRECTION('',(2.22044604925E-16,0.,-1.));
#3102 = PLANE('',#3103);
#3103 = AXIS2_PLACEMENT_3D('',#3104,#3105,#3106);
#3104 = CARTESIAN_POINT('',(109.16,-1.E-01,97.24));
#3105 = DIRECTION('',(1.,0.,2.22044604925E-16));
#3106 = DIRECTION('',(2.22044604925E-16,0.,-1.));
#3107 = ADVANCED_FACE('',(#3108),#3133,.F.);
#3108 = FACE_BOUND('',#3109,.F.);
#3109 = EDGE_LOOP('',(#3110,#3118,#3119,#3127));
#3110 = ORIENTED_EDGE('',*,*,#3111,.F.);
#3111 = EDGE_CURVE('',#1735,#3112,#3114,.T.);
#3112 = VERTEX_POINT('',#3113);
#3113 = CARTESIAN_POINT('',(86.52731409782,0.6,110.3069872981));
#3114 = LINE('',#3115,#3116);
#3115 = CARTESIAN_POINT('',(86.52731409782,-1.E-01,110.3069872981));
#3116 = VECTOR('',#3117,1.);
#3117 = DIRECTION('',(0.,1.,0.));
#3118 = ORIENTED_EDGE('',*,*,#1734,.T.);
#3119 = ORIENTED_EDGE('',*,*,#3120,.T.);
#3120 = EDGE_CURVE('',#1737,#3121,#3123,.T.);
#3121 = VERTEX_POINT('',#3122);
#3122 = CARTESIAN_POINT('',(82.63019978079,0.6,108.0569872981));
#3123 = LINE('',#3124,#3125);
#3124 = CARTESIAN_POINT('',(82.63019978079,-1.E-01,108.0569872981));
#3125 = VECTOR('',#3126,1.);
#3126 = DIRECTION('',(0.,1.,0.));
#3127 = ORIENTED_EDGE('',*,*,#3128,.F.);
#3128 = EDGE_CURVE('',#3112,#3121,#3129,.T.);
#3129 = LINE('',#3130,#3131);
#3130 = CARTESIAN_POINT('',(86.52731409782,0.6,110.3069872981));
#3131 = VECTOR('',#3132,1.);
#3132 = DIRECTION('',(-0.866025403784,0.,-0.5));
#3133 = PLANE('',#3134);
#3134 = AXIS2_PLACEMENT_3D('',#3135,#3136,#3137);
#3135 = CARTESIAN_POINT('',(86.52731409782,-1.E-01,110.3069872981));
#3136 = DIRECTION('',(0.5,0.,-0.866025403784));
#3137 = DIRECTION('',(-0.866025403784,0.,-0.5));
#3138 = ADVANCED_FACE('',(#3139),#3157,.T.);
#3139 = FACE_BOUND('',#3140,.T.);
#3140 = EDGE_LOOP('',(#3141,#3142,#3143,#3151));
#3141 = ORIENTED_EDGE('',*,*,#3111,.F.);
#3142 = ORIENTED_EDGE('',*,*,#1744,.T.);
#3143 = ORIENTED_EDGE('',*,*,#3144,.T.);
#3144 = EDGE_CURVE('',#1745,#3145,#3147,.T.);
#3145 = VERTEX_POINT('',#3146);
#3146 = CARTESIAN_POINT('',(86.02731409782,0.6,111.17301270189));
#3147 = LINE('',#3148,#3149);
#3148 = CARTESIAN_POINT('',(86.02731409782,-1.E-01,111.17301270189));
#3149 = VECTOR('',#3150,1.);
#3150 = DIRECTION('',(0.,1.,0.));
#3151 = ORIENTED_EDGE('',*,*,#3152,.T.);
#3152 = EDGE_CURVE('',#3145,#3112,#3153,.T.);
#3153 = LINE('',#3154,#3155);
#3154 = CARTESIAN_POINT('',(86.02731409782,0.6,111.17301270189));
#3155 = VECTOR('',#3156,1.);
#3156 = DIRECTION('',(0.5,0.,-0.866025403784));
#3157 = PLANE('',#3158);
#3158 = AXIS2_PLACEMENT_3D('',#3159,#3160,#3161);
#3159 = CARTESIAN_POINT('',(86.02731409782,-1.E-01,111.17301270189));
#3160 = DIRECTION('',(-0.866025403784,0.,-0.5));
#3161 = DIRECTION('',(0.5,0.,-0.866025403784));
#3162 = ADVANCED_FACE('',(#3163),#3181,.F.);
#3163 = FACE_BOUND('',#3164,.F.);
#3164 = EDGE_LOOP('',(#3165,#3166,#3167,#3175));
#3165 = ORIENTED_EDGE('',*,*,#3120,.F.);
#3166 = ORIENTED_EDGE('',*,*,#1760,.T.);
#3167 = ORIENTED_EDGE('',*,*,#3168,.T.);
#3168 = EDGE_CURVE('',#1753,#3169,#3171,.T.);
#3169 = VERTEX_POINT('',#3170);
#3170 = CARTESIAN_POINT('',(82.13019978079,0.6,108.92301270189));
#3171 = LINE('',#3172,#3173);
#3172 = CARTESIAN_POINT('',(82.13019978079,-1.E-01,108.92301270189));
#3173 = VECTOR('',#3174,1.);
#3174 = DIRECTION('',(0.,1.,0.));
#3175 = ORIENTED_EDGE('',*,*,#3176,.T.);
#3176 = EDGE_CURVE('',#3169,#3121,#3177,.T.);
#3177 = LINE('',#3178,#3179);
#3178 = CARTESIAN_POINT('',(82.13019978079,0.6,108.92301270189));
#3179 = VECTOR('',#3180,1.);
#3180 = DIRECTION('',(0.5,0.,-0.866025403784));
#3181 = PLANE('',#3182);
#3182 = AXIS2_PLACEMENT_3D('',#3183,#3184,#3185);
#3183 = CARTESIAN_POINT('',(82.13019978079,-1.E-01,108.92301270189));
#3184 = DIRECTION('',(-0.866025403784,0.,-0.5));
#3185 = DIRECTION('',(0.5,0.,-0.866025403784));
#3186 = ADVANCED_FACE('',(#3187),#3198,.T.);
#3187 = FACE_BOUND('',#3188,.T.);
#3188 = EDGE_LOOP('',(#3189,#3190,#3191,#3192));
#3189 = ORIENTED_EDGE('',*,*,#3144,.F.);
#3190 = ORIENTED_EDGE('',*,*,#1752,.T.);
#3191 = ORIENTED_EDGE('',*,*,#3168,.T.);
#3192 = ORIENTED_EDGE('',*,*,#3193,.F.);
#3193 = EDGE_CURVE('',#3145,#3169,#3194,.T.);
#3194 = LINE('',#3195,#3196);
#3195 = CARTESIAN_POINT('',(86.02731409782,0.6,111.17301270189));
#3196 = VECTOR('',#3197,1.);
#3197 = DIRECTION('',(-0.866025403784,0.,-0.5));
#3198 = PLANE('',#3199);
#3199 = AXIS2_PLACEMENT_3D('',#3200,#3201,#3202);
#3200 = CARTESIAN_POINT('',(86.02731409782,-1.E-01,111.17301270189));
#3201 = DIRECTION('',(0.5,0.,-0.866025403784));
#3202 = DIRECTION('',(-0.866025403784,0.,-0.5));
#3203 = ADVANCED_FACE('',(#3204),#3229,.F.);
#3204 = FACE_BOUND('',#3205,.F.);
#3205 = EDGE_LOOP('',(#3206,#3214,#3215,#3223));
#3206 = ORIENTED_EDGE('',*,*,#3207,.F.);
#3207 = EDGE_CURVE('',#1769,#3208,#3210,.T.);
#3208 = VERTEX_POINT('',#3209);
#3209 = CARTESIAN_POINT('',(83.709412212746,0.6,116.76892286908));
#3210 = LINE('',#3211,#3212);
#3211 = CARTESIAN_POINT('',(83.709412212746,-1.E-01,116.76892286908));
#3212 = VECTOR('',#3213,1.);
#3213 = DIRECTION('',(0.,1.,0.));
#3214 = ORIENTED_EDGE('',*,*,#1768,.T.);
#3215 = ORIENTED_EDGE('',*,*,#3216,.T.);
#3216 = EDGE_CURVE('',#1771,#3217,#3219,.T.);
#3217 = VERTEX_POINT('',#3218);
#3218 = CARTESIAN_POINT('',(79.362745994446,0.6,115.60423716612));
#3219 = LINE('',#3220,#3221);
#3220 = CARTESIAN_POINT('',(79.362745994446,-1.E-01,115.60423716612));
#3221 = VECTOR('',#3222,1.);
#3222 = DIRECTION('',(0.,1.,0.));
#3223 = ORIENTED_EDGE('',*,*,#3224,.F.);
#3224 = EDGE_CURVE('',#3208,#3217,#3225,.T.);
#3225 = LINE('',#3226,#3227);
#3226 = CARTESIAN_POINT('',(83.709412212746,0.6,116.76892286908));
#3227 = VECTOR('',#3228,1.);
#3228 = DIRECTION('',(-0.965925826289,0.,-0.258819045103));
#3229 = PLANE('',#3230);
#3230 = AXIS2_PLACEMENT_3D('',#3231,#3232,#3233);
#3231 = CARTESIAN_POINT('',(83.709412212746,-1.E-01,116.76892286908));
#3232 = DIRECTION('',(0.258819045103,0.,-0.965925826289));
#3233 = DIRECTION('',(-0.965925826289,0.,-0.258819045103));
#3234 = ADVANCED_FACE('',(#3235),#3253,.T.);
#3235 = FACE_BOUND('',#3236,.T.);
#3236 = EDGE_LOOP('',(#3237,#3238,#3239,#3247));
#3237 = ORIENTED_EDGE('',*,*,#3207,.F.);
#3238 = ORIENTED_EDGE('',*,*,#1778,.T.);
#3239 = ORIENTED_EDGE('',*,*,#3240,.T.);
#3240 = EDGE_CURVE('',#1779,#3241,#3243,.T.);
#3241 = VERTEX_POINT('',#3242);
#3242 = CARTESIAN_POINT('',(83.450593167644,0.6,117.73484869537));
#3243 = LINE('',#3244,#3245);
#3244 = CARTESIAN_POINT('',(83.450593167644,-1.E-01,117.73484869537));
#3245 = VECTOR('',#3246,1.);
#3246 = DIRECTION('',(0.,1.,0.));
#3247 = ORIENTED_EDGE('',*,*,#3248,.T.);
#3248 = EDGE_CURVE('',#3241,#3208,#3249,.T.);
#3249 = LINE('',#3250,#3251);
#3250 = CARTESIAN_POINT('',(83.450593167644,0.6,117.73484869537));
#3251 = VECTOR('',#3252,1.);
#3252 = DIRECTION('',(0.258819045103,0.,-0.965925826289));
#3253 = PLANE('',#3254);
#3254 = AXIS2_PLACEMENT_3D('',#3255,#3256,#3257);
#3255 = CARTESIAN_POINT('',(83.450593167644,-1.E-01,117.73484869537));
#3256 = DIRECTION('',(-0.965925826289,0.,-0.258819045103));
#3257 = DIRECTION('',(0.258819045103,0.,-0.965925826289));
#3258 = ADVANCED_FACE('',(#3259),#3277,.F.);
#3259 = FACE_BOUND('',#3260,.F.);
#3260 = EDGE_LOOP('',(#3261,#3262,#3263,#3271));
#3261 = ORIENTED_EDGE('',*,*,#3216,.F.);
#3262 = ORIENTED_EDGE('',*,*,#1794,.T.);
#3263 = ORIENTED_EDGE('',*,*,#3264,.T.);
#3264 = EDGE_CURVE('',#1787,#3265,#3267,.T.);
#3265 = VERTEX_POINT('',#3266);
#3266 = CARTESIAN_POINT('',(79.103926949343,0.6,116.57016299241));
#3267 = LINE('',#3268,#3269);
#3268 = CARTESIAN_POINT('',(79.103926949343,-1.E-01,116.57016299241));
#3269 = VECTOR('',#3270,1.);
#3270 = DIRECTION('',(0.,1.,0.));
#3271 = ORIENTED_EDGE('',*,*,#3272,.T.);
#3272 = EDGE_CURVE('',#3265,#3217,#3273,.T.);
#3273 = LINE('',#3274,#3275);
#3274 = CARTESIAN_POINT('',(79.103926949343,0.6,116.57016299241));
#3275 = VECTOR('',#3276,1.);
#3276 = DIRECTION('',(0.258819045103,0.,-0.965925826289));
#3277 = PLANE('',#3278);
#3278 = AXIS2_PLACEMENT_3D('',#3279,#3280,#3281);
#3279 = CARTESIAN_POINT('',(79.103926949343,-1.E-01,116.57016299241));
#3280 = DIRECTION('',(-0.965925826289,0.,-0.258819045103));
#3281 = DIRECTION('',(0.258819045103,0.,-0.965925826289));
#3282 = ADVANCED_FACE('',(#3283),#3294,.T.);
#3283 = FACE_BOUND('',#3284,.T.);
#3284 = EDGE_LOOP('',(#3285,#3286,#3287,#3288));
#3285 = ORIENTED_EDGE('',*,*,#3240,.F.);
#3286 = ORIENTED_EDGE('',*,*,#1786,.T.);
#3287 = ORIENTED_EDGE('',*,*,#3264,.T.);
#3288 = ORIENTED_EDGE('',*,*,#3289,.F.);
#3289 = EDGE_CURVE('',#3241,#3265,#3290,.T.);
#3290 = LINE('',#3291,#3292);
#3291 = CARTESIAN_POINT('',(83.450593167644,0.6,117.73484869537));
#3292 = VECTOR('',#3293,1.);
#3293 = DIRECTION('',(-0.965925826289,0.,-0.258819045103));
#3294 = PLANE('',#3295);
#3295 = AXIS2_PLACEMENT_3D('',#3296,#3297,#3298);
#3296 = CARTESIAN_POINT('',(83.450593167644,-1.E-01,117.73484869537));
#3297 = DIRECTION('',(0.258819045103,0.,-0.965925826289));
#3298 = DIRECTION('',(-0.965925826289,0.,-0.258819045103));
#3299 = ADVANCED_FACE('',(#3300),#3325,.F.);
#3300 = FACE_BOUND('',#3301,.F.);
#3301 = EDGE_LOOP('',(#3302,#3310,#3311,#3319));
#3302 = ORIENTED_EDGE('',*,*,#3303,.F.);
#3303 = EDGE_CURVE('',#1803,#3304,#3306,.T.);
#3304 = VERTEX_POINT('',#3305);
#3305 = CARTESIAN_POINT('',(82.66,0.6,123.74));
#3306 = LINE('',#3307,#3308);
#3307 = CARTESIAN_POINT('',(82.66,-1.E-01,123.74));
#3308 = VECTOR('',#3309,1.);
#3309 = DIRECTION('',(0.,1.,0.));
#3310 = ORIENTED_EDGE('',*,*,#1802,.T.);
#3311 = ORIENTED_EDGE('',*,*,#3312,.T.);
#3312 = EDGE_CURVE('',#1805,#3313,#3315,.T.);
#3313 = VERTEX_POINT('',#3314);
#3314 = CARTESIAN_POINT('',(78.16,0.6,123.74));
#3315 = LINE('',#3316,#3317);
#3316 = CARTESIAN_POINT('',(78.16,-1.E-01,123.74));
#3317 = VECTOR('',#3318,1.);
#3318 = DIRECTION('',(0.,1.,0.));
#3319 = ORIENTED_EDGE('',*,*,#3320,.F.);
#3320 = EDGE_CURVE('',#3304,#3313,#3321,.T.);
#3321 = LINE('',#3322,#3323);
#3322 = CARTESIAN_POINT('',(82.66,0.6,123.74));
#3323 = VECTOR('',#3324,1.);
#3324 = DIRECTION('',(-1.,0.,-1.224646799147E-16));
#3325 = PLANE('',#3326);
#3326 = AXIS2_PLACEMENT_3D('',#3327,#3328,#3329);
#3327 = CARTESIAN_POINT('',(82.66,-1.E-01,123.74));
#3328 = DIRECTION('',(1.224646799147E-16,0.,-1.));
#3329 = DIRECTION('',(-1.,0.,-1.224646799147E-16));
#3330 = ADVANCED_FACE('',(#3331),#3349,.T.);
#3331 = FACE_BOUND('',#3332,.T.);
#3332 = EDGE_LOOP('',(#3333,#3334,#3335,#3343));
#3333 = ORIENTED_EDGE('',*,*,#3303,.F.);
#3334 = ORIENTED_EDGE('',*,*,#1812,.T.);
#3335 = ORIENTED_EDGE('',*,*,#3336,.T.);
#3336 = EDGE_CURVE('',#1813,#3337,#3339,.T.);
#3337 = VERTEX_POINT('',#3338);
#3338 = CARTESIAN_POINT('',(82.66,0.6,124.74));
#3339 = LINE('',#3340,#3341);
#3340 = CARTESIAN_POINT('',(82.66,-1.E-01,124.74));
#3341 = VECTOR('',#3342,1.);
#3342 = DIRECTION('',(0.,1.,0.));
#3343 = ORIENTED_EDGE('',*,*,#3344,.T.);
#3344 = EDGE_CURVE('',#3337,#3304,#3345,.T.);
#3345 = LINE('',#3346,#3347);
#3346 = CARTESIAN_POINT('',(82.66,0.6,124.74));
#3347 = VECTOR('',#3348,1.);
#3348 = DIRECTION('',(1.224646799147E-16,0.,-1.));
#3349 = PLANE('',#3350);
#3350 = AXIS2_PLACEMENT_3D('',#3351,#3352,#3353);
#3351 = CARTESIAN_POINT('',(82.66,-1.E-01,124.74));
#3352 = DIRECTION('',(-1.,0.,-1.224646799147E-16));
#3353 = DIRECTION('',(1.224646799147E-16,0.,-1.));
#3354 = ADVANCED_FACE('',(#3355),#3373,.F.);
#3355 = FACE_BOUND('',#3356,.F.);
#3356 = EDGE_LOOP('',(#3357,#3358,#3359,#3367));
#3357 = ORIENTED_EDGE('',*,*,#3312,.F.);
#3358 = ORIENTED_EDGE('',*,*,#1828,.T.);
#3359 = ORIENTED_EDGE('',*,*,#3360,.T.);
#3360 = EDGE_CURVE('',#1821,#3361,#3363,.T.);
#3361 = VERTEX_POINT('',#3362);
#3362 = CARTESIAN_POINT('',(78.16,0.6,124.74));
#3363 = LINE('',#3364,#3365);
#3364 = CARTESIAN_POINT('',(78.16,-1.E-01,124.74));
#3365 = VECTOR('',#3366,1.);
#3366 = DIRECTION('',(0.,1.,0.));
#3367 = ORIENTED_EDGE('',*,*,#3368,.T.);
#3368 = EDGE_CURVE('',#3361,#3313,#3369,.T.);
#3369 = LINE('',#3370,#3371);
#3370 = CARTESIAN_POINT('',(78.16,0.6,124.74));
#3371 = VECTOR('',#3372,1.);
#3372 = DIRECTION('',(1.224646799147E-16,0.,-1.));
#3373 = PLANE('',#3374);
#3374 = AXIS2_PLACEMENT_3D('',#3375,#3376,#3377);
#3375 = CARTESIAN_POINT('',(78.16,-1.E-01,124.74));
#3376 = DIRECTION('',(-1.,0.,-1.224646799147E-16));
#3377 = DIRECTION('',(1.224646799147E-16,0.,-1.));
#3378 = ADVANCED_FACE('',(#3379),#3390,.T.);
#3379 = FACE_BOUND('',#3380,.T.);
#3380 = EDGE_LOOP('',(#3381,#3382,#3383,#3384));
#3381 = ORIENTED_EDGE('',*,*,#3336,.F.);
#3382 = ORIENTED_EDGE('',*,*,#1820,.T.);
#3383 = ORIENTED_EDGE('',*,*,#3360,.T.);
#3384 = ORIENTED_EDGE('',*,*,#3385,.F.);
#3385 = EDGE_CURVE('',#3337,#3361,#3386,.T.);
#3386 = LINE('',#3387,#3388);
#3387 = CARTESIAN_POINT('',(82.66,0.6,124.74));
#3388 = VECTOR('',#3389,1.);
#3389 = DIRECTION('',(-1.,0.,-1.224646799147E-16));
#3390 = PLANE('',#3391);
#3391 = AXIS2_PLACEMENT_3D('',#3392,#3393,#3394);
#3392 = CARTESIAN_POINT('',(82.66,-1.E-01,124.74));
#3393 = DIRECTION('',(1.224646799147E-16,0.,-1.));
#3394 = DIRECTION('',(-1.,0.,-1.224646799147E-16));
#3395 = ADVANCED_FACE('',(#3396),#3421,.F.);
#3396 = FACE_BOUND('',#3397,.F.);
#3397 = EDGE_LOOP('',(#3398,#3406,#3407,#3415));
#3398 = ORIENTED_EDGE('',*,*,#3399,.F.);
#3399 = EDGE_CURVE('',#1837,#3400,#3402,.T.);
#3400 = VERTEX_POINT('',#3401);
#3401 = CARTESIAN_POINT('',(90.921670298556,0.6,104.79456351737));
#3402 = LINE('',#3403,#3404);
#3403 = CARTESIAN_POINT('',(90.921670298556,-1.E-01,104.79456351737));
#3404 = VECTOR('',#3405,1.);
#3405 = DIRECTION('',(0.,1.,0.));
#3406 = ORIENTED_EDGE('',*,*,#1836,.T.);
#3407 = ORIENTED_EDGE('',*,*,#3408,.T.);
#3408 = EDGE_CURVE('',#1839,#3409,#3411,.T.);
#3409 = VERTEX_POINT('',#3410);
#3410 = CARTESIAN_POINT('',(87.739689783217,0.6,101.61258300203));
#3411 = LINE('',#3412,#3413);
#3412 = CARTESIAN_POINT('',(87.739689783217,-1.E-01,101.61258300203));
#3413 = VECTOR('',#3414,1.);
#3414 = DIRECTION('',(0.,1.,0.));
#3415 = ORIENTED_EDGE('',*,*,#3416,.F.);
#3416 = EDGE_CURVE('',#3400,#3409,#3417,.T.);
#3417 = LINE('',#3418,#3419);
#3418 = CARTESIAN_POINT('',(90.921670298556,0.6,104.79456351737));
#3419 = VECTOR('',#3420,1.);
#3420 = DIRECTION('',(-0.707106781187,0.,-0.707106781187));
#3421 = PLANE('',#3422);
#3422 = AXIS2_PLACEMENT_3D('',#3423,#3424,#3425);
#3423 = CARTESIAN_POINT('',(90.921670298556,-1.E-01,104.79456351737));
#3424 = DIRECTION('',(0.707106781187,0.,-0.707106781187));
#3425 = DIRECTION('',(-0.707106781187,0.,-0.707106781187));
#3426 = ADVANCED_FACE('',(#3427),#3445,.T.);
#3427 = FACE_BOUND('',#3428,.T.);
#3428 = EDGE_LOOP('',(#3429,#3430,#3431,#3439));
#3429 = ORIENTED_EDGE('',*,*,#3399,.F.);
#3430 = ORIENTED_EDGE('',*,*,#1846,.T.);
#3431 = ORIENTED_EDGE('',*,*,#3432,.T.);
#3432 = EDGE_CURVE('',#1847,#3433,#3435,.T.);
#3433 = VERTEX_POINT('',#3434);
#3434 = CARTESIAN_POINT('',(90.21456351737,0.6,105.50167029855));
#3435 = LINE('',#3436,#3437);
#3436 = CARTESIAN_POINT('',(90.21456351737,-1.E-01,105.50167029855));
#3437 = VECTOR('',#3438,1.);
#3438 = DIRECTION('',(0.,1.,0.));
#3439 = ORIENTED_EDGE('',*,*,#3440,.T.);
#3440 = EDGE_CURVE('',#3433,#3400,#3441,.T.);
#3441 = LINE('',#3442,#3443);
#3442 = CARTESIAN_POINT('',(90.21456351737,0.6,105.50167029855));
#3443 = VECTOR('',#3444,1.);
#3444 = DIRECTION('',(0.707106781187,0.,-0.707106781187));
#3445 = PLANE('',#3446);
#3446 = AXIS2_PLACEMENT_3D('',#3447,#3448,#3449);
#3447 = CARTESIAN_POINT('',(90.21456351737,-1.E-01,105.50167029855));
#3448 = DIRECTION('',(-0.707106781187,0.,-0.707106781187));
#3449 = DIRECTION('',(0.707106781187,0.,-0.707106781187));
#3450 = ADVANCED_FACE('',(#3451),#3469,.F.);
#3451 = FACE_BOUND('',#3452,.F.);
#3452 = EDGE_LOOP('',(#3453,#3454,#3455,#3463));
#3453 = ORIENTED_EDGE('',*,*,#3408,.F.);
#3454 = ORIENTED_EDGE('',*,*,#1862,.T.);
#3455 = ORIENTED_EDGE('',*,*,#3456,.T.);
#3456 = EDGE_CURVE('',#1855,#3457,#3459,.T.);
#3457 = VERTEX_POINT('',#3458);
#3458 = CARTESIAN_POINT('',(87.03258300203,0.6,102.31968978321));
#3459 = LINE('',#3460,#3461);
#3460 = CARTESIAN_POINT('',(87.03258300203,-1.E-01,102.31968978321));
#3461 = VECTOR('',#3462,1.);
#3462 = DIRECTION('',(0.,1.,0.));
#3463 = ORIENTED_EDGE('',*,*,#3464,.T.);
#3464 = EDGE_CURVE('',#3457,#3409,#3465,.T.);
#3465 = LINE('',#3466,#3467);
#3466 = CARTESIAN_POINT('',(87.03258300203,0.6,102.31968978321));
#3467 = VECTOR('',#3468,1.);
#3468 = DIRECTION('',(0.707106781187,0.,-0.707106781187));
#3469 = PLANE('',#3470);
#3470 = AXIS2_PLACEMENT_3D('',#3471,#3472,#3473);
#3471 = CARTESIAN_POINT('',(87.03258300203,-1.E-01,102.31968978321));
#3472 = DIRECTION('',(-0.707106781187,0.,-0.707106781187));
#3473 = DIRECTION('',(0.707106781187,0.,-0.707106781187));
#3474 = ADVANCED_FACE('',(#3475),#3486,.T.);
#3475 = FACE_BOUND('',#3476,.T.);
#3476 = EDGE_LOOP('',(#3477,#3478,#3479,#3480));
#3477 = ORIENTED_EDGE('',*,*,#3432,.F.);
#3478 = ORIENTED_EDGE('',*,*,#1854,.T.);
#3479 = ORIENTED_EDGE('',*,*,#3456,.T.);
#3480 = ORIENTED_EDGE('',*,*,#3481,.F.);
#3481 = EDGE_CURVE('',#3433,#3457,#3482,.T.);
#3482 = LINE('',#3483,#3484);
#3483 = CARTESIAN_POINT('',(90.21456351737,0.6,105.50167029855));
#3484 = VECTOR('',#3485,1.);
#3485 = DIRECTION('',(-0.707106781187,0.,-0.707106781187));
#3486 = PLANE('',#3487);
#3487 = AXIS2_PLACEMENT_3D('',#3488,#3489,#3490);
#3488 = CARTESIAN_POINT('',(90.21456351737,-1.E-01,105.50167029855));
#3489 = DIRECTION('',(0.707106781187,0.,-0.707106781187));
#3490 = DIRECTION('',(-0.707106781187,0.,-0.707106781187));
#3491 = ADVANCED_FACE('',(#3492),#3517,.F.);
#3492 = FACE_BOUND('',#3493,.F.);
#3493 = EDGE_LOOP('',(#3494,#3502,#3503,#3511));
#3494 = ORIENTED_EDGE('',*,*,#3495,.F.);
#3495 = EDGE_CURVE('',#1871,#3496,#3498,.T.);
#3496 = VERTEX_POINT('',#3497);
#3497 = CARTESIAN_POINT('',(83.450593167644,0.6,130.74515130462));
#3498 = LINE('',#3499,#3500);
#3499 = CARTESIAN_POINT('',(83.450593167644,-1.E-01,130.74515130462));
#3500 = VECTOR('',#3501,1.);
#3501 = DIRECTION('',(0.,1.,0.));
#3502 = ORIENTED_EDGE('',*,*,#1870,.T.);
#3503 = ORIENTED_EDGE('',*,*,#3504,.T.);
#3504 = EDGE_CURVE('',#1873,#3505,#3507,.T.);
#3505 = VERTEX_POINT('',#3506);
#3506 = CARTESIAN_POINT('',(79.103926949343,0.6,131.90983700758));
#3507 = LINE('',#3508,#3509);
#3508 = CARTESIAN_POINT('',(79.103926949343,-1.E-01,131.90983700758));
#3509 = VECTOR('',#3510,1.);
#3510 = DIRECTION('',(0.,1.,0.));
#3511 = ORIENTED_EDGE('',*,*,#3512,.F.);
#3512 = EDGE_CURVE('',#3496,#3505,#3513,.T.);
#3513 = LINE('',#3514,#3515);
#3514 = CARTESIAN_POINT('',(83.450593167644,0.6,130.74515130462));
#3515 = VECTOR('',#3516,1.);
#3516 = DIRECTION('',(-0.965925826289,0.,0.258819045103));
#3517 = PLANE('',#3518);
#3518 = AXIS2_PLACEMENT_3D('',#3519,#3520,#3521);
#3519 = CARTESIAN_POINT('',(83.450593167644,-1.E-01,130.74515130462));
#3520 = DIRECTION('',(-0.258819045103,0.,-0.965925826289));
#3521 = DIRECTION('',(-0.965925826289,0.,0.258819045103));
#3522 = ADVANCED_FACE('',(#3523),#3541,.T.);
#3523 = FACE_BOUND('',#3524,.T.);
#3524 = EDGE_LOOP('',(#3525,#3526,#3527,#3535));
#3525 = ORIENTED_EDGE('',*,*,#3495,.F.);
#3526 = ORIENTED_EDGE('',*,*,#1880,.T.);
#3527 = ORIENTED_EDGE('',*,*,#3528,.T.);
#3528 = EDGE_CURVE('',#1881,#3529,#3531,.T.);
#3529 = VERTEX_POINT('',#3530);
#3530 = CARTESIAN_POINT('',(83.709412212746,0.6,131.71107713091));
#3531 = LINE('',#3532,#3533);
#3532 = CARTESIAN_POINT('',(83.709412212746,-1.E-01,131.71107713091));
#3533 = VECTOR('',#3534,1.);
#3534 = DIRECTION('',(0.,1.,0.));
#3535 = ORIENTED_EDGE('',*,*,#3536,.T.);
#3536 = EDGE_CURVE('',#3529,#3496,#3537,.T.);
#3537 = LINE('',#3538,#3539);
#3538 = CARTESIAN_POINT('',(83.709412212746,0.6,131.71107713091));
#3539 = VECTOR('',#3540,1.);
#3540 = DIRECTION('',(-0.258819045103,0.,-0.965925826289));
#3541 = PLANE('',#3542);
#3542 = AXIS2_PLACEMENT_3D('',#3543,#3544,#3545);
#3543 = CARTESIAN_POINT('',(83.709412212746,-1.E-01,131.71107713091));
#3544 = DIRECTION('',(-0.965925826289,0.,0.258819045103));
#3545 = DIRECTION('',(-0.258819045103,0.,-0.965925826289));
#3546 = ADVANCED_FACE('',(#3547),#3565,.F.);
#3547 = FACE_BOUND('',#3548,.F.);
#3548 = EDGE_LOOP('',(#3549,#3550,#3551,#3559));
#3549 = ORIENTED_EDGE('',*,*,#3504,.F.);
#3550 = ORIENTED_EDGE('',*,*,#1896,.T.);
#3551 = ORIENTED_EDGE('',*,*,#3552,.T.);
#3552 = EDGE_CURVE('',#1889,#3553,#3555,.T.);
#3553 = VERTEX_POINT('',#3554);
#3554 = CARTESIAN_POINT('',(79.362745994446,0.6,132.87576283387));
#3555 = LINE('',#3556,#3557);
#3556 = CARTESIAN_POINT('',(79.362745994446,-1.E-01,132.87576283387));
#3557 = VECTOR('',#3558,1.);
#3558 = DIRECTION('',(0.,1.,0.));
#3559 = ORIENTED_EDGE('',*,*,#3560,.T.);
#3560 = EDGE_CURVE('',#3553,#3505,#3561,.T.);
#3561 = LINE('',#3562,#3563);
#3562 = CARTESIAN_POINT('',(79.362745994446,0.6,132.87576283387));
#3563 = VECTOR('',#3564,1.);
#3564 = DIRECTION('',(-0.258819045103,0.,-0.965925826289));
#3565 = PLANE('',#3566);
#3566 = AXIS2_PLACEMENT_3D('',#3567,#3568,#3569);
#3567 = CARTESIAN_POINT('',(79.362745994446,-1.E-01,132.87576283387));
#3568 = DIRECTION('',(-0.965925826289,0.,0.258819045103));
#3569 = DIRECTION('',(-0.258819045103,0.,-0.965925826289));
#3570 = ADVANCED_FACE('',(#3571),#3582,.T.);
#3571 = FACE_BOUND('',#3572,.T.);
#3572 = EDGE_LOOP('',(#3573,#3574,#3575,#3576));
#3573 = ORIENTED_EDGE('',*,*,#3528,.F.);
#3574 = ORIENTED_EDGE('',*,*,#1888,.T.);
#3575 = ORIENTED_EDGE('',*,*,#3552,.T.);
#3576 = ORIENTED_EDGE('',*,*,#3577,.F.);
#3577 = EDGE_CURVE('',#3529,#3553,#3578,.T.);
#3578 = LINE('',#3579,#3580);
#3579 = CARTESIAN_POINT('',(83.709412212746,0.6,131.71107713091));
#3580 = VECTOR('',#3581,1.);
#3581 = DIRECTION('',(-0.965925826289,0.,0.258819045103));
#3582 = PLANE('',#3583);
#3583 = AXIS2_PLACEMENT_3D('',#3584,#3585,#3586);
#3584 = CARTESIAN_POINT('',(83.709412212746,-1.E-01,131.71107713091));
#3585 = DIRECTION('',(-0.258819045103,0.,-0.965925826289));
#3586 = DIRECTION('',(-0.965925826289,0.,0.258819045103));
#3587 = ADVANCED_FACE('',(#3588),#3613,.F.);
#3588 = FACE_BOUND('',#3589,.F.);
#3589 = EDGE_LOOP('',(#3590,#3598,#3599,#3607));
#3590 = ORIENTED_EDGE('',*,*,#3591,.F.);
#3591 = EDGE_CURVE('',#1905,#3592,#3594,.T.);
#3592 = VERTEX_POINT('',#3593);
#3593 = CARTESIAN_POINT('',(86.02731409782,0.6,137.3069872981));
#3594 = LINE('',#3595,#3596);
#3595 = CARTESIAN_POINT('',(86.02731409782,-0.1,137.3069872981));
#3596 = VECTOR('',#3597,1.);
#3597 = DIRECTION('',(0.,1.,0.));
#3598 = ORIENTED_EDGE('',*,*,#1904,.T.);
#3599 = ORIENTED_EDGE('',*,*,#3600,.T.);
#3600 = EDGE_CURVE('',#1907,#3601,#3603,.T.);
#3601 = VERTEX_POINT('',#3602);
#3602 = CARTESIAN_POINT('',(82.13019978079,0.6,139.5569872981));
#3603 = LINE('',#3604,#3605);
#3604 = CARTESIAN_POINT('',(82.13019978079,-0.1,139.5569872981));
#3605 = VECTOR('',#3606,1.);
#3606 = DIRECTION('',(0.,1.,0.));
#3607 = ORIENTED_EDGE('',*,*,#3608,.F.);
#3608 = EDGE_CURVE('',#3592,#3601,#3609,.T.);
#3609 = LINE('',#3610,#3611);
#3610 = CARTESIAN_POINT('',(86.02731409782,0.6,137.3069872981));
#3611 = VECTOR('',#3612,1.);
#3612 = DIRECTION('',(-0.866025403784,0.,0.5));
#3613 = PLANE('',#3614);
#3614 = AXIS2_PLACEMENT_3D('',#3615,#3616,#3617);
#3615 = CARTESIAN_POINT('',(86.02731409782,-0.1,137.3069872981));
#3616 = DIRECTION('',(-0.5,0.,-0.866025403784));
#3617 = DIRECTION('',(-0.866025403784,0.,0.5));
#3618 = ADVANCED_FACE('',(#3619),#3637,.T.);
#3619 = FACE_BOUND('',#3620,.T.);
#3620 = EDGE_LOOP('',(#3621,#3622,#3623,#3631));
#3621 = ORIENTED_EDGE('',*,*,#3591,.F.);
#3622 = ORIENTED_EDGE('',*,*,#1914,.T.);
#3623 = ORIENTED_EDGE('',*,*,#3624,.T.);
#3624 = EDGE_CURVE('',#1915,#3625,#3627,.T.);
#3625 = VERTEX_POINT('',#3626);
#3626 = CARTESIAN_POINT('',(86.52731409782,0.6,138.17301270189));
#3627 = LINE('',#3628,#3629);
#3628 = CARTESIAN_POINT('',(86.52731409782,-0.1,138.17301270189));
#3629 = VECTOR('',#3630,1.);
#3630 = DIRECTION('',(0.,1.,0.));
#3631 = ORIENTED_EDGE('',*,*,#3632,.T.);
#3632 = EDGE_CURVE('',#3625,#3592,#3633,.T.);
#3633 = LINE('',#3634,#3635);
#3634 = CARTESIAN_POINT('',(86.52731409782,0.6,138.17301270189));
#3635 = VECTOR('',#3636,1.);
#3636 = DIRECTION('',(-0.5,0.,-0.866025403784));
#3637 = PLANE('',#3638);
#3638 = AXIS2_PLACEMENT_3D('',#3639,#3640,#3641);
#3639 = CARTESIAN_POINT('',(86.52731409782,-0.1,138.17301270189));
#3640 = DIRECTION('',(-0.866025403784,0.,0.5));
#3641 = DIRECTION('',(-0.5,0.,-0.866025403784));
#3642 = ADVANCED_FACE('',(#3643),#3661,.F.);
#3643 = FACE_BOUND('',#3644,.F.);
#3644 = EDGE_LOOP('',(#3645,#3646,#3647,#3655));
#3645 = ORIENTED_EDGE('',*,*,#3600,.F.);
#3646 = ORIENTED_EDGE('',*,*,#1930,.T.);
#3647 = ORIENTED_EDGE('',*,*,#3648,.T.);
#3648 = EDGE_CURVE('',#1923,#3649,#3651,.T.);
#3649 = VERTEX_POINT('',#3650);
#3650 = CARTESIAN_POINT('',(82.63019978079,0.6,140.42301270189));
#3651 = LINE('',#3652,#3653);
#3652 = CARTESIAN_POINT('',(82.63019978079,-0.1,140.42301270189));
#3653 = VECTOR('',#3654,1.);
#3654 = DIRECTION('',(0.,1.,0.));
#3655 = ORIENTED_EDGE('',*,*,#3656,.T.);
#3656 = EDGE_CURVE('',#3649,#3601,#3657,.T.);
#3657 = LINE('',#3658,#3659);
#3658 = CARTESIAN_POINT('',(82.63019978079,0.6,140.42301270189));
#3659 = VECTOR('',#3660,1.);
#3660 = DIRECTION('',(-0.5,0.,-0.866025403784));
#3661 = PLANE('',#3662);
#3662 = AXIS2_PLACEMENT_3D('',#3663,#3664,#3665);
#3663 = CARTESIAN_POINT('',(82.63019978079,-0.1,140.42301270189));
#3664 = DIRECTION('',(-0.866025403784,0.,0.5));
#3665 = DIRECTION('',(-0.5,0.,-0.866025403784));
#3666 = ADVANCED_FACE('',(#3667),#3678,.T.);
#3667 = FACE_BOUND('',#3668,.T.);
#3668 = EDGE_LOOP('',(#3669,#3670,#3671,#3672));
#3669 = ORIENTED_EDGE('',*,*,#3624,.F.);
#3670 = ORIENTED_EDGE('',*,*,#1922,.T.);
#3671 = ORIENTED_EDGE('',*,*,#3648,.T.);
#3672 = ORIENTED_EDGE('',*,*,#3673,.F.);
#3673 = EDGE_CURVE('',#3625,#3649,#3674,.T.);
#3674 = LINE('',#3675,#3676);
#3675 = CARTESIAN_POINT('',(86.52731409782,0.6,138.17301270189));
#3676 = VECTOR('',#3677,1.);
#3677 = DIRECTION('',(-0.866025403784,0.,0.5));
#3678 = PLANE('',#3679);
#3679 = AXIS2_PLACEMENT_3D('',#3680,#3681,#3682);
#3680 = CARTESIAN_POINT('',(86.52731409782,-0.1,138.17301270189));
#3681 = DIRECTION('',(-0.5,0.,-0.866025403784));
#3682 = DIRECTION('',(-0.866025403784,0.,0.5));
#3683 = ADVANCED_FACE('',(#3684),#3709,.F.);
#3684 = FACE_BOUND('',#3685,.F.);
#3685 = EDGE_LOOP('',(#3686,#3694,#3695,#3703));
#3686 = ORIENTED_EDGE('',*,*,#3687,.F.);
#3687 = EDGE_CURVE('',#1939,#3688,#3690,.T.);
#3688 = VERTEX_POINT('',#3689);
#3689 = CARTESIAN_POINT('',(90.21456351737,0.6,142.97832970144));
#3690 = LINE('',#3691,#3692);
#3691 = CARTESIAN_POINT('',(90.21456351737,-0.1,142.97832970144));
#3692 = VECTOR('',#3693,1.);
#3693 = DIRECTION('',(0.,1.,0.));
#3694 = ORIENTED_EDGE('',*,*,#1938,.T.);
#3695 = ORIENTED_EDGE('',*,*,#3696,.T.);
#3696 = EDGE_CURVE('',#1941,#3697,#3699,.T.);
#3697 = VERTEX_POINT('',#3698);
#3698 = CARTESIAN_POINT('',(87.03258300203,0.6,146.16031021678));
#3699 = LINE('',#3700,#3701);
#3700 = CARTESIAN_POINT('',(87.03258300203,-0.1,146.16031021678));
#3701 = VECTOR('',#3702,1.);
#3702 = DIRECTION('',(0.,1.,0.));
#3703 = ORIENTED_EDGE('',*,*,#3704,.F.);
#3704 = EDGE_CURVE('',#3688,#3697,#3705,.T.);
#3705 = LINE('',#3706,#3707);
#3706 = CARTESIAN_POINT('',(90.21456351737,0.6,142.97832970144));
#3707 = VECTOR('',#3708,1.);
#3708 = DIRECTION('',(-0.707106781187,0.,0.707106781187));
#3709 = PLANE('',#3710);
#3710 = AXIS2_PLACEMENT_3D('',#3711,#3712,#3713);
#3711 = CARTESIAN_POINT('',(90.21456351737,-0.1,142.97832970144));
#3712 = DIRECTION('',(-0.707106781187,0.,-0.707106781187));
#3713 = DIRECTION('',(-0.707106781187,0.,0.707106781187));
#3714 = ADVANCED_FACE('',(#3715),#3733,.T.);
#3715 = FACE_BOUND('',#3716,.T.);
#3716 = EDGE_LOOP('',(#3717,#3718,#3719,#3727));
#3717 = ORIENTED_EDGE('',*,*,#3687,.F.);
#3718 = ORIENTED_EDGE('',*,*,#1948,.T.);
#3719 = ORIENTED_EDGE('',*,*,#3720,.T.);
#3720 = EDGE_CURVE('',#1949,#3721,#3723,.T.);
#3721 = VERTEX_POINT('',#3722);
#3722 = CARTESIAN_POINT('',(90.921670298556,0.6,143.68543648263));
#3723 = LINE('',#3724,#3725);
#3724 = CARTESIAN_POINT('',(90.921670298556,-0.1,143.68543648263));
#3725 = VECTOR('',#3726,1.);
#3726 = DIRECTION('',(0.,1.,0.));
#3727 = ORIENTED_EDGE('',*,*,#3728,.T.);
#3728 = EDGE_CURVE('',#3721,#3688,#3729,.T.);
#3729 = LINE('',#3730,#3731);
#3730 = CARTESIAN_POINT('',(90.921670298556,0.6,143.68543648263));
#3731 = VECTOR('',#3732,1.);
#3732 = DIRECTION('',(-0.707106781187,0.,-0.707106781187));
#3733 = PLANE('',#3734);
#3734 = AXIS2_PLACEMENT_3D('',#3735,#3736,#3737);
#3735 = CARTESIAN_POINT('',(90.921670298556,-0.1,143.68543648263));
#3736 = DIRECTION('',(-0.707106781187,0.,0.707106781187));
#3737 = DIRECTION('',(-0.707106781187,0.,-0.707106781187));
#3738 = ADVANCED_FACE('',(#3739),#3757,.F.);
#3739 = FACE_BOUND('',#3740,.F.);
#3740 = EDGE_LOOP('',(#3741,#3742,#3743,#3751));
#3741 = ORIENTED_EDGE('',*,*,#3696,.F.);
#3742 = ORIENTED_EDGE('',*,*,#1964,.T.);
#3743 = ORIENTED_EDGE('',*,*,#3744,.T.);
#3744 = EDGE_CURVE('',#1957,#3745,#3747,.T.);
#3745 = VERTEX_POINT('',#3746);
#3746 = CARTESIAN_POINT('',(87.739689783217,0.6,146.86741699796));
#3747 = LINE('',#3748,#3749);
#3748 = CARTESIAN_POINT('',(87.739689783217,-0.1,146.86741699796));
#3749 = VECTOR('',#3750,1.);
#3750 = DIRECTION('',(0.,1.,0.));
#3751 = ORIENTED_EDGE('',*,*,#3752,.T.);
#3752 = EDGE_CURVE('',#3745,#3697,#3753,.T.);
#3753 = LINE('',#3754,#3755);
#3754 = CARTESIAN_POINT('',(87.739689783217,0.6,146.86741699796));
#3755 = VECTOR('',#3756,1.);
#3756 = DIRECTION('',(-0.707106781187,0.,-0.707106781187));
#3757 = PLANE('',#3758);
#3758 = AXIS2_PLACEMENT_3D('',#3759,#3760,#3761);
#3759 = CARTESIAN_POINT('',(87.739689783217,-0.1,146.86741699796));
#3760 = DIRECTION('',(-0.707106781187,0.,0.707106781187));
#3761 = DIRECTION('',(-0.707106781187,0.,-0.707106781187));
#3762 = ADVANCED_FACE('',(#3763),#3774,.T.);
#3763 = FACE_BOUND('',#3764,.T.);
#3764 = EDGE_LOOP('',(#3765,#3766,#3767,#3768));
#3765 = ORIENTED_EDGE('',*,*,#3720,.F.);
#3766 = ORIENTED_EDGE('',*,*,#1956,.T.);
#3767 = ORIENTED_EDGE('',*,*,#3744,.T.);
#3768 = ORIENTED_EDGE('',*,*,#3769,.F.);
#3769 = EDGE_CURVE('',#3721,#3745,#3770,.T.);
#3770 = LINE('',#3771,#3772);
#3771 = CARTESIAN_POINT('',(90.921670298556,0.6,143.68543648263));
#3772 = VECTOR('',#3773,1.);
#3773 = DIRECTION('',(-0.707106781187,0.,0.707106781187));
#3774 = PLANE('',#3775);
#3775 = AXIS2_PLACEMENT_3D('',#3776,#3777,#3778);
#3776 = CARTESIAN_POINT('',(90.921670298556,-0.1,143.68543648263));
#3777 = DIRECTION('',(-0.707106781187,0.,-0.707106781187));
#3778 = DIRECTION('',(-0.707106781187,0.,0.707106781187));
#3779 = ADVANCED_FACE('',(#3780),#3799,.F.);
#3780 = FACE_BOUND('',#3781,.F.);
#3781 = EDGE_LOOP('',(#3782,#3791,#3797,#3798));
#3782 = ORIENTED_EDGE('',*,*,#3783,.F.);
#3783 = EDGE_CURVE('',#3784,#3784,#3786,.T.);
#3784 = VERTEX_POINT('',#3785);
#3785 = CARTESIAN_POINT('',(109.66,2.25,127.89));
#3786 = CIRCLE('',#3787,3.65);
#3787 = AXIS2_PLACEMENT_3D('',#3788,#3789,#3790);
#3788 = CARTESIAN_POINT('',(109.66,2.25,124.24));
#3789 = DIRECTION('',(0.,1.,0.));
#3790 = DIRECTION('',(0.,-0.,1.));
#3791 = ORIENTED_EDGE('',*,*,#3792,.F.);
#3792 = EDGE_CURVE('',#1973,#3784,#3793,.T.);
#3793 = LINE('',#3794,#3795);
#3794 = CARTESIAN_POINT('',(109.66,-2.,127.89));
#3795 = VECTOR('',#3796,1.);
#3796 = DIRECTION('',(0.,1.,0.));
#3797 = ORIENTED_EDGE('',*,*,#1972,.T.);
#3798 = ORIENTED_EDGE('',*,*,#3792,.T.);
#3799 = CYLINDRICAL_SURFACE('',#3800,3.65);
#3800 = AXIS2_PLACEMENT_3D('',#3801,#3802,#3803);
#3801 = CARTESIAN_POINT('',(109.66,-2.,124.24));
#3802 = DIRECTION('',(0.,1.,0.));
#3803 = DIRECTION('',(0.,-0.,1.));
#3804 = ADVANCED_FACE('',(#3805),#3830,.F.);
#3805 = FACE_BOUND('',#3806,.F.);
#3806 = EDGE_LOOP('',(#3807,#3815,#3816,#3824));
#3807 = ORIENTED_EDGE('',*,*,#3808,.F.);
#3808 = EDGE_CURVE('',#1984,#3809,#3811,.T.);
#3809 = VERTEX_POINT('',#3810);
#3810 = CARTESIAN_POINT('',(95.726987298108,0.6,147.37268590218));
#3811 = LINE('',#3812,#3813);
#3812 = CARTESIAN_POINT('',(95.726987298108,-1.E-01,147.37268590218));
#3813 = VECTOR('',#3814,1.);
#3814 = DIRECTION('',(0.,1.,0.));
#3815 = ORIENTED_EDGE('',*,*,#1983,.T.);
#3816 = ORIENTED_EDGE('',*,*,#3817,.T.);
#3817 = EDGE_CURVE('',#1986,#3818,#3820,.T.);
#3818 = VERTEX_POINT('',#3819);
#3819 = CARTESIAN_POINT('',(93.476987298108,0.6,151.26980021921));
#3820 = LINE('',#3821,#3822);
#3821 = CARTESIAN_POINT('',(93.476987298108,-1.E-01,151.26980021921));
#3822 = VECTOR('',#3823,1.);
#3823 = DIRECTION('',(0.,1.,0.));
#3824 = ORIENTED_EDGE('',*,*,#3825,.F.);
#3825 = EDGE_CURVE('',#3809,#3818,#3826,.T.);
#3826 = LINE('',#3827,#3828);
#3827 = CARTESIAN_POINT('',(95.726987298108,0.6,147.37268590218));
#3828 = VECTOR('',#3829,1.);
#3829 = DIRECTION('',(-0.5,0.,0.866025403784));
#3830 = PLANE('',#3831);
#3831 = AXIS2_PLACEMENT_3D('',#3832,#3833,#3834);
#3832 = CARTESIAN_POINT('',(95.726987298108,-1.E-01,147.37268590218));
#3833 = DIRECTION('',(-0.866025403784,0.,-0.5));
#3834 = DIRECTION('',(-0.5,0.,0.866025403784));
#3835 = ADVANCED_FACE('',(#3836),#3854,.T.);
#3836 = FACE_BOUND('',#3837,.T.);
#3837 = EDGE_LOOP('',(#3838,#3839,#3840,#3848));
#3838 = ORIENTED_EDGE('',*,*,#3808,.F.);
#3839 = ORIENTED_EDGE('',*,*,#1993,.T.);
#3840 = ORIENTED_EDGE('',*,*,#3841,.T.);
#3841 = EDGE_CURVE('',#1994,#3842,#3844,.T.);
#3842 = VERTEX_POINT('',#3843);
#3843 = CARTESIAN_POINT('',(96.593012701892,0.6,147.87268590218));
#3844 = LINE('',#3845,#3846);
#3845 = CARTESIAN_POINT('',(96.593012701892,-1.E-01,147.87268590218));
#3846 = VECTOR('',#3847,1.);
#3847 = DIRECTION('',(0.,1.,0.));
#3848 = ORIENTED_EDGE('',*,*,#3849,.T.);
#3849 = EDGE_CURVE('',#3842,#3809,#3850,.T.);
#3850 = LINE('',#3851,#3852);
#3851 = CARTESIAN_POINT('',(96.593012701892,0.6,147.87268590218));
#3852 = VECTOR('',#3853,1.);
#3853 = DIRECTION('',(-0.866025403784,0.,-0.5));
#3854 = PLANE('',#3855);
#3855 = AXIS2_PLACEMENT_3D('',#3856,#3857,#3858);
#3856 = CARTESIAN_POINT('',(96.593012701892,-1.E-01,147.87268590218));
#3857 = DIRECTION('',(-0.5,0.,0.866025403784));
#3858 = DIRECTION('',(-0.866025403784,0.,-0.5));
#3859 = ADVANCED_FACE('',(#3860),#3878,.F.);
#3860 = FACE_BOUND('',#3861,.F.);
#3861 = EDGE_LOOP('',(#3862,#3863,#3864,#3872));
#3862 = ORIENTED_EDGE('',*,*,#3817,.F.);
#3863 = ORIENTED_EDGE('',*,*,#2009,.T.);
#3864 = ORIENTED_EDGE('',*,*,#3865,.T.);
#3865 = EDGE_CURVE('',#2002,#3866,#3868,.T.);
#3866 = VERTEX_POINT('',#3867);
#3867 = CARTESIAN_POINT('',(94.343012701892,0.6,151.76980021921));
#3868 = LINE('',#3869,#3870);
#3869 = CARTESIAN_POINT('',(94.343012701892,-1.E-01,151.76980021921));
#3870 = VECTOR('',#3871,1.);
#3871 = DIRECTION('',(0.,1.,0.));
#3872 = ORIENTED_EDGE('',*,*,#3873,.T.);
#3873 = EDGE_CURVE('',#3866,#3818,#3874,.T.);
#3874 = LINE('',#3875,#3876);
#3875 = CARTESIAN_POINT('',(94.343012701892,0.6,151.76980021921));
#3876 = VECTOR('',#3877,1.);
#3877 = DIRECTION('',(-0.866025403784,0.,-0.5));
#3878 = PLANE('',#3879);
#3879 = AXIS2_PLACEMENT_3D('',#3880,#3881,#3882);
#3880 = CARTESIAN_POINT('',(94.343012701892,-1.E-01,151.76980021921));
#3881 = DIRECTION('',(-0.5,0.,0.866025403784));
#3882 = DIRECTION('',(-0.866025403784,0.,-0.5));
#3883 = ADVANCED_FACE('',(#3884),#3895,.T.);
#3884 = FACE_BOUND('',#3885,.T.);
#3885 = EDGE_LOOP('',(#3886,#3887,#3888,#3889));
#3886 = ORIENTED_EDGE('',*,*,#3841,.F.);
#3887 = ORIENTED_EDGE('',*,*,#2001,.T.);
#3888 = ORIENTED_EDGE('',*,*,#3865,.T.);
#3889 = ORIENTED_EDGE('',*,*,#3890,.F.);
#3890 = EDGE_CURVE('',#3842,#3866,#3891,.T.);
#3891 = LINE('',#3892,#3893);
#3892 = CARTESIAN_POINT('',(96.593012701892,0.6,147.87268590218));
#3893 = VECTOR('',#3894,1.);
#3894 = DIRECTION('',(-0.5,0.,0.866025403784));
#3895 = PLANE('',#3896);
#3896 = AXIS2_PLACEMENT_3D('',#3897,#3898,#3899);
#3897 = CARTESIAN_POINT('',(96.593012701892,-1.E-01,147.87268590218));
#3898 = DIRECTION('',(-0.866025403784,0.,-0.5));
#3899 = DIRECTION('',(-0.5,0.,0.866025403784));
#3900 = ADVANCED_FACE('',(#3901),#3926,.F.);
#3901 = FACE_BOUND('',#3902,.F.);
#3902 = EDGE_LOOP('',(#3903,#3911,#3912,#3920));
#3903 = ORIENTED_EDGE('',*,*,#3904,.F.);
#3904 = EDGE_CURVE('',#2018,#3905,#3907,.T.);
#3905 = VERTEX_POINT('',#3906);
#3906 = CARTESIAN_POINT('',(102.18892286908,0.6,150.19058778725));
#3907 = LINE('',#3908,#3909);
#3908 = CARTESIAN_POINT('',(102.18892286908,-1.E-01,150.19058778725));
#3909 = VECTOR('',#3910,1.);
#3910 = DIRECTION('',(0.,1.,0.));
#3911 = ORIENTED_EDGE('',*,*,#2017,.T.);
#3912 = ORIENTED_EDGE('',*,*,#3913,.T.);
#3913 = EDGE_CURVE('',#2020,#3914,#3916,.T.);
#3914 = VERTEX_POINT('',#3915);
#3915 = CARTESIAN_POINT('',(101.02423716612,0.6,154.53725400555));
#3916 = LINE('',#3917,#3918);
#3917 = CARTESIAN_POINT('',(101.02423716612,-1.E-01,154.53725400555));
#3918 = VECTOR('',#3919,1.);
#3919 = DIRECTION('',(0.,1.,0.));
#3920 = ORIENTED_EDGE('',*,*,#3921,.F.);
#3921 = EDGE_CURVE('',#3905,#3914,#3922,.T.);
#3922 = LINE('',#3923,#3924);
#3923 = CARTESIAN_POINT('',(102.18892286908,0.6,150.19058778725));
#3924 = VECTOR('',#3925,1.);
#3925 = DIRECTION('',(-0.258819045103,0.,0.965925826289));
#3926 = PLANE('',#3927);
#3927 = AXIS2_PLACEMENT_3D('',#3928,#3929,#3930);
#3928 = CARTESIAN_POINT('',(102.18892286908,-1.E-01,150.19058778725));
#3929 = DIRECTION('',(-0.965925826289,0.,-0.258819045103));
#3930 = DIRECTION('',(-0.258819045103,0.,0.965925826289));
#3931 = ADVANCED_FACE('',(#3932),#3950,.T.);
#3932 = FACE_BOUND('',#3933,.T.);
#3933 = EDGE_LOOP('',(#3934,#3935,#3936,#3944));
#3934 = ORIENTED_EDGE('',*,*,#3904,.F.);
#3935 = ORIENTED_EDGE('',*,*,#2027,.T.);
#3936 = ORIENTED_EDGE('',*,*,#3937,.T.);
#3937 = EDGE_CURVE('',#2028,#3938,#3940,.T.);
#3938 = VERTEX_POINT('',#3939);
#3939 = CARTESIAN_POINT('',(103.15484869537,0.6,150.44940683235));
#3940 = LINE('',#3941,#3942);
#3941 = CARTESIAN_POINT('',(103.15484869537,-1.E-01,150.44940683235));
#3942 = VECTOR('',#3943,1.);
#3943 = DIRECTION('',(0.,1.,0.));
#3944 = ORIENTED_EDGE('',*,*,#3945,.T.);
#3945 = EDGE_CURVE('',#3938,#3905,#3946,.T.);
#3946 = LINE('',#3947,#3948);
#3947 = CARTESIAN_POINT('',(103.15484869537,0.6,150.44940683235));
#3948 = VECTOR('',#3949,1.);
#3949 = DIRECTION('',(-0.965925826289,0.,-0.258819045103));
#3950 = PLANE('',#3951);
#3951 = AXIS2_PLACEMENT_3D('',#3952,#3953,#3954);
#3952 = CARTESIAN_POINT('',(103.15484869537,-1.E-01,150.44940683235));
#3953 = DIRECTION('',(-0.258819045103,0.,0.965925826289));
#3954 = DIRECTION('',(-0.965925826289,0.,-0.258819045103));
#3955 = ADVANCED_FACE('',(#3956),#3974,.F.);
#3956 = FACE_BOUND('',#3957,.F.);
#3957 = EDGE_LOOP('',(#3958,#3959,#3960,#3968));
#3958 = ORIENTED_EDGE('',*,*,#3913,.F.);
#3959 = ORIENTED_EDGE('',*,*,#2043,.T.);
#3960 = ORIENTED_EDGE('',*,*,#3961,.T.);
#3961 = EDGE_CURVE('',#2036,#3962,#3964,.T.);
#3962 = VERTEX_POINT('',#3963);
#3963 = CARTESIAN_POINT('',(101.99016299241,0.6,154.79607305065));
#3964 = LINE('',#3965,#3966);
#3965 = CARTESIAN_POINT('',(101.99016299241,-1.E-01,154.79607305065));
#3966 = VECTOR('',#3967,1.);
#3967 = DIRECTION('',(0.,1.,0.));
#3968 = ORIENTED_EDGE('',*,*,#3969,.T.);
#3969 = EDGE_CURVE('',#3962,#3914,#3970,.T.);
#3970 = LINE('',#3971,#3972);
#3971 = CARTESIAN_POINT('',(101.99016299241,0.6,154.79607305065));
#3972 = VECTOR('',#3973,1.);
#3973 = DIRECTION('',(-0.965925826289,0.,-0.258819045103));
#3974 = PLANE('',#3975);
#3975 = AXIS2_PLACEMENT_3D('',#3976,#3977,#3978);
#3976 = CARTESIAN_POINT('',(101.99016299241,-1.E-01,154.79607305065));
#3977 = DIRECTION('',(-0.258819045103,0.,0.965925826289));
#3978 = DIRECTION('',(-0.965925826289,0.,-0.258819045103));
#3979 = ADVANCED_FACE('',(#3980),#3991,.T.);
#3980 = FACE_BOUND('',#3981,.T.);
#3981 = EDGE_LOOP('',(#3982,#3983,#3984,#3985));
#3982 = ORIENTED_EDGE('',*,*,#3937,.F.);
#3983 = ORIENTED_EDGE('',*,*,#2035,.T.);
#3984 = ORIENTED_EDGE('',*,*,#3961,.T.);
#3985 = ORIENTED_EDGE('',*,*,#3986,.F.);
#3986 = EDGE_CURVE('',#3938,#3962,#3987,.T.);
#3987 = LINE('',#3988,#3989);
#3988 = CARTESIAN_POINT('',(103.15484869537,0.6,150.44940683235));
#3989 = VECTOR('',#3990,1.);
#3990 = DIRECTION('',(-0.258819045103,0.,0.965925826289));
#3991 = PLANE('',#3992);
#3992 = AXIS2_PLACEMENT_3D('',#3993,#3994,#3995);
#3993 = CARTESIAN_POINT('',(103.15484869537,-1.E-01,150.44940683235));
#3994 = DIRECTION('',(-0.965925826289,0.,-0.258819045103));
#3995 = DIRECTION('',(-0.258819045103,0.,0.965925826289));
#3996 = ADVANCED_FACE('',(#3997),#4022,.F.);
#3997 = FACE_BOUND('',#3998,.F.);
#3998 = EDGE_LOOP('',(#3999,#4007,#4008,#4016));
#3999 = ORIENTED_EDGE('',*,*,#4000,.F.);
#4000 = EDGE_CURVE('',#2052,#4001,#4003,.T.);
#4001 = VERTEX_POINT('',#4002);
#4002 = CARTESIAN_POINT('',(109.16,0.6,151.24));
#4003 = LINE('',#4004,#4005);
#4004 = CARTESIAN_POINT('',(109.16,-1.E-01,151.24));
#4005 = VECTOR('',#4006,1.);
#4006 = DIRECTION('',(0.,1.,0.));
#4007 = ORIENTED_EDGE('',*,*,#2051,.T.);
#4008 = ORIENTED_EDGE('',*,*,#4009,.T.);
#4009 = EDGE_CURVE('',#2054,#4010,#4012,.T.);
#4010 = VERTEX_POINT('',#4011);
#4011 = CARTESIAN_POINT('',(109.16,0.6,155.74));
#4012 = LINE('',#4013,#4014);
#4013 = CARTESIAN_POINT('',(109.16,-1.E-01,155.74));
#4014 = VECTOR('',#4015,1.);
#4015 = DIRECTION('',(0.,1.,0.));
#4016 = ORIENTED_EDGE('',*,*,#4017,.F.);
#4017 = EDGE_CURVE('',#4001,#4010,#4018,.T.);
#4018 = LINE('',#4019,#4020);
#4019 = CARTESIAN_POINT('',(109.16,0.6,151.24));
#4020 = VECTOR('',#4021,1.);
#4021 = DIRECTION('',(-2.22044604925E-16,0.,1.));
#4022 = PLANE('',#4023);
#4023 = AXIS2_PLACEMENT_3D('',#4024,#4025,#4026);
#4024 = CARTESIAN_POINT('',(109.16,-1.E-01,151.24));
#4025 = DIRECTION('',(-1.,0.,-2.22044604925E-16));
#4026 = DIRECTION('',(-2.22044604925E-16,0.,1.));
#4027 = ADVANCED_FACE('',(#4028),#4046,.T.);
#4028 = FACE_BOUND('',#4029,.T.);
#4029 = EDGE_LOOP('',(#4030,#4031,#4032,#4040));
#4030 = ORIENTED_EDGE('',*,*,#4000,.F.);
#4031 = ORIENTED_EDGE('',*,*,#2061,.T.);
#4032 = ORIENTED_EDGE('',*,*,#4033,.T.);
#4033 = EDGE_CURVE('',#2062,#4034,#4036,.T.);
#4034 = VERTEX_POINT('',#4035);
#4035 = CARTESIAN_POINT('',(110.16,0.6,151.24));
#4036 = LINE('',#4037,#4038);
#4037 = CARTESIAN_POINT('',(110.16,-1.E-01,151.24));
#4038 = VECTOR('',#4039,1.);
#4039 = DIRECTION('',(0.,1.,0.));
#4040 = ORIENTED_EDGE('',*,*,#4041,.T.);
#4041 = EDGE_CURVE('',#4034,#4001,#4042,.T.);
#4042 = LINE('',#4043,#4044);
#4043 = CARTESIAN_POINT('',(110.16,0.6,151.24));
#4044 = VECTOR('',#4045,1.);
#4045 = DIRECTION('',(-1.,0.,-2.22044604925E-16));
#4046 = PLANE('',#4047);
#4047 = AXIS2_PLACEMENT_3D('',#4048,#4049,#4050);
#4048 = CARTESIAN_POINT('',(110.16,-1.E-01,151.24));
#4049 = DIRECTION('',(-2.22044604925E-16,0.,1.));
#4050 = DIRECTION('',(-1.,0.,-2.22044604925E-16));
#4051 = ADVANCED_FACE('',(#4052),#4070,.F.);
#4052 = FACE_BOUND('',#4053,.F.);
#4053 = EDGE_LOOP('',(#4054,#4055,#4056,#4064));
#4054 = ORIENTED_EDGE('',*,*,#4009,.F.);
#4055 = ORIENTED_EDGE('',*,*,#2077,.T.);
#4056 = ORIENTED_EDGE('',*,*,#4057,.T.);
#4057 = EDGE_CURVE('',#2070,#4058,#4060,.T.);
#4058 = VERTEX_POINT('',#4059);
#4059 = CARTESIAN_POINT('',(110.16,0.6,155.74));
#4060 = LINE('',#4061,#4062);
#4061 = CARTESIAN_POINT('',(110.16,-1.E-01,155.74));
#4062 = VECTOR('',#4063,1.);
#4063 = DIRECTION('',(0.,1.,0.));
#4064 = ORIENTED_EDGE('',*,*,#4065,.T.);
#4065 = EDGE_CURVE('',#4058,#4010,#4066,.T.);
#4066 = LINE('',#4067,#4068);
#4067 = CARTESIAN_POINT('',(110.16,0.6,155.74));
#4068 = VECTOR('',#4069,1.);
#4069 = DIRECTION('',(-1.,0.,-2.22044604925E-16));
#4070 = PLANE('',#4071);
#4071 = AXIS2_PLACEMENT_3D('',#4072,#4073,#4074);
#4072 = CARTESIAN_POINT('',(110.16,-1.E-01,155.74));
#4073 = DIRECTION('',(-2.22044604925E-16,0.,1.));
#4074 = DIRECTION('',(-1.,0.,-2.22044604925E-16));
#4075 = ADVANCED_FACE('',(#4076),#4087,.T.);
#4076 = FACE_BOUND('',#4077,.T.);
#4077 = EDGE_LOOP('',(#4078,#4079,#4080,#4081));
#4078 = ORIENTED_EDGE('',*,*,#4033,.F.);
#4079 = ORIENTED_EDGE('',*,*,#2069,.T.);
#4080 = ORIENTED_EDGE('',*,*,#4057,.T.);
#4081 = ORIENTED_EDGE('',*,*,#4082,.F.);
#4082 = EDGE_CURVE('',#4034,#4058,#4083,.T.);
#4083 = LINE('',#4084,#4085);
#4084 = CARTESIAN_POINT('',(110.16,0.6,151.24));
#4085 = VECTOR('',#4086,1.);
#4086 = DIRECTION('',(-2.22044604925E-16,0.,1.));
#4087 = PLANE('',#4088);
#4088 = AXIS2_PLACEMENT_3D('',#4089,#4090,#4091);
#4089 = CARTESIAN_POINT('',(110.16,-1.E-01,151.24));
#4090 = DIRECTION('',(-1.,0.,-2.22044604925E-16));
#4091 = DIRECTION('',(-2.22044604925E-16,0.,1.));
#4092 = ADVANCED_FACE('',(#4093),#4118,.F.);
#4093 = FACE_BOUND('',#4094,.F.);
#4094 = EDGE_LOOP('',(#4095,#4103,#4104,#4112));
#4095 = ORIENTED_EDGE('',*,*,#4096,.F.);
#4096 = EDGE_CURVE('',#2086,#4097,#4099,.T.);
#4097 = VERTEX_POINT('',#4098);
#4098 = CARTESIAN_POINT('',(117.13107713091,0.6,98.289412212746));
#4099 = LINE('',#4100,#4101);
#4100 = CARTESIAN_POINT('',(117.13107713091,-1.E-01,98.289412212746));
#4101 = VECTOR('',#4102,1.);
#4102 = DIRECTION('',(0.,1.,0.));
#4103 = ORIENTED_EDGE('',*,*,#2085,.T.);
#4104 = ORIENTED_EDGE('',*,*,#4105,.T.);
#4105 = EDGE_CURVE('',#2088,#4106,#4108,.T.);
#4106 = VERTEX_POINT('',#4107);
#4107 = CARTESIAN_POINT('',(118.29576283387,0.6,93.942745994446));
#4108 = LINE('',#4109,#4110);
#4109 = CARTESIAN_POINT('',(118.29576283387,-1.E-01,93.942745994446));
#4110 = VECTOR('',#4111,1.);
#4111 = DIRECTION('',(0.,1.,0.));
#4112 = ORIENTED_EDGE('',*,*,#4113,.F.);
#4113 = EDGE_CURVE('',#4097,#4106,#4114,.T.);
#4114 = LINE('',#4115,#4116);
#4115 = CARTESIAN_POINT('',(117.13107713091,0.6,98.289412212746));
#4116 = VECTOR('',#4117,1.);
#4117 = DIRECTION('',(0.258819045103,0.,-0.965925826289));
#4118 = PLANE('',#4119);
#4119 = AXIS2_PLACEMENT_3D('',#4120,#4121,#4122);
#4120 = CARTESIAN_POINT('',(117.13107713091,-1.E-01,98.289412212746));
#4121 = DIRECTION('',(0.965925826289,0.,0.258819045103));
#4122 = DIRECTION('',(0.258819045103,0.,-0.965925826289));
#4123 = ADVANCED_FACE('',(#4124),#4142,.T.);
#4124 = FACE_BOUND('',#4125,.T.);
#4125 = EDGE_LOOP('',(#4126,#4127,#4128,#4136));
#4126 = ORIENTED_EDGE('',*,*,#4096,.F.);
#4127 = ORIENTED_EDGE('',*,*,#2095,.T.);
#4128 = ORIENTED_EDGE('',*,*,#4129,.T.);
#4129 = EDGE_CURVE('',#2096,#4130,#4132,.T.);
#4130 = VERTEX_POINT('',#4131);
#4131 = CARTESIAN_POINT('',(116.16515130462,0.6,98.030593167644));
#4132 = LINE('',#4133,#4134);
#4133 = CARTESIAN_POINT('',(116.16515130462,-1.E-01,98.030593167644));
#4134 = VECTOR('',#4135,1.);
#4135 = DIRECTION('',(0.,1.,0.));
#4136 = ORIENTED_EDGE('',*,*,#4137,.T.);
#4137 = EDGE_CURVE('',#4130,#4097,#4138,.T.);
#4138 = LINE('',#4139,#4140);
#4139 = CARTESIAN_POINT('',(116.16515130462,0.6,98.030593167644));
#4140 = VECTOR('',#4141,1.);
#4141 = DIRECTION('',(0.965925826289,0.,0.258819045103));
#4142 = PLANE('',#4143);
#4143 = AXIS2_PLACEMENT_3D('',#4144,#4145,#4146);
#4144 = CARTESIAN_POINT('',(116.16515130462,-1.E-01,98.030593167644));
#4145 = DIRECTION('',(0.258819045103,0.,-0.965925826289));
#4146 = DIRECTION('',(0.965925826289,0.,0.258819045103));
#4147 = ADVANCED_FACE('',(#4148),#4166,.F.);
#4148 = FACE_BOUND('',#4149,.F.);
#4149 = EDGE_LOOP('',(#4150,#4151,#4152,#4160));
#4150 = ORIENTED_EDGE('',*,*,#4105,.F.);
#4151 = ORIENTED_EDGE('',*,*,#2111,.T.);
#4152 = ORIENTED_EDGE('',*,*,#4153,.T.);
#4153 = EDGE_CURVE('',#2104,#4154,#4156,.T.);
#4154 = VERTEX_POINT('',#4155);
#4155 = CARTESIAN_POINT('',(117.32983700758,0.6,93.683926949343));
#4156 = LINE('',#4157,#4158);
#4157 = CARTESIAN_POINT('',(117.32983700758,-1.E-01,93.683926949343));
#4158 = VECTOR('',#4159,1.);
#4159 = DIRECTION('',(0.,1.,0.));
#4160 = ORIENTED_EDGE('',*,*,#4161,.T.);
#4161 = EDGE_CURVE('',#4154,#4106,#4162,.T.);
#4162 = LINE('',#4163,#4164);
#4163 = CARTESIAN_POINT('',(117.32983700758,0.6,93.683926949343));
#4164 = VECTOR('',#4165,1.);
#4165 = DIRECTION('',(0.965925826289,0.,0.258819045103));
#4166 = PLANE('',#4167);
#4167 = AXIS2_PLACEMENT_3D('',#4168,#4169,#4170);
#4168 = CARTESIAN_POINT('',(117.32983700758,-1.E-01,93.683926949343));
#4169 = DIRECTION('',(0.258819045103,0.,-0.965925826289));
#4170 = DIRECTION('',(0.965925826289,0.,0.258819045103));
#4171 = ADVANCED_FACE('',(#4172),#4183,.T.);
#4172 = FACE_BOUND('',#4173,.T.);
#4173 = EDGE_LOOP('',(#4174,#4175,#4176,#4177));
#4174 = ORIENTED_EDGE('',*,*,#4129,.F.);
#4175 = ORIENTED_EDGE('',*,*,#2103,.T.);
#4176 = ORIENTED_EDGE('',*,*,#4153,.T.);
#4177 = ORIENTED_EDGE('',*,*,#4178,.F.);
#4178 = EDGE_CURVE('',#4130,#4154,#4179,.T.);
#4179 = LINE('',#4180,#4181);
#4180 = CARTESIAN_POINT('',(116.16515130462,0.6,98.030593167644));
#4181 = VECTOR('',#4182,1.);
#4182 = DIRECTION('',(0.258819045103,0.,-0.965925826289));
#4183 = PLANE('',#4184);
#4184 = AXIS2_PLACEMENT_3D('',#4185,#4186,#4187);
#4185 = CARTESIAN_POINT('',(116.16515130462,-1.E-01,98.030593167644));
#4186 = DIRECTION('',(0.965925826289,0.,0.258819045103));
#4187 = DIRECTION('',(0.258819045103,0.,-0.965925826289));
#4188 = ADVANCED_FACE('',(#4189),#4214,.F.);
#4189 = FACE_BOUND('',#4190,.F.);
#4190 = EDGE_LOOP('',(#4191,#4199,#4200,#4208));
#4191 = ORIENTED_EDGE('',*,*,#4192,.F.);
#4192 = EDGE_CURVE('',#2120,#4193,#4195,.T.);
#4193 = VERTEX_POINT('',#4194);
#4194 = CARTESIAN_POINT('',(123.59301270189,0.6,101.10731409782));
#4195 = LINE('',#4196,#4197);
#4196 = CARTESIAN_POINT('',(123.59301270189,-1.E-01,101.10731409782));
#4197 = VECTOR('',#4198,1.);
#4198 = DIRECTION('',(0.,1.,0.));
#4199 = ORIENTED_EDGE('',*,*,#2119,.T.);
#4200 = ORIENTED_EDGE('',*,*,#4201,.T.);
#4201 = EDGE_CURVE('',#2122,#4202,#4204,.T.);
#4202 = VERTEX_POINT('',#4203);
#4203 = CARTESIAN_POINT('',(125.84301270189,0.6,97.21019978079));
#4204 = LINE('',#4205,#4206);
#4205 = CARTESIAN_POINT('',(125.84301270189,-1.E-01,97.21019978079));
#4206 = VECTOR('',#4207,1.);
#4207 = DIRECTION('',(0.,1.,0.));
#4208 = ORIENTED_EDGE('',*,*,#4209,.F.);
#4209 = EDGE_CURVE('',#4193,#4202,#4210,.T.);
#4210 = LINE('',#4211,#4212);
#4211 = CARTESIAN_POINT('',(123.59301270189,0.6,101.10731409782));
#4212 = VECTOR('',#4213,1.);
#4213 = DIRECTION('',(0.5,0.,-0.866025403784));
#4214 = PLANE('',#4215);
#4215 = AXIS2_PLACEMENT_3D('',#4216,#4217,#4218);
#4216 = CARTESIAN_POINT('',(123.59301270189,-1.E-01,101.10731409782));
#4217 = DIRECTION('',(0.866025403784,0.,0.5));
#4218 = DIRECTION('',(0.5,0.,-0.866025403784));
#4219 = ADVANCED_FACE('',(#4220),#4238,.T.);
#4220 = FACE_BOUND('',#4221,.T.);
#4221 = EDGE_LOOP('',(#4222,#4223,#4224,#4232));
#4222 = ORIENTED_EDGE('',*,*,#4192,.F.);
#4223 = ORIENTED_EDGE('',*,*,#2129,.T.);
#4224 = ORIENTED_EDGE('',*,*,#4225,.T.);
#4225 = EDGE_CURVE('',#2130,#4226,#4228,.T.);
#4226 = VERTEX_POINT('',#4227);
#4227 = CARTESIAN_POINT('',(122.7269872981,0.6,100.60731409782));
#4228 = LINE('',#4229,#4230);
#4229 = CARTESIAN_POINT('',(122.7269872981,-1.E-01,100.60731409782));
#4230 = VECTOR('',#4231,1.);
#4231 = DIRECTION('',(0.,1.,0.));
#4232 = ORIENTED_EDGE('',*,*,#4233,.T.);
#4233 = EDGE_CURVE('',#4226,#4193,#4234,.T.);
#4234 = LINE('',#4235,#4236);
#4235 = CARTESIAN_POINT('',(122.7269872981,0.6,100.60731409782));
#4236 = VECTOR('',#4237,1.);
#4237 = DIRECTION('',(0.866025403784,0.,0.5));
#4238 = PLANE('',#4239);
#4239 = AXIS2_PLACEMENT_3D('',#4240,#4241,#4242);
#4240 = CARTESIAN_POINT('',(122.7269872981,-1.E-01,100.60731409782));
#4241 = DIRECTION('',(0.5,0.,-0.866025403784));
#4242 = DIRECTION('',(0.866025403784,0.,0.5));
#4243 = ADVANCED_FACE('',(#4244),#4262,.F.);
#4244 = FACE_BOUND('',#4245,.F.);
#4245 = EDGE_LOOP('',(#4246,#4247,#4248,#4256));
#4246 = ORIENTED_EDGE('',*,*,#4201,.F.);
#4247 = ORIENTED_EDGE('',*,*,#2145,.T.);
#4248 = ORIENTED_EDGE('',*,*,#4249,.T.);
#4249 = EDGE_CURVE('',#2138,#4250,#4252,.T.);
#4250 = VERTEX_POINT('',#4251);
#4251 = CARTESIAN_POINT('',(124.9769872981,0.6,96.71019978079));
#4252 = LINE('',#4253,#4254);
#4253 = CARTESIAN_POINT('',(124.9769872981,-1.E-01,96.71019978079));
#4254 = VECTOR('',#4255,1.);
#4255 = DIRECTION('',(0.,1.,0.));
#4256 = ORIENTED_EDGE('',*,*,#4257,.T.);
#4257 = EDGE_CURVE('',#4250,#4202,#4258,.T.);
#4258 = LINE('',#4259,#4260);
#4259 = CARTESIAN_POINT('',(124.9769872981,0.6,96.71019978079));
#4260 = VECTOR('',#4261,1.);
#4261 = DIRECTION('',(0.866025403784,0.,0.5));
#4262 = PLANE('',#4263);
#4263 = AXIS2_PLACEMENT_3D('',#4264,#4265,#4266);
#4264 = CARTESIAN_POINT('',(124.9769872981,-1.E-01,96.71019978079));
#4265 = DIRECTION('',(0.5,0.,-0.866025403784));
#4266 = DIRECTION('',(0.866025403784,0.,0.5));
#4267 = ADVANCED_FACE('',(#4268),#4279,.T.);
#4268 = FACE_BOUND('',#4269,.T.);
#4269 = EDGE_LOOP('',(#4270,#4271,#4272,#4273));
#4270 = ORIENTED_EDGE('',*,*,#4225,.F.);
#4271 = ORIENTED_EDGE('',*,*,#2137,.T.);
#4272 = ORIENTED_EDGE('',*,*,#4249,.T.);
#4273 = ORIENTED_EDGE('',*,*,#4274,.F.);
#4274 = EDGE_CURVE('',#4226,#4250,#4275,.T.);
#4275 = LINE('',#4276,#4277);
#4276 = CARTESIAN_POINT('',(122.7269872981,0.6,100.60731409782));
#4277 = VECTOR('',#4278,1.);
#4278 = DIRECTION('',(0.5,0.,-0.866025403784));
#4279 = PLANE('',#4280);
#4280 = AXIS2_PLACEMENT_3D('',#4281,#4282,#4283);
#4281 = CARTESIAN_POINT('',(122.7269872981,-1.E-01,100.60731409782));
#4282 = DIRECTION('',(0.866025403784,0.,0.5));
#4283 = DIRECTION('',(0.5,0.,-0.866025403784));
#4284 = ADVANCED_FACE('',(#4285),#4310,.F.);
#4285 = FACE_BOUND('',#4286,.F.);
#4286 = EDGE_LOOP('',(#4287,#4295,#4296,#4304));
#4287 = ORIENTED_EDGE('',*,*,#4288,.F.);
#4288 = EDGE_CURVE('',#2154,#4289,#4291,.T.);
#4289 = VERTEX_POINT('',#4290);
#4290 = CARTESIAN_POINT('',(116.16515130462,0.6,150.44940683235));
#4291 = LINE('',#4292,#4293);
#4292 = CARTESIAN_POINT('',(116.16515130462,-1.E-01,150.44940683235));
#4293 = VECTOR('',#4294,1.);
#4294 = DIRECTION('',(0.,1.,0.));
#4295 = ORIENTED_EDGE('',*,*,#2153,.T.);
#4296 = ORIENTED_EDGE('',*,*,#4297,.T.);
#4297 = EDGE_CURVE('',#2156,#4298,#4300,.T.);
#4298 = VERTEX_POINT('',#4299);
#4299 = CARTESIAN_POINT('',(117.32983700758,0.6,154.79607305065));
#4300 = LINE('',#4301,#4302);
#4301 = CARTESIAN_POINT('',(117.32983700758,-1.E-01,154.79607305065));
#4302 = VECTOR('',#4303,1.);
#4303 = DIRECTION('',(0.,1.,0.));
#4304 = ORIENTED_EDGE('',*,*,#4305,.F.);
#4305 = EDGE_CURVE('',#4289,#4298,#4306,.T.);
#4306 = LINE('',#4307,#4308);
#4307 = CARTESIAN_POINT('',(116.16515130462,0.6,150.44940683235));
#4308 = VECTOR('',#4309,1.);
#4309 = DIRECTION('',(0.258819045103,0.,0.965925826289));
#4310 = PLANE('',#4311);
#4311 = AXIS2_PLACEMENT_3D('',#4312,#4313,#4314);
#4312 = CARTESIAN_POINT('',(116.16515130462,-1.E-01,150.44940683235));
#4313 = DIRECTION('',(-0.965925826289,0.,0.258819045103));
#4314 = DIRECTION('',(0.258819045103,0.,0.965925826289));
#4315 = ADVANCED_FACE('',(#4316),#4334,.T.);
#4316 = FACE_BOUND('',#4317,.T.);
#4317 = EDGE_LOOP('',(#4318,#4319,#4320,#4328));
#4318 = ORIENTED_EDGE('',*,*,#4288,.F.);
#4319 = ORIENTED_EDGE('',*,*,#2163,.T.);
#4320 = ORIENTED_EDGE('',*,*,#4321,.T.);
#4321 = EDGE_CURVE('',#2164,#4322,#4324,.T.);
#4322 = VERTEX_POINT('',#4323);
#4323 = CARTESIAN_POINT('',(117.13107713091,0.6,150.19058778725));
#4324 = LINE('',#4325,#4326);
#4325 = CARTESIAN_POINT('',(117.13107713091,-1.E-01,150.19058778725));
#4326 = VECTOR('',#4327,1.);
#4327 = DIRECTION('',(0.,1.,0.));
#4328 = ORIENTED_EDGE('',*,*,#4329,.T.);
#4329 = EDGE_CURVE('',#4322,#4289,#4330,.T.);
#4330 = LINE('',#4331,#4332);
#4331 = CARTESIAN_POINT('',(117.13107713091,0.6,150.19058778725));
#4332 = VECTOR('',#4333,1.);
#4333 = DIRECTION('',(-0.965925826289,0.,0.258819045103));
#4334 = PLANE('',#4335);
#4335 = AXIS2_PLACEMENT_3D('',#4336,#4337,#4338);
#4336 = CARTESIAN_POINT('',(117.13107713091,-1.E-01,150.19058778725));
#4337 = DIRECTION('',(0.258819045103,0.,0.965925826289));
#4338 = DIRECTION('',(-0.965925826289,0.,0.258819045103));
#4339 = ADVANCED_FACE('',(#4340),#4358,.F.);
#4340 = FACE_BOUND('',#4341,.F.);
#4341 = EDGE_LOOP('',(#4342,#4343,#4344,#4352));
#4342 = ORIENTED_EDGE('',*,*,#4297,.F.);
#4343 = ORIENTED_EDGE('',*,*,#2179,.T.);
#4344 = ORIENTED_EDGE('',*,*,#4345,.T.);
#4345 = EDGE_CURVE('',#2172,#4346,#4348,.T.);
#4346 = VERTEX_POINT('',#4347);
#4347 = CARTESIAN_POINT('',(118.29576283387,0.6,154.53725400555));
#4348 = LINE('',#4349,#4350);
#4349 = CARTESIAN_POINT('',(118.29576283387,-1.E-01,154.53725400555));
#4350 = VECTOR('',#4351,1.);
#4351 = DIRECTION('',(0.,1.,0.));
#4352 = ORIENTED_EDGE('',*,*,#4353,.T.);
#4353 = EDGE_CURVE('',#4346,#4298,#4354,.T.);
#4354 = LINE('',#4355,#4356);
#4355 = CARTESIAN_POINT('',(118.29576283387,0.6,154.53725400555));
#4356 = VECTOR('',#4357,1.);
#4357 = DIRECTION('',(-0.965925826289,0.,0.258819045103));
#4358 = PLANE('',#4359);
#4359 = AXIS2_PLACEMENT_3D('',#4360,#4361,#4362);
#4360 = CARTESIAN_POINT('',(118.29576283387,-1.E-01,154.53725400555));
#4361 = DIRECTION('',(0.258819045103,0.,0.965925826289));
#4362 = DIRECTION('',(-0.965925826289,0.,0.258819045103));
#4363 = ADVANCED_FACE('',(#4364),#4375,.T.);
#4364 = FACE_BOUND('',#4365,.T.);
#4365 = EDGE_LOOP('',(#4366,#4367,#4368,#4369));
#4366 = ORIENTED_EDGE('',*,*,#4321,.F.);
#4367 = ORIENTED_EDGE('',*,*,#2171,.T.);
#4368 = ORIENTED_EDGE('',*,*,#4345,.T.);
#4369 = ORIENTED_EDGE('',*,*,#4370,.F.);
#4370 = EDGE_CURVE('',#4322,#4346,#4371,.T.);
#4371 = LINE('',#4372,#4373);
#4372 = CARTESIAN_POINT('',(117.13107713091,0.6,150.19058778725));
#4373 = VECTOR('',#4374,1.);
#4374 = DIRECTION('',(0.258819045103,0.,0.965925826289));
#4375 = PLANE('',#4376);
#4376 = AXIS2_PLACEMENT_3D('',#4377,#4378,#4379);
#4377 = CARTESIAN_POINT('',(117.13107713091,-1.E-01,150.19058778725));
#4378 = DIRECTION('',(-0.965925826289,0.,0.258819045103));
#4379 = DIRECTION('',(0.258819045103,0.,0.965925826289));
#4380 = ADVANCED_FACE('',(#4381),#4406,.F.);
#4381 = FACE_BOUND('',#4382,.F.);
#4382 = EDGE_LOOP('',(#4383,#4391,#4392,#4400));
#4383 = ORIENTED_EDGE('',*,*,#4384,.F.);
#4384 = EDGE_CURVE('',#2188,#4385,#4387,.T.);
#4385 = VERTEX_POINT('',#4386);
#4386 = CARTESIAN_POINT('',(122.7269872981,0.6,147.87268590218));
#4387 = LINE('',#4388,#4389);
#4388 = CARTESIAN_POINT('',(122.7269872981,-1.E-01,147.87268590218));
#4389 = VECTOR('',#4390,1.);
#4390 = DIRECTION('',(0.,1.,0.));
#4391 = ORIENTED_EDGE('',*,*,#2187,.T.);
#4392 = ORIENTED_EDGE('',*,*,#4393,.T.);
#4393 = EDGE_CURVE('',#2190,#4394,#4396,.T.);
#4394 = VERTEX_POINT('',#4395);
#4395 = CARTESIAN_POINT('',(124.9769872981,0.6,151.76980021921));
#4396 = LINE('',#4397,#4398);
#4397 = CARTESIAN_POINT('',(124.9769872981,-1.E-01,151.76980021921));
#4398 = VECTOR('',#4399,1.);
#4399 = DIRECTION('',(0.,1.,0.));
#4400 = ORIENTED_EDGE('',*,*,#4401,.F.);
#4401 = EDGE_CURVE('',#4385,#4394,#4402,.T.);
#4402 = LINE('',#4403,#4404);
#4403 = CARTESIAN_POINT('',(122.7269872981,0.6,147.87268590218));
#4404 = VECTOR('',#4405,1.);
#4405 = DIRECTION('',(0.5,0.,0.866025403784));
#4406 = PLANE('',#4407);
#4407 = AXIS2_PLACEMENT_3D('',#4408,#4409,#4410);
#4408 = CARTESIAN_POINT('',(122.7269872981,-1.E-01,147.87268590218));
#4409 = DIRECTION('',(-0.866025403784,0.,0.5));
#4410 = DIRECTION('',(0.5,0.,0.866025403784));
#4411 = ADVANCED_FACE('',(#4412),#4430,.T.);
#4412 = FACE_BOUND('',#4413,.T.);
#4413 = EDGE_LOOP('',(#4414,#4415,#4416,#4424));
#4414 = ORIENTED_EDGE('',*,*,#4384,.F.);
#4415 = ORIENTED_EDGE('',*,*,#2197,.T.);
#4416 = ORIENTED_EDGE('',*,*,#4417,.T.);
#4417 = EDGE_CURVE('',#2198,#4418,#4420,.T.);
#4418 = VERTEX_POINT('',#4419);
#4419 = CARTESIAN_POINT('',(123.59301270189,0.6,147.37268590218));
#4420 = LINE('',#4421,#4422);
#4421 = CARTESIAN_POINT('',(123.59301270189,-1.E-01,147.37268590218));
#4422 = VECTOR('',#4423,1.);
#4423 = DIRECTION('',(0.,1.,0.));
#4424 = ORIENTED_EDGE('',*,*,#4425,.T.);
#4425 = EDGE_CURVE('',#4418,#4385,#4426,.T.);
#4426 = LINE('',#4427,#4428);
#4427 = CARTESIAN_POINT('',(123.59301270189,0.6,147.37268590218));
#4428 = VECTOR('',#4429,1.);
#4429 = DIRECTION('',(-0.866025403784,0.,0.5));
#4430 = PLANE('',#4431);
#4431 = AXIS2_PLACEMENT_3D('',#4432,#4433,#4434);
#4432 = CARTESIAN_POINT('',(123.59301270189,-1.E-01,147.37268590218));
#4433 = DIRECTION('',(0.5,0.,0.866025403784));
#4434 = DIRECTION('',(-0.866025403784,0.,0.5));
#4435 = ADVANCED_FACE('',(#4436),#4454,.F.);
#4436 = FACE_BOUND('',#4437,.F.);
#4437 = EDGE_LOOP('',(#4438,#4439,#4440,#4448));
#4438 = ORIENTED_EDGE('',*,*,#4393,.F.);
#4439 = ORIENTED_EDGE('',*,*,#2213,.T.);
#4440 = ORIENTED_EDGE('',*,*,#4441,.T.);
#4441 = EDGE_CURVE('',#2206,#4442,#4444,.T.);
#4442 = VERTEX_POINT('',#4443);
#4443 = CARTESIAN_POINT('',(125.84301270189,0.6,151.26980021921));
#4444 = LINE('',#4445,#4446);
#4445 = CARTESIAN_POINT('',(125.84301270189,-1.E-01,151.26980021921));
#4446 = VECTOR('',#4447,1.);
#4447 = DIRECTION('',(0.,1.,0.));
#4448 = ORIENTED_EDGE('',*,*,#4449,.T.);
#4449 = EDGE_CURVE('',#4442,#4394,#4450,.T.);
#4450 = LINE('',#4451,#4452);
#4451 = CARTESIAN_POINT('',(125.84301270189,0.6,151.26980021921));
#4452 = VECTOR('',#4453,1.);
#4453 = DIRECTION('',(-0.866025403784,0.,0.5));
#4454 = PLANE('',#4455);
#4455 = AXIS2_PLACEMENT_3D('',#4456,#4457,#4458);
#4456 = CARTESIAN_POINT('',(125.84301270189,-1.E-01,151.26980021921));
#4457 = DIRECTION('',(0.5,0.,0.866025403784));
#4458 = DIRECTION('',(-0.866025403784,0.,0.5));
#4459 = ADVANCED_FACE('',(#4460),#4471,.T.);
#4460 = FACE_BOUND('',#4461,.T.);
#4461 = EDGE_LOOP('',(#4462,#4463,#4464,#4465));
#4462 = ORIENTED_EDGE('',*,*,#4417,.F.);
#4463 = ORIENTED_EDGE('',*,*,#2205,.T.);
#4464 = ORIENTED_EDGE('',*,*,#4441,.T.);
#4465 = ORIENTED_EDGE('',*,*,#4466,.F.);
#4466 = EDGE_CURVE('',#4418,#4442,#4467,.T.);
#4467 = LINE('',#4468,#4469);
#4468 = CARTESIAN_POINT('',(123.59301270189,0.6,147.37268590218));
#4469 = VECTOR('',#4470,1.);
#4470 = DIRECTION('',(0.5,0.,0.866025403784));
#4471 = PLANE('',#4472);
#4472 = AXIS2_PLACEMENT_3D('',#4473,#4474,#4475);
#4473 = CARTESIAN_POINT('',(123.59301270189,-1.E-01,147.37268590218));
#4474 = DIRECTION('',(-0.866025403784,0.,0.5));
#4475 = DIRECTION('',(0.5,0.,0.866025403784));
#4476 = ADVANCED_FACE('',(#4477),#4502,.F.);
#4477 = FACE_BOUND('',#4478,.F.);
#4478 = EDGE_LOOP('',(#4479,#4487,#4488,#4496));
#4479 = ORIENTED_EDGE('',*,*,#4480,.F.);
#4480 = EDGE_CURVE('',#2222,#4481,#4483,.T.);
#4481 = VERTEX_POINT('',#4482);
#4482 = CARTESIAN_POINT('',(129.10543648263,0.6,105.50167029855));
#4483 = LINE('',#4484,#4485);
#4484 = CARTESIAN_POINT('',(129.10543648263,-1.E-01,105.50167029855));
#4485 = VECTOR('',#4486,1.);
#4486 = DIRECTION('',(0.,1.,0.));
#4487 = ORIENTED_EDGE('',*,*,#2221,.T.);
#4488 = ORIENTED_EDGE('',*,*,#4489,.T.);
#4489 = EDGE_CURVE('',#2224,#4490,#4492,.T.);
#4490 = VERTEX_POINT('',#4491);
#4491 = CARTESIAN_POINT('',(132.28741699797,0.6,102.31968978321));
#4492 = LINE('',#4493,#4494);
#4493 = CARTESIAN_POINT('',(132.28741699797,-1.E-01,102.31968978321));
#4494 = VECTOR('',#4495,1.);
#4495 = DIRECTION('',(0.,1.,0.));
#4496 = ORIENTED_EDGE('',*,*,#4497,.F.);
#4497 = EDGE_CURVE('',#4481,#4490,#4498,.T.);
#4498 = LINE('',#4499,#4500);
#4499 = CARTESIAN_POINT('',(129.10543648263,0.6,105.50167029855));
#4500 = VECTOR('',#4501,1.);
#4501 = DIRECTION('',(0.707106781187,0.,-0.707106781187));
#4502 = PLANE('',#4503);
#4503 = AXIS2_PLACEMENT_3D('',#4504,#4505,#4506);
#4504 = CARTESIAN_POINT('',(129.10543648263,-1.E-01,105.50167029855));
#4505 = DIRECTION('',(0.707106781187,0.,0.707106781187));
#4506 = DIRECTION('',(0.707106781187,0.,-0.707106781187));
#4507 = ADVANCED_FACE('',(#4508),#4526,.T.);
#4508 = FACE_BOUND('',#4509,.T.);
#4509 = EDGE_LOOP('',(#4510,#4511,#4512,#4520));
#4510 = ORIENTED_EDGE('',*,*,#4480,.F.);
#4511 = ORIENTED_EDGE('',*,*,#2231,.T.);
#4512 = ORIENTED_EDGE('',*,*,#4513,.T.);
#4513 = EDGE_CURVE('',#2232,#4514,#4516,.T.);
#4514 = VERTEX_POINT('',#4515);
#4515 = CARTESIAN_POINT('',(128.39832970144,0.6,104.79456351737));
#4516 = LINE('',#4517,#4518);
#4517 = CARTESIAN_POINT('',(128.39832970144,-1.E-01,104.79456351737));
#4518 = VECTOR('',#4519,1.);
#4519 = DIRECTION('',(0.,1.,0.));
#4520 = ORIENTED_EDGE('',*,*,#4521,.T.);
#4521 = EDGE_CURVE('',#4514,#4481,#4522,.T.);
#4522 = LINE('',#4523,#4524);
#4523 = CARTESIAN_POINT('',(128.39832970144,0.6,104.79456351737));
#4524 = VECTOR('',#4525,1.);
#4525 = DIRECTION('',(0.707106781187,0.,0.707106781187));
#4526 = PLANE('',#4527);
#4527 = AXIS2_PLACEMENT_3D('',#4528,#4529,#4530);
#4528 = CARTESIAN_POINT('',(128.39832970144,-1.E-01,104.79456351737));
#4529 = DIRECTION('',(0.707106781187,0.,-0.707106781187));
#4530 = DIRECTION('',(0.707106781187,0.,0.707106781187));
#4531 = ADVANCED_FACE('',(#4532),#4550,.F.);
#4532 = FACE_BOUND('',#4533,.F.);
#4533 = EDGE_LOOP('',(#4534,#4535,#4536,#4544));
#4534 = ORIENTED_EDGE('',*,*,#4489,.F.);
#4535 = ORIENTED_EDGE('',*,*,#2247,.T.);
#4536 = ORIENTED_EDGE('',*,*,#4537,.T.);
#4537 = EDGE_CURVE('',#2240,#4538,#4540,.T.);
#4538 = VERTEX_POINT('',#4539);
#4539 = CARTESIAN_POINT('',(131.58031021678,0.6,101.61258300203));
#4540 = LINE('',#4541,#4542);
#4541 = CARTESIAN_POINT('',(131.58031021678,-1.E-01,101.61258300203));
#4542 = VECTOR('',#4543,1.);
#4543 = DIRECTION('',(0.,1.,0.));
#4544 = ORIENTED_EDGE('',*,*,#4545,.T.);
#4545 = EDGE_CURVE('',#4538,#4490,#4546,.T.);
#4546 = LINE('',#4547,#4548);
#4547 = CARTESIAN_POINT('',(131.58031021678,0.6,101.61258300203));
#4548 = VECTOR('',#4549,1.);
#4549 = DIRECTION('',(0.707106781187,0.,0.707106781187));
#4550 = PLANE('',#4551);
#4551 = AXIS2_PLACEMENT_3D('',#4552,#4553,#4554);
#4552 = CARTESIAN_POINT('',(131.58031021678,-1.E-01,101.61258300203));
#4553 = DIRECTION('',(0.707106781187,0.,-0.707106781187));
#4554 = DIRECTION('',(0.707106781187,0.,0.707106781187));
#4555 = ADVANCED_FACE('',(#4556),#4567,.T.);
#4556 = FACE_BOUND('',#4557,.T.);
#4557 = EDGE_LOOP('',(#4558,#4559,#4560,#4561));
#4558 = ORIENTED_EDGE('',*,*,#4513,.F.);
#4559 = ORIENTED_EDGE('',*,*,#2239,.T.);
#4560 = ORIENTED_EDGE('',*,*,#4537,.T.);
#4561 = ORIENTED_EDGE('',*,*,#4562,.F.);
#4562 = EDGE_CURVE('',#4514,#4538,#4563,.T.);
#4563 = LINE('',#4564,#4565);
#4564 = CARTESIAN_POINT('',(128.39832970144,0.6,104.79456351737));
#4565 = VECTOR('',#4566,1.);
#4566 = DIRECTION('',(0.707106781187,0.,-0.707106781187));
#4567 = PLANE('',#4568);
#4568 = AXIS2_PLACEMENT_3D('',#4569,#4570,#4571);
#4569 = CARTESIAN_POINT('',(128.39832970144,-1.E-01,104.79456351737));
#4570 = DIRECTION('',(0.707106781187,0.,0.707106781187));
#4571 = DIRECTION('',(0.707106781187,0.,-0.707106781187));
#4572 = ADVANCED_FACE('',(#4573),#4598,.F.);
#4573 = FACE_BOUND('',#4574,.F.);
#4574 = EDGE_LOOP('',(#4575,#4583,#4584,#4592));
#4575 = ORIENTED_EDGE('',*,*,#4576,.F.);
#4576 = EDGE_CURVE('',#2256,#4577,#4579,.T.);
#4577 = VERTEX_POINT('',#4578);
#4578 = CARTESIAN_POINT('',(133.29268590218,0.6,111.17301270189));
#4579 = LINE('',#4580,#4581);
#4580 = CARTESIAN_POINT('',(133.29268590218,-1.E-01,111.17301270189));
#4581 = VECTOR('',#4582,1.);
#4582 = DIRECTION('',(0.,1.,0.));
#4583 = ORIENTED_EDGE('',*,*,#2255,.T.);
#4584 = ORIENTED_EDGE('',*,*,#4585,.T.);
#4585 = EDGE_CURVE('',#2258,#4586,#4588,.T.);
#4586 = VERTEX_POINT('',#4587);
#4587 = CARTESIAN_POINT('',(137.18980021921,0.6,108.92301270189));
#4588 = LINE('',#4589,#4590);
#4589 = CARTESIAN_POINT('',(137.18980021921,-1.E-01,108.92301270189));
#4590 = VECTOR('',#4591,1.);
#4591 = DIRECTION('',(0.,1.,0.));
#4592 = ORIENTED_EDGE('',*,*,#4593,.F.);
#4593 = EDGE_CURVE('',#4577,#4586,#4594,.T.);
#4594 = LINE('',#4595,#4596);
#4595 = CARTESIAN_POINT('',(133.29268590218,0.6,111.17301270189));
#4596 = VECTOR('',#4597,1.);
#4597 = DIRECTION('',(0.866025403784,0.,-0.5));
#4598 = PLANE('',#4599);
#4599 = AXIS2_PLACEMENT_3D('',#4600,#4601,#4602);
#4600 = CARTESIAN_POINT('',(133.29268590218,-1.E-01,111.17301270189));
#4601 = DIRECTION('',(0.5,0.,0.866025403784));
#4602 = DIRECTION('',(0.866025403784,0.,-0.5));
#4603 = ADVANCED_FACE('',(#4604),#4622,.T.);
#4604 = FACE_BOUND('',#4605,.T.);
#4605 = EDGE_LOOP('',(#4606,#4607,#4608,#4616));
#4606 = ORIENTED_EDGE('',*,*,#4576,.F.);
#4607 = ORIENTED_EDGE('',*,*,#2265,.T.);
#4608 = ORIENTED_EDGE('',*,*,#4609,.T.);
#4609 = EDGE_CURVE('',#2266,#4610,#4612,.T.);
#4610 = VERTEX_POINT('',#4611);
#4611 = CARTESIAN_POINT('',(132.79268590218,0.6,110.3069872981));
#4612 = LINE('',#4613,#4614);
#4613 = CARTESIAN_POINT('',(132.79268590218,-1.E-01,110.3069872981));
#4614 = VECTOR('',#4615,1.);
#4615 = DIRECTION('',(0.,1.,0.));
#4616 = ORIENTED_EDGE('',*,*,#4617,.T.);
#4617 = EDGE_CURVE('',#4610,#4577,#4618,.T.);
#4618 = LINE('',#4619,#4620);
#4619 = CARTESIAN_POINT('',(132.79268590218,0.6,110.3069872981));
#4620 = VECTOR('',#4621,1.);
#4621 = DIRECTION('',(0.5,0.,0.866025403784));
#4622 = PLANE('',#4623);
#4623 = AXIS2_PLACEMENT_3D('',#4624,#4625,#4626);
#4624 = CARTESIAN_POINT('',(132.79268590218,-1.E-01,110.3069872981));
#4625 = DIRECTION('',(0.866025403784,0.,-0.5));
#4626 = DIRECTION('',(0.5,0.,0.866025403784));
#4627 = ADVANCED_FACE('',(#4628),#4646,.F.);
#4628 = FACE_BOUND('',#4629,.F.);
#4629 = EDGE_LOOP('',(#4630,#4631,#4632,#4640));
#4630 = ORIENTED_EDGE('',*,*,#4585,.F.);
#4631 = ORIENTED_EDGE('',*,*,#2281,.T.);
#4632 = ORIENTED_EDGE('',*,*,#4633,.T.);
#4633 = EDGE_CURVE('',#2274,#4634,#4636,.T.);
#4634 = VERTEX_POINT('',#4635);
#4635 = CARTESIAN_POINT('',(136.68980021921,0.6,108.0569872981));
#4636 = LINE('',#4637,#4638);
#4637 = CARTESIAN_POINT('',(136.68980021921,-1.E-01,108.0569872981));
#4638 = VECTOR('',#4639,1.);
#4639 = DIRECTION('',(0.,1.,0.));
#4640 = ORIENTED_EDGE('',*,*,#4641,.T.);
#4641 = EDGE_CURVE('',#4634,#4586,#4642,.T.);
#4642 = LINE('',#4643,#4644);
#4643 = CARTESIAN_POINT('',(136.68980021921,0.6,108.0569872981));
#4644 = VECTOR('',#4645,1.);
#4645 = DIRECTION('',(0.5,0.,0.866025403784));
#4646 = PLANE('',#4647);
#4647 = AXIS2_PLACEMENT_3D('',#4648,#4649,#4650);
#4648 = CARTESIAN_POINT('',(136.68980021921,-1.E-01,108.0569872981));
#4649 = DIRECTION('',(0.866025403784,0.,-0.5));
#4650 = DIRECTION('',(0.5,0.,0.866025403784));
#4651 = ADVANCED_FACE('',(#4652),#4663,.T.);
#4652 = FACE_BOUND('',#4653,.T.);
#4653 = EDGE_LOOP('',(#4654,#4655,#4656,#4657));
#4654 = ORIENTED_EDGE('',*,*,#4609,.F.);
#4655 = ORIENTED_EDGE('',*,*,#2273,.T.);
#4656 = ORIENTED_EDGE('',*,*,#4633,.T.);
#4657 = ORIENTED_EDGE('',*,*,#4658,.F.);
#4658 = EDGE_CURVE('',#4610,#4634,#4659,.T.);
#4659 = LINE('',#4660,#4661);
#4660 = CARTESIAN_POINT('',(132.79268590218,0.6,110.3069872981));
#4661 = VECTOR('',#4662,1.);
#4662 = DIRECTION('',(0.866025403784,0.,-0.5));
#4663 = PLANE('',#4664);
#4664 = AXIS2_PLACEMENT_3D('',#4665,#4666,#4667);
#4665 = CARTESIAN_POINT('',(132.79268590218,-1.E-01,110.3069872981));
#4666 = DIRECTION('',(0.5,0.,0.866025403784));
#4667 = DIRECTION('',(0.866025403784,0.,-0.5));
#4668 = ADVANCED_FACE('',(#4669),#4694,.F.);
#4669 = FACE_BOUND('',#4670,.F.);
#4670 = EDGE_LOOP('',(#4671,#4679,#4680,#4688));
#4671 = ORIENTED_EDGE('',*,*,#4672,.F.);
#4672 = EDGE_CURVE('',#2290,#4673,#4675,.T.);
#4673 = VERTEX_POINT('',#4674);
#4674 = CARTESIAN_POINT('',(135.86940683235,0.6,117.73484869537));
#4675 = LINE('',#4676,#4677);
#4676 = CARTESIAN_POINT('',(135.86940683235,-1.E-01,117.73484869537));
#4677 = VECTOR('',#4678,1.);
#4678 = DIRECTION('',(0.,1.,0.));
#4679 = ORIENTED_EDGE('',*,*,#2289,.T.);
#4680 = ORIENTED_EDGE('',*,*,#4681,.T.);
#4681 = EDGE_CURVE('',#2292,#4682,#4684,.T.);
#4682 = VERTEX_POINT('',#4683);
#4683 = CARTESIAN_POINT('',(140.21607305065,0.6,116.57016299241));
#4684 = LINE('',#4685,#4686);
#4685 = CARTESIAN_POINT('',(140.21607305065,-1.E-01,116.57016299241));
#4686 = VECTOR('',#4687,1.);
#4687 = DIRECTION('',(0.,1.,0.));
#4688 = ORIENTED_EDGE('',*,*,#4689,.F.);
#4689 = EDGE_CURVE('',#4673,#4682,#4690,.T.);
#4690 = LINE('',#4691,#4692);
#4691 = CARTESIAN_POINT('',(135.86940683235,0.6,117.73484869537));
#4692 = VECTOR('',#4693,1.);
#4693 = DIRECTION('',(0.965925826289,0.,-0.258819045103));
#4694 = PLANE('',#4695);
#4695 = AXIS2_PLACEMENT_3D('',#4696,#4697,#4698);
#4696 = CARTESIAN_POINT('',(135.86940683235,-1.E-01,117.73484869537));
#4697 = DIRECTION('',(0.258819045103,0.,0.965925826289));
#4698 = DIRECTION('',(0.965925826289,0.,-0.258819045103));
#4699 = ADVANCED_FACE('',(#4700),#4718,.T.);
#4700 = FACE_BOUND('',#4701,.T.);
#4701 = EDGE_LOOP('',(#4702,#4703,#4704,#4712));
#4702 = ORIENTED_EDGE('',*,*,#4672,.F.);
#4703 = ORIENTED_EDGE('',*,*,#2299,.T.);
#4704 = ORIENTED_EDGE('',*,*,#4705,.T.);
#4705 = EDGE_CURVE('',#2300,#4706,#4708,.T.);
#4706 = VERTEX_POINT('',#4707);
#4707 = CARTESIAN_POINT('',(135.61058778725,0.6,116.76892286908));
#4708 = LINE('',#4709,#4710);
#4709 = CARTESIAN_POINT('',(135.61058778725,-1.E-01,116.76892286908));
#4710 = VECTOR('',#4711,1.);
#4711 = DIRECTION('',(0.,1.,0.));
#4712 = ORIENTED_EDGE('',*,*,#4713,.T.);
#4713 = EDGE_CURVE('',#4706,#4673,#4714,.T.);
#4714 = LINE('',#4715,#4716);
#4715 = CARTESIAN_POINT('',(135.61058778725,0.6,116.76892286908));
#4716 = VECTOR('',#4717,1.);
#4717 = DIRECTION('',(0.258819045103,0.,0.965925826289));
#4718 = PLANE('',#4719);
#4719 = AXIS2_PLACEMENT_3D('',#4720,#4721,#4722);
#4720 = CARTESIAN_POINT('',(135.61058778725,-1.E-01,116.76892286908));
#4721 = DIRECTION('',(0.965925826289,0.,-0.258819045103));
#4722 = DIRECTION('',(0.258819045103,0.,0.965925826289));
#4723 = ADVANCED_FACE('',(#4724),#4742,.F.);
#4724 = FACE_BOUND('',#4725,.F.);
#4725 = EDGE_LOOP('',(#4726,#4727,#4728,#4736));
#4726 = ORIENTED_EDGE('',*,*,#4681,.F.);
#4727 = ORIENTED_EDGE('',*,*,#2315,.T.);
#4728 = ORIENTED_EDGE('',*,*,#4729,.T.);
#4729 = EDGE_CURVE('',#2308,#4730,#4732,.T.);
#4730 = VERTEX_POINT('',#4731);
#4731 = CARTESIAN_POINT('',(139.95725400555,0.6,115.60423716612));
#4732 = LINE('',#4733,#4734);
#4733 = CARTESIAN_POINT('',(139.95725400555,-1.E-01,115.60423716612));
#4734 = VECTOR('',#4735,1.);
#4735 = DIRECTION('',(0.,1.,0.));
#4736 = ORIENTED_EDGE('',*,*,#4737,.T.);
#4737 = EDGE_CURVE('',#4730,#4682,#4738,.T.);
#4738 = LINE('',#4739,#4740);
#4739 = CARTESIAN_POINT('',(139.95725400555,0.6,115.60423716612));
#4740 = VECTOR('',#4741,1.);
#4741 = DIRECTION('',(0.258819045103,0.,0.965925826289));
#4742 = PLANE('',#4743);
#4743 = AXIS2_PLACEMENT_3D('',#4744,#4745,#4746);
#4744 = CARTESIAN_POINT('',(139.95725400555,-1.E-01,115.60423716612));
#4745 = DIRECTION('',(0.965925826289,0.,-0.258819045103));
#4746 = DIRECTION('',(0.258819045103,0.,0.965925826289));
#4747 = ADVANCED_FACE('',(#4748),#4759,.T.);
#4748 = FACE_BOUND('',#4749,.T.);
#4749 = EDGE_LOOP('',(#4750,#4751,#4752,#4753));
#4750 = ORIENTED_EDGE('',*,*,#4705,.F.);
#4751 = ORIENTED_EDGE('',*,*,#2307,.T.);
#4752 = ORIENTED_EDGE('',*,*,#4729,.T.);
#4753 = ORIENTED_EDGE('',*,*,#4754,.F.);
#4754 = EDGE_CURVE('',#4706,#4730,#4755,.T.);
#4755 = LINE('',#4756,#4757);
#4756 = CARTESIAN_POINT('',(135.61058778725,0.6,116.76892286908));
#4757 = VECTOR('',#4758,1.);
#4758 = DIRECTION('',(0.965925826289,0.,-0.258819045103));
#4759 = PLANE('',#4760);
#4760 = AXIS2_PLACEMENT_3D('',#4761,#4762,#4763);
#4761 = CARTESIAN_POINT('',(135.61058778725,-1.E-01,116.76892286908));
#4762 = DIRECTION('',(0.258819045103,0.,0.965925826289));
#4763 = DIRECTION('',(0.965925826289,0.,-0.258819045103));
#4764 = ADVANCED_FACE('',(#4765),#4790,.F.);
#4765 = FACE_BOUND('',#4766,.F.);
#4766 = EDGE_LOOP('',(#4767,#4775,#4776,#4784));
#4767 = ORIENTED_EDGE('',*,*,#4768,.F.);
#4768 = EDGE_CURVE('',#2324,#4769,#4771,.T.);
#4769 = VERTEX_POINT('',#4770);
#4770 = CARTESIAN_POINT('',(136.66,0.6,124.74));
#4771 = LINE('',#4772,#4773);
#4772 = CARTESIAN_POINT('',(136.66,-1.E-01,124.74));
#4773 = VECTOR('',#4774,1.);
#4774 = DIRECTION('',(0.,1.,0.));
#4775 = ORIENTED_EDGE('',*,*,#2323,.T.);
#4776 = ORIENTED_EDGE('',*,*,#4777,.T.);
#4777 = EDGE_CURVE('',#2326,#4778,#4780,.T.);
#4778 = VERTEX_POINT('',#4779);
#4779 = CARTESIAN_POINT('',(141.16,0.6,124.74));
#4780 = LINE('',#4781,#4782);
#4781 = CARTESIAN_POINT('',(141.16,-1.E-01,124.74));
#4782 = VECTOR('',#4783,1.);
#4783 = DIRECTION('',(0.,1.,0.));
#4784 = ORIENTED_EDGE('',*,*,#4785,.F.);
#4785 = EDGE_CURVE('',#4769,#4778,#4786,.T.);
#4786 = LINE('',#4787,#4788);
#4787 = CARTESIAN_POINT('',(136.66,0.6,124.74));
#4788 = VECTOR('',#4789,1.);
#4789 = DIRECTION('',(1.,0.,0.));
#4790 = PLANE('',#4791);
#4791 = AXIS2_PLACEMENT_3D('',#4792,#4793,#4794);
#4792 = CARTESIAN_POINT('',(136.66,-1.E-01,124.74));
#4793 = DIRECTION('',(0.,0.,1.));
#4794 = DIRECTION('',(1.,0.,0.));
#4795 = ADVANCED_FACE('',(#4796),#4814,.T.);
#4796 = FACE_BOUND('',#4797,.T.);
#4797 = EDGE_LOOP('',(#4798,#4799,#4800,#4808));
#4798 = ORIENTED_EDGE('',*,*,#4768,.F.);
#4799 = ORIENTED_EDGE('',*,*,#2333,.T.);
#4800 = ORIENTED_EDGE('',*,*,#4801,.T.);
#4801 = EDGE_CURVE('',#2334,#4802,#4804,.T.);
#4802 = VERTEX_POINT('',#4803);
#4803 = CARTESIAN_POINT('',(136.66,0.6,123.74));
#4804 = LINE('',#4805,#4806);
#4805 = CARTESIAN_POINT('',(136.66,-1.E-01,123.74));
#4806 = VECTOR('',#4807,1.);
#4807 = DIRECTION('',(0.,1.,0.));
#4808 = ORIENTED_EDGE('',*,*,#4809,.T.);
#4809 = EDGE_CURVE('',#4802,#4769,#4810,.T.);
#4810 = LINE('',#4811,#4812);
#4811 = CARTESIAN_POINT('',(136.66,0.6,123.74));
#4812 = VECTOR('',#4813,1.);
#4813 = DIRECTION('',(0.,0.,1.));
#4814 = PLANE('',#4815);
#4815 = AXIS2_PLACEMENT_3D('',#4816,#4817,#4818);
#4816 = CARTESIAN_POINT('',(136.66,-1.E-01,123.74));
#4817 = DIRECTION('',(1.,0.,0.));
#4818 = DIRECTION('',(0.,0.,1.));
#4819 = ADVANCED_FACE('',(#4820),#4838,.F.);
#4820 = FACE_BOUND('',#4821,.F.);
#4821 = EDGE_LOOP('',(#4822,#4823,#4824,#4832));
#4822 = ORIENTED_EDGE('',*,*,#4777,.F.);
#4823 = ORIENTED_EDGE('',*,*,#2349,.T.);
#4824 = ORIENTED_EDGE('',*,*,#4825,.T.);
#4825 = EDGE_CURVE('',#2342,#4826,#4828,.T.);
#4826 = VERTEX_POINT('',#4827);
#4827 = CARTESIAN_POINT('',(141.16,0.6,123.74));
#4828 = LINE('',#4829,#4830);
#4829 = CARTESIAN_POINT('',(141.16,-1.E-01,123.74));
#4830 = VECTOR('',#4831,1.);
#4831 = DIRECTION('',(0.,1.,0.));
#4832 = ORIENTED_EDGE('',*,*,#4833,.T.);
#4833 = EDGE_CURVE('',#4826,#4778,#4834,.T.);
#4834 = LINE('',#4835,#4836);
#4835 = CARTESIAN_POINT('',(141.16,0.6,123.74));
#4836 = VECTOR('',#4837,1.);
#4837 = DIRECTION('',(0.,0.,1.));
#4838 = PLANE('',#4839);
#4839 = AXIS2_PLACEMENT_3D('',#4840,#4841,#4842);
#4840 = CARTESIAN_POINT('',(141.16,-1.E-01,123.74));
#4841 = DIRECTION('',(1.,0.,0.));
#4842 = DIRECTION('',(0.,0.,1.));
#4843 = ADVANCED_FACE('',(#4844),#4855,.T.);
#4844 = FACE_BOUND('',#4845,.T.);
#4845 = EDGE_LOOP('',(#4846,#4847,#4848,#4849));
#4846 = ORIENTED_EDGE('',*,*,#4801,.F.);
#4847 = ORIENTED_EDGE('',*,*,#2341,.T.);
#4848 = ORIENTED_EDGE('',*,*,#4825,.T.);
#4849 = ORIENTED_EDGE('',*,*,#4850,.F.);
#4850 = EDGE_CURVE('',#4802,#4826,#4851,.T.);
#4851 = LINE('',#4852,#4853);
#4852 = CARTESIAN_POINT('',(136.66,0.6,123.74));
#4853 = VECTOR('',#4854,1.);
#4854 = DIRECTION('',(1.,0.,0.));
#4855 = PLANE('',#4856);
#4856 = AXIS2_PLACEMENT_3D('',#4857,#4858,#4859);
#4857 = CARTESIAN_POINT('',(136.66,-1.E-01,123.74));
#4858 = DIRECTION('',(0.,0.,1.));
#4859 = DIRECTION('',(1.,0.,0.));
#4860 = ADVANCED_FACE('',(#4861),#4886,.F.);
#4861 = FACE_BOUND('',#4862,.F.);
#4862 = EDGE_LOOP('',(#4863,#4871,#4872,#4880));
#4863 = ORIENTED_EDGE('',*,*,#4864,.F.);
#4864 = EDGE_CURVE('',#2358,#4865,#4867,.T.);
#4865 = VERTEX_POINT('',#4866);
#4866 = CARTESIAN_POINT('',(128.39832970144,0.6,143.68543648263));
#4867 = LINE('',#4868,#4869);
#4868 = CARTESIAN_POINT('',(128.39832970144,-1.E-01,143.68543648263));
#4869 = VECTOR('',#4870,1.);
#4870 = DIRECTION('',(0.,1.,0.));
#4871 = ORIENTED_EDGE('',*,*,#2357,.T.);
#4872 = ORIENTED_EDGE('',*,*,#4873,.T.);
#4873 = EDGE_CURVE('',#2360,#4874,#4876,.T.);
#4874 = VERTEX_POINT('',#4875);
#4875 = CARTESIAN_POINT('',(131.58031021678,0.6,146.86741699797));
#4876 = LINE('',#4877,#4878);
#4877 = CARTESIAN_POINT('',(131.58031021678,-1.E-01,146.86741699797));
#4878 = VECTOR('',#4879,1.);
#4879 = DIRECTION('',(0.,1.,0.));
#4880 = ORIENTED_EDGE('',*,*,#4881,.F.);
#4881 = EDGE_CURVE('',#4865,#4874,#4882,.T.);
#4882 = LINE('',#4883,#4884);
#4883 = CARTESIAN_POINT('',(128.39832970144,0.6,143.68543648263));
#4884 = VECTOR('',#4885,1.);
#4885 = DIRECTION('',(0.707106781187,0.,0.707106781187));
#4886 = PLANE('',#4887);
#4887 = AXIS2_PLACEMENT_3D('',#4888,#4889,#4890);
#4888 = CARTESIAN_POINT('',(128.39832970144,-1.E-01,143.68543648263));
#4889 = DIRECTION('',(-0.707106781187,0.,0.707106781187));
#4890 = DIRECTION('',(0.707106781187,0.,0.707106781187));
#4891 = ADVANCED_FACE('',(#4892),#4910,.T.);
#4892 = FACE_BOUND('',#4893,.T.);
#4893 = EDGE_LOOP('',(#4894,#4895,#4896,#4904));
#4894 = ORIENTED_EDGE('',*,*,#4864,.F.);
#4895 = ORIENTED_EDGE('',*,*,#2367,.T.);
#4896 = ORIENTED_EDGE('',*,*,#4897,.T.);
#4897 = EDGE_CURVE('',#2368,#4898,#4900,.T.);
#4898 = VERTEX_POINT('',#4899);
#4899 = CARTESIAN_POINT('',(129.10543648263,0.6,142.97832970144));
#4900 = LINE('',#4901,#4902);
#4901 = CARTESIAN_POINT('',(129.10543648263,-1.E-01,142.97832970144));
#4902 = VECTOR('',#4903,1.);
#4903 = DIRECTION('',(0.,1.,0.));
#4904 = ORIENTED_EDGE('',*,*,#4905,.T.);
#4905 = EDGE_CURVE('',#4898,#4865,#4906,.T.);
#4906 = LINE('',#4907,#4908);
#4907 = CARTESIAN_POINT('',(129.10543648263,0.6,142.97832970144));
#4908 = VECTOR('',#4909,1.);
#4909 = DIRECTION('',(-0.707106781187,0.,0.707106781187));
#4910 = PLANE('',#4911);
#4911 = AXIS2_PLACEMENT_3D('',#4912,#4913,#4914);
#4912 = CARTESIAN_POINT('',(129.10543648263,-1.E-01,142.97832970144));
#4913 = DIRECTION('',(0.707106781187,0.,0.707106781187));
#4914 = DIRECTION('',(-0.707106781187,0.,0.707106781187));
#4915 = ADVANCED_FACE('',(#4916),#4934,.F.);
#4916 = FACE_BOUND('',#4917,.F.);
#4917 = EDGE_LOOP('',(#4918,#4919,#4920,#4928));
#4918 = ORIENTED_EDGE('',*,*,#4873,.F.);
#4919 = ORIENTED_EDGE('',*,*,#2383,.T.);
#4920 = ORIENTED_EDGE('',*,*,#4921,.T.);
#4921 = EDGE_CURVE('',#2376,#4922,#4924,.T.);
#4922 = VERTEX_POINT('',#4923);
#4923 = CARTESIAN_POINT('',(132.28741699797,0.6,146.16031021678));
#4924 = LINE('',#4925,#4926);
#4925 = CARTESIAN_POINT('',(132.28741699797,-1.E-01,146.16031021678));
#4926 = VECTOR('',#4927,1.);
#4927 = DIRECTION('',(0.,1.,0.));
#4928 = ORIENTED_EDGE('',*,*,#4929,.T.);
#4929 = EDGE_CURVE('',#4922,#4874,#4930,.T.);
#4930 = LINE('',#4931,#4932);
#4931 = CARTESIAN_POINT('',(132.28741699797,0.6,146.16031021678));
#4932 = VECTOR('',#4933,1.);
#4933 = DIRECTION('',(-0.707106781187,0.,0.707106781187));
#4934 = PLANE('',#4935);
#4935 = AXIS2_PLACEMENT_3D('',#4936,#4937,#4938);
#4936 = CARTESIAN_POINT('',(132.28741699797,-1.E-01,146.16031021678));
#4937 = DIRECTION('',(0.707106781187,0.,0.707106781187));
#4938 = DIRECTION('',(-0.707106781187,0.,0.707106781187));
#4939 = ADVANCED_FACE('',(#4940),#4951,.T.);
#4940 = FACE_BOUND('',#4941,.T.);
#4941 = EDGE_LOOP('',(#4942,#4943,#4944,#4945));
#4942 = ORIENTED_EDGE('',*,*,#4897,.F.);
#4943 = ORIENTED_EDGE('',*,*,#2375,.T.);
#4944 = ORIENTED_EDGE('',*,*,#4921,.T.);
#4945 = ORIENTED_EDGE('',*,*,#4946,.F.);
#4946 = EDGE_CURVE('',#4898,#4922,#4947,.T.);
#4947 = LINE('',#4948,#4949);
#4948 = CARTESIAN_POINT('',(129.10543648263,0.6,142.97832970144));
#4949 = VECTOR('',#4950,1.);
#4950 = DIRECTION('',(0.707106781187,0.,0.707106781187));
#4951 = PLANE('',#4952);
#4952 = AXIS2_PLACEMENT_3D('',#4953,#4954,#4955);
#4953 = CARTESIAN_POINT('',(129.10543648263,-1.E-01,142.97832970144));
#4954 = DIRECTION('',(-0.707106781187,0.,0.707106781187));
#4955 = DIRECTION('',(0.707106781187,0.,0.707106781187));
#4956 = ADVANCED_FACE('',(#4957),#4982,.F.);
#4957 = FACE_BOUND('',#4958,.F.);
#4958 = EDGE_LOOP('',(#4959,#4967,#4968,#4976));
#4959 = ORIENTED_EDGE('',*,*,#4960,.F.);
#4960 = EDGE_CURVE('',#2392,#4961,#4963,.T.);
#4961 = VERTEX_POINT('',#4962);
#4962 = CARTESIAN_POINT('',(132.79268590218,0.6,138.17301270189));
#4963 = LINE('',#4964,#4965);
#4964 = CARTESIAN_POINT('',(132.79268590218,-1.E-01,138.17301270189));
#4965 = VECTOR('',#4966,1.);
#4966 = DIRECTION('',(0.,1.,0.));
#4967 = ORIENTED_EDGE('',*,*,#2391,.T.);
#4968 = ORIENTED_EDGE('',*,*,#4969,.T.);
#4969 = EDGE_CURVE('',#2394,#4970,#4972,.T.);
#4970 = VERTEX_POINT('',#4971);
#4971 = CARTESIAN_POINT('',(136.68980021921,0.6,140.42301270189));
#4972 = LINE('',#4973,#4974);
#4973 = CARTESIAN_POINT('',(136.68980021921,-1.E-01,140.42301270189));
#4974 = VECTOR('',#4975,1.);
#4975 = DIRECTION('',(0.,1.,0.));
#4976 = ORIENTED_EDGE('',*,*,#4977,.F.);
#4977 = EDGE_CURVE('',#4961,#4970,#4978,.T.);
#4978 = LINE('',#4979,#4980);
#4979 = CARTESIAN_POINT('',(132.79268590218,0.6,138.17301270189));
#4980 = VECTOR('',#4981,1.);
#4981 = DIRECTION('',(0.866025403784,0.,0.5));
#4982 = PLANE('',#4983);
#4983 = AXIS2_PLACEMENT_3D('',#4984,#4985,#4986);
#4984 = CARTESIAN_POINT('',(132.79268590218,-1.E-01,138.17301270189));
#4985 = DIRECTION('',(-0.5,0.,0.866025403784));
#4986 = DIRECTION('',(0.866025403784,0.,0.5));
#4987 = ADVANCED_FACE('',(#4988),#5006,.T.);
#4988 = FACE_BOUND('',#4989,.T.);
#4989 = EDGE_LOOP('',(#4990,#4991,#4992,#5000));
#4990 = ORIENTED_EDGE('',*,*,#4960,.F.);
#4991 = ORIENTED_EDGE('',*,*,#2401,.T.);
#4992 = ORIENTED_EDGE('',*,*,#4993,.T.);
#4993 = EDGE_CURVE('',#2402,#4994,#4996,.T.);
#4994 = VERTEX_POINT('',#4995);
#4995 = CARTESIAN_POINT('',(133.29268590218,0.6,137.3069872981));
#4996 = LINE('',#4997,#4998);
#4997 = CARTESIAN_POINT('',(133.29268590218,-1.E-01,137.3069872981));
#4998 = VECTOR('',#4999,1.);
#4999 = DIRECTION('',(0.,1.,0.));
#5000 = ORIENTED_EDGE('',*,*,#5001,.T.);
#5001 = EDGE_CURVE('',#4994,#4961,#5002,.T.);
#5002 = LINE('',#5003,#5004);
#5003 = CARTESIAN_POINT('',(133.29268590218,0.6,137.3069872981));
#5004 = VECTOR('',#5005,1.);
#5005 = DIRECTION('',(-0.5,0.,0.866025403784));
#5006 = PLANE('',#5007);
#5007 = AXIS2_PLACEMENT_3D('',#5008,#5009,#5010);
#5008 = CARTESIAN_POINT('',(133.29268590218,-1.E-01,137.3069872981));
#5009 = DIRECTION('',(0.866025403784,0.,0.5));
#5010 = DIRECTION('',(-0.5,0.,0.866025403784));
#5011 = ADVANCED_FACE('',(#5012),#5030,.F.);
#5012 = FACE_BOUND('',#5013,.F.);
#5013 = EDGE_LOOP('',(#5014,#5015,#5016,#5024));
#5014 = ORIENTED_EDGE('',*,*,#4969,.F.);
#5015 = ORIENTED_EDGE('',*,*,#2417,.T.);
#5016 = ORIENTED_EDGE('',*,*,#5017,.T.);
#5017 = EDGE_CURVE('',#2410,#5018,#5020,.T.);
#5018 = VERTEX_POINT('',#5019);
#5019 = CARTESIAN_POINT('',(137.18980021921,0.6,139.5569872981));
#5020 = LINE('',#5021,#5022);
#5021 = CARTESIAN_POINT('',(137.18980021921,-1.E-01,139.5569872981));
#5022 = VECTOR('',#5023,1.);
#5023 = DIRECTION('',(0.,1.,0.));
#5024 = ORIENTED_EDGE('',*,*,#5025,.T.);
#5025 = EDGE_CURVE('',#5018,#4970,#5026,.T.);
#5026 = LINE('',#5027,#5028);
#5027 = CARTESIAN_POINT('',(137.18980021921,0.6,139.5569872981));
#5028 = VECTOR('',#5029,1.);
#5029 = DIRECTION('',(-0.5,0.,0.866025403784));
#5030 = PLANE('',#5031);
#5031 = AXIS2_PLACEMENT_3D('',#5032,#5033,#5034);
#5032 = CARTESIAN_POINT('',(137.18980021921,-1.E-01,139.5569872981));
#5033 = DIRECTION('',(0.866025403784,0.,0.5));
#5034 = DIRECTION('',(-0.5,0.,0.866025403784));
#5035 = ADVANCED_FACE('',(#5036),#5047,.T.);
#5036 = FACE_BOUND('',#5037,.T.);
#5037 = EDGE_LOOP('',(#5038,#5039,#5040,#5041));
#5038 = ORIENTED_EDGE('',*,*,#4993,.F.);
#5039 = ORIENTED_EDGE('',*,*,#2409,.T.);
#5040 = ORIENTED_EDGE('',*,*,#5017,.T.);
#5041 = ORIENTED_EDGE('',*,*,#5042,.F.);
#5042 = EDGE_CURVE('',#4994,#5018,#5043,.T.);
#5043 = LINE('',#5044,#5045);
#5044 = CARTESIAN_POINT('',(133.29268590218,0.6,137.3069872981));
#5045 = VECTOR('',#5046,1.);
#5046 = DIRECTION('',(0.866025403784,0.,0.5));
#5047 = PLANE('',#5048);
#5048 = AXIS2_PLACEMENT_3D('',#5049,#5050,#5051);
#5049 = CARTESIAN_POINT('',(133.29268590218,-1.E-01,137.3069872981));
#5050 = DIRECTION('',(-0.5,0.,0.866025403784));
#5051 = DIRECTION('',(0.866025403784,0.,0.5));
#5052 = ADVANCED_FACE('',(#5053),#5078,.F.);
#5053 = FACE_BOUND('',#5054,.F.);
#5054 = EDGE_LOOP('',(#5055,#5063,#5064,#5072));
#5055 = ORIENTED_EDGE('',*,*,#5056,.F.);
#5056 = EDGE_CURVE('',#2426,#5057,#5059,.T.);
#5057 = VERTEX_POINT('',#5058);
#5058 = CARTESIAN_POINT('',(135.61058778725,0.6,131.71107713091));
#5059 = LINE('',#5060,#5061);
#5060 = CARTESIAN_POINT('',(135.61058778725,-1.E-01,131.71107713091));
#5061 = VECTOR('',#5062,1.);
#5062 = DIRECTION('',(0.,1.,0.));
#5063 = ORIENTED_EDGE('',*,*,#2425,.T.);
#5064 = ORIENTED_EDGE('',*,*,#5065,.T.);
#5065 = EDGE_CURVE('',#2428,#5066,#5068,.T.);
#5066 = VERTEX_POINT('',#5067);
#5067 = CARTESIAN_POINT('',(139.95725400555,0.6,132.87576283387));
#5068 = LINE('',#5069,#5070);
#5069 = CARTESIAN_POINT('',(139.95725400555,-1.E-01,132.87576283387));
#5070 = VECTOR('',#5071,1.);
#5071 = DIRECTION('',(0.,1.,0.));
#5072 = ORIENTED_EDGE('',*,*,#5073,.F.);
#5073 = EDGE_CURVE('',#5057,#5066,#5074,.T.);
#5074 = LINE('',#5075,#5076);
#5075 = CARTESIAN_POINT('',(135.61058778725,0.6,131.71107713091));
#5076 = VECTOR('',#5077,1.);
#5077 = DIRECTION('',(0.965925826289,0.,0.258819045103));
#5078 = PLANE('',#5079);
#5079 = AXIS2_PLACEMENT_3D('',#5080,#5081,#5082);
#5080 = CARTESIAN_POINT('',(135.61058778725,-1.E-01,131.71107713091));
#5081 = DIRECTION('',(-0.258819045103,0.,0.965925826289));
#5082 = DIRECTION('',(0.965925826289,0.,0.258819045103));
#5083 = ADVANCED_FACE('',(#5084),#5102,.T.);
#5084 = FACE_BOUND('',#5085,.T.);
#5085 = EDGE_LOOP('',(#5086,#5087,#5088,#5096));
#5086 = ORIENTED_EDGE('',*,*,#5056,.F.);
#5087 = ORIENTED_EDGE('',*,*,#2435,.T.);
#5088 = ORIENTED_EDGE('',*,*,#5089,.T.);
#5089 = EDGE_CURVE('',#2436,#5090,#5092,.T.);
#5090 = VERTEX_POINT('',#5091);
#5091 = CARTESIAN_POINT('',(135.86940683235,0.6,130.74515130462));
#5092 = LINE('',#5093,#5094);
#5093 = CARTESIAN_POINT('',(135.86940683235,-1.E-01,130.74515130462));
#5094 = VECTOR('',#5095,1.);
#5095 = DIRECTION('',(0.,1.,0.));
#5096 = ORIENTED_EDGE('',*,*,#5097,.T.);
#5097 = EDGE_CURVE('',#5090,#5057,#5098,.T.);
#5098 = LINE('',#5099,#5100);
#5099 = CARTESIAN_POINT('',(135.86940683235,0.6,130.74515130462));
#5100 = VECTOR('',#5101,1.);
#5101 = DIRECTION('',(-0.258819045103,0.,0.965925826289));
#5102 = PLANE('',#5103);
#5103 = AXIS2_PLACEMENT_3D('',#5104,#5105,#5106);
#5104 = CARTESIAN_POINT('',(135.86940683235,-1.E-01,130.74515130462));
#5105 = DIRECTION('',(0.965925826289,0.,0.258819045103));
#5106 = DIRECTION('',(-0.258819045103,0.,0.965925826289));
#5107 = ADVANCED_FACE('',(#5108),#5126,.F.);
#5108 = FACE_BOUND('',#5109,.F.);
#5109 = EDGE_LOOP('',(#5110,#5111,#5112,#5120));
#5110 = ORIENTED_EDGE('',*,*,#5065,.F.);
#5111 = ORIENTED_EDGE('',*,*,#2451,.T.);
#5112 = ORIENTED_EDGE('',*,*,#5113,.T.);
#5113 = EDGE_CURVE('',#2444,#5114,#5116,.T.);
#5114 = VERTEX_POINT('',#5115);
#5115 = CARTESIAN_POINT('',(140.21607305065,0.6,131.90983700758));
#5116 = LINE('',#5117,#5118);
#5117 = CARTESIAN_POINT('',(140.21607305065,-1.E-01,131.90983700758));
#5118 = VECTOR('',#5119,1.);
#5119 = DIRECTION('',(0.,1.,0.));
#5120 = ORIENTED_EDGE('',*,*,#5121,.T.);
#5121 = EDGE_CURVE('',#5114,#5066,#5122,.T.);
#5122 = LINE('',#5123,#5124);
#5123 = CARTESIAN_POINT('',(140.21607305065,0.6,131.90983700758));
#5124 = VECTOR('',#5125,1.);
#5125 = DIRECTION('',(-0.258819045103,0.,0.965925826289));
#5126 = PLANE('',#5127);
#5127 = AXIS2_PLACEMENT_3D('',#5128,#5129,#5130);
#5128 = CARTESIAN_POINT('',(140.21607305065,-1.E-01,131.90983700758));
#5129 = DIRECTION('',(0.965925826289,0.,0.258819045103));
#5130 = DIRECTION('',(-0.258819045103,0.,0.965925826289));
#5131 = ADVANCED_FACE('',(#5132),#5143,.T.);
#5132 = FACE_BOUND('',#5133,.T.);
#5133 = EDGE_LOOP('',(#5134,#5135,#5136,#5137));
#5134 = ORIENTED_EDGE('',*,*,#5089,.F.);
#5135 = ORIENTED_EDGE('',*,*,#2443,.T.);
#5136 = ORIENTED_EDGE('',*,*,#5113,.T.);
#5137 = ORIENTED_EDGE('',*,*,#5138,.F.);
#5138 = EDGE_CURVE('',#5090,#5114,#5139,.T.);
#5139 = LINE('',#5140,#5141);
#5140 = CARTESIAN_POINT('',(135.86940683235,0.6,130.74515130462));
#5141 = VECTOR('',#5142,1.);
#5142 = DIRECTION('',(0.965925826289,0.,0.258819045103));
#5143 = PLANE('',#5144);
#5144 = AXIS2_PLACEMENT_3D('',#5145,#5146,#5147);
#5145 = CARTESIAN_POINT('',(135.86940683235,-1.E-01,130.74515130462));
#5146 = DIRECTION('',(-0.258819045103,0.,0.965925826289));
#5147 = DIRECTION('',(0.965925826289,0.,0.258819045103));
#5148 = ADVANCED_FACE('',(#5149),#5168,.T.);
#5149 = FACE_BOUND('',#5150,.T.);
#5150 = EDGE_LOOP('',(#5151,#5159,#5166,#5167));
#5151 = ORIENTED_EDGE('',*,*,#5152,.T.);
#5152 = EDGE_CURVE('',#2508,#5153,#5155,.T.);
#5153 = VERTEX_POINT('',#5154);
#5154 = CARTESIAN_POINT('',(70.16,10.1,22.5));
#5155 = LINE('',#5156,#5157);
#5156 = CARTESIAN_POINT('',(70.16,2.7,22.5));
#5157 = VECTOR('',#5158,1.);
#5158 = DIRECTION('',(0.,1.,0.));
#5159 = ORIENTED_EDGE('',*,*,#5160,.F.);
#5160 = EDGE_CURVE('',#5153,#5153,#5161,.T.);
#5161 = CIRCLE('',#5162,4.5);
#5162 = AXIS2_PLACEMENT_3D('',#5163,#5164,#5165);
#5163 = CARTESIAN_POINT('',(70.16,10.1,18.));
#5164 = DIRECTION('',(0.,1.,0.));
#5165 = DIRECTION('',(0.,-0.,1.));
#5166 = ORIENTED_EDGE('',*,*,#5152,.F.);
#5167 = ORIENTED_EDGE('',*,*,#2507,.T.);
#5168 = CYLINDRICAL_SURFACE('',#5169,4.5);
#5169 = AXIS2_PLACEMENT_3D('',#5170,#5171,#5172);
#5170 = CARTESIAN_POINT('',(70.16,2.7,18.));
#5171 = DIRECTION('',(0.,1.,0.));
#5172 = DIRECTION('',(0.,-0.,1.));
#5173 = ADVANCED_FACE('',(#5174),#5199,.F.);
#5174 = FACE_BOUND('',#5175,.F.);
#5175 = EDGE_LOOP('',(#5176,#5184,#5192,#5198));
#5176 = ORIENTED_EDGE('',*,*,#5177,.F.);
#5177 = EDGE_CURVE('',#5178,#2519,#5180,.T.);
#5178 = VERTEX_POINT('',#5179);
#5179 = CARTESIAN_POINT('',(97.01,1.5,81.24));
#5180 = LINE('',#5181,#5182);
#5181 = CARTESIAN_POINT('',(97.01,1.5,81.24));
#5182 = VECTOR('',#5183,1.);
#5183 = DIRECTION('',(-0.,1.,0.));
#5184 = ORIENTED_EDGE('',*,*,#5185,.T.);
#5185 = EDGE_CURVE('',#5178,#5186,#5188,.T.);
#5186 = VERTEX_POINT('',#5187);
#5187 = CARTESIAN_POINT('',(122.31,1.5,81.24));
#5188 = LINE('',#5189,#5190);
#5189 = CARTESIAN_POINT('',(97.01,1.5,81.24));
#5190 = VECTOR('',#5191,1.);
#5191 = DIRECTION('',(1.,0.,-0.));
#5192 = ORIENTED_EDGE('',*,*,#5193,.T.);
#5193 = EDGE_CURVE('',#5186,#2521,#5194,.T.);
#5194 = LINE('',#5195,#5196);
#5195 = CARTESIAN_POINT('',(122.31,1.5,81.24));
#5196 = VECTOR('',#5197,1.);
#5197 = DIRECTION('',(-0.,1.,0.));
#5198 = ORIENTED_EDGE('',*,*,#2518,.F.);
#5199 = PLANE('',#5200);
#5200 = AXIS2_PLACEMENT_3D('',#5201,#5202,#5203);
#5201 = CARTESIAN_POINT('',(97.01,1.5,81.24));
#5202 = DIRECTION('',(0.,0.,1.));
#5203 = DIRECTION('',(1.,0.,-0.));
#5204 = ADVANCED_FACE('',(#5205),#5223,.T.);
#5205 = FACE_BOUND('',#5206,.T.);
#5206 = EDGE_LOOP('',(#5207,#5208,#5216,#5222));
#5207 = ORIENTED_EDGE('',*,*,#5177,.F.);
#5208 = ORIENTED_EDGE('',*,*,#5209,.F.);
#5209 = EDGE_CURVE('',#5210,#5178,#5212,.T.);
#5210 = VERTEX_POINT('',#5211);
#5211 = CARTESIAN_POINT('',(97.01,1.5,62.04));
#5212 = LINE('',#5213,#5214);
#5213 = CARTESIAN_POINT('',(97.01,1.5,62.04));
#5214 = VECTOR('',#5215,1.);
#5215 = DIRECTION('',(0.,0.,1.));
#5216 = ORIENTED_EDGE('',*,*,#5217,.T.);
#5217 = EDGE_CURVE('',#5210,#2529,#5218,.T.);
#5218 = LINE('',#5219,#5220);
#5219 = CARTESIAN_POINT('',(97.01,1.5,62.04));
#5220 = VECTOR('',#5221,1.);
#5221 = DIRECTION('',(-0.,1.,0.));
#5222 = ORIENTED_EDGE('',*,*,#2528,.F.);
#5223 = PLANE('',#5224);
#5224 = AXIS2_PLACEMENT_3D('',#5225,#5226,#5227);
#5225 = CARTESIAN_POINT('',(97.01,1.5,62.04));
#5226 = DIRECTION('',(1.,0.,-0.));
#5227 = DIRECTION('',(0.,0.,1.));
#5228 = ADVANCED_FACE('',(#5229),#5247,.F.);
#5229 = FACE_BOUND('',#5230,.F.);
#5230 = EDGE_LOOP('',(#5231,#5232,#5240,#5246));
#5231 = ORIENTED_EDGE('',*,*,#5193,.F.);
#5232 = ORIENTED_EDGE('',*,*,#5233,.F.);
#5233 = EDGE_CURVE('',#5234,#5186,#5236,.T.);
#5234 = VERTEX_POINT('',#5235);
#5235 = CARTESIAN_POINT('',(122.31,1.5,62.04));
#5236 = LINE('',#5237,#5238);
#5237 = CARTESIAN_POINT('',(122.31,1.5,62.04));
#5238 = VECTOR('',#5239,1.);
#5239 = DIRECTION('',(0.,0.,1.));
#5240 = ORIENTED_EDGE('',*,*,#5241,.T.);
#5241 = EDGE_CURVE('',#5234,#2537,#5242,.T.);
#5242 = LINE('',#5243,#5244);
#5243 = CARTESIAN_POINT('',(122.31,1.5,62.04));
#5244 = VECTOR('',#5245,1.);
#5245 = DIRECTION('',(-0.,1.,0.));
#5246 = ORIENTED_EDGE('',*,*,#2544,.F.);
#5247 = PLANE('',#5248);
#5248 = AXIS2_PLACEMENT_3D('',#5249,#5250,#5251);
#5249 = CARTESIAN_POINT('',(122.31,1.5,62.04));
#5250 = DIRECTION('',(1.,0.,-0.));
#5251 = DIRECTION('',(0.,0.,1.));
#5252 = ADVANCED_FACE('',(#5253),#5264,.T.);
#5253 = FACE_BOUND('',#5254,.T.);
#5254 = EDGE_LOOP('',(#5255,#5256,#5262,#5263));
#5255 = ORIENTED_EDGE('',*,*,#5217,.F.);
#5256 = ORIENTED_EDGE('',*,*,#5257,.T.);
#5257 = EDGE_CURVE('',#5210,#5234,#5258,.T.);
#5258 = LINE('',#5259,#5260);
#5259 = CARTESIAN_POINT('',(97.01,1.5,62.04));
#5260 = VECTOR('',#5261,1.);
#5261 = DIRECTION('',(1.,0.,-0.));
#5262 = ORIENTED_EDGE('',*,*,#5241,.T.);
#5263 = ORIENTED_EDGE('',*,*,#2536,.F.);
#5264 = PLANE('',#5265);
#5265 = AXIS2_PLACEMENT_3D('',#5266,#5267,#5268);
#5266 = CARTESIAN_POINT('',(97.01,1.5,62.04));
#5267 = DIRECTION('',(0.,0.,1.));
#5268 = DIRECTION('',(1.,0.,-0.));
#5269 = ADVANCED_FACE('',(#5270),#5289,.T.);
#5270 = FACE_BOUND('',#5271,.T.);
#5271 = EDGE_LOOP('',(#5272,#5280,#5287,#5288));
#5272 = ORIENTED_EDGE('',*,*,#5273,.T.);
#5273 = EDGE_CURVE('',#2553,#5274,#5276,.T.);
#5274 = VERTEX_POINT('',#5275);
#5275 = CARTESIAN_POINT('',(70.16,10.1,189.74));
#5276 = LINE('',#5277,#5278);
#5277 = CARTESIAN_POINT('',(70.16,2.7,189.74));
#5278 = VECTOR('',#5279,1.);
#5279 = DIRECTION('',(0.,1.,0.));
#5280 = ORIENTED_EDGE('',*,*,#5281,.F.);
#5281 = EDGE_CURVE('',#5274,#5274,#5282,.T.);
#5282 = CIRCLE('',#5283,4.5);
#5283 = AXIS2_PLACEMENT_3D('',#5284,#5285,#5286);
#5284 = CARTESIAN_POINT('',(70.16,10.1,185.24));
#5285 = DIRECTION('',(0.,1.,0.));
#5286 = DIRECTION('',(0.,-0.,1.));
#5287 = ORIENTED_EDGE('',*,*,#5273,.F.);
#5288 = ORIENTED_EDGE('',*,*,#2552,.T.);
#5289 = CYLINDRICAL_SURFACE('',#5290,4.5);
#5290 = AXIS2_PLACEMENT_3D('',#5291,#5292,#5293);
#5291 = CARTESIAN_POINT('',(70.16,2.7,185.24));
#5292 = DIRECTION('',(0.,1.,0.));
#5293 = DIRECTION('',(0.,-0.,1.));
#5294 = ADVANCED_FACE('',(#5295),#5314,.T.);
#5295 = FACE_BOUND('',#5296,.T.);
#5296 = EDGE_LOOP('',(#5297,#5305,#5312,#5313));
#5297 = ORIENTED_EDGE('',*,*,#5298,.T.);
#5298 = EDGE_CURVE('',#2564,#5299,#5301,.T.);
#5299 = VERTEX_POINT('',#5300);
#5300 = CARTESIAN_POINT('',(149.16,10.1,22.5));
#5301 = LINE('',#5302,#5303);
#5302 = CARTESIAN_POINT('',(149.16,2.7,22.5));
#5303 = VECTOR('',#5304,1.);
#5304 = DIRECTION('',(0.,1.,0.));
#5305 = ORIENTED_EDGE('',*,*,#5306,.F.);
#5306 = EDGE_CURVE('',#5299,#5299,#5307,.T.);
#5307 = CIRCLE('',#5308,4.5);
#5308 = AXIS2_PLACEMENT_3D('',#5309,#5310,#5311);
#5309 = CARTESIAN_POINT('',(149.16,10.1,18.));
#5310 = DIRECTION('',(0.,1.,0.));
#5311 = DIRECTION('',(0.,-0.,1.));
#5312 = ORIENTED_EDGE('',*,*,#5298,.F.);
#5313 = ORIENTED_EDGE('',*,*,#2563,.T.);
#5314 = CYLINDRICAL_SURFACE('',#5315,4.5);
#5315 = AXIS2_PLACEMENT_3D('',#5316,#5317,#5318);
#5316 = CARTESIAN_POINT('',(149.16,2.7,18.));
#5317 = DIRECTION('',(0.,1.,0.));
#5318 = DIRECTION('',(0.,-0.,1.));
#5319 = ADVANCED_FACE('',(#5320),#5339,.F.);
#5320 = FACE_BOUND('',#5321,.F.);
#5321 = EDGE_LOOP('',(#5322,#5323,#5331,#5338));
#5322 = ORIENTED_EDGE('',*,*,#2574,.F.);
#5323 = ORIENTED_EDGE('',*,*,#5324,.F.);
#5324 = EDGE_CURVE('',#5325,#2575,#5327,.T.);
#5325 = VERTEX_POINT('',#5326);
#5326 = CARTESIAN_POINT('',(109.66,2.25,132.24));
#5327 = LINE('',#5328,#5329);
#5328 = CARTESIAN_POINT('',(109.66,2.25,132.24));
#5329 = VECTOR('',#5330,1.);
#5330 = DIRECTION('',(0.,1.,0.));
#5331 = ORIENTED_EDGE('',*,*,#5332,.T.);
#5332 = EDGE_CURVE('',#5325,#5325,#5333,.T.);
#5333 = CIRCLE('',#5334,8.);
#5334 = AXIS2_PLACEMENT_3D('',#5335,#5336,#5337);
#5335 = CARTESIAN_POINT('',(109.66,2.25,124.24));
#5336 = DIRECTION('',(0.,1.,0.));
#5337 = DIRECTION('',(0.,-0.,1.));
#5338 = ORIENTED_EDGE('',*,*,#5324,.T.);
#5339 = CYLINDRICAL_SURFACE('',#5340,8.);
#5340 = AXIS2_PLACEMENT_3D('',#5341,#5342,#5343);
#5341 = CARTESIAN_POINT('',(109.66,2.25,124.24));
#5342 = DIRECTION('',(0.,1.,0.));
#5343 = DIRECTION('',(0.,-0.,1.));
#5344 = ADVANCED_FACE('',(#5345),#5364,.T.);
#5345 = FACE_BOUND('',#5346,.T.);
#5346 = EDGE_LOOP('',(#5347,#5355,#5362,#5363));
#5347 = ORIENTED_EDGE('',*,*,#5348,.T.);
#5348 = EDGE_CURVE('',#2586,#5349,#5351,.T.);
#5349 = VERTEX_POINT('',#5350);
#5350 = CARTESIAN_POINT('',(149.16,10.1,189.74));
#5351 = LINE('',#5352,#5353);
#5352 = CARTESIAN_POINT('',(149.16,2.7,189.74));
#5353 = VECTOR('',#5354,1.);
#5354 = DIRECTION('',(0.,1.,0.));
#5355 = ORIENTED_EDGE('',*,*,#5356,.F.);
#5356 = EDGE_CURVE('',#5349,#5349,#5357,.T.);
#5357 = CIRCLE('',#5358,4.5);
#5358 = AXIS2_PLACEMENT_3D('',#5359,#5360,#5361);
#5359 = CARTESIAN_POINT('',(149.16,10.1,185.24));
#5360 = DIRECTION('',(0.,1.,0.));
#5361 = DIRECTION('',(0.,-0.,1.));
#5362 = ORIENTED_EDGE('',*,*,#5348,.F.);
#5363 = ORIENTED_EDGE('',*,*,#2585,.T.);
#5364 = CYLINDRICAL_SURFACE('',#5365,4.5);
#5365 = AXIS2_PLACEMENT_3D('',#5366,#5367,#5368);
#5366 = CARTESIAN_POINT('',(149.16,2.7,185.24));
#5367 = DIRECTION('',(0.,1.,0.));
#5368 = DIRECTION('',(0.,-0.,1.));
#5369 = ADVANCED_FACE('',(#5370),#5376,.F.);
#5370 = FACE_BOUND('',#5371,.F.);
#5371 = EDGE_LOOP('',(#5372,#5373,#5374,#5375));
#5372 = ORIENTED_EDGE('',*,*,#2696,.F.);
#5373 = ORIENTED_EDGE('',*,*,#2713,.T.);
#5374 = ORIENTED_EDGE('',*,*,#2648,.T.);
#5375 = ORIENTED_EDGE('',*,*,#2672,.F.);
#5376 = PLANE('',#5377);
#5377 = AXIS2_PLACEMENT_3D('',#5378,#5379,#5380);
#5378 = CARTESIAN_POINT('',(102.66,1.505,49.04));
#5379 = DIRECTION('',(-0.,1.,0.));
#5380 = DIRECTION('',(0.,0.,1.));
#5381 = ADVANCED_FACE('',(#5382,#5388),#5394,.T.);
#5382 = FACE_BOUND('',#5383,.T.);
#5383 = EDGE_LOOP('',(#5384,#5385,#5386,#5387));
#5384 = ORIENTED_EDGE('',*,*,#5257,.F.);
#5385 = ORIENTED_EDGE('',*,*,#5209,.T.);
#5386 = ORIENTED_EDGE('',*,*,#5185,.T.);
#5387 = ORIENTED_EDGE('',*,*,#5233,.F.);
#5388 = FACE_BOUND('',#5389,.T.);
#5389 = EDGE_LOOP('',(#5390,#5391,#5392,#5393));
#5390 = ORIENTED_EDGE('',*,*,#2792,.T.);
#5391 = ORIENTED_EDGE('',*,*,#2744,.T.);
#5392 = ORIENTED_EDGE('',*,*,#2768,.F.);
#5393 = ORIENTED_EDGE('',*,*,#2809,.F.);
#5394 = PLANE('',#5395);
#5395 = AXIS2_PLACEMENT_3D('',#5396,#5397,#5398);
#5396 = CARTESIAN_POINT('',(97.01,1.5,62.04));
#5397 = DIRECTION('',(-0.,1.,0.));
#5398 = DIRECTION('',(0.,0.,1.));
#5399 = ADVANCED_FACE('',(#5400),#5406,.F.);
#5400 = FACE_BOUND('',#5401,.F.);
#5401 = EDGE_LOOP('',(#5402,#5403,#5404,#5405));
#5402 = ORIENTED_EDGE('',*,*,#2905,.F.);
#5403 = ORIENTED_EDGE('',*,*,#2864,.T.);
#5404 = ORIENTED_EDGE('',*,*,#2840,.T.);
#5405 = ORIENTED_EDGE('',*,*,#2888,.F.);
#5406 = PLANE('',#5407);
#5407 = AXIS2_PLACEMENT_3D('',#5408,#5409,#5410);
#5408 = CARTESIAN_POINT('',(95.726987298108,0.6,101.10731409782));
#5409 = DIRECTION('',(0.,1.,0.));
#5410 = DIRECTION('',(0.866025403784,0.,-0.5));
#5411 = ADVANCED_FACE('',(#5412),#5418,.F.);
#5412 = FACE_BOUND('',#5413,.F.);
#5413 = EDGE_LOOP('',(#5414,#5415,#5416,#5417));
#5414 = ORIENTED_EDGE('',*,*,#3001,.F.);
#5415 = ORIENTED_EDGE('',*,*,#2960,.T.);
#5416 = ORIENTED_EDGE('',*,*,#2936,.T.);
#5417 = ORIENTED_EDGE('',*,*,#2984,.F.);
#5418 = PLANE('',#5419);
#5419 = AXIS2_PLACEMENT_3D('',#5420,#5421,#5422);
#5420 = CARTESIAN_POINT('',(102.18892286908,0.6,98.289412212746));
#5421 = DIRECTION('',(0.,1.,0.));
#5422 = DIRECTION('',(0.965925826289,0.,-0.258819045103));
#5423 = ADVANCED_FACE('',(#5424),#5430,.F.);
#5424 = FACE_BOUND('',#5425,.F.);
#5425 = EDGE_LOOP('',(#5426,#5427,#5428,#5429));
#5426 = ORIENTED_EDGE('',*,*,#3097,.F.);
#5427 = ORIENTED_EDGE('',*,*,#3056,.T.);
#5428 = ORIENTED_EDGE('',*,*,#3032,.T.);
#5429 = ORIENTED_EDGE('',*,*,#3080,.F.);
#5430 = PLANE('',#5431);
#5431 = AXIS2_PLACEMENT_3D('',#5432,#5433,#5434);
#5432 = CARTESIAN_POINT('',(109.16,0.6,97.24));
#5433 = DIRECTION('',(0.,1.,0.));
#5434 = DIRECTION('',(1.,0.,2.22044604925E-16));
#5435 = ADVANCED_FACE('',(#5436),#5442,.F.);
#5436 = FACE_BOUND('',#5437,.F.);
#5437 = EDGE_LOOP('',(#5438,#5439,#5440,#5441));
#5438 = ORIENTED_EDGE('',*,*,#3193,.F.);
#5439 = ORIENTED_EDGE('',*,*,#3152,.T.);
#5440 = ORIENTED_EDGE('',*,*,#3128,.T.);
#5441 = ORIENTED_EDGE('',*,*,#3176,.F.);
#5442 = PLANE('',#5443);
#5443 = AXIS2_PLACEMENT_3D('',#5444,#5445,#5446);
#5444 = CARTESIAN_POINT('',(86.02731409782,0.6,111.17301270189));
#5445 = DIRECTION('',(0.,1.,0.));
#5446 = DIRECTION('',(0.5,0.,-0.866025403784));
#5447 = ADVANCED_FACE('',(#5448),#5454,.F.);
#5448 = FACE_BOUND('',#5449,.F.);
#5449 = EDGE_LOOP('',(#5450,#5451,#5452,#5453));
#5450 = ORIENTED_EDGE('',*,*,#3289,.F.);
#5451 = ORIENTED_EDGE('',*,*,#3248,.T.);
#5452 = ORIENTED_EDGE('',*,*,#3224,.T.);
#5453 = ORIENTED_EDGE('',*,*,#3272,.F.);
#5454 = PLANE('',#5455);
#5455 = AXIS2_PLACEMENT_3D('',#5456,#5457,#5458);
#5456 = CARTESIAN_POINT('',(83.450593167644,0.6,117.73484869537));
#5457 = DIRECTION('',(0.,1.,0.));
#5458 = DIRECTION('',(0.258819045103,0.,-0.965925826289));
#5459 = ADVANCED_FACE('',(#5460),#5466,.F.);
#5460 = FACE_BOUND('',#5461,.F.);
#5461 = EDGE_LOOP('',(#5462,#5463,#5464,#5465));
#5462 = ORIENTED_EDGE('',*,*,#3385,.F.);
#5463 = ORIENTED_EDGE('',*,*,#3344,.T.);
#5464 = ORIENTED_EDGE('',*,*,#3320,.T.);
#5465 = ORIENTED_EDGE('',*,*,#3368,.F.);
#5466 = PLANE('',#5467);
#5467 = AXIS2_PLACEMENT_3D('',#5468,#5469,#5470);
#5468 = CARTESIAN_POINT('',(82.66,0.6,124.74));
#5469 = DIRECTION('',(0.,1.,0.));
#5470 = DIRECTION('',(1.224646799147E-16,0.,-1.));
#5471 = ADVANCED_FACE('',(#5472),#5478,.F.);
#5472 = FACE_BOUND('',#5473,.F.);
#5473 = EDGE_LOOP('',(#5474,#5475,#5476,#5477));
#5474 = ORIENTED_EDGE('',*,*,#3481,.F.);
#5475 = ORIENTED_EDGE('',*,*,#3440,.T.);
#5476 = ORIENTED_EDGE('',*,*,#3416,.T.);
#5477 = ORIENTED_EDGE('',*,*,#3464,.F.);
#5478 = PLANE('',#5479);
#5479 = AXIS2_PLACEMENT_3D('',#5480,#5481,#5482);
#5480 = CARTESIAN_POINT('',(90.21456351737,0.6,105.50167029855));
#5481 = DIRECTION('',(0.,1.,0.));
#5482 = DIRECTION('',(0.707106781187,0.,-0.707106781187));
#5483 = ADVANCED_FACE('',(#5484),#5490,.F.);
#5484 = FACE_BOUND('',#5485,.F.);
#5485 = EDGE_LOOP('',(#5486,#5487,#5488,#5489));
#5486 = ORIENTED_EDGE('',*,*,#3577,.F.);
#5487 = ORIENTED_EDGE('',*,*,#3536,.T.);
#5488 = ORIENTED_EDGE('',*,*,#3512,.T.);
#5489 = ORIENTED_EDGE('',*,*,#3560,.F.);
#5490 = PLANE('',#5491);
#5491 = AXIS2_PLACEMENT_3D('',#5492,#5493,#5494);
#5492 = CARTESIAN_POINT('',(83.709412212746,0.6,131.71107713091));
#5493 = DIRECTION('',(0.,1.,0.));
#5494 = DIRECTION('',(-0.258819045103,0.,-0.965925826289));
#5495 = ADVANCED_FACE('',(#5496),#5502,.F.);
#5496 = FACE_BOUND('',#5497,.F.);
#5497 = EDGE_LOOP('',(#5498,#5499,#5500,#5501));
#5498 = ORIENTED_EDGE('',*,*,#3673,.F.);
#5499 = ORIENTED_EDGE('',*,*,#3632,.T.);
#5500 = ORIENTED_EDGE('',*,*,#3608,.T.);
#5501 = ORIENTED_EDGE('',*,*,#3656,.F.);
#5502 = PLANE('',#5503);
#5503 = AXIS2_PLACEMENT_3D('',#5504,#5505,#5506);
#5504 = CARTESIAN_POINT('',(86.52731409782,0.6,138.17301270189));
#5505 = DIRECTION('',(0.,1.,0.));
#5506 = DIRECTION('',(-0.5,0.,-0.866025403784));
#5507 = ADVANCED_FACE('',(#5508),#5514,.F.);
#5508 = FACE_BOUND('',#5509,.F.);
#5509 = EDGE_LOOP('',(#5510,#5511,#5512,#5513));
#5510 = ORIENTED_EDGE('',*,*,#3769,.F.);
#5511 = ORIENTED_EDGE('',*,*,#3728,.T.);
#5512 = ORIENTED_EDGE('',*,*,#3704,.T.);
#5513 = ORIENTED_EDGE('',*,*,#3752,.F.);
#5514 = PLANE('',#5515);
#5515 = AXIS2_PLACEMENT_3D('',#5516,#5517,#5518);
#5516 = CARTESIAN_POINT('',(90.921670298556,0.6,143.68543648263));
#5517 = DIRECTION('',(0.,1.,0.));
#5518 = DIRECTION('',(-0.707106781187,0.,-0.707106781187));
#5519 = ADVANCED_FACE('',(#5520,#5523),#5526,.T.);
#5520 = FACE_BOUND('',#5521,.T.);
#5521 = EDGE_LOOP('',(#5522));
#5522 = ORIENTED_EDGE('',*,*,#5332,.T.);
#5523 = FACE_BOUND('',#5524,.T.);
#5524 = EDGE_LOOP('',(#5525));
#5525 = ORIENTED_EDGE('',*,*,#3783,.F.);
#5526 = PLANE('',#5527);
#5527 = AXIS2_PLACEMENT_3D('',#5528,#5529,#5530);
#5528 = CARTESIAN_POINT('',(109.66,2.25,124.24));
#5529 = DIRECTION('',(0.,1.,0.));
#5530 = DIRECTION('',(0.,-0.,1.));
#5531 = ADVANCED_FACE('',(#5532),#5538,.F.);
#5532 = FACE_BOUND('',#5533,.F.);
#5533 = EDGE_LOOP('',(#5534,#5535,#5536,#5537));
#5534 = ORIENTED_EDGE('',*,*,#3890,.F.);
#5535 = ORIENTED_EDGE('',*,*,#3849,.T.);
#5536 = ORIENTED_EDGE('',*,*,#3825,.T.);
#5537 = ORIENTED_EDGE('',*,*,#3873,.F.);
#5538 = PLANE('',#5539);
#5539 = AXIS2_PLACEMENT_3D('',#5540,#5541,#5542);
#5540 = CARTESIAN_POINT('',(96.593012701892,0.6,147.87268590218));
#5541 = DIRECTION('',(0.,1.,0.));
#5542 = DIRECTION('',(-0.866025403784,0.,-0.5));
#5543 = ADVANCED_FACE('',(#5544),#5550,.F.);
#5544 = FACE_BOUND('',#5545,.F.);
#5545 = EDGE_LOOP('',(#5546,#5547,#5548,#5549));
#5546 = ORIENTED_EDGE('',*,*,#3986,.F.);
#5547 = ORIENTED_EDGE('',*,*,#3945,.T.);
#5548 = ORIENTED_EDGE('',*,*,#3921,.T.);
#5549 = ORIENTED_EDGE('',*,*,#3969,.F.);
#5550 = PLANE('',#5551);
#5551 = AXIS2_PLACEMENT_3D('',#5552,#5553,#5554);
#5552 = CARTESIAN_POINT('',(103.15484869537,0.6,150.44940683235));
#5553 = DIRECTION('',(0.,1.,0.));
#5554 = DIRECTION('',(-0.965925826289,0.,-0.258819045103));
#5555 = ADVANCED_FACE('',(#5556),#5562,.F.);
#5556 = FACE_BOUND('',#5557,.F.);
#5557 = EDGE_LOOP('',(#5558,#5559,#5560,#5561));
#5558 = ORIENTED_EDGE('',*,*,#4082,.F.);
#5559 = ORIENTED_EDGE('',*,*,#4041,.T.);
#5560 = ORIENTED_EDGE('',*,*,#4017,.T.);
#5561 = ORIENTED_EDGE('',*,*,#4065,.F.);
#5562 = PLANE('',#5563);
#5563 = AXIS2_PLACEMENT_3D('',#5564,#5565,#5566);
#5564 = CARTESIAN_POINT('',(110.16,0.6,151.24));
#5565 = DIRECTION('',(0.,1.,0.));
#5566 = DIRECTION('',(-1.,0.,-2.22044604925E-16));
#5567 = ADVANCED_FACE('',(#5568),#5574,.F.);
#5568 = FACE_BOUND('',#5569,.F.);
#5569 = EDGE_LOOP('',(#5570,#5571,#5572,#5573));
#5570 = ORIENTED_EDGE('',*,*,#4178,.F.);
#5571 = ORIENTED_EDGE('',*,*,#4137,.T.);
#5572 = ORIENTED_EDGE('',*,*,#4113,.T.);
#5573 = ORIENTED_EDGE('',*,*,#4161,.F.);
#5574 = PLANE('',#5575);
#5575 = AXIS2_PLACEMENT_3D('',#5576,#5577,#5578);
#5576 = CARTESIAN_POINT('',(116.16515130462,0.6,98.030593167644));
#5577 = DIRECTION('',(0.,1.,0.));
#5578 = DIRECTION('',(0.965925826289,0.,0.258819045103));
#5579 = ADVANCED_FACE('',(#5580),#5586,.F.);
#5580 = FACE_BOUND('',#5581,.F.);
#5581 = EDGE_LOOP('',(#5582,#5583,#5584,#5585));
#5582 = ORIENTED_EDGE('',*,*,#4274,.F.);
#5583 = ORIENTED_EDGE('',*,*,#4233,.T.);
#5584 = ORIENTED_EDGE('',*,*,#4209,.T.);
#5585 = ORIENTED_EDGE('',*,*,#4257,.F.);
#5586 = PLANE('',#5587);
#5587 = AXIS2_PLACEMENT_3D('',#5588,#5589,#5590);
#5588 = CARTESIAN_POINT('',(122.7269872981,0.6,100.60731409782));
#5589 = DIRECTION('',(0.,1.,0.));
#5590 = DIRECTION('',(0.866025403784,0.,0.5));
#5591 = ADVANCED_FACE('',(#5592),#5598,.F.);
#5592 = FACE_BOUND('',#5593,.F.);
#5593 = EDGE_LOOP('',(#5594,#5595,#5596,#5597));
#5594 = ORIENTED_EDGE('',*,*,#4370,.F.);
#5595 = ORIENTED_EDGE('',*,*,#4329,.T.);
#5596 = ORIENTED_EDGE('',*,*,#4305,.T.);
#5597 = ORIENTED_EDGE('',*,*,#4353,.F.);
#5598 = PLANE('',#5599);
#5599 = AXIS2_PLACEMENT_3D('',#5600,#5601,#5602);
#5600 = CARTESIAN_POINT('',(117.13107713091,0.6,150.19058778725));
#5601 = DIRECTION('',(0.,1.,0.));
#5602 = DIRECTION('',(-0.965925826289,0.,0.258819045103));
#5603 = ADVANCED_FACE('',(#5604),#5610,.F.);
#5604 = FACE_BOUND('',#5605,.F.);
#5605 = EDGE_LOOP('',(#5606,#5607,#5608,#5609));
#5606 = ORIENTED_EDGE('',*,*,#4466,.F.);
#5607 = ORIENTED_EDGE('',*,*,#4425,.T.);
#5608 = ORIENTED_EDGE('',*,*,#4401,.T.);
#5609 = ORIENTED_EDGE('',*,*,#4449,.F.);
#5610 = PLANE('',#5611);
#5611 = AXIS2_PLACEMENT_3D('',#5612,#5613,#5614);
#5612 = CARTESIAN_POINT('',(123.59301270189,0.6,147.37268590218));
#5613 = DIRECTION('',(0.,1.,0.));
#5614 = DIRECTION('',(-0.866025403784,0.,0.5));
#5615 = ADVANCED_FACE('',(#5616),#5622,.F.);
#5616 = FACE_BOUND('',#5617,.F.);
#5617 = EDGE_LOOP('',(#5618,#5619,#5620,#5621));
#5618 = ORIENTED_EDGE('',*,*,#4562,.F.);
#5619 = ORIENTED_EDGE('',*,*,#4521,.T.);
#5620 = ORIENTED_EDGE('',*,*,#4497,.T.);
#5621 = ORIENTED_EDGE('',*,*,#4545,.F.);
#5622 = PLANE('',#5623);
#5623 = AXIS2_PLACEMENT_3D('',#5624,#5625,#5626);
#5624 = CARTESIAN_POINT('',(128.39832970144,0.6,104.79456351737));
#5625 = DIRECTION('',(0.,1.,0.));
#5626 = DIRECTION('',(0.707106781187,0.,0.707106781187));
#5627 = ADVANCED_FACE('',(#5628),#5634,.F.);
#5628 = FACE_BOUND('',#5629,.F.);
#5629 = EDGE_LOOP('',(#5630,#5631,#5632,#5633));
#5630 = ORIENTED_EDGE('',*,*,#4658,.F.);
#5631 = ORIENTED_EDGE('',*,*,#4617,.T.);
#5632 = ORIENTED_EDGE('',*,*,#4593,.T.);
#5633 = ORIENTED_EDGE('',*,*,#4641,.F.);
#5634 = PLANE('',#5635);
#5635 = AXIS2_PLACEMENT_3D('',#5636,#5637,#5638);
#5636 = CARTESIAN_POINT('',(132.79268590218,0.6,110.3069872981));
#5637 = DIRECTION('',(0.,1.,0.));
#5638 = DIRECTION('',(0.5,0.,0.866025403784));
#5639 = ADVANCED_FACE('',(#5640),#5646,.F.);
#5640 = FACE_BOUND('',#5641,.F.);
#5641 = EDGE_LOOP('',(#5642,#5643,#5644,#5645));
#5642 = ORIENTED_EDGE('',*,*,#4754,.F.);
#5643 = ORIENTED_EDGE('',*,*,#4713,.T.);
#5644 = ORIENTED_EDGE('',*,*,#4689,.T.);
#5645 = ORIENTED_EDGE('',*,*,#4737,.F.);
#5646 = PLANE('',#5647);
#5647 = AXIS2_PLACEMENT_3D('',#5648,#5649,#5650);
#5648 = CARTESIAN_POINT('',(135.61058778725,0.6,116.76892286908));
#5649 = DIRECTION('',(0.,1.,0.));
#5650 = DIRECTION('',(0.258819045103,0.,0.965925826289));
#5651 = ADVANCED_FACE('',(#5652),#5658,.F.);
#5652 = FACE_BOUND('',#5653,.F.);
#5653 = EDGE_LOOP('',(#5654,#5655,#5656,#5657));
#5654 = ORIENTED_EDGE('',*,*,#4850,.F.);
#5655 = ORIENTED_EDGE('',*,*,#4809,.T.);
#5656 = ORIENTED_EDGE('',*,*,#4785,.T.);
#5657 = ORIENTED_EDGE('',*,*,#4833,.F.);
#5658 = PLANE('',#5659);
#5659 = AXIS2_PLACEMENT_3D('',#5660,#5661,#5662);
#5660 = CARTESIAN_POINT('',(136.66,0.6,123.74));
#5661 = DIRECTION('',(0.,1.,0.));
#5662 = DIRECTION('',(0.,0.,1.));
#5663 = ADVANCED_FACE('',(#5664),#5670,.F.);
#5664 = FACE_BOUND('',#5665,.F.);
#5665 = EDGE_LOOP('',(#5666,#5667,#5668,#5669));
#5666 = ORIENTED_EDGE('',*,*,#4946,.F.);
#5667 = ORIENTED_EDGE('',*,*,#4905,.T.);
#5668 = ORIENTED_EDGE('',*,*,#4881,.T.);
#5669 = ORIENTED_EDGE('',*,*,#4929,.F.);
#5670 = PLANE('',#5671);
#5671 = AXIS2_PLACEMENT_3D('',#5672,#5673,#5674);
#5672 = CARTESIAN_POINT('',(129.10543648263,0.6,142.97832970144));
#5673 = DIRECTION('',(0.,1.,0.));
#5674 = DIRECTION('',(-0.707106781187,0.,0.707106781187));
#5675 = ADVANCED_FACE('',(#5676),#5682,.F.);
#5676 = FACE_BOUND('',#5677,.F.);
#5677 = EDGE_LOOP('',(#5678,#5679,#5680,#5681));
#5678 = ORIENTED_EDGE('',*,*,#5042,.F.);
#5679 = ORIENTED_EDGE('',*,*,#5001,.T.);
#5680 = ORIENTED_EDGE('',*,*,#4977,.T.);
#5681 = ORIENTED_EDGE('',*,*,#5025,.F.);
#5682 = PLANE('',#5683);
#5683 = AXIS2_PLACEMENT_3D('',#5684,#5685,#5686);
#5684 = CARTESIAN_POINT('',(133.29268590218,0.6,137.3069872981));
#5685 = DIRECTION('',(0.,1.,0.));
#5686 = DIRECTION('',(-0.5,0.,0.866025403784));
#5687 = ADVANCED_FACE('',(#5688),#5694,.F.);
#5688 = FACE_BOUND('',#5689,.F.);
#5689 = EDGE_LOOP('',(#5690,#5691,#5692,#5693));
#5690 = ORIENTED_EDGE('',*,*,#5138,.F.);
#5691 = ORIENTED_EDGE('',*,*,#5097,.T.);
#5692 = ORIENTED_EDGE('',*,*,#5073,.T.);
#5693 = ORIENTED_EDGE('',*,*,#5121,.F.);
#5694 = PLANE('',#5695);
#5695 = AXIS2_PLACEMENT_3D('',#5696,#5697,#5698);
#5696 = CARTESIAN_POINT('',(135.86940683235,0.6,130.74515130462));
#5697 = DIRECTION('',(0.,1.,0.));
#5698 = DIRECTION('',(-0.258819045103,0.,0.965925826289));
#5699 = ADVANCED_FACE('',(#5700,#5703),#5714,.T.);
#5700 = FACE_BOUND('',#5701,.T.);
#5701 = EDGE_LOOP('',(#5702));
#5702 = ORIENTED_EDGE('',*,*,#5160,.T.);
#5703 = FACE_BOUND('',#5704,.T.);
#5704 = EDGE_LOOP('',(#5705));
#5705 = ORIENTED_EDGE('',*,*,#5706,.F.);
#5706 = EDGE_CURVE('',#5707,#5707,#5709,.T.);
#5707 = VERTEX_POINT('',#5708);
#5708 = CARTESIAN_POINT('',(70.16,10.1,20.));
#5709 = CIRCLE('',#5710,2.);
#5710 = AXIS2_PLACEMENT_3D('',#5711,#5712,#5713);
#5711 = CARTESIAN_POINT('',(70.16,10.1,18.));
#5712 = DIRECTION('',(0.,1.,0.));
#5713 = DIRECTION('',(0.,-0.,1.));
#5714 = PLANE('',#5715);
#5715 = AXIS2_PLACEMENT_3D('',#5716,#5717,#5718);
#5716 = CARTESIAN_POINT('',(70.16,10.1,18.));
#5717 = DIRECTION('',(0.,1.,0.));
#5718 = DIRECTION('',(0.,-0.,1.));
#5719 = ADVANCED_FACE('',(#5720,#5723),#5734,.T.);
#5720 = FACE_BOUND('',#5721,.T.);
#5721 = EDGE_LOOP('',(#5722));
#5722 = ORIENTED_EDGE('',*,*,#5281,.T.);
#5723 = FACE_BOUND('',#5724,.T.);
#5724 = EDGE_LOOP('',(#5725));
#5725 = ORIENTED_EDGE('',*,*,#5726,.F.);
#5726 = EDGE_CURVE('',#5727,#5727,#5729,.T.);
#5727 = VERTEX_POINT('',#5728);
#5728 = CARTESIAN_POINT('',(70.16,10.1,187.24));
#5729 = CIRCLE('',#5730,2.);
#5730 = AXIS2_PLACEMENT_3D('',#5731,#5732,#5733);
#5731 = CARTESIAN_POINT('',(70.16,10.1,185.24));
#5732 = DIRECTION('',(0.,1.,0.));
#5733 = DIRECTION('',(0.,-0.,1.));
#5734 = PLANE('',#5735);
#5735 = AXIS2_PLACEMENT_3D('',#5736,#5737,#5738);
#5736 = CARTESIAN_POINT('',(70.16,10.1,185.24));
#5737 = DIRECTION('',(0.,1.,0.));
#5738 = DIRECTION('',(0.,-0.,1.));
#5739 = ADVANCED_FACE('',(#5740,#5743),#5754,.T.);
#5740 = FACE_BOUND('',#5741,.T.);
#5741 = EDGE_LOOP('',(#5742));
#5742 = ORIENTED_EDGE('',*,*,#5306,.T.);
#5743 = FACE_BOUND('',#5744,.T.);
#5744 = EDGE_LOOP('',(#5745));
#5745 = ORIENTED_EDGE('',*,*,#5746,.F.);
#5746 = EDGE_CURVE('',#5747,#5747,#5749,.T.);
#5747 = VERTEX_POINT('',#5748);
#5748 = CARTESIAN_POINT('',(149.16,10.1,20.));
#5749 = CIRCLE('',#5750,2.);
#5750 = AXIS2_PLACEMENT_3D('',#5751,#5752,#5753);
#5751 = CARTESIAN_POINT('',(149.16,10.1,18.));
#5752 = DIRECTION('',(0.,1.,0.));
#5753 = DIRECTION('',(0.,-0.,1.));
#5754 = PLANE('',#5755);
#5755 = AXIS2_PLACEMENT_3D('',#5756,#5757,#5758);
#5756 = CARTESIAN_POINT('',(149.16,10.1,18.));
#5757 = DIRECTION('',(0.,1.,0.));
#5758 = DIRECTION('',(0.,-0.,1.));
#5759 = ADVANCED_FACE('',(#5760,#5763),#5774,.T.);
#5760 = FACE_BOUND('',#5761,.T.);
#5761 = EDGE_LOOP('',(#5762));
#5762 = ORIENTED_EDGE('',*,*,#5356,.T.);
#5763 = FACE_BOUND('',#5764,.T.);
#5764 = EDGE_LOOP('',(#5765));
#5765 = ORIENTED_EDGE('',*,*,#5766,.F.);
#5766 = EDGE_CURVE('',#5767,#5767,#5769,.T.);
#5767 = VERTEX_POINT('',#5768);
#5768 = CARTESIAN_POINT('',(149.16,10.1,187.24));
#5769 = CIRCLE('',#5770,2.);
#5770 = AXIS2_PLACEMENT_3D('',#5771,#5772,#5773);
#5771 = CARTESIAN_POINT('',(149.16,10.1,185.24));
#5772 = DIRECTION('',(0.,1.,0.));
#5773 = DIRECTION('',(0.,-0.,1.));
#5774 = PLANE('',#5775);
#5775 = AXIS2_PLACEMENT_3D('',#5776,#5777,#5778);
#5776 = CARTESIAN_POINT('',(149.16,10.1,185.24));
#5777 = DIRECTION('',(0.,1.,0.));
#5778 = DIRECTION('',(0.,-0.,1.));
#5779 = ADVANCED_FACE('',(#5780),#5799,.F.);
#5780 = FACE_BOUND('',#5781,.F.);
#5781 = EDGE_LOOP('',(#5782,#5783,#5791,#5798));
#5782 = ORIENTED_EDGE('',*,*,#5706,.F.);
#5783 = ORIENTED_EDGE('',*,*,#5784,.F.);
#5784 = EDGE_CURVE('',#5785,#5707,#5787,.T.);
#5785 = VERTEX_POINT('',#5786);
#5786 = CARTESIAN_POINT('',(70.16,3.9,20.));
#5787 = LINE('',#5788,#5789);
#5788 = CARTESIAN_POINT('',(70.16,3.9,20.));
#5789 = VECTOR('',#5790,1.);
#5790 = DIRECTION('',(0.,1.,0.));
#5791 = ORIENTED_EDGE('',*,*,#5792,.T.);
#5792 = EDGE_CURVE('',#5785,#5785,#5793,.T.);
#5793 = CIRCLE('',#5794,2.);
#5794 = AXIS2_PLACEMENT_3D('',#5795,#5796,#5797);
#5795 = CARTESIAN_POINT('',(70.16,3.9,18.));
#5796 = DIRECTION('',(0.,1.,0.));
#5797 = DIRECTION('',(0.,-0.,1.));
#5798 = ORIENTED_EDGE('',*,*,#5784,.T.);
#5799 = CYLINDRICAL_SURFACE('',#5800,2.);
#5800 = AXIS2_PLACEMENT_3D('',#5801,#5802,#5803);
#5801 = CARTESIAN_POINT('',(70.16,3.9,18.));
#5802 = DIRECTION('',(0.,1.,0.));
#5803 = DIRECTION('',(0.,-0.,1.));
#5804 = ADVANCED_FACE('',(#5805),#5824,.F.);
#5805 = FACE_BOUND('',#5806,.F.);
#5806 = EDGE_LOOP('',(#5807,#5808,#5816,#5823));
#5807 = ORIENTED_EDGE('',*,*,#5726,.F.);
#5808 = ORIENTED_EDGE('',*,*,#5809,.F.);
#5809 = EDGE_CURVE('',#5810,#5727,#5812,.T.);
#5810 = VERTEX_POINT('',#5811);
#5811 = CARTESIAN_POINT('',(70.16,3.9,187.24));
#5812 = LINE('',#5813,#5814);
#5813 = CARTESIAN_POINT('',(70.16,3.9,187.24));
#5814 = VECTOR('',#5815,1.);
#5815 = DIRECTION('',(0.,1.,0.));
#5816 = ORIENTED_EDGE('',*,*,#5817,.T.);
#5817 = EDGE_CURVE('',#5810,#5810,#5818,.T.);
#5818 = CIRCLE('',#5819,2.);
#5819 = AXIS2_PLACEMENT_3D('',#5820,#5821,#5822);
#5820 = CARTESIAN_POINT('',(70.16,3.9,185.24));
#5821 = DIRECTION('',(0.,1.,0.));
#5822 = DIRECTION('',(0.,-0.,1.));
#5823 = ORIENTED_EDGE('',*,*,#5809,.T.);
#5824 = CYLINDRICAL_SURFACE('',#5825,2.);
#5825 = AXIS2_PLACEMENT_3D('',#5826,#5827,#5828);
#5826 = CARTESIAN_POINT('',(70.16,3.9,185.24));
#5827 = DIRECTION('',(0.,1.,0.));
#5828 = DIRECTION('',(0.,-0.,1.));
#5829 = ADVANCED_FACE('',(#5830),#5849,.F.);
#5830 = FACE_BOUND('',#5831,.F.);
#5831 = EDGE_LOOP('',(#5832,#5833,#5841,#5848));
#5832 = ORIENTED_EDGE('',*,*,#5746,.F.);
#5833 = ORIENTED_EDGE('',*,*,#5834,.F.);
#5834 = EDGE_CURVE('',#5835,#5747,#5837,.T.);
#5835 = VERTEX_POINT('',#5836);
#5836 = CARTESIAN_POINT('',(149.16,3.9,20.));
#5837 = LINE('',#5838,#5839);
#5838 = CARTESIAN_POINT('',(149.16,3.9,20.));
#5839 = VECTOR('',#5840,1.);
#5840 = DIRECTION('',(0.,1.,0.));
#5841 = ORIENTED_EDGE('',*,*,#5842,.T.);
#5842 = EDGE_CURVE('',#5835,#5835,#5843,.T.);
#5843 = CIRCLE('',#5844,2.);
#5844 = AXIS2_PLACEMENT_3D('',#5845,#5846,#5847);
#5845 = CARTESIAN_POINT('',(149.16,3.9,18.));
#5846 = DIRECTION('',(0.,1.,0.));
#5847 = DIRECTION('',(0.,-0.,1.));
#5848 = ORIENTED_EDGE('',*,*,#5834,.T.);
#5849 = CYLINDRICAL_SURFACE('',#5850,2.);
#5850 = AXIS2_PLACEMENT_3D('',#5851,#5852,#5853);
#5851 = CARTESIAN_POINT('',(149.16,3.9,18.));
#5852 = DIRECTION('',(0.,1.,0.));
#5853 = DIRECTION('',(0.,-0.,1.));
#5854 = ADVANCED_FACE('',(#5855),#5874,.F.);
#5855 = FACE_BOUND('',#5856,.F.);
#5856 = EDGE_LOOP('',(#5857,#5858,#5866,#5873));
#5857 = ORIENTED_EDGE('',*,*,#5766,.F.);
#5858 = ORIENTED_EDGE('',*,*,#5859,.F.);
#5859 = EDGE_CURVE('',#5860,#5767,#5862,.T.);
#5860 = VERTEX_POINT('',#5861);
#5861 = CARTESIAN_POINT('',(149.16,3.9,187.24));
#5862 = LINE('',#5863,#5864);
#5863 = CARTESIAN_POINT('',(149.16,3.9,187.24));
#5864 = VECTOR('',#5865,1.);
#5865 = DIRECTION('',(0.,1.,0.));
#5866 = ORIENTED_EDGE('',*,*,#5867,.T.);
#5867 = EDGE_CURVE('',#5860,#5860,#5868,.T.);
#5868 = CIRCLE('',#5869,2.);
#5869 = AXIS2_PLACEMENT_3D('',#5870,#5871,#5872);
#5870 = CARTESIAN_POINT('',(149.16,3.9,185.24));
#5871 = DIRECTION('',(0.,1.,0.));
#5872 = DIRECTION('',(0.,-0.,1.));
#5873 = ORIENTED_EDGE('',*,*,#5859,.T.);
#5874 = CYLINDRICAL_SURFACE('',#5875,2.);
#5875 = AXIS2_PLACEMENT_3D('',#5876,#5877,#5878);
#5876 = CARTESIAN_POINT('',(149.16,3.9,185.24));
#5877 = DIRECTION('',(0.,1.,0.));
#5878 = DIRECTION('',(0.,-0.,1.));
#5879 = ADVANCED_FACE('',(#5880),#5883,.T.);
#5880 = FACE_BOUND('',#5881,.F.);
#5881 = EDGE_LOOP('',(#5882));
#5882 = ORIENTED_EDGE('',*,*,#5792,.F.);
#5883 = PLANE('',#5884);
#5884 = AXIS2_PLACEMENT_3D('',#5885,#5886,#5887);
#5885 = CARTESIAN_POINT('',(70.16,3.9,18.));
#5886 = DIRECTION('',(0.,1.,0.));
#5887 = DIRECTION('',(0.,-0.,1.));
#5888 = ADVANCED_FACE('',(#5889),#5892,.T.);
#5889 = FACE_BOUND('',#5890,.F.);
#5890 = EDGE_LOOP('',(#5891));
#5891 = ORIENTED_EDGE('',*,*,#5817,.F.);
#5892 = PLANE('',#5893);
#5893 = AXIS2_PLACEMENT_3D('',#5894,#5895,#5896);
#5894 = CARTESIAN_POINT('',(70.16,3.9,185.24));
#5895 = DIRECTION('',(0.,1.,0.));
#5896 = DIRECTION('',(0.,-0.,1.));
#5897 = ADVANCED_FACE('',(#5898),#5901,.T.);
#5898 = FACE_BOUND('',#5899,.F.);
#5899 = EDGE_LOOP('',(#5900));
#5900 = ORIENTED_EDGE('',*,*,#5842,.F.);
#5901 = PLANE('',#5902);
#5902 = AXIS2_PLACEMENT_3D('',#5903,#5904,#5905);
#5903 = CARTESIAN_POINT('',(149.16,3.9,18.));
#5904 = DIRECTION('',(0.,1.,0.));
#5905 = DIRECTION('',(0.,-0.,1.));
#5906 = ADVANCED_FACE('',(#5907),#5910,.T.);
#5907 = FACE_BOUND('',#5908,.F.);
#5908 = EDGE_LOOP('',(#5909));
#5909 = ORIENTED_EDGE('',*,*,#5867,.F.);
#5910 = PLANE('',#5911);
#5911 = AXIS2_PLACEMENT_3D('',#5912,#5913,#5914);
#5912 = CARTESIAN_POINT('',(149.16,3.9,185.24));
#5913 = DIRECTION('',(0.,1.,0.));
#5914 = DIRECTION('',(0.,-0.,1.));
#5915 = MANIFOLD_SOLID_BREP('',#5916);
#5916 = CLOSED_SHELL('',(#5917,#5945,#6173,#6198,#6646,#6674,#6685,#6725
    ,#6813,#6831,#6841,#6876,#6894,#6904,#6937,#6965,#6976,#7001,#7064,
    #7132,#7156,#7173,#7207,#7241,#7275,#7309,#7334,#7368,#7385,#7402,
    #7433,#7457,#7481,#7498,#7529,#7553,#7577,#7594,#7628,#7662,#7693,
    #7717,#7741,#7765,#7789,#7813,#7837,#7861,#7885,#7909,#7933,#7957,
    #7981,#7998,#8023,#8057,#8082,#8116,#8150,#8209,#8261,#8404,#8439,
    #8464,#8489,#8501,#8568,#8592,#8616,#8633,#8658,#8683,#8708,#8733,
    #8759,#8785,#8811,#8837,#8886,#8912,#8924,#8936,#8962,#8988,#9237,
    #9255,#9273,#9291,#9301,#9313,#9330,#9347,#9365,#9375,#9385,#9403,
    #9413,#9422,#9431,#9480,#9509,#9526,#9538,#9560,#9577,#9594,#9606,
    #9630,#9654,#9671,#9696,#9721,#9733,#9742));
#5917 = ADVANCED_FACE('',(#5918,#5929),#5940,.F.);
#5918 = FACE_BOUND('',#5919,.F.);
#5919 = EDGE_LOOP('',(#5920));
#5920 = ORIENTED_EDGE('',*,*,#5921,.T.);
#5921 = EDGE_CURVE('',#5922,#5922,#5924,.T.);
#5922 = VERTEX_POINT('',#5923);
#5923 = CARTESIAN_POINT('',(-45.,20.5,59.5));
#5924 = CIRCLE('',#5925,25.);
#5925 = AXIS2_PLACEMENT_3D('',#5926,#5927,#5928);
#5926 = CARTESIAN_POINT('',(-45.,20.5,34.5));
#5927 = DIRECTION('',(0.,1.,0.));
#5928 = DIRECTION('',(0.,-0.,1.));
#5929 = FACE_BOUND('',#5930,.F.);
#5930 = EDGE_LOOP('',(#5931));
#5931 = ORIENTED_EDGE('',*,*,#5932,.F.);
#5932 = EDGE_CURVE('',#5933,#5933,#5935,.T.);
#5933 = VERTEX_POINT('',#5934);
#5934 = CARTESIAN_POINT('',(-45.,20.5,59.083333333333));
#5935 = CIRCLE('',#5936,24.583333333333);
#5936 = AXIS2_PLACEMENT_3D('',#5937,#5938,#5939);
#5937 = CARTESIAN_POINT('',(-45.,20.5,34.5));
#5938 = DIRECTION('',(0.,1.,0.));
#5939 = DIRECTION('',(0.,-0.,1.));
#5940 = PLANE('',#5941);
#5941 = AXIS2_PLACEMENT_3D('',#5942,#5943,#5944);
#5942 = CARTESIAN_POINT('',(-45.,20.5,34.5));
#5943 = DIRECTION('',(0.,1.,0.));
#5944 = DIRECTION('',(0.,-0.,1.));
#5945 = ADVANCED_FACE('',(#5946),#6168,.T.);
#5946 = FACE_BOUND('',#5947,.T.);
#5947 = EDGE_LOOP('',(#5948,#5955,#5956,#5957,#5966,#5974,#5983,#5991,
    #6000,#6008,#6017,#6025,#6034,#6042,#6051,#6059,#6068,#6076,#6085,
    #6093,#6102,#6110,#6119,#6127,#6136,#6144,#6153,#6161));
#5948 = ORIENTED_EDGE('',*,*,#5949,.F.);
#5949 = EDGE_CURVE('',#5922,#5950,#5952,.T.);
#5950 = VERTEX_POINT('',#5951);
#5951 = CARTESIAN_POINT('',(-45.,51.56,59.5));
#5952 = B_SPLINE_CURVE_WITH_KNOTS('',1,(#5953,#5954),.UNSPECIFIED.,.F.,
  .F.,(2,2),(0.,31.06),.PIECEWISE_BEZIER_KNOTS.);
#5953 = CARTESIAN_POINT('',(-45.,20.5,59.5));
#5954 = CARTESIAN_POINT('',(-45.,51.56,59.5));
#5955 = ORIENTED_EDGE('',*,*,#5921,.T.);
#5956 = ORIENTED_EDGE('',*,*,#5949,.T.);
#5957 = ORIENTED_EDGE('',*,*,#5958,.F.);
#5958 = EDGE_CURVE('',#5959,#5950,#5961,.T.);
#5959 = VERTEX_POINT('',#5960);
#5960 = CARTESIAN_POINT('',(-59.22222399147,51.56,55.06035857509));
#5961 = CIRCLE('',#5962,25.);
#5962 = AXIS2_PLACEMENT_3D('',#5963,#5964,#5965);
#5963 = CARTESIAN_POINT('',(-45.,51.56,34.5));
#5964 = DIRECTION('',(0.,1.,0.));
#5965 = DIRECTION('',(0.,-0.,1.));
#5966 = ORIENTED_EDGE('',*,*,#5967,.F.);
#5967 = EDGE_CURVE('',#5968,#5959,#5970,.T.);
#5968 = VERTEX_POINT('',#5969);
#5969 = CARTESIAN_POINT('',(-59.22222399147,47.46,55.06035857509));
#5970 = LINE('',#5971,#5972);
#5971 = CARTESIAN_POINT('',(-59.22222399147,20.5,55.06035857509));
#5972 = VECTOR('',#5973,1.);
#5973 = DIRECTION('',(0.,1.,0.));
#5974 = ORIENTED_EDGE('',*,*,#5975,.F.);
#5975 = EDGE_CURVE('',#5976,#5968,#5978,.T.);
#5976 = VERTEX_POINT('',#5977);
#5977 = CARTESIAN_POINT('',(-65.56035857509,47.46,48.722223991476));
#5978 = CIRCLE('',#5979,25.);
#5979 = AXIS2_PLACEMENT_3D('',#5980,#5981,#5982);
#5980 = CARTESIAN_POINT('',(-45.,47.46,34.5));
#5981 = DIRECTION('',(0.,1.,0.));
#5982 = DIRECTION('',(0.,-0.,1.));
#5983 = ORIENTED_EDGE('',*,*,#5984,.T.);
#5984 = EDGE_CURVE('',#5976,#5985,#5987,.T.);
#5985 = VERTEX_POINT('',#5986);
#5986 = CARTESIAN_POINT('',(-65.56035857509,51.56,48.722223991476));
#5987 = LINE('',#5988,#5989);
#5988 = CARTESIAN_POINT('',(-65.56035857509,20.5,48.722223991476));
#5989 = VECTOR('',#5990,1.);
#5990 = DIRECTION('',(0.,1.,0.));
#5991 = ORIENTED_EDGE('',*,*,#5992,.F.);
#5992 = EDGE_CURVE('',#5993,#5985,#5995,.T.);
#5993 = VERTEX_POINT('',#5994);
#5994 = CARTESIAN_POINT('',(-66.0416254125,51.56,21.));
#5995 = CIRCLE('',#5996,25.);
#5996 = AXIS2_PLACEMENT_3D('',#5997,#5998,#5999);
#5997 = CARTESIAN_POINT('',(-45.,51.56,34.5));
#5998 = DIRECTION('',(0.,1.,0.));
#5999 = DIRECTION('',(0.,-0.,1.));
#6000 = ORIENTED_EDGE('',*,*,#6001,.F.);
#6001 = EDGE_CURVE('',#6002,#5993,#6004,.T.);
#6002 = VERTEX_POINT('',#6003);
#6003 = CARTESIAN_POINT('',(-66.0416254125,51.26,21.));
#6004 = LINE('',#6005,#6006);
#6005 = CARTESIAN_POINT('',(-66.0416254125,20.5,21.));
#6006 = VECTOR('',#6007,1.);
#6007 = DIRECTION('',(0.,1.,0.));
#6008 = ORIENTED_EDGE('',*,*,#6009,.F.);
#6009 = EDGE_CURVE('',#6010,#6002,#6012,.T.);
#6010 = VERTEX_POINT('',#6011);
#6011 = CARTESIAN_POINT('',(-65.56035857509,51.26,20.277776008524));
#6012 = CIRCLE('',#6013,25.);
#6013 = AXIS2_PLACEMENT_3D('',#6014,#6015,#6016);
#6014 = CARTESIAN_POINT('',(-45.,51.26,34.5));
#6015 = DIRECTION('',(0.,1.,0.));
#6016 = DIRECTION('',(0.,-0.,1.));
#6017 = ORIENTED_EDGE('',*,*,#6018,.F.);
#6018 = EDGE_CURVE('',#6019,#6010,#6021,.T.);
#6019 = VERTEX_POINT('',#6020);
#6020 = CARTESIAN_POINT('',(-65.56035857509,47.46,20.277776008524));
#6021 = LINE('',#6022,#6023);
#6022 = CARTESIAN_POINT('',(-65.56035857509,20.5,20.277776008524));
#6023 = VECTOR('',#6024,1.);
#6024 = DIRECTION('',(0.,1.,0.));
#6025 = ORIENTED_EDGE('',*,*,#6026,.F.);
#6026 = EDGE_CURVE('',#6027,#6019,#6029,.T.);
#6027 = VERTEX_POINT('',#6028);
#6028 = CARTESIAN_POINT('',(-59.22222399147,47.46,13.93964142491));
#6029 = CIRCLE('',#6030,25.);
#6030 = AXIS2_PLACEMENT_3D('',#6031,#6032,#6033);
#6031 = CARTESIAN_POINT('',(-45.,47.46,34.5));
#6032 = DIRECTION('',(0.,1.,0.));
#6033 = DIRECTION('',(0.,-0.,1.));
#6034 = ORIENTED_EDGE('',*,*,#6035,.T.);
#6035 = EDGE_CURVE('',#6027,#6036,#6038,.T.);
#6036 = VERTEX_POINT('',#6037);
#6037 = CARTESIAN_POINT('',(-59.22222399147,51.26,13.93964142491));
#6038 = LINE('',#6039,#6040);
#6039 = CARTESIAN_POINT('',(-59.22222399147,20.5,13.93964142491));
#6040 = VECTOR('',#6041,1.);
#6041 = DIRECTION('',(0.,1.,0.));
#6042 = ORIENTED_EDGE('',*,*,#6043,.F.);
#6043 = EDGE_CURVE('',#6044,#6036,#6046,.T.);
#6044 = VERTEX_POINT('',#6045);
#6045 = CARTESIAN_POINT('',(-53.52936105461,51.26,11.));
#6046 = CIRCLE('',#6047,25.);
#6047 = AXIS2_PLACEMENT_3D('',#6048,#6049,#6050);
#6048 = CARTESIAN_POINT('',(-45.,51.26,34.5));
#6049 = DIRECTION('',(0.,1.,0.));
#6050 = DIRECTION('',(0.,-0.,1.));
#6051 = ORIENTED_EDGE('',*,*,#6052,.T.);
#6052 = EDGE_CURVE('',#6044,#6053,#6055,.T.);
#6053 = VERTEX_POINT('',#6054);
#6054 = CARTESIAN_POINT('',(-53.52936105461,51.56,11.));
#6055 = LINE('',#6056,#6057);
#6056 = CARTESIAN_POINT('',(-53.52936105461,20.5,11.));
#6057 = VECTOR('',#6058,1.);
#6058 = DIRECTION('',(0.,1.,0.));
#6059 = ORIENTED_EDGE('',*,*,#6060,.F.);
#6060 = EDGE_CURVE('',#6061,#6053,#6063,.T.);
#6061 = VERTEX_POINT('',#6062);
#6062 = CARTESIAN_POINT('',(-36.47063894538,51.56,11.));
#6063 = CIRCLE('',#6064,25.);
#6064 = AXIS2_PLACEMENT_3D('',#6065,#6066,#6067);
#6065 = CARTESIAN_POINT('',(-45.,51.56,34.5));
#6066 = DIRECTION('',(0.,1.,0.));
#6067 = DIRECTION('',(0.,-0.,1.));
#6068 = ORIENTED_EDGE('',*,*,#6069,.F.);
#6069 = EDGE_CURVE('',#6070,#6061,#6072,.T.);
#6070 = VERTEX_POINT('',#6071);
#6071 = CARTESIAN_POINT('',(-36.47063894538,51.26,11.));
#6072 = LINE('',#6073,#6074);
#6073 = CARTESIAN_POINT('',(-36.47063894538,20.5,11.));
#6074 = VECTOR('',#6075,1.);
#6075 = DIRECTION('',(0.,1.,0.));
#6076 = ORIENTED_EDGE('',*,*,#6077,.F.);
#6077 = EDGE_CURVE('',#6078,#6070,#6080,.T.);
#6078 = VERTEX_POINT('',#6079);
#6079 = CARTESIAN_POINT('',(-30.77777600852,51.26,13.93964142491));
#6080 = CIRCLE('',#6081,25.);
#6081 = AXIS2_PLACEMENT_3D('',#6082,#6083,#6084);
#6082 = CARTESIAN_POINT('',(-45.,51.26,34.5));
#6083 = DIRECTION('',(0.,1.,0.));
#6084 = DIRECTION('',(0.,-0.,1.));
#6085 = ORIENTED_EDGE('',*,*,#6086,.F.);
#6086 = EDGE_CURVE('',#6087,#6078,#6089,.T.);
#6087 = VERTEX_POINT('',#6088);
#6088 = CARTESIAN_POINT('',(-30.77777600852,47.46,13.93964142491));
#6089 = LINE('',#6090,#6091);
#6090 = CARTESIAN_POINT('',(-30.77777600852,20.5,13.93964142491));
#6091 = VECTOR('',#6092,1.);
#6092 = DIRECTION('',(0.,1.,0.));
#6093 = ORIENTED_EDGE('',*,*,#6094,.F.);
#6094 = EDGE_CURVE('',#6095,#6087,#6097,.T.);
#6095 = VERTEX_POINT('',#6096);
#6096 = CARTESIAN_POINT('',(-24.43964142491,47.46,20.277776008524));
#6097 = CIRCLE('',#6098,25.);
#6098 = AXIS2_PLACEMENT_3D('',#6099,#6100,#6101);
#6099 = CARTESIAN_POINT('',(-45.,47.46,34.5));
#6100 = DIRECTION('',(0.,1.,0.));
#6101 = DIRECTION('',(0.,-0.,1.));
#6102 = ORIENTED_EDGE('',*,*,#6103,.T.);
#6103 = EDGE_CURVE('',#6095,#6104,#6106,.T.);
#6104 = VERTEX_POINT('',#6105);
#6105 = CARTESIAN_POINT('',(-24.43964142491,51.26,20.277776008524));
#6106 = LINE('',#6107,#6108);
#6107 = CARTESIAN_POINT('',(-24.43964142491,20.5,20.277776008524));
#6108 = VECTOR('',#6109,1.);
#6109 = DIRECTION('',(0.,1.,0.));
#6110 = ORIENTED_EDGE('',*,*,#6111,.F.);
#6111 = EDGE_CURVE('',#6112,#6104,#6114,.T.);
#6112 = VERTEX_POINT('',#6113);
#6113 = CARTESIAN_POINT('',(-23.95837458749,51.26,21.));
#6114 = CIRCLE('',#6115,25.);
#6115 = AXIS2_PLACEMENT_3D('',#6116,#6117,#6118);
#6116 = CARTESIAN_POINT('',(-45.,51.26,34.5));
#6117 = DIRECTION('',(0.,1.,0.));
#6118 = DIRECTION('',(0.,-0.,1.));
#6119 = ORIENTED_EDGE('',*,*,#6120,.T.);
#6120 = EDGE_CURVE('',#6112,#6121,#6123,.T.);
#6121 = VERTEX_POINT('',#6122);
#6122 = CARTESIAN_POINT('',(-23.95837458749,51.56,21.));
#6123 = LINE('',#6124,#6125);
#6124 = CARTESIAN_POINT('',(-23.95837458749,20.5,21.));
#6125 = VECTOR('',#6126,1.);
#6126 = DIRECTION('',(0.,1.,0.));
#6127 = ORIENTED_EDGE('',*,*,#6128,.F.);
#6128 = EDGE_CURVE('',#6129,#6121,#6131,.T.);
#6129 = VERTEX_POINT('',#6130);
#6130 = CARTESIAN_POINT('',(-24.43964142491,51.56,48.722223991476));
#6131 = CIRCLE('',#6132,25.);
#6132 = AXIS2_PLACEMENT_3D('',#6133,#6134,#6135);
#6133 = CARTESIAN_POINT('',(-45.,51.56,34.5));
#6134 = DIRECTION('',(0.,1.,0.));
#6135 = DIRECTION('',(0.,-0.,1.));
#6136 = ORIENTED_EDGE('',*,*,#6137,.F.);
#6137 = EDGE_CURVE('',#6138,#6129,#6140,.T.);
#6138 = VERTEX_POINT('',#6139);
#6139 = CARTESIAN_POINT('',(-24.43964142491,47.46,48.722223991476));
#6140 = LINE('',#6141,#6142);
#6141 = CARTESIAN_POINT('',(-24.43964142491,20.5,48.722223991476));
#6142 = VECTOR('',#6143,1.);
#6143 = DIRECTION('',(0.,1.,0.));
#6144 = ORIENTED_EDGE('',*,*,#6145,.F.);
#6145 = EDGE_CURVE('',#6146,#6138,#6148,.T.);
#6146 = VERTEX_POINT('',#6147);
#6147 = CARTESIAN_POINT('',(-30.77777600852,47.46,55.06035857509));
#6148 = CIRCLE('',#6149,25.);
#6149 = AXIS2_PLACEMENT_3D('',#6150,#6151,#6152);
#6150 = CARTESIAN_POINT('',(-45.,47.46,34.5));
#6151 = DIRECTION('',(0.,1.,0.));
#6152 = DIRECTION('',(0.,-0.,1.));
#6153 = ORIENTED_EDGE('',*,*,#6154,.T.);
#6154 = EDGE_CURVE('',#6146,#6155,#6157,.T.);
#6155 = VERTEX_POINT('',#6156);
#6156 = CARTESIAN_POINT('',(-30.77777600852,51.56,55.06035857509));
#6157 = LINE('',#6158,#6159);
#6158 = CARTESIAN_POINT('',(-30.77777600852,20.5,55.06035857509));
#6159 = VECTOR('',#6160,1.);
#6160 = DIRECTION('',(0.,1.,0.));
#6161 = ORIENTED_EDGE('',*,*,#6162,.F.);
#6162 = EDGE_CURVE('',#5950,#6155,#6163,.T.);
#6163 = CIRCLE('',#6164,25.);
#6164 = AXIS2_PLACEMENT_3D('',#6165,#6166,#6167);
#6165 = CARTESIAN_POINT('',(-45.,51.56,34.5));
#6166 = DIRECTION('',(0.,1.,0.));
#6167 = DIRECTION('',(0.,-0.,1.));
#6168 = CYLINDRICAL_SURFACE('',#6169,25.);
#6169 = AXIS2_PLACEMENT_3D('',#6170,#6171,#6172);
#6170 = CARTESIAN_POINT('',(-45.,20.5,34.5));
#6171 = DIRECTION('',(0.,1.,0.));
#6172 = DIRECTION('',(0.,-0.,1.));
#6173 = ADVANCED_FACE('',(#6174),#6193,.T.);
#6174 = FACE_BOUND('',#6175,.T.);
#6175 = EDGE_LOOP('',(#6176,#6177,#6185,#6192));
#6176 = ORIENTED_EDGE('',*,*,#5932,.F.);
#6177 = ORIENTED_EDGE('',*,*,#6178,.F.);
#6178 = EDGE_CURVE('',#6179,#5933,#6181,.T.);
#6179 = VERTEX_POINT('',#6180);
#6180 = CARTESIAN_POINT('',(-45.,15.,54.5));
#6181 = LINE('',#6182,#6183);
#6182 = CARTESIAN_POINT('',(-45.,15.,54.5));
#6183 = VECTOR('',#6184,1.);
#6184 = DIRECTION('',(-1.567999551826E-16,0.768221279597,0.640184399664)
  );
#6185 = ORIENTED_EDGE('',*,*,#6186,.T.);
#6186 = EDGE_CURVE('',#6179,#6179,#6187,.T.);
#6187 = CIRCLE('',#6188,20.);
#6188 = AXIS2_PLACEMENT_3D('',#6189,#6190,#6191);
#6189 = CARTESIAN_POINT('',(-45.,15.,34.5));
#6190 = DIRECTION('',(0.,1.,0.));
#6191 = DIRECTION('',(0.,-0.,1.));
#6192 = ORIENTED_EDGE('',*,*,#6178,.T.);
#6193 = CONICAL_SURFACE('',#6194,20.,0.694738276197);
#6194 = AXIS2_PLACEMENT_3D('',#6195,#6196,#6197);
#6195 = CARTESIAN_POINT('',(-45.,15.,34.5));
#6196 = DIRECTION('',(0.,1.,0.));
#6197 = DIRECTION('',(0.,-0.,1.));
#6198 = ADVANCED_FACE('',(#6199,#6233,#6244,#6255,#6266,#6277,#6288,
    #6299,#6382,#6416,#6450,#6461,#6472,#6586,#6597,#6608,#6619,#6630),
  #6641,.F.);
#6199 = FACE_BOUND('',#6200,.F.);
#6200 = EDGE_LOOP('',(#6201,#6211,#6219,#6227));
#6201 = ORIENTED_EDGE('',*,*,#6202,.F.);
#6202 = EDGE_CURVE('',#6203,#6205,#6207,.T.);
#6203 = VERTEX_POINT('',#6204);
#6204 = CARTESIAN_POINT('',(-151.66,51.56,3.));
#6205 = VERTEX_POINT('',#6206);
#6206 = CARTESIAN_POINT('',(61.66,51.56,3.));
#6207 = LINE('',#6208,#6209);
#6208 = CARTESIAN_POINT('',(-151.66,51.56,3.));
#6209 = VECTOR('',#6210,1.);
#6210 = DIRECTION('',(1.,0.,-0.));
#6211 = ORIENTED_EDGE('',*,*,#6212,.T.);
#6212 = EDGE_CURVE('',#6203,#6213,#6215,.T.);
#6213 = VERTEX_POINT('',#6214);
#6214 = CARTESIAN_POINT('',(-151.66,51.56,197.24));
#6215 = LINE('',#6216,#6217);
#6216 = CARTESIAN_POINT('',(-151.66,51.56,3.));
#6217 = VECTOR('',#6218,1.);
#6218 = DIRECTION('',(0.,0.,1.));
#6219 = ORIENTED_EDGE('',*,*,#6220,.T.);
#6220 = EDGE_CURVE('',#6213,#6221,#6223,.T.);
#6221 = VERTEX_POINT('',#6222);
#6222 = CARTESIAN_POINT('',(61.66,51.56,197.24));
#6223 = LINE('',#6224,#6225);
#6224 = CARTESIAN_POINT('',(-151.66,51.56,197.24));
#6225 = VECTOR('',#6226,1.);
#6226 = DIRECTION('',(1.,0.,-0.));
#6227 = ORIENTED_EDGE('',*,*,#6228,.F.);
#6228 = EDGE_CURVE('',#6205,#6221,#6229,.T.);
#6229 = LINE('',#6230,#6231);
#6230 = CARTESIAN_POINT('',(61.66,51.56,3.));
#6231 = VECTOR('',#6232,1.);
#6232 = DIRECTION('',(0.,0.,1.));
#6233 = FACE_BOUND('',#6234,.F.);
#6234 = EDGE_LOOP('',(#6235));
#6235 = ORIENTED_EDGE('',*,*,#6236,.F.);
#6236 = EDGE_CURVE('',#6237,#6237,#6239,.T.);
#6237 = VERTEX_POINT('',#6238);
#6238 = CARTESIAN_POINT('',(-149.16,51.56,19.7));
#6239 = CIRCLE('',#6240,1.7);
#6240 = AXIS2_PLACEMENT_3D('',#6241,#6242,#6243);
#6241 = CARTESIAN_POINT('',(-149.16,51.56,18.));
#6242 = DIRECTION('',(0.,1.,0.));
#6243 = DIRECTION('',(0.,-0.,1.));
#6244 = FACE_BOUND('',#6245,.F.);
#6245 = EDGE_LOOP('',(#6246));
#6246 = ORIENTED_EDGE('',*,*,#6247,.F.);
#6247 = EDGE_CURVE('',#6248,#6248,#6250,.T.);
#6248 = VERTEX_POINT('',#6249);
#6249 = CARTESIAN_POINT('',(-112.06,51.56,96.46));
#6250 = CIRCLE('',#6251,1.7);
#6251 = AXIS2_PLACEMENT_3D('',#6252,#6253,#6254);
#6252 = CARTESIAN_POINT('',(-112.06,51.56,94.76));
#6253 = DIRECTION('',(0.,1.,0.));
#6254 = DIRECTION('',(0.,-0.,1.));
#6255 = FACE_BOUND('',#6256,.F.);
#6256 = EDGE_LOOP('',(#6257));
#6257 = ORIENTED_EDGE('',*,*,#6258,.F.);
#6258 = EDGE_CURVE('',#6259,#6259,#6261,.T.);
#6259 = VERTEX_POINT('',#6260);
#6260 = CARTESIAN_POINT('',(-149.16,51.56,101.82));
#6261 = CIRCLE('',#6262,1.7);
#6262 = AXIS2_PLACEMENT_3D('',#6263,#6264,#6265);
#6263 = CARTESIAN_POINT('',(-149.16,51.56,100.12));
#6264 = DIRECTION('',(0.,1.,0.));
#6265 = DIRECTION('',(0.,-0.,1.));
#6266 = FACE_BOUND('',#6267,.F.);
#6267 = EDGE_LOOP('',(#6268));
#6268 = ORIENTED_EDGE('',*,*,#6269,.F.);
#6269 = EDGE_CURVE('',#6270,#6270,#6272,.T.);
#6270 = VERTEX_POINT('',#6271);
#6271 = CARTESIAN_POINT('',(-149.16,51.56,186.94));
#6272 = CIRCLE('',#6273,1.7);
#6273 = AXIS2_PLACEMENT_3D('',#6274,#6275,#6276);
#6274 = CARTESIAN_POINT('',(-149.16,51.56,185.24));
#6275 = DIRECTION('',(0.,1.,0.));
#6276 = DIRECTION('',(0.,-0.,1.));
#6277 = FACE_BOUND('',#6278,.F.);
#6278 = EDGE_LOOP('',(#6279));
#6279 = ORIENTED_EDGE('',*,*,#6280,.F.);
#6280 = EDGE_CURVE('',#6281,#6281,#6283,.T.);
#6281 = VERTEX_POINT('',#6282);
#6282 = CARTESIAN_POINT('',(-105.,51.56,149.87));
#6283 = CIRCLE('',#6284,3.25);
#6284 = AXIS2_PLACEMENT_3D('',#6285,#6286,#6287);
#6285 = CARTESIAN_POINT('',(-105.,51.56,146.62));
#6286 = DIRECTION('',(0.,1.,0.));
#6287 = DIRECTION('',(0.,-0.,1.));
#6288 = FACE_BOUND('',#6289,.F.);
#6289 = EDGE_LOOP('',(#6290));
#6290 = ORIENTED_EDGE('',*,*,#6291,.F.);
#6291 = EDGE_CURVE('',#6292,#6292,#6294,.T.);
#6292 = VERTEX_POINT('',#6293);
#6293 = CARTESIAN_POINT('',(-112.06,51.56,167.18));
#6294 = CIRCLE('',#6295,1.7);
#6295 = AXIS2_PLACEMENT_3D('',#6296,#6297,#6298);
#6296 = CARTESIAN_POINT('',(-112.06,51.56,165.48));
#6297 = DIRECTION('',(0.,1.,0.));
#6298 = DIRECTION('',(0.,-0.,1.));
#6299 = FACE_BOUND('',#6300,.F.);
#6300 = EDGE_LOOP('',(#6301,#6302,#6303,#6312,#6319,#6320,#6328,#6336,
    #6342,#6343,#6351,#6359,#6365,#6366,#6375));
#6301 = ORIENTED_EDGE('',*,*,#6162,.F.);
#6302 = ORIENTED_EDGE('',*,*,#5958,.F.);
#6303 = ORIENTED_EDGE('',*,*,#6304,.F.);
#6304 = EDGE_CURVE('',#6305,#5959,#6307,.T.);
#6305 = VERTEX_POINT('',#6306);
#6306 = CARTESIAN_POINT('',(-62.67766952966,51.56,56.677669529664));
#6307 = CIRCLE('',#6308,4.5);
#6308 = AXIS2_PLACEMENT_3D('',#6309,#6310,#6311);
#6309 = CARTESIAN_POINT('',(-62.67766952966,51.56,52.177669529664));
#6310 = DIRECTION('',(0.,1.,0.));
#6311 = DIRECTION('',(0.,-0.,1.));
#6312 = ORIENTED_EDGE('',*,*,#6313,.F.);
#6313 = EDGE_CURVE('',#5985,#6305,#6314,.T.);
#6314 = CIRCLE('',#6315,4.5);
#6315 = AXIS2_PLACEMENT_3D('',#6316,#6317,#6318);
#6316 = CARTESIAN_POINT('',(-62.67766952966,51.56,52.177669529664));
#6317 = DIRECTION('',(0.,1.,0.));
#6318 = DIRECTION('',(0.,-0.,1.));
#6319 = ORIENTED_EDGE('',*,*,#5992,.F.);
#6320 = ORIENTED_EDGE('',*,*,#6321,.F.);
#6321 = EDGE_CURVE('',#6322,#5993,#6324,.T.);
#6322 = VERTEX_POINT('',#6323);
#6323 = CARTESIAN_POINT('',(-130.66,51.56,21.));
#6324 = LINE('',#6325,#6326);
#6325 = CARTESIAN_POINT('',(-141.16,51.56,21.));
#6326 = VECTOR('',#6327,1.);
#6327 = DIRECTION('',(1.,0.,-0.));
#6328 = ORIENTED_EDGE('',*,*,#6329,.T.);
#6329 = EDGE_CURVE('',#6322,#6330,#6332,.T.);
#6330 = VERTEX_POINT('',#6331);
#6331 = CARTESIAN_POINT('',(-130.66,51.56,11.));
#6332 = LINE('',#6333,#6334);
#6333 = CARTESIAN_POINT('',(-130.66,51.56,7.));
#6334 = VECTOR('',#6335,1.);
#6335 = DIRECTION('',(-0.,0.,-1.));
#6336 = ORIENTED_EDGE('',*,*,#6337,.T.);
#6337 = EDGE_CURVE('',#6330,#6053,#6338,.T.);
#6338 = LINE('',#6339,#6340);
#6339 = CARTESIAN_POINT('',(-141.16,51.56,11.));
#6340 = VECTOR('',#6341,1.);
#6341 = DIRECTION('',(1.,0.,-0.));
#6342 = ORIENTED_EDGE('',*,*,#6060,.F.);
#6343 = ORIENTED_EDGE('',*,*,#6344,.T.);
#6344 = EDGE_CURVE('',#6061,#6345,#6347,.T.);
#6345 = VERTEX_POINT('',#6346);
#6346 = CARTESIAN_POINT('',(40.66,51.56,11.));
#6347 = LINE('',#6348,#6349);
#6348 = CARTESIAN_POINT('',(-141.16,51.56,11.));
#6349 = VECTOR('',#6350,1.);
#6350 = DIRECTION('',(1.,0.,-0.));
#6351 = ORIENTED_EDGE('',*,*,#6352,.F.);
#6352 = EDGE_CURVE('',#6353,#6345,#6355,.T.);
#6353 = VERTEX_POINT('',#6354);
#6354 = CARTESIAN_POINT('',(40.66,51.56,21.));
#6355 = LINE('',#6356,#6357);
#6356 = CARTESIAN_POINT('',(40.66,51.56,7.));
#6357 = VECTOR('',#6358,1.);
#6358 = DIRECTION('',(-0.,0.,-1.));
#6359 = ORIENTED_EDGE('',*,*,#6360,.F.);
#6360 = EDGE_CURVE('',#6121,#6353,#6361,.T.);
#6361 = LINE('',#6362,#6363);
#6362 = CARTESIAN_POINT('',(-141.16,51.56,21.));
#6363 = VECTOR('',#6364,1.);
#6364 = DIRECTION('',(1.,0.,-0.));
#6365 = ORIENTED_EDGE('',*,*,#6128,.F.);
#6366 = ORIENTED_EDGE('',*,*,#6367,.F.);
#6367 = EDGE_CURVE('',#6368,#6129,#6370,.T.);
#6368 = VERTEX_POINT('',#6369);
#6369 = CARTESIAN_POINT('',(-27.32233047033,51.56,56.677669529664));
#6370 = CIRCLE('',#6371,4.5);
#6371 = AXIS2_PLACEMENT_3D('',#6372,#6373,#6374);
#6372 = CARTESIAN_POINT('',(-27.32233047033,51.56,52.177669529664));
#6373 = DIRECTION('',(0.,1.,0.));
#6374 = DIRECTION('',(0.,-0.,1.));
#6375 = ORIENTED_EDGE('',*,*,#6376,.F.);
#6376 = EDGE_CURVE('',#6155,#6368,#6377,.T.);
#6377 = CIRCLE('',#6378,4.5);
#6378 = AXIS2_PLACEMENT_3D('',#6379,#6380,#6381);
#6379 = CARTESIAN_POINT('',(-27.32233047033,51.56,52.177669529664));
#6380 = DIRECTION('',(0.,1.,0.));
#6381 = DIRECTION('',(0.,-0.,1.));
#6382 = FACE_BOUND('',#6383,.F.);
#6383 = EDGE_LOOP('',(#6384,#6394,#6402,#6410));
#6384 = ORIENTED_EDGE('',*,*,#6385,.F.);
#6385 = EDGE_CURVE('',#6386,#6388,#6390,.T.);
#6386 = VERTEX_POINT('',#6387);
#6387 = CARTESIAN_POINT('',(-17.,51.56,45.5));
#6388 = VERTEX_POINT('',#6389);
#6389 = CARTESIAN_POINT('',(8.,51.56,45.5));
#6390 = LINE('',#6391,#6392);
#6391 = CARTESIAN_POINT('',(-84.33,51.56,45.5));
#6392 = VECTOR('',#6393,1.);
#6393 = DIRECTION('',(1.,0.,-0.));
#6394 = ORIENTED_EDGE('',*,*,#6395,.T.);
#6395 = EDGE_CURVE('',#6386,#6396,#6398,.T.);
#6396 = VERTEX_POINT('',#6397);
#6397 = CARTESIAN_POINT('',(-17.,51.56,23.5));
#6398 = LINE('',#6399,#6400);
#6399 = CARTESIAN_POINT('',(-17.,51.56,13.25));
#6400 = VECTOR('',#6401,1.);
#6401 = DIRECTION('',(-0.,0.,-1.));
#6402 = ORIENTED_EDGE('',*,*,#6403,.T.);
#6403 = EDGE_CURVE('',#6396,#6404,#6406,.T.);
#6404 = VERTEX_POINT('',#6405);
#6405 = CARTESIAN_POINT('',(8.,51.56,23.5));
#6406 = LINE('',#6407,#6408);
#6407 = CARTESIAN_POINT('',(-84.33,51.56,23.5));
#6408 = VECTOR('',#6409,1.);
#6409 = DIRECTION('',(1.,0.,-0.));
#6410 = ORIENTED_EDGE('',*,*,#6411,.F.);
#6411 = EDGE_CURVE('',#6388,#6404,#6412,.T.);
#6412 = LINE('',#6413,#6414);
#6413 = CARTESIAN_POINT('',(8.,51.56,13.25));
#6414 = VECTOR('',#6415,1.);
#6415 = DIRECTION('',(-0.,0.,-1.));
#6416 = FACE_BOUND('',#6417,.F.);
#6417 = EDGE_LOOP('',(#6418,#6428,#6436,#6444));
#6418 = ORIENTED_EDGE('',*,*,#6419,.F.);
#6419 = EDGE_CURVE('',#6420,#6422,#6424,.T.);
#6420 = VERTEX_POINT('',#6421);
#6421 = CARTESIAN_POINT('',(14.,51.56,40.5));
#6422 = VERTEX_POINT('',#6423);
#6423 = CARTESIAN_POINT('',(39.,51.56,40.5));
#6424 = LINE('',#6425,#6426);
#6425 = CARTESIAN_POINT('',(-68.83,51.56,40.5));
#6426 = VECTOR('',#6427,1.);
#6427 = DIRECTION('',(1.,0.,-0.));
#6428 = ORIENTED_EDGE('',*,*,#6429,.T.);
#6429 = EDGE_CURVE('',#6420,#6430,#6432,.T.);
#6430 = VERTEX_POINT('',#6431);
#6431 = CARTESIAN_POINT('',(14.,51.56,28.5));
#6432 = LINE('',#6433,#6434);
#6433 = CARTESIAN_POINT('',(14.,51.56,15.75));
#6434 = VECTOR('',#6435,1.);
#6435 = DIRECTION('',(-0.,0.,-1.));
#6436 = ORIENTED_EDGE('',*,*,#6437,.T.);
#6437 = EDGE_CURVE('',#6430,#6438,#6440,.T.);
#6438 = VERTEX_POINT('',#6439);
#6439 = CARTESIAN_POINT('',(39.,51.56,28.5));
#6440 = LINE('',#6441,#6442);
#6441 = CARTESIAN_POINT('',(-68.83,51.56,28.5));
#6442 = VECTOR('',#6443,1.);
#6443 = DIRECTION('',(1.,0.,-0.));
#6444 = ORIENTED_EDGE('',*,*,#6445,.F.);
#6445 = EDGE_CURVE('',#6422,#6438,#6446,.T.);
#6446 = LINE('',#6447,#6448);
#6447 = CARTESIAN_POINT('',(39.,51.56,15.75));
#6448 = VECTOR('',#6449,1.);
#6449 = DIRECTION('',(-0.,0.,-1.));
#6450 = FACE_BOUND('',#6451,.F.);
#6451 = EDGE_LOOP('',(#6452));
#6452 = ORIENTED_EDGE('',*,*,#6453,.F.);
#6453 = EDGE_CURVE('',#6454,#6454,#6456,.T.);
#6454 = VERTEX_POINT('',#6455);
#6455 = CARTESIAN_POINT('',(59.16,51.56,19.7));
#6456 = CIRCLE('',#6457,1.7);
#6457 = AXIS2_PLACEMENT_3D('',#6458,#6459,#6460);
#6458 = CARTESIAN_POINT('',(59.16,51.56,18.));
#6459 = DIRECTION('',(0.,1.,0.));
#6460 = DIRECTION('',(0.,-0.,1.));
#6461 = FACE_BOUND('',#6462,.F.);
#6462 = EDGE_LOOP('',(#6463));
#6463 = ORIENTED_EDGE('',*,*,#6464,.F.);
#6464 = EDGE_CURVE('',#6465,#6465,#6467,.T.);
#6465 = VERTEX_POINT('',#6466);
#6466 = CARTESIAN_POINT('',(27.94,51.56,96.46));
#6467 = CIRCLE('',#6468,1.7);
#6468 = AXIS2_PLACEMENT_3D('',#6469,#6470,#6471);
#6469 = CARTESIAN_POINT('',(27.94,51.56,94.76));
#6470 = DIRECTION('',(0.,1.,0.));
#6471 = DIRECTION('',(0.,-0.,1.));
#6472 = FACE_BOUND('',#6473,.F.);
#6473 = EDGE_LOOP('',(#6474,#6484,#6492,#6500,#6508,#6516,#6524,#6532,
    #6540,#6548,#6556,#6564,#6572,#6580));
#6474 = ORIENTED_EDGE('',*,*,#6475,.T.);
#6475 = EDGE_CURVE('',#6476,#6478,#6480,.T.);
#6476 = VERTEX_POINT('',#6477);
#6477 = CARTESIAN_POINT('',(-14.,51.56,142.12));
#6478 = VERTEX_POINT('',#6479);
#6479 = CARTESIAN_POINT('',(-14.,51.56,138.12));
#6480 = LINE('',#6481,#6482);
#6481 = CARTESIAN_POINT('',(-14.,51.56,66.56));
#6482 = VECTOR('',#6483,1.);
#6483 = DIRECTION('',(-0.,0.,-1.));
#6484 = ORIENTED_EDGE('',*,*,#6485,.T.);
#6485 = EDGE_CURVE('',#6478,#6486,#6488,.T.);
#6486 = VERTEX_POINT('',#6487);
#6487 = CARTESIAN_POINT('',(-14.,51.56,134.12));
#6488 = LINE('',#6489,#6490);
#6489 = CARTESIAN_POINT('',(-14.,51.56,64.56));
#6490 = VECTOR('',#6491,1.);
#6491 = DIRECTION('',(-0.,0.,-1.));
#6492 = ORIENTED_EDGE('',*,*,#6493,.T.);
#6493 = EDGE_CURVE('',#6486,#6494,#6496,.T.);
#6494 = VERTEX_POINT('',#6495);
#6495 = CARTESIAN_POINT('',(-14.,51.56,130.12));
#6496 = LINE('',#6497,#6498);
#6497 = CARTESIAN_POINT('',(-14.,51.56,62.56));
#6498 = VECTOR('',#6499,1.);
#6499 = DIRECTION('',(-0.,0.,-1.));
#6500 = ORIENTED_EDGE('',*,*,#6501,.T.);
#6501 = EDGE_CURVE('',#6494,#6502,#6504,.T.);
#6502 = VERTEX_POINT('',#6503);
#6503 = CARTESIAN_POINT('',(-14.,51.56,126.12));
#6504 = LINE('',#6505,#6506);
#6505 = CARTESIAN_POINT('',(-14.,51.56,60.56));
#6506 = VECTOR('',#6507,1.);
#6507 = DIRECTION('',(-0.,0.,-1.));
#6508 = ORIENTED_EDGE('',*,*,#6509,.T.);
#6509 = EDGE_CURVE('',#6502,#6510,#6512,.T.);
#6510 = VERTEX_POINT('',#6511);
#6511 = CARTESIAN_POINT('',(-14.,51.56,122.12));
#6512 = LINE('',#6513,#6514);
#6513 = CARTESIAN_POINT('',(-14.,51.56,60.56));
#6514 = VECTOR('',#6515,1.);
#6515 = DIRECTION('',(-0.,0.,-1.));
#6516 = ORIENTED_EDGE('',*,*,#6517,.T.);
#6517 = EDGE_CURVE('',#6510,#6518,#6520,.T.);
#6518 = VERTEX_POINT('',#6519);
#6519 = CARTESIAN_POINT('',(-14.,51.56,118.12));
#6520 = LINE('',#6521,#6522);
#6521 = CARTESIAN_POINT('',(-14.,51.56,60.56));
#6522 = VECTOR('',#6523,1.);
#6523 = DIRECTION('',(-0.,0.,-1.));
#6524 = ORIENTED_EDGE('',*,*,#6525,.T.);
#6525 = EDGE_CURVE('',#6518,#6526,#6528,.T.);
#6526 = VERTEX_POINT('',#6527);
#6527 = CARTESIAN_POINT('',(-12.,51.56,118.12));
#6528 = LINE('',#6529,#6530);
#6529 = CARTESIAN_POINT('',(-82.83,51.56,118.12));
#6530 = VECTOR('',#6531,1.);
#6531 = DIRECTION('',(1.,0.,-0.));
#6532 = ORIENTED_EDGE('',*,*,#6533,.F.);
#6533 = EDGE_CURVE('',#6534,#6526,#6536,.T.);
#6534 = VERTEX_POINT('',#6535);
#6535 = CARTESIAN_POINT('',(-12.,51.56,122.12));
#6536 = LINE('',#6537,#6538);
#6537 = CARTESIAN_POINT('',(-12.,51.56,60.56));
#6538 = VECTOR('',#6539,1.);
#6539 = DIRECTION('',(-0.,0.,-1.));
#6540 = ORIENTED_EDGE('',*,*,#6541,.F.);
#6541 = EDGE_CURVE('',#6542,#6534,#6544,.T.);
#6542 = VERTEX_POINT('',#6543);
#6543 = CARTESIAN_POINT('',(-12.,51.56,126.12));
#6544 = LINE('',#6545,#6546);
#6545 = CARTESIAN_POINT('',(-12.,51.56,60.56));
#6546 = VECTOR('',#6547,1.);
#6547 = DIRECTION('',(-0.,0.,-1.));
#6548 = ORIENTED_EDGE('',*,*,#6549,.F.);
#6549 = EDGE_CURVE('',#6550,#6542,#6552,.T.);
#6550 = VERTEX_POINT('',#6551);
#6551 = CARTESIAN_POINT('',(-12.,51.56,130.12));
#6552 = LINE('',#6553,#6554);
#6553 = CARTESIAN_POINT('',(-12.,51.56,60.56));
#6554 = VECTOR('',#6555,1.);
#6555 = DIRECTION('',(-0.,0.,-1.));
#6556 = ORIENTED_EDGE('',*,*,#6557,.F.);
#6557 = EDGE_CURVE('',#6558,#6550,#6560,.T.);
#6558 = VERTEX_POINT('',#6559);
#6559 = CARTESIAN_POINT('',(-12.,51.56,134.12));
#6560 = LINE('',#6561,#6562);
#6561 = CARTESIAN_POINT('',(-12.,51.56,62.56));
#6562 = VECTOR('',#6563,1.);
#6563 = DIRECTION('',(-0.,0.,-1.));
#6564 = ORIENTED_EDGE('',*,*,#6565,.F.);
#6565 = EDGE_CURVE('',#6566,#6558,#6568,.T.);
#6566 = VERTEX_POINT('',#6567);
#6567 = CARTESIAN_POINT('',(-12.,51.56,138.12));
#6568 = LINE('',#6569,#6570);
#6569 = CARTESIAN_POINT('',(-12.,51.56,64.56));
#6570 = VECTOR('',#6571,1.);
#6571 = DIRECTION('',(-0.,0.,-1.));
#6572 = ORIENTED_EDGE('',*,*,#6573,.F.);
#6573 = EDGE_CURVE('',#6574,#6566,#6576,.T.);
#6574 = VERTEX_POINT('',#6575);
#6575 = CARTESIAN_POINT('',(-12.,51.56,142.12));
#6576 = LINE('',#6577,#6578);
#6577 = CARTESIAN_POINT('',(-12.,51.56,66.56));
#6578 = VECTOR('',#6579,1.);
#6579 = DIRECTION('',(-0.,0.,-1.));
#6580 = ORIENTED_EDGE('',*,*,#6581,.F.);
#6581 = EDGE_CURVE('',#6476,#6574,#6582,.T.);
#6582 = LINE('',#6583,#6584);
#6583 = CARTESIAN_POINT('',(-82.83,51.56,142.12));
#6584 = VECTOR('',#6585,1.);
#6585 = DIRECTION('',(1.,0.,-0.));
#6586 = FACE_BOUND('',#6587,.F.);
#6587 = EDGE_LOOP('',(#6588));
#6588 = ORIENTED_EDGE('',*,*,#6589,.F.);
#6589 = EDGE_CURVE('',#6590,#6590,#6592,.T.);
#6590 = VERTEX_POINT('',#6591);
#6591 = CARTESIAN_POINT('',(-45.,51.56,149.87));
#6592 = CIRCLE('',#6593,3.25);
#6593 = AXIS2_PLACEMENT_3D('',#6594,#6595,#6596);
#6594 = CARTESIAN_POINT('',(-45.,51.56,146.62));
#6595 = DIRECTION('',(0.,1.,0.));
#6596 = DIRECTION('',(0.,-0.,1.));
#6597 = FACE_BOUND('',#6598,.F.);
#6598 = EDGE_LOOP('',(#6599));
#6599 = ORIENTED_EDGE('',*,*,#6600,.F.);
#6600 = EDGE_CURVE('',#6601,#6601,#6603,.T.);
#6601 = VERTEX_POINT('',#6602);
#6602 = CARTESIAN_POINT('',(59.16,51.56,101.82));
#6603 = CIRCLE('',#6604,1.7);
#6604 = AXIS2_PLACEMENT_3D('',#6605,#6606,#6607);
#6605 = CARTESIAN_POINT('',(59.16,51.56,100.12));
#6606 = DIRECTION('',(0.,1.,0.));
#6607 = DIRECTION('',(0.,-0.,1.));
#6608 = FACE_BOUND('',#6609,.F.);
#6609 = EDGE_LOOP('',(#6610));
#6610 = ORIENTED_EDGE('',*,*,#6611,.F.);
#6611 = EDGE_CURVE('',#6612,#6612,#6614,.T.);
#6612 = VERTEX_POINT('',#6613);
#6613 = CARTESIAN_POINT('',(15.,51.56,149.87));
#6614 = CIRCLE('',#6615,3.25);
#6615 = AXIS2_PLACEMENT_3D('',#6616,#6617,#6618);
#6616 = CARTESIAN_POINT('',(15.,51.56,146.62));
#6617 = DIRECTION('',(0.,1.,0.));
#6618 = DIRECTION('',(0.,-0.,1.));
#6619 = FACE_BOUND('',#6620,.F.);
#6620 = EDGE_LOOP('',(#6621));
#6621 = ORIENTED_EDGE('',*,*,#6622,.F.);
#6622 = EDGE_CURVE('',#6623,#6623,#6625,.T.);
#6623 = VERTEX_POINT('',#6624);
#6624 = CARTESIAN_POINT('',(27.94,51.56,167.18));
#6625 = CIRCLE('',#6626,1.7);
#6626 = AXIS2_PLACEMENT_3D('',#6627,#6628,#6629);
#6627 = CARTESIAN_POINT('',(27.94,51.56,165.48));
#6628 = DIRECTION('',(0.,1.,0.));
#6629 = DIRECTION('',(0.,-0.,1.));
#6630 = FACE_BOUND('',#6631,.F.);
#6631 = EDGE_LOOP('',(#6632));
#6632 = ORIENTED_EDGE('',*,*,#6633,.F.);
#6633 = EDGE_CURVE('',#6634,#6634,#6636,.T.);
#6634 = VERTEX_POINT('',#6635);
#6635 = CARTESIAN_POINT('',(59.16,51.56,186.94));
#6636 = CIRCLE('',#6637,1.7);
#6637 = AXIS2_PLACEMENT_3D('',#6638,#6639,#6640);
#6638 = CARTESIAN_POINT('',(59.16,51.56,185.24));
#6639 = DIRECTION('',(0.,1.,0.));
#6640 = DIRECTION('',(0.,-0.,1.));
#6641 = PLANE('',#6642);
#6642 = AXIS2_PLACEMENT_3D('',#6643,#6644,#6645);
#6643 = CARTESIAN_POINT('',(-151.66,51.56,3.));
#6644 = DIRECTION('',(-0.,1.,0.));
#6645 = DIRECTION('',(0.,0.,1.));
#6646 = ADVANCED_FACE('',(#6647),#6669,.T.);
#6647 = FACE_BOUND('',#6648,.T.);
#6648 = EDGE_LOOP('',(#6649,#6658,#6659,#6660,#6661,#6662));
#6649 = ORIENTED_EDGE('',*,*,#6650,.T.);
#6650 = EDGE_CURVE('',#6651,#6138,#6653,.T.);
#6651 = VERTEX_POINT('',#6652);
#6652 = CARTESIAN_POINT('',(-27.32233047033,47.46,56.677669529664));
#6653 = CIRCLE('',#6654,4.5);
#6654 = AXIS2_PLACEMENT_3D('',#6655,#6656,#6657);
#6655 = CARTESIAN_POINT('',(-27.32233047033,47.46,52.177669529664));
#6656 = DIRECTION('',(0.,1.,0.));
#6657 = DIRECTION('',(0.,-0.,1.));
#6658 = ORIENTED_EDGE('',*,*,#6137,.T.);
#6659 = ORIENTED_EDGE('',*,*,#6367,.F.);
#6660 = ORIENTED_EDGE('',*,*,#6376,.F.);
#6661 = ORIENTED_EDGE('',*,*,#6154,.F.);
#6662 = ORIENTED_EDGE('',*,*,#6663,.T.);
#6663 = EDGE_CURVE('',#6146,#6651,#6664,.T.);
#6664 = CIRCLE('',#6665,4.5);
#6665 = AXIS2_PLACEMENT_3D('',#6666,#6667,#6668);
#6666 = CARTESIAN_POINT('',(-27.32233047033,47.46,52.177669529664));
#6667 = DIRECTION('',(0.,1.,0.));
#6668 = DIRECTION('',(0.,-0.,1.));
#6669 = CYLINDRICAL_SURFACE('',#6670,4.5);
#6670 = AXIS2_PLACEMENT_3D('',#6671,#6672,#6673);
#6671 = CARTESIAN_POINT('',(-27.32233047033,47.46,52.177669529664));
#6672 = DIRECTION('',(0.,1.,0.));
#6673 = DIRECTION('',(0.,-0.,1.));
#6674 = ADVANCED_FACE('',(#6675),#6680,.F.);
#6675 = FACE_BOUND('',#6676,.F.);
#6676 = EDGE_LOOP('',(#6677,#6678,#6679));
#6677 = ORIENTED_EDGE('',*,*,#6663,.T.);
#6678 = ORIENTED_EDGE('',*,*,#6650,.T.);
#6679 = ORIENTED_EDGE('',*,*,#6145,.F.);
#6680 = PLANE('',#6681);
#6681 = AXIS2_PLACEMENT_3D('',#6682,#6683,#6684);
#6682 = CARTESIAN_POINT('',(-27.32233047033,47.46,52.177669529664));
#6683 = DIRECTION('',(0.,1.,0.));
#6684 = DIRECTION('',(0.,-0.,1.));
#6685 = ADVANCED_FACE('',(#6686),#6720,.F.);
#6686 = FACE_BOUND('',#6687,.F.);
#6687 = EDGE_LOOP('',(#6688,#6698,#6704,#6705,#6706,#6714));
#6688 = ORIENTED_EDGE('',*,*,#6689,.F.);
#6689 = EDGE_CURVE('',#6690,#6692,#6694,.T.);
#6690 = VERTEX_POINT('',#6691);
#6691 = CARTESIAN_POINT('',(-28.99477697199,51.26,21.));
#6692 = VERTEX_POINT('',#6693);
#6693 = CARTESIAN_POINT('',(-28.99477697199,53.36,21.));
#6694 = LINE('',#6695,#6696);
#6695 = CARTESIAN_POINT('',(-28.99477697199,47.46,21.));
#6696 = VECTOR('',#6697,1.);
#6697 = DIRECTION('',(0.,1.,0.));
#6698 = ORIENTED_EDGE('',*,*,#6699,.T.);
#6699 = EDGE_CURVE('',#6690,#6112,#6700,.T.);
#6700 = LINE('',#6701,#6702);
#6701 = CARTESIAN_POINT('',(-130.66,51.26,21.));
#6702 = VECTOR('',#6703,1.);
#6703 = DIRECTION('',(1.,0.,-0.));
#6704 = ORIENTED_EDGE('',*,*,#6120,.T.);
#6705 = ORIENTED_EDGE('',*,*,#6360,.T.);
#6706 = ORIENTED_EDGE('',*,*,#6707,.T.);
#6707 = EDGE_CURVE('',#6353,#6708,#6710,.T.);
#6708 = VERTEX_POINT('',#6709);
#6709 = CARTESIAN_POINT('',(40.66,53.36,21.));
#6710 = LINE('',#6711,#6712);
#6711 = CARTESIAN_POINT('',(40.66,51.26,21.));
#6712 = VECTOR('',#6713,1.);
#6713 = DIRECTION('',(-0.,1.,0.));
#6714 = ORIENTED_EDGE('',*,*,#6715,.F.);
#6715 = EDGE_CURVE('',#6692,#6708,#6716,.T.);
#6716 = LINE('',#6717,#6718);
#6717 = CARTESIAN_POINT('',(-130.66,53.36,21.));
#6718 = VECTOR('',#6719,1.);
#6719 = DIRECTION('',(1.,0.,-0.));
#6720 = PLANE('',#6721);
#6721 = AXIS2_PLACEMENT_3D('',#6722,#6723,#6724);
#6722 = CARTESIAN_POINT('',(-130.66,51.26,21.));
#6723 = DIRECTION('',(0.,0.,1.));
#6724 = DIRECTION('',(1.,0.,-0.));
#6725 = ADVANCED_FACE('',(#6726,#6786,#6797),#6808,.T.);
#6726 = FACE_BOUND('',#6727,.T.);
#6727 = EDGE_LOOP('',(#6728,#6734,#6735,#6742,#6743,#6751,#6760,#6769,
    #6776,#6777,#6778,#6785));
#6728 = ORIENTED_EDGE('',*,*,#6729,.F.);
#6729 = EDGE_CURVE('',#6044,#6070,#6730,.T.);
#6730 = LINE('',#6731,#6732);
#6731 = CARTESIAN_POINT('',(-130.66,51.26,11.));
#6732 = VECTOR('',#6733,1.);
#6733 = DIRECTION('',(1.,0.,-0.));
#6734 = ORIENTED_EDGE('',*,*,#6043,.T.);
#6735 = ORIENTED_EDGE('',*,*,#6736,.T.);
#6736 = EDGE_CURVE('',#6036,#6010,#6737,.T.);
#6737 = CIRCLE('',#6738,4.5);
#6738 = AXIS2_PLACEMENT_3D('',#6739,#6740,#6741);
#6739 = CARTESIAN_POINT('',(-62.67766952966,51.26,16.822330470336));
#6740 = DIRECTION('',(0.,1.,0.));
#6741 = DIRECTION('',(0.,-0.,1.));
#6742 = ORIENTED_EDGE('',*,*,#6009,.T.);
#6743 = ORIENTED_EDGE('',*,*,#6744,.T.);
#6744 = EDGE_CURVE('',#6002,#6745,#6747,.T.);
#6745 = VERTEX_POINT('',#6746);
#6746 = CARTESIAN_POINT('',(-61.005223028,51.26,21.));
#6747 = LINE('',#6748,#6749);
#6748 = CARTESIAN_POINT('',(-130.66,51.26,21.));
#6749 = VECTOR('',#6750,1.);
#6750 = DIRECTION('',(1.,0.,-0.));
#6751 = ORIENTED_EDGE('',*,*,#6752,.T.);
#6752 = EDGE_CURVE('',#6745,#6753,#6755,.T.);
#6753 = VERTEX_POINT('',#6754);
#6754 = CARTESIAN_POINT('',(-58.45445203578,51.26,18.376175378754));
#6755 = CIRCLE('',#6756,4.5);
#6756 = AXIS2_PLACEMENT_3D('',#6757,#6758,#6759);
#6757 = CARTESIAN_POINT('',(-62.67766952966,51.26,16.822330470336));
#6758 = DIRECTION('',(0.,1.,0.));
#6759 = DIRECTION('',(0.,-0.,1.));
#6760 = ORIENTED_EDGE('',*,*,#6761,.F.);
#6761 = EDGE_CURVE('',#6762,#6753,#6764,.T.);
#6762 = VERTEX_POINT('',#6763);
#6763 = CARTESIAN_POINT('',(-31.54554796421,51.26,18.376175378754));
#6764 = CIRCLE('',#6765,21.);
#6765 = AXIS2_PLACEMENT_3D('',#6766,#6767,#6768);
#6766 = CARTESIAN_POINT('',(-45.,51.26,34.5));
#6767 = DIRECTION('',(0.,1.,0.));
#6768 = DIRECTION('',(0.,-0.,1.));
#6769 = ORIENTED_EDGE('',*,*,#6770,.T.);
#6770 = EDGE_CURVE('',#6762,#6690,#6771,.T.);
#6771 = CIRCLE('',#6772,4.5);
#6772 = AXIS2_PLACEMENT_3D('',#6773,#6774,#6775);
#6773 = CARTESIAN_POINT('',(-27.32233047033,51.26,16.822330470336));
#6774 = DIRECTION('',(0.,1.,0.));
#6775 = DIRECTION('',(0.,-0.,1.));
#6776 = ORIENTED_EDGE('',*,*,#6699,.T.);
#6777 = ORIENTED_EDGE('',*,*,#6111,.T.);
#6778 = ORIENTED_EDGE('',*,*,#6779,.T.);
#6779 = EDGE_CURVE('',#6104,#6078,#6780,.T.);
#6780 = CIRCLE('',#6781,4.5);
#6781 = AXIS2_PLACEMENT_3D('',#6782,#6783,#6784);
#6782 = CARTESIAN_POINT('',(-27.32233047033,51.26,16.822330470336));
#6783 = DIRECTION('',(0.,1.,0.));
#6784 = DIRECTION('',(0.,-0.,1.));
#6785 = ORIENTED_EDGE('',*,*,#6077,.T.);
#6786 = FACE_BOUND('',#6787,.T.);
#6787 = EDGE_LOOP('',(#6788));
#6788 = ORIENTED_EDGE('',*,*,#6789,.F.);
#6789 = EDGE_CURVE('',#6790,#6790,#6792,.T.);
#6790 = VERTEX_POINT('',#6791);
#6791 = CARTESIAN_POINT('',(-62.67766952966,51.26,18.822330470336));
#6792 = CIRCLE('',#6793,2.);
#6793 = AXIS2_PLACEMENT_3D('',#6794,#6795,#6796);
#6794 = CARTESIAN_POINT('',(-62.67766952966,51.26,16.822330470336));
#6795 = DIRECTION('',(0.,1.,0.));
#6796 = DIRECTION('',(0.,-0.,1.));
#6797 = FACE_BOUND('',#6798,.T.);
#6798 = EDGE_LOOP('',(#6799));
#6799 = ORIENTED_EDGE('',*,*,#6800,.F.);
#6800 = EDGE_CURVE('',#6801,#6801,#6803,.T.);
#6801 = VERTEX_POINT('',#6802);
#6802 = CARTESIAN_POINT('',(-27.32233047033,51.26,18.822330470336));
#6803 = CIRCLE('',#6804,2.);
#6804 = AXIS2_PLACEMENT_3D('',#6805,#6806,#6807);
#6805 = CARTESIAN_POINT('',(-27.32233047033,51.26,16.822330470336));
#6806 = DIRECTION('',(0.,1.,0.));
#6807 = DIRECTION('',(0.,-0.,1.));
#6808 = PLANE('',#6809);
#6809 = AXIS2_PLACEMENT_3D('',#6810,#6811,#6812);
#6810 = CARTESIAN_POINT('',(-130.66,51.26,11.));
#6811 = DIRECTION('',(-0.,1.,0.));
#6812 = DIRECTION('',(0.,0.,1.));
#6813 = ADVANCED_FACE('',(#6814),#6826,.T.);
#6814 = FACE_BOUND('',#6815,.T.);
#6815 = EDGE_LOOP('',(#6816,#6817,#6824,#6825));
#6816 = ORIENTED_EDGE('',*,*,#6103,.F.);
#6817 = ORIENTED_EDGE('',*,*,#6818,.T.);
#6818 = EDGE_CURVE('',#6095,#6087,#6819,.T.);
#6819 = CIRCLE('',#6820,4.5);
#6820 = AXIS2_PLACEMENT_3D('',#6821,#6822,#6823);
#6821 = CARTESIAN_POINT('',(-27.32233047033,47.46,16.822330470336));
#6822 = DIRECTION('',(0.,1.,0.));
#6823 = DIRECTION('',(0.,-0.,1.));
#6824 = ORIENTED_EDGE('',*,*,#6086,.T.);
#6825 = ORIENTED_EDGE('',*,*,#6779,.F.);
#6826 = CYLINDRICAL_SURFACE('',#6827,4.5);
#6827 = AXIS2_PLACEMENT_3D('',#6828,#6829,#6830);
#6828 = CARTESIAN_POINT('',(-27.32233047033,47.46,16.822330470336));
#6829 = DIRECTION('',(0.,1.,0.));
#6830 = DIRECTION('',(0.,-0.,1.));
#6831 = ADVANCED_FACE('',(#6832),#6836,.F.);
#6832 = FACE_BOUND('',#6833,.F.);
#6833 = EDGE_LOOP('',(#6834,#6835));
#6834 = ORIENTED_EDGE('',*,*,#6094,.F.);
#6835 = ORIENTED_EDGE('',*,*,#6818,.T.);
#6836 = PLANE('',#6837);
#6837 = AXIS2_PLACEMENT_3D('',#6838,#6839,#6840);
#6838 = CARTESIAN_POINT('',(-27.32233047033,47.46,16.822330470336));
#6839 = DIRECTION('',(0.,1.,0.));
#6840 = DIRECTION('',(0.,-0.,1.));
#6841 = ADVANCED_FACE('',(#6842),#6871,.T.);
#6842 = FACE_BOUND('',#6843,.T.);
#6843 = EDGE_LOOP('',(#6844,#6852,#6853,#6854,#6855,#6856,#6857,#6865));
#6844 = ORIENTED_EDGE('',*,*,#6845,.F.);
#6845 = EDGE_CURVE('',#6330,#6846,#6848,.T.);
#6846 = VERTEX_POINT('',#6847);
#6847 = CARTESIAN_POINT('',(-130.66,53.36,11.));
#6848 = LINE('',#6849,#6850);
#6849 = CARTESIAN_POINT('',(-130.66,51.26,11.));
#6850 = VECTOR('',#6851,1.);
#6851 = DIRECTION('',(-0.,1.,0.));
#6852 = ORIENTED_EDGE('',*,*,#6337,.T.);
#6853 = ORIENTED_EDGE('',*,*,#6052,.F.);
#6854 = ORIENTED_EDGE('',*,*,#6729,.T.);
#6855 = ORIENTED_EDGE('',*,*,#6069,.T.);
#6856 = ORIENTED_EDGE('',*,*,#6344,.T.);
#6857 = ORIENTED_EDGE('',*,*,#6858,.T.);
#6858 = EDGE_CURVE('',#6345,#6859,#6861,.T.);
#6859 = VERTEX_POINT('',#6860);
#6860 = CARTESIAN_POINT('',(40.66,53.36,11.));
#6861 = LINE('',#6862,#6863);
#6862 = CARTESIAN_POINT('',(40.66,51.26,11.));
#6863 = VECTOR('',#6864,1.);
#6864 = DIRECTION('',(-0.,1.,0.));
#6865 = ORIENTED_EDGE('',*,*,#6866,.F.);
#6866 = EDGE_CURVE('',#6846,#6859,#6867,.T.);
#6867 = LINE('',#6868,#6869);
#6868 = CARTESIAN_POINT('',(-130.66,53.36,11.));
#6869 = VECTOR('',#6870,1.);
#6870 = DIRECTION('',(1.,0.,-0.));
#6871 = PLANE('',#6872);
#6872 = AXIS2_PLACEMENT_3D('',#6873,#6874,#6875);
#6873 = CARTESIAN_POINT('',(-130.66,51.26,11.));
#6874 = DIRECTION('',(0.,0.,1.));
#6875 = DIRECTION('',(1.,0.,-0.));
#6876 = ADVANCED_FACE('',(#6877),#6889,.T.);
#6877 = FACE_BOUND('',#6878,.T.);
#6878 = EDGE_LOOP('',(#6879,#6880,#6887,#6888));
#6879 = ORIENTED_EDGE('',*,*,#6035,.F.);
#6880 = ORIENTED_EDGE('',*,*,#6881,.T.);
#6881 = EDGE_CURVE('',#6027,#6019,#6882,.T.);
#6882 = CIRCLE('',#6883,4.5);
#6883 = AXIS2_PLACEMENT_3D('',#6884,#6885,#6886);
#6884 = CARTESIAN_POINT('',(-62.67766952966,47.46,16.822330470336));
#6885 = DIRECTION('',(0.,1.,0.));
#6886 = DIRECTION('',(0.,-0.,1.));
#6887 = ORIENTED_EDGE('',*,*,#6018,.T.);
#6888 = ORIENTED_EDGE('',*,*,#6736,.F.);
#6889 = CYLINDRICAL_SURFACE('',#6890,4.5);
#6890 = AXIS2_PLACEMENT_3D('',#6891,#6892,#6893);
#6891 = CARTESIAN_POINT('',(-62.67766952966,47.46,16.822330470336));
#6892 = DIRECTION('',(0.,1.,0.));
#6893 = DIRECTION('',(0.,-0.,1.));
#6894 = ADVANCED_FACE('',(#6895),#6899,.F.);
#6895 = FACE_BOUND('',#6896,.F.);
#6896 = EDGE_LOOP('',(#6897,#6898));
#6897 = ORIENTED_EDGE('',*,*,#6881,.T.);
#6898 = ORIENTED_EDGE('',*,*,#6026,.F.);
#6899 = PLANE('',#6900);
#6900 = AXIS2_PLACEMENT_3D('',#6901,#6902,#6903);
#6901 = CARTESIAN_POINT('',(-62.67766952966,47.46,16.822330470336));
#6902 = DIRECTION('',(0.,1.,0.));
#6903 = DIRECTION('',(0.,-0.,1.));
#6904 = ADVANCED_FACE('',(#6905),#6932,.F.);
#6905 = FACE_BOUND('',#6906,.F.);
#6906 = EDGE_LOOP('',(#6907,#6915,#6916,#6917,#6918,#6926));
#6907 = ORIENTED_EDGE('',*,*,#6908,.F.);
#6908 = EDGE_CURVE('',#6322,#6909,#6911,.T.);
#6909 = VERTEX_POINT('',#6910);
#6910 = CARTESIAN_POINT('',(-130.66,53.36,21.));
#6911 = LINE('',#6912,#6913);
#6912 = CARTESIAN_POINT('',(-130.66,51.26,21.));
#6913 = VECTOR('',#6914,1.);
#6914 = DIRECTION('',(-0.,1.,0.));
#6915 = ORIENTED_EDGE('',*,*,#6321,.T.);
#6916 = ORIENTED_EDGE('',*,*,#6001,.F.);
#6917 = ORIENTED_EDGE('',*,*,#6744,.T.);
#6918 = ORIENTED_EDGE('',*,*,#6919,.T.);
#6919 = EDGE_CURVE('',#6745,#6920,#6922,.T.);
#6920 = VERTEX_POINT('',#6921);
#6921 = CARTESIAN_POINT('',(-61.005223028,53.36,21.));
#6922 = LINE('',#6923,#6924);
#6923 = CARTESIAN_POINT('',(-61.005223028,47.46,21.));
#6924 = VECTOR('',#6925,1.);
#6925 = DIRECTION('',(0.,1.,0.));
#6926 = ORIENTED_EDGE('',*,*,#6927,.F.);
#6927 = EDGE_CURVE('',#6909,#6920,#6928,.T.);
#6928 = LINE('',#6929,#6930);
#6929 = CARTESIAN_POINT('',(-130.66,53.36,21.));
#6930 = VECTOR('',#6931,1.);
#6931 = DIRECTION('',(1.,0.,-0.));
#6932 = PLANE('',#6933);
#6933 = AXIS2_PLACEMENT_3D('',#6934,#6935,#6936);
#6934 = CARTESIAN_POINT('',(-130.66,51.26,21.));
#6935 = DIRECTION('',(0.,0.,1.));
#6936 = DIRECTION('',(1.,0.,-0.));
#6937 = ADVANCED_FACE('',(#6938),#6960,.T.);
#6938 = FACE_BOUND('',#6939,.T.);
#6939 = EDGE_LOOP('',(#6940,#6949,#6950,#6951,#6952,#6953));
#6940 = ORIENTED_EDGE('',*,*,#6941,.T.);
#6941 = EDGE_CURVE('',#6942,#5968,#6944,.T.);
#6942 = VERTEX_POINT('',#6943);
#6943 = CARTESIAN_POINT('',(-62.67766952966,47.46,56.677669529664));
#6944 = CIRCLE('',#6945,4.5);
#6945 = AXIS2_PLACEMENT_3D('',#6946,#6947,#6948);
#6946 = CARTESIAN_POINT('',(-62.67766952966,47.46,52.177669529664));
#6947 = DIRECTION('',(0.,1.,0.));
#6948 = DIRECTION('',(0.,-0.,1.));
#6949 = ORIENTED_EDGE('',*,*,#5967,.T.);
#6950 = ORIENTED_EDGE('',*,*,#6304,.F.);
#6951 = ORIENTED_EDGE('',*,*,#6313,.F.);
#6952 = ORIENTED_EDGE('',*,*,#5984,.F.);
#6953 = ORIENTED_EDGE('',*,*,#6954,.T.);
#6954 = EDGE_CURVE('',#5976,#6942,#6955,.T.);
#6955 = CIRCLE('',#6956,4.5);
#6956 = AXIS2_PLACEMENT_3D('',#6957,#6958,#6959);
#6957 = CARTESIAN_POINT('',(-62.67766952966,47.46,52.177669529664));
#6958 = DIRECTION('',(0.,1.,0.));
#6959 = DIRECTION('',(0.,-0.,1.));
#6960 = CYLINDRICAL_SURFACE('',#6961,4.5);
#6961 = AXIS2_PLACEMENT_3D('',#6962,#6963,#6964);
#6962 = CARTESIAN_POINT('',(-62.67766952966,47.46,52.177669529664));
#6963 = DIRECTION('',(0.,1.,0.));
#6964 = DIRECTION('',(0.,-0.,1.));
#6965 = ADVANCED_FACE('',(#6966),#6971,.F.);
#6966 = FACE_BOUND('',#6967,.F.);
#6967 = EDGE_LOOP('',(#6968,#6969,#6970));
#6968 = ORIENTED_EDGE('',*,*,#6954,.T.);
#6969 = ORIENTED_EDGE('',*,*,#6941,.T.);
#6970 = ORIENTED_EDGE('',*,*,#5975,.F.);
#6971 = PLANE('',#6972);
#6972 = AXIS2_PLACEMENT_3D('',#6973,#6974,#6975);
#6973 = CARTESIAN_POINT('',(-62.67766952966,47.46,52.177669529664));
#6974 = DIRECTION('',(0.,1.,0.));
#6975 = DIRECTION('',(0.,-0.,1.));
#6976 = ADVANCED_FACE('',(#6977),#6996,.F.);
#6977 = FACE_BOUND('',#6978,.F.);
#6978 = EDGE_LOOP('',(#6979,#6980,#6988,#6995));
#6979 = ORIENTED_EDGE('',*,*,#6186,.T.);
#6980 = ORIENTED_EDGE('',*,*,#6981,.T.);
#6981 = EDGE_CURVE('',#6179,#6982,#6984,.T.);
#6982 = VERTEX_POINT('',#6983);
#6983 = CARTESIAN_POINT('',(-45.,18.,54.5));
#6984 = LINE('',#6985,#6986);
#6985 = CARTESIAN_POINT('',(-45.,14.75,54.5));
#6986 = VECTOR('',#6987,1.);
#6987 = DIRECTION('',(0.,1.,0.));
#6988 = ORIENTED_EDGE('',*,*,#6989,.F.);
#6989 = EDGE_CURVE('',#6982,#6982,#6990,.T.);
#6990 = CIRCLE('',#6991,20.);
#6991 = AXIS2_PLACEMENT_3D('',#6992,#6993,#6994);
#6992 = CARTESIAN_POINT('',(-45.,18.,34.5));
#6993 = DIRECTION('',(0.,1.,0.));
#6994 = DIRECTION('',(0.,-0.,1.));
#6995 = ORIENTED_EDGE('',*,*,#6981,.F.);
#6996 = CYLINDRICAL_SURFACE('',#6997,20.);
#6997 = AXIS2_PLACEMENT_3D('',#6998,#6999,#7000);
#6998 = CARTESIAN_POINT('',(-45.,14.75,34.5));
#6999 = DIRECTION('',(0.,1.,0.));
#7000 = DIRECTION('',(0.,-0.,1.));
#7001 = ADVANCED_FACE('',(#7002),#7059,.T.);
#7002 = FACE_BOUND('',#7003,.T.);
#7003 = EDGE_LOOP('',(#7004,#7012,#7020,#7028,#7036,#7044,#7052,#7058));
#7004 = ORIENTED_EDGE('',*,*,#7005,.F.);
#7005 = EDGE_CURVE('',#7006,#6203,#7008,.T.);
#7006 = VERTEX_POINT('',#7007);
#7007 = CARTESIAN_POINT('',(-151.66,3.,3.));
#7008 = LINE('',#7009,#7010);
#7009 = CARTESIAN_POINT('',(-151.66,2.,3.));
#7010 = VECTOR('',#7011,1.);
#7011 = DIRECTION('',(-0.,1.,0.));
#7012 = ORIENTED_EDGE('',*,*,#7013,.T.);
#7013 = EDGE_CURVE('',#7006,#7014,#7016,.T.);
#7014 = VERTEX_POINT('',#7015);
#7015 = CARTESIAN_POINT('',(-113.,3.,3.));
#7016 = LINE('',#7017,#7018);
#7017 = CARTESIAN_POINT('',(-153.16,3.,3.));
#7018 = VECTOR('',#7019,1.);
#7019 = DIRECTION('',(1.,0.,-0.));
#7020 = ORIENTED_EDGE('',*,*,#7021,.T.);
#7021 = EDGE_CURVE('',#7014,#7022,#7024,.T.);
#7022 = VERTEX_POINT('',#7023);
#7023 = CARTESIAN_POINT('',(-113.,17.,3.));
#7024 = LINE('',#7025,#7026);
#7025 = CARTESIAN_POINT('',(-113.,2.,3.));
#7026 = VECTOR('',#7027,1.);
#7027 = DIRECTION('',(-0.,1.,0.));
#7028 = ORIENTED_EDGE('',*,*,#7029,.F.);
#7029 = EDGE_CURVE('',#7030,#7022,#7032,.T.);
#7030 = VERTEX_POINT('',#7031);
#7031 = CARTESIAN_POINT('',(-97.,17.,3.));
#7032 = LINE('',#7033,#7034);
#7033 = CARTESIAN_POINT('',(-132.33,17.,3.));
#7034 = VECTOR('',#7035,1.);
#7035 = DIRECTION('',(-1.,-0.,0.));
#7036 = ORIENTED_EDGE('',*,*,#7037,.F.);
#7037 = EDGE_CURVE('',#7038,#7030,#7040,.T.);
#7038 = VERTEX_POINT('',#7039);
#7039 = CARTESIAN_POINT('',(-97.,3.,3.));
#7040 = LINE('',#7041,#7042);
#7041 = CARTESIAN_POINT('',(-97.,2.,3.));
#7042 = VECTOR('',#7043,1.);
#7043 = DIRECTION('',(-0.,1.,0.));
#7044 = ORIENTED_EDGE('',*,*,#7045,.T.);
#7045 = EDGE_CURVE('',#7038,#7046,#7048,.T.);
#7046 = VERTEX_POINT('',#7047);
#7047 = CARTESIAN_POINT('',(61.66,3.,3.));
#7048 = LINE('',#7049,#7050);
#7049 = CARTESIAN_POINT('',(-153.16,3.,3.));
#7050 = VECTOR('',#7051,1.);
#7051 = DIRECTION('',(1.,0.,-0.));
#7052 = ORIENTED_EDGE('',*,*,#7053,.T.);
#7053 = EDGE_CURVE('',#7046,#6205,#7054,.T.);
#7054 = LINE('',#7055,#7056);
#7055 = CARTESIAN_POINT('',(61.66,2.,3.));
#7056 = VECTOR('',#7057,1.);
#7057 = DIRECTION('',(-0.,1.,0.));
#7058 = ORIENTED_EDGE('',*,*,#6202,.F.);
#7059 = PLANE('',#7060);
#7060 = AXIS2_PLACEMENT_3D('',#7061,#7062,#7063);
#7061 = CARTESIAN_POINT('',(-151.66,2.,3.));
#7062 = DIRECTION('',(0.,0.,1.));
#7063 = DIRECTION('',(1.,0.,-0.));
#7064 = ADVANCED_FACE('',(#7065,#7083,#7094,#7105,#7116),#7127,.F.);
#7065 = FACE_BOUND('',#7066,.F.);
#7066 = EDGE_LOOP('',(#7067,#7075,#7081,#7082));
#7067 = ORIENTED_EDGE('',*,*,#7068,.F.);
#7068 = EDGE_CURVE('',#7069,#6221,#7071,.T.);
#7069 = VERTEX_POINT('',#7070);
#7070 = CARTESIAN_POINT('',(61.66,3.,197.24));
#7071 = LINE('',#7072,#7073);
#7072 = CARTESIAN_POINT('',(61.66,2.,197.24));
#7073 = VECTOR('',#7074,1.);
#7074 = DIRECTION('',(-0.,1.,0.));
#7075 = ORIENTED_EDGE('',*,*,#7076,.T.);
#7076 = EDGE_CURVE('',#7069,#7046,#7077,.T.);
#7077 = LINE('',#7078,#7079);
#7078 = CARTESIAN_POINT('',(61.66,3.,1.5));
#7079 = VECTOR('',#7080,1.);
#7080 = DIRECTION('',(-0.,0.,-1.));
#7081 = ORIENTED_EDGE('',*,*,#7053,.T.);
#7082 = ORIENTED_EDGE('',*,*,#6228,.T.);
#7083 = FACE_BOUND('',#7084,.F.);
#7084 = EDGE_LOOP('',(#7085));
#7085 = ORIENTED_EDGE('',*,*,#7086,.F.);
#7086 = EDGE_CURVE('',#7087,#7087,#7089,.T.);
#7087 = VERTEX_POINT('',#7088);
#7088 = CARTESIAN_POINT('',(61.66,18.,25.7));
#7089 = CIRCLE('',#7090,1.7);
#7090 = AXIS2_PLACEMENT_3D('',#7091,#7092,#7093);
#7091 = CARTESIAN_POINT('',(61.66,18.,24.));
#7092 = DIRECTION('',(1.,0.,0.));
#7093 = DIRECTION('',(-0.,0.,1.));
#7094 = FACE_BOUND('',#7095,.F.);
#7095 = EDGE_LOOP('',(#7096));
#7096 = ORIENTED_EDGE('',*,*,#7097,.F.);
#7097 = EDGE_CURVE('',#7098,#7098,#7100,.T.);
#7098 = VERTEX_POINT('',#7099);
#7099 = CARTESIAN_POINT('',(61.66,18.,36.2));
#7100 = CIRCLE('',#7101,1.7);
#7101 = AXIS2_PLACEMENT_3D('',#7102,#7103,#7104);
#7102 = CARTESIAN_POINT('',(61.66,18.,34.5));
#7103 = DIRECTION('',(1.,0.,0.));
#7104 = DIRECTION('',(-0.,0.,1.));
#7105 = FACE_BOUND('',#7106,.F.);
#7106 = EDGE_LOOP('',(#7107));
#7107 = ORIENTED_EDGE('',*,*,#7108,.F.);
#7108 = EDGE_CURVE('',#7109,#7109,#7111,.T.);
#7109 = VERTEX_POINT('',#7110);
#7110 = CARTESIAN_POINT('',(61.66,18.,111.82));
#7111 = CIRCLE('',#7112,1.7);
#7112 = AXIS2_PLACEMENT_3D('',#7113,#7114,#7115);
#7113 = CARTESIAN_POINT('',(61.66,18.,110.12));
#7114 = DIRECTION('',(1.,0.,0.));
#7115 = DIRECTION('',(-0.,0.,1.));
#7116 = FACE_BOUND('',#7117,.F.);
#7117 = EDGE_LOOP('',(#7118));
#7118 = ORIENTED_EDGE('',*,*,#7119,.F.);
#7119 = EDGE_CURVE('',#7120,#7120,#7122,.T.);
#7120 = VERTEX_POINT('',#7121);
#7121 = CARTESIAN_POINT('',(61.66,18.,180.94));
#7122 = CIRCLE('',#7123,1.7);
#7123 = AXIS2_PLACEMENT_3D('',#7124,#7125,#7126);
#7124 = CARTESIAN_POINT('',(61.66,18.,179.24));
#7125 = DIRECTION('',(1.,0.,0.));
#7126 = DIRECTION('',(-0.,0.,1.));
#7127 = PLANE('',#7128);
#7128 = AXIS2_PLACEMENT_3D('',#7129,#7130,#7131);
#7129 = CARTESIAN_POINT('',(61.66,2.,3.));
#7130 = DIRECTION('',(1.,0.,-0.));
#7131 = DIRECTION('',(0.,0.,1.));
#7132 = ADVANCED_FACE('',(#7133),#7151,.T.);
#7133 = FACE_BOUND('',#7134,.T.);
#7134 = EDGE_LOOP('',(#7135,#7143,#7149,#7150));
#7135 = ORIENTED_EDGE('',*,*,#7136,.F.);
#7136 = EDGE_CURVE('',#7137,#6213,#7139,.T.);
#7137 = VERTEX_POINT('',#7138);
#7138 = CARTESIAN_POINT('',(-151.66,3.,197.24));
#7139 = LINE('',#7140,#7141);
#7140 = CARTESIAN_POINT('',(-151.66,2.,197.24));
#7141 = VECTOR('',#7142,1.);
#7142 = DIRECTION('',(-0.,1.,0.));
#7143 = ORIENTED_EDGE('',*,*,#7144,.T.);
#7144 = EDGE_CURVE('',#7137,#7006,#7145,.T.);
#7145 = LINE('',#7146,#7147);
#7146 = CARTESIAN_POINT('',(-151.66,3.,1.5));
#7147 = VECTOR('',#7148,1.);
#7148 = DIRECTION('',(-0.,0.,-1.));
#7149 = ORIENTED_EDGE('',*,*,#7005,.T.);
#7150 = ORIENTED_EDGE('',*,*,#6212,.T.);
#7151 = PLANE('',#7152);
#7152 = AXIS2_PLACEMENT_3D('',#7153,#7154,#7155);
#7153 = CARTESIAN_POINT('',(-151.66,2.,3.));
#7154 = DIRECTION('',(1.,0.,-0.));
#7155 = DIRECTION('',(0.,0.,1.));
#7156 = ADVANCED_FACE('',(#7157),#7168,.F.);
#7157 = FACE_BOUND('',#7158,.F.);
#7158 = EDGE_LOOP('',(#7159,#7160,#7166,#7167));
#7159 = ORIENTED_EDGE('',*,*,#7136,.F.);
#7160 = ORIENTED_EDGE('',*,*,#7161,.T.);
#7161 = EDGE_CURVE('',#7137,#7069,#7162,.T.);
#7162 = LINE('',#7163,#7164);
#7163 = CARTESIAN_POINT('',(-153.16,3.,197.24));
#7164 = VECTOR('',#7165,1.);
#7165 = DIRECTION('',(1.,0.,-0.));
#7166 = ORIENTED_EDGE('',*,*,#7068,.T.);
#7167 = ORIENTED_EDGE('',*,*,#6220,.F.);
#7168 = PLANE('',#7169);
#7169 = AXIS2_PLACEMENT_3D('',#7170,#7171,#7172);
#7170 = CARTESIAN_POINT('',(-151.66,2.,197.24));
#7171 = DIRECTION('',(0.,0.,1.));
#7172 = DIRECTION('',(1.,0.,-0.));
#7173 = ADVANCED_FACE('',(#7174),#7202,.F.);
#7174 = FACE_BOUND('',#7175,.F.);
#7175 = EDGE_LOOP('',(#7176,#7187,#7193,#7194,#7195));
#7176 = ORIENTED_EDGE('',*,*,#7177,.T.);
#7177 = EDGE_CURVE('',#7178,#7180,#7182,.T.);
#7178 = VERTEX_POINT('',#7179);
#7179 = CARTESIAN_POINT('',(-149.16,51.96,16.3));
#7180 = VERTEX_POINT('',#7181);
#7181 = CARTESIAN_POINT('',(-149.16,51.96,19.7));
#7182 = CIRCLE('',#7183,1.7);
#7183 = AXIS2_PLACEMENT_3D('',#7184,#7185,#7186);
#7184 = CARTESIAN_POINT('',(-149.16,51.96,18.));
#7185 = DIRECTION('',(0.,-1.,0.));
#7186 = DIRECTION('',(0.,-0.,-1.));
#7187 = ORIENTED_EDGE('',*,*,#7188,.F.);
#7188 = EDGE_CURVE('',#6237,#7180,#7189,.T.);
#7189 = LINE('',#7190,#7191);
#7190 = CARTESIAN_POINT('',(-149.16,49.56,19.7));
#7191 = VECTOR('',#7192,1.);
#7192 = DIRECTION('',(0.,1.,0.));
#7193 = ORIENTED_EDGE('',*,*,#6236,.T.);
#7194 = ORIENTED_EDGE('',*,*,#7188,.T.);
#7195 = ORIENTED_EDGE('',*,*,#7196,.T.);
#7196 = EDGE_CURVE('',#7180,#7178,#7197,.T.);
#7197 = CIRCLE('',#7198,1.7);
#7198 = AXIS2_PLACEMENT_3D('',#7199,#7200,#7201);
#7199 = CARTESIAN_POINT('',(-149.16,51.96,18.));
#7200 = DIRECTION('',(0.,-1.,0.));
#7201 = DIRECTION('',(0.,-0.,-1.));
#7202 = CYLINDRICAL_SURFACE('',#7203,1.7);
#7203 = AXIS2_PLACEMENT_3D('',#7204,#7205,#7206);
#7204 = CARTESIAN_POINT('',(-149.16,49.56,18.));
#7205 = DIRECTION('',(0.,1.,0.));
#7206 = DIRECTION('',(0.,-0.,1.));
#7207 = ADVANCED_FACE('',(#7208),#7236,.F.);
#7208 = FACE_BOUND('',#7209,.F.);
#7209 = EDGE_LOOP('',(#7210,#7221,#7227,#7228,#7229));
#7210 = ORIENTED_EDGE('',*,*,#7211,.T.);
#7211 = EDGE_CURVE('',#7212,#7214,#7216,.T.);
#7212 = VERTEX_POINT('',#7213);
#7213 = CARTESIAN_POINT('',(-112.06,51.96,93.06));
#7214 = VERTEX_POINT('',#7215);
#7215 = CARTESIAN_POINT('',(-112.06,51.96,96.46));
#7216 = CIRCLE('',#7217,1.7);
#7217 = AXIS2_PLACEMENT_3D('',#7218,#7219,#7220);
#7218 = CARTESIAN_POINT('',(-112.06,51.96,94.76));
#7219 = DIRECTION('',(0.,-1.,0.));
#7220 = DIRECTION('',(0.,-0.,-1.));
#7221 = ORIENTED_EDGE('',*,*,#7222,.F.);
#7222 = EDGE_CURVE('',#6248,#7214,#7223,.T.);
#7223 = LINE('',#7224,#7225);
#7224 = CARTESIAN_POINT('',(-112.06,49.56,96.46));
#7225 = VECTOR('',#7226,1.);
#7226 = DIRECTION('',(0.,1.,0.));
#7227 = ORIENTED_EDGE('',*,*,#6247,.T.);
#7228 = ORIENTED_EDGE('',*,*,#7222,.T.);
#7229 = ORIENTED_EDGE('',*,*,#7230,.T.);
#7230 = EDGE_CURVE('',#7214,#7212,#7231,.T.);
#7231 = CIRCLE('',#7232,1.7);
#7232 = AXIS2_PLACEMENT_3D('',#7233,#7234,#7235);
#7233 = CARTESIAN_POINT('',(-112.06,51.96,94.76));
#7234 = DIRECTION('',(0.,-1.,0.));
#7235 = DIRECTION('',(0.,-0.,-1.));
#7236 = CYLINDRICAL_SURFACE('',#7237,1.7);
#7237 = AXIS2_PLACEMENT_3D('',#7238,#7239,#7240);
#7238 = CARTESIAN_POINT('',(-112.06,49.56,94.76));
#7239 = DIRECTION('',(0.,1.,0.));
#7240 = DIRECTION('',(0.,-0.,1.));
#7241 = ADVANCED_FACE('',(#7242),#7270,.F.);
#7242 = FACE_BOUND('',#7243,.F.);
#7243 = EDGE_LOOP('',(#7244,#7255,#7261,#7262,#7263));
#7244 = ORIENTED_EDGE('',*,*,#7245,.T.);
#7245 = EDGE_CURVE('',#7246,#7248,#7250,.T.);
#7246 = VERTEX_POINT('',#7247);
#7247 = CARTESIAN_POINT('',(-149.16,51.96,98.42));
#7248 = VERTEX_POINT('',#7249);
#7249 = CARTESIAN_POINT('',(-149.16,51.96,101.82));
#7250 = CIRCLE('',#7251,1.7);
#7251 = AXIS2_PLACEMENT_3D('',#7252,#7253,#7254);
#7252 = CARTESIAN_POINT('',(-149.16,51.96,100.12));
#7253 = DIRECTION('',(0.,-1.,0.));
#7254 = DIRECTION('',(0.,-0.,-1.));
#7255 = ORIENTED_EDGE('',*,*,#7256,.F.);
#7256 = EDGE_CURVE('',#6259,#7248,#7257,.T.);
#7257 = LINE('',#7258,#7259);
#7258 = CARTESIAN_POINT('',(-149.16,49.56,101.82));
#7259 = VECTOR('',#7260,1.);
#7260 = DIRECTION('',(0.,1.,0.));
#7261 = ORIENTED_EDGE('',*,*,#6258,.T.);
#7262 = ORIENTED_EDGE('',*,*,#7256,.T.);
#7263 = ORIENTED_EDGE('',*,*,#7264,.T.);
#7264 = EDGE_CURVE('',#7248,#7246,#7265,.T.);
#7265 = CIRCLE('',#7266,1.7);
#7266 = AXIS2_PLACEMENT_3D('',#7267,#7268,#7269);
#7267 = CARTESIAN_POINT('',(-149.16,51.96,100.12));
#7268 = DIRECTION('',(0.,-1.,0.));
#7269 = DIRECTION('',(0.,-0.,-1.));
#7270 = CYLINDRICAL_SURFACE('',#7271,1.7);
#7271 = AXIS2_PLACEMENT_3D('',#7272,#7273,#7274);
#7272 = CARTESIAN_POINT('',(-149.16,49.56,100.12));
#7273 = DIRECTION('',(0.,1.,0.));
#7274 = DIRECTION('',(0.,-0.,1.));
#7275 = ADVANCED_FACE('',(#7276),#7304,.F.);
#7276 = FACE_BOUND('',#7277,.F.);
#7277 = EDGE_LOOP('',(#7278,#7289,#7295,#7296,#7297));
#7278 = ORIENTED_EDGE('',*,*,#7279,.T.);
#7279 = EDGE_CURVE('',#7280,#7282,#7284,.T.);
#7280 = VERTEX_POINT('',#7281);
#7281 = CARTESIAN_POINT('',(-149.16,51.96,183.54));
#7282 = VERTEX_POINT('',#7283);
#7283 = CARTESIAN_POINT('',(-149.16,51.96,186.94));
#7284 = CIRCLE('',#7285,1.7);
#7285 = AXIS2_PLACEMENT_3D('',#7286,#7287,#7288);
#7286 = CARTESIAN_POINT('',(-149.16,51.96,185.24));
#7287 = DIRECTION('',(0.,-1.,0.));
#7288 = DIRECTION('',(0.,-0.,-1.));
#7289 = ORIENTED_EDGE('',*,*,#7290,.F.);
#7290 = EDGE_CURVE('',#6270,#7282,#7291,.T.);
#7291 = LINE('',#7292,#7293);
#7292 = CARTESIAN_POINT('',(-149.16,49.56,186.94));
#7293 = VECTOR('',#7294,1.);
#7294 = DIRECTION('',(0.,1.,0.));
#7295 = ORIENTED_EDGE('',*,*,#6269,.T.);
#7296 = ORIENTED_EDGE('',*,*,#7290,.T.);
#7297 = ORIENTED_EDGE('',*,*,#7298,.T.);
#7298 = EDGE_CURVE('',#7282,#7280,#7299,.T.);
#7299 = CIRCLE('',#7300,1.7);
#7300 = AXIS2_PLACEMENT_3D('',#7301,#7302,#7303);
#7301 = CARTESIAN_POINT('',(-149.16,51.96,185.24));
#7302 = DIRECTION('',(0.,-1.,0.));
#7303 = DIRECTION('',(0.,-0.,-1.));
#7304 = CYLINDRICAL_SURFACE('',#7305,1.7);
#7305 = AXIS2_PLACEMENT_3D('',#7306,#7307,#7308);
#7306 = CARTESIAN_POINT('',(-149.16,49.56,185.24));
#7307 = DIRECTION('',(0.,1.,0.));
#7308 = DIRECTION('',(0.,-0.,1.));
#7309 = ADVANCED_FACE('',(#7310),#7329,.F.);
#7310 = FACE_BOUND('',#7311,.F.);
#7311 = EDGE_LOOP('',(#7312,#7321,#7327,#7328));
#7312 = ORIENTED_EDGE('',*,*,#7313,.F.);
#7313 = EDGE_CURVE('',#7314,#7314,#7316,.T.);
#7314 = VERTEX_POINT('',#7315);
#7315 = CARTESIAN_POINT('',(-105.,53.96,148.43923076923));
#7316 = CIRCLE('',#7317,1.819230769231);
#7317 = AXIS2_PLACEMENT_3D('',#7318,#7319,#7320);
#7318 = CARTESIAN_POINT('',(-105.,53.96,146.62));
#7319 = DIRECTION('',(0.,1.,0.));
#7320 = DIRECTION('',(0.,-0.,1.));
#7321 = ORIENTED_EDGE('',*,*,#7322,.F.);
#7322 = EDGE_CURVE('',#6281,#7314,#7323,.T.);
#7323 = LINE('',#7324,#7325);
#7324 = CARTESIAN_POINT('',(-105.,51.56,149.87));
#7325 = VECTOR('',#7326,1.);
#7326 = DIRECTION('',(1.25419640541E-16,0.858946974209,-0.512064542317)
  );
#7327 = ORIENTED_EDGE('',*,*,#6280,.T.);
#7328 = ORIENTED_EDGE('',*,*,#7322,.T.);
#7329 = CONICAL_SURFACE('',#7330,3.25,0.537586646659);
#7330 = AXIS2_PLACEMENT_3D('',#7331,#7332,#7333);
#7331 = CARTESIAN_POINT('',(-105.,51.56,146.62));
#7332 = DIRECTION('',(-0.,-1.,-0.));
#7333 = DIRECTION('',(0.,-0.,1.));
#7334 = ADVANCED_FACE('',(#7335),#7363,.F.);
#7335 = FACE_BOUND('',#7336,.F.);
#7336 = EDGE_LOOP('',(#7337,#7348,#7354,#7355,#7356));
#7337 = ORIENTED_EDGE('',*,*,#7338,.T.);
#7338 = EDGE_CURVE('',#7339,#7341,#7343,.T.);
#7339 = VERTEX_POINT('',#7340);
#7340 = CARTESIAN_POINT('',(-112.06,51.96,163.78));
#7341 = VERTEX_POINT('',#7342);
#7342 = CARTESIAN_POINT('',(-112.06,51.96,167.18));
#7343 = CIRCLE('',#7344,1.7);
#7344 = AXIS2_PLACEMENT_3D('',#7345,#7346,#7347);
#7345 = CARTESIAN_POINT('',(-112.06,51.96,165.48));
#7346 = DIRECTION('',(0.,-1.,0.));
#7347 = DIRECTION('',(0.,-0.,-1.));
#7348 = ORIENTED_EDGE('',*,*,#7349,.F.);
#7349 = EDGE_CURVE('',#6292,#7341,#7350,.T.);
#7350 = LINE('',#7351,#7352);
#7351 = CARTESIAN_POINT('',(-112.06,49.56,167.18));
#7352 = VECTOR('',#7353,1.);
#7353 = DIRECTION('',(0.,1.,0.));
#7354 = ORIENTED_EDGE('',*,*,#6291,.T.);
#7355 = ORIENTED_EDGE('',*,*,#7349,.T.);
#7356 = ORIENTED_EDGE('',*,*,#7357,.T.);
#7357 = EDGE_CURVE('',#7341,#7339,#7358,.T.);
#7358 = CIRCLE('',#7359,1.7);
#7359 = AXIS2_PLACEMENT_3D('',#7360,#7361,#7362);
#7360 = CARTESIAN_POINT('',(-112.06,51.96,165.48));
#7361 = DIRECTION('',(0.,-1.,0.));
#7362 = DIRECTION('',(0.,-0.,-1.));
#7363 = CYLINDRICAL_SURFACE('',#7364,1.7);
#7364 = AXIS2_PLACEMENT_3D('',#7365,#7366,#7367);
#7365 = CARTESIAN_POINT('',(-112.06,49.56,165.48));
#7366 = DIRECTION('',(0.,1.,0.));
#7367 = DIRECTION('',(0.,-0.,1.));
#7368 = ADVANCED_FACE('',(#7369),#7380,.F.);
#7369 = FACE_BOUND('',#7370,.F.);
#7370 = EDGE_LOOP('',(#7371,#7372,#7373,#7374));
#7371 = ORIENTED_EDGE('',*,*,#6707,.F.);
#7372 = ORIENTED_EDGE('',*,*,#6352,.T.);
#7373 = ORIENTED_EDGE('',*,*,#6858,.T.);
#7374 = ORIENTED_EDGE('',*,*,#7375,.T.);
#7375 = EDGE_CURVE('',#6859,#6708,#7376,.T.);
#7376 = LINE('',#7377,#7378);
#7377 = CARTESIAN_POINT('',(40.66,53.36,11.));
#7378 = VECTOR('',#7379,1.);
#7379 = DIRECTION('',(0.,0.,1.));
#7380 = PLANE('',#7381);
#7381 = AXIS2_PLACEMENT_3D('',#7382,#7383,#7384);
#7382 = CARTESIAN_POINT('',(40.66,51.26,11.));
#7383 = DIRECTION('',(1.,0.,-0.));
#7384 = DIRECTION('',(0.,0.,1.));
#7385 = ADVANCED_FACE('',(#7386),#7397,.T.);
#7386 = FACE_BOUND('',#7387,.T.);
#7387 = EDGE_LOOP('',(#7388,#7389,#7390,#7391));
#7388 = ORIENTED_EDGE('',*,*,#6908,.F.);
#7389 = ORIENTED_EDGE('',*,*,#6329,.T.);
#7390 = ORIENTED_EDGE('',*,*,#6845,.T.);
#7391 = ORIENTED_EDGE('',*,*,#7392,.T.);
#7392 = EDGE_CURVE('',#6846,#6909,#7393,.T.);
#7393 = LINE('',#7394,#7395);
#7394 = CARTESIAN_POINT('',(-130.66,53.36,11.));
#7395 = VECTOR('',#7396,1.);
#7396 = DIRECTION('',(0.,0.,1.));
#7397 = PLANE('',#7398);
#7398 = AXIS2_PLACEMENT_3D('',#7399,#7400,#7401);
#7399 = CARTESIAN_POINT('',(-130.66,51.26,11.));
#7400 = DIRECTION('',(1.,0.,-0.));
#7401 = DIRECTION('',(0.,0.,1.));
#7402 = ADVANCED_FACE('',(#7403),#7428,.F.);
#7403 = FACE_BOUND('',#7404,.F.);
#7404 = EDGE_LOOP('',(#7405,#7413,#7414,#7422));
#7405 = ORIENTED_EDGE('',*,*,#7406,.F.);
#7406 = EDGE_CURVE('',#6386,#7407,#7409,.T.);
#7407 = VERTEX_POINT('',#7408);
#7408 = CARTESIAN_POINT('',(-17.,53.36,45.5));
#7409 = LINE('',#7410,#7411);
#7410 = CARTESIAN_POINT('',(-17.,51.26,45.5));
#7411 = VECTOR('',#7412,1.);
#7412 = DIRECTION('',(-0.,1.,0.));
#7413 = ORIENTED_EDGE('',*,*,#6385,.T.);
#7414 = ORIENTED_EDGE('',*,*,#7415,.T.);
#7415 = EDGE_CURVE('',#6388,#7416,#7418,.T.);
#7416 = VERTEX_POINT('',#7417);
#7417 = CARTESIAN_POINT('',(8.,53.36,45.5));
#7418 = LINE('',#7419,#7420);
#7419 = CARTESIAN_POINT('',(8.,51.26,45.5));
#7420 = VECTOR('',#7421,1.);
#7421 = DIRECTION('',(-0.,1.,0.));
#7422 = ORIENTED_EDGE('',*,*,#7423,.F.);
#7423 = EDGE_CURVE('',#7407,#7416,#7424,.T.);
#7424 = LINE('',#7425,#7426);
#7425 = CARTESIAN_POINT('',(-17.,53.36,45.5));
#7426 = VECTOR('',#7427,1.);
#7427 = DIRECTION('',(1.,0.,-0.));
#7428 = PLANE('',#7429);
#7429 = AXIS2_PLACEMENT_3D('',#7430,#7431,#7432);
#7430 = CARTESIAN_POINT('',(-17.,51.26,45.5));
#7431 = DIRECTION('',(0.,0.,1.));
#7432 = DIRECTION('',(1.,0.,-0.));
#7433 = ADVANCED_FACE('',(#7434),#7452,.T.);
#7434 = FACE_BOUND('',#7435,.T.);
#7435 = EDGE_LOOP('',(#7436,#7437,#7438,#7446));
#7436 = ORIENTED_EDGE('',*,*,#7406,.F.);
#7437 = ORIENTED_EDGE('',*,*,#6395,.T.);
#7438 = ORIENTED_EDGE('',*,*,#7439,.T.);
#7439 = EDGE_CURVE('',#6396,#7440,#7442,.T.);
#7440 = VERTEX_POINT('',#7441);
#7441 = CARTESIAN_POINT('',(-17.,53.36,23.5));
#7442 = LINE('',#7443,#7444);
#7443 = CARTESIAN_POINT('',(-17.,51.26,23.5));
#7444 = VECTOR('',#7445,1.);
#7445 = DIRECTION('',(-0.,1.,0.));
#7446 = ORIENTED_EDGE('',*,*,#7447,.T.);
#7447 = EDGE_CURVE('',#7440,#7407,#7448,.T.);
#7448 = LINE('',#7449,#7450);
#7449 = CARTESIAN_POINT('',(-17.,53.36,23.5));
#7450 = VECTOR('',#7451,1.);
#7451 = DIRECTION('',(0.,0.,1.));
#7452 = PLANE('',#7453);
#7453 = AXIS2_PLACEMENT_3D('',#7454,#7455,#7456);
#7454 = CARTESIAN_POINT('',(-17.,51.26,23.5));
#7455 = DIRECTION('',(1.,0.,-0.));
#7456 = DIRECTION('',(0.,0.,1.));
#7457 = ADVANCED_FACE('',(#7458),#7476,.F.);
#7458 = FACE_BOUND('',#7459,.F.);
#7459 = EDGE_LOOP('',(#7460,#7461,#7462,#7470));
#7460 = ORIENTED_EDGE('',*,*,#7415,.F.);
#7461 = ORIENTED_EDGE('',*,*,#6411,.T.);
#7462 = ORIENTED_EDGE('',*,*,#7463,.T.);
#7463 = EDGE_CURVE('',#6404,#7464,#7466,.T.);
#7464 = VERTEX_POINT('',#7465);
#7465 = CARTESIAN_POINT('',(8.,53.36,23.5));
#7466 = LINE('',#7467,#7468);
#7467 = CARTESIAN_POINT('',(8.,51.26,23.5));
#7468 = VECTOR('',#7469,1.);
#7469 = DIRECTION('',(-0.,1.,0.));
#7470 = ORIENTED_EDGE('',*,*,#7471,.T.);
#7471 = EDGE_CURVE('',#7464,#7416,#7472,.T.);
#7472 = LINE('',#7473,#7474);
#7473 = CARTESIAN_POINT('',(8.,53.36,23.5));
#7474 = VECTOR('',#7475,1.);
#7475 = DIRECTION('',(0.,0.,1.));
#7476 = PLANE('',#7477);
#7477 = AXIS2_PLACEMENT_3D('',#7478,#7479,#7480);
#7478 = CARTESIAN_POINT('',(8.,51.26,23.5));
#7479 = DIRECTION('',(1.,0.,-0.));
#7480 = DIRECTION('',(0.,0.,1.));
#7481 = ADVANCED_FACE('',(#7482),#7493,.T.);
#7482 = FACE_BOUND('',#7483,.T.);
#7483 = EDGE_LOOP('',(#7484,#7485,#7486,#7487));
#7484 = ORIENTED_EDGE('',*,*,#7439,.F.);
#7485 = ORIENTED_EDGE('',*,*,#6403,.T.);
#7486 = ORIENTED_EDGE('',*,*,#7463,.T.);
#7487 = ORIENTED_EDGE('',*,*,#7488,.F.);
#7488 = EDGE_CURVE('',#7440,#7464,#7489,.T.);
#7489 = LINE('',#7490,#7491);
#7490 = CARTESIAN_POINT('',(-17.,53.36,23.5));
#7491 = VECTOR('',#7492,1.);
#7492 = DIRECTION('',(1.,0.,-0.));
#7493 = PLANE('',#7494);
#7494 = AXIS2_PLACEMENT_3D('',#7495,#7496,#7497);
#7495 = CARTESIAN_POINT('',(-17.,51.26,23.5));
#7496 = DIRECTION('',(0.,0.,1.));
#7497 = DIRECTION('',(1.,0.,-0.));
#7498 = ADVANCED_FACE('',(#7499),#7524,.F.);
#7499 = FACE_BOUND('',#7500,.F.);
#7500 = EDGE_LOOP('',(#7501,#7509,#7510,#7518));
#7501 = ORIENTED_EDGE('',*,*,#7502,.F.);
#7502 = EDGE_CURVE('',#6420,#7503,#7505,.T.);
#7503 = VERTEX_POINT('',#7504);
#7504 = CARTESIAN_POINT('',(14.,53.36,40.5));
#7505 = LINE('',#7506,#7507);
#7506 = CARTESIAN_POINT('',(14.,51.26,40.5));
#7507 = VECTOR('',#7508,1.);
#7508 = DIRECTION('',(-0.,1.,0.));
#7509 = ORIENTED_EDGE('',*,*,#6419,.T.);
#7510 = ORIENTED_EDGE('',*,*,#7511,.T.);
#7511 = EDGE_CURVE('',#6422,#7512,#7514,.T.);
#7512 = VERTEX_POINT('',#7513);
#7513 = CARTESIAN_POINT('',(39.,53.36,40.5));
#7514 = LINE('',#7515,#7516);
#7515 = CARTESIAN_POINT('',(39.,51.26,40.5));
#7516 = VECTOR('',#7517,1.);
#7517 = DIRECTION('',(-0.,1.,0.));
#7518 = ORIENTED_EDGE('',*,*,#7519,.F.);
#7519 = EDGE_CURVE('',#7503,#7512,#7520,.T.);
#7520 = LINE('',#7521,#7522);
#7521 = CARTESIAN_POINT('',(14.,53.36,40.5));
#7522 = VECTOR('',#7523,1.);
#7523 = DIRECTION('',(1.,0.,-0.));
#7524 = PLANE('',#7525);
#7525 = AXIS2_PLACEMENT_3D('',#7526,#7527,#7528);
#7526 = CARTESIAN_POINT('',(14.,51.26,40.5));
#7527 = DIRECTION('',(0.,0.,1.));
#7528 = DIRECTION('',(1.,0.,-0.));
#7529 = ADVANCED_FACE('',(#7530),#7548,.T.);
#7530 = FACE_BOUND('',#7531,.T.);
#7531 = EDGE_LOOP('',(#7532,#7533,#7534,#7542));
#7532 = ORIENTED_EDGE('',*,*,#7502,.F.);
#7533 = ORIENTED_EDGE('',*,*,#6429,.T.);
#7534 = ORIENTED_EDGE('',*,*,#7535,.T.);
#7535 = EDGE_CURVE('',#6430,#7536,#7538,.T.);
#7536 = VERTEX_POINT('',#7537);
#7537 = CARTESIAN_POINT('',(14.,53.36,28.5));
#7538 = LINE('',#7539,#7540);
#7539 = CARTESIAN_POINT('',(14.,51.26,28.5));
#7540 = VECTOR('',#7541,1.);
#7541 = DIRECTION('',(-0.,1.,0.));
#7542 = ORIENTED_EDGE('',*,*,#7543,.T.);
#7543 = EDGE_CURVE('',#7536,#7503,#7544,.T.);
#7544 = LINE('',#7545,#7546);
#7545 = CARTESIAN_POINT('',(14.,53.36,28.5));
#7546 = VECTOR('',#7547,1.);
#7547 = DIRECTION('',(0.,0.,1.));
#7548 = PLANE('',#7549);
#7549 = AXIS2_PLACEMENT_3D('',#7550,#7551,#7552);
#7550 = CARTESIAN_POINT('',(14.,51.26,28.5));
#7551 = DIRECTION('',(1.,0.,-0.));
#7552 = DIRECTION('',(0.,0.,1.));
#7553 = ADVANCED_FACE('',(#7554),#7572,.F.);
#7554 = FACE_BOUND('',#7555,.F.);
#7555 = EDGE_LOOP('',(#7556,#7557,#7558,#7566));
#7556 = ORIENTED_EDGE('',*,*,#7511,.F.);
#7557 = ORIENTED_EDGE('',*,*,#6445,.T.);
#7558 = ORIENTED_EDGE('',*,*,#7559,.T.);
#7559 = EDGE_CURVE('',#6438,#7560,#7562,.T.);
#7560 = VERTEX_POINT('',#7561);
#7561 = CARTESIAN_POINT('',(39.,53.36,28.5));
#7562 = LINE('',#7563,#7564);
#7563 = CARTESIAN_POINT('',(39.,51.26,28.5));
#7564 = VECTOR('',#7565,1.);
#7565 = DIRECTION('',(-0.,1.,0.));
#7566 = ORIENTED_EDGE('',*,*,#7567,.T.);
#7567 = EDGE_CURVE('',#7560,#7512,#7568,.T.);
#7568 = LINE('',#7569,#7570);
#7569 = CARTESIAN_POINT('',(39.,53.36,28.5));
#7570 = VECTOR('',#7571,1.);
#7571 = DIRECTION('',(0.,0.,1.));
#7572 = PLANE('',#7573);
#7573 = AXIS2_PLACEMENT_3D('',#7574,#7575,#7576);
#7574 = CARTESIAN_POINT('',(39.,51.26,28.5));
#7575 = DIRECTION('',(1.,0.,-0.));
#7576 = DIRECTION('',(0.,0.,1.));
#7577 = ADVANCED_FACE('',(#7578),#7589,.T.);
#7578 = FACE_BOUND('',#7579,.T.);
#7579 = EDGE_LOOP('',(#7580,#7581,#7582,#7583));
#7580 = ORIENTED_EDGE('',*,*,#7535,.F.);
#7581 = ORIENTED_EDGE('',*,*,#6437,.T.);
#7582 = ORIENTED_EDGE('',*,*,#7559,.T.);
#7583 = ORIENTED_EDGE('',*,*,#7584,.F.);
#7584 = EDGE_CURVE('',#7536,#7560,#7585,.T.);
#7585 = LINE('',#7586,#7587);
#7586 = CARTESIAN_POINT('',(14.,53.36,28.5));
#7587 = VECTOR('',#7588,1.);
#7588 = DIRECTION('',(1.,0.,-0.));
#7589 = PLANE('',#7590);
#7590 = AXIS2_PLACEMENT_3D('',#7591,#7592,#7593);
#7591 = CARTESIAN_POINT('',(14.,51.26,28.5));
#7592 = DIRECTION('',(0.,0.,1.));
#7593 = DIRECTION('',(1.,0.,-0.));
#7594 = ADVANCED_FACE('',(#7595),#7623,.F.);
#7595 = FACE_BOUND('',#7596,.F.);
#7596 = EDGE_LOOP('',(#7597,#7608,#7614,#7615,#7616));
#7597 = ORIENTED_EDGE('',*,*,#7598,.T.);
#7598 = EDGE_CURVE('',#7599,#7601,#7603,.T.);
#7599 = VERTEX_POINT('',#7600);
#7600 = CARTESIAN_POINT('',(59.16,51.96,16.3));
#7601 = VERTEX_POINT('',#7602);
#7602 = CARTESIAN_POINT('',(59.16,51.96,19.7));
#7603 = CIRCLE('',#7604,1.7);
#7604 = AXIS2_PLACEMENT_3D('',#7605,#7606,#7607);
#7605 = CARTESIAN_POINT('',(59.16,51.96,18.));
#7606 = DIRECTION('',(0.,-1.,0.));
#7607 = DIRECTION('',(0.,-0.,-1.));
#7608 = ORIENTED_EDGE('',*,*,#7609,.F.);
#7609 = EDGE_CURVE('',#6454,#7601,#7610,.T.);
#7610 = LINE('',#7611,#7612);
#7611 = CARTESIAN_POINT('',(59.16,49.56,19.7));
#7612 = VECTOR('',#7613,1.);
#7613 = DIRECTION('',(0.,1.,0.));
#7614 = ORIENTED_EDGE('',*,*,#6453,.T.);
#7615 = ORIENTED_EDGE('',*,*,#7609,.T.);
#7616 = ORIENTED_EDGE('',*,*,#7617,.T.);
#7617 = EDGE_CURVE('',#7601,#7599,#7618,.T.);
#7618 = CIRCLE('',#7619,1.7);
#7619 = AXIS2_PLACEMENT_3D('',#7620,#7621,#7622);
#7620 = CARTESIAN_POINT('',(59.16,51.96,18.));
#7621 = DIRECTION('',(0.,-1.,0.));
#7622 = DIRECTION('',(0.,-0.,-1.));
#7623 = CYLINDRICAL_SURFACE('',#7624,1.7);
#7624 = AXIS2_PLACEMENT_3D('',#7625,#7626,#7627);
#7625 = CARTESIAN_POINT('',(59.16,49.56,18.));
#7626 = DIRECTION('',(0.,1.,0.));
#7627 = DIRECTION('',(0.,-0.,1.));
#7628 = ADVANCED_FACE('',(#7629),#7657,.F.);
#7629 = FACE_BOUND('',#7630,.F.);
#7630 = EDGE_LOOP('',(#7631,#7642,#7648,#7649,#7650));
#7631 = ORIENTED_EDGE('',*,*,#7632,.T.);
#7632 = EDGE_CURVE('',#7633,#7635,#7637,.T.);
#7633 = VERTEX_POINT('',#7634);
#7634 = CARTESIAN_POINT('',(27.94,51.96,93.06));
#7635 = VERTEX_POINT('',#7636);
#7636 = CARTESIAN_POINT('',(27.94,51.96,96.46));
#7637 = CIRCLE('',#7638,1.7);
#7638 = AXIS2_PLACEMENT_3D('',#7639,#7640,#7641);
#7639 = CARTESIAN_POINT('',(27.94,51.96,94.76));
#7640 = DIRECTION('',(0.,-1.,0.));
#7641 = DIRECTION('',(0.,-0.,-1.));
#7642 = ORIENTED_EDGE('',*,*,#7643,.F.);
#7643 = EDGE_CURVE('',#6465,#7635,#7644,.T.);
#7644 = LINE('',#7645,#7646);
#7645 = CARTESIAN_POINT('',(27.94,49.56,96.46));
#7646 = VECTOR('',#7647,1.);
#7647 = DIRECTION('',(0.,1.,0.));
#7648 = ORIENTED_EDGE('',*,*,#6464,.T.);
#7649 = ORIENTED_EDGE('',*,*,#7643,.T.);
#7650 = ORIENTED_EDGE('',*,*,#7651,.T.);
#7651 = EDGE_CURVE('',#7635,#7633,#7652,.T.);
#7652 = CIRCLE('',#7653,1.7);
#7653 = AXIS2_PLACEMENT_3D('',#7654,#7655,#7656);
#7654 = CARTESIAN_POINT('',(27.94,51.96,94.76));
#7655 = DIRECTION('',(0.,-1.,0.));
#7656 = DIRECTION('',(0.,-0.,-1.));
#7657 = CYLINDRICAL_SURFACE('',#7658,1.7);
#7658 = AXIS2_PLACEMENT_3D('',#7659,#7660,#7661);
#7659 = CARTESIAN_POINT('',(27.94,49.56,94.76));
#7660 = DIRECTION('',(0.,1.,0.));
#7661 = DIRECTION('',(0.,-0.,1.));
#7662 = ADVANCED_FACE('',(#7663),#7688,.T.);
#7663 = FACE_BOUND('',#7664,.T.);
#7664 = EDGE_LOOP('',(#7665,#7673,#7674,#7682));
#7665 = ORIENTED_EDGE('',*,*,#7666,.F.);
#7666 = EDGE_CURVE('',#6476,#7667,#7669,.T.);
#7667 = VERTEX_POINT('',#7668);
#7668 = CARTESIAN_POINT('',(-14.,54.56,142.12));
#7669 = LINE('',#7670,#7671);
#7670 = CARTESIAN_POINT('',(-14.,50.56,142.12));
#7671 = VECTOR('',#7672,1.);
#7672 = DIRECTION('',(-0.,1.,0.));
#7673 = ORIENTED_EDGE('',*,*,#6475,.T.);
#7674 = ORIENTED_EDGE('',*,*,#7675,.T.);
#7675 = EDGE_CURVE('',#6478,#7676,#7678,.T.);
#7676 = VERTEX_POINT('',#7677);
#7677 = CARTESIAN_POINT('',(-14.,54.56,138.12));
#7678 = LINE('',#7679,#7680);
#7679 = CARTESIAN_POINT('',(-14.,50.56,138.12));
#7680 = VECTOR('',#7681,1.);
#7681 = DIRECTION('',(-0.,1.,0.));
#7682 = ORIENTED_EDGE('',*,*,#7683,.F.);
#7683 = EDGE_CURVE('',#7667,#7676,#7684,.T.);
#7684 = LINE('',#7685,#7686);
#7685 = CARTESIAN_POINT('',(-14.,54.56,65.06));
#7686 = VECTOR('',#7687,1.);
#7687 = DIRECTION('',(-0.,0.,-1.));
#7688 = PLANE('',#7689);
#7689 = AXIS2_PLACEMENT_3D('',#7690,#7691,#7692);
#7690 = CARTESIAN_POINT('',(-14.,50.56,130.12));
#7691 = DIRECTION('',(1.,0.,-0.));
#7692 = DIRECTION('',(0.,0.,1.));
#7693 = ADVANCED_FACE('',(#7694),#7712,.F.);
#7694 = FACE_BOUND('',#7695,.F.);
#7695 = EDGE_LOOP('',(#7696,#7697,#7698,#7706));
#7696 = ORIENTED_EDGE('',*,*,#7666,.F.);
#7697 = ORIENTED_EDGE('',*,*,#6581,.T.);
#7698 = ORIENTED_EDGE('',*,*,#7699,.T.);
#7699 = EDGE_CURVE('',#6574,#7700,#7702,.T.);
#7700 = VERTEX_POINT('',#7701);
#7701 = CARTESIAN_POINT('',(-12.,54.56,142.12));
#7702 = LINE('',#7703,#7704);
#7703 = CARTESIAN_POINT('',(-12.,50.56,142.12));
#7704 = VECTOR('',#7705,1.);
#7705 = DIRECTION('',(-0.,1.,0.));
#7706 = ORIENTED_EDGE('',*,*,#7707,.F.);
#7707 = EDGE_CURVE('',#7667,#7700,#7708,.T.);
#7708 = LINE('',#7709,#7710);
#7709 = CARTESIAN_POINT('',(-84.33,54.56,142.12));
#7710 = VECTOR('',#7711,1.);
#7711 = DIRECTION('',(1.,0.,-0.));
#7712 = PLANE('',#7713);
#7713 = AXIS2_PLACEMENT_3D('',#7714,#7715,#7716);
#7714 = CARTESIAN_POINT('',(-14.,50.56,142.12));
#7715 = DIRECTION('',(0.,0.,1.));
#7716 = DIRECTION('',(1.,0.,-0.));
#7717 = ADVANCED_FACE('',(#7718),#7736,.T.);
#7718 = FACE_BOUND('',#7719,.T.);
#7719 = EDGE_LOOP('',(#7720,#7721,#7722,#7730));
#7720 = ORIENTED_EDGE('',*,*,#7675,.F.);
#7721 = ORIENTED_EDGE('',*,*,#6485,.T.);
#7722 = ORIENTED_EDGE('',*,*,#7723,.T.);
#7723 = EDGE_CURVE('',#6486,#7724,#7726,.T.);
#7724 = VERTEX_POINT('',#7725);
#7725 = CARTESIAN_POINT('',(-14.,54.56,134.12));
#7726 = LINE('',#7727,#7728);
#7727 = CARTESIAN_POINT('',(-14.,50.56,134.12));
#7728 = VECTOR('',#7729,1.);
#7729 = DIRECTION('',(-0.,1.,0.));
#7730 = ORIENTED_EDGE('',*,*,#7731,.F.);
#7731 = EDGE_CURVE('',#7676,#7724,#7732,.T.);
#7732 = LINE('',#7733,#7734);
#7733 = CARTESIAN_POINT('',(-14.,54.56,63.06));
#7734 = VECTOR('',#7735,1.);
#7735 = DIRECTION('',(-0.,0.,-1.));
#7736 = PLANE('',#7737);
#7737 = AXIS2_PLACEMENT_3D('',#7738,#7739,#7740);
#7738 = CARTESIAN_POINT('',(-14.,50.56,126.12));
#7739 = DIRECTION('',(1.,0.,-0.));
#7740 = DIRECTION('',(0.,0.,1.));
#7741 = ADVANCED_FACE('',(#7742),#7760,.F.);
#7742 = FACE_BOUND('',#7743,.F.);
#7743 = EDGE_LOOP('',(#7744,#7745,#7746,#7754));
#7744 = ORIENTED_EDGE('',*,*,#7699,.F.);
#7745 = ORIENTED_EDGE('',*,*,#6573,.T.);
#7746 = ORIENTED_EDGE('',*,*,#7747,.T.);
#7747 = EDGE_CURVE('',#6566,#7748,#7750,.T.);
#7748 = VERTEX_POINT('',#7749);
#7749 = CARTESIAN_POINT('',(-12.,54.56,138.12));
#7750 = LINE('',#7751,#7752);
#7751 = CARTESIAN_POINT('',(-12.,50.56,138.12));
#7752 = VECTOR('',#7753,1.);
#7753 = DIRECTION('',(-0.,1.,0.));
#7754 = ORIENTED_EDGE('',*,*,#7755,.F.);
#7755 = EDGE_CURVE('',#7700,#7748,#7756,.T.);
#7756 = LINE('',#7757,#7758);
#7757 = CARTESIAN_POINT('',(-12.,54.56,65.06));
#7758 = VECTOR('',#7759,1.);
#7759 = DIRECTION('',(-0.,0.,-1.));
#7760 = PLANE('',#7761);
#7761 = AXIS2_PLACEMENT_3D('',#7762,#7763,#7764);
#7762 = CARTESIAN_POINT('',(-12.,50.56,130.12));
#7763 = DIRECTION('',(1.,0.,-0.));
#7764 = DIRECTION('',(0.,0.,1.));
#7765 = ADVANCED_FACE('',(#7766),#7784,.T.);
#7766 = FACE_BOUND('',#7767,.T.);
#7767 = EDGE_LOOP('',(#7768,#7769,#7770,#7778));
#7768 = ORIENTED_EDGE('',*,*,#7723,.F.);
#7769 = ORIENTED_EDGE('',*,*,#6493,.T.);
#7770 = ORIENTED_EDGE('',*,*,#7771,.T.);
#7771 = EDGE_CURVE('',#6494,#7772,#7774,.T.);
#7772 = VERTEX_POINT('',#7773);
#7773 = CARTESIAN_POINT('',(-14.,54.56,130.12));
#7774 = LINE('',#7775,#7776);
#7775 = CARTESIAN_POINT('',(-14.,50.56,130.12));
#7776 = VECTOR('',#7777,1.);
#7777 = DIRECTION('',(-0.,1.,0.));
#7778 = ORIENTED_EDGE('',*,*,#7779,.F.);
#7779 = EDGE_CURVE('',#7724,#7772,#7780,.T.);
#7780 = LINE('',#7781,#7782);
#7781 = CARTESIAN_POINT('',(-14.,54.56,61.06));
#7782 = VECTOR('',#7783,1.);
#7783 = DIRECTION('',(-0.,0.,-1.));
#7784 = PLANE('',#7785);
#7785 = AXIS2_PLACEMENT_3D('',#7786,#7787,#7788);
#7786 = CARTESIAN_POINT('',(-14.,50.56,122.12));
#7787 = DIRECTION('',(1.,0.,-0.));
#7788 = DIRECTION('',(0.,0.,1.));
#7789 = ADVANCED_FACE('',(#7790),#7808,.F.);
#7790 = FACE_BOUND('',#7791,.F.);
#7791 = EDGE_LOOP('',(#7792,#7793,#7794,#7802));
#7792 = ORIENTED_EDGE('',*,*,#7747,.F.);
#7793 = ORIENTED_EDGE('',*,*,#6565,.T.);
#7794 = ORIENTED_EDGE('',*,*,#7795,.T.);
#7795 = EDGE_CURVE('',#6558,#7796,#7798,.T.);
#7796 = VERTEX_POINT('',#7797);
#7797 = CARTESIAN_POINT('',(-12.,54.56,134.12));
#7798 = LINE('',#7799,#7800);
#7799 = CARTESIAN_POINT('',(-12.,50.56,134.12));
#7800 = VECTOR('',#7801,1.);
#7801 = DIRECTION('',(-0.,1.,0.));
#7802 = ORIENTED_EDGE('',*,*,#7803,.F.);
#7803 = EDGE_CURVE('',#7748,#7796,#7804,.T.);
#7804 = LINE('',#7805,#7806);
#7805 = CARTESIAN_POINT('',(-12.,54.56,63.06));
#7806 = VECTOR('',#7807,1.);
#7807 = DIRECTION('',(-0.,0.,-1.));
#7808 = PLANE('',#7809);
#7809 = AXIS2_PLACEMENT_3D('',#7810,#7811,#7812);
#7810 = CARTESIAN_POINT('',(-12.,50.56,126.12));
#7811 = DIRECTION('',(1.,0.,-0.));
#7812 = DIRECTION('',(0.,0.,1.));
#7813 = ADVANCED_FACE('',(#7814),#7832,.T.);
#7814 = FACE_BOUND('',#7815,.T.);
#7815 = EDGE_LOOP('',(#7816,#7817,#7818,#7826));
#7816 = ORIENTED_EDGE('',*,*,#7771,.F.);
#7817 = ORIENTED_EDGE('',*,*,#6501,.T.);
#7818 = ORIENTED_EDGE('',*,*,#7819,.T.);
#7819 = EDGE_CURVE('',#6502,#7820,#7822,.T.);
#7820 = VERTEX_POINT('',#7821);
#7821 = CARTESIAN_POINT('',(-14.,54.56,126.12));
#7822 = LINE('',#7823,#7824);
#7823 = CARTESIAN_POINT('',(-14.,50.56,126.12));
#7824 = VECTOR('',#7825,1.);
#7825 = DIRECTION('',(-0.,1.,0.));
#7826 = ORIENTED_EDGE('',*,*,#7827,.F.);
#7827 = EDGE_CURVE('',#7772,#7820,#7828,.T.);
#7828 = LINE('',#7829,#7830);
#7829 = CARTESIAN_POINT('',(-14.,54.56,59.06));
#7830 = VECTOR('',#7831,1.);
#7831 = DIRECTION('',(-0.,0.,-1.));
#7832 = PLANE('',#7833);
#7833 = AXIS2_PLACEMENT_3D('',#7834,#7835,#7836);
#7834 = CARTESIAN_POINT('',(-14.,50.56,118.12));
#7835 = DIRECTION('',(1.,0.,-0.));
#7836 = DIRECTION('',(0.,0.,1.));
#7837 = ADVANCED_FACE('',(#7838),#7856,.F.);
#7838 = FACE_BOUND('',#7839,.F.);
#7839 = EDGE_LOOP('',(#7840,#7841,#7842,#7850));
#7840 = ORIENTED_EDGE('',*,*,#7795,.F.);
#7841 = ORIENTED_EDGE('',*,*,#6557,.T.);
#7842 = ORIENTED_EDGE('',*,*,#7843,.T.);
#7843 = EDGE_CURVE('',#6550,#7844,#7846,.T.);
#7844 = VERTEX_POINT('',#7845);
#7845 = CARTESIAN_POINT('',(-12.,54.56,130.12));
#7846 = LINE('',#7847,#7848);
#7847 = CARTESIAN_POINT('',(-12.,50.56,130.12));
#7848 = VECTOR('',#7849,1.);
#7849 = DIRECTION('',(-0.,1.,0.));
#7850 = ORIENTED_EDGE('',*,*,#7851,.F.);
#7851 = EDGE_CURVE('',#7796,#7844,#7852,.T.);
#7852 = LINE('',#7853,#7854);
#7853 = CARTESIAN_POINT('',(-12.,54.56,61.06));
#7854 = VECTOR('',#7855,1.);
#7855 = DIRECTION('',(-0.,0.,-1.));
#7856 = PLANE('',#7857);
#7857 = AXIS2_PLACEMENT_3D('',#7858,#7859,#7860);
#7858 = CARTESIAN_POINT('',(-12.,50.56,122.12));
#7859 = DIRECTION('',(1.,0.,-0.));
#7860 = DIRECTION('',(0.,0.,1.));
#7861 = ADVANCED_FACE('',(#7862),#7880,.T.);
#7862 = FACE_BOUND('',#7863,.T.);
#7863 = EDGE_LOOP('',(#7864,#7865,#7866,#7874));
#7864 = ORIENTED_EDGE('',*,*,#7819,.F.);
#7865 = ORIENTED_EDGE('',*,*,#6509,.T.);
#7866 = ORIENTED_EDGE('',*,*,#7867,.T.);
#7867 = EDGE_CURVE('',#6510,#7868,#7870,.T.);
#7868 = VERTEX_POINT('',#7869);
#7869 = CARTESIAN_POINT('',(-14.,54.56,122.12));
#7870 = LINE('',#7871,#7872);
#7871 = CARTESIAN_POINT('',(-14.,50.56,122.12));
#7872 = VECTOR('',#7873,1.);
#7873 = DIRECTION('',(-0.,1.,0.));
#7874 = ORIENTED_EDGE('',*,*,#7875,.F.);
#7875 = EDGE_CURVE('',#7820,#7868,#7876,.T.);
#7876 = LINE('',#7877,#7878);
#7877 = CARTESIAN_POINT('',(-14.,54.56,59.06));
#7878 = VECTOR('',#7879,1.);
#7879 = DIRECTION('',(-0.,0.,-1.));
#7880 = PLANE('',#7881);
#7881 = AXIS2_PLACEMENT_3D('',#7882,#7883,#7884);
#7882 = CARTESIAN_POINT('',(-14.,50.56,118.12));
#7883 = DIRECTION('',(1.,0.,-0.));
#7884 = DIRECTION('',(0.,0.,1.));
#7885 = ADVANCED_FACE('',(#7886),#7904,.F.);
#7886 = FACE_BOUND('',#7887,.F.);
#7887 = EDGE_LOOP('',(#7888,#7889,#7890,#7898));
#7888 = ORIENTED_EDGE('',*,*,#7843,.F.);
#7889 = ORIENTED_EDGE('',*,*,#6549,.T.);
#7890 = ORIENTED_EDGE('',*,*,#7891,.T.);
#7891 = EDGE_CURVE('',#6542,#7892,#7894,.T.);
#7892 = VERTEX_POINT('',#7893);
#7893 = CARTESIAN_POINT('',(-12.,54.56,126.12));
#7894 = LINE('',#7895,#7896);
#7895 = CARTESIAN_POINT('',(-12.,50.56,126.12));
#7896 = VECTOR('',#7897,1.);
#7897 = DIRECTION('',(-0.,1.,0.));
#7898 = ORIENTED_EDGE('',*,*,#7899,.F.);
#7899 = EDGE_CURVE('',#7844,#7892,#7900,.T.);
#7900 = LINE('',#7901,#7902);
#7901 = CARTESIAN_POINT('',(-12.,54.56,59.06));
#7902 = VECTOR('',#7903,1.);
#7903 = DIRECTION('',(-0.,0.,-1.));
#7904 = PLANE('',#7905);
#7905 = AXIS2_PLACEMENT_3D('',#7906,#7907,#7908);
#7906 = CARTESIAN_POINT('',(-12.,50.56,118.12));
#7907 = DIRECTION('',(1.,0.,-0.));
#7908 = DIRECTION('',(0.,0.,1.));
#7909 = ADVANCED_FACE('',(#7910),#7928,.T.);
#7910 = FACE_BOUND('',#7911,.T.);
#7911 = EDGE_LOOP('',(#7912,#7913,#7914,#7922));
#7912 = ORIENTED_EDGE('',*,*,#7867,.F.);
#7913 = ORIENTED_EDGE('',*,*,#6517,.T.);
#7914 = ORIENTED_EDGE('',*,*,#7915,.T.);
#7915 = EDGE_CURVE('',#6518,#7916,#7918,.T.);
#7916 = VERTEX_POINT('',#7917);
#7917 = CARTESIAN_POINT('',(-14.,54.56,118.12));
#7918 = LINE('',#7919,#7920);
#7919 = CARTESIAN_POINT('',(-14.,50.56,118.12));
#7920 = VECTOR('',#7921,1.);
#7921 = DIRECTION('',(-0.,1.,0.));
#7922 = ORIENTED_EDGE('',*,*,#7923,.F.);
#7923 = EDGE_CURVE('',#7868,#7916,#7924,.T.);
#7924 = LINE('',#7925,#7926);
#7925 = CARTESIAN_POINT('',(-14.,54.56,59.06));
#7926 = VECTOR('',#7927,1.);
#7927 = DIRECTION('',(-0.,0.,-1.));
#7928 = PLANE('',#7929);
#7929 = AXIS2_PLACEMENT_3D('',#7930,#7931,#7932);
#7930 = CARTESIAN_POINT('',(-14.,50.56,118.12));
#7931 = DIRECTION('',(1.,0.,-0.));
#7932 = DIRECTION('',(0.,0.,1.));
#7933 = ADVANCED_FACE('',(#7934),#7952,.F.);
#7934 = FACE_BOUND('',#7935,.F.);
#7935 = EDGE_LOOP('',(#7936,#7937,#7938,#7946));
#7936 = ORIENTED_EDGE('',*,*,#7891,.F.);
#7937 = ORIENTED_EDGE('',*,*,#6541,.T.);
#7938 = ORIENTED_EDGE('',*,*,#7939,.T.);
#7939 = EDGE_CURVE('',#6534,#7940,#7942,.T.);
#7940 = VERTEX_POINT('',#7941);
#7941 = CARTESIAN_POINT('',(-12.,54.56,122.12));
#7942 = LINE('',#7943,#7944);
#7943 = CARTESIAN_POINT('',(-12.,50.56,122.12));
#7944 = VECTOR('',#7945,1.);
#7945 = DIRECTION('',(-0.,1.,0.));
#7946 = ORIENTED_EDGE('',*,*,#7947,.F.);
#7947 = EDGE_CURVE('',#7892,#7940,#7948,.T.);
#7948 = LINE('',#7949,#7950);
#7949 = CARTESIAN_POINT('',(-12.,54.56,59.06));
#7950 = VECTOR('',#7951,1.);
#7951 = DIRECTION('',(-0.,0.,-1.));
#7952 = PLANE('',#7953);
#7953 = AXIS2_PLACEMENT_3D('',#7954,#7955,#7956);
#7954 = CARTESIAN_POINT('',(-12.,50.56,118.12));
#7955 = DIRECTION('',(1.,0.,-0.));
#7956 = DIRECTION('',(0.,0.,1.));
#7957 = ADVANCED_FACE('',(#7958),#7976,.T.);
#7958 = FACE_BOUND('',#7959,.T.);
#7959 = EDGE_LOOP('',(#7960,#7961,#7962,#7970));
#7960 = ORIENTED_EDGE('',*,*,#7915,.F.);
#7961 = ORIENTED_EDGE('',*,*,#6525,.T.);
#7962 = ORIENTED_EDGE('',*,*,#7963,.T.);
#7963 = EDGE_CURVE('',#6526,#7964,#7966,.T.);
#7964 = VERTEX_POINT('',#7965);
#7965 = CARTESIAN_POINT('',(-12.,54.56,118.12));
#7966 = LINE('',#7967,#7968);
#7967 = CARTESIAN_POINT('',(-12.,50.56,118.12));
#7968 = VECTOR('',#7969,1.);
#7969 = DIRECTION('',(-0.,1.,0.));
#7970 = ORIENTED_EDGE('',*,*,#7971,.F.);
#7971 = EDGE_CURVE('',#7916,#7964,#7972,.T.);
#7972 = LINE('',#7973,#7974);
#7973 = CARTESIAN_POINT('',(-84.33,54.56,118.12));
#7974 = VECTOR('',#7975,1.);
#7975 = DIRECTION('',(1.,0.,-0.));
#7976 = PLANE('',#7977);
#7977 = AXIS2_PLACEMENT_3D('',#7978,#7979,#7980);
#7978 = CARTESIAN_POINT('',(-14.,50.56,118.12));
#7979 = DIRECTION('',(0.,0.,1.));
#7980 = DIRECTION('',(1.,0.,-0.));
#7981 = ADVANCED_FACE('',(#7982),#7993,.F.);
#7982 = FACE_BOUND('',#7983,.F.);
#7983 = EDGE_LOOP('',(#7984,#7985,#7986,#7987));
#7984 = ORIENTED_EDGE('',*,*,#7939,.F.);
#7985 = ORIENTED_EDGE('',*,*,#6533,.T.);
#7986 = ORIENTED_EDGE('',*,*,#7963,.T.);
#7987 = ORIENTED_EDGE('',*,*,#7988,.F.);
#7988 = EDGE_CURVE('',#7940,#7964,#7989,.T.);
#7989 = LINE('',#7990,#7991);
#7990 = CARTESIAN_POINT('',(-12.,54.56,59.06));
#7991 = VECTOR('',#7992,1.);
#7992 = DIRECTION('',(-0.,0.,-1.));
#7993 = PLANE('',#7994);
#7994 = AXIS2_PLACEMENT_3D('',#7995,#7996,#7997);
#7995 = CARTESIAN_POINT('',(-12.,50.56,118.12));
#7996 = DIRECTION('',(1.,0.,-0.));
#7997 = DIRECTION('',(0.,0.,1.));
#7998 = ADVANCED_FACE('',(#7999),#8018,.F.);
#7999 = FACE_BOUND('',#8000,.F.);
#8000 = EDGE_LOOP('',(#8001,#8010,#8016,#8017));
#8001 = ORIENTED_EDGE('',*,*,#8002,.F.);
#8002 = EDGE_CURVE('',#8003,#8003,#8005,.T.);
#8003 = VERTEX_POINT('',#8004);
#8004 = CARTESIAN_POINT('',(-45.,53.96,148.43923076923));
#8005 = CIRCLE('',#8006,1.819230769231);
#8006 = AXIS2_PLACEMENT_3D('',#8007,#8008,#8009);
#8007 = CARTESIAN_POINT('',(-45.,53.96,146.62));
#8008 = DIRECTION('',(0.,1.,0.));
#8009 = DIRECTION('',(0.,-0.,1.));
#8010 = ORIENTED_EDGE('',*,*,#8011,.F.);
#8011 = EDGE_CURVE('',#6590,#8003,#8012,.T.);
#8012 = LINE('',#8013,#8014);
#8013 = CARTESIAN_POINT('',(-45.,51.56,149.87));
#8014 = VECTOR('',#8015,1.);
#8015 = DIRECTION('',(1.25419640541E-16,0.858946974209,-0.512064542317)
  );
#8016 = ORIENTED_EDGE('',*,*,#6589,.T.);
#8017 = ORIENTED_EDGE('',*,*,#8011,.T.);
#8018 = CONICAL_SURFACE('',#8019,3.25,0.537586646659);
#8019 = AXIS2_PLACEMENT_3D('',#8020,#8021,#8022);
#8020 = CARTESIAN_POINT('',(-45.,51.56,146.62));
#8021 = DIRECTION('',(-0.,-1.,-0.));
#8022 = DIRECTION('',(0.,-0.,1.));
#8023 = ADVANCED_FACE('',(#8024),#8052,.F.);
#8024 = FACE_BOUND('',#8025,.F.);
#8025 = EDGE_LOOP('',(#8026,#8037,#8043,#8044,#8045));
#8026 = ORIENTED_EDGE('',*,*,#8027,.T.);
#8027 = EDGE_CURVE('',#8028,#8030,#8032,.T.);
#8028 = VERTEX_POINT('',#8029);
#8029 = CARTESIAN_POINT('',(59.16,51.96,98.42));
#8030 = VERTEX_POINT('',#8031);
#8031 = CARTESIAN_POINT('',(59.16,51.96,101.82));
#8032 = CIRCLE('',#8033,1.7);
#8033 = AXIS2_PLACEMENT_3D('',#8034,#8035,#8036);
#8034 = CARTESIAN_POINT('',(59.16,51.96,100.12));
#8035 = DIRECTION('',(0.,-1.,0.));
#8036 = DIRECTION('',(0.,-0.,-1.));
#8037 = ORIENTED_EDGE('',*,*,#8038,.F.);
#8038 = EDGE_CURVE('',#6601,#8030,#8039,.T.);
#8039 = LINE('',#8040,#8041);
#8040 = CARTESIAN_POINT('',(59.16,49.56,101.82));
#8041 = VECTOR('',#8042,1.);
#8042 = DIRECTION('',(0.,1.,0.));
#8043 = ORIENTED_EDGE('',*,*,#6600,.T.);
#8044 = ORIENTED_EDGE('',*,*,#8038,.T.);
#8045 = ORIENTED_EDGE('',*,*,#8046,.T.);
#8046 = EDGE_CURVE('',#8030,#8028,#8047,.T.);
#8047 = CIRCLE('',#8048,1.7);
#8048 = AXIS2_PLACEMENT_3D('',#8049,#8050,#8051);
#8049 = CARTESIAN_POINT('',(59.16,51.96,100.12));
#8050 = DIRECTION('',(0.,-1.,0.));
#8051 = DIRECTION('',(0.,-0.,-1.));
#8052 = CYLINDRICAL_SURFACE('',#8053,1.7);
#8053 = AXIS2_PLACEMENT_3D('',#8054,#8055,#8056);
#8054 = CARTESIAN_POINT('',(59.16,49.56,100.12));
#8055 = DIRECTION('',(0.,1.,0.));
#8056 = DIRECTION('',(0.,-0.,1.));
#8057 = ADVANCED_FACE('',(#8058),#8077,.F.);
#8058 = FACE_BOUND('',#8059,.F.);
#8059 = EDGE_LOOP('',(#8060,#8069,#8075,#8076));
#8060 = ORIENTED_EDGE('',*,*,#8061,.F.);
#8061 = EDGE_CURVE('',#8062,#8062,#8064,.T.);
#8062 = VERTEX_POINT('',#8063);
#8063 = CARTESIAN_POINT('',(15.,53.96,148.43923076923));
#8064 = CIRCLE('',#8065,1.819230769231);
#8065 = AXIS2_PLACEMENT_3D('',#8066,#8067,#8068);
#8066 = CARTESIAN_POINT('',(15.,53.96,146.62));
#8067 = DIRECTION('',(0.,1.,0.));
#8068 = DIRECTION('',(0.,-0.,1.));
#8069 = ORIENTED_EDGE('',*,*,#8070,.F.);
#8070 = EDGE_CURVE('',#6612,#8062,#8071,.T.);
#8071 = LINE('',#8072,#8073);
#8072 = CARTESIAN_POINT('',(15.,51.56,149.87));
#8073 = VECTOR('',#8074,1.);
#8074 = DIRECTION('',(1.25419640541E-16,0.858946974209,-0.512064542317)
  );
#8075 = ORIENTED_EDGE('',*,*,#6611,.T.);
#8076 = ORIENTED_EDGE('',*,*,#8070,.T.);
#8077 = CONICAL_SURFACE('',#8078,3.25,0.537586646659);
#8078 = AXIS2_PLACEMENT_3D('',#8079,#8080,#8081);
#8079 = CARTESIAN_POINT('',(15.,51.56,146.62));
#8080 = DIRECTION('',(-0.,-1.,-0.));
#8081 = DIRECTION('',(0.,-0.,1.));
#8082 = ADVANCED_FACE('',(#8083),#8111,.F.);
#8083 = FACE_BOUND('',#8084,.F.);
#8084 = EDGE_LOOP('',(#8085,#8096,#8102,#8103,#8104));
#8085 = ORIENTED_EDGE('',*,*,#8086,.T.);
#8086 = EDGE_CURVE('',#8087,#8089,#8091,.T.);
#8087 = VERTEX_POINT('',#8088);
#8088 = CARTESIAN_POINT('',(27.94,51.96,163.78));
#8089 = VERTEX_POINT('',#8090);
#8090 = CARTESIAN_POINT('',(27.94,51.96,167.18));
#8091 = CIRCLE('',#8092,1.7);
#8092 = AXIS2_PLACEMENT_3D('',#8093,#8094,#8095);
#8093 = CARTESIAN_POINT('',(27.94,51.96,165.48));
#8094 = DIRECTION('',(0.,-1.,0.));
#8095 = DIRECTION('',(0.,-0.,-1.));
#8096 = ORIENTED_EDGE('',*,*,#8097,.F.);
#8097 = EDGE_CURVE('',#6623,#8089,#8098,.T.);
#8098 = LINE('',#8099,#8100);
#8099 = CARTESIAN_POINT('',(27.94,49.56,167.18));
#8100 = VECTOR('',#8101,1.);
#8101 = DIRECTION('',(0.,1.,0.));
#8102 = ORIENTED_EDGE('',*,*,#6622,.T.);
#8103 = ORIENTED_EDGE('',*,*,#8097,.T.);
#8104 = ORIENTED_EDGE('',*,*,#8105,.T.);
#8105 = EDGE_CURVE('',#8089,#8087,#8106,.T.);
#8106 = CIRCLE('',#8107,1.7);
#8107 = AXIS2_PLACEMENT_3D('',#8108,#8109,#8110);
#8108 = CARTESIAN_POINT('',(27.94,51.96,165.48));
#8109 = DIRECTION('',(0.,-1.,0.));
#8110 = DIRECTION('',(0.,-0.,-1.));
#8111 = CYLINDRICAL_SURFACE('',#8112,1.7);
#8112 = AXIS2_PLACEMENT_3D('',#8113,#8114,#8115);
#8113 = CARTESIAN_POINT('',(27.94,49.56,165.48));
#8114 = DIRECTION('',(0.,1.,0.));
#8115 = DIRECTION('',(0.,-0.,1.));
#8116 = ADVANCED_FACE('',(#8117),#8145,.F.);
#8117 = FACE_BOUND('',#8118,.F.);
#8118 = EDGE_LOOP('',(#8119,#8130,#8136,#8137,#8138));
#8119 = ORIENTED_EDGE('',*,*,#8120,.T.);
#8120 = EDGE_CURVE('',#8121,#8123,#8125,.T.);
#8121 = VERTEX_POINT('',#8122);
#8122 = CARTESIAN_POINT('',(59.16,51.96,183.54));
#8123 = VERTEX_POINT('',#8124);
#8124 = CARTESIAN_POINT('',(59.16,51.96,186.94));
#8125 = CIRCLE('',#8126,1.7);
#8126 = AXIS2_PLACEMENT_3D('',#8127,#8128,#8129);
#8127 = CARTESIAN_POINT('',(59.16,51.96,185.24));
#8128 = DIRECTION('',(0.,-1.,0.));
#8129 = DIRECTION('',(0.,-0.,-1.));
#8130 = ORIENTED_EDGE('',*,*,#8131,.F.);
#8131 = EDGE_CURVE('',#6634,#8123,#8132,.T.);
#8132 = LINE('',#8133,#8134);
#8133 = CARTESIAN_POINT('',(59.16,49.56,186.94));
#8134 = VECTOR('',#8135,1.);
#8135 = DIRECTION('',(0.,1.,0.));
#8136 = ORIENTED_EDGE('',*,*,#6633,.T.);
#8137 = ORIENTED_EDGE('',*,*,#8131,.T.);
#8138 = ORIENTED_EDGE('',*,*,#8139,.T.);
#8139 = EDGE_CURVE('',#8123,#8121,#8140,.T.);
#8140 = CIRCLE('',#8141,1.7);
#8141 = AXIS2_PLACEMENT_3D('',#8142,#8143,#8144);
#8142 = CARTESIAN_POINT('',(59.16,51.96,185.24));
#8143 = DIRECTION('',(0.,-1.,0.));
#8144 = DIRECTION('',(0.,-0.,-1.));
#8145 = CYLINDRICAL_SURFACE('',#8146,1.7);
#8146 = AXIS2_PLACEMENT_3D('',#8147,#8148,#8149);
#8147 = CARTESIAN_POINT('',(59.16,49.56,185.24));
#8148 = DIRECTION('',(0.,1.,0.));
#8149 = DIRECTION('',(0.,-0.,1.));
#8150 = ADVANCED_FACE('',(#8151),#8204,.T.);
#8151 = FACE_BOUND('',#8152,.T.);
#8152 = EDGE_LOOP('',(#8153,#8164,#8172,#8179,#8180,#8181,#8189,#8198));
#8153 = ORIENTED_EDGE('',*,*,#8154,.F.);
#8154 = EDGE_CURVE('',#8155,#8157,#8159,.T.);
#8155 = VERTEX_POINT('',#8156);
#8156 = CARTESIAN_POINT('',(-31.54554796421,54.56,18.376175378754));
#8157 = VERTEX_POINT('',#8158);
#8158 = CARTESIAN_POINT('',(-28.87617537875,54.56,21.045547964213));
#8159 = CIRCLE('',#8160,4.5);
#8160 = AXIS2_PLACEMENT_3D('',#8161,#8162,#8163);
#8161 = CARTESIAN_POINT('',(-27.32233047033,54.56,16.822330470336));
#8162 = DIRECTION('',(0.,1.,0.));
#8163 = DIRECTION('',(0.,-0.,1.));
#8164 = ORIENTED_EDGE('',*,*,#8165,.F.);
#8165 = EDGE_CURVE('',#8166,#8155,#8168,.T.);
#8166 = VERTEX_POINT('',#8167);
#8167 = CARTESIAN_POINT('',(-31.54554796421,53.36,18.376175378754));
#8168 = LINE('',#8169,#8170);
#8169 = CARTESIAN_POINT('',(-31.54554796421,18.,18.376175378754));
#8170 = VECTOR('',#8171,1.);
#8171 = DIRECTION('',(0.,1.,0.));
#8172 = ORIENTED_EDGE('',*,*,#8173,.T.);
#8173 = EDGE_CURVE('',#8166,#6692,#8174,.T.);
#8174 = CIRCLE('',#8175,4.5);
#8175 = AXIS2_PLACEMENT_3D('',#8176,#8177,#8178);
#8176 = CARTESIAN_POINT('',(-27.32233047033,53.36,16.822330470336));
#8177 = DIRECTION('',(0.,1.,0.));
#8178 = DIRECTION('',(0.,-0.,1.));
#8179 = ORIENTED_EDGE('',*,*,#6689,.F.);
#8180 = ORIENTED_EDGE('',*,*,#6770,.F.);
#8181 = ORIENTED_EDGE('',*,*,#8182,.F.);
#8182 = EDGE_CURVE('',#8183,#6762,#8185,.T.);
#8183 = VERTEX_POINT('',#8184);
#8184 = CARTESIAN_POINT('',(-31.54554796421,47.46,18.376175378754));
#8185 = LINE('',#8186,#8187);
#8186 = CARTESIAN_POINT('',(-31.54554796421,18.,18.376175378754));
#8187 = VECTOR('',#8188,1.);
#8188 = DIRECTION('',(0.,1.,0.));
#8189 = ORIENTED_EDGE('',*,*,#8190,.T.);
#8190 = EDGE_CURVE('',#8183,#8191,#8193,.T.);
#8191 = VERTEX_POINT('',#8192);
#8192 = CARTESIAN_POINT('',(-28.87617537875,47.46,21.045547964213));
#8193 = CIRCLE('',#8194,4.5);
#8194 = AXIS2_PLACEMENT_3D('',#8195,#8196,#8197);
#8195 = CARTESIAN_POINT('',(-27.32233047033,47.46,16.822330470336));
#8196 = DIRECTION('',(0.,1.,0.));
#8197 = DIRECTION('',(0.,-0.,1.));
#8198 = ORIENTED_EDGE('',*,*,#8199,.T.);
#8199 = EDGE_CURVE('',#8191,#8157,#8200,.T.);
#8200 = LINE('',#8201,#8202);
#8201 = CARTESIAN_POINT('',(-28.87617537875,18.,21.045547964213));
#8202 = VECTOR('',#8203,1.);
#8203 = DIRECTION('',(0.,1.,0.));
#8204 = CYLINDRICAL_SURFACE('',#8205,4.5);
#8205 = AXIS2_PLACEMENT_3D('',#8206,#8207,#8208);
#8206 = CARTESIAN_POINT('',(-27.32233047033,47.46,16.822330470336));
#8207 = DIRECTION('',(0.,1.,0.));
#8208 = DIRECTION('',(0.,-0.,1.));
#8209 = ADVANCED_FACE('',(#8210,#8234,#8245),#8256,.F.);
#8210 = FACE_BOUND('',#8211,.F.);
#8211 = EDGE_LOOP('',(#8212,#8213,#8214,#8215,#8216,#8225,#8232,#8233));
#8212 = ORIENTED_EDGE('',*,*,#7375,.F.);
#8213 = ORIENTED_EDGE('',*,*,#6866,.F.);
#8214 = ORIENTED_EDGE('',*,*,#7392,.T.);
#8215 = ORIENTED_EDGE('',*,*,#6927,.T.);
#8216 = ORIENTED_EDGE('',*,*,#8217,.T.);
#8217 = EDGE_CURVE('',#6920,#8218,#8220,.T.);
#8218 = VERTEX_POINT('',#8219);
#8219 = CARTESIAN_POINT('',(-58.45445203578,53.36,18.376175378754));
#8220 = CIRCLE('',#8221,4.5);
#8221 = AXIS2_PLACEMENT_3D('',#8222,#8223,#8224);
#8222 = CARTESIAN_POINT('',(-62.67766952966,53.36,16.822330470336));
#8223 = DIRECTION('',(0.,1.,0.));
#8224 = DIRECTION('',(0.,-0.,1.));
#8225 = ORIENTED_EDGE('',*,*,#8226,.F.);
#8226 = EDGE_CURVE('',#8166,#8218,#8227,.T.);
#8227 = CIRCLE('',#8228,21.);
#8228 = AXIS2_PLACEMENT_3D('',#8229,#8230,#8231);
#8229 = CARTESIAN_POINT('',(-45.,53.36,34.5));
#8230 = DIRECTION('',(0.,1.,0.));
#8231 = DIRECTION('',(0.,-0.,1.));
#8232 = ORIENTED_EDGE('',*,*,#8173,.T.);
#8233 = ORIENTED_EDGE('',*,*,#6715,.T.);
#8234 = FACE_BOUND('',#8235,.F.);
#8235 = EDGE_LOOP('',(#8236));
#8236 = ORIENTED_EDGE('',*,*,#8237,.F.);
#8237 = EDGE_CURVE('',#8238,#8238,#8240,.T.);
#8238 = VERTEX_POINT('',#8239);
#8239 = CARTESIAN_POINT('',(-62.67766952966,53.36,18.822330470336));
#8240 = CIRCLE('',#8241,2.);
#8241 = AXIS2_PLACEMENT_3D('',#8242,#8243,#8244);
#8242 = CARTESIAN_POINT('',(-62.67766952966,53.36,16.822330470336));
#8243 = DIRECTION('',(0.,1.,0.));
#8244 = DIRECTION('',(0.,-0.,1.));
#8245 = FACE_BOUND('',#8246,.F.);
#8246 = EDGE_LOOP('',(#8247));
#8247 = ORIENTED_EDGE('',*,*,#8248,.F.);
#8248 = EDGE_CURVE('',#8249,#8249,#8251,.T.);
#8249 = VERTEX_POINT('',#8250);
#8250 = CARTESIAN_POINT('',(-27.32233047033,53.36,18.822330470336));
#8251 = CIRCLE('',#8252,2.);
#8252 = AXIS2_PLACEMENT_3D('',#8253,#8254,#8255);
#8253 = CARTESIAN_POINT('',(-27.32233047033,53.36,16.822330470336));
#8254 = DIRECTION('',(0.,1.,0.));
#8255 = DIRECTION('',(0.,-0.,1.));
#8256 = PLANE('',#8257);
#8257 = AXIS2_PLACEMENT_3D('',#8258,#8259,#8260);
#8258 = CARTESIAN_POINT('',(-130.66,53.36,11.));
#8259 = DIRECTION('',(-0.,1.,0.));
#8260 = DIRECTION('',(0.,0.,1.));
#8261 = ADVANCED_FACE('',(#8262),#8399,.F.);
#8262 = FACE_BOUND('',#8263,.F.);
#8263 = EDGE_LOOP('',(#8264,#8274,#8281,#8282,#8291,#8299,#8308,#8316,
    #8325,#8333,#8342,#8348,#8349,#8350,#8357,#8358,#8367,#8375,#8384,
    #8392));
#8264 = ORIENTED_EDGE('',*,*,#8265,.F.);
#8265 = EDGE_CURVE('',#8266,#8268,#8270,.T.);
#8266 = VERTEX_POINT('',#8267);
#8267 = CARTESIAN_POINT('',(-45.,18.,55.5));
#8268 = VERTEX_POINT('',#8269);
#8269 = CARTESIAN_POINT('',(-45.,54.56,55.5));
#8270 = LINE('',#8271,#8272);
#8271 = CARTESIAN_POINT('',(-45.,18.,55.5));
#8272 = VECTOR('',#8273,1.);
#8273 = DIRECTION('',(0.,1.,0.));
#8274 = ORIENTED_EDGE('',*,*,#8275,.T.);
#8275 = EDGE_CURVE('',#8266,#8266,#8276,.T.);
#8276 = CIRCLE('',#8277,21.);
#8277 = AXIS2_PLACEMENT_3D('',#8278,#8279,#8280);
#8278 = CARTESIAN_POINT('',(-45.,18.,34.5));
#8279 = DIRECTION('',(0.,1.,0.));
#8280 = DIRECTION('',(0.,-0.,1.));
#8281 = ORIENTED_EDGE('',*,*,#8265,.T.);
#8282 = ORIENTED_EDGE('',*,*,#8283,.F.);
#8283 = EDGE_CURVE('',#8284,#8268,#8286,.T.);
#8284 = VERTEX_POINT('',#8285);
#8285 = CARTESIAN_POINT('',(-58.45445203578,54.56,50.623824621246));
#8286 = CIRCLE('',#8287,21.);
#8287 = AXIS2_PLACEMENT_3D('',#8288,#8289,#8290);
#8288 = CARTESIAN_POINT('',(-45.,54.56,34.5));
#8289 = DIRECTION('',(0.,1.,0.));
#8290 = DIRECTION('',(0.,-0.,1.));
#8291 = ORIENTED_EDGE('',*,*,#8292,.F.);
#8292 = EDGE_CURVE('',#8293,#8284,#8295,.T.);
#8293 = VERTEX_POINT('',#8294);
#8294 = CARTESIAN_POINT('',(-58.45445203578,47.46,50.623824621246));
#8295 = LINE('',#8296,#8297);
#8296 = CARTESIAN_POINT('',(-58.45445203578,18.,50.623824621246));
#8297 = VECTOR('',#8298,1.);
#8298 = DIRECTION('',(0.,1.,0.));
#8299 = ORIENTED_EDGE('',*,*,#8300,.F.);
#8300 = EDGE_CURVE('',#8301,#8293,#8303,.T.);
#8301 = VERTEX_POINT('',#8302);
#8302 = CARTESIAN_POINT('',(-61.12382462124,47.46,47.954452035787));
#8303 = CIRCLE('',#8304,21.);
#8304 = AXIS2_PLACEMENT_3D('',#8305,#8306,#8307);
#8305 = CARTESIAN_POINT('',(-45.,47.46,34.5));
#8306 = DIRECTION('',(0.,1.,0.));
#8307 = DIRECTION('',(0.,-0.,1.));
#8308 = ORIENTED_EDGE('',*,*,#8309,.T.);
#8309 = EDGE_CURVE('',#8301,#8310,#8312,.T.);
#8310 = VERTEX_POINT('',#8311);
#8311 = CARTESIAN_POINT('',(-61.12382462124,54.56,47.954452035787));
#8312 = LINE('',#8313,#8314);
#8313 = CARTESIAN_POINT('',(-61.12382462124,18.,47.954452035787));
#8314 = VECTOR('',#8315,1.);
#8315 = DIRECTION('',(0.,1.,0.));
#8316 = ORIENTED_EDGE('',*,*,#8317,.F.);
#8317 = EDGE_CURVE('',#8318,#8310,#8320,.T.);
#8318 = VERTEX_POINT('',#8319);
#8319 = CARTESIAN_POINT('',(-61.12382462124,54.56,21.045547964213));
#8320 = CIRCLE('',#8321,21.);
#8321 = AXIS2_PLACEMENT_3D('',#8322,#8323,#8324);
#8322 = CARTESIAN_POINT('',(-45.,54.56,34.5));
#8323 = DIRECTION('',(0.,1.,0.));
#8324 = DIRECTION('',(0.,-0.,1.));
#8325 = ORIENTED_EDGE('',*,*,#8326,.F.);
#8326 = EDGE_CURVE('',#8327,#8318,#8329,.T.);
#8327 = VERTEX_POINT('',#8328);
#8328 = CARTESIAN_POINT('',(-61.12382462124,47.46,21.045547964213));
#8329 = LINE('',#8330,#8331);
#8330 = CARTESIAN_POINT('',(-61.12382462124,18.,21.045547964213));
#8331 = VECTOR('',#8332,1.);
#8332 = DIRECTION('',(0.,1.,0.));
#8333 = ORIENTED_EDGE('',*,*,#8334,.F.);
#8334 = EDGE_CURVE('',#8335,#8327,#8337,.T.);
#8335 = VERTEX_POINT('',#8336);
#8336 = CARTESIAN_POINT('',(-58.45445203578,47.46,18.376175378754));
#8337 = CIRCLE('',#8338,21.);
#8338 = AXIS2_PLACEMENT_3D('',#8339,#8340,#8341);
#8339 = CARTESIAN_POINT('',(-45.,47.46,34.5));
#8340 = DIRECTION('',(0.,1.,0.));
#8341 = DIRECTION('',(0.,-0.,1.));
#8342 = ORIENTED_EDGE('',*,*,#8343,.T.);
#8343 = EDGE_CURVE('',#8335,#6753,#8344,.T.);
#8344 = LINE('',#8345,#8346);
#8345 = CARTESIAN_POINT('',(-58.45445203578,18.,18.376175378754));
#8346 = VECTOR('',#8347,1.);
#8347 = DIRECTION('',(0.,1.,0.));
#8348 = ORIENTED_EDGE('',*,*,#6761,.F.);
#8349 = ORIENTED_EDGE('',*,*,#8182,.F.);
#8350 = ORIENTED_EDGE('',*,*,#8351,.F.);
#8351 = EDGE_CURVE('',#8191,#8183,#8352,.T.);
#8352 = CIRCLE('',#8353,21.);
#8353 = AXIS2_PLACEMENT_3D('',#8354,#8355,#8356);
#8354 = CARTESIAN_POINT('',(-45.,47.46,34.5));
#8355 = DIRECTION('',(0.,1.,0.));
#8356 = DIRECTION('',(0.,-0.,1.));
#8357 = ORIENTED_EDGE('',*,*,#8199,.T.);
#8358 = ORIENTED_EDGE('',*,*,#8359,.F.);
#8359 = EDGE_CURVE('',#8360,#8157,#8362,.T.);
#8360 = VERTEX_POINT('',#8361);
#8361 = CARTESIAN_POINT('',(-28.87617537875,54.56,47.954452035787));
#8362 = CIRCLE('',#8363,21.);
#8363 = AXIS2_PLACEMENT_3D('',#8364,#8365,#8366);
#8364 = CARTESIAN_POINT('',(-45.,54.56,34.5));
#8365 = DIRECTION('',(0.,1.,0.));
#8366 = DIRECTION('',(0.,-0.,1.));
#8367 = ORIENTED_EDGE('',*,*,#8368,.F.);
#8368 = EDGE_CURVE('',#8369,#8360,#8371,.T.);
#8369 = VERTEX_POINT('',#8370);
#8370 = CARTESIAN_POINT('',(-28.87617537875,47.46,47.954452035787));
#8371 = LINE('',#8372,#8373);
#8372 = CARTESIAN_POINT('',(-28.87617537875,18.,47.954452035787));
#8373 = VECTOR('',#8374,1.);
#8374 = DIRECTION('',(0.,1.,0.));
#8375 = ORIENTED_EDGE('',*,*,#8376,.F.);
#8376 = EDGE_CURVE('',#8377,#8369,#8379,.T.);
#8377 = VERTEX_POINT('',#8378);
#8378 = CARTESIAN_POINT('',(-31.54554796421,47.46,50.623824621246));
#8379 = CIRCLE('',#8380,21.);
#8380 = AXIS2_PLACEMENT_3D('',#8381,#8382,#8383);
#8381 = CARTESIAN_POINT('',(-45.,47.46,34.5));
#8382 = DIRECTION('',(0.,1.,0.));
#8383 = DIRECTION('',(0.,-0.,1.));
#8384 = ORIENTED_EDGE('',*,*,#8385,.T.);
#8385 = EDGE_CURVE('',#8377,#8386,#8388,.T.);
#8386 = VERTEX_POINT('',#8387);
#8387 = CARTESIAN_POINT('',(-31.54554796421,54.56,50.623824621246));
#8388 = LINE('',#8389,#8390);
#8389 = CARTESIAN_POINT('',(-31.54554796421,18.,50.623824621246));
#8390 = VECTOR('',#8391,1.);
#8391 = DIRECTION('',(0.,1.,0.));
#8392 = ORIENTED_EDGE('',*,*,#8393,.F.);
#8393 = EDGE_CURVE('',#8268,#8386,#8394,.T.);
#8394 = CIRCLE('',#8395,21.);
#8395 = AXIS2_PLACEMENT_3D('',#8396,#8397,#8398);
#8396 = CARTESIAN_POINT('',(-45.,54.56,34.5));
#8397 = DIRECTION('',(0.,1.,0.));
#8398 = DIRECTION('',(0.,-0.,1.));
#8399 = CYLINDRICAL_SURFACE('',#8400,21.);
#8400 = AXIS2_PLACEMENT_3D('',#8401,#8402,#8403);
#8401 = CARTESIAN_POINT('',(-45.,18.,34.5));
#8402 = DIRECTION('',(0.,1.,0.));
#8403 = DIRECTION('',(0.,-0.,1.));
#8404 = ADVANCED_FACE('',(#8405),#8434,.T.);
#8405 = FACE_BOUND('',#8406,.T.);
#8406 = EDGE_LOOP('',(#8407,#8416,#8417,#8424,#8425,#8426,#8427,#8428));
#8407 = ORIENTED_EDGE('',*,*,#8408,.F.);
#8408 = EDGE_CURVE('',#8318,#8409,#8411,.T.);
#8409 = VERTEX_POINT('',#8410);
#8410 = CARTESIAN_POINT('',(-58.45445203578,54.56,18.376175378754));
#8411 = CIRCLE('',#8412,4.5);
#8412 = AXIS2_PLACEMENT_3D('',#8413,#8414,#8415);
#8413 = CARTESIAN_POINT('',(-62.67766952966,54.56,16.822330470336));
#8414 = DIRECTION('',(0.,1.,0.));
#8415 = DIRECTION('',(0.,-0.,1.));
#8416 = ORIENTED_EDGE('',*,*,#8326,.F.);
#8417 = ORIENTED_EDGE('',*,*,#8418,.T.);
#8418 = EDGE_CURVE('',#8327,#8335,#8419,.T.);
#8419 = CIRCLE('',#8420,4.5);
#8420 = AXIS2_PLACEMENT_3D('',#8421,#8422,#8423);
#8421 = CARTESIAN_POINT('',(-62.67766952966,47.46,16.822330470336));
#8422 = DIRECTION('',(0.,1.,0.));
#8423 = DIRECTION('',(0.,-0.,1.));
#8424 = ORIENTED_EDGE('',*,*,#8343,.T.);
#8425 = ORIENTED_EDGE('',*,*,#6752,.F.);
#8426 = ORIENTED_EDGE('',*,*,#6919,.T.);
#8427 = ORIENTED_EDGE('',*,*,#8217,.T.);
#8428 = ORIENTED_EDGE('',*,*,#8429,.T.);
#8429 = EDGE_CURVE('',#8218,#8409,#8430,.T.);
#8430 = LINE('',#8431,#8432);
#8431 = CARTESIAN_POINT('',(-58.45445203578,18.,18.376175378754));
#8432 = VECTOR('',#8433,1.);
#8433 = DIRECTION('',(0.,1.,0.));
#8434 = CYLINDRICAL_SURFACE('',#8435,4.5);
#8435 = AXIS2_PLACEMENT_3D('',#8436,#8437,#8438);
#8436 = CARTESIAN_POINT('',(-62.67766952966,47.46,16.822330470336));
#8437 = DIRECTION('',(0.,1.,0.));
#8438 = DIRECTION('',(0.,-0.,1.));
#8439 = ADVANCED_FACE('',(#8440),#8459,.F.);
#8440 = FACE_BOUND('',#8441,.F.);
#8441 = EDGE_LOOP('',(#8442,#8443,#8451,#8458));
#8442 = ORIENTED_EDGE('',*,*,#6789,.F.);
#8443 = ORIENTED_EDGE('',*,*,#8444,.F.);
#8444 = EDGE_CURVE('',#8445,#6790,#8447,.T.);
#8445 = VERTEX_POINT('',#8446);
#8446 = CARTESIAN_POINT('',(-62.67766952966,48.06,18.822330470336));
#8447 = LINE('',#8448,#8449);
#8448 = CARTESIAN_POINT('',(-62.67766952966,48.06,18.822330470336));
#8449 = VECTOR('',#8450,1.);
#8450 = DIRECTION('',(0.,1.,0.));
#8451 = ORIENTED_EDGE('',*,*,#8452,.T.);
#8452 = EDGE_CURVE('',#8445,#8445,#8453,.T.);
#8453 = CIRCLE('',#8454,2.);
#8454 = AXIS2_PLACEMENT_3D('',#8455,#8456,#8457);
#8455 = CARTESIAN_POINT('',(-62.67766952966,48.06,16.822330470336));
#8456 = DIRECTION('',(0.,1.,0.));
#8457 = DIRECTION('',(0.,-0.,1.));
#8458 = ORIENTED_EDGE('',*,*,#8444,.T.);
#8459 = CYLINDRICAL_SURFACE('',#8460,2.);
#8460 = AXIS2_PLACEMENT_3D('',#8461,#8462,#8463);
#8461 = CARTESIAN_POINT('',(-62.67766952966,48.06,16.822330470336));
#8462 = DIRECTION('',(0.,1.,0.));
#8463 = DIRECTION('',(0.,-0.,1.));
#8464 = ADVANCED_FACE('',(#8465),#8484,.F.);
#8465 = FACE_BOUND('',#8466,.F.);
#8466 = EDGE_LOOP('',(#8467,#8468,#8476,#8483));
#8467 = ORIENTED_EDGE('',*,*,#6800,.F.);
#8468 = ORIENTED_EDGE('',*,*,#8469,.F.);
#8469 = EDGE_CURVE('',#8470,#6801,#8472,.T.);
#8470 = VERTEX_POINT('',#8471);
#8471 = CARTESIAN_POINT('',(-27.32233047033,48.06,18.822330470336));
#8472 = LINE('',#8473,#8474);
#8473 = CARTESIAN_POINT('',(-27.32233047033,48.06,18.822330470336));
#8474 = VECTOR('',#8475,1.);
#8475 = DIRECTION('',(0.,1.,0.));
#8476 = ORIENTED_EDGE('',*,*,#8477,.T.);
#8477 = EDGE_CURVE('',#8470,#8470,#8478,.T.);
#8478 = CIRCLE('',#8479,2.);
#8479 = AXIS2_PLACEMENT_3D('',#8480,#8481,#8482);
#8480 = CARTESIAN_POINT('',(-27.32233047033,48.06,16.822330470336));
#8481 = DIRECTION('',(0.,1.,0.));
#8482 = DIRECTION('',(0.,-0.,1.));
#8483 = ORIENTED_EDGE('',*,*,#8469,.T.);
#8484 = CYLINDRICAL_SURFACE('',#8485,2.);
#8485 = AXIS2_PLACEMENT_3D('',#8486,#8487,#8488);
#8486 = CARTESIAN_POINT('',(-27.32233047033,48.06,16.822330470336));
#8487 = DIRECTION('',(0.,1.,0.));
#8488 = DIRECTION('',(0.,-0.,1.));
#8489 = ADVANCED_FACE('',(#8490,#8493),#8496,.T.);
#8490 = FACE_BOUND('',#8491,.T.);
#8491 = EDGE_LOOP('',(#8492));
#8492 = ORIENTED_EDGE('',*,*,#8275,.T.);
#8493 = FACE_BOUND('',#8494,.T.);
#8494 = EDGE_LOOP('',(#8495));
#8495 = ORIENTED_EDGE('',*,*,#6989,.F.);
#8496 = PLANE('',#8497);
#8497 = AXIS2_PLACEMENT_3D('',#8498,#8499,#8500);
#8498 = CARTESIAN_POINT('',(-45.,18.,34.5));
#8499 = DIRECTION('',(0.,1.,0.));
#8500 = DIRECTION('',(0.,-0.,1.));
#8501 = ADVANCED_FACE('',(#8502),#8563,.F.);
#8502 = FACE_BOUND('',#8503,.F.);
#8503 = EDGE_LOOP('',(#8504,#8514,#8522,#8530,#8538,#8546,#8552,#8553,
    #8554,#8555,#8556,#8557));
#8504 = ORIENTED_EDGE('',*,*,#8505,.F.);
#8505 = EDGE_CURVE('',#8506,#8508,#8510,.T.);
#8506 = VERTEX_POINT('',#8507);
#8507 = CARTESIAN_POINT('',(-154.66,3.,0.));
#8508 = VERTEX_POINT('',#8509);
#8509 = CARTESIAN_POINT('',(-113.,3.,0.));
#8510 = LINE('',#8511,#8512);
#8511 = CARTESIAN_POINT('',(-154.66,3.,0.));
#8512 = VECTOR('',#8513,1.);
#8513 = DIRECTION('',(1.,0.,-0.));
#8514 = ORIENTED_EDGE('',*,*,#8515,.T.);
#8515 = EDGE_CURVE('',#8506,#8516,#8518,.T.);
#8516 = VERTEX_POINT('',#8517);
#8517 = CARTESIAN_POINT('',(-154.66,3.,200.24));
#8518 = LINE('',#8519,#8520);
#8519 = CARTESIAN_POINT('',(-154.66,3.,0.));
#8520 = VECTOR('',#8521,1.);
#8521 = DIRECTION('',(0.,0.,1.));
#8522 = ORIENTED_EDGE('',*,*,#8523,.T.);
#8523 = EDGE_CURVE('',#8516,#8524,#8526,.T.);
#8524 = VERTEX_POINT('',#8525);
#8525 = CARTESIAN_POINT('',(64.66,3.,200.24));
#8526 = LINE('',#8527,#8528);
#8527 = CARTESIAN_POINT('',(-154.66,3.,200.24));
#8528 = VECTOR('',#8529,1.);
#8529 = DIRECTION('',(1.,0.,-0.));
#8530 = ORIENTED_EDGE('',*,*,#8531,.F.);
#8531 = EDGE_CURVE('',#8532,#8524,#8534,.T.);
#8532 = VERTEX_POINT('',#8533);
#8533 = CARTESIAN_POINT('',(64.66,3.,0.));
#8534 = LINE('',#8535,#8536);
#8535 = CARTESIAN_POINT('',(64.66,3.,0.));
#8536 = VECTOR('',#8537,1.);
#8537 = DIRECTION('',(0.,0.,1.));
#8538 = ORIENTED_EDGE('',*,*,#8539,.F.);
#8539 = EDGE_CURVE('',#8540,#8532,#8542,.T.);
#8540 = VERTEX_POINT('',#8541);
#8541 = CARTESIAN_POINT('',(-97.,3.,0.));
#8542 = LINE('',#8543,#8544);
#8543 = CARTESIAN_POINT('',(-154.66,3.,0.));
#8544 = VECTOR('',#8545,1.);
#8545 = DIRECTION('',(1.,0.,-0.));
#8546 = ORIENTED_EDGE('',*,*,#8547,.F.);
#8547 = EDGE_CURVE('',#7038,#8540,#8548,.T.);
#8548 = LINE('',#8549,#8550);
#8549 = CARTESIAN_POINT('',(-97.,3.,-1.));
#8550 = VECTOR('',#8551,1.);
#8551 = DIRECTION('',(-0.,0.,-1.));
#8552 = ORIENTED_EDGE('',*,*,#7045,.T.);
#8553 = ORIENTED_EDGE('',*,*,#7076,.F.);
#8554 = ORIENTED_EDGE('',*,*,#7161,.F.);
#8555 = ORIENTED_EDGE('',*,*,#7144,.T.);
#8556 = ORIENTED_EDGE('',*,*,#7013,.T.);
#8557 = ORIENTED_EDGE('',*,*,#8558,.T.);
#8558 = EDGE_CURVE('',#7014,#8508,#8559,.T.);
#8559 = LINE('',#8560,#8561);
#8560 = CARTESIAN_POINT('',(-113.,3.,-1.));
#8561 = VECTOR('',#8562,1.);
#8562 = DIRECTION('',(-0.,0.,-1.));
#8563 = PLANE('',#8564);
#8564 = AXIS2_PLACEMENT_3D('',#8565,#8566,#8567);
#8565 = CARTESIAN_POINT('',(-154.66,3.,0.));
#8566 = DIRECTION('',(-0.,1.,0.));
#8567 = DIRECTION('',(0.,0.,1.));
#8568 = ADVANCED_FACE('',(#8569),#8587,.F.);
#8569 = FACE_BOUND('',#8570,.F.);
#8570 = EDGE_LOOP('',(#8571,#8579,#8580,#8581));
#8571 = ORIENTED_EDGE('',*,*,#8572,.T.);
#8572 = EDGE_CURVE('',#8573,#7030,#8575,.T.);
#8573 = VERTEX_POINT('',#8574);
#8574 = CARTESIAN_POINT('',(-97.,17.,0.));
#8575 = LINE('',#8576,#8577);
#8576 = CARTESIAN_POINT('',(-97.,17.,-2.));
#8577 = VECTOR('',#8578,1.);
#8578 = DIRECTION('',(0.,0.,1.));
#8579 = ORIENTED_EDGE('',*,*,#7037,.F.);
#8580 = ORIENTED_EDGE('',*,*,#8547,.T.);
#8581 = ORIENTED_EDGE('',*,*,#8582,.T.);
#8582 = EDGE_CURVE('',#8540,#8573,#8583,.T.);
#8583 = LINE('',#8584,#8585);
#8584 = CARTESIAN_POINT('',(-97.,2.5,0.));
#8585 = VECTOR('',#8586,1.);
#8586 = DIRECTION('',(-0.,1.,0.));
#8587 = PLANE('',#8588);
#8588 = AXIS2_PLACEMENT_3D('',#8589,#8590,#8591);
#8589 = CARTESIAN_POINT('',(-97.,2.,-2.));
#8590 = DIRECTION('',(1.,0.,-0.));
#8591 = DIRECTION('',(0.,0.,1.));
#8592 = ADVANCED_FACE('',(#8593),#8611,.F.);
#8593 = FACE_BOUND('',#8594,.F.);
#8594 = EDGE_LOOP('',(#8595,#8596,#8604,#8610));
#8595 = ORIENTED_EDGE('',*,*,#8572,.F.);
#8596 = ORIENTED_EDGE('',*,*,#8597,.T.);
#8597 = EDGE_CURVE('',#8573,#8598,#8600,.T.);
#8598 = VERTEX_POINT('',#8599);
#8599 = CARTESIAN_POINT('',(-113.,17.,0.));
#8600 = LINE('',#8601,#8602);
#8601 = CARTESIAN_POINT('',(-133.83,17.,0.));
#8602 = VECTOR('',#8603,1.);
#8603 = DIRECTION('',(-1.,-0.,0.));
#8604 = ORIENTED_EDGE('',*,*,#8605,.T.);
#8605 = EDGE_CURVE('',#8598,#7022,#8606,.T.);
#8606 = LINE('',#8607,#8608);
#8607 = CARTESIAN_POINT('',(-113.,17.,-2.));
#8608 = VECTOR('',#8609,1.);
#8609 = DIRECTION('',(0.,0.,1.));
#8610 = ORIENTED_EDGE('',*,*,#7029,.F.);
#8611 = PLANE('',#8612);
#8612 = AXIS2_PLACEMENT_3D('',#8613,#8614,#8615);
#8613 = CARTESIAN_POINT('',(-113.,17.,-2.));
#8614 = DIRECTION('',(-0.,1.,0.));
#8615 = DIRECTION('',(0.,0.,1.));
#8616 = ADVANCED_FACE('',(#8617),#8628,.T.);
#8617 = FACE_BOUND('',#8618,.T.);
#8618 = EDGE_LOOP('',(#8619,#8620,#8621,#8622));
#8619 = ORIENTED_EDGE('',*,*,#8605,.T.);
#8620 = ORIENTED_EDGE('',*,*,#7021,.F.);
#8621 = ORIENTED_EDGE('',*,*,#8558,.T.);
#8622 = ORIENTED_EDGE('',*,*,#8623,.T.);
#8623 = EDGE_CURVE('',#8508,#8598,#8624,.T.);
#8624 = LINE('',#8625,#8626);
#8625 = CARTESIAN_POINT('',(-113.,2.5,0.));
#8626 = VECTOR('',#8627,1.);
#8627 = DIRECTION('',(-0.,1.,0.));
#8628 = PLANE('',#8629);
#8629 = AXIS2_PLACEMENT_3D('',#8630,#8631,#8632);
#8630 = CARTESIAN_POINT('',(-113.,2.,-2.));
#8631 = DIRECTION('',(1.,0.,-0.));
#8632 = DIRECTION('',(0.,0.,1.));
#8633 = ADVANCED_FACE('',(#8634),#8653,.F.);
#8634 = FACE_BOUND('',#8635,.F.);
#8635 = EDGE_LOOP('',(#8636,#8645,#8651,#8652));
#8636 = ORIENTED_EDGE('',*,*,#8637,.F.);
#8637 = EDGE_CURVE('',#8638,#8638,#8640,.T.);
#8638 = VERTEX_POINT('',#8639);
#8639 = CARTESIAN_POINT('',(64.66,18.,25.7));
#8640 = CIRCLE('',#8641,1.7);
#8641 = AXIS2_PLACEMENT_3D('',#8642,#8643,#8644);
#8642 = CARTESIAN_POINT('',(64.66,18.,24.));
#8643 = DIRECTION('',(1.,0.,0.));
#8644 = DIRECTION('',(-0.,0.,1.));
#8645 = ORIENTED_EDGE('',*,*,#8646,.F.);
#8646 = EDGE_CURVE('',#7087,#8638,#8647,.T.);
#8647 = LINE('',#8648,#8649);
#8648 = CARTESIAN_POINT('',(59.66,18.,25.7));
#8649 = VECTOR('',#8650,1.);
#8650 = DIRECTION('',(1.,0.,0.));
#8651 = ORIENTED_EDGE('',*,*,#7086,.T.);
#8652 = ORIENTED_EDGE('',*,*,#8646,.T.);
#8653 = CYLINDRICAL_SURFACE('',#8654,1.7);
#8654 = AXIS2_PLACEMENT_3D('',#8655,#8656,#8657);
#8655 = CARTESIAN_POINT('',(59.66,18.,24.));
#8656 = DIRECTION('',(1.,0.,0.));
#8657 = DIRECTION('',(-0.,0.,1.));
#8658 = ADVANCED_FACE('',(#8659),#8678,.F.);
#8659 = FACE_BOUND('',#8660,.F.);
#8660 = EDGE_LOOP('',(#8661,#8670,#8676,#8677));
#8661 = ORIENTED_EDGE('',*,*,#8662,.F.);
#8662 = EDGE_CURVE('',#8663,#8663,#8665,.T.);
#8663 = VERTEX_POINT('',#8664);
#8664 = CARTESIAN_POINT('',(64.66,18.,36.2));
#8665 = CIRCLE('',#8666,1.7);
#8666 = AXIS2_PLACEMENT_3D('',#8667,#8668,#8669);
#8667 = CARTESIAN_POINT('',(64.66,18.,34.5));
#8668 = DIRECTION('',(1.,0.,0.));
#8669 = DIRECTION('',(-0.,0.,1.));
#8670 = ORIENTED_EDGE('',*,*,#8671,.F.);
#8671 = EDGE_CURVE('',#7098,#8663,#8672,.T.);
#8672 = LINE('',#8673,#8674);
#8673 = CARTESIAN_POINT('',(59.66,18.,36.2));
#8674 = VECTOR('',#8675,1.);
#8675 = DIRECTION('',(1.,0.,0.));
#8676 = ORIENTED_EDGE('',*,*,#7097,.T.);
#8677 = ORIENTED_EDGE('',*,*,#8671,.T.);
#8678 = CYLINDRICAL_SURFACE('',#8679,1.7);
#8679 = AXIS2_PLACEMENT_3D('',#8680,#8681,#8682);
#8680 = CARTESIAN_POINT('',(59.66,18.,34.5));
#8681 = DIRECTION('',(1.,0.,0.));
#8682 = DIRECTION('',(-0.,0.,1.));
#8683 = ADVANCED_FACE('',(#8684),#8703,.F.);
#8684 = FACE_BOUND('',#8685,.F.);
#8685 = EDGE_LOOP('',(#8686,#8695,#8701,#8702));
#8686 = ORIENTED_EDGE('',*,*,#8687,.F.);
#8687 = EDGE_CURVE('',#8688,#8688,#8690,.T.);
#8688 = VERTEX_POINT('',#8689);
#8689 = CARTESIAN_POINT('',(64.66,18.,111.82));
#8690 = CIRCLE('',#8691,1.7);
#8691 = AXIS2_PLACEMENT_3D('',#8692,#8693,#8694);
#8692 = CARTESIAN_POINT('',(64.66,18.,110.12));
#8693 = DIRECTION('',(1.,0.,0.));
#8694 = DIRECTION('',(-0.,0.,1.));
#8695 = ORIENTED_EDGE('',*,*,#8696,.F.);
#8696 = EDGE_CURVE('',#7109,#8688,#8697,.T.);
#8697 = LINE('',#8698,#8699);
#8698 = CARTESIAN_POINT('',(59.66,18.,111.82));
#8699 = VECTOR('',#8700,1.);
#8700 = DIRECTION('',(1.,0.,0.));
#8701 = ORIENTED_EDGE('',*,*,#7108,.T.);
#8702 = ORIENTED_EDGE('',*,*,#8696,.T.);
#8703 = CYLINDRICAL_SURFACE('',#8704,1.7);
#8704 = AXIS2_PLACEMENT_3D('',#8705,#8706,#8707);
#8705 = CARTESIAN_POINT('',(59.66,18.,110.12));
#8706 = DIRECTION('',(1.,0.,0.));
#8707 = DIRECTION('',(-0.,0.,1.));
#8708 = ADVANCED_FACE('',(#8709),#8728,.F.);
#8709 = FACE_BOUND('',#8710,.F.);
#8710 = EDGE_LOOP('',(#8711,#8720,#8726,#8727));
#8711 = ORIENTED_EDGE('',*,*,#8712,.F.);
#8712 = EDGE_CURVE('',#8713,#8713,#8715,.T.);
#8713 = VERTEX_POINT('',#8714);
#8714 = CARTESIAN_POINT('',(64.66,18.,180.94));
#8715 = CIRCLE('',#8716,1.7);
#8716 = AXIS2_PLACEMENT_3D('',#8717,#8718,#8719);
#8717 = CARTESIAN_POINT('',(64.66,18.,179.24));
#8718 = DIRECTION('',(1.,0.,0.));
#8719 = DIRECTION('',(-0.,0.,1.));
#8720 = ORIENTED_EDGE('',*,*,#8721,.F.);
#8721 = EDGE_CURVE('',#7120,#8713,#8722,.T.);
#8722 = LINE('',#8723,#8724);
#8723 = CARTESIAN_POINT('',(59.66,18.,180.94));
#8724 = VECTOR('',#8725,1.);
#8725 = DIRECTION('',(1.,0.,0.));
#8726 = ORIENTED_EDGE('',*,*,#7119,.T.);
#8727 = ORIENTED_EDGE('',*,*,#8721,.T.);
#8728 = CYLINDRICAL_SURFACE('',#8729,1.7);
#8729 = AXIS2_PLACEMENT_3D('',#8730,#8731,#8732);
#8730 = CARTESIAN_POINT('',(59.66,18.,179.24));
#8731 = DIRECTION('',(1.,0.,0.));
#8732 = DIRECTION('',(-0.,0.,1.));
#8733 = ADVANCED_FACE('',(#8734),#8754,.F.);
#8734 = FACE_BOUND('',#8735,.F.);
#8735 = EDGE_LOOP('',(#8736,#8744,#8745,#8746,#8747));
#8736 = ORIENTED_EDGE('',*,*,#8737,.T.);
#8737 = EDGE_CURVE('',#8738,#7178,#8740,.T.);
#8738 = VERTEX_POINT('',#8739);
#8739 = CARTESIAN_POINT('',(-149.16,54.56,14.75));
#8740 = LINE('',#8741,#8742);
#8741 = CARTESIAN_POINT('',(-149.16,54.56,14.75));
#8742 = VECTOR('',#8743,1.);
#8743 = DIRECTION('',(1.25419640541E-16,-0.858946974209,0.512064542317)
  );
#8744 = ORIENTED_EDGE('',*,*,#7196,.F.);
#8745 = ORIENTED_EDGE('',*,*,#7177,.F.);
#8746 = ORIENTED_EDGE('',*,*,#8737,.F.);
#8747 = ORIENTED_EDGE('',*,*,#8748,.T.);
#8748 = EDGE_CURVE('',#8738,#8738,#8749,.T.);
#8749 = CIRCLE('',#8750,3.25);
#8750 = AXIS2_PLACEMENT_3D('',#8751,#8752,#8753);
#8751 = CARTESIAN_POINT('',(-149.16,54.56,18.));
#8752 = DIRECTION('',(0.,-1.,0.));
#8753 = DIRECTION('',(0.,-0.,-1.));
#8754 = CONICAL_SURFACE('',#8755,3.25,0.537586646659);
#8755 = AXIS2_PLACEMENT_3D('',#8756,#8757,#8758);
#8756 = CARTESIAN_POINT('',(-149.16,54.56,18.));
#8757 = DIRECTION('',(-0.,1.,-0.));
#8758 = DIRECTION('',(0.,-0.,-1.));
#8759 = ADVANCED_FACE('',(#8760),#8780,.F.);
#8760 = FACE_BOUND('',#8761,.F.);
#8761 = EDGE_LOOP('',(#8762,#8770,#8771,#8772,#8773));
#8762 = ORIENTED_EDGE('',*,*,#8763,.T.);
#8763 = EDGE_CURVE('',#8764,#7212,#8766,.T.);
#8764 = VERTEX_POINT('',#8765);
#8765 = CARTESIAN_POINT('',(-112.06,54.56,91.51));
#8766 = LINE('',#8767,#8768);
#8767 = CARTESIAN_POINT('',(-112.06,54.56,91.51));
#8768 = VECTOR('',#8769,1.);
#8769 = DIRECTION('',(1.25419640541E-16,-0.858946974209,0.512064542317)
  );
#8770 = ORIENTED_EDGE('',*,*,#7230,.F.);
#8771 = ORIENTED_EDGE('',*,*,#7211,.F.);
#8772 = ORIENTED_EDGE('',*,*,#8763,.F.);
#8773 = ORIENTED_EDGE('',*,*,#8774,.T.);
#8774 = EDGE_CURVE('',#8764,#8764,#8775,.T.);
#8775 = CIRCLE('',#8776,3.25);
#8776 = AXIS2_PLACEMENT_3D('',#8777,#8778,#8779);
#8777 = CARTESIAN_POINT('',(-112.06,54.56,94.76));
#8778 = DIRECTION('',(0.,-1.,0.));
#8779 = DIRECTION('',(0.,-0.,-1.));
#8780 = CONICAL_SURFACE('',#8781,3.25,0.537586646659);
#8781 = AXIS2_PLACEMENT_3D('',#8782,#8783,#8784);
#8782 = CARTESIAN_POINT('',(-112.06,54.56,94.76));
#8783 = DIRECTION('',(-0.,1.,-0.));
#8784 = DIRECTION('',(0.,-0.,-1.));
#8785 = ADVANCED_FACE('',(#8786),#8806,.F.);
#8786 = FACE_BOUND('',#8787,.F.);
#8787 = EDGE_LOOP('',(#8788,#8796,#8797,#8798,#8799));
#8788 = ORIENTED_EDGE('',*,*,#8789,.T.);
#8789 = EDGE_CURVE('',#8790,#7246,#8792,.T.);
#8790 = VERTEX_POINT('',#8791);
#8791 = CARTESIAN_POINT('',(-149.16,54.56,96.87));
#8792 = LINE('',#8793,#8794);
#8793 = CARTESIAN_POINT('',(-149.16,54.56,96.87));
#8794 = VECTOR('',#8795,1.);
#8795 = DIRECTION('',(1.25419640541E-16,-0.858946974209,0.512064542317)
  );
#8796 = ORIENTED_EDGE('',*,*,#7264,.F.);
#8797 = ORIENTED_EDGE('',*,*,#7245,.F.);
#8798 = ORIENTED_EDGE('',*,*,#8789,.F.);
#8799 = ORIENTED_EDGE('',*,*,#8800,.T.);
#8800 = EDGE_CURVE('',#8790,#8790,#8801,.T.);
#8801 = CIRCLE('',#8802,3.25);
#8802 = AXIS2_PLACEMENT_3D('',#8803,#8804,#8805);
#8803 = CARTESIAN_POINT('',(-149.16,54.56,100.12));
#8804 = DIRECTION('',(0.,-1.,0.));
#8805 = DIRECTION('',(0.,-0.,-1.));
#8806 = CONICAL_SURFACE('',#8807,3.25,0.537586646659);
#8807 = AXIS2_PLACEMENT_3D('',#8808,#8809,#8810);
#8808 = CARTESIAN_POINT('',(-149.16,54.56,100.12));
#8809 = DIRECTION('',(-0.,1.,-0.));
#8810 = DIRECTION('',(0.,-0.,-1.));
#8811 = ADVANCED_FACE('',(#8812),#8832,.F.);
#8812 = FACE_BOUND('',#8813,.F.);
#8813 = EDGE_LOOP('',(#8814,#8822,#8823,#8824,#8825));
#8814 = ORIENTED_EDGE('',*,*,#8815,.T.);
#8815 = EDGE_CURVE('',#8816,#7280,#8818,.T.);
#8816 = VERTEX_POINT('',#8817);
#8817 = CARTESIAN_POINT('',(-149.16,54.56,181.99));
#8818 = LINE('',#8819,#8820);
#8819 = CARTESIAN_POINT('',(-149.16,54.56,181.99));
#8820 = VECTOR('',#8821,1.);
#8821 = DIRECTION('',(1.25419640541E-16,-0.858946974209,0.512064542317)
  );
#8822 = ORIENTED_EDGE('',*,*,#7298,.F.);
#8823 = ORIENTED_EDGE('',*,*,#7279,.F.);
#8824 = ORIENTED_EDGE('',*,*,#8815,.F.);
#8825 = ORIENTED_EDGE('',*,*,#8826,.T.);
#8826 = EDGE_CURVE('',#8816,#8816,#8827,.T.);
#8827 = CIRCLE('',#8828,3.25);
#8828 = AXIS2_PLACEMENT_3D('',#8829,#8830,#8831);
#8829 = CARTESIAN_POINT('',(-149.16,54.56,185.24));
#8830 = DIRECTION('',(0.,-1.,0.));
#8831 = DIRECTION('',(0.,-0.,-1.));
#8832 = CONICAL_SURFACE('',#8833,3.25,0.537586646659);
#8833 = AXIS2_PLACEMENT_3D('',#8834,#8835,#8836);
#8834 = CARTESIAN_POINT('',(-149.16,54.56,185.24));
#8835 = DIRECTION('',(-0.,1.,-0.));
#8836 = DIRECTION('',(0.,-0.,-1.));
#8837 = ADVANCED_FACE('',(#8838,#8872,#8875,#8878),#8881,.T.);
#8838 = FACE_BOUND('',#8839,.T.);
#8839 = EDGE_LOOP('',(#8840,#8850,#8858,#8866));
#8840 = ORIENTED_EDGE('',*,*,#8841,.F.);
#8841 = EDGE_CURVE('',#8842,#8844,#8846,.T.);
#8842 = VERTEX_POINT('',#8843);
#8843 = CARTESIAN_POINT('',(-125.2,53.96,143.92));
#8844 = VERTEX_POINT('',#8845);
#8845 = CARTESIAN_POINT('',(35.2,53.96,143.92));
#8846 = LINE('',#8847,#8848);
#8847 = CARTESIAN_POINT('',(-125.2,53.96,143.92));
#8848 = VECTOR('',#8849,1.);
#8849 = DIRECTION('',(1.,0.,-0.));
#8850 = ORIENTED_EDGE('',*,*,#8851,.T.);
#8851 = EDGE_CURVE('',#8842,#8852,#8854,.T.);
#8852 = VERTEX_POINT('',#8853);
#8853 = CARTESIAN_POINT('',(-125.2,53.96,156.32));
#8854 = LINE('',#8855,#8856);
#8855 = CARTESIAN_POINT('',(-125.2,53.96,143.92));
#8856 = VECTOR('',#8857,1.);
#8857 = DIRECTION('',(0.,0.,1.));
#8858 = ORIENTED_EDGE('',*,*,#8859,.T.);
#8859 = EDGE_CURVE('',#8852,#8860,#8862,.T.);
#8860 = VERTEX_POINT('',#8861);
#8861 = CARTESIAN_POINT('',(35.2,53.96,156.32));
#8862 = LINE('',#8863,#8864);
#8863 = CARTESIAN_POINT('',(-125.2,53.96,156.32));
#8864 = VECTOR('',#8865,1.);
#8865 = DIRECTION('',(1.,0.,-0.));
#8866 = ORIENTED_EDGE('',*,*,#8867,.F.);
#8867 = EDGE_CURVE('',#8844,#8860,#8868,.T.);
#8868 = LINE('',#8869,#8870);
#8869 = CARTESIAN_POINT('',(35.2,53.96,143.92));
#8870 = VECTOR('',#8871,1.);
#8871 = DIRECTION('',(0.,0.,1.));
#8872 = FACE_BOUND('',#8873,.T.);
#8873 = EDGE_LOOP('',(#8874));
#8874 = ORIENTED_EDGE('',*,*,#7313,.F.);
#8875 = FACE_BOUND('',#8876,.T.);
#8876 = EDGE_LOOP('',(#8877));
#8877 = ORIENTED_EDGE('',*,*,#8002,.F.);
#8878 = FACE_BOUND('',#8879,.T.);
#8879 = EDGE_LOOP('',(#8880));
#8880 = ORIENTED_EDGE('',*,*,#8061,.F.);
#8881 = PLANE('',#8882);
#8882 = AXIS2_PLACEMENT_3D('',#8883,#8884,#8885);
#8883 = CARTESIAN_POINT('',(-125.2,53.96,143.92));
#8884 = DIRECTION('',(-0.,1.,0.));
#8885 = DIRECTION('',(0.,0.,1.));
#8886 = ADVANCED_FACE('',(#8887),#8907,.F.);
#8887 = FACE_BOUND('',#8888,.F.);
#8888 = EDGE_LOOP('',(#8889,#8897,#8898,#8899,#8900));
#8889 = ORIENTED_EDGE('',*,*,#8890,.T.);
#8890 = EDGE_CURVE('',#8891,#7339,#8893,.T.);
#8891 = VERTEX_POINT('',#8892);
#8892 = CARTESIAN_POINT('',(-112.06,54.56,162.23));
#8893 = LINE('',#8894,#8895);
#8894 = CARTESIAN_POINT('',(-112.06,54.56,162.23));
#8895 = VECTOR('',#8896,1.);
#8896 = DIRECTION('',(1.25419640541E-16,-0.858946974209,0.512064542317)
  );
#8897 = ORIENTED_EDGE('',*,*,#7357,.F.);
#8898 = ORIENTED_EDGE('',*,*,#7338,.F.);
#8899 = ORIENTED_EDGE('',*,*,#8890,.F.);
#8900 = ORIENTED_EDGE('',*,*,#8901,.T.);
#8901 = EDGE_CURVE('',#8891,#8891,#8902,.T.);
#8902 = CIRCLE('',#8903,3.25);
#8903 = AXIS2_PLACEMENT_3D('',#8904,#8905,#8906);
#8904 = CARTESIAN_POINT('',(-112.06,54.56,165.48));
#8905 = DIRECTION('',(0.,-1.,0.));
#8906 = DIRECTION('',(0.,-0.,-1.));
#8907 = CONICAL_SURFACE('',#8908,3.25,0.537586646659);
#8908 = AXIS2_PLACEMENT_3D('',#8909,#8910,#8911);
#8909 = CARTESIAN_POINT('',(-112.06,54.56,165.48));
#8910 = DIRECTION('',(-0.,1.,-0.));
#8911 = DIRECTION('',(0.,-0.,-1.));
#8912 = ADVANCED_FACE('',(#8913),#8919,.F.);
#8913 = FACE_BOUND('',#8914,.F.);
#8914 = EDGE_LOOP('',(#8915,#8916,#8917,#8918));
#8915 = ORIENTED_EDGE('',*,*,#7488,.F.);
#8916 = ORIENTED_EDGE('',*,*,#7447,.T.);
#8917 = ORIENTED_EDGE('',*,*,#7423,.T.);
#8918 = ORIENTED_EDGE('',*,*,#7471,.F.);
#8919 = PLANE('',#8920);
#8920 = AXIS2_PLACEMENT_3D('',#8921,#8922,#8923);
#8921 = CARTESIAN_POINT('',(-17.,53.36,23.5));
#8922 = DIRECTION('',(-0.,1.,0.));
#8923 = DIRECTION('',(0.,0.,1.));
#8924 = ADVANCED_FACE('',(#8925),#8931,.F.);
#8925 = FACE_BOUND('',#8926,.F.);
#8926 = EDGE_LOOP('',(#8927,#8928,#8929,#8930));
#8927 = ORIENTED_EDGE('',*,*,#7584,.F.);
#8928 = ORIENTED_EDGE('',*,*,#7543,.T.);
#8929 = ORIENTED_EDGE('',*,*,#7519,.T.);
#8930 = ORIENTED_EDGE('',*,*,#7567,.F.);
#8931 = PLANE('',#8932);
#8932 = AXIS2_PLACEMENT_3D('',#8933,#8934,#8935);
#8933 = CARTESIAN_POINT('',(14.,53.36,28.5));
#8934 = DIRECTION('',(-0.,1.,0.));
#8935 = DIRECTION('',(0.,0.,1.));
#8936 = ADVANCED_FACE('',(#8937),#8957,.F.);
#8937 = FACE_BOUND('',#8938,.F.);
#8938 = EDGE_LOOP('',(#8939,#8947,#8948,#8949,#8950));
#8939 = ORIENTED_EDGE('',*,*,#8940,.T.);
#8940 = EDGE_CURVE('',#8941,#7599,#8943,.T.);
#8941 = VERTEX_POINT('',#8942);
#8942 = CARTESIAN_POINT('',(59.16,54.56,14.75));
#8943 = LINE('',#8944,#8945);
#8944 = CARTESIAN_POINT('',(59.16,54.56,14.75));
#8945 = VECTOR('',#8946,1.);
#8946 = DIRECTION('',(1.25419640541E-16,-0.858946974209,0.512064542317)
  );
#8947 = ORIENTED_EDGE('',*,*,#7617,.F.);
#8948 = ORIENTED_EDGE('',*,*,#7598,.F.);
#8949 = ORIENTED_EDGE('',*,*,#8940,.F.);
#8950 = ORIENTED_EDGE('',*,*,#8951,.T.);
#8951 = EDGE_CURVE('',#8941,#8941,#8952,.T.);
#8952 = CIRCLE('',#8953,3.25);
#8953 = AXIS2_PLACEMENT_3D('',#8954,#8955,#8956);
#8954 = CARTESIAN_POINT('',(59.16,54.56,18.));
#8955 = DIRECTION('',(0.,-1.,0.));
#8956 = DIRECTION('',(0.,-0.,-1.));
#8957 = CONICAL_SURFACE('',#8958,3.25,0.537586646659);
#8958 = AXIS2_PLACEMENT_3D('',#8959,#8960,#8961);
#8959 = CARTESIAN_POINT('',(59.16,54.56,18.));
#8960 = DIRECTION('',(-0.,1.,-0.));
#8961 = DIRECTION('',(0.,-0.,-1.));
#8962 = ADVANCED_FACE('',(#8963),#8983,.F.);
#8963 = FACE_BOUND('',#8964,.F.);
#8964 = EDGE_LOOP('',(#8965,#8973,#8974,#8975,#8976));
#8965 = ORIENTED_EDGE('',*,*,#8966,.T.);
#8966 = EDGE_CURVE('',#8967,#7633,#8969,.T.);
#8967 = VERTEX_POINT('',#8968);
#8968 = CARTESIAN_POINT('',(27.94,54.56,91.51));
#8969 = LINE('',#8970,#8971);
#8970 = CARTESIAN_POINT('',(27.94,54.56,91.51));
#8971 = VECTOR('',#8972,1.);
#8972 = DIRECTION('',(1.25419640541E-16,-0.858946974209,0.512064542317)
  );
#8973 = ORIENTED_EDGE('',*,*,#7651,.F.);
#8974 = ORIENTED_EDGE('',*,*,#7632,.F.);
#8975 = ORIENTED_EDGE('',*,*,#8966,.F.);
#8976 = ORIENTED_EDGE('',*,*,#8977,.T.);
#8977 = EDGE_CURVE('',#8967,#8967,#8978,.T.);
#8978 = CIRCLE('',#8979,3.25);
#8979 = AXIS2_PLACEMENT_3D('',#8980,#8981,#8982);
#8980 = CARTESIAN_POINT('',(27.94,54.56,94.76));
#8981 = DIRECTION('',(0.,-1.,0.));
#8982 = DIRECTION('',(0.,-0.,-1.));
#8983 = CONICAL_SURFACE('',#8984,3.25,0.537586646659);
#8984 = AXIS2_PLACEMENT_3D('',#8985,#8986,#8987);
#8985 = CARTESIAN_POINT('',(27.94,54.56,94.76));
#8986 = DIRECTION('',(-0.,1.,-0.));
#8987 = DIRECTION('',(0.,-0.,-1.));
#8988 = ADVANCED_FACE('',(#8989,#9055,#9058,#9061,#9064,#9075,#9086,
    #9089,#9092,#9121,#9132,#9143,#9146,#9149,#9160,#9176,#9210,#9221),
  #9232,.T.);
#8989 = FACE_BOUND('',#8990,.T.);
#8990 = EDGE_LOOP('',(#8991,#9001,#9009,#9017,#9025,#9033,#9041,#9049));
#8991 = ORIENTED_EDGE('',*,*,#8992,.F.);
#8992 = EDGE_CURVE('',#8993,#8995,#8997,.T.);
#8993 = VERTEX_POINT('',#8994);
#8994 = CARTESIAN_POINT('',(-154.66,54.56,0.));
#8995 = VERTEX_POINT('',#8996);
#8996 = CARTESIAN_POINT('',(-149.66,54.56,0.));
#8997 = LINE('',#8998,#8999);
#8998 = CARTESIAN_POINT('',(-154.66,54.56,0.));
#8999 = VECTOR('',#9000,1.);
#9000 = DIRECTION('',(1.,0.,-0.));
#9001 = ORIENTED_EDGE('',*,*,#9002,.T.);
#9002 = EDGE_CURVE('',#8993,#9003,#9005,.T.);
#9003 = VERTEX_POINT('',#9004);
#9004 = CARTESIAN_POINT('',(-154.66,54.56,200.24));
#9005 = LINE('',#9006,#9007);
#9006 = CARTESIAN_POINT('',(-154.66,54.56,0.));
#9007 = VECTOR('',#9008,1.);
#9008 = DIRECTION('',(0.,0.,1.));
#9009 = ORIENTED_EDGE('',*,*,#9010,.T.);
#9010 = EDGE_CURVE('',#9003,#9011,#9013,.T.);
#9011 = VERTEX_POINT('',#9012);
#9012 = CARTESIAN_POINT('',(64.66,54.56,200.24));
#9013 = LINE('',#9014,#9015);
#9014 = CARTESIAN_POINT('',(-154.66,54.56,200.24));
#9015 = VECTOR('',#9016,1.);
#9016 = DIRECTION('',(1.,0.,-0.));
#9017 = ORIENTED_EDGE('',*,*,#9018,.F.);
#9018 = EDGE_CURVE('',#9019,#9011,#9021,.T.);
#9019 = VERTEX_POINT('',#9020);
#9020 = CARTESIAN_POINT('',(64.66,54.56,0.));
#9021 = LINE('',#9022,#9023);
#9022 = CARTESIAN_POINT('',(64.66,54.56,0.));
#9023 = VECTOR('',#9024,1.);
#9024 = DIRECTION('',(0.,0.,1.));
#9025 = ORIENTED_EDGE('',*,*,#9026,.F.);
#9026 = EDGE_CURVE('',#9027,#9019,#9029,.T.);
#9027 = VERTEX_POINT('',#9028);
#9028 = CARTESIAN_POINT('',(59.66,54.56,0.));
#9029 = LINE('',#9030,#9031);
#9030 = CARTESIAN_POINT('',(-154.66,54.56,0.));
#9031 = VECTOR('',#9032,1.);
#9032 = DIRECTION('',(1.,0.,-0.));
#9033 = ORIENTED_EDGE('',*,*,#9034,.F.);
#9034 = EDGE_CURVE('',#9035,#9027,#9037,.T.);
#9035 = VERTEX_POINT('',#9036);
#9036 = CARTESIAN_POINT('',(59.66,54.56,7.5));
#9037 = LINE('',#9038,#9039);
#9038 = CARTESIAN_POINT('',(59.66,54.56,-1.25));
#9039 = VECTOR('',#9040,1.);
#9040 = DIRECTION('',(-0.,0.,-1.));
#9041 = ORIENTED_EDGE('',*,*,#9042,.F.);
#9042 = EDGE_CURVE('',#9043,#9035,#9045,.T.);
#9043 = VERTEX_POINT('',#9044);
#9044 = CARTESIAN_POINT('',(-149.66,54.56,7.5));
#9045 = LINE('',#9046,#9047);
#9046 = CARTESIAN_POINT('',(-152.16,54.56,7.5));
#9047 = VECTOR('',#9048,1.);
#9048 = DIRECTION('',(1.,0.,-0.));
#9049 = ORIENTED_EDGE('',*,*,#9050,.T.);
#9050 = EDGE_CURVE('',#9043,#8995,#9051,.T.);
#9051 = LINE('',#9052,#9053);
#9052 = CARTESIAN_POINT('',(-149.66,54.56,-1.25));
#9053 = VECTOR('',#9054,1.);
#9054 = DIRECTION('',(-0.,0.,-1.));
#9055 = FACE_BOUND('',#9056,.T.);
#9056 = EDGE_LOOP('',(#9057));
#9057 = ORIENTED_EDGE('',*,*,#8748,.T.);
#9058 = FACE_BOUND('',#9059,.T.);
#9059 = EDGE_LOOP('',(#9060));
#9060 = ORIENTED_EDGE('',*,*,#8800,.T.);
#9061 = FACE_BOUND('',#9062,.T.);
#9062 = EDGE_LOOP('',(#9063));
#9063 = ORIENTED_EDGE('',*,*,#8774,.T.);
#9064 = FACE_BOUND('',#9065,.T.);
#9065 = EDGE_LOOP('',(#9066));
#9066 = ORIENTED_EDGE('',*,*,#9067,.F.);
#9067 = EDGE_CURVE('',#9068,#9068,#9070,.T.);
#9068 = VERTEX_POINT('',#9069);
#9069 = CARTESIAN_POINT('',(-62.67766952966,54.56,18.822330470336));
#9070 = CIRCLE('',#9071,2.);
#9071 = AXIS2_PLACEMENT_3D('',#9072,#9073,#9074);
#9072 = CARTESIAN_POINT('',(-62.67766952966,54.56,16.822330470336));
#9073 = DIRECTION('',(0.,1.,0.));
#9074 = DIRECTION('',(0.,-0.,1.));
#9075 = FACE_BOUND('',#9076,.T.);
#9076 = EDGE_LOOP('',(#9077));
#9077 = ORIENTED_EDGE('',*,*,#9078,.F.);
#9078 = EDGE_CURVE('',#9079,#9079,#9081,.T.);
#9079 = VERTEX_POINT('',#9080);
#9080 = CARTESIAN_POINT('',(-62.67766952966,54.56,54.177669529664));
#9081 = CIRCLE('',#9082,2.);
#9082 = AXIS2_PLACEMENT_3D('',#9083,#9084,#9085);
#9083 = CARTESIAN_POINT('',(-62.67766952966,54.56,52.177669529664));
#9084 = DIRECTION('',(0.,1.,0.));
#9085 = DIRECTION('',(0.,-0.,1.));
#9086 = FACE_BOUND('',#9087,.T.);
#9087 = EDGE_LOOP('',(#9088));
#9088 = ORIENTED_EDGE('',*,*,#8826,.T.);
#9089 = FACE_BOUND('',#9090,.T.);
#9090 = EDGE_LOOP('',(#9091));
#9091 = ORIENTED_EDGE('',*,*,#8901,.T.);
#9092 = FACE_BOUND('',#9093,.T.);
#9093 = EDGE_LOOP('',(#9094,#9095,#9096,#9103,#9104,#9105,#9112,#9113,
    #9114));
#9094 = ORIENTED_EDGE('',*,*,#8393,.F.);
#9095 = ORIENTED_EDGE('',*,*,#8283,.F.);
#9096 = ORIENTED_EDGE('',*,*,#9097,.T.);
#9097 = EDGE_CURVE('',#8284,#8310,#9098,.T.);
#9098 = CIRCLE('',#9099,4.5);
#9099 = AXIS2_PLACEMENT_3D('',#9100,#9101,#9102);
#9100 = CARTESIAN_POINT('',(-62.67766952966,54.56,52.177669529664));
#9101 = DIRECTION('',(0.,1.,0.));
#9102 = DIRECTION('',(0.,-0.,1.));
#9103 = ORIENTED_EDGE('',*,*,#8317,.F.);
#9104 = ORIENTED_EDGE('',*,*,#8408,.T.);
#9105 = ORIENTED_EDGE('',*,*,#9106,.F.);
#9106 = EDGE_CURVE('',#8155,#8409,#9107,.T.);
#9107 = CIRCLE('',#9108,21.);
#9108 = AXIS2_PLACEMENT_3D('',#9109,#9110,#9111);
#9109 = CARTESIAN_POINT('',(-45.,54.56,34.5));
#9110 = DIRECTION('',(0.,1.,0.));
#9111 = DIRECTION('',(0.,-0.,1.));
#9112 = ORIENTED_EDGE('',*,*,#8154,.T.);
#9113 = ORIENTED_EDGE('',*,*,#8359,.F.);
#9114 = ORIENTED_EDGE('',*,*,#9115,.T.);
#9115 = EDGE_CURVE('',#8360,#8386,#9116,.T.);
#9116 = CIRCLE('',#9117,4.5);
#9117 = AXIS2_PLACEMENT_3D('',#9118,#9119,#9120);
#9118 = CARTESIAN_POINT('',(-27.32233047033,54.56,52.177669529664));
#9119 = DIRECTION('',(0.,1.,0.));
#9120 = DIRECTION('',(0.,-0.,1.));
#9121 = FACE_BOUND('',#9122,.T.);
#9122 = EDGE_LOOP('',(#9123));
#9123 = ORIENTED_EDGE('',*,*,#9124,.F.);
#9124 = EDGE_CURVE('',#9125,#9125,#9127,.T.);
#9125 = VERTEX_POINT('',#9126);
#9126 = CARTESIAN_POINT('',(-27.32233047033,54.56,18.822330470336));
#9127 = CIRCLE('',#9128,2.);
#9128 = AXIS2_PLACEMENT_3D('',#9129,#9130,#9131);
#9129 = CARTESIAN_POINT('',(-27.32233047033,54.56,16.822330470336));
#9130 = DIRECTION('',(0.,1.,0.));
#9131 = DIRECTION('',(0.,-0.,1.));
#9132 = FACE_BOUND('',#9133,.T.);
#9133 = EDGE_LOOP('',(#9134));
#9134 = ORIENTED_EDGE('',*,*,#9135,.F.);
#9135 = EDGE_CURVE('',#9136,#9136,#9138,.T.);
#9136 = VERTEX_POINT('',#9137);
#9137 = CARTESIAN_POINT('',(-27.32233047033,54.56,54.177669529664));
#9138 = CIRCLE('',#9139,2.);
#9139 = AXIS2_PLACEMENT_3D('',#9140,#9141,#9142);
#9140 = CARTESIAN_POINT('',(-27.32233047033,54.56,52.177669529664));
#9141 = DIRECTION('',(0.,1.,0.));
#9142 = DIRECTION('',(0.,-0.,1.));
#9143 = FACE_BOUND('',#9144,.T.);
#9144 = EDGE_LOOP('',(#9145));
#9145 = ORIENTED_EDGE('',*,*,#8951,.T.);
#9146 = FACE_BOUND('',#9147,.T.);
#9147 = EDGE_LOOP('',(#9148));
#9148 = ORIENTED_EDGE('',*,*,#8977,.T.);
#9149 = FACE_BOUND('',#9150,.T.);
#9150 = EDGE_LOOP('',(#9151));
#9151 = ORIENTED_EDGE('',*,*,#9152,.T.);
#9152 = EDGE_CURVE('',#9153,#9153,#9155,.T.);
#9153 = VERTEX_POINT('',#9154);
#9154 = CARTESIAN_POINT('',(59.16,54.56,96.87));
#9155 = CIRCLE('',#9156,3.25);
#9156 = AXIS2_PLACEMENT_3D('',#9157,#9158,#9159);
#9157 = CARTESIAN_POINT('',(59.16,54.56,100.12));
#9158 = DIRECTION('',(0.,-1.,0.));
#9159 = DIRECTION('',(0.,-0.,-1.));
#9160 = FACE_BOUND('',#9161,.T.);
#9161 = EDGE_LOOP('',(#9162,#9163,#9164,#9165,#9166,#9167,#9168,#9169,
    #9170,#9171,#9172,#9173,#9174,#9175));
#9162 = ORIENTED_EDGE('',*,*,#7683,.T.);
#9163 = ORIENTED_EDGE('',*,*,#7731,.T.);
#9164 = ORIENTED_EDGE('',*,*,#7779,.T.);
#9165 = ORIENTED_EDGE('',*,*,#7827,.T.);
#9166 = ORIENTED_EDGE('',*,*,#7875,.T.);
#9167 = ORIENTED_EDGE('',*,*,#7923,.T.);
#9168 = ORIENTED_EDGE('',*,*,#7971,.T.);
#9169 = ORIENTED_EDGE('',*,*,#7988,.F.);
#9170 = ORIENTED_EDGE('',*,*,#7947,.F.);
#9171 = ORIENTED_EDGE('',*,*,#7899,.F.);
#9172 = ORIENTED_EDGE('',*,*,#7851,.F.);
#9173 = ORIENTED_EDGE('',*,*,#7803,.F.);
#9174 = ORIENTED_EDGE('',*,*,#7755,.F.);
#9175 = ORIENTED_EDGE('',*,*,#7707,.F.);
#9176 = FACE_BOUND('',#9177,.T.);
#9177 = EDGE_LOOP('',(#9178,#9188,#9196,#9204));
#9178 = ORIENTED_EDGE('',*,*,#9179,.F.);
#9179 = EDGE_CURVE('',#9180,#9182,#9184,.T.);
#9180 = VERTEX_POINT('',#9181);
#9181 = CARTESIAN_POINT('',(-125.2,54.56,156.32));
#9182 = VERTEX_POINT('',#9183);
#9183 = CARTESIAN_POINT('',(35.2,54.56,156.32));
#9184 = LINE('',#9185,#9186);
#9185 = CARTESIAN_POINT('',(-139.93,54.56,156.32));
#9186 = VECTOR('',#9187,1.);
#9187 = DIRECTION('',(1.,0.,-0.));
#9188 = ORIENTED_EDGE('',*,*,#9189,.T.);
#9189 = EDGE_CURVE('',#9180,#9190,#9192,.T.);
#9190 = VERTEX_POINT('',#9191);
#9191 = CARTESIAN_POINT('',(-125.2,54.56,143.92));
#9192 = LINE('',#9193,#9194);
#9193 = CARTESIAN_POINT('',(-125.2,54.56,71.96));
#9194 = VECTOR('',#9195,1.);
#9195 = DIRECTION('',(-0.,0.,-1.));
#9196 = ORIENTED_EDGE('',*,*,#9197,.T.);
#9197 = EDGE_CURVE('',#9190,#9198,#9200,.T.);
#9198 = VERTEX_POINT('',#9199);
#9199 = CARTESIAN_POINT('',(35.2,54.56,143.92));
#9200 = LINE('',#9201,#9202);
#9201 = CARTESIAN_POINT('',(-139.93,54.56,143.92));
#9202 = VECTOR('',#9203,1.);
#9203 = DIRECTION('',(1.,0.,-0.));
#9204 = ORIENTED_EDGE('',*,*,#9205,.F.);
#9205 = EDGE_CURVE('',#9182,#9198,#9206,.T.);
#9206 = LINE('',#9207,#9208);
#9207 = CARTESIAN_POINT('',(35.2,54.56,71.96));
#9208 = VECTOR('',#9209,1.);
#9209 = DIRECTION('',(-0.,0.,-1.));
#9210 = FACE_BOUND('',#9211,.T.);
#9211 = EDGE_LOOP('',(#9212));
#9212 = ORIENTED_EDGE('',*,*,#9213,.T.);
#9213 = EDGE_CURVE('',#9214,#9214,#9216,.T.);
#9214 = VERTEX_POINT('',#9215);
#9215 = CARTESIAN_POINT('',(27.94,54.56,162.23));
#9216 = CIRCLE('',#9217,3.25);
#9217 = AXIS2_PLACEMENT_3D('',#9218,#9219,#9220);
#9218 = CARTESIAN_POINT('',(27.94,54.56,165.48));
#9219 = DIRECTION('',(0.,-1.,0.));
#9220 = DIRECTION('',(0.,-0.,-1.));
#9221 = FACE_BOUND('',#9222,.T.);
#9222 = EDGE_LOOP('',(#9223));
#9223 = ORIENTED_EDGE('',*,*,#9224,.T.);
#9224 = EDGE_CURVE('',#9225,#9225,#9227,.T.);
#9225 = VERTEX_POINT('',#9226);
#9226 = CARTESIAN_POINT('',(59.16,54.56,181.99));
#9227 = CIRCLE('',#9228,3.25);
#9228 = AXIS2_PLACEMENT_3D('',#9229,#9230,#9231);
#9229 = CARTESIAN_POINT('',(59.16,54.56,185.24));
#9230 = DIRECTION('',(0.,-1.,0.));
#9231 = DIRECTION('',(0.,-0.,-1.));
#9232 = PLANE('',#9233);
#9233 = AXIS2_PLACEMENT_3D('',#9234,#9235,#9236);
#9234 = CARTESIAN_POINT('',(-154.66,54.56,0.));
#9235 = DIRECTION('',(-0.,1.,0.));
#9236 = DIRECTION('',(0.,0.,1.));
#9237 = ADVANCED_FACE('',(#9238),#9250,.F.);
#9238 = FACE_BOUND('',#9239,.F.);
#9239 = EDGE_LOOP('',(#9240,#9246,#9247,#9248,#9249));
#9240 = ORIENTED_EDGE('',*,*,#9241,.T.);
#9241 = EDGE_CURVE('',#9153,#8028,#9242,.T.);
#9242 = LINE('',#9243,#9244);
#9243 = CARTESIAN_POINT('',(59.16,54.56,96.87));
#9244 = VECTOR('',#9245,1.);
#9245 = DIRECTION('',(1.25419640541E-16,-0.858946974209,0.512064542317)
  );
#9246 = ORIENTED_EDGE('',*,*,#8046,.F.);
#9247 = ORIENTED_EDGE('',*,*,#8027,.F.);
#9248 = ORIENTED_EDGE('',*,*,#9241,.F.);
#9249 = ORIENTED_EDGE('',*,*,#9152,.T.);
#9250 = CONICAL_SURFACE('',#9251,3.25,0.537586646659);
#9251 = AXIS2_PLACEMENT_3D('',#9252,#9253,#9254);
#9252 = CARTESIAN_POINT('',(59.16,54.56,100.12));
#9253 = DIRECTION('',(-0.,1.,-0.));
#9254 = DIRECTION('',(0.,-0.,-1.));
#9255 = ADVANCED_FACE('',(#9256),#9268,.F.);
#9256 = FACE_BOUND('',#9257,.F.);
#9257 = EDGE_LOOP('',(#9258,#9264,#9265,#9266,#9267));
#9258 = ORIENTED_EDGE('',*,*,#9259,.T.);
#9259 = EDGE_CURVE('',#9214,#8087,#9260,.T.);
#9260 = LINE('',#9261,#9262);
#9261 = CARTESIAN_POINT('',(27.94,54.56,162.23));
#9262 = VECTOR('',#9263,1.);
#9263 = DIRECTION('',(1.25419640541E-16,-0.858946974209,0.512064542317)
  );
#9264 = ORIENTED_EDGE('',*,*,#8105,.F.);
#9265 = ORIENTED_EDGE('',*,*,#8086,.F.);
#9266 = ORIENTED_EDGE('',*,*,#9259,.F.);
#9267 = ORIENTED_EDGE('',*,*,#9213,.T.);
#9268 = CONICAL_SURFACE('',#9269,3.25,0.537586646659);
#9269 = AXIS2_PLACEMENT_3D('',#9270,#9271,#9272);
#9270 = CARTESIAN_POINT('',(27.94,54.56,165.48));
#9271 = DIRECTION('',(-0.,1.,-0.));
#9272 = DIRECTION('',(0.,-0.,-1.));
#9273 = ADVANCED_FACE('',(#9274),#9286,.F.);
#9274 = FACE_BOUND('',#9275,.F.);
#9275 = EDGE_LOOP('',(#9276,#9282,#9283,#9284,#9285));
#9276 = ORIENTED_EDGE('',*,*,#9277,.T.);
#9277 = EDGE_CURVE('',#9225,#8121,#9278,.T.);
#9278 = LINE('',#9279,#9280);
#9279 = CARTESIAN_POINT('',(59.16,54.56,181.99));
#9280 = VECTOR('',#9281,1.);
#9281 = DIRECTION('',(1.25419640541E-16,-0.858946974209,0.512064542317)
  );
#9282 = ORIENTED_EDGE('',*,*,#8139,.F.);
#9283 = ORIENTED_EDGE('',*,*,#8120,.F.);
#9284 = ORIENTED_EDGE('',*,*,#9277,.F.);
#9285 = ORIENTED_EDGE('',*,*,#9224,.T.);
#9286 = CONICAL_SURFACE('',#9287,3.25,0.537586646659);
#9287 = AXIS2_PLACEMENT_3D('',#9288,#9289,#9290);
#9288 = CARTESIAN_POINT('',(59.16,54.56,185.24));
#9289 = DIRECTION('',(-0.,1.,-0.));
#9290 = DIRECTION('',(0.,-0.,-1.));
#9291 = ADVANCED_FACE('',(#9292),#9296,.F.);
#9292 = FACE_BOUND('',#9293,.F.);
#9293 = EDGE_LOOP('',(#9294,#9295));
#9294 = ORIENTED_EDGE('',*,*,#8190,.T.);
#9295 = ORIENTED_EDGE('',*,*,#8351,.T.);
#9296 = PLANE('',#9297);
#9297 = AXIS2_PLACEMENT_3D('',#9298,#9299,#9300);
#9298 = CARTESIAN_POINT('',(-27.32233047033,47.46,16.822330470336));
#9299 = DIRECTION('',(0.,1.,0.));
#9300 = DIRECTION('',(0.,-0.,1.));
#9301 = ADVANCED_FACE('',(#9302),#9308,.F.);
#9302 = FACE_BOUND('',#9303,.F.);
#9303 = EDGE_LOOP('',(#9304,#9305,#9306,#9307));
#9304 = ORIENTED_EDGE('',*,*,#8165,.F.);
#9305 = ORIENTED_EDGE('',*,*,#8226,.T.);
#9306 = ORIENTED_EDGE('',*,*,#8429,.T.);
#9307 = ORIENTED_EDGE('',*,*,#9106,.F.);
#9308 = CYLINDRICAL_SURFACE('',#9309,21.);
#9309 = AXIS2_PLACEMENT_3D('',#9310,#9311,#9312);
#9310 = CARTESIAN_POINT('',(-45.,18.,34.5));
#9311 = DIRECTION('',(0.,1.,0.));
#9312 = DIRECTION('',(0.,-0.,1.));
#9313 = ADVANCED_FACE('',(#9314),#9325,.F.);
#9314 = FACE_BOUND('',#9315,.F.);
#9315 = EDGE_LOOP('',(#9316,#9322,#9323,#9324));
#9316 = ORIENTED_EDGE('',*,*,#9317,.T.);
#9317 = EDGE_CURVE('',#8238,#9068,#9318,.T.);
#9318 = LINE('',#9319,#9320);
#9319 = CARTESIAN_POINT('',(-62.67766952966,48.06,18.822330470336));
#9320 = VECTOR('',#9321,1.);
#9321 = DIRECTION('',(0.,1.,0.));
#9322 = ORIENTED_EDGE('',*,*,#9067,.F.);
#9323 = ORIENTED_EDGE('',*,*,#9317,.F.);
#9324 = ORIENTED_EDGE('',*,*,#8237,.T.);
#9325 = CYLINDRICAL_SURFACE('',#9326,2.);
#9326 = AXIS2_PLACEMENT_3D('',#9327,#9328,#9329);
#9327 = CARTESIAN_POINT('',(-62.67766952966,48.06,16.822330470336));
#9328 = DIRECTION('',(0.,1.,0.));
#9329 = DIRECTION('',(0.,-0.,1.));
#9330 = ADVANCED_FACE('',(#9331),#9342,.F.);
#9331 = FACE_BOUND('',#9332,.F.);
#9332 = EDGE_LOOP('',(#9333,#9339,#9340,#9341));
#9333 = ORIENTED_EDGE('',*,*,#9334,.T.);
#9334 = EDGE_CURVE('',#8249,#9125,#9335,.T.);
#9335 = LINE('',#9336,#9337);
#9336 = CARTESIAN_POINT('',(-27.32233047033,48.06,18.822330470336));
#9337 = VECTOR('',#9338,1.);
#9338 = DIRECTION('',(0.,1.,0.));
#9339 = ORIENTED_EDGE('',*,*,#9124,.F.);
#9340 = ORIENTED_EDGE('',*,*,#9334,.F.);
#9341 = ORIENTED_EDGE('',*,*,#8248,.T.);
#9342 = CYLINDRICAL_SURFACE('',#9343,2.);
#9343 = AXIS2_PLACEMENT_3D('',#9344,#9345,#9346);
#9344 = CARTESIAN_POINT('',(-27.32233047033,48.06,16.822330470336));
#9345 = DIRECTION('',(0.,1.,0.));
#9346 = DIRECTION('',(0.,-0.,1.));
#9347 = ADVANCED_FACE('',(#9348),#9360,.T.);
#9348 = FACE_BOUND('',#9349,.T.);
#9349 = EDGE_LOOP('',(#9350,#9351,#9352,#9359));
#9350 = ORIENTED_EDGE('',*,*,#9115,.F.);
#9351 = ORIENTED_EDGE('',*,*,#8368,.F.);
#9352 = ORIENTED_EDGE('',*,*,#9353,.T.);
#9353 = EDGE_CURVE('',#8369,#8377,#9354,.T.);
#9354 = CIRCLE('',#9355,4.5);
#9355 = AXIS2_PLACEMENT_3D('',#9356,#9357,#9358);
#9356 = CARTESIAN_POINT('',(-27.32233047033,47.46,52.177669529664));
#9357 = DIRECTION('',(0.,1.,0.));
#9358 = DIRECTION('',(0.,-0.,1.));
#9359 = ORIENTED_EDGE('',*,*,#8385,.T.);
#9360 = CYLINDRICAL_SURFACE('',#9361,4.5);
#9361 = AXIS2_PLACEMENT_3D('',#9362,#9363,#9364);
#9362 = CARTESIAN_POINT('',(-27.32233047033,47.46,52.177669529664));
#9363 = DIRECTION('',(0.,1.,0.));
#9364 = DIRECTION('',(0.,-0.,1.));
#9365 = ADVANCED_FACE('',(#9366),#9370,.F.);
#9366 = FACE_BOUND('',#9367,.F.);
#9367 = EDGE_LOOP('',(#9368,#9369));
#9368 = ORIENTED_EDGE('',*,*,#8376,.T.);
#9369 = ORIENTED_EDGE('',*,*,#9353,.T.);
#9370 = PLANE('',#9371);
#9371 = AXIS2_PLACEMENT_3D('',#9372,#9373,#9374);
#9372 = CARTESIAN_POINT('',(-27.32233047033,47.46,52.177669529664));
#9373 = DIRECTION('',(0.,1.,0.));
#9374 = DIRECTION('',(0.,-0.,1.));
#9375 = ADVANCED_FACE('',(#9376),#9380,.F.);
#9376 = FACE_BOUND('',#9377,.F.);
#9377 = EDGE_LOOP('',(#9378,#9379));
#9378 = ORIENTED_EDGE('',*,*,#8334,.T.);
#9379 = ORIENTED_EDGE('',*,*,#8418,.T.);
#9380 = PLANE('',#9381);
#9381 = AXIS2_PLACEMENT_3D('',#9382,#9383,#9384);
#9382 = CARTESIAN_POINT('',(-62.67766952966,47.46,16.822330470336));
#9383 = DIRECTION('',(0.,1.,0.));
#9384 = DIRECTION('',(0.,-0.,1.));
#9385 = ADVANCED_FACE('',(#9386),#9398,.T.);
#9386 = FACE_BOUND('',#9387,.T.);
#9387 = EDGE_LOOP('',(#9388,#9389,#9390,#9397));
#9388 = ORIENTED_EDGE('',*,*,#9097,.F.);
#9389 = ORIENTED_EDGE('',*,*,#8292,.F.);
#9390 = ORIENTED_EDGE('',*,*,#9391,.T.);
#9391 = EDGE_CURVE('',#8293,#8301,#9392,.T.);
#9392 = CIRCLE('',#9393,4.5);
#9393 = AXIS2_PLACEMENT_3D('',#9394,#9395,#9396);
#9394 = CARTESIAN_POINT('',(-62.67766952966,47.46,52.177669529664));
#9395 = DIRECTION('',(0.,1.,0.));
#9396 = DIRECTION('',(0.,-0.,1.));
#9397 = ORIENTED_EDGE('',*,*,#8309,.T.);
#9398 = CYLINDRICAL_SURFACE('',#9399,4.5);
#9399 = AXIS2_PLACEMENT_3D('',#9400,#9401,#9402);
#9400 = CARTESIAN_POINT('',(-62.67766952966,47.46,52.177669529664));
#9401 = DIRECTION('',(0.,1.,0.));
#9402 = DIRECTION('',(0.,-0.,1.));
#9403 = ADVANCED_FACE('',(#9404),#9408,.F.);
#9404 = FACE_BOUND('',#9405,.F.);
#9405 = EDGE_LOOP('',(#9406,#9407));
#9406 = ORIENTED_EDGE('',*,*,#8300,.T.);
#9407 = ORIENTED_EDGE('',*,*,#9391,.T.);
#9408 = PLANE('',#9409);
#9409 = AXIS2_PLACEMENT_3D('',#9410,#9411,#9412);
#9410 = CARTESIAN_POINT('',(-62.67766952966,47.46,52.177669529664));
#9411 = DIRECTION('',(0.,1.,0.));
#9412 = DIRECTION('',(0.,-0.,1.));
#9413 = ADVANCED_FACE('',(#9414),#9417,.T.);
#9414 = FACE_BOUND('',#9415,.F.);
#9415 = EDGE_LOOP('',(#9416));
#9416 = ORIENTED_EDGE('',*,*,#8452,.F.);
#9417 = PLANE('',#9418);
#9418 = AXIS2_PLACEMENT_3D('',#9419,#9420,#9421);
#9419 = CARTESIAN_POINT('',(-62.67766952966,48.06,16.822330470336));
#9420 = DIRECTION('',(0.,1.,0.));
#9421 = DIRECTION('',(0.,-0.,1.));
#9422 = ADVANCED_FACE('',(#9423),#9426,.T.);
#9423 = FACE_BOUND('',#9424,.F.);
#9424 = EDGE_LOOP('',(#9425));
#9425 = ORIENTED_EDGE('',*,*,#8477,.F.);
#9426 = PLANE('',#9427);
#9427 = AXIS2_PLACEMENT_3D('',#9428,#9429,#9430);
#9428 = CARTESIAN_POINT('',(-27.32233047033,48.06,16.822330470336));
#9429 = DIRECTION('',(0.,1.,0.));
#9430 = DIRECTION('',(0.,-0.,1.));
#9431 = ADVANCED_FACE('',(#9432),#9475,.F.);
#9432 = FACE_BOUND('',#9433,.F.);
#9433 = EDGE_LOOP('',(#9434,#9435,#9441,#9442,#9443,#9444,#9445,#9446,
    #9452,#9453,#9461,#9469));
#9434 = ORIENTED_EDGE('',*,*,#8992,.F.);
#9435 = ORIENTED_EDGE('',*,*,#9436,.F.);
#9436 = EDGE_CURVE('',#8506,#8993,#9437,.T.);
#9437 = LINE('',#9438,#9439);
#9438 = CARTESIAN_POINT('',(-154.66,3.,0.));
#9439 = VECTOR('',#9440,1.);
#9440 = DIRECTION('',(-0.,1.,0.));
#9441 = ORIENTED_EDGE('',*,*,#8505,.T.);
#9442 = ORIENTED_EDGE('',*,*,#8623,.T.);
#9443 = ORIENTED_EDGE('',*,*,#8597,.F.);
#9444 = ORIENTED_EDGE('',*,*,#8582,.F.);
#9445 = ORIENTED_EDGE('',*,*,#8539,.T.);
#9446 = ORIENTED_EDGE('',*,*,#9447,.T.);
#9447 = EDGE_CURVE('',#8532,#9019,#9448,.T.);
#9448 = LINE('',#9449,#9450);
#9449 = CARTESIAN_POINT('',(64.66,3.,0.));
#9450 = VECTOR('',#9451,1.);
#9451 = DIRECTION('',(-0.,1.,0.));
#9452 = ORIENTED_EDGE('',*,*,#9026,.F.);
#9453 = ORIENTED_EDGE('',*,*,#9454,.F.);
#9454 = EDGE_CURVE('',#9455,#9027,#9457,.T.);
#9455 = VERTEX_POINT('',#9456);
#9456 = CARTESIAN_POINT('',(59.66,51.86,0.));
#9457 = LINE('',#9458,#9459);
#9458 = CARTESIAN_POINT('',(59.66,27.43,0.));
#9459 = VECTOR('',#9460,1.);
#9460 = DIRECTION('',(-0.,1.,0.));
#9461 = ORIENTED_EDGE('',*,*,#9462,.T.);
#9462 = EDGE_CURVE('',#9455,#9463,#9465,.T.);
#9463 = VERTEX_POINT('',#9464);
#9464 = CARTESIAN_POINT('',(-149.66,51.86,0.));
#9465 = LINE('',#9466,#9467);
#9466 = CARTESIAN_POINT('',(-152.16,51.86,0.));
#9467 = VECTOR('',#9468,1.);
#9468 = DIRECTION('',(-1.,-0.,0.));
#9469 = ORIENTED_EDGE('',*,*,#9470,.T.);
#9470 = EDGE_CURVE('',#9463,#8995,#9471,.T.);
#9471 = LINE('',#9472,#9473);
#9472 = CARTESIAN_POINT('',(-149.66,27.43,0.));
#9473 = VECTOR('',#9474,1.);
#9474 = DIRECTION('',(-0.,1.,0.));
#9475 = PLANE('',#9476);
#9476 = AXIS2_PLACEMENT_3D('',#9477,#9478,#9479);
#9477 = CARTESIAN_POINT('',(-154.66,3.,0.));
#9478 = DIRECTION('',(0.,0.,1.));
#9479 = DIRECTION('',(1.,0.,-0.));
#9480 = ADVANCED_FACE('',(#9481,#9492,#9495,#9498,#9501),#9504,.T.);
#9481 = FACE_BOUND('',#9482,.T.);
#9482 = EDGE_LOOP('',(#9483,#9484,#9485,#9486));
#9483 = ORIENTED_EDGE('',*,*,#8531,.F.);
#9484 = ORIENTED_EDGE('',*,*,#9447,.T.);
#9485 = ORIENTED_EDGE('',*,*,#9018,.T.);
#9486 = ORIENTED_EDGE('',*,*,#9487,.F.);
#9487 = EDGE_CURVE('',#8524,#9011,#9488,.T.);
#9488 = LINE('',#9489,#9490);
#9489 = CARTESIAN_POINT('',(64.66,3.,200.24));
#9490 = VECTOR('',#9491,1.);
#9491 = DIRECTION('',(-0.,1.,0.));
#9492 = FACE_BOUND('',#9493,.T.);
#9493 = EDGE_LOOP('',(#9494));
#9494 = ORIENTED_EDGE('',*,*,#8637,.F.);
#9495 = FACE_BOUND('',#9496,.T.);
#9496 = EDGE_LOOP('',(#9497));
#9497 = ORIENTED_EDGE('',*,*,#8662,.F.);
#9498 = FACE_BOUND('',#9499,.T.);
#9499 = EDGE_LOOP('',(#9500));
#9500 = ORIENTED_EDGE('',*,*,#8687,.F.);
#9501 = FACE_BOUND('',#9502,.T.);
#9502 = EDGE_LOOP('',(#9503));
#9503 = ORIENTED_EDGE('',*,*,#8712,.F.);
#9504 = PLANE('',#9505);
#9505 = AXIS2_PLACEMENT_3D('',#9506,#9507,#9508);
#9506 = CARTESIAN_POINT('',(64.66,3.,0.));
#9507 = DIRECTION('',(1.,0.,-0.));
#9508 = DIRECTION('',(0.,0.,1.));
#9509 = ADVANCED_FACE('',(#9510),#9521,.T.);
#9510 = FACE_BOUND('',#9511,.T.);
#9511 = EDGE_LOOP('',(#9512,#9518,#9519,#9520));
#9512 = ORIENTED_EDGE('',*,*,#9513,.F.);
#9513 = EDGE_CURVE('',#8516,#9003,#9514,.T.);
#9514 = LINE('',#9515,#9516);
#9515 = CARTESIAN_POINT('',(-154.66,3.,200.24));
#9516 = VECTOR('',#9517,1.);
#9517 = DIRECTION('',(-0.,1.,0.));
#9518 = ORIENTED_EDGE('',*,*,#8523,.T.);
#9519 = ORIENTED_EDGE('',*,*,#9487,.T.);
#9520 = ORIENTED_EDGE('',*,*,#9010,.F.);
#9521 = PLANE('',#9522);
#9522 = AXIS2_PLACEMENT_3D('',#9523,#9524,#9525);
#9523 = CARTESIAN_POINT('',(-154.66,3.,200.24));
#9524 = DIRECTION('',(0.,0.,1.));
#9525 = DIRECTION('',(1.,0.,-0.));
#9526 = ADVANCED_FACE('',(#9527),#9533,.F.);
#9527 = FACE_BOUND('',#9528,.F.);
#9528 = EDGE_LOOP('',(#9529,#9530,#9531,#9532));
#9529 = ORIENTED_EDGE('',*,*,#8515,.F.);
#9530 = ORIENTED_EDGE('',*,*,#9436,.T.);
#9531 = ORIENTED_EDGE('',*,*,#9002,.T.);
#9532 = ORIENTED_EDGE('',*,*,#9513,.F.);
#9533 = PLANE('',#9534);
#9534 = AXIS2_PLACEMENT_3D('',#9535,#9536,#9537);
#9535 = CARTESIAN_POINT('',(-154.66,3.,0.));
#9536 = DIRECTION('',(1.,0.,-0.));
#9537 = DIRECTION('',(0.,0.,1.));
#9538 = ADVANCED_FACE('',(#9539),#9555,.T.);
#9539 = FACE_BOUND('',#9540,.T.);
#9540 = EDGE_LOOP('',(#9541,#9547,#9548,#9554));
#9541 = ORIENTED_EDGE('',*,*,#9542,.F.);
#9542 = EDGE_CURVE('',#8842,#9190,#9543,.T.);
#9543 = LINE('',#9544,#9545);
#9544 = CARTESIAN_POINT('',(-125.2,53.96,143.92));
#9545 = VECTOR('',#9546,1.);
#9546 = DIRECTION('',(-0.,1.,0.));
#9547 = ORIENTED_EDGE('',*,*,#8841,.T.);
#9548 = ORIENTED_EDGE('',*,*,#9549,.T.);
#9549 = EDGE_CURVE('',#8844,#9198,#9550,.T.);
#9550 = LINE('',#9551,#9552);
#9551 = CARTESIAN_POINT('',(35.2,53.96,143.92));
#9552 = VECTOR('',#9553,1.);
#9553 = DIRECTION('',(-0.,1.,0.));
#9554 = ORIENTED_EDGE('',*,*,#9197,.F.);
#9555 = PLANE('',#9556);
#9556 = AXIS2_PLACEMENT_3D('',#9557,#9558,#9559);
#9557 = CARTESIAN_POINT('',(-125.2,53.96,143.92));
#9558 = DIRECTION('',(0.,0.,1.));
#9559 = DIRECTION('',(1.,0.,-0.));
#9560 = ADVANCED_FACE('',(#9561),#9572,.F.);
#9561 = FACE_BOUND('',#9562,.F.);
#9562 = EDGE_LOOP('',(#9563,#9569,#9570,#9571));
#9563 = ORIENTED_EDGE('',*,*,#9564,.F.);
#9564 = EDGE_CURVE('',#8860,#9182,#9565,.T.);
#9565 = LINE('',#9566,#9567);
#9566 = CARTESIAN_POINT('',(35.2,53.96,156.32));
#9567 = VECTOR('',#9568,1.);
#9568 = DIRECTION('',(-0.,1.,0.));
#9569 = ORIENTED_EDGE('',*,*,#8867,.F.);
#9570 = ORIENTED_EDGE('',*,*,#9549,.T.);
#9571 = ORIENTED_EDGE('',*,*,#9205,.F.);
#9572 = PLANE('',#9573);
#9573 = AXIS2_PLACEMENT_3D('',#9574,#9575,#9576);
#9574 = CARTESIAN_POINT('',(35.2,53.96,143.92));
#9575 = DIRECTION('',(1.,0.,-0.));
#9576 = DIRECTION('',(0.,0.,1.));
#9577 = ADVANCED_FACE('',(#9578),#9589,.T.);
#9578 = FACE_BOUND('',#9579,.T.);
#9579 = EDGE_LOOP('',(#9580,#9586,#9587,#9588));
#9580 = ORIENTED_EDGE('',*,*,#9581,.F.);
#9581 = EDGE_CURVE('',#8852,#9180,#9582,.T.);
#9582 = LINE('',#9583,#9584);
#9583 = CARTESIAN_POINT('',(-125.2,53.96,156.32));
#9584 = VECTOR('',#9585,1.);
#9585 = DIRECTION('',(-0.,1.,0.));
#9586 = ORIENTED_EDGE('',*,*,#8851,.F.);
#9587 = ORIENTED_EDGE('',*,*,#9542,.T.);
#9588 = ORIENTED_EDGE('',*,*,#9189,.F.);
#9589 = PLANE('',#9590);
#9590 = AXIS2_PLACEMENT_3D('',#9591,#9592,#9593);
#9591 = CARTESIAN_POINT('',(-125.2,53.96,143.92));
#9592 = DIRECTION('',(1.,0.,-0.));
#9593 = DIRECTION('',(0.,0.,1.));
#9594 = ADVANCED_FACE('',(#9595),#9601,.F.);
#9595 = FACE_BOUND('',#9596,.F.);
#9596 = EDGE_LOOP('',(#9597,#9598,#9599,#9600));
#9597 = ORIENTED_EDGE('',*,*,#9581,.F.);
#9598 = ORIENTED_EDGE('',*,*,#8859,.T.);
#9599 = ORIENTED_EDGE('',*,*,#9564,.T.);
#9600 = ORIENTED_EDGE('',*,*,#9179,.F.);
#9601 = PLANE('',#9602);
#9602 = AXIS2_PLACEMENT_3D('',#9603,#9604,#9605);
#9603 = CARTESIAN_POINT('',(-125.2,53.96,156.32));
#9604 = DIRECTION('',(0.,0.,1.));
#9605 = DIRECTION('',(1.,0.,-0.));
#9606 = ADVANCED_FACE('',(#9607),#9625,.T.);
#9607 = FACE_BOUND('',#9608,.T.);
#9608 = EDGE_LOOP('',(#9609,#9617,#9618,#9619));
#9609 = ORIENTED_EDGE('',*,*,#9610,.F.);
#9610 = EDGE_CURVE('',#9463,#9611,#9613,.T.);
#9611 = VERTEX_POINT('',#9612);
#9612 = CARTESIAN_POINT('',(-149.66,51.86,7.5));
#9613 = LINE('',#9614,#9615);
#9614 = CARTESIAN_POINT('',(-149.66,51.86,-2.5));
#9615 = VECTOR('',#9616,1.);
#9616 = DIRECTION('',(0.,0.,1.));
#9617 = ORIENTED_EDGE('',*,*,#9470,.T.);
#9618 = ORIENTED_EDGE('',*,*,#9050,.F.);
#9619 = ORIENTED_EDGE('',*,*,#9620,.F.);
#9620 = EDGE_CURVE('',#9611,#9043,#9621,.T.);
#9621 = LINE('',#9622,#9623);
#9622 = CARTESIAN_POINT('',(-149.66,51.86,7.5));
#9623 = VECTOR('',#9624,1.);
#9624 = DIRECTION('',(-0.,1.,0.));
#9625 = PLANE('',#9626);
#9626 = AXIS2_PLACEMENT_3D('',#9627,#9628,#9629);
#9627 = CARTESIAN_POINT('',(-149.66,51.86,-2.5));
#9628 = DIRECTION('',(1.,0.,-0.));
#9629 = DIRECTION('',(0.,0.,1.));
#9630 = ADVANCED_FACE('',(#9631),#9649,.F.);
#9631 = FACE_BOUND('',#9632,.F.);
#9632 = EDGE_LOOP('',(#9633,#9634,#9642,#9648));
#9633 = ORIENTED_EDGE('',*,*,#9620,.F.);
#9634 = ORIENTED_EDGE('',*,*,#9635,.T.);
#9635 = EDGE_CURVE('',#9611,#9636,#9638,.T.);
#9636 = VERTEX_POINT('',#9637);
#9637 = CARTESIAN_POINT('',(59.66,51.86,7.5));
#9638 = LINE('',#9639,#9640);
#9639 = CARTESIAN_POINT('',(-149.66,51.86,7.5));
#9640 = VECTOR('',#9641,1.);
#9641 = DIRECTION('',(1.,0.,-0.));
#9642 = ORIENTED_EDGE('',*,*,#9643,.T.);
#9643 = EDGE_CURVE('',#9636,#9035,#9644,.T.);
#9644 = LINE('',#9645,#9646);
#9645 = CARTESIAN_POINT('',(59.66,51.86,7.5));
#9646 = VECTOR('',#9647,1.);
#9647 = DIRECTION('',(-0.,1.,0.));
#9648 = ORIENTED_EDGE('',*,*,#9042,.F.);
#9649 = PLANE('',#9650);
#9650 = AXIS2_PLACEMENT_3D('',#9651,#9652,#9653);
#9651 = CARTESIAN_POINT('',(-149.66,51.86,7.5));
#9652 = DIRECTION('',(0.,0.,1.));
#9653 = DIRECTION('',(1.,0.,-0.));
#9654 = ADVANCED_FACE('',(#9655),#9666,.F.);
#9655 = FACE_BOUND('',#9656,.F.);
#9656 = EDGE_LOOP('',(#9657,#9663,#9664,#9665));
#9657 = ORIENTED_EDGE('',*,*,#9658,.F.);
#9658 = EDGE_CURVE('',#9455,#9636,#9659,.T.);
#9659 = LINE('',#9660,#9661);
#9660 = CARTESIAN_POINT('',(59.66,51.86,-2.5));
#9661 = VECTOR('',#9662,1.);
#9662 = DIRECTION('',(0.,0.,1.));
#9663 = ORIENTED_EDGE('',*,*,#9454,.T.);
#9664 = ORIENTED_EDGE('',*,*,#9034,.F.);
#9665 = ORIENTED_EDGE('',*,*,#9643,.F.);
#9666 = PLANE('',#9667);
#9667 = AXIS2_PLACEMENT_3D('',#9668,#9669,#9670);
#9668 = CARTESIAN_POINT('',(59.66,51.86,-2.5));
#9669 = DIRECTION('',(1.,0.,-0.));
#9670 = DIRECTION('',(0.,0.,1.));
#9671 = ADVANCED_FACE('',(#9672),#9691,.F.);
#9672 = FACE_BOUND('',#9673,.F.);
#9673 = EDGE_LOOP('',(#9674,#9675,#9683,#9690));
#9674 = ORIENTED_EDGE('',*,*,#9078,.F.);
#9675 = ORIENTED_EDGE('',*,*,#9676,.F.);
#9676 = EDGE_CURVE('',#9677,#9079,#9679,.T.);
#9677 = VERTEX_POINT('',#9678);
#9678 = CARTESIAN_POINT('',(-62.67766952966,48.06,54.177669529664));
#9679 = LINE('',#9680,#9681);
#9680 = CARTESIAN_POINT('',(-62.67766952966,48.06,54.177669529664));
#9681 = VECTOR('',#9682,1.);
#9682 = DIRECTION('',(0.,1.,0.));
#9683 = ORIENTED_EDGE('',*,*,#9684,.T.);
#9684 = EDGE_CURVE('',#9677,#9677,#9685,.T.);
#9685 = CIRCLE('',#9686,2.);
#9686 = AXIS2_PLACEMENT_3D('',#9687,#9688,#9689);
#9687 = CARTESIAN_POINT('',(-62.67766952966,48.06,52.177669529664));
#9688 = DIRECTION('',(0.,1.,0.));
#9689 = DIRECTION('',(0.,-0.,1.));
#9690 = ORIENTED_EDGE('',*,*,#9676,.T.);
#9691 = CYLINDRICAL_SURFACE('',#9692,2.);
#9692 = AXIS2_PLACEMENT_3D('',#9693,#9694,#9695);
#9693 = CARTESIAN_POINT('',(-62.67766952966,48.06,52.177669529664));
#9694 = DIRECTION('',(0.,1.,0.));
#9695 = DIRECTION('',(0.,-0.,1.));
#9696 = ADVANCED_FACE('',(#9697),#9716,.F.);
#9697 = FACE_BOUND('',#9698,.F.);
#9698 = EDGE_LOOP('',(#9699,#9700,#9708,#9715));
#9699 = ORIENTED_EDGE('',*,*,#9135,.F.);
#9700 = ORIENTED_EDGE('',*,*,#9701,.F.);
#9701 = EDGE_CURVE('',#9702,#9136,#9704,.T.);
#9702 = VERTEX_POINT('',#9703);
#9703 = CARTESIAN_POINT('',(-27.32233047033,48.06,54.177669529664));
#9704 = LINE('',#9705,#9706);
#9705 = CARTESIAN_POINT('',(-27.32233047033,48.06,54.177669529664));
#9706 = VECTOR('',#9707,1.);
#9707 = DIRECTION('',(0.,1.,0.));
#9708 = ORIENTED_EDGE('',*,*,#9709,.T.);
#9709 = EDGE_CURVE('',#9702,#9702,#9710,.T.);
#9710 = CIRCLE('',#9711,2.);
#9711 = AXIS2_PLACEMENT_3D('',#9712,#9713,#9714);
#9712 = CARTESIAN_POINT('',(-27.32233047033,48.06,52.177669529664));
#9713 = DIRECTION('',(0.,1.,0.));
#9714 = DIRECTION('',(0.,-0.,1.));
#9715 = ORIENTED_EDGE('',*,*,#9701,.T.);
#9716 = CYLINDRICAL_SURFACE('',#9717,2.);
#9717 = AXIS2_PLACEMENT_3D('',#9718,#9719,#9720);
#9718 = CARTESIAN_POINT('',(-27.32233047033,48.06,52.177669529664));
#9719 = DIRECTION('',(0.,1.,0.));
#9720 = DIRECTION('',(0.,-0.,1.));
#9721 = ADVANCED_FACE('',(#9722),#9728,.T.);
#9722 = FACE_BOUND('',#9723,.T.);
#9723 = EDGE_LOOP('',(#9724,#9725,#9726,#9727));
#9724 = ORIENTED_EDGE('',*,*,#9658,.F.);
#9725 = ORIENTED_EDGE('',*,*,#9462,.T.);
#9726 = ORIENTED_EDGE('',*,*,#9610,.T.);
#9727 = ORIENTED_EDGE('',*,*,#9635,.T.);
#9728 = PLANE('',#9729);
#9729 = AXIS2_PLACEMENT_3D('',#9730,#9731,#9732);
#9730 = CARTESIAN_POINT('',(-149.66,51.86,-2.5));
#9731 = DIRECTION('',(-0.,1.,0.));
#9732 = DIRECTION('',(0.,0.,1.));
#9733 = ADVANCED_FACE('',(#9734),#9737,.T.);
#9734 = FACE_BOUND('',#9735,.F.);
#9735 = EDGE_LOOP('',(#9736));
#9736 = ORIENTED_EDGE('',*,*,#9684,.F.);
#9737 = PLANE('',#9738);
#9738 = AXIS2_PLACEMENT_3D('',#9739,#9740,#9741);
#9739 = CARTESIAN_POINT('',(-62.67766952966,48.06,52.177669529664));
#9740 = DIRECTION('',(0.,1.,0.));
#9741 = DIRECTION('',(0.,-0.,1.));
#9742 = ADVANCED_FACE('',(#9743),#9746,.T.);
#9743 = FACE_BOUND('',#9744,.F.);
#9744 = EDGE_LOOP('',(#9745));
#9745 = ORIENTED_EDGE('',*,*,#9709,.F.);
#9746 = PLANE('',#9747);
#9747 = AXIS2_PLACEMENT_3D('',#9748,#9749,#9750);
#9748 = CARTESIAN_POINT('',(-27.32233047033,48.06,52.177669529664));
#9749 = DIRECTION('',(0.,1.,0.));
#9750 = DIRECTION('',(0.,-0.,1.));
#9751 = MANIFOLD_SOLID_BREP('',#9752);
#9752 = CLOSED_SHELL('',(#9753,#9793,#9848,#9872,#9920,#9937,#10096,
    #10113,#10130,#10142,#10173,#10197,#10237,#10314,#10338,#10385,
    #10402,#10454,#10478,#10502,#10526,#10543,#10560,#10594,#10738,
    #10750,#10762,#10774,#10785,#10811,#10837,#10900,#10924,#11003,
    #11020,#11067,#11185,#11209,#11233,#11250,#11274,#11298,#11315,
    #11339,#11411,#11474,#11498,#11522,#11539,#11556,#11573,#11590,
    #11607,#11624,#11693,#11740,#11757,#11801,#11811,#11823,#11835,
    #11847,#11859,#11893,#11911,#11939));
#9753 = ADVANCED_FACE('',(#9754),#9788,.F.);
#9754 = FACE_BOUND('',#9755,.F.);
#9755 = EDGE_LOOP('',(#9756,#9766,#9774,#9782));
#9756 = ORIENTED_EDGE('',*,*,#9757,.F.);
#9757 = EDGE_CURVE('',#9758,#9760,#9762,.T.);
#9758 = VERTEX_POINT('',#9759);
#9759 = CARTESIAN_POINT('',(122.76,49.31,119.24));
#9760 = VERTEX_POINT('',#9761);
#9761 = CARTESIAN_POINT('',(122.92666666666,49.31,119.24));
#9762 = LINE('',#9763,#9764);
#9763 = CARTESIAN_POINT('',(122.76,49.31,119.24));
#9764 = VECTOR('',#9765,1.);
#9765 = DIRECTION('',(1.,0.,-0.));
#9766 = ORIENTED_EDGE('',*,*,#9767,.T.);
#9767 = EDGE_CURVE('',#9758,#9768,#9770,.T.);
#9768 = VERTEX_POINT('',#9769);
#9769 = CARTESIAN_POINT('',(122.76,49.31,129.24));
#9770 = LINE('',#9771,#9772);
#9771 = CARTESIAN_POINT('',(122.76,49.31,119.24));
#9772 = VECTOR('',#9773,1.);
#9773 = DIRECTION('',(0.,0.,1.));
#9774 = ORIENTED_EDGE('',*,*,#9775,.T.);
#9775 = EDGE_CURVE('',#9768,#9776,#9778,.T.);
#9776 = VERTEX_POINT('',#9777);
#9777 = CARTESIAN_POINT('',(122.92666666666,49.31,129.24));
#9778 = LINE('',#9779,#9780);
#9779 = CARTESIAN_POINT('',(122.76,49.31,129.24));
#9780 = VECTOR('',#9781,1.);
#9781 = DIRECTION('',(1.,0.,-0.));
#9782 = ORIENTED_EDGE('',*,*,#9783,.F.);
#9783 = EDGE_CURVE('',#9760,#9776,#9784,.T.);
#9784 = LINE('',#9785,#9786);
#9785 = CARTESIAN_POINT('',(122.92666666666,49.31,119.24));
#9786 = VECTOR('',#9787,1.);
#9787 = DIRECTION('',(0.,0.,1.));
#9788 = PLANE('',#9789);
#9789 = AXIS2_PLACEMENT_3D('',#9790,#9791,#9792);
#9790 = CARTESIAN_POINT('',(122.76,49.31,119.24));
#9791 = DIRECTION('',(-0.,1.,0.));
#9792 = DIRECTION('',(0.,0.,1.));
#9793 = ADVANCED_FACE('',(#9794),#9843,.T.);
#9794 = FACE_BOUND('',#9795,.T.);
#9795 = EDGE_LOOP('',(#9796,#9806,#9814,#9822,#9830,#9836,#9837));
#9796 = ORIENTED_EDGE('',*,*,#9797,.T.);
#9797 = EDGE_CURVE('',#9798,#9800,#9802,.T.);
#9798 = VERTEX_POINT('',#9799);
#9799 = CARTESIAN_POINT('',(122.76,63.56,119.24));
#9800 = VERTEX_POINT('',#9801);
#9801 = CARTESIAN_POINT('',(126.76,63.56,119.24));
#9802 = LINE('',#9803,#9804);
#9803 = CARTESIAN_POINT('',(95.21,63.56,119.24));
#9804 = VECTOR('',#9805,1.);
#9805 = DIRECTION('',(1.,0.,-0.));
#9806 = ORIENTED_EDGE('',*,*,#9807,.F.);
#9807 = EDGE_CURVE('',#9808,#9800,#9810,.T.);
#9808 = VERTEX_POINT('',#9809);
#9809 = CARTESIAN_POINT('',(126.76,49.31,119.24));
#9810 = LINE('',#9811,#9812);
#9811 = CARTESIAN_POINT('',(126.76,49.31,119.24));
#9812 = VECTOR('',#9813,1.);
#9813 = DIRECTION('',(-0.,1.,0.));
#9814 = ORIENTED_EDGE('',*,*,#9815,.F.);
#9815 = EDGE_CURVE('',#9816,#9808,#9818,.T.);
#9816 = VERTEX_POINT('',#9817);
#9817 = CARTESIAN_POINT('',(126.59333333333,49.31,119.24));
#9818 = LINE('',#9819,#9820);
#9819 = CARTESIAN_POINT('',(122.76,49.31,119.24));
#9820 = VECTOR('',#9821,1.);
#9821 = DIRECTION('',(1.,0.,-0.));
#9822 = ORIENTED_EDGE('',*,*,#9823,.T.);
#9823 = EDGE_CURVE('',#9816,#9824,#9826,.T.);
#9824 = VERTEX_POINT('',#9825);
#9825 = CARTESIAN_POINT('',(124.76,46.56,119.24));
#9826 = LINE('',#9827,#9828);
#9827 = CARTESIAN_POINT('',(126.76,49.56,119.24));
#9828 = VECTOR('',#9829,1.);
#9829 = DIRECTION('',(-0.554700196225,-0.832050294338,0.));
#9830 = ORIENTED_EDGE('',*,*,#9831,.T.);
#9831 = EDGE_CURVE('',#9824,#9760,#9832,.T.);
#9832 = LINE('',#9833,#9834);
#9833 = CARTESIAN_POINT('',(124.76,46.56,119.24));
#9834 = VECTOR('',#9835,1.);
#9835 = DIRECTION('',(-0.554700196225,0.832050294338,0.));
#9836 = ORIENTED_EDGE('',*,*,#9757,.F.);
#9837 = ORIENTED_EDGE('',*,*,#9838,.T.);
#9838 = EDGE_CURVE('',#9758,#9798,#9839,.T.);
#9839 = LINE('',#9840,#9841);
#9840 = CARTESIAN_POINT('',(122.76,49.31,119.24));
#9841 = VECTOR('',#9842,1.);
#9842 = DIRECTION('',(-0.,1.,0.));
#9843 = PLANE('',#9844);
#9844 = AXIS2_PLACEMENT_3D('',#9845,#9846,#9847);
#9845 = CARTESIAN_POINT('',(124.76,55.672859235548,119.24));
#9846 = DIRECTION('',(-0.,-0.,-1.));
#9847 = DIRECTION('',(-1.,0.,0.));
#9848 = ADVANCED_FACE('',(#9849),#9867,.T.);
#9849 = FACE_BOUND('',#9850,.T.);
#9850 = EDGE_LOOP('',(#9851,#9852,#9860,#9866));
#9851 = ORIENTED_EDGE('',*,*,#9831,.F.);
#9852 = ORIENTED_EDGE('',*,*,#9853,.T.);
#9853 = EDGE_CURVE('',#9824,#9854,#9856,.T.);
#9854 = VERTEX_POINT('',#9855);
#9855 = CARTESIAN_POINT('',(124.76,46.56,129.24));
#9856 = LINE('',#9857,#9858);
#9857 = CARTESIAN_POINT('',(124.76,46.56,119.24));
#9858 = VECTOR('',#9859,1.);
#9859 = DIRECTION('',(0.,0.,1.));
#9860 = ORIENTED_EDGE('',*,*,#9861,.T.);
#9861 = EDGE_CURVE('',#9854,#9776,#9862,.T.);
#9862 = LINE('',#9863,#9864);
#9863 = CARTESIAN_POINT('',(124.76,46.56,129.24));
#9864 = VECTOR('',#9865,1.);
#9865 = DIRECTION('',(-0.554700196225,0.832050294338,0.));
#9866 = ORIENTED_EDGE('',*,*,#9783,.F.);
#9867 = PLANE('',#9868);
#9868 = AXIS2_PLACEMENT_3D('',#9869,#9870,#9871);
#9869 = CARTESIAN_POINT('',(124.76,46.56,119.24));
#9870 = DIRECTION('',(-0.832050294338,-0.554700196225,0.));
#9871 = DIRECTION('',(-0.554700196225,0.832050294338,0.));
#9872 = ADVANCED_FACE('',(#9873),#9915,.T.);
#9873 = FACE_BOUND('',#9874,.T.);
#9874 = EDGE_LOOP('',(#9875,#9883,#9884,#9885,#9893,#9901,#9909));
#9875 = ORIENTED_EDGE('',*,*,#9876,.F.);
#9876 = EDGE_CURVE('',#9768,#9877,#9879,.T.);
#9877 = VERTEX_POINT('',#9878);
#9878 = CARTESIAN_POINT('',(122.76,63.56,129.24));
#9879 = LINE('',#9880,#9881);
#9880 = CARTESIAN_POINT('',(122.76,49.31,129.24));
#9881 = VECTOR('',#9882,1.);
#9882 = DIRECTION('',(-0.,1.,0.));
#9883 = ORIENTED_EDGE('',*,*,#9775,.T.);
#9884 = ORIENTED_EDGE('',*,*,#9861,.F.);
#9885 = ORIENTED_EDGE('',*,*,#9886,.F.);
#9886 = EDGE_CURVE('',#9887,#9854,#9889,.T.);
#9887 = VERTEX_POINT('',#9888);
#9888 = CARTESIAN_POINT('',(126.59333333333,49.31,129.24));
#9889 = LINE('',#9890,#9891);
#9890 = CARTESIAN_POINT('',(126.76,49.56,129.24));
#9891 = VECTOR('',#9892,1.);
#9892 = DIRECTION('',(-0.554700196225,-0.832050294338,0.));
#9893 = ORIENTED_EDGE('',*,*,#9894,.T.);
#9894 = EDGE_CURVE('',#9887,#9895,#9897,.T.);
#9895 = VERTEX_POINT('',#9896);
#9896 = CARTESIAN_POINT('',(126.76,49.31,129.24));
#9897 = LINE('',#9898,#9899);
#9898 = CARTESIAN_POINT('',(122.76,49.31,129.24));
#9899 = VECTOR('',#9900,1.);
#9900 = DIRECTION('',(1.,0.,-0.));
#9901 = ORIENTED_EDGE('',*,*,#9902,.T.);
#9902 = EDGE_CURVE('',#9895,#9903,#9905,.T.);
#9903 = VERTEX_POINT('',#9904);
#9904 = CARTESIAN_POINT('',(126.76,63.56,129.24));
#9905 = LINE('',#9906,#9907);
#9906 = CARTESIAN_POINT('',(126.76,49.31,129.24));
#9907 = VECTOR('',#9908,1.);
#9908 = DIRECTION('',(-0.,1.,0.));
#9909 = ORIENTED_EDGE('',*,*,#9910,.F.);
#9910 = EDGE_CURVE('',#9877,#9903,#9911,.T.);
#9911 = LINE('',#9912,#9913);
#9912 = CARTESIAN_POINT('',(95.21,63.56,129.24));
#9913 = VECTOR('',#9914,1.);
#9914 = DIRECTION('',(1.,0.,-0.));
#9915 = PLANE('',#9916);
#9916 = AXIS2_PLACEMENT_3D('',#9917,#9918,#9919);
#9917 = CARTESIAN_POINT('',(124.76,55.672859235548,129.24));
#9918 = DIRECTION('',(0.,0.,1.));
#9919 = DIRECTION('',(1.,0.,-0.));
#9920 = ADVANCED_FACE('',(#9921),#9932,.F.);
#9921 = FACE_BOUND('',#9922,.T.);
#9922 = EDGE_LOOP('',(#9923,#9924,#9930,#9931));
#9923 = ORIENTED_EDGE('',*,*,#9876,.T.);
#9924 = ORIENTED_EDGE('',*,*,#9925,.T.);
#9925 = EDGE_CURVE('',#9877,#9798,#9926,.T.);
#9926 = LINE('',#9927,#9928);
#9927 = CARTESIAN_POINT('',(122.76,63.56,61.12));
#9928 = VECTOR('',#9929,1.);
#9929 = DIRECTION('',(-0.,0.,-1.));
#9930 = ORIENTED_EDGE('',*,*,#9838,.F.);
#9931 = ORIENTED_EDGE('',*,*,#9767,.T.);
#9932 = PLANE('',#9933);
#9933 = AXIS2_PLACEMENT_3D('',#9934,#9935,#9936);
#9934 = CARTESIAN_POINT('',(122.76,49.31,119.24));
#9935 = DIRECTION('',(1.,0.,-0.));
#9936 = DIRECTION('',(0.,0.,1.));
#9937 = ADVANCED_FACE('',(#9938,#10069,#10080),#10091,.F.);
#9938 = FACE_BOUND('',#9939,.F.);
#9939 = EDGE_LOOP('',(#9940,#9950,#9958,#9966,#9974,#9983,#9991,#9999,
    #10007,#10015,#10023,#10031,#10039,#10047,#10055,#10063));
#9940 = ORIENTED_EDGE('',*,*,#9941,.F.);
#9941 = EDGE_CURVE('',#9942,#9944,#9946,.T.);
#9942 = VERTEX_POINT('',#9943);
#9943 = CARTESIAN_POINT('',(151.66,63.56,3.));
#9944 = VERTEX_POINT('',#9945);
#9945 = CARTESIAN_POINT('',(151.66,63.56,181.24));
#9946 = LINE('',#9947,#9948);
#9947 = CARTESIAN_POINT('',(151.66,63.56,3.));
#9948 = VECTOR('',#9949,1.);
#9949 = DIRECTION('',(0.,0.,1.));
#9950 = ORIENTED_EDGE('',*,*,#9951,.F.);
#9951 = EDGE_CURVE('',#9952,#9942,#9954,.T.);
#9952 = VERTEX_POINT('',#9953);
#9953 = CARTESIAN_POINT('',(67.66,63.56,3.));
#9954 = LINE('',#9955,#9956);
#9955 = CARTESIAN_POINT('',(67.66,63.56,3.));
#9956 = VECTOR('',#9957,1.);
#9957 = DIRECTION('',(1.,0.,-0.));
#9958 = ORIENTED_EDGE('',*,*,#9959,.T.);
#9959 = EDGE_CURVE('',#9952,#9960,#9962,.T.);
#9960 = VERTEX_POINT('',#9961);
#9961 = CARTESIAN_POINT('',(67.66,63.56,18.5));
#9962 = LINE('',#9963,#9964);
#9963 = CARTESIAN_POINT('',(67.66,63.56,3.));
#9964 = VECTOR('',#9965,1.);
#9965 = DIRECTION('',(0.,0.,1.));
#9966 = ORIENTED_EDGE('',*,*,#9967,.T.);
#9967 = EDGE_CURVE('',#9960,#9968,#9970,.T.);
#9968 = VERTEX_POINT('',#9969);
#9969 = CARTESIAN_POINT('',(68.535192319073,63.56,18.5));
#9970 = LINE('',#9971,#9972);
#9971 = CARTESIAN_POINT('',(67.16,63.56,18.5));
#9972 = VECTOR('',#9973,1.);
#9973 = DIRECTION('',(1.,0.,-0.));
#9974 = ORIENTED_EDGE('',*,*,#9975,.F.);
#9975 = EDGE_CURVE('',#9976,#9968,#9978,.T.);
#9976 = VERTEX_POINT('',#9977);
#9977 = CARTESIAN_POINT('',(71.784807680927,63.56,18.5));
#9978 = CIRCLE('',#9979,1.7);
#9979 = AXIS2_PLACEMENT_3D('',#9980,#9981,#9982);
#9980 = CARTESIAN_POINT('',(70.16,63.56,18.));
#9981 = DIRECTION('',(0.,1.,0.));
#9982 = DIRECTION('',(0.,-0.,1.));
#9983 = ORIENTED_EDGE('',*,*,#9984,.T.);
#9984 = EDGE_CURVE('',#9976,#9985,#9987,.T.);
#9985 = VERTEX_POINT('',#9986);
#9986 = CARTESIAN_POINT('',(76.66,63.56,18.5));
#9987 = LINE('',#9988,#9989);
#9988 = CARTESIAN_POINT('',(67.16,63.56,18.5));
#9989 = VECTOR('',#9990,1.);
#9990 = DIRECTION('',(1.,0.,-0.));
#9991 = ORIENTED_EDGE('',*,*,#9992,.F.);
#9992 = EDGE_CURVE('',#9993,#9985,#9995,.T.);
#9993 = VERTEX_POINT('',#9994);
#9994 = CARTESIAN_POINT('',(76.66,63.56,40.));
#9995 = LINE('',#9996,#9997);
#9996 = CARTESIAN_POINT('',(76.66,63.56,16.));
#9997 = VECTOR('',#9998,1.);
#9998 = DIRECTION('',(-0.,0.,-1.));
#9999 = ORIENTED_EDGE('',*,*,#10000,.F.);
#10000 = EDGE_CURVE('',#10001,#9993,#10003,.T.);
#10001 = VERTEX_POINT('',#10002);
#10002 = CARTESIAN_POINT('',(67.66,63.56,40.));
#10003 = LINE('',#10004,#10005);
#10004 = CARTESIAN_POINT('',(67.16,63.56,40.));
#10005 = VECTOR('',#10006,1.);
#10006 = DIRECTION('',(1.,0.,-0.));
#10007 = ORIENTED_EDGE('',*,*,#10008,.T.);
#10008 = EDGE_CURVE('',#10001,#10009,#10011,.T.);
#10009 = VERTEX_POINT('',#10010);
#10010 = CARTESIAN_POINT('',(67.66,63.56,104.62));
#10011 = LINE('',#10012,#10013);
#10012 = CARTESIAN_POINT('',(67.66,63.56,3.));
#10013 = VECTOR('',#10014,1.);
#10014 = DIRECTION('',(0.,0.,1.));
#10015 = ORIENTED_EDGE('',*,*,#10016,.T.);
#10016 = EDGE_CURVE('',#10009,#10017,#10019,.T.);
#10017 = VERTEX_POINT('',#10018);
#10018 = CARTESIAN_POINT('',(76.66,63.56,104.62));
#10019 = LINE('',#10020,#10021);
#10020 = CARTESIAN_POINT('',(67.16,63.56,104.62));
#10021 = VECTOR('',#10022,1.);
#10022 = DIRECTION('',(1.,0.,-0.));
#10023 = ORIENTED_EDGE('',*,*,#10024,.F.);
#10024 = EDGE_CURVE('',#10025,#10017,#10027,.T.);
#10025 = VERTEX_POINT('',#10026);
#10026 = CARTESIAN_POINT('',(76.66,63.56,115.62));
#10027 = LINE('',#10028,#10029);
#10028 = CARTESIAN_POINT('',(76.66,63.56,53.81));
#10029 = VECTOR('',#10030,1.);
#10030 = DIRECTION('',(-0.,0.,-1.));
#10031 = ORIENTED_EDGE('',*,*,#10032,.F.);
#10032 = EDGE_CURVE('',#10033,#10025,#10035,.T.);
#10033 = VERTEX_POINT('',#10034);
#10034 = CARTESIAN_POINT('',(67.66,63.56,115.62));
#10035 = LINE('',#10036,#10037);
#10036 = CARTESIAN_POINT('',(67.16,63.56,115.62));
#10037 = VECTOR('',#10038,1.);
#10038 = DIRECTION('',(1.,0.,-0.));
#10039 = ORIENTED_EDGE('',*,*,#10040,.T.);
#10040 = EDGE_CURVE('',#10033,#10041,#10043,.T.);
#10041 = VERTEX_POINT('',#10042);
#10042 = CARTESIAN_POINT('',(67.66,63.56,173.74));
#10043 = LINE('',#10044,#10045);
#10044 = CARTESIAN_POINT('',(67.66,63.56,3.));
#10045 = VECTOR('',#10046,1.);
#10046 = DIRECTION('',(0.,0.,1.));
#10047 = ORIENTED_EDGE('',*,*,#10048,.T.);
#10048 = EDGE_CURVE('',#10041,#10049,#10051,.T.);
#10049 = VERTEX_POINT('',#10050);
#10050 = CARTESIAN_POINT('',(76.66,63.56,173.74));
#10051 = LINE('',#10052,#10053);
#10052 = CARTESIAN_POINT('',(67.16,63.56,173.74));
#10053 = VECTOR('',#10054,1.);
#10054 = DIRECTION('',(1.,0.,-0.));
#10055 = ORIENTED_EDGE('',*,*,#10056,.F.);
#10056 = EDGE_CURVE('',#10057,#10049,#10059,.T.);
#10057 = VERTEX_POINT('',#10058);
#10058 = CARTESIAN_POINT('',(76.66,63.56,181.24));
#10059 = LINE('',#10060,#10061);
#10060 = CARTESIAN_POINT('',(76.66,63.56,88.37));
#10061 = VECTOR('',#10062,1.);
#10062 = DIRECTION('',(-0.,0.,-1.));
#10063 = ORIENTED_EDGE('',*,*,#10064,.T.);
#10064 = EDGE_CURVE('',#10057,#9944,#10065,.T.);
#10065 = LINE('',#10066,#10067);
#10066 = CARTESIAN_POINT('',(67.16,63.56,181.24));
#10067 = VECTOR('',#10068,1.);
#10068 = DIRECTION('',(1.,0.,-0.));
#10069 = FACE_BOUND('',#10070,.F.);
#10070 = EDGE_LOOP('',(#10071,#10072,#10073,#10074));
#10071 = ORIENTED_EDGE('',*,*,#9910,.F.);
#10072 = ORIENTED_EDGE('',*,*,#9925,.T.);
#10073 = ORIENTED_EDGE('',*,*,#9797,.T.);
#10074 = ORIENTED_EDGE('',*,*,#10075,.F.);
#10075 = EDGE_CURVE('',#9903,#9800,#10076,.T.);
#10076 = LINE('',#10077,#10078);
#10077 = CARTESIAN_POINT('',(126.76,63.56,61.12));
#10078 = VECTOR('',#10079,1.);
#10079 = DIRECTION('',(-0.,0.,-1.));
#10080 = FACE_BOUND('',#10081,.F.);
#10081 = EDGE_LOOP('',(#10082));
#10082 = ORIENTED_EDGE('',*,*,#10083,.F.);
#10083 = EDGE_CURVE('',#10084,#10084,#10086,.T.);
#10084 = VERTEX_POINT('',#10085);
#10085 = CARTESIAN_POINT('',(149.16,63.56,19.7));
#10086 = CIRCLE('',#10087,1.7);
#10087 = AXIS2_PLACEMENT_3D('',#10088,#10089,#10090);
#10088 = CARTESIAN_POINT('',(149.16,63.56,18.));
#10089 = DIRECTION('',(0.,1.,0.));
#10090 = DIRECTION('',(0.,-0.,1.));
#10091 = PLANE('',#10092);
#10092 = AXIS2_PLACEMENT_3D('',#10093,#10094,#10095);
#10093 = CARTESIAN_POINT('',(67.66,63.56,3.));
#10094 = DIRECTION('',(-0.,1.,0.));
#10095 = DIRECTION('',(0.,0.,1.));
#10096 = ADVANCED_FACE('',(#10097),#10108,.T.);
#10097 = FACE_BOUND('',#10098,.T.);
#10098 = EDGE_LOOP('',(#10099,#10100,#10106,#10107));
#10099 = ORIENTED_EDGE('',*,*,#9902,.F.);
#10100 = ORIENTED_EDGE('',*,*,#10101,.F.);
#10101 = EDGE_CURVE('',#9808,#9895,#10102,.T.);
#10102 = LINE('',#10103,#10104);
#10103 = CARTESIAN_POINT('',(126.76,49.31,119.24));
#10104 = VECTOR('',#10105,1.);
#10105 = DIRECTION('',(0.,0.,1.));
#10106 = ORIENTED_EDGE('',*,*,#9807,.T.);
#10107 = ORIENTED_EDGE('',*,*,#10075,.F.);
#10108 = PLANE('',#10109);
#10109 = AXIS2_PLACEMENT_3D('',#10110,#10111,#10112);
#10110 = CARTESIAN_POINT('',(126.76,49.31,119.24));
#10111 = DIRECTION('',(1.,0.,-0.));
#10112 = DIRECTION('',(0.,0.,1.));
#10113 = ADVANCED_FACE('',(#10114),#10125,.F.);
#10114 = FACE_BOUND('',#10115,.F.);
#10115 = EDGE_LOOP('',(#10116,#10117,#10123,#10124));
#10116 = ORIENTED_EDGE('',*,*,#9815,.F.);
#10117 = ORIENTED_EDGE('',*,*,#10118,.F.);
#10118 = EDGE_CURVE('',#9887,#9816,#10119,.T.);
#10119 = LINE('',#10120,#10121);
#10120 = CARTESIAN_POINT('',(126.59333333333,49.31,119.24));
#10121 = VECTOR('',#10122,1.);
#10122 = DIRECTION('',(0.,0.,-1.));
#10123 = ORIENTED_EDGE('',*,*,#9894,.T.);
#10124 = ORIENTED_EDGE('',*,*,#10101,.F.);
#10125 = PLANE('',#10126);
#10126 = AXIS2_PLACEMENT_3D('',#10127,#10128,#10129);
#10127 = CARTESIAN_POINT('',(122.76,49.31,119.24));
#10128 = DIRECTION('',(-0.,1.,0.));
#10129 = DIRECTION('',(0.,0.,1.));
#10130 = ADVANCED_FACE('',(#10131),#10137,.T.);
#10131 = FACE_BOUND('',#10132,.T.);
#10132 = EDGE_LOOP('',(#10133,#10134,#10135,#10136));
#10133 = ORIENTED_EDGE('',*,*,#9823,.F.);
#10134 = ORIENTED_EDGE('',*,*,#10118,.F.);
#10135 = ORIENTED_EDGE('',*,*,#9886,.T.);
#10136 = ORIENTED_EDGE('',*,*,#9853,.F.);
#10137 = PLANE('',#10138);
#10138 = AXIS2_PLACEMENT_3D('',#10139,#10140,#10141);
#10139 = CARTESIAN_POINT('',(126.76,49.56,119.24));
#10140 = DIRECTION('',(0.832050294338,-0.554700196225,0.));
#10141 = DIRECTION('',(-0.554700196225,-0.832050294338,0.));
#10142 = ADVANCED_FACE('',(#10143),#10168,.F.);
#10143 = FACE_BOUND('',#10144,.F.);
#10144 = EDGE_LOOP('',(#10145,#10153,#10161,#10167));
#10145 = ORIENTED_EDGE('',*,*,#10146,.T.);
#10146 = EDGE_CURVE('',#9944,#10147,#10149,.T.);
#10147 = VERTEX_POINT('',#10148);
#10148 = CARTESIAN_POINT('',(151.66,3.,181.24));
#10149 = LINE('',#10150,#10151);
#10150 = CARTESIAN_POINT('',(151.66,2.5,181.24));
#10151 = VECTOR('',#10152,1.);
#10152 = DIRECTION('',(0.,-1.,0.));
#10153 = ORIENTED_EDGE('',*,*,#10154,.T.);
#10154 = EDGE_CURVE('',#10147,#10155,#10157,.T.);
#10155 = VERTEX_POINT('',#10156);
#10156 = CARTESIAN_POINT('',(151.66,3.,3.));
#10157 = LINE('',#10158,#10159);
#10158 = CARTESIAN_POINT('',(151.66,3.,1.5));
#10159 = VECTOR('',#10160,1.);
#10160 = DIRECTION('',(-0.,0.,-1.));
#10161 = ORIENTED_EDGE('',*,*,#10162,.T.);
#10162 = EDGE_CURVE('',#10155,#9942,#10163,.T.);
#10163 = LINE('',#10164,#10165);
#10164 = CARTESIAN_POINT('',(151.66,2.,3.));
#10165 = VECTOR('',#10166,1.);
#10166 = DIRECTION('',(-0.,1.,0.));
#10167 = ORIENTED_EDGE('',*,*,#9941,.T.);
#10168 = PLANE('',#10169);
#10169 = AXIS2_PLACEMENT_3D('',#10170,#10171,#10172);
#10170 = CARTESIAN_POINT('',(151.66,2.,3.));
#10171 = DIRECTION('',(1.,0.,-0.));
#10172 = DIRECTION('',(0.,0.,1.));
#10173 = ADVANCED_FACE('',(#10174),#10192,.T.);
#10174 = FACE_BOUND('',#10175,.T.);
#10175 = EDGE_LOOP('',(#10176,#10184,#10190,#10191));
#10176 = ORIENTED_EDGE('',*,*,#10177,.F.);
#10177 = EDGE_CURVE('',#10178,#9952,#10180,.T.);
#10178 = VERTEX_POINT('',#10179);
#10179 = CARTESIAN_POINT('',(67.66,3.,3.));
#10180 = LINE('',#10181,#10182);
#10181 = CARTESIAN_POINT('',(67.66,2.,3.));
#10182 = VECTOR('',#10183,1.);
#10183 = DIRECTION('',(-0.,1.,0.));
#10184 = ORIENTED_EDGE('',*,*,#10185,.T.);
#10185 = EDGE_CURVE('',#10178,#10155,#10186,.T.);
#10186 = LINE('',#10187,#10188);
#10187 = CARTESIAN_POINT('',(66.16,3.,3.));
#10188 = VECTOR('',#10189,1.);
#10189 = DIRECTION('',(1.,0.,-0.));
#10190 = ORIENTED_EDGE('',*,*,#10162,.T.);
#10191 = ORIENTED_EDGE('',*,*,#9951,.F.);
#10192 = PLANE('',#10193);
#10193 = AXIS2_PLACEMENT_3D('',#10194,#10195,#10196);
#10194 = CARTESIAN_POINT('',(67.66,2.,3.));
#10195 = DIRECTION('',(0.,0.,1.));
#10196 = DIRECTION('',(1.,0.,-0.));
#10197 = ADVANCED_FACE('',(#10198),#10232,.F.);
#10198 = FACE_BOUND('',#10199,.F.);
#10199 = EDGE_LOOP('',(#10200,#10201,#10209,#10217,#10225,#10231));
#10200 = ORIENTED_EDGE('',*,*,#10064,.F.);
#10201 = ORIENTED_EDGE('',*,*,#10202,.F.);
#10202 = EDGE_CURVE('',#10203,#10057,#10205,.T.);
#10203 = VERTEX_POINT('',#10204);
#10204 = CARTESIAN_POINT('',(76.66,12.5,181.24));
#10205 = LINE('',#10206,#10207);
#10206 = CARTESIAN_POINT('',(76.66,7.75,181.24));
#10207 = VECTOR('',#10208,1.);
#10208 = DIRECTION('',(-0.,1.,0.));
#10209 = ORIENTED_EDGE('',*,*,#10210,.T.);
#10210 = EDGE_CURVE('',#10203,#10211,#10213,.T.);
#10211 = VERTEX_POINT('',#10212);
#10212 = CARTESIAN_POINT('',(67.66,12.5,181.24));
#10213 = LINE('',#10214,#10215);
#10214 = CARTESIAN_POINT('',(66.66,12.5,181.24));
#10215 = VECTOR('',#10216,1.);
#10216 = DIRECTION('',(-1.,-0.,0.));
#10217 = ORIENTED_EDGE('',*,*,#10218,.T.);
#10218 = EDGE_CURVE('',#10211,#10219,#10221,.T.);
#10219 = VERTEX_POINT('',#10220);
#10220 = CARTESIAN_POINT('',(67.66,3.,181.24));
#10221 = LINE('',#10222,#10223);
#10222 = CARTESIAN_POINT('',(67.66,2.5,181.24));
#10223 = VECTOR('',#10224,1.);
#10224 = DIRECTION('',(0.,-1.,0.));
#10225 = ORIENTED_EDGE('',*,*,#10226,.T.);
#10226 = EDGE_CURVE('',#10219,#10147,#10227,.T.);
#10227 = LINE('',#10228,#10229);
#10228 = CARTESIAN_POINT('',(66.66,3.,181.24));
#10229 = VECTOR('',#10230,1.);
#10230 = DIRECTION('',(1.,0.,-0.));
#10231 = ORIENTED_EDGE('',*,*,#10146,.F.);
#10232 = PLANE('',#10233);
#10233 = AXIS2_PLACEMENT_3D('',#10234,#10235,#10236);
#10234 = CARTESIAN_POINT('',(66.66,3.,181.24));
#10235 = DIRECTION('',(0.,0.,1.));
#10236 = DIRECTION('',(1.,0.,-0.));
#10237 = ADVANCED_FACE('',(#10238),#10309,.T.);
#10238 = FACE_BOUND('',#10239,.T.);
#10239 = EDGE_LOOP('',(#10240,#10248,#10249,#10257,#10265,#10271,#10272,
    #10280,#10286,#10287,#10293,#10294,#10295,#10303));
#10240 = ORIENTED_EDGE('',*,*,#10241,.F.);
#10241 = EDGE_CURVE('',#10001,#10242,#10244,.T.);
#10242 = VERTEX_POINT('',#10243);
#10243 = CARTESIAN_POINT('',(67.66,12.5,40.));
#10244 = LINE('',#10245,#10246);
#10245 = CARTESIAN_POINT('',(67.66,7.25,40.));
#10246 = VECTOR('',#10247,1.);
#10247 = DIRECTION('',(0.,-1.,0.));
#10248 = ORIENTED_EDGE('',*,*,#10008,.T.);
#10249 = ORIENTED_EDGE('',*,*,#10250,.T.);
#10250 = EDGE_CURVE('',#10009,#10251,#10253,.T.);
#10251 = VERTEX_POINT('',#10252);
#10252 = CARTESIAN_POINT('',(67.66,12.5,104.62));
#10253 = LINE('',#10254,#10255);
#10254 = CARTESIAN_POINT('',(67.66,7.25,104.62));
#10255 = VECTOR('',#10256,1.);
#10256 = DIRECTION('',(0.,-1.,0.));
#10257 = ORIENTED_EDGE('',*,*,#10258,.T.);
#10258 = EDGE_CURVE('',#10251,#10259,#10261,.T.);
#10259 = VERTEX_POINT('',#10260);
#10260 = CARTESIAN_POINT('',(67.66,12.5,115.62));
#10261 = LINE('',#10262,#10263);
#10262 = CARTESIAN_POINT('',(67.66,12.5,53.81));
#10263 = VECTOR('',#10264,1.);
#10264 = DIRECTION('',(0.,0.,1.));
#10265 = ORIENTED_EDGE('',*,*,#10266,.F.);
#10266 = EDGE_CURVE('',#10033,#10259,#10267,.T.);
#10267 = LINE('',#10268,#10269);
#10268 = CARTESIAN_POINT('',(67.66,7.25,115.62));
#10269 = VECTOR('',#10270,1.);
#10270 = DIRECTION('',(0.,-1.,0.));
#10271 = ORIENTED_EDGE('',*,*,#10040,.T.);
#10272 = ORIENTED_EDGE('',*,*,#10273,.T.);
#10273 = EDGE_CURVE('',#10041,#10274,#10276,.T.);
#10274 = VERTEX_POINT('',#10275);
#10275 = CARTESIAN_POINT('',(67.66,12.5,173.74));
#10276 = LINE('',#10277,#10278);
#10277 = CARTESIAN_POINT('',(67.66,7.25,173.74));
#10278 = VECTOR('',#10279,1.);
#10279 = DIRECTION('',(0.,-1.,0.));
#10280 = ORIENTED_EDGE('',*,*,#10281,.T.);
#10281 = EDGE_CURVE('',#10274,#10211,#10282,.T.);
#10282 = LINE('',#10283,#10284);
#10283 = CARTESIAN_POINT('',(67.66,12.5,88.37));
#10284 = VECTOR('',#10285,1.);
#10285 = DIRECTION('',(0.,0.,1.));
#10286 = ORIENTED_EDGE('',*,*,#10218,.T.);
#10287 = ORIENTED_EDGE('',*,*,#10288,.T.);
#10288 = EDGE_CURVE('',#10219,#10178,#10289,.T.);
#10289 = LINE('',#10290,#10291);
#10290 = CARTESIAN_POINT('',(67.66,3.,1.5));
#10291 = VECTOR('',#10292,1.);
#10292 = DIRECTION('',(-0.,0.,-1.));
#10293 = ORIENTED_EDGE('',*,*,#10177,.T.);
#10294 = ORIENTED_EDGE('',*,*,#9959,.T.);
#10295 = ORIENTED_EDGE('',*,*,#10296,.T.);
#10296 = EDGE_CURVE('',#9960,#10297,#10299,.T.);
#10297 = VERTEX_POINT('',#10298);
#10298 = CARTESIAN_POINT('',(67.66,12.5,18.5));
#10299 = LINE('',#10300,#10301);
#10300 = CARTESIAN_POINT('',(67.66,7.25,18.5));
#10301 = VECTOR('',#10302,1.);
#10302 = DIRECTION('',(0.,-1.,0.));
#10303 = ORIENTED_EDGE('',*,*,#10304,.T.);
#10304 = EDGE_CURVE('',#10297,#10242,#10305,.T.);
#10305 = LINE('',#10306,#10307);
#10306 = CARTESIAN_POINT('',(67.66,12.5,10.75));
#10307 = VECTOR('',#10308,1.);
#10308 = DIRECTION('',(0.,0.,1.));
#10309 = PLANE('',#10310);
#10310 = AXIS2_PLACEMENT_3D('',#10311,#10312,#10313);
#10311 = CARTESIAN_POINT('',(67.66,2.,3.));
#10312 = DIRECTION('',(1.,0.,-0.));
#10313 = DIRECTION('',(0.,0.,1.));
#10314 = ADVANCED_FACE('',(#10315),#10333,.T.);
#10315 = FACE_BOUND('',#10316,.T.);
#10316 = EDGE_LOOP('',(#10317,#10325,#10331,#10332));
#10317 = ORIENTED_EDGE('',*,*,#10318,.F.);
#10318 = EDGE_CURVE('',#10319,#10203,#10321,.T.);
#10319 = VERTEX_POINT('',#10320);
#10320 = CARTESIAN_POINT('',(76.66,12.5,173.74));
#10321 = LINE('',#10322,#10323);
#10322 = CARTESIAN_POINT('',(76.66,12.5,173.74));
#10323 = VECTOR('',#10324,1.);
#10324 = DIRECTION('',(0.,0.,1.));
#10325 = ORIENTED_EDGE('',*,*,#10326,.T.);
#10326 = EDGE_CURVE('',#10319,#10049,#10327,.T.);
#10327 = LINE('',#10328,#10329);
#10328 = CARTESIAN_POINT('',(76.66,12.5,173.74));
#10329 = VECTOR('',#10330,1.);
#10330 = DIRECTION('',(-0.,1.,0.));
#10331 = ORIENTED_EDGE('',*,*,#10056,.F.);
#10332 = ORIENTED_EDGE('',*,*,#10202,.F.);
#10333 = PLANE('',#10334);
#10334 = AXIS2_PLACEMENT_3D('',#10335,#10336,#10337);
#10335 = CARTESIAN_POINT('',(76.66,12.5,173.74));
#10336 = DIRECTION('',(1.,0.,-0.));
#10337 = DIRECTION('',(0.,0.,1.));
#10338 = ADVANCED_FACE('',(#10339),#10380,.F.);
#10339 = FACE_BOUND('',#10340,.F.);
#10340 = EDGE_LOOP('',(#10341,#10342,#10343,#10351,#10357,#10358,#10366,
    #10374));
#10341 = ORIENTED_EDGE('',*,*,#9967,.F.);
#10342 = ORIENTED_EDGE('',*,*,#10296,.T.);
#10343 = ORIENTED_EDGE('',*,*,#10344,.T.);
#10344 = EDGE_CURVE('',#10297,#10345,#10347,.T.);
#10345 = VERTEX_POINT('',#10346);
#10346 = CARTESIAN_POINT('',(76.66,12.5,18.5));
#10347 = LINE('',#10348,#10349);
#10348 = CARTESIAN_POINT('',(66.66,12.5,18.5));
#10349 = VECTOR('',#10350,1.);
#10350 = DIRECTION('',(1.,0.,-0.));
#10351 = ORIENTED_EDGE('',*,*,#10352,.T.);
#10352 = EDGE_CURVE('',#10345,#9985,#10353,.T.);
#10353 = LINE('',#10354,#10355);
#10354 = CARTESIAN_POINT('',(76.66,12.5,18.5));
#10355 = VECTOR('',#10356,1.);
#10356 = DIRECTION('',(-0.,1.,0.));
#10357 = ORIENTED_EDGE('',*,*,#9984,.F.);
#10358 = ORIENTED_EDGE('',*,*,#10359,.F.);
#10359 = EDGE_CURVE('',#10360,#9976,#10362,.T.);
#10360 = VERTEX_POINT('',#10361);
#10361 = CARTESIAN_POINT('',(71.784807680927,61.56,18.5));
#10362 = LINE('',#10363,#10364);
#10363 = CARTESIAN_POINT('',(71.784807680927,61.56,18.5));
#10364 = VECTOR('',#10365,1.);
#10365 = DIRECTION('',(0.,1.,0.));
#10366 = ORIENTED_EDGE('',*,*,#10367,.T.);
#10367 = EDGE_CURVE('',#10360,#10368,#10370,.T.);
#10368 = VERTEX_POINT('',#10369);
#10369 = CARTESIAN_POINT('',(68.535192319073,61.56,18.5));
#10370 = LINE('',#10371,#10372);
#10371 = CARTESIAN_POINT('',(68.41,61.56,18.5));
#10372 = VECTOR('',#10373,1.);
#10373 = DIRECTION('',(-1.,0.,0.));
#10374 = ORIENTED_EDGE('',*,*,#10375,.T.);
#10375 = EDGE_CURVE('',#10368,#9968,#10376,.T.);
#10376 = LINE('',#10377,#10378);
#10377 = CARTESIAN_POINT('',(68.535192319073,61.56,18.5));
#10378 = VECTOR('',#10379,1.);
#10379 = DIRECTION('',(0.,1.,0.));
#10380 = PLANE('',#10381);
#10381 = AXIS2_PLACEMENT_3D('',#10382,#10383,#10384);
#10382 = CARTESIAN_POINT('',(66.66,12.5,18.5));
#10383 = DIRECTION('',(0.,0.,1.));
#10384 = DIRECTION('',(1.,0.,-0.));
#10385 = ADVANCED_FACE('',(#10386),#10397,.F.);
#10386 = FACE_BOUND('',#10387,.F.);
#10387 = EDGE_LOOP('',(#10388,#10389,#10395,#10396));
#10388 = ORIENTED_EDGE('',*,*,#10273,.T.);
#10389 = ORIENTED_EDGE('',*,*,#10390,.T.);
#10390 = EDGE_CURVE('',#10274,#10319,#10391,.T.);
#10391 = LINE('',#10392,#10393);
#10392 = CARTESIAN_POINT('',(66.66,12.5,173.74));
#10393 = VECTOR('',#10394,1.);
#10394 = DIRECTION('',(1.,0.,-0.));
#10395 = ORIENTED_EDGE('',*,*,#10326,.T.);
#10396 = ORIENTED_EDGE('',*,*,#10048,.F.);
#10397 = PLANE('',#10398);
#10398 = AXIS2_PLACEMENT_3D('',#10399,#10400,#10401);
#10399 = CARTESIAN_POINT('',(66.66,12.5,173.74));
#10400 = DIRECTION('',(0.,0.,1.));
#10401 = DIRECTION('',(1.,0.,-0.));
#10402 = ADVANCED_FACE('',(#10403),#10449,.F.);
#10403 = FACE_BOUND('',#10404,.F.);
#10404 = EDGE_LOOP('',(#10405,#10416,#10424,#10431,#10432,#10433,#10434,
    #10441,#10442));
#10405 = ORIENTED_EDGE('',*,*,#10406,.T.);
#10406 = EDGE_CURVE('',#10407,#10409,#10411,.T.);
#10407 = VERTEX_POINT('',#10408);
#10408 = CARTESIAN_POINT('',(70.16,63.96,16.3));
#10409 = VERTEX_POINT('',#10410);
#10410 = CARTESIAN_POINT('',(70.16,63.96,19.7));
#10411 = CIRCLE('',#10412,1.7);
#10412 = AXIS2_PLACEMENT_3D('',#10413,#10414,#10415);
#10413 = CARTESIAN_POINT('',(70.16,63.96,18.));
#10414 = DIRECTION('',(0.,-1.,0.));
#10415 = DIRECTION('',(0.,-0.,-1.));
#10416 = ORIENTED_EDGE('',*,*,#10417,.F.);
#10417 = EDGE_CURVE('',#10418,#10409,#10420,.T.);
#10418 = VERTEX_POINT('',#10419);
#10419 = CARTESIAN_POINT('',(70.16,61.56,19.7));
#10420 = LINE('',#10421,#10422);
#10421 = CARTESIAN_POINT('',(70.16,61.56,19.7));
#10422 = VECTOR('',#10423,1.);
#10423 = DIRECTION('',(0.,1.,0.));
#10424 = ORIENTED_EDGE('',*,*,#10425,.T.);
#10425 = EDGE_CURVE('',#10418,#10360,#10426,.T.);
#10426 = CIRCLE('',#10427,1.7);
#10427 = AXIS2_PLACEMENT_3D('',#10428,#10429,#10430);
#10428 = CARTESIAN_POINT('',(70.16,61.56,18.));
#10429 = DIRECTION('',(0.,1.,0.));
#10430 = DIRECTION('',(0.,-0.,1.));
#10431 = ORIENTED_EDGE('',*,*,#10359,.T.);
#10432 = ORIENTED_EDGE('',*,*,#9975,.T.);
#10433 = ORIENTED_EDGE('',*,*,#10375,.F.);
#10434 = ORIENTED_EDGE('',*,*,#10435,.T.);
#10435 = EDGE_CURVE('',#10368,#10418,#10436,.T.);
#10436 = CIRCLE('',#10437,1.7);
#10437 = AXIS2_PLACEMENT_3D('',#10438,#10439,#10440);
#10438 = CARTESIAN_POINT('',(70.16,61.56,18.));
#10439 = DIRECTION('',(0.,1.,0.));
#10440 = DIRECTION('',(0.,-0.,1.));
#10441 = ORIENTED_EDGE('',*,*,#10417,.T.);
#10442 = ORIENTED_EDGE('',*,*,#10443,.T.);
#10443 = EDGE_CURVE('',#10409,#10407,#10444,.T.);
#10444 = CIRCLE('',#10445,1.7);
#10445 = AXIS2_PLACEMENT_3D('',#10446,#10447,#10448);
#10446 = CARTESIAN_POINT('',(70.16,63.96,18.));
#10447 = DIRECTION('',(0.,-1.,0.));
#10448 = DIRECTION('',(0.,-0.,-1.));
#10449 = CYLINDRICAL_SURFACE('',#10450,1.7);
#10450 = AXIS2_PLACEMENT_3D('',#10451,#10452,#10453);
#10451 = CARTESIAN_POINT('',(70.16,61.56,18.));
#10452 = DIRECTION('',(0.,1.,0.));
#10453 = DIRECTION('',(0.,-0.,1.));
#10454 = ADVANCED_FACE('',(#10455),#10473,.T.);
#10455 = FACE_BOUND('',#10456,.T.);
#10456 = EDGE_LOOP('',(#10457,#10458,#10466,#10472));
#10457 = ORIENTED_EDGE('',*,*,#10266,.T.);
#10458 = ORIENTED_EDGE('',*,*,#10459,.T.);
#10459 = EDGE_CURVE('',#10259,#10460,#10462,.T.);
#10460 = VERTEX_POINT('',#10461);
#10461 = CARTESIAN_POINT('',(76.66,12.5,115.62));
#10462 = LINE('',#10463,#10464);
#10463 = CARTESIAN_POINT('',(66.66,12.5,115.62));
#10464 = VECTOR('',#10465,1.);
#10465 = DIRECTION('',(1.,0.,-0.));
#10466 = ORIENTED_EDGE('',*,*,#10467,.T.);
#10467 = EDGE_CURVE('',#10460,#10025,#10468,.T.);
#10468 = LINE('',#10469,#10470);
#10469 = CARTESIAN_POINT('',(76.66,12.5,115.62));
#10470 = VECTOR('',#10471,1.);
#10471 = DIRECTION('',(-0.,1.,0.));
#10472 = ORIENTED_EDGE('',*,*,#10032,.F.);
#10473 = PLANE('',#10474);
#10474 = AXIS2_PLACEMENT_3D('',#10475,#10476,#10477);
#10475 = CARTESIAN_POINT('',(66.66,12.5,115.62));
#10476 = DIRECTION('',(0.,0.,1.));
#10477 = DIRECTION('',(1.,0.,-0.));
#10478 = ADVANCED_FACE('',(#10479),#10497,.T.);
#10479 = FACE_BOUND('',#10480,.T.);
#10480 = EDGE_LOOP('',(#10481,#10489,#10490,#10491));
#10481 = ORIENTED_EDGE('',*,*,#10482,.F.);
#10482 = EDGE_CURVE('',#10345,#10483,#10485,.T.);
#10483 = VERTEX_POINT('',#10484);
#10484 = CARTESIAN_POINT('',(76.66,12.5,40.));
#10485 = LINE('',#10486,#10487);
#10486 = CARTESIAN_POINT('',(76.66,12.5,29.));
#10487 = VECTOR('',#10488,1.);
#10488 = DIRECTION('',(0.,0.,1.));
#10489 = ORIENTED_EDGE('',*,*,#10352,.T.);
#10490 = ORIENTED_EDGE('',*,*,#9992,.F.);
#10491 = ORIENTED_EDGE('',*,*,#10492,.F.);
#10492 = EDGE_CURVE('',#10483,#9993,#10493,.T.);
#10493 = LINE('',#10494,#10495);
#10494 = CARTESIAN_POINT('',(76.66,12.5,40.));
#10495 = VECTOR('',#10496,1.);
#10496 = DIRECTION('',(-0.,1.,0.));
#10497 = PLANE('',#10498);
#10498 = AXIS2_PLACEMENT_3D('',#10499,#10500,#10501);
#10499 = CARTESIAN_POINT('',(76.66,38.03,29.25));
#10500 = DIRECTION('',(1.,0.,0.));
#10501 = DIRECTION('',(-0.,0.,1.));
#10502 = ADVANCED_FACE('',(#10503),#10521,.T.);
#10503 = FACE_BOUND('',#10504,.T.);
#10504 = EDGE_LOOP('',(#10505,#10506,#10514,#10520));
#10505 = ORIENTED_EDGE('',*,*,#10467,.F.);
#10506 = ORIENTED_EDGE('',*,*,#10507,.F.);
#10507 = EDGE_CURVE('',#10508,#10460,#10510,.T.);
#10508 = VERTEX_POINT('',#10509);
#10509 = CARTESIAN_POINT('',(76.66,12.5,104.62));
#10510 = LINE('',#10511,#10512);
#10511 = CARTESIAN_POINT('',(76.66,12.5,104.62));
#10512 = VECTOR('',#10513,1.);
#10513 = DIRECTION('',(0.,0.,1.));
#10514 = ORIENTED_EDGE('',*,*,#10515,.T.);
#10515 = EDGE_CURVE('',#10508,#10017,#10516,.T.);
#10516 = LINE('',#10517,#10518);
#10517 = CARTESIAN_POINT('',(76.66,12.5,104.62));
#10518 = VECTOR('',#10519,1.);
#10519 = DIRECTION('',(-0.,1.,0.));
#10520 = ORIENTED_EDGE('',*,*,#10024,.F.);
#10521 = PLANE('',#10522);
#10522 = AXIS2_PLACEMENT_3D('',#10523,#10524,#10525);
#10523 = CARTESIAN_POINT('',(76.66,12.5,104.62));
#10524 = DIRECTION('',(1.,0.,-0.));
#10525 = DIRECTION('',(0.,0.,1.));
#10526 = ADVANCED_FACE('',(#10527),#10538,.T.);
#10527 = FACE_BOUND('',#10528,.T.);
#10528 = EDGE_LOOP('',(#10529,#10530,#10536,#10537));
#10529 = ORIENTED_EDGE('',*,*,#10241,.T.);
#10530 = ORIENTED_EDGE('',*,*,#10531,.T.);
#10531 = EDGE_CURVE('',#10242,#10483,#10532,.T.);
#10532 = LINE('',#10533,#10534);
#10533 = CARTESIAN_POINT('',(66.66,12.5,40.));
#10534 = VECTOR('',#10535,1.);
#10535 = DIRECTION('',(1.,0.,-0.));
#10536 = ORIENTED_EDGE('',*,*,#10492,.T.);
#10537 = ORIENTED_EDGE('',*,*,#10000,.F.);
#10538 = PLANE('',#10539);
#10539 = AXIS2_PLACEMENT_3D('',#10540,#10541,#10542);
#10540 = CARTESIAN_POINT('',(66.66,12.5,40.));
#10541 = DIRECTION('',(0.,0.,1.));
#10542 = DIRECTION('',(1.,0.,-0.));
#10543 = ADVANCED_FACE('',(#10544),#10555,.F.);
#10544 = FACE_BOUND('',#10545,.F.);
#10545 = EDGE_LOOP('',(#10546,#10547,#10553,#10554));
#10546 = ORIENTED_EDGE('',*,*,#10250,.T.);
#10547 = ORIENTED_EDGE('',*,*,#10548,.T.);
#10548 = EDGE_CURVE('',#10251,#10508,#10549,.T.);
#10549 = LINE('',#10550,#10551);
#10550 = CARTESIAN_POINT('',(66.66,12.5,104.62));
#10551 = VECTOR('',#10552,1.);
#10552 = DIRECTION('',(1.,0.,-0.));
#10553 = ORIENTED_EDGE('',*,*,#10515,.T.);
#10554 = ORIENTED_EDGE('',*,*,#10016,.F.);
#10555 = PLANE('',#10556);
#10556 = AXIS2_PLACEMENT_3D('',#10557,#10558,#10559);
#10557 = CARTESIAN_POINT('',(66.66,12.5,104.62));
#10558 = DIRECTION('',(0.,0.,1.));
#10559 = DIRECTION('',(1.,0.,-0.));
#10560 = ADVANCED_FACE('',(#10561),#10589,.F.);
#10561 = FACE_BOUND('',#10562,.F.);
#10562 = EDGE_LOOP('',(#10563,#10574,#10580,#10581,#10582));
#10563 = ORIENTED_EDGE('',*,*,#10564,.T.);
#10564 = EDGE_CURVE('',#10565,#10567,#10569,.T.);
#10565 = VERTEX_POINT('',#10566);
#10566 = CARTESIAN_POINT('',(149.16,63.96,16.3));
#10567 = VERTEX_POINT('',#10568);
#10568 = CARTESIAN_POINT('',(149.16,63.96,19.7));
#10569 = CIRCLE('',#10570,1.7);
#10570 = AXIS2_PLACEMENT_3D('',#10571,#10572,#10573);
#10571 = CARTESIAN_POINT('',(149.16,63.96,18.));
#10572 = DIRECTION('',(0.,-1.,0.));
#10573 = DIRECTION('',(0.,-0.,-1.));
#10574 = ORIENTED_EDGE('',*,*,#10575,.F.);
#10575 = EDGE_CURVE('',#10084,#10567,#10576,.T.);
#10576 = LINE('',#10577,#10578);
#10577 = CARTESIAN_POINT('',(149.16,61.56,19.7));
#10578 = VECTOR('',#10579,1.);
#10579 = DIRECTION('',(0.,1.,0.));
#10580 = ORIENTED_EDGE('',*,*,#10083,.T.);
#10581 = ORIENTED_EDGE('',*,*,#10575,.T.);
#10582 = ORIENTED_EDGE('',*,*,#10583,.T.);
#10583 = EDGE_CURVE('',#10567,#10565,#10584,.T.);
#10584 = CIRCLE('',#10585,1.7);
#10585 = AXIS2_PLACEMENT_3D('',#10586,#10587,#10588);
#10586 = CARTESIAN_POINT('',(149.16,63.96,18.));
#10587 = DIRECTION('',(0.,-1.,0.));
#10588 = DIRECTION('',(0.,-0.,-1.));
#10589 = CYLINDRICAL_SURFACE('',#10590,1.7);
#10590 = AXIS2_PLACEMENT_3D('',#10591,#10592,#10593);
#10591 = CARTESIAN_POINT('',(149.16,61.56,18.));
#10592 = DIRECTION('',(0.,1.,0.));
#10593 = DIRECTION('',(0.,-0.,1.));
#10594 = ADVANCED_FACE('',(#10595,#10629,#10635),#10733,.F.);
#10595 = FACE_BOUND('',#10596,.T.);
#10596 = EDGE_LOOP('',(#10597,#10607,#10615,#10623));
#10597 = ORIENTED_EDGE('',*,*,#10598,.T.);
#10598 = EDGE_CURVE('',#10599,#10601,#10603,.T.);
#10599 = VERTEX_POINT('',#10600);
#10600 = CARTESIAN_POINT('',(64.66,3.,0.));
#10601 = VERTEX_POINT('',#10602);
#10602 = CARTESIAN_POINT('',(154.66,3.,0.));
#10603 = LINE('',#10604,#10605);
#10604 = CARTESIAN_POINT('',(64.66,3.,0.));
#10605 = VECTOR('',#10606,1.);
#10606 = DIRECTION('',(1.,0.,-0.));
#10607 = ORIENTED_EDGE('',*,*,#10608,.T.);
#10608 = EDGE_CURVE('',#10601,#10609,#10611,.T.);
#10609 = VERTEX_POINT('',#10610);
#10610 = CARTESIAN_POINT('',(154.66,3.,200.24));
#10611 = LINE('',#10612,#10613);
#10612 = CARTESIAN_POINT('',(154.66,3.,0.));
#10613 = VECTOR('',#10614,1.);
#10614 = DIRECTION('',(0.,0.,1.));
#10615 = ORIENTED_EDGE('',*,*,#10616,.F.);
#10616 = EDGE_CURVE('',#10617,#10609,#10619,.T.);
#10617 = VERTEX_POINT('',#10618);
#10618 = CARTESIAN_POINT('',(64.66,3.,200.24));
#10619 = LINE('',#10620,#10621);
#10620 = CARTESIAN_POINT('',(64.66,3.,200.24));
#10621 = VECTOR('',#10622,1.);
#10622 = DIRECTION('',(1.,0.,-0.));
#10623 = ORIENTED_EDGE('',*,*,#10624,.F.);
#10624 = EDGE_CURVE('',#10599,#10617,#10625,.T.);
#10625 = LINE('',#10626,#10627);
#10626 = CARTESIAN_POINT('',(64.66,3.,0.));
#10627 = VECTOR('',#10628,1.);
#10628 = DIRECTION('',(0.,0.,1.));
#10629 = FACE_BOUND('',#10630,.F.);
#10630 = EDGE_LOOP('',(#10631,#10632,#10633,#10634));
#10631 = ORIENTED_EDGE('',*,*,#10226,.F.);
#10632 = ORIENTED_EDGE('',*,*,#10288,.T.);
#10633 = ORIENTED_EDGE('',*,*,#10185,.T.);
#10634 = ORIENTED_EDGE('',*,*,#10154,.F.);
#10635 = FACE_BOUND('',#10636,.F.);
#10636 = EDGE_LOOP('',(#10637,#10647,#10655,#10663,#10671,#10679,#10687,
    #10695,#10703,#10711,#10719,#10727));
#10637 = ORIENTED_EDGE('',*,*,#10638,.T.);
#10638 = EDGE_CURVE('',#10639,#10641,#10643,.T.);
#10639 = VERTEX_POINT('',#10640);
#10640 = CARTESIAN_POINT('',(67.66,3.,197.24));
#10641 = VERTEX_POINT('',#10642);
#10642 = CARTESIAN_POINT('',(67.66,3.,184.24));
#10643 = LINE('',#10644,#10645);
#10644 = CARTESIAN_POINT('',(67.66,3.,1.5));
#10645 = VECTOR('',#10646,1.);
#10646 = DIRECTION('',(-0.,0.,-1.));
#10647 = ORIENTED_EDGE('',*,*,#10648,.T.);
#10648 = EDGE_CURVE('',#10641,#10649,#10651,.T.);
#10649 = VERTEX_POINT('',#10650);
#10650 = CARTESIAN_POINT('',(94.66,3.,184.24));
#10651 = LINE('',#10652,#10653);
#10652 = CARTESIAN_POINT('',(66.66,3.,184.24));
#10653 = VECTOR('',#10654,1.);
#10654 = DIRECTION('',(1.,0.,-0.));
#10655 = ORIENTED_EDGE('',*,*,#10656,.T.);
#10656 = EDGE_CURVE('',#10649,#10657,#10659,.T.);
#10657 = VERTEX_POINT('',#10658);
#10658 = CARTESIAN_POINT('',(94.66,3.,189.24));
#10659 = LINE('',#10660,#10661);
#10660 = CARTESIAN_POINT('',(94.66,3.,184.24));
#10661 = VECTOR('',#10662,1.);
#10662 = DIRECTION('',(0.,0.,1.));
#10663 = ORIENTED_EDGE('',*,*,#10664,.T.);
#10664 = EDGE_CURVE('',#10657,#10665,#10667,.T.);
#10665 = VERTEX_POINT('',#10666);
#10666 = CARTESIAN_POINT('',(97.66,3.,189.24));
#10667 = LINE('',#10668,#10669);
#10668 = CARTESIAN_POINT('',(94.66,3.,189.24));
#10669 = VECTOR('',#10670,1.);
#10670 = DIRECTION('',(1.,0.,-0.));
#10671 = ORIENTED_EDGE('',*,*,#10672,.F.);
#10672 = EDGE_CURVE('',#10673,#10665,#10675,.T.);
#10673 = VERTEX_POINT('',#10674);
#10674 = CARTESIAN_POINT('',(97.66,3.,184.24));
#10675 = LINE('',#10676,#10677);
#10676 = CARTESIAN_POINT('',(97.66,3.,184.24));
#10677 = VECTOR('',#10678,1.);
#10678 = DIRECTION('',(0.,0.,1.));
#10679 = ORIENTED_EDGE('',*,*,#10680,.T.);
#10680 = EDGE_CURVE('',#10673,#10681,#10683,.T.);
#10681 = VERTEX_POINT('',#10682);
#10682 = CARTESIAN_POINT('',(121.66,3.,184.24));
#10683 = LINE('',#10684,#10685);
#10684 = CARTESIAN_POINT('',(66.66,3.,184.24));
#10685 = VECTOR('',#10686,1.);
#10686 = DIRECTION('',(1.,0.,-0.));
#10687 = ORIENTED_EDGE('',*,*,#10688,.T.);
#10688 = EDGE_CURVE('',#10681,#10689,#10691,.T.);
#10689 = VERTEX_POINT('',#10690);
#10690 = CARTESIAN_POINT('',(121.66,3.,189.24));
#10691 = LINE('',#10692,#10693);
#10692 = CARTESIAN_POINT('',(121.66,3.,184.24));
#10693 = VECTOR('',#10694,1.);
#10694 = DIRECTION('',(0.,0.,1.));
#10695 = ORIENTED_EDGE('',*,*,#10696,.T.);
#10696 = EDGE_CURVE('',#10689,#10697,#10699,.T.);
#10697 = VERTEX_POINT('',#10698);
#10698 = CARTESIAN_POINT('',(124.66,3.,189.24));
#10699 = LINE('',#10700,#10701);
#10700 = CARTESIAN_POINT('',(121.66,3.,189.24));
#10701 = VECTOR('',#10702,1.);
#10702 = DIRECTION('',(1.,0.,-0.));
#10703 = ORIENTED_EDGE('',*,*,#10704,.F.);
#10704 = EDGE_CURVE('',#10705,#10697,#10707,.T.);
#10705 = VERTEX_POINT('',#10706);
#10706 = CARTESIAN_POINT('',(124.66,3.,184.24));
#10707 = LINE('',#10708,#10709);
#10708 = CARTESIAN_POINT('',(124.66,3.,184.24));
#10709 = VECTOR('',#10710,1.);
#10710 = DIRECTION('',(0.,0.,1.));
#10711 = ORIENTED_EDGE('',*,*,#10712,.T.);
#10712 = EDGE_CURVE('',#10705,#10713,#10715,.T.);
#10713 = VERTEX_POINT('',#10714);
#10714 = CARTESIAN_POINT('',(151.66,3.,184.24));
#10715 = LINE('',#10716,#10717);
#10716 = CARTESIAN_POINT('',(66.66,3.,184.24));
#10717 = VECTOR('',#10718,1.);
#10718 = DIRECTION('',(1.,0.,-0.));
#10719 = ORIENTED_EDGE('',*,*,#10720,.F.);
#10720 = EDGE_CURVE('',#10721,#10713,#10723,.T.);
#10721 = VERTEX_POINT('',#10722);
#10722 = CARTESIAN_POINT('',(151.66,3.,197.24));
#10723 = LINE('',#10724,#10725);
#10724 = CARTESIAN_POINT('',(151.66,3.,1.5));
#10725 = VECTOR('',#10726,1.);
#10726 = DIRECTION('',(-0.,0.,-1.));
#10727 = ORIENTED_EDGE('',*,*,#10728,.F.);
#10728 = EDGE_CURVE('',#10639,#10721,#10729,.T.);
#10729 = LINE('',#10730,#10731);
#10730 = CARTESIAN_POINT('',(66.16,3.,197.24));
#10731 = VECTOR('',#10732,1.);
#10732 = DIRECTION('',(1.,0.,-0.));
#10733 = PLANE('',#10734);
#10734 = AXIS2_PLACEMENT_3D('',#10735,#10736,#10737);
#10735 = CARTESIAN_POINT('',(64.66,3.,0.));
#10736 = DIRECTION('',(-0.,1.,0.));
#10737 = DIRECTION('',(0.,0.,1.));
#10738 = ADVANCED_FACE('',(#10739),#10745,.F.);
#10739 = FACE_BOUND('',#10740,.F.);
#10740 = EDGE_LOOP('',(#10741,#10742,#10743,#10744));
#10741 = ORIENTED_EDGE('',*,*,#10390,.F.);
#10742 = ORIENTED_EDGE('',*,*,#10281,.T.);
#10743 = ORIENTED_EDGE('',*,*,#10210,.F.);
#10744 = ORIENTED_EDGE('',*,*,#10318,.F.);
#10745 = PLANE('',#10746);
#10746 = AXIS2_PLACEMENT_3D('',#10747,#10748,#10749);
#10747 = CARTESIAN_POINT('',(66.66,12.5,173.74));
#10748 = DIRECTION('',(-0.,1.,0.));
#10749 = DIRECTION('',(0.,0.,1.));
#10750 = ADVANCED_FACE('',(#10751),#10757,.T.);
#10751 = FACE_BOUND('',#10752,.T.);
#10752 = EDGE_LOOP('',(#10753,#10754,#10755,#10756));
#10753 = ORIENTED_EDGE('',*,*,#10482,.T.);
#10754 = ORIENTED_EDGE('',*,*,#10531,.F.);
#10755 = ORIENTED_EDGE('',*,*,#10304,.F.);
#10756 = ORIENTED_EDGE('',*,*,#10344,.T.);
#10757 = PLANE('',#10758);
#10758 = AXIS2_PLACEMENT_3D('',#10759,#10760,#10761);
#10759 = CARTESIAN_POINT('',(72.16,12.5,29.25));
#10760 = DIRECTION('',(-0.,-1.,-0.));
#10761 = DIRECTION('',(0.,0.,-1.));
#10762 = ADVANCED_FACE('',(#10763),#10769,.F.);
#10763 = FACE_BOUND('',#10764,.F.);
#10764 = EDGE_LOOP('',(#10765,#10766,#10767,#10768));
#10765 = ORIENTED_EDGE('',*,*,#10548,.F.);
#10766 = ORIENTED_EDGE('',*,*,#10258,.T.);
#10767 = ORIENTED_EDGE('',*,*,#10459,.T.);
#10768 = ORIENTED_EDGE('',*,*,#10507,.F.);
#10769 = PLANE('',#10770);
#10770 = AXIS2_PLACEMENT_3D('',#10771,#10772,#10773);
#10771 = CARTESIAN_POINT('',(66.66,12.5,104.62));
#10772 = DIRECTION('',(-0.,1.,0.));
#10773 = DIRECTION('',(0.,0.,1.));
#10774 = ADVANCED_FACE('',(#10775),#10780,.T.);
#10775 = FACE_BOUND('',#10776,.T.);
#10776 = EDGE_LOOP('',(#10777,#10778,#10779));
#10777 = ORIENTED_EDGE('',*,*,#10435,.T.);
#10778 = ORIENTED_EDGE('',*,*,#10425,.T.);
#10779 = ORIENTED_EDGE('',*,*,#10367,.T.);
#10780 = PLANE('',#10781);
#10781 = AXIS2_PLACEMENT_3D('',#10782,#10783,#10784);
#10782 = CARTESIAN_POINT('',(70.16,61.56,18.));
#10783 = DIRECTION('',(0.,1.,0.));
#10784 = DIRECTION('',(0.,-0.,1.));
#10785 = ADVANCED_FACE('',(#10786),#10806,.F.);
#10786 = FACE_BOUND('',#10787,.F.);
#10787 = EDGE_LOOP('',(#10788,#10796,#10797,#10798,#10799));
#10788 = ORIENTED_EDGE('',*,*,#10789,.T.);
#10789 = EDGE_CURVE('',#10790,#10407,#10792,.T.);
#10790 = VERTEX_POINT('',#10791);
#10791 = CARTESIAN_POINT('',(70.16,66.56,14.75));
#10792 = LINE('',#10793,#10794);
#10793 = CARTESIAN_POINT('',(70.16,66.56,14.75));
#10794 = VECTOR('',#10795,1.);
#10795 = DIRECTION('',(1.25419640541E-16,-0.858946974209,0.512064542317)
  );
#10796 = ORIENTED_EDGE('',*,*,#10443,.F.);
#10797 = ORIENTED_EDGE('',*,*,#10406,.F.);
#10798 = ORIENTED_EDGE('',*,*,#10789,.F.);
#10799 = ORIENTED_EDGE('',*,*,#10800,.T.);
#10800 = EDGE_CURVE('',#10790,#10790,#10801,.T.);
#10801 = CIRCLE('',#10802,3.25);
#10802 = AXIS2_PLACEMENT_3D('',#10803,#10804,#10805);
#10803 = CARTESIAN_POINT('',(70.16,66.56,18.));
#10804 = DIRECTION('',(0.,-1.,0.));
#10805 = DIRECTION('',(0.,-0.,-1.));
#10806 = CONICAL_SURFACE('',#10807,3.25,0.537586646659);
#10807 = AXIS2_PLACEMENT_3D('',#10808,#10809,#10810);
#10808 = CARTESIAN_POINT('',(70.16,66.56,18.));
#10809 = DIRECTION('',(-0.,1.,-0.));
#10810 = DIRECTION('',(0.,-0.,-1.));
#10811 = ADVANCED_FACE('',(#10812),#10832,.F.);
#10812 = FACE_BOUND('',#10813,.F.);
#10813 = EDGE_LOOP('',(#10814,#10822,#10823,#10824,#10825));
#10814 = ORIENTED_EDGE('',*,*,#10815,.T.);
#10815 = EDGE_CURVE('',#10816,#10565,#10818,.T.);
#10816 = VERTEX_POINT('',#10817);
#10817 = CARTESIAN_POINT('',(149.16,66.56,14.75));
#10818 = LINE('',#10819,#10820);
#10819 = CARTESIAN_POINT('',(149.16,66.56,14.75));
#10820 = VECTOR('',#10821,1.);
#10821 = DIRECTION('',(1.25419640541E-16,-0.858946974209,0.512064542317)
  );
#10822 = ORIENTED_EDGE('',*,*,#10583,.F.);
#10823 = ORIENTED_EDGE('',*,*,#10564,.F.);
#10824 = ORIENTED_EDGE('',*,*,#10815,.F.);
#10825 = ORIENTED_EDGE('',*,*,#10826,.T.);
#10826 = EDGE_CURVE('',#10816,#10816,#10827,.T.);
#10827 = CIRCLE('',#10828,3.25);
#10828 = AXIS2_PLACEMENT_3D('',#10829,#10830,#10831);
#10829 = CARTESIAN_POINT('',(149.16,66.56,18.));
#10830 = DIRECTION('',(0.,-1.,0.));
#10831 = DIRECTION('',(0.,-0.,-1.));
#10832 = CONICAL_SURFACE('',#10833,3.25,0.537586646659);
#10833 = AXIS2_PLACEMENT_3D('',#10834,#10835,#10836);
#10834 = CARTESIAN_POINT('',(149.16,66.56,18.));
#10835 = DIRECTION('',(-0.,1.,-0.));
#10836 = DIRECTION('',(0.,-0.,-1.));
#10837 = ADVANCED_FACE('',(#10838),#10895,.F.);
#10838 = FACE_BOUND('',#10839,.F.);
#10839 = EDGE_LOOP('',(#10840,#10850,#10856,#10857,#10865,#10873,#10881,
    #10889));
#10840 = ORIENTED_EDGE('',*,*,#10841,.F.);
#10841 = EDGE_CURVE('',#10842,#10844,#10846,.T.);
#10842 = VERTEX_POINT('',#10843);
#10843 = CARTESIAN_POINT('',(64.66,66.56,0.));
#10844 = VERTEX_POINT('',#10845);
#10845 = CARTESIAN_POINT('',(69.66,66.56,0.));
#10846 = LINE('',#10847,#10848);
#10847 = CARTESIAN_POINT('',(64.66,66.56,0.));
#10848 = VECTOR('',#10849,1.);
#10849 = DIRECTION('',(1.,0.,-0.));
#10850 = ORIENTED_EDGE('',*,*,#10851,.F.);
#10851 = EDGE_CURVE('',#10599,#10842,#10852,.T.);
#10852 = LINE('',#10853,#10854);
#10853 = CARTESIAN_POINT('',(64.66,3.,0.));
#10854 = VECTOR('',#10855,1.);
#10855 = DIRECTION('',(-0.,1.,0.));
#10856 = ORIENTED_EDGE('',*,*,#10598,.T.);
#10857 = ORIENTED_EDGE('',*,*,#10858,.T.);
#10858 = EDGE_CURVE('',#10601,#10859,#10861,.T.);
#10859 = VERTEX_POINT('',#10860);
#10860 = CARTESIAN_POINT('',(154.66,66.56,0.));
#10861 = LINE('',#10862,#10863);
#10862 = CARTESIAN_POINT('',(154.66,3.,0.));
#10863 = VECTOR('',#10864,1.);
#10864 = DIRECTION('',(-0.,1.,0.));
#10865 = ORIENTED_EDGE('',*,*,#10866,.F.);
#10866 = EDGE_CURVE('',#10867,#10859,#10869,.T.);
#10867 = VERTEX_POINT('',#10868);
#10868 = CARTESIAN_POINT('',(149.66,66.56,0.));
#10869 = LINE('',#10870,#10871);
#10870 = CARTESIAN_POINT('',(64.66,66.56,0.));
#10871 = VECTOR('',#10872,1.);
#10872 = DIRECTION('',(1.,0.,-0.));
#10873 = ORIENTED_EDGE('',*,*,#10874,.F.);
#10874 = EDGE_CURVE('',#10875,#10867,#10877,.T.);
#10875 = VERTEX_POINT('',#10876);
#10876 = CARTESIAN_POINT('',(149.66,63.86,0.));
#10877 = LINE('',#10878,#10879);
#10878 = CARTESIAN_POINT('',(149.66,33.43,0.));
#10879 = VECTOR('',#10880,1.);
#10880 = DIRECTION('',(-0.,1.,0.));
#10881 = ORIENTED_EDGE('',*,*,#10882,.T.);
#10882 = EDGE_CURVE('',#10875,#10883,#10885,.T.);
#10883 = VERTEX_POINT('',#10884);
#10884 = CARTESIAN_POINT('',(69.66,63.86,0.));
#10885 = LINE('',#10886,#10887);
#10886 = CARTESIAN_POINT('',(67.16,63.86,0.));
#10887 = VECTOR('',#10888,1.);
#10888 = DIRECTION('',(-1.,-0.,0.));
#10889 = ORIENTED_EDGE('',*,*,#10890,.T.);
#10890 = EDGE_CURVE('',#10883,#10844,#10891,.T.);
#10891 = LINE('',#10892,#10893);
#10892 = CARTESIAN_POINT('',(69.66,33.43,0.));
#10893 = VECTOR('',#10894,1.);
#10894 = DIRECTION('',(-0.,1.,0.));
#10895 = PLANE('',#10896);
#10896 = AXIS2_PLACEMENT_3D('',#10897,#10898,#10899);
#10897 = CARTESIAN_POINT('',(64.66,3.,0.));
#10898 = DIRECTION('',(0.,0.,1.));
#10899 = DIRECTION('',(1.,0.,-0.));
#10900 = ADVANCED_FACE('',(#10901),#10919,.T.);
#10901 = FACE_BOUND('',#10902,.T.);
#10902 = EDGE_LOOP('',(#10903,#10904,#10905,#10913));
#10903 = ORIENTED_EDGE('',*,*,#10608,.F.);
#10904 = ORIENTED_EDGE('',*,*,#10858,.T.);
#10905 = ORIENTED_EDGE('',*,*,#10906,.T.);
#10906 = EDGE_CURVE('',#10859,#10907,#10909,.T.);
#10907 = VERTEX_POINT('',#10908);
#10908 = CARTESIAN_POINT('',(154.66,66.56,200.24));
#10909 = LINE('',#10910,#10911);
#10910 = CARTESIAN_POINT('',(154.66,66.56,0.));
#10911 = VECTOR('',#10912,1.);
#10912 = DIRECTION('',(0.,0.,1.));
#10913 = ORIENTED_EDGE('',*,*,#10914,.F.);
#10914 = EDGE_CURVE('',#10609,#10907,#10915,.T.);
#10915 = LINE('',#10916,#10917);
#10916 = CARTESIAN_POINT('',(154.66,3.,200.24));
#10917 = VECTOR('',#10918,1.);
#10918 = DIRECTION('',(-0.,1.,0.));
#10919 = PLANE('',#10920);
#10920 = AXIS2_PLACEMENT_3D('',#10921,#10922,#10923);
#10921 = CARTESIAN_POINT('',(154.66,3.,0.));
#10922 = DIRECTION('',(1.,0.,-0.));
#10923 = DIRECTION('',(0.,0.,1.));
#10924 = ADVANCED_FACE('',(#10925,#10943,#10954,#10965,#10976,#10987),
  #10998,.T.);
#10925 = FACE_BOUND('',#10926,.T.);
#10926 = EDGE_LOOP('',(#10927,#10935,#10936,#10937));
#10927 = ORIENTED_EDGE('',*,*,#10928,.F.);
#10928 = EDGE_CURVE('',#10617,#10929,#10931,.T.);
#10929 = VERTEX_POINT('',#10930);
#10930 = CARTESIAN_POINT('',(64.66,66.56,200.24));
#10931 = LINE('',#10932,#10933);
#10932 = CARTESIAN_POINT('',(64.66,3.,200.24));
#10933 = VECTOR('',#10934,1.);
#10934 = DIRECTION('',(-0.,1.,0.));
#10935 = ORIENTED_EDGE('',*,*,#10616,.T.);
#10936 = ORIENTED_EDGE('',*,*,#10914,.T.);
#10937 = ORIENTED_EDGE('',*,*,#10938,.F.);
#10938 = EDGE_CURVE('',#10929,#10907,#10939,.T.);
#10939 = LINE('',#10940,#10941);
#10940 = CARTESIAN_POINT('',(64.66,66.56,200.24));
#10941 = VECTOR('',#10942,1.);
#10942 = DIRECTION('',(1.,0.,-0.));
#10943 = FACE_BOUND('',#10944,.T.);
#10944 = EDGE_LOOP('',(#10945));
#10945 = ORIENTED_EDGE('',*,*,#10946,.F.);
#10946 = EDGE_CURVE('',#10947,#10947,#10949,.T.);
#10947 = VERTEX_POINT('',#10948);
#10948 = CARTESIAN_POINT('',(94.96,14.,200.24));
#10949 = CIRCLE('',#10950,1.3);
#10950 = AXIS2_PLACEMENT_3D('',#10951,#10952,#10953);
#10951 = CARTESIAN_POINT('',(93.66,14.,200.24));
#10952 = DIRECTION('',(0.,0.,1.));
#10953 = DIRECTION('',(1.,0.,-0.));
#10954 = FACE_BOUND('',#10955,.T.);
#10955 = EDGE_LOOP('',(#10956));
#10956 = ORIENTED_EDGE('',*,*,#10957,.F.);
#10957 = EDGE_CURVE('',#10958,#10958,#10960,.T.);
#10958 = VERTEX_POINT('',#10959);
#10959 = CARTESIAN_POINT('',(102.96,14.,200.24));
#10960 = CIRCLE('',#10961,1.3);
#10961 = AXIS2_PLACEMENT_3D('',#10962,#10963,#10964);
#10962 = CARTESIAN_POINT('',(101.66,14.,200.24));
#10963 = DIRECTION('',(0.,0.,1.));
#10964 = DIRECTION('',(1.,0.,-0.));
#10965 = FACE_BOUND('',#10966,.T.);
#10966 = EDGE_LOOP('',(#10967));
#10967 = ORIENTED_EDGE('',*,*,#10968,.F.);
#10968 = EDGE_CURVE('',#10969,#10969,#10971,.T.);
#10969 = VERTEX_POINT('',#10970);
#10970 = CARTESIAN_POINT('',(110.96,14.,200.24));
#10971 = CIRCLE('',#10972,1.3);
#10972 = AXIS2_PLACEMENT_3D('',#10973,#10974,#10975);
#10973 = CARTESIAN_POINT('',(109.66,14.,200.24));
#10974 = DIRECTION('',(0.,0.,1.));
#10975 = DIRECTION('',(1.,0.,-0.));
#10976 = FACE_BOUND('',#10977,.T.);
#10977 = EDGE_LOOP('',(#10978));
#10978 = ORIENTED_EDGE('',*,*,#10979,.F.);
#10979 = EDGE_CURVE('',#10980,#10980,#10982,.T.);
#10980 = VERTEX_POINT('',#10981);
#10981 = CARTESIAN_POINT('',(118.96,14.,200.24));
#10982 = CIRCLE('',#10983,1.3);
#10983 = AXIS2_PLACEMENT_3D('',#10984,#10985,#10986);
#10984 = CARTESIAN_POINT('',(117.66,14.,200.24));
#10985 = DIRECTION('',(0.,0.,1.));
#10986 = DIRECTION('',(1.,0.,-0.));
#10987 = FACE_BOUND('',#10988,.T.);
#10988 = EDGE_LOOP('',(#10989));
#10989 = ORIENTED_EDGE('',*,*,#10990,.F.);
#10990 = EDGE_CURVE('',#10991,#10991,#10993,.T.);
#10991 = VERTEX_POINT('',#10992);
#10992 = CARTESIAN_POINT('',(126.96,14.,200.24));
#10993 = CIRCLE('',#10994,1.3);
#10994 = AXIS2_PLACEMENT_3D('',#10995,#10996,#10997);
#10995 = CARTESIAN_POINT('',(125.66,14.,200.24));
#10996 = DIRECTION('',(0.,0.,1.));
#10997 = DIRECTION('',(1.,0.,-0.));
#10998 = PLANE('',#10999);
#10999 = AXIS2_PLACEMENT_3D('',#11000,#11001,#11002);
#11000 = CARTESIAN_POINT('',(64.66,3.,200.24));
#11001 = DIRECTION('',(0.,0.,1.));
#11002 = DIRECTION('',(1.,0.,-0.));
#11003 = ADVANCED_FACE('',(#11004),#11015,.F.);
#11004 = FACE_BOUND('',#11005,.F.);
#11005 = EDGE_LOOP('',(#11006,#11007,#11008,#11014));
#11006 = ORIENTED_EDGE('',*,*,#10624,.F.);
#11007 = ORIENTED_EDGE('',*,*,#10851,.T.);
#11008 = ORIENTED_EDGE('',*,*,#11009,.T.);
#11009 = EDGE_CURVE('',#10842,#10929,#11010,.T.);
#11010 = LINE('',#11011,#11012);
#11011 = CARTESIAN_POINT('',(64.66,66.56,0.));
#11012 = VECTOR('',#11013,1.);
#11013 = DIRECTION('',(0.,0.,1.));
#11014 = ORIENTED_EDGE('',*,*,#10928,.F.);
#11015 = PLANE('',#11016);
#11016 = AXIS2_PLACEMENT_3D('',#11017,#11018,#11019);
#11017 = CARTESIAN_POINT('',(64.66,3.,0.));
#11018 = DIRECTION('',(1.,0.,-0.));
#11019 = DIRECTION('',(0.,0.,1.));
#11020 = ADVANCED_FACE('',(#11021),#11062,.T.);
#11021 = FACE_BOUND('',#11022,.T.);
#11022 = EDGE_LOOP('',(#11023,#11031,#11032,#11040,#11048,#11056));
#11023 = ORIENTED_EDGE('',*,*,#11024,.F.);
#11024 = EDGE_CURVE('',#10639,#11025,#11027,.T.);
#11025 = VERTEX_POINT('',#11026);
#11026 = CARTESIAN_POINT('',(67.66,63.56,197.24));
#11027 = LINE('',#11028,#11029);
#11028 = CARTESIAN_POINT('',(67.66,2.,197.24));
#11029 = VECTOR('',#11030,1.);
#11030 = DIRECTION('',(-0.,1.,0.));
#11031 = ORIENTED_EDGE('',*,*,#10638,.T.);
#11032 = ORIENTED_EDGE('',*,*,#11033,.F.);
#11033 = EDGE_CURVE('',#11034,#10641,#11036,.T.);
#11034 = VERTEX_POINT('',#11035);
#11035 = CARTESIAN_POINT('',(67.66,12.5,184.24));
#11036 = LINE('',#11037,#11038);
#11037 = CARTESIAN_POINT('',(67.66,2.5,184.24));
#11038 = VECTOR('',#11039,1.);
#11039 = DIRECTION('',(0.,-1.,0.));
#11040 = ORIENTED_EDGE('',*,*,#11041,.T.);
#11041 = EDGE_CURVE('',#11034,#11042,#11044,.T.);
#11042 = VERTEX_POINT('',#11043);
#11043 = CARTESIAN_POINT('',(67.66,12.5,184.74));
#11044 = LINE('',#11045,#11046);
#11045 = CARTESIAN_POINT('',(67.66,12.5,88.37));
#11046 = VECTOR('',#11047,1.);
#11047 = DIRECTION('',(0.,0.,1.));
#11048 = ORIENTED_EDGE('',*,*,#11049,.F.);
#11049 = EDGE_CURVE('',#11050,#11042,#11052,.T.);
#11050 = VERTEX_POINT('',#11051);
#11051 = CARTESIAN_POINT('',(67.66,63.56,184.74));
#11052 = LINE('',#11053,#11054);
#11053 = CARTESIAN_POINT('',(67.66,7.25,184.74));
#11054 = VECTOR('',#11055,1.);
#11055 = DIRECTION('',(0.,-1.,0.));
#11056 = ORIENTED_EDGE('',*,*,#11057,.T.);
#11057 = EDGE_CURVE('',#11050,#11025,#11058,.T.);
#11058 = LINE('',#11059,#11060);
#11059 = CARTESIAN_POINT('',(67.66,63.56,3.));
#11060 = VECTOR('',#11061,1.);
#11061 = DIRECTION('',(0.,0.,1.));
#11062 = PLANE('',#11063);
#11063 = AXIS2_PLACEMENT_3D('',#11064,#11065,#11066);
#11064 = CARTESIAN_POINT('',(67.66,2.,3.));
#11065 = DIRECTION('',(1.,0.,-0.));
#11066 = DIRECTION('',(0.,0.,1.));
#11067 = ADVANCED_FACE('',(#11068),#11180,.T.);
#11068 = FACE_BOUND('',#11069,.T.);
#11069 = EDGE_LOOP('',(#11070,#11080,#11088,#11094,#11095,#11096,#11104,
    #11112,#11118,#11119,#11127,#11135,#11141,#11142,#11150,#11158,
    #11166,#11174));
#11070 = ORIENTED_EDGE('',*,*,#11071,.F.);
#11071 = EDGE_CURVE('',#11072,#11074,#11076,.T.);
#11072 = VERTEX_POINT('',#11073);
#11073 = CARTESIAN_POINT('',(76.66,63.56,184.24));
#11074 = VERTEX_POINT('',#11075);
#11075 = CARTESIAN_POINT('',(147.78522729151,63.56,184.24));
#11076 = LINE('',#11077,#11078);
#11077 = CARTESIAN_POINT('',(67.16,63.56,184.24));
#11078 = VECTOR('',#11079,1.);
#11079 = DIRECTION('',(1.,0.,-0.));
#11080 = ORIENTED_EDGE('',*,*,#11081,.F.);
#11081 = EDGE_CURVE('',#11082,#11072,#11084,.T.);
#11082 = VERTEX_POINT('',#11083);
#11083 = CARTESIAN_POINT('',(76.66,12.5,184.24));
#11084 = LINE('',#11085,#11086);
#11085 = CARTESIAN_POINT('',(76.66,7.75,184.24));
#11086 = VECTOR('',#11087,1.);
#11087 = DIRECTION('',(-0.,1.,0.));
#11088 = ORIENTED_EDGE('',*,*,#11089,.T.);
#11089 = EDGE_CURVE('',#11082,#11034,#11090,.T.);
#11090 = LINE('',#11091,#11092);
#11091 = CARTESIAN_POINT('',(66.66,12.5,184.24));
#11092 = VECTOR('',#11093,1.);
#11093 = DIRECTION('',(-1.,-0.,0.));
#11094 = ORIENTED_EDGE('',*,*,#11033,.T.);
#11095 = ORIENTED_EDGE('',*,*,#10648,.T.);
#11096 = ORIENTED_EDGE('',*,*,#11097,.T.);
#11097 = EDGE_CURVE('',#10649,#11098,#11100,.T.);
#11098 = VERTEX_POINT('',#11099);
#11099 = CARTESIAN_POINT('',(94.66,59.3,184.24));
#11100 = LINE('',#11101,#11102);
#11101 = CARTESIAN_POINT('',(94.66,3.,184.24));
#11102 = VECTOR('',#11103,1.);
#11103 = DIRECTION('',(-0.,1.,0.));
#11104 = ORIENTED_EDGE('',*,*,#11105,.T.);
#11105 = EDGE_CURVE('',#11098,#11106,#11108,.T.);
#11106 = VERTEX_POINT('',#11107);
#11107 = CARTESIAN_POINT('',(97.66,59.3,184.24));
#11108 = LINE('',#11109,#11110);
#11109 = CARTESIAN_POINT('',(94.66,59.3,184.24));
#11110 = VECTOR('',#11111,1.);
#11111 = DIRECTION('',(1.,0.,-0.));
#11112 = ORIENTED_EDGE('',*,*,#11113,.F.);
#11113 = EDGE_CURVE('',#10673,#11106,#11114,.T.);
#11114 = LINE('',#11115,#11116);
#11115 = CARTESIAN_POINT('',(97.66,3.,184.24));
#11116 = VECTOR('',#11117,1.);
#11117 = DIRECTION('',(-0.,1.,0.));
#11118 = ORIENTED_EDGE('',*,*,#10680,.T.);
#11119 = ORIENTED_EDGE('',*,*,#11120,.T.);
#11120 = EDGE_CURVE('',#10681,#11121,#11123,.T.);
#11121 = VERTEX_POINT('',#11122);
#11122 = CARTESIAN_POINT('',(121.66,59.3,184.24));
#11123 = LINE('',#11124,#11125);
#11124 = CARTESIAN_POINT('',(121.66,3.,184.24));
#11125 = VECTOR('',#11126,1.);
#11126 = DIRECTION('',(-0.,1.,0.));
#11127 = ORIENTED_EDGE('',*,*,#11128,.T.);
#11128 = EDGE_CURVE('',#11121,#11129,#11131,.T.);
#11129 = VERTEX_POINT('',#11130);
#11130 = CARTESIAN_POINT('',(124.66,59.3,184.24));
#11131 = LINE('',#11132,#11133);
#11132 = CARTESIAN_POINT('',(121.66,59.3,184.24));
#11133 = VECTOR('',#11134,1.);
#11134 = DIRECTION('',(1.,0.,-0.));
#11135 = ORIENTED_EDGE('',*,*,#11136,.F.);
#11136 = EDGE_CURVE('',#10705,#11129,#11137,.T.);
#11137 = LINE('',#11138,#11139);
#11138 = CARTESIAN_POINT('',(124.66,3.,184.24));
#11139 = VECTOR('',#11140,1.);
#11140 = DIRECTION('',(-0.,1.,0.));
#11141 = ORIENTED_EDGE('',*,*,#10712,.T.);
#11142 = ORIENTED_EDGE('',*,*,#11143,.F.);
#11143 = EDGE_CURVE('',#11144,#10713,#11146,.T.);
#11144 = VERTEX_POINT('',#11145);
#11145 = CARTESIAN_POINT('',(151.66,63.56,184.24));
#11146 = LINE('',#11147,#11148);
#11147 = CARTESIAN_POINT('',(151.66,2.5,184.24));
#11148 = VECTOR('',#11149,1.);
#11149 = DIRECTION('',(0.,-1.,0.));
#11150 = ORIENTED_EDGE('',*,*,#11151,.F.);
#11151 = EDGE_CURVE('',#11152,#11144,#11154,.T.);
#11152 = VERTEX_POINT('',#11153);
#11153 = CARTESIAN_POINT('',(150.53477270848,63.56,184.24));
#11154 = LINE('',#11155,#11156);
#11155 = CARTESIAN_POINT('',(67.16,63.56,184.24));
#11156 = VECTOR('',#11157,1.);
#11157 = DIRECTION('',(1.,0.,-0.));
#11158 = ORIENTED_EDGE('',*,*,#11159,.F.);
#11159 = EDGE_CURVE('',#11160,#11152,#11162,.T.);
#11160 = VERTEX_POINT('',#11161);
#11161 = CARTESIAN_POINT('',(150.53477270848,61.56,184.24));
#11162 = LINE('',#11163,#11164);
#11163 = CARTESIAN_POINT('',(150.53477270848,61.56,184.24));
#11164 = VECTOR('',#11165,1.);
#11165 = DIRECTION('',(0.,1.,0.));
#11166 = ORIENTED_EDGE('',*,*,#11167,.T.);
#11167 = EDGE_CURVE('',#11160,#11168,#11170,.T.);
#11168 = VERTEX_POINT('',#11169);
#11169 = CARTESIAN_POINT('',(147.78522729151,61.56,184.24));
#11170 = LINE('',#11171,#11172);
#11171 = CARTESIAN_POINT('',(107.91,61.56,184.24));
#11172 = VECTOR('',#11173,1.);
#11173 = DIRECTION('',(-1.,0.,0.));
#11174 = ORIENTED_EDGE('',*,*,#11175,.T.);
#11175 = EDGE_CURVE('',#11168,#11074,#11176,.T.);
#11176 = LINE('',#11177,#11178);
#11177 = CARTESIAN_POINT('',(147.78522729151,61.56,184.24));
#11178 = VECTOR('',#11179,1.);
#11179 = DIRECTION('',(0.,1.,0.));
#11180 = PLANE('',#11181);
#11181 = AXIS2_PLACEMENT_3D('',#11182,#11183,#11184);
#11182 = CARTESIAN_POINT('',(66.66,3.,184.24));
#11183 = DIRECTION('',(0.,0.,1.));
#11184 = DIRECTION('',(1.,0.,-0.));
#11185 = ADVANCED_FACE('',(#11186),#11204,.F.);
#11186 = FACE_BOUND('',#11187,.F.);
#11187 = EDGE_LOOP('',(#11188,#11189,#11190,#11198));
#11188 = ORIENTED_EDGE('',*,*,#10656,.F.);
#11189 = ORIENTED_EDGE('',*,*,#11097,.T.);
#11190 = ORIENTED_EDGE('',*,*,#11191,.T.);
#11191 = EDGE_CURVE('',#11098,#11192,#11194,.T.);
#11192 = VERTEX_POINT('',#11193);
#11193 = CARTESIAN_POINT('',(94.66,59.3,189.24));
#11194 = LINE('',#11195,#11196);
#11195 = CARTESIAN_POINT('',(94.66,59.3,184.24));
#11196 = VECTOR('',#11197,1.);
#11197 = DIRECTION('',(0.,0.,1.));
#11198 = ORIENTED_EDGE('',*,*,#11199,.F.);
#11199 = EDGE_CURVE('',#10657,#11192,#11200,.T.);
#11200 = LINE('',#11201,#11202);
#11201 = CARTESIAN_POINT('',(94.66,3.,189.24));
#11202 = VECTOR('',#11203,1.);
#11203 = DIRECTION('',(-0.,1.,0.));
#11204 = PLANE('',#11205);
#11205 = AXIS2_PLACEMENT_3D('',#11206,#11207,#11208);
#11206 = CARTESIAN_POINT('',(94.66,3.,184.24));
#11207 = DIRECTION('',(1.,0.,-0.));
#11208 = DIRECTION('',(0.,0.,1.));
#11209 = ADVANCED_FACE('',(#11210),#11228,.T.);
#11210 = FACE_BOUND('',#11211,.T.);
#11211 = EDGE_LOOP('',(#11212,#11213,#11214,#11222));
#11212 = ORIENTED_EDGE('',*,*,#11199,.F.);
#11213 = ORIENTED_EDGE('',*,*,#10664,.T.);
#11214 = ORIENTED_EDGE('',*,*,#11215,.T.);
#11215 = EDGE_CURVE('',#10665,#11216,#11218,.T.);
#11216 = VERTEX_POINT('',#11217);
#11217 = CARTESIAN_POINT('',(97.66,59.3,189.24));
#11218 = LINE('',#11219,#11220);
#11219 = CARTESIAN_POINT('',(97.66,3.,189.24));
#11220 = VECTOR('',#11221,1.);
#11221 = DIRECTION('',(-0.,1.,0.));
#11222 = ORIENTED_EDGE('',*,*,#11223,.F.);
#11223 = EDGE_CURVE('',#11192,#11216,#11224,.T.);
#11224 = LINE('',#11225,#11226);
#11225 = CARTESIAN_POINT('',(94.66,59.3,189.24));
#11226 = VECTOR('',#11227,1.);
#11227 = DIRECTION('',(1.,0.,-0.));
#11228 = PLANE('',#11229);
#11229 = AXIS2_PLACEMENT_3D('',#11230,#11231,#11232);
#11230 = CARTESIAN_POINT('',(94.66,3.,189.24));
#11231 = DIRECTION('',(0.,0.,1.));
#11232 = DIRECTION('',(1.,0.,-0.));
#11233 = ADVANCED_FACE('',(#11234),#11245,.T.);
#11234 = FACE_BOUND('',#11235,.T.);
#11235 = EDGE_LOOP('',(#11236,#11237,#11238,#11244));
#11236 = ORIENTED_EDGE('',*,*,#10672,.F.);
#11237 = ORIENTED_EDGE('',*,*,#11113,.T.);
#11238 = ORIENTED_EDGE('',*,*,#11239,.T.);
#11239 = EDGE_CURVE('',#11106,#11216,#11240,.T.);
#11240 = LINE('',#11241,#11242);
#11241 = CARTESIAN_POINT('',(97.66,59.3,184.24));
#11242 = VECTOR('',#11243,1.);
#11243 = DIRECTION('',(0.,0.,1.));
#11244 = ORIENTED_EDGE('',*,*,#11215,.F.);
#11245 = PLANE('',#11246);
#11246 = AXIS2_PLACEMENT_3D('',#11247,#11248,#11249);
#11247 = CARTESIAN_POINT('',(97.66,3.,184.24));
#11248 = DIRECTION('',(1.,0.,-0.));
#11249 = DIRECTION('',(0.,0.,1.));
#11250 = ADVANCED_FACE('',(#11251),#11269,.F.);
#11251 = FACE_BOUND('',#11252,.F.);
#11252 = EDGE_LOOP('',(#11253,#11254,#11255,#11263));
#11253 = ORIENTED_EDGE('',*,*,#10688,.F.);
#11254 = ORIENTED_EDGE('',*,*,#11120,.T.);
#11255 = ORIENTED_EDGE('',*,*,#11256,.T.);
#11256 = EDGE_CURVE('',#11121,#11257,#11259,.T.);
#11257 = VERTEX_POINT('',#11258);
#11258 = CARTESIAN_POINT('',(121.66,59.3,189.24));
#11259 = LINE('',#11260,#11261);
#11260 = CARTESIAN_POINT('',(121.66,59.3,184.24));
#11261 = VECTOR('',#11262,1.);
#11262 = DIRECTION('',(0.,0.,1.));
#11263 = ORIENTED_EDGE('',*,*,#11264,.F.);
#11264 = EDGE_CURVE('',#10689,#11257,#11265,.T.);
#11265 = LINE('',#11266,#11267);
#11266 = CARTESIAN_POINT('',(121.66,3.,189.24));
#11267 = VECTOR('',#11268,1.);
#11268 = DIRECTION('',(-0.,1.,0.));
#11269 = PLANE('',#11270);
#11270 = AXIS2_PLACEMENT_3D('',#11271,#11272,#11273);
#11271 = CARTESIAN_POINT('',(121.66,3.,184.24));
#11272 = DIRECTION('',(1.,0.,-0.));
#11273 = DIRECTION('',(0.,0.,1.));
#11274 = ADVANCED_FACE('',(#11275),#11293,.T.);
#11275 = FACE_BOUND('',#11276,.T.);
#11276 = EDGE_LOOP('',(#11277,#11278,#11279,#11287));
#11277 = ORIENTED_EDGE('',*,*,#11264,.F.);
#11278 = ORIENTED_EDGE('',*,*,#10696,.T.);
#11279 = ORIENTED_EDGE('',*,*,#11280,.T.);
#11280 = EDGE_CURVE('',#10697,#11281,#11283,.T.);
#11281 = VERTEX_POINT('',#11282);
#11282 = CARTESIAN_POINT('',(124.66,59.3,189.24));
#11283 = LINE('',#11284,#11285);
#11284 = CARTESIAN_POINT('',(124.66,3.,189.24));
#11285 = VECTOR('',#11286,1.);
#11286 = DIRECTION('',(-0.,1.,0.));
#11287 = ORIENTED_EDGE('',*,*,#11288,.F.);
#11288 = EDGE_CURVE('',#11257,#11281,#11289,.T.);
#11289 = LINE('',#11290,#11291);
#11290 = CARTESIAN_POINT('',(121.66,59.3,189.24));
#11291 = VECTOR('',#11292,1.);
#11292 = DIRECTION('',(1.,0.,-0.));
#11293 = PLANE('',#11294);
#11294 = AXIS2_PLACEMENT_3D('',#11295,#11296,#11297);
#11295 = CARTESIAN_POINT('',(121.66,3.,189.24));
#11296 = DIRECTION('',(0.,0.,1.));
#11297 = DIRECTION('',(1.,0.,-0.));
#11298 = ADVANCED_FACE('',(#11299),#11310,.T.);
#11299 = FACE_BOUND('',#11300,.T.);
#11300 = EDGE_LOOP('',(#11301,#11302,#11303,#11309));
#11301 = ORIENTED_EDGE('',*,*,#10704,.F.);
#11302 = ORIENTED_EDGE('',*,*,#11136,.T.);
#11303 = ORIENTED_EDGE('',*,*,#11304,.T.);
#11304 = EDGE_CURVE('',#11129,#11281,#11305,.T.);
#11305 = LINE('',#11306,#11307);
#11306 = CARTESIAN_POINT('',(124.66,59.3,184.24));
#11307 = VECTOR('',#11308,1.);
#11308 = DIRECTION('',(0.,0.,1.));
#11309 = ORIENTED_EDGE('',*,*,#11280,.F.);
#11310 = PLANE('',#11311);
#11311 = AXIS2_PLACEMENT_3D('',#11312,#11313,#11314);
#11312 = CARTESIAN_POINT('',(124.66,3.,184.24));
#11313 = DIRECTION('',(1.,0.,-0.));
#11314 = DIRECTION('',(0.,0.,1.));
#11315 = ADVANCED_FACE('',(#11316),#11334,.F.);
#11316 = FACE_BOUND('',#11317,.F.);
#11317 = EDGE_LOOP('',(#11318,#11326,#11327,#11328));
#11318 = ORIENTED_EDGE('',*,*,#11319,.F.);
#11319 = EDGE_CURVE('',#10721,#11320,#11322,.T.);
#11320 = VERTEX_POINT('',#11321);
#11321 = CARTESIAN_POINT('',(151.66,63.56,197.24));
#11322 = LINE('',#11323,#11324);
#11323 = CARTESIAN_POINT('',(151.66,2.,197.24));
#11324 = VECTOR('',#11325,1.);
#11325 = DIRECTION('',(-0.,1.,0.));
#11326 = ORIENTED_EDGE('',*,*,#10720,.T.);
#11327 = ORIENTED_EDGE('',*,*,#11143,.F.);
#11328 = ORIENTED_EDGE('',*,*,#11329,.T.);
#11329 = EDGE_CURVE('',#11144,#11320,#11330,.T.);
#11330 = LINE('',#11331,#11332);
#11331 = CARTESIAN_POINT('',(151.66,63.56,3.));
#11332 = VECTOR('',#11333,1.);
#11333 = DIRECTION('',(0.,0.,1.));
#11334 = PLANE('',#11335);
#11335 = AXIS2_PLACEMENT_3D('',#11336,#11337,#11338);
#11336 = CARTESIAN_POINT('',(151.66,2.,3.));
#11337 = DIRECTION('',(1.,0.,-0.));
#11338 = DIRECTION('',(0.,0.,1.));
#11339 = ADVANCED_FACE('',(#11340,#11351,#11362,#11373,#11384,#11395),
  #11406,.F.);
#11340 = FACE_BOUND('',#11341,.F.);
#11341 = EDGE_LOOP('',(#11342,#11343,#11344,#11345));
#11342 = ORIENTED_EDGE('',*,*,#11024,.F.);
#11343 = ORIENTED_EDGE('',*,*,#10728,.T.);
#11344 = ORIENTED_EDGE('',*,*,#11319,.T.);
#11345 = ORIENTED_EDGE('',*,*,#11346,.F.);
#11346 = EDGE_CURVE('',#11025,#11320,#11347,.T.);
#11347 = LINE('',#11348,#11349);
#11348 = CARTESIAN_POINT('',(67.66,63.56,197.24));
#11349 = VECTOR('',#11350,1.);
#11350 = DIRECTION('',(1.,0.,-0.));
#11351 = FACE_BOUND('',#11352,.F.);
#11352 = EDGE_LOOP('',(#11353));
#11353 = ORIENTED_EDGE('',*,*,#11354,.F.);
#11354 = EDGE_CURVE('',#11355,#11355,#11357,.T.);
#11355 = VERTEX_POINT('',#11356);
#11356 = CARTESIAN_POINT('',(94.96,14.,197.24));
#11357 = CIRCLE('',#11358,1.3);
#11358 = AXIS2_PLACEMENT_3D('',#11359,#11360,#11361);
#11359 = CARTESIAN_POINT('',(93.66,14.,197.24));
#11360 = DIRECTION('',(0.,0.,1.));
#11361 = DIRECTION('',(1.,0.,-0.));
#11362 = FACE_BOUND('',#11363,.F.);
#11363 = EDGE_LOOP('',(#11364));
#11364 = ORIENTED_EDGE('',*,*,#11365,.F.);
#11365 = EDGE_CURVE('',#11366,#11366,#11368,.T.);
#11366 = VERTEX_POINT('',#11367);
#11367 = CARTESIAN_POINT('',(102.96,14.,197.24));
#11368 = CIRCLE('',#11369,1.3);
#11369 = AXIS2_PLACEMENT_3D('',#11370,#11371,#11372);
#11370 = CARTESIAN_POINT('',(101.66,14.,197.24));
#11371 = DIRECTION('',(0.,0.,1.));
#11372 = DIRECTION('',(1.,0.,-0.));
#11373 = FACE_BOUND('',#11374,.F.);
#11374 = EDGE_LOOP('',(#11375));
#11375 = ORIENTED_EDGE('',*,*,#11376,.F.);
#11376 = EDGE_CURVE('',#11377,#11377,#11379,.T.);
#11377 = VERTEX_POINT('',#11378);
#11378 = CARTESIAN_POINT('',(110.96,14.,197.24));
#11379 = CIRCLE('',#11380,1.3);
#11380 = AXIS2_PLACEMENT_3D('',#11381,#11382,#11383);
#11381 = CARTESIAN_POINT('',(109.66,14.,197.24));
#11382 = DIRECTION('',(0.,0.,1.));
#11383 = DIRECTION('',(1.,0.,-0.));
#11384 = FACE_BOUND('',#11385,.F.);
#11385 = EDGE_LOOP('',(#11386));
#11386 = ORIENTED_EDGE('',*,*,#11387,.F.);
#11387 = EDGE_CURVE('',#11388,#11388,#11390,.T.);
#11388 = VERTEX_POINT('',#11389);
#11389 = CARTESIAN_POINT('',(118.96,14.,197.24));
#11390 = CIRCLE('',#11391,1.3);
#11391 = AXIS2_PLACEMENT_3D('',#11392,#11393,#11394);
#11392 = CARTESIAN_POINT('',(117.66,14.,197.24));
#11393 = DIRECTION('',(0.,0.,1.));
#11394 = DIRECTION('',(1.,0.,-0.));
#11395 = FACE_BOUND('',#11396,.F.);
#11396 = EDGE_LOOP('',(#11397));
#11397 = ORIENTED_EDGE('',*,*,#11398,.F.);
#11398 = EDGE_CURVE('',#11399,#11399,#11401,.T.);
#11399 = VERTEX_POINT('',#11400);
#11400 = CARTESIAN_POINT('',(126.96,14.,197.24));
#11401 = CIRCLE('',#11402,1.3);
#11402 = AXIS2_PLACEMENT_3D('',#11403,#11404,#11405);
#11403 = CARTESIAN_POINT('',(125.66,14.,197.24));
#11404 = DIRECTION('',(0.,0.,1.));
#11405 = DIRECTION('',(1.,0.,-0.));
#11406 = PLANE('',#11407);
#11407 = AXIS2_PLACEMENT_3D('',#11408,#11409,#11410);
#11408 = CARTESIAN_POINT('',(67.66,2.,197.24));
#11409 = DIRECTION('',(0.,0.,1.));
#11410 = DIRECTION('',(1.,0.,-0.));
#11411 = ADVANCED_FACE('',(#11412,#11441,#11444,#11455,#11458),#11469,
  .T.);
#11412 = FACE_BOUND('',#11413,.T.);
#11413 = EDGE_LOOP('',(#11414,#11415,#11416,#11417,#11418,#11419,#11427,
    #11435));
#11414 = ORIENTED_EDGE('',*,*,#10841,.F.);
#11415 = ORIENTED_EDGE('',*,*,#11009,.T.);
#11416 = ORIENTED_EDGE('',*,*,#10938,.T.);
#11417 = ORIENTED_EDGE('',*,*,#10906,.F.);
#11418 = ORIENTED_EDGE('',*,*,#10866,.F.);
#11419 = ORIENTED_EDGE('',*,*,#11420,.F.);
#11420 = EDGE_CURVE('',#11421,#10867,#11423,.T.);
#11421 = VERTEX_POINT('',#11422);
#11422 = CARTESIAN_POINT('',(149.66,66.56,7.5));
#11423 = LINE('',#11424,#11425);
#11424 = CARTESIAN_POINT('',(149.66,66.56,-1.25));
#11425 = VECTOR('',#11426,1.);
#11426 = DIRECTION('',(-0.,0.,-1.));
#11427 = ORIENTED_EDGE('',*,*,#11428,.F.);
#11428 = EDGE_CURVE('',#11429,#11421,#11431,.T.);
#11429 = VERTEX_POINT('',#11430);
#11430 = CARTESIAN_POINT('',(69.66,66.56,7.5));
#11431 = LINE('',#11432,#11433);
#11432 = CARTESIAN_POINT('',(67.16,66.56,7.5));
#11433 = VECTOR('',#11434,1.);
#11434 = DIRECTION('',(1.,0.,-0.));
#11435 = ORIENTED_EDGE('',*,*,#11436,.T.);
#11436 = EDGE_CURVE('',#11429,#10844,#11437,.T.);
#11437 = LINE('',#11438,#11439);
#11438 = CARTESIAN_POINT('',(69.66,66.56,-1.25));
#11439 = VECTOR('',#11440,1.);
#11440 = DIRECTION('',(-0.,0.,-1.));
#11441 = FACE_BOUND('',#11442,.T.);
#11442 = EDGE_LOOP('',(#11443));
#11443 = ORIENTED_EDGE('',*,*,#10800,.T.);
#11444 = FACE_BOUND('',#11445,.T.);
#11445 = EDGE_LOOP('',(#11446));
#11446 = ORIENTED_EDGE('',*,*,#11447,.T.);
#11447 = EDGE_CURVE('',#11448,#11448,#11450,.T.);
#11448 = VERTEX_POINT('',#11449);
#11449 = CARTESIAN_POINT('',(70.16,66.56,181.99));
#11450 = CIRCLE('',#11451,3.25);
#11451 = AXIS2_PLACEMENT_3D('',#11452,#11453,#11454);
#11452 = CARTESIAN_POINT('',(70.16,66.56,185.24));
#11453 = DIRECTION('',(0.,-1.,0.));
#11454 = DIRECTION('',(0.,-0.,-1.));
#11455 = FACE_BOUND('',#11456,.T.);
#11456 = EDGE_LOOP('',(#11457));
#11457 = ORIENTED_EDGE('',*,*,#10826,.T.);
#11458 = FACE_BOUND('',#11459,.T.);
#11459 = EDGE_LOOP('',(#11460));
#11460 = ORIENTED_EDGE('',*,*,#11461,.T.);
#11461 = EDGE_CURVE('',#11462,#11462,#11464,.T.);
#11462 = VERTEX_POINT('',#11463);
#11463 = CARTESIAN_POINT('',(149.16,66.56,181.99));
#11464 = CIRCLE('',#11465,3.25);
#11465 = AXIS2_PLACEMENT_3D('',#11466,#11467,#11468);
#11466 = CARTESIAN_POINT('',(149.16,66.56,185.24));
#11467 = DIRECTION('',(0.,-1.,0.));
#11468 = DIRECTION('',(0.,-0.,-1.));
#11469 = PLANE('',#11470);
#11470 = AXIS2_PLACEMENT_3D('',#11471,#11472,#11473);
#11471 = CARTESIAN_POINT('',(64.66,66.56,0.));
#11472 = DIRECTION('',(-0.,1.,0.));
#11473 = DIRECTION('',(0.,0.,1.));
#11474 = ADVANCED_FACE('',(#11475),#11493,.T.);
#11475 = FACE_BOUND('',#11476,.T.);
#11476 = EDGE_LOOP('',(#11477,#11485,#11486,#11487));
#11477 = ORIENTED_EDGE('',*,*,#11478,.F.);
#11478 = EDGE_CURVE('',#10883,#11479,#11481,.T.);
#11479 = VERTEX_POINT('',#11480);
#11480 = CARTESIAN_POINT('',(69.66,63.86,7.5));
#11481 = LINE('',#11482,#11483);
#11482 = CARTESIAN_POINT('',(69.66,63.86,-2.5));
#11483 = VECTOR('',#11484,1.);
#11484 = DIRECTION('',(0.,0.,1.));
#11485 = ORIENTED_EDGE('',*,*,#10890,.T.);
#11486 = ORIENTED_EDGE('',*,*,#11436,.F.);
#11487 = ORIENTED_EDGE('',*,*,#11488,.F.);
#11488 = EDGE_CURVE('',#11479,#11429,#11489,.T.);
#11489 = LINE('',#11490,#11491);
#11490 = CARTESIAN_POINT('',(69.66,63.86,7.5));
#11491 = VECTOR('',#11492,1.);
#11492 = DIRECTION('',(-0.,1.,0.));
#11493 = PLANE('',#11494);
#11494 = AXIS2_PLACEMENT_3D('',#11495,#11496,#11497);
#11495 = CARTESIAN_POINT('',(69.66,63.86,-2.5));
#11496 = DIRECTION('',(1.,0.,-0.));
#11497 = DIRECTION('',(0.,0.,1.));
#11498 = ADVANCED_FACE('',(#11499),#11517,.T.);
#11499 = FACE_BOUND('',#11500,.T.);
#11500 = EDGE_LOOP('',(#11501,#11509,#11510,#11511));
#11501 = ORIENTED_EDGE('',*,*,#11502,.F.);
#11502 = EDGE_CURVE('',#10875,#11503,#11505,.T.);
#11503 = VERTEX_POINT('',#11504);
#11504 = CARTESIAN_POINT('',(149.66,63.86,7.5));
#11505 = LINE('',#11506,#11507);
#11506 = CARTESIAN_POINT('',(149.66,63.86,-2.5));
#11507 = VECTOR('',#11508,1.);
#11508 = DIRECTION('',(0.,0.,1.));
#11509 = ORIENTED_EDGE('',*,*,#10882,.T.);
#11510 = ORIENTED_EDGE('',*,*,#11478,.T.);
#11511 = ORIENTED_EDGE('',*,*,#11512,.T.);
#11512 = EDGE_CURVE('',#11479,#11503,#11513,.T.);
#11513 = LINE('',#11514,#11515);
#11514 = CARTESIAN_POINT('',(69.66,63.86,7.5));
#11515 = VECTOR('',#11516,1.);
#11516 = DIRECTION('',(1.,0.,-0.));
#11517 = PLANE('',#11518);
#11518 = AXIS2_PLACEMENT_3D('',#11519,#11520,#11521);
#11519 = CARTESIAN_POINT('',(69.66,63.86,-2.5));
#11520 = DIRECTION('',(-0.,1.,0.));
#11521 = DIRECTION('',(0.,0.,1.));
#11522 = ADVANCED_FACE('',(#11523),#11534,.F.);
#11523 = FACE_BOUND('',#11524,.F.);
#11524 = EDGE_LOOP('',(#11525,#11526,#11527,#11528));
#11525 = ORIENTED_EDGE('',*,*,#11502,.F.);
#11526 = ORIENTED_EDGE('',*,*,#10874,.T.);
#11527 = ORIENTED_EDGE('',*,*,#11420,.F.);
#11528 = ORIENTED_EDGE('',*,*,#11529,.F.);
#11529 = EDGE_CURVE('',#11503,#11421,#11530,.T.);
#11530 = LINE('',#11531,#11532);
#11531 = CARTESIAN_POINT('',(149.66,63.86,7.5));
#11532 = VECTOR('',#11533,1.);
#11533 = DIRECTION('',(-0.,1.,0.));
#11534 = PLANE('',#11535);
#11535 = AXIS2_PLACEMENT_3D('',#11536,#11537,#11538);
#11536 = CARTESIAN_POINT('',(149.66,63.86,-2.5));
#11537 = DIRECTION('',(1.,0.,-0.));
#11538 = DIRECTION('',(0.,0.,1.));
#11539 = ADVANCED_FACE('',(#11540),#11551,.F.);
#11540 = FACE_BOUND('',#11541,.F.);
#11541 = EDGE_LOOP('',(#11542,#11543,#11549,#11550));
#11542 = ORIENTED_EDGE('',*,*,#10946,.F.);
#11543 = ORIENTED_EDGE('',*,*,#11544,.F.);
#11544 = EDGE_CURVE('',#11355,#10947,#11545,.T.);
#11545 = LINE('',#11546,#11547);
#11546 = CARTESIAN_POINT('',(94.96,14.,195.24));
#11547 = VECTOR('',#11548,1.);
#11548 = DIRECTION('',(0.,0.,1.));
#11549 = ORIENTED_EDGE('',*,*,#11354,.T.);
#11550 = ORIENTED_EDGE('',*,*,#11544,.T.);
#11551 = CYLINDRICAL_SURFACE('',#11552,1.3);
#11552 = AXIS2_PLACEMENT_3D('',#11553,#11554,#11555);
#11553 = CARTESIAN_POINT('',(93.66,14.,195.24));
#11554 = DIRECTION('',(0.,0.,1.));
#11555 = DIRECTION('',(1.,0.,-0.));
#11556 = ADVANCED_FACE('',(#11557),#11568,.F.);
#11557 = FACE_BOUND('',#11558,.F.);
#11558 = EDGE_LOOP('',(#11559,#11560,#11566,#11567));
#11559 = ORIENTED_EDGE('',*,*,#10957,.F.);
#11560 = ORIENTED_EDGE('',*,*,#11561,.F.);
#11561 = EDGE_CURVE('',#11366,#10958,#11562,.T.);
#11562 = LINE('',#11563,#11564);
#11563 = CARTESIAN_POINT('',(102.96,14.,195.24));
#11564 = VECTOR('',#11565,1.);
#11565 = DIRECTION('',(0.,0.,1.));
#11566 = ORIENTED_EDGE('',*,*,#11365,.T.);
#11567 = ORIENTED_EDGE('',*,*,#11561,.T.);
#11568 = CYLINDRICAL_SURFACE('',#11569,1.3);
#11569 = AXIS2_PLACEMENT_3D('',#11570,#11571,#11572);
#11570 = CARTESIAN_POINT('',(101.66,14.,195.24));
#11571 = DIRECTION('',(0.,0.,1.));
#11572 = DIRECTION('',(1.,0.,-0.));
#11573 = ADVANCED_FACE('',(#11574),#11585,.F.);
#11574 = FACE_BOUND('',#11575,.F.);
#11575 = EDGE_LOOP('',(#11576,#11577,#11583,#11584));
#11576 = ORIENTED_EDGE('',*,*,#10968,.F.);
#11577 = ORIENTED_EDGE('',*,*,#11578,.F.);
#11578 = EDGE_CURVE('',#11377,#10969,#11579,.T.);
#11579 = LINE('',#11580,#11581);
#11580 = CARTESIAN_POINT('',(110.96,14.,195.24));
#11581 = VECTOR('',#11582,1.);
#11582 = DIRECTION('',(0.,0.,1.));
#11583 = ORIENTED_EDGE('',*,*,#11376,.T.);
#11584 = ORIENTED_EDGE('',*,*,#11578,.T.);
#11585 = CYLINDRICAL_SURFACE('',#11586,1.3);
#11586 = AXIS2_PLACEMENT_3D('',#11587,#11588,#11589);
#11587 = CARTESIAN_POINT('',(109.66,14.,195.24));
#11588 = DIRECTION('',(0.,0.,1.));
#11589 = DIRECTION('',(1.,0.,-0.));
#11590 = ADVANCED_FACE('',(#11591),#11602,.F.);
#11591 = FACE_BOUND('',#11592,.F.);
#11592 = EDGE_LOOP('',(#11593,#11594,#11600,#11601));
#11593 = ORIENTED_EDGE('',*,*,#10979,.F.);
#11594 = ORIENTED_EDGE('',*,*,#11595,.F.);
#11595 = EDGE_CURVE('',#11388,#10980,#11596,.T.);
#11596 = LINE('',#11597,#11598);
#11597 = CARTESIAN_POINT('',(118.96,14.,195.24));
#11598 = VECTOR('',#11599,1.);
#11599 = DIRECTION('',(0.,0.,1.));
#11600 = ORIENTED_EDGE('',*,*,#11387,.T.);
#11601 = ORIENTED_EDGE('',*,*,#11595,.T.);
#11602 = CYLINDRICAL_SURFACE('',#11603,1.3);
#11603 = AXIS2_PLACEMENT_3D('',#11604,#11605,#11606);
#11604 = CARTESIAN_POINT('',(117.66,14.,195.24));
#11605 = DIRECTION('',(0.,0.,1.));
#11606 = DIRECTION('',(1.,0.,-0.));
#11607 = ADVANCED_FACE('',(#11608),#11619,.F.);
#11608 = FACE_BOUND('',#11609,.F.);
#11609 = EDGE_LOOP('',(#11610,#11611,#11617,#11618));
#11610 = ORIENTED_EDGE('',*,*,#10990,.F.);
#11611 = ORIENTED_EDGE('',*,*,#11612,.F.);
#11612 = EDGE_CURVE('',#11399,#10991,#11613,.T.);
#11613 = LINE('',#11614,#11615);
#11614 = CARTESIAN_POINT('',(126.96,14.,195.24));
#11615 = VECTOR('',#11616,1.);
#11616 = DIRECTION('',(0.,0.,1.));
#11617 = ORIENTED_EDGE('',*,*,#11398,.T.);
#11618 = ORIENTED_EDGE('',*,*,#11612,.T.);
#11619 = CYLINDRICAL_SURFACE('',#11620,1.3);
#11620 = AXIS2_PLACEMENT_3D('',#11621,#11622,#11623);
#11621 = CARTESIAN_POINT('',(125.66,14.,195.24));
#11622 = DIRECTION('',(0.,0.,1.));
#11623 = DIRECTION('',(1.,0.,-0.));
#11624 = ADVANCED_FACE('',(#11625),#11688,.F.);
#11625 = FACE_BOUND('',#11626,.F.);
#11626 = EDGE_LOOP('',(#11627,#11628,#11629,#11638,#11645,#11646,#11654,
    #11662,#11671,#11680,#11686,#11687));
#11627 = ORIENTED_EDGE('',*,*,#11329,.F.);
#11628 = ORIENTED_EDGE('',*,*,#11151,.F.);
#11629 = ORIENTED_EDGE('',*,*,#11630,.F.);
#11630 = EDGE_CURVE('',#11631,#11152,#11633,.T.);
#11631 = VERTEX_POINT('',#11632);
#11632 = CARTESIAN_POINT('',(149.16,63.56,186.94));
#11633 = CIRCLE('',#11634,1.7);
#11634 = AXIS2_PLACEMENT_3D('',#11635,#11636,#11637);
#11635 = CARTESIAN_POINT('',(149.16,63.56,185.24));
#11636 = DIRECTION('',(0.,1.,0.));
#11637 = DIRECTION('',(0.,-0.,1.));
#11638 = ORIENTED_EDGE('',*,*,#11639,.F.);
#11639 = EDGE_CURVE('',#11074,#11631,#11640,.T.);
#11640 = CIRCLE('',#11641,1.7);
#11641 = AXIS2_PLACEMENT_3D('',#11642,#11643,#11644);
#11642 = CARTESIAN_POINT('',(149.16,63.56,185.24));
#11643 = DIRECTION('',(0.,1.,0.));
#11644 = DIRECTION('',(0.,-0.,1.));
#11645 = ORIENTED_EDGE('',*,*,#11071,.F.);
#11646 = ORIENTED_EDGE('',*,*,#11647,.F.);
#11647 = EDGE_CURVE('',#11648,#11072,#11650,.T.);
#11648 = VERTEX_POINT('',#11649);
#11649 = CARTESIAN_POINT('',(76.66,63.56,184.74));
#11650 = LINE('',#11651,#11652);
#11651 = CARTESIAN_POINT('',(76.66,63.56,88.37));
#11652 = VECTOR('',#11653,1.);
#11653 = DIRECTION('',(-0.,0.,-1.));
#11654 = ORIENTED_EDGE('',*,*,#11655,.F.);
#11655 = EDGE_CURVE('',#11656,#11648,#11658,.T.);
#11656 = VERTEX_POINT('',#11657);
#11657 = CARTESIAN_POINT('',(71.784807680923,63.56,184.74));
#11658 = LINE('',#11659,#11660);
#11659 = CARTESIAN_POINT('',(67.16,63.56,184.74));
#11660 = VECTOR('',#11661,1.);
#11661 = DIRECTION('',(1.,0.,-0.));
#11662 = ORIENTED_EDGE('',*,*,#11663,.F.);
#11663 = EDGE_CURVE('',#11664,#11656,#11666,.T.);
#11664 = VERTEX_POINT('',#11665);
#11665 = CARTESIAN_POINT('',(70.16,63.56,186.94));
#11666 = CIRCLE('',#11667,1.7);
#11667 = AXIS2_PLACEMENT_3D('',#11668,#11669,#11670);
#11668 = CARTESIAN_POINT('',(70.16,63.56,185.24));
#11669 = DIRECTION('',(0.,1.,0.));
#11670 = DIRECTION('',(0.,-0.,1.));
#11671 = ORIENTED_EDGE('',*,*,#11672,.F.);
#11672 = EDGE_CURVE('',#11673,#11664,#11675,.T.);
#11673 = VERTEX_POINT('',#11674);
#11674 = CARTESIAN_POINT('',(68.535192319077,63.56,184.74));
#11675 = CIRCLE('',#11676,1.7);
#11676 = AXIS2_PLACEMENT_3D('',#11677,#11678,#11679);
#11677 = CARTESIAN_POINT('',(70.16,63.56,185.24));
#11678 = DIRECTION('',(0.,1.,0.));
#11679 = DIRECTION('',(0.,-0.,1.));
#11680 = ORIENTED_EDGE('',*,*,#11681,.F.);
#11681 = EDGE_CURVE('',#11050,#11673,#11682,.T.);
#11682 = LINE('',#11683,#11684);
#11683 = CARTESIAN_POINT('',(67.16,63.56,184.74));
#11684 = VECTOR('',#11685,1.);
#11685 = DIRECTION('',(1.,0.,-0.));
#11686 = ORIENTED_EDGE('',*,*,#11057,.T.);
#11687 = ORIENTED_EDGE('',*,*,#11346,.T.);
#11688 = PLANE('',#11689);
#11689 = AXIS2_PLACEMENT_3D('',#11690,#11691,#11692);
#11690 = CARTESIAN_POINT('',(67.66,63.56,3.));
#11691 = DIRECTION('',(-0.,1.,0.));
#11692 = DIRECTION('',(0.,0.,1.));
#11693 = ADVANCED_FACE('',(#11694),#11735,.T.);
#11694 = FACE_BOUND('',#11695,.T.);
#11695 = EDGE_LOOP('',(#11696,#11697,#11698,#11706,#11712,#11713,#11721,
    #11729));
#11696 = ORIENTED_EDGE('',*,*,#11681,.F.);
#11697 = ORIENTED_EDGE('',*,*,#11049,.T.);
#11698 = ORIENTED_EDGE('',*,*,#11699,.T.);
#11699 = EDGE_CURVE('',#11042,#11700,#11702,.T.);
#11700 = VERTEX_POINT('',#11701);
#11701 = CARTESIAN_POINT('',(76.66,12.5,184.74));
#11702 = LINE('',#11703,#11704);
#11703 = CARTESIAN_POINT('',(66.66,12.5,184.74));
#11704 = VECTOR('',#11705,1.);
#11705 = DIRECTION('',(1.,0.,-0.));
#11706 = ORIENTED_EDGE('',*,*,#11707,.T.);
#11707 = EDGE_CURVE('',#11700,#11648,#11708,.T.);
#11708 = LINE('',#11709,#11710);
#11709 = CARTESIAN_POINT('',(76.66,12.5,184.74));
#11710 = VECTOR('',#11711,1.);
#11711 = DIRECTION('',(-0.,1.,0.));
#11712 = ORIENTED_EDGE('',*,*,#11655,.F.);
#11713 = ORIENTED_EDGE('',*,*,#11714,.F.);
#11714 = EDGE_CURVE('',#11715,#11656,#11717,.T.);
#11715 = VERTEX_POINT('',#11716);
#11716 = CARTESIAN_POINT('',(71.784807680927,61.56,184.74));
#11717 = LINE('',#11718,#11719);
#11718 = CARTESIAN_POINT('',(71.784807680927,61.56,184.74));
#11719 = VECTOR('',#11720,1.);
#11720 = DIRECTION('',(0.,1.,0.));
#11721 = ORIENTED_EDGE('',*,*,#11722,.T.);
#11722 = EDGE_CURVE('',#11715,#11723,#11725,.T.);
#11723 = VERTEX_POINT('',#11724);
#11724 = CARTESIAN_POINT('',(68.535192319073,61.56,184.74));
#11725 = LINE('',#11726,#11727);
#11726 = CARTESIAN_POINT('',(68.41,61.56,184.74));
#11727 = VECTOR('',#11728,1.);
#11728 = DIRECTION('',(-1.,0.,0.));
#11729 = ORIENTED_EDGE('',*,*,#11730,.T.);
#11730 = EDGE_CURVE('',#11723,#11673,#11731,.T.);
#11731 = LINE('',#11732,#11733);
#11732 = CARTESIAN_POINT('',(68.535192319073,61.56,184.74));
#11733 = VECTOR('',#11734,1.);
#11734 = DIRECTION('',(0.,1.,0.));
#11735 = PLANE('',#11736);
#11736 = AXIS2_PLACEMENT_3D('',#11737,#11738,#11739);
#11737 = CARTESIAN_POINT('',(66.66,12.5,184.74));
#11738 = DIRECTION('',(0.,0.,1.));
#11739 = DIRECTION('',(1.,0.,-0.));
#11740 = ADVANCED_FACE('',(#11741),#11752,.F.);
#11741 = FACE_BOUND('',#11742,.F.);
#11742 = EDGE_LOOP('',(#11743,#11744,#11745,#11751));
#11743 = ORIENTED_EDGE('',*,*,#11041,.T.);
#11744 = ORIENTED_EDGE('',*,*,#11699,.T.);
#11745 = ORIENTED_EDGE('',*,*,#11746,.F.);
#11746 = EDGE_CURVE('',#11082,#11700,#11747,.T.);
#11747 = LINE('',#11748,#11749);
#11748 = CARTESIAN_POINT('',(76.66,12.5,173.74));
#11749 = VECTOR('',#11750,1.);
#11750 = DIRECTION('',(0.,0.,1.));
#11751 = ORIENTED_EDGE('',*,*,#11089,.T.);
#11752 = PLANE('',#11753);
#11753 = AXIS2_PLACEMENT_3D('',#11754,#11755,#11756);
#11754 = CARTESIAN_POINT('',(66.66,12.5,173.74));
#11755 = DIRECTION('',(-0.,1.,0.));
#11756 = DIRECTION('',(0.,0.,1.));
#11757 = ADVANCED_FACE('',(#11758),#11796,.F.);
#11758 = FACE_BOUND('',#11759,.F.);
#11759 = EDGE_LOOP('',(#11760,#11771,#11777,#11778,#11779,#11786,#11787,
    #11788,#11789));
#11760 = ORIENTED_EDGE('',*,*,#11761,.T.);
#11761 = EDGE_CURVE('',#11762,#11764,#11766,.T.);
#11762 = VERTEX_POINT('',#11763);
#11763 = CARTESIAN_POINT('',(149.16,63.96,183.54));
#11764 = VERTEX_POINT('',#11765);
#11765 = CARTESIAN_POINT('',(149.16,63.96,186.94));
#11766 = CIRCLE('',#11767,1.7);
#11767 = AXIS2_PLACEMENT_3D('',#11768,#11769,#11770);
#11768 = CARTESIAN_POINT('',(149.16,63.96,185.24));
#11769 = DIRECTION('',(0.,-1.,0.));
#11770 = DIRECTION('',(0.,-0.,-1.));
#11771 = ORIENTED_EDGE('',*,*,#11772,.F.);
#11772 = EDGE_CURVE('',#11631,#11764,#11773,.T.);
#11773 = LINE('',#11774,#11775);
#11774 = CARTESIAN_POINT('',(149.16,61.56,186.94));
#11775 = VECTOR('',#11776,1.);
#11776 = DIRECTION('',(0.,1.,0.));
#11777 = ORIENTED_EDGE('',*,*,#11630,.T.);
#11778 = ORIENTED_EDGE('',*,*,#11159,.F.);
#11779 = ORIENTED_EDGE('',*,*,#11780,.T.);
#11780 = EDGE_CURVE('',#11160,#11168,#11781,.T.);
#11781 = CIRCLE('',#11782,1.7);
#11782 = AXIS2_PLACEMENT_3D('',#11783,#11784,#11785);
#11783 = CARTESIAN_POINT('',(149.16,61.56,185.24));
#11784 = DIRECTION('',(0.,1.,0.));
#11785 = DIRECTION('',(0.,-0.,1.));
#11786 = ORIENTED_EDGE('',*,*,#11175,.T.);
#11787 = ORIENTED_EDGE('',*,*,#11639,.T.);
#11788 = ORIENTED_EDGE('',*,*,#11772,.T.);
#11789 = ORIENTED_EDGE('',*,*,#11790,.T.);
#11790 = EDGE_CURVE('',#11764,#11762,#11791,.T.);
#11791 = CIRCLE('',#11792,1.7);
#11792 = AXIS2_PLACEMENT_3D('',#11793,#11794,#11795);
#11793 = CARTESIAN_POINT('',(149.16,63.96,185.24));
#11794 = DIRECTION('',(0.,-1.,0.));
#11795 = DIRECTION('',(0.,-0.,-1.));
#11796 = CYLINDRICAL_SURFACE('',#11797,1.7);
#11797 = AXIS2_PLACEMENT_3D('',#11798,#11799,#11800);
#11798 = CARTESIAN_POINT('',(149.16,61.56,185.24));
#11799 = DIRECTION('',(0.,1.,0.));
#11800 = DIRECTION('',(0.,-0.,1.));
#11801 = ADVANCED_FACE('',(#11802),#11806,.T.);
#11802 = FACE_BOUND('',#11803,.T.);
#11803 = EDGE_LOOP('',(#11804,#11805));
#11804 = ORIENTED_EDGE('',*,*,#11167,.F.);
#11805 = ORIENTED_EDGE('',*,*,#11780,.T.);
#11806 = PLANE('',#11807);
#11807 = AXIS2_PLACEMENT_3D('',#11808,#11809,#11810);
#11808 = CARTESIAN_POINT('',(149.16,61.56,185.24));
#11809 = DIRECTION('',(0.,1.,0.));
#11810 = DIRECTION('',(0.,-0.,1.));
#11811 = ADVANCED_FACE('',(#11812),#11818,.T.);
#11812 = FACE_BOUND('',#11813,.T.);
#11813 = EDGE_LOOP('',(#11814,#11815,#11816,#11817));
#11814 = ORIENTED_EDGE('',*,*,#11128,.F.);
#11815 = ORIENTED_EDGE('',*,*,#11256,.T.);
#11816 = ORIENTED_EDGE('',*,*,#11288,.T.);
#11817 = ORIENTED_EDGE('',*,*,#11304,.F.);
#11818 = PLANE('',#11819);
#11819 = AXIS2_PLACEMENT_3D('',#11820,#11821,#11822);
#11820 = CARTESIAN_POINT('',(121.66,59.3,184.24));
#11821 = DIRECTION('',(-0.,1.,0.));
#11822 = DIRECTION('',(0.,0.,1.));
#11823 = ADVANCED_FACE('',(#11824),#11830,.T.);
#11824 = FACE_BOUND('',#11825,.T.);
#11825 = EDGE_LOOP('',(#11826,#11827,#11828,#11829));
#11826 = ORIENTED_EDGE('',*,*,#11105,.F.);
#11827 = ORIENTED_EDGE('',*,*,#11191,.T.);
#11828 = ORIENTED_EDGE('',*,*,#11223,.T.);
#11829 = ORIENTED_EDGE('',*,*,#11239,.F.);
#11830 = PLANE('',#11831);
#11831 = AXIS2_PLACEMENT_3D('',#11832,#11833,#11834);
#11832 = CARTESIAN_POINT('',(94.66,59.3,184.24));
#11833 = DIRECTION('',(-0.,1.,0.));
#11834 = DIRECTION('',(0.,0.,1.));
#11835 = ADVANCED_FACE('',(#11836),#11842,.T.);
#11836 = FACE_BOUND('',#11837,.T.);
#11837 = EDGE_LOOP('',(#11838,#11839,#11840,#11841));
#11838 = ORIENTED_EDGE('',*,*,#11746,.F.);
#11839 = ORIENTED_EDGE('',*,*,#11081,.T.);
#11840 = ORIENTED_EDGE('',*,*,#11647,.F.);
#11841 = ORIENTED_EDGE('',*,*,#11707,.F.);
#11842 = PLANE('',#11843);
#11843 = AXIS2_PLACEMENT_3D('',#11844,#11845,#11846);
#11844 = CARTESIAN_POINT('',(76.66,12.5,173.74));
#11845 = DIRECTION('',(1.,0.,-0.));
#11846 = DIRECTION('',(0.,0.,1.));
#11847 = ADVANCED_FACE('',(#11848),#11854,.F.);
#11848 = FACE_BOUND('',#11849,.F.);
#11849 = EDGE_LOOP('',(#11850,#11851,#11852,#11853));
#11850 = ORIENTED_EDGE('',*,*,#11488,.F.);
#11851 = ORIENTED_EDGE('',*,*,#11512,.T.);
#11852 = ORIENTED_EDGE('',*,*,#11529,.T.);
#11853 = ORIENTED_EDGE('',*,*,#11428,.F.);
#11854 = PLANE('',#11855);
#11855 = AXIS2_PLACEMENT_3D('',#11856,#11857,#11858);
#11856 = CARTESIAN_POINT('',(69.66,63.86,7.5));
#11857 = DIRECTION('',(0.,0.,1.));
#11858 = DIRECTION('',(1.,0.,-0.));
#11859 = ADVANCED_FACE('',(#11860),#11888,.F.);
#11860 = FACE_BOUND('',#11861,.F.);
#11861 = EDGE_LOOP('',(#11862,#11870,#11879,#11886,#11887));
#11862 = ORIENTED_EDGE('',*,*,#11863,.T.);
#11863 = EDGE_CURVE('',#11448,#11864,#11866,.T.);
#11864 = VERTEX_POINT('',#11865);
#11865 = CARTESIAN_POINT('',(70.16,63.96,183.54));
#11866 = LINE('',#11867,#11868);
#11867 = CARTESIAN_POINT('',(70.16,66.56,181.99));
#11868 = VECTOR('',#11869,1.);
#11869 = DIRECTION('',(1.25419640541E-16,-0.858946974209,0.512064542317)
  );
#11870 = ORIENTED_EDGE('',*,*,#11871,.F.);
#11871 = EDGE_CURVE('',#11872,#11864,#11874,.T.);
#11872 = VERTEX_POINT('',#11873);
#11873 = CARTESIAN_POINT('',(70.16,63.96,186.94));
#11874 = CIRCLE('',#11875,1.7);
#11875 = AXIS2_PLACEMENT_3D('',#11876,#11877,#11878);
#11876 = CARTESIAN_POINT('',(70.16,63.96,185.24));
#11877 = DIRECTION('',(0.,-1.,0.));
#11878 = DIRECTION('',(0.,-0.,-1.));
#11879 = ORIENTED_EDGE('',*,*,#11880,.F.);
#11880 = EDGE_CURVE('',#11864,#11872,#11881,.T.);
#11881 = CIRCLE('',#11882,1.7);
#11882 = AXIS2_PLACEMENT_3D('',#11883,#11884,#11885);
#11883 = CARTESIAN_POINT('',(70.16,63.96,185.24));
#11884 = DIRECTION('',(0.,-1.,0.));
#11885 = DIRECTION('',(0.,-0.,-1.));
#11886 = ORIENTED_EDGE('',*,*,#11863,.F.);
#11887 = ORIENTED_EDGE('',*,*,#11447,.T.);
#11888 = CONICAL_SURFACE('',#11889,3.25,0.537586646659);
#11889 = AXIS2_PLACEMENT_3D('',#11890,#11891,#11892);
#11890 = CARTESIAN_POINT('',(70.16,66.56,185.24));
#11891 = DIRECTION('',(-0.,1.,-0.));
#11892 = DIRECTION('',(0.,-0.,-1.));
#11893 = ADVANCED_FACE('',(#11894),#11906,.F.);
#11894 = FACE_BOUND('',#11895,.F.);
#11895 = EDGE_LOOP('',(#11896,#11902,#11903,#11904,#11905));
#11896 = ORIENTED_EDGE('',*,*,#11897,.T.);
#11897 = EDGE_CURVE('',#11462,#11762,#11898,.T.);
#11898 = LINE('',#11899,#11900);
#11899 = CARTESIAN_POINT('',(149.16,66.56,181.99));
#11900 = VECTOR('',#11901,1.);
#11901 = DIRECTION('',(1.25419640541E-16,-0.858946974209,0.512064542317)
  );
#11902 = ORIENTED_EDGE('',*,*,#11790,.F.);
#11903 = ORIENTED_EDGE('',*,*,#11761,.F.);
#11904 = ORIENTED_EDGE('',*,*,#11897,.F.);
#11905 = ORIENTED_EDGE('',*,*,#11461,.T.);
#11906 = CONICAL_SURFACE('',#11907,3.25,0.537586646659);
#11907 = AXIS2_PLACEMENT_3D('',#11908,#11909,#11910);
#11908 = CARTESIAN_POINT('',(149.16,66.56,185.24));
#11909 = DIRECTION('',(-0.,1.,-0.));
#11910 = DIRECTION('',(0.,-0.,-1.));
#11911 = ADVANCED_FACE('',(#11912),#11934,.F.);
#11912 = FACE_BOUND('',#11913,.F.);
#11913 = EDGE_LOOP('',(#11914,#11915,#11921,#11922,#11923,#11930,#11931,
    #11932,#11933));
#11914 = ORIENTED_EDGE('',*,*,#11880,.T.);
#11915 = ORIENTED_EDGE('',*,*,#11916,.F.);
#11916 = EDGE_CURVE('',#11664,#11872,#11917,.T.);
#11917 = LINE('',#11918,#11919);
#11918 = CARTESIAN_POINT('',(70.16,61.56,186.94));
#11919 = VECTOR('',#11920,1.);
#11920 = DIRECTION('',(0.,1.,0.));
#11921 = ORIENTED_EDGE('',*,*,#11663,.T.);
#11922 = ORIENTED_EDGE('',*,*,#11714,.F.);
#11923 = ORIENTED_EDGE('',*,*,#11924,.T.);
#11924 = EDGE_CURVE('',#11715,#11723,#11925,.T.);
#11925 = CIRCLE('',#11926,1.7);
#11926 = AXIS2_PLACEMENT_3D('',#11927,#11928,#11929);
#11927 = CARTESIAN_POINT('',(70.16,61.56,185.24));
#11928 = DIRECTION('',(0.,1.,0.));
#11929 = DIRECTION('',(0.,-0.,1.));
#11930 = ORIENTED_EDGE('',*,*,#11730,.T.);
#11931 = ORIENTED_EDGE('',*,*,#11672,.T.);
#11932 = ORIENTED_EDGE('',*,*,#11916,.T.);
#11933 = ORIENTED_EDGE('',*,*,#11871,.T.);
#11934 = CYLINDRICAL_SURFACE('',#11935,1.7);
#11935 = AXIS2_PLACEMENT_3D('',#11936,#11937,#11938);
#11936 = CARTESIAN_POINT('',(70.16,61.56,185.24));
#11937 = DIRECTION('',(0.,1.,0.));
#11938 = DIRECTION('',(0.,-0.,1.));
#11939 = ADVANCED_FACE('',(#11940),#11944,.T.);
#11940 = FACE_BOUND('',#11941,.T.);
#11941 = EDGE_LOOP('',(#11942,#11943));
#11942 = ORIENTED_EDGE('',*,*,#11722,.F.);
#11943 = ORIENTED_EDGE('',*,*,#11924,.T.);
#11944 = PLANE('',#11945);
#11945 = AXIS2_PLACEMENT_3D('',#11946,#11947,#11948);
#11946 = CARTESIAN_POINT('',(70.16,61.56,185.24));
#11947 = DIRECTION('',(0.,1.,0.));
#11948 = DIRECTION('',(0.,-0.,1.));
#11949 = MANIFOLD_SOLID_BREP('',#11950);
#11950 = CLOSED_SHELL('',(#11951,#11991,#12056,#12080,#12182,#12199,
    #12211,#12233,#12250,#12267,#12279,#12304,#12329,#12354,#12379,
    #12399,#12419,#12439,#12459,#12484,#12509,#12534,#12559,#12568,
    #12577,#12586));
#11951 = ADVANCED_FACE('',(#11952),#11986,.F.);
#11952 = FACE_BOUND('',#11953,.F.);
#11953 = EDGE_LOOP('',(#11954,#11964,#11972,#11980));
#11954 = ORIENTED_EDGE('',*,*,#11955,.F.);
#11955 = EDGE_CURVE('',#11956,#11958,#11960,.T.);
#11956 = VERTEX_POINT('',#11957);
#11957 = CARTESIAN_POINT('',(-130.45,-1.5,76.47));
#11958 = VERTEX_POINT('',#11959);
#11959 = CARTESIAN_POINT('',(-130.45,-1.5,183.77));
#11960 = LINE('',#11961,#11962);
#11961 = CARTESIAN_POINT('',(-130.45,-1.5,76.47));
#11962 = VECTOR('',#11963,1.);
#11963 = DIRECTION('',(0.,0.,1.));
#11964 = ORIENTED_EDGE('',*,*,#11965,.T.);
#11965 = EDGE_CURVE('',#11956,#11966,#11968,.T.);
#11966 = VERTEX_POINT('',#11967);
#11967 = CARTESIAN_POINT('',(-130.45,0.,76.47));
#11968 = LINE('',#11969,#11970);
#11969 = CARTESIAN_POINT('',(-130.45,-1.5,76.47));
#11970 = VECTOR('',#11971,1.);
#11971 = DIRECTION('',(-0.,1.,0.));
#11972 = ORIENTED_EDGE('',*,*,#11973,.T.);
#11973 = EDGE_CURVE('',#11966,#11974,#11976,.T.);
#11974 = VERTEX_POINT('',#11975);
#11975 = CARTESIAN_POINT('',(-130.45,0.,183.77));
#11976 = LINE('',#11977,#11978);
#11977 = CARTESIAN_POINT('',(-130.45,0.,76.47));
#11978 = VECTOR('',#11979,1.);
#11979 = DIRECTION('',(0.,0.,1.));
#11980 = ORIENTED_EDGE('',*,*,#11981,.F.);
#11981 = EDGE_CURVE('',#11958,#11974,#11982,.T.);
#11982 = LINE('',#11983,#11984);
#11983 = CARTESIAN_POINT('',(-130.45,-1.5,183.77));
#11984 = VECTOR('',#11985,1.);
#11985 = DIRECTION('',(-0.,1.,0.));
#11986 = PLANE('',#11987);
#11987 = AXIS2_PLACEMENT_3D('',#11988,#11989,#11990);
#11988 = CARTESIAN_POINT('',(-130.45,-1.5,76.47));
#11989 = DIRECTION('',(1.,0.,-0.));
#11990 = DIRECTION('',(0.,0.,1.));
#11991 = ADVANCED_FACE('',(#11992,#12017),#12051,.F.);
#11992 = FACE_BOUND('',#11993,.F.);
#11993 = EDGE_LOOP('',(#11994,#12002,#12003,#12011));
#11994 = ORIENTED_EDGE('',*,*,#11995,.F.);
#11995 = EDGE_CURVE('',#11956,#11996,#11998,.T.);
#11996 = VERTEX_POINT('',#11997);
#11997 = CARTESIAN_POINT('',(45.31,-1.5,76.47));
#11998 = LINE('',#11999,#12000);
#11999 = CARTESIAN_POINT('',(-130.45,-1.5,76.47));
#12000 = VECTOR('',#12001,1.);
#12001 = DIRECTION('',(1.,0.,-0.));
#12002 = ORIENTED_EDGE('',*,*,#11955,.T.);
#12003 = ORIENTED_EDGE('',*,*,#12004,.T.);
#12004 = EDGE_CURVE('',#11958,#12005,#12007,.T.);
#12005 = VERTEX_POINT('',#12006);
#12006 = CARTESIAN_POINT('',(45.31,-1.5,183.77));
#12007 = LINE('',#12008,#12009);
#12008 = CARTESIAN_POINT('',(-130.45,-1.5,183.77));
#12009 = VECTOR('',#12010,1.);
#12010 = DIRECTION('',(1.,0.,-0.));
#12011 = ORIENTED_EDGE('',*,*,#12012,.F.);
#12012 = EDGE_CURVE('',#11996,#12005,#12013,.T.);
#12013 = LINE('',#12014,#12015);
#12014 = CARTESIAN_POINT('',(45.31,-1.5,76.47));
#12015 = VECTOR('',#12016,1.);
#12016 = DIRECTION('',(0.,0.,1.));
#12017 = FACE_BOUND('',#12018,.F.);
#12018 = EDGE_LOOP('',(#12019,#12029,#12037,#12045));
#12019 = ORIENTED_EDGE('',*,*,#12020,.F.);
#12020 = EDGE_CURVE('',#12021,#12023,#12025,.T.);
#12021 = VERTEX_POINT('',#12022);
#12022 = CARTESIAN_POINT('',(-122.45,-1.5,175.77));
#12023 = VERTEX_POINT('',#12024);
#12024 = CARTESIAN_POINT('',(37.31,-1.5,175.77));
#12025 = LINE('',#12026,#12027);
#12026 = CARTESIAN_POINT('',(-126.45,-1.5,175.77));
#12027 = VECTOR('',#12028,1.);
#12028 = DIRECTION('',(1.,0.,-0.));
#12029 = ORIENTED_EDGE('',*,*,#12030,.T.);
#12030 = EDGE_CURVE('',#12021,#12031,#12033,.T.);
#12031 = VERTEX_POINT('',#12032);
#12032 = CARTESIAN_POINT('',(-122.45,-1.5,84.47));
#12033 = LINE('',#12034,#12035);
#12034 = CARTESIAN_POINT('',(-122.45,-1.5,80.47));
#12035 = VECTOR('',#12036,1.);
#12036 = DIRECTION('',(-0.,0.,-1.));
#12037 = ORIENTED_EDGE('',*,*,#12038,.T.);
#12038 = EDGE_CURVE('',#12031,#12039,#12041,.T.);
#12039 = VERTEX_POINT('',#12040);
#12040 = CARTESIAN_POINT('',(37.31,-1.5,84.47));
#12041 = LINE('',#12042,#12043);
#12042 = CARTESIAN_POINT('',(-126.45,-1.5,84.47));
#12043 = VECTOR('',#12044,1.);
#12044 = DIRECTION('',(1.,0.,-0.));
#12045 = ORIENTED_EDGE('',*,*,#12046,.F.);
#12046 = EDGE_CURVE('',#12023,#12039,#12047,.T.);
#12047 = LINE('',#12048,#12049);
#12048 = CARTESIAN_POINT('',(37.31,-1.5,80.47));
#12049 = VECTOR('',#12050,1.);
#12050 = DIRECTION('',(-0.,0.,-1.));
#12051 = PLANE('',#12052);
#12052 = AXIS2_PLACEMENT_3D('',#12053,#12054,#12055);
#12053 = CARTESIAN_POINT('',(-130.45,-1.5,76.47));
#12054 = DIRECTION('',(-0.,1.,0.));
#12055 = DIRECTION('',(0.,0.,1.));
#12056 = ADVANCED_FACE('',(#12057),#12075,.T.);
#12057 = FACE_BOUND('',#12058,.T.);
#12058 = EDGE_LOOP('',(#12059,#12060,#12061,#12069));
#12059 = ORIENTED_EDGE('',*,*,#11981,.F.);
#12060 = ORIENTED_EDGE('',*,*,#12004,.T.);
#12061 = ORIENTED_EDGE('',*,*,#12062,.T.);
#12062 = EDGE_CURVE('',#12005,#12063,#12065,.T.);
#12063 = VERTEX_POINT('',#12064);
#12064 = CARTESIAN_POINT('',(45.31,0.,183.77));
#12065 = LINE('',#12066,#12067);
#12066 = CARTESIAN_POINT('',(45.31,-1.5,183.77));
#12067 = VECTOR('',#12068,1.);
#12068 = DIRECTION('',(-0.,1.,0.));
#12069 = ORIENTED_EDGE('',*,*,#12070,.F.);
#12070 = EDGE_CURVE('',#11974,#12063,#12071,.T.);
#12071 = LINE('',#12072,#12073);
#12072 = CARTESIAN_POINT('',(-130.45,0.,183.77));
#12073 = VECTOR('',#12074,1.);
#12074 = DIRECTION('',(1.,0.,-0.));
#12075 = PLANE('',#12076);
#12076 = AXIS2_PLACEMENT_3D('',#12077,#12078,#12079);
#12077 = CARTESIAN_POINT('',(-130.45,-1.5,183.77));
#12078 = DIRECTION('',(0.,0.,1.));
#12079 = DIRECTION('',(1.,0.,-0.));
#12080 = ADVANCED_FACE('',(#12081,#12099,#12110,#12121,#12155,#12166),
  #12177,.T.);
#12081 = FACE_BOUND('',#12082,.T.);
#12082 = EDGE_LOOP('',(#12083,#12091,#12092,#12093));
#12083 = ORIENTED_EDGE('',*,*,#12084,.F.);
#12084 = EDGE_CURVE('',#11966,#12085,#12087,.T.);
#12085 = VERTEX_POINT('',#12086);
#12086 = CARTESIAN_POINT('',(45.31,0.,76.47));
#12087 = LINE('',#12088,#12089);
#12088 = CARTESIAN_POINT('',(-130.45,0.,76.47));
#12089 = VECTOR('',#12090,1.);
#12090 = DIRECTION('',(1.,0.,-0.));
#12091 = ORIENTED_EDGE('',*,*,#11973,.T.);
#12092 = ORIENTED_EDGE('',*,*,#12070,.T.);
#12093 = ORIENTED_EDGE('',*,*,#12094,.F.);
#12094 = EDGE_CURVE('',#12085,#12063,#12095,.T.);
#12095 = LINE('',#12096,#12097);
#12096 = CARTESIAN_POINT('',(45.31,0.,76.47));
#12097 = VECTOR('',#12098,1.);
#12098 = DIRECTION('',(0.,0.,1.));
#12099 = FACE_BOUND('',#12100,.T.);
#12100 = EDGE_LOOP('',(#12101));
#12101 = ORIENTED_EDGE('',*,*,#12102,.F.);
#12102 = EDGE_CURVE('',#12103,#12103,#12105,.T.);
#12103 = VERTEX_POINT('',#12104);
#12104 = CARTESIAN_POINT('',(-126.45,0.,84.22));
#12105 = CIRCLE('',#12106,3.75);
#12106 = AXIS2_PLACEMENT_3D('',#12107,#12108,#12109);
#12107 = CARTESIAN_POINT('',(-126.45,0.,80.47));
#12108 = DIRECTION('',(0.,1.,0.));
#12109 = DIRECTION('',(0.,-0.,1.));
#12110 = FACE_BOUND('',#12111,.T.);
#12111 = EDGE_LOOP('',(#12112));
#12112 = ORIENTED_EDGE('',*,*,#12113,.F.);
#12113 = EDGE_CURVE('',#12114,#12114,#12116,.T.);
#12114 = VERTEX_POINT('',#12115);
#12115 = CARTESIAN_POINT('',(-126.45,0.,183.52));
#12116 = CIRCLE('',#12117,3.75);
#12117 = AXIS2_PLACEMENT_3D('',#12118,#12119,#12120);
#12118 = CARTESIAN_POINT('',(-126.45,0.,179.77));
#12119 = DIRECTION('',(0.,1.,0.));
#12120 = DIRECTION('',(0.,-0.,1.));
#12121 = FACE_BOUND('',#12122,.T.);
#12122 = EDGE_LOOP('',(#12123,#12133,#12141,#12149));
#12123 = ORIENTED_EDGE('',*,*,#12124,.F.);
#12124 = EDGE_CURVE('',#12125,#12127,#12129,.T.);
#12125 = VERTEX_POINT('',#12126);
#12126 = CARTESIAN_POINT('',(-122.45,0.,175.77));
#12127 = VERTEX_POINT('',#12128);
#12128 = CARTESIAN_POINT('',(37.31,0.,175.77));
#12129 = LINE('',#12130,#12131);
#12130 = CARTESIAN_POINT('',(-126.45,0.,175.77));
#12131 = VECTOR('',#12132,1.);
#12132 = DIRECTION('',(1.,0.,-0.));
#12133 = ORIENTED_EDGE('',*,*,#12134,.T.);
#12134 = EDGE_CURVE('',#12125,#12135,#12137,.T.);
#12135 = VERTEX_POINT('',#12136);
#12136 = CARTESIAN_POINT('',(-122.45,0.,84.47));
#12137 = LINE('',#12138,#12139);
#12138 = CARTESIAN_POINT('',(-122.45,0.,80.47));
#12139 = VECTOR('',#12140,1.);
#12140 = DIRECTION('',(-0.,0.,-1.));
#12141 = ORIENTED_EDGE('',*,*,#12142,.T.);
#12142 = EDGE_CURVE('',#12135,#12143,#12145,.T.);
#12143 = VERTEX_POINT('',#12144);
#12144 = CARTESIAN_POINT('',(37.31,0.,84.47));
#12145 = LINE('',#12146,#12147);
#12146 = CARTESIAN_POINT('',(-126.45,0.,84.47));
#12147 = VECTOR('',#12148,1.);
#12148 = DIRECTION('',(1.,0.,-0.));
#12149 = ORIENTED_EDGE('',*,*,#12150,.F.);
#12150 = EDGE_CURVE('',#12127,#12143,#12151,.T.);
#12151 = LINE('',#12152,#12153);
#12152 = CARTESIAN_POINT('',(37.31,0.,80.47));
#12153 = VECTOR('',#12154,1.);
#12154 = DIRECTION('',(-0.,0.,-1.));
#12155 = FACE_BOUND('',#12156,.T.);
#12156 = EDGE_LOOP('',(#12157));
#12157 = ORIENTED_EDGE('',*,*,#12158,.F.);
#12158 = EDGE_CURVE('',#12159,#12159,#12161,.T.);
#12159 = VERTEX_POINT('',#12160);
#12160 = CARTESIAN_POINT('',(41.31,0.,84.22));
#12161 = CIRCLE('',#12162,3.75);
#12162 = AXIS2_PLACEMENT_3D('',#12163,#12164,#12165);
#12163 = CARTESIAN_POINT('',(41.31,0.,80.47));
#12164 = DIRECTION('',(0.,1.,0.));
#12165 = DIRECTION('',(0.,-0.,1.));
#12166 = FACE_BOUND('',#12167,.T.);
#12167 = EDGE_LOOP('',(#12168));
#12168 = ORIENTED_EDGE('',*,*,#12169,.F.);
#12169 = EDGE_CURVE('',#12170,#12170,#12172,.T.);
#12170 = VERTEX_POINT('',#12171);
#12171 = CARTESIAN_POINT('',(41.31,0.,183.52));
#12172 = CIRCLE('',#12173,3.75);
#12173 = AXIS2_PLACEMENT_3D('',#12174,#12175,#12176);
#12174 = CARTESIAN_POINT('',(41.31,0.,179.77));
#12175 = DIRECTION('',(0.,1.,0.));
#12176 = DIRECTION('',(0.,-0.,1.));
#12177 = PLANE('',#12178);
#12178 = AXIS2_PLACEMENT_3D('',#12179,#12180,#12181);
#12179 = CARTESIAN_POINT('',(-130.45,0.,76.47));
#12180 = DIRECTION('',(-0.,1.,0.));
#12181 = DIRECTION('',(0.,0.,1.));
#12182 = ADVANCED_FACE('',(#12183),#12194,.F.);
#12183 = FACE_BOUND('',#12184,.F.);
#12184 = EDGE_LOOP('',(#12185,#12186,#12187,#12193));
#12185 = ORIENTED_EDGE('',*,*,#11965,.F.);
#12186 = ORIENTED_EDGE('',*,*,#11995,.T.);
#12187 = ORIENTED_EDGE('',*,*,#12188,.T.);
#12188 = EDGE_CURVE('',#11996,#12085,#12189,.T.);
#12189 = LINE('',#12190,#12191);
#12190 = CARTESIAN_POINT('',(45.31,-1.5,76.47));
#12191 = VECTOR('',#12192,1.);
#12192 = DIRECTION('',(-0.,1.,0.));
#12193 = ORIENTED_EDGE('',*,*,#12084,.F.);
#12194 = PLANE('',#12195);
#12195 = AXIS2_PLACEMENT_3D('',#12196,#12197,#12198);
#12196 = CARTESIAN_POINT('',(-130.45,-1.5,76.47));
#12197 = DIRECTION('',(0.,0.,1.));
#12198 = DIRECTION('',(1.,0.,-0.));
#12199 = ADVANCED_FACE('',(#12200),#12206,.T.);
#12200 = FACE_BOUND('',#12201,.T.);
#12201 = EDGE_LOOP('',(#12202,#12203,#12204,#12205));
#12202 = ORIENTED_EDGE('',*,*,#12012,.F.);
#12203 = ORIENTED_EDGE('',*,*,#12188,.T.);
#12204 = ORIENTED_EDGE('',*,*,#12094,.T.);
#12205 = ORIENTED_EDGE('',*,*,#12062,.F.);
#12206 = PLANE('',#12207);
#12207 = AXIS2_PLACEMENT_3D('',#12208,#12209,#12210);
#12208 = CARTESIAN_POINT('',(45.31,-1.5,76.47));
#12209 = DIRECTION('',(1.,0.,-0.));
#12210 = DIRECTION('',(0.,0.,1.));
#12211 = ADVANCED_FACE('',(#12212),#12228,.F.);
#12212 = FACE_BOUND('',#12213,.F.);
#12213 = EDGE_LOOP('',(#12214,#12220,#12221,#12227));
#12214 = ORIENTED_EDGE('',*,*,#12215,.F.);
#12215 = EDGE_CURVE('',#12021,#12125,#12216,.T.);
#12216 = LINE('',#12217,#12218);
#12217 = CARTESIAN_POINT('',(-122.45,-2.5,175.77));
#12218 = VECTOR('',#12219,1.);
#12219 = DIRECTION('',(-0.,1.,0.));
#12220 = ORIENTED_EDGE('',*,*,#12020,.T.);
#12221 = ORIENTED_EDGE('',*,*,#12222,.T.);
#12222 = EDGE_CURVE('',#12023,#12127,#12223,.T.);
#12223 = LINE('',#12224,#12225);
#12224 = CARTESIAN_POINT('',(37.31,-2.5,175.77));
#12225 = VECTOR('',#12226,1.);
#12226 = DIRECTION('',(-0.,1.,0.));
#12227 = ORIENTED_EDGE('',*,*,#12124,.F.);
#12228 = PLANE('',#12229);
#12229 = AXIS2_PLACEMENT_3D('',#12230,#12231,#12232);
#12230 = CARTESIAN_POINT('',(-122.45,-2.5,175.77));
#12231 = DIRECTION('',(0.,0.,1.));
#12232 = DIRECTION('',(1.,0.,-0.));
#12233 = ADVANCED_FACE('',(#12234),#12245,.F.);
#12234 = FACE_BOUND('',#12235,.F.);
#12235 = EDGE_LOOP('',(#12236,#12237,#12238,#12244));
#12236 = ORIENTED_EDGE('',*,*,#12222,.F.);
#12237 = ORIENTED_EDGE('',*,*,#12046,.T.);
#12238 = ORIENTED_EDGE('',*,*,#12239,.T.);
#12239 = EDGE_CURVE('',#12039,#12143,#12240,.T.);
#12240 = LINE('',#12241,#12242);
#12241 = CARTESIAN_POINT('',(37.31,-2.5,84.47));
#12242 = VECTOR('',#12243,1.);
#12243 = DIRECTION('',(-0.,1.,0.));
#12244 = ORIENTED_EDGE('',*,*,#12150,.F.);
#12245 = PLANE('',#12246);
#12246 = AXIS2_PLACEMENT_3D('',#12247,#12248,#12249);
#12247 = CARTESIAN_POINT('',(37.31,-2.5,84.47));
#12248 = DIRECTION('',(1.,0.,-0.));
#12249 = DIRECTION('',(0.,0.,1.));
#12250 = ADVANCED_FACE('',(#12251),#12262,.T.);
#12251 = FACE_BOUND('',#12252,.T.);
#12252 = EDGE_LOOP('',(#12253,#12259,#12260,#12261));
#12253 = ORIENTED_EDGE('',*,*,#12254,.F.);
#12254 = EDGE_CURVE('',#12031,#12135,#12255,.T.);
#12255 = LINE('',#12256,#12257);
#12256 = CARTESIAN_POINT('',(-122.45,-2.5,84.47));
#12257 = VECTOR('',#12258,1.);
#12258 = DIRECTION('',(-0.,1.,0.));
#12259 = ORIENTED_EDGE('',*,*,#12038,.T.);
#12260 = ORIENTED_EDGE('',*,*,#12239,.T.);
#12261 = ORIENTED_EDGE('',*,*,#12142,.F.);
#12262 = PLANE('',#12263);
#12263 = AXIS2_PLACEMENT_3D('',#12264,#12265,#12266);
#12264 = CARTESIAN_POINT('',(-122.45,-2.5,84.47));
#12265 = DIRECTION('',(0.,0.,1.));
#12266 = DIRECTION('',(1.,0.,-0.));
#12267 = ADVANCED_FACE('',(#12268),#12274,.T.);
#12268 = FACE_BOUND('',#12269,.T.);
#12269 = EDGE_LOOP('',(#12270,#12271,#12272,#12273));
#12270 = ORIENTED_EDGE('',*,*,#12215,.F.);
#12271 = ORIENTED_EDGE('',*,*,#12030,.T.);
#12272 = ORIENTED_EDGE('',*,*,#12254,.T.);
#12273 = ORIENTED_EDGE('',*,*,#12134,.F.);
#12274 = PLANE('',#12275);
#12275 = AXIS2_PLACEMENT_3D('',#12276,#12277,#12278);
#12276 = CARTESIAN_POINT('',(-122.45,-2.5,84.47));
#12277 = DIRECTION('',(1.,0.,-0.));
#12278 = DIRECTION('',(0.,0.,1.));
#12279 = ADVANCED_FACE('',(#12280),#12299,.T.);
#12280 = FACE_BOUND('',#12281,.T.);
#12281 = EDGE_LOOP('',(#12282,#12290,#12297,#12298));
#12282 = ORIENTED_EDGE('',*,*,#12283,.T.);
#12283 = EDGE_CURVE('',#12103,#12284,#12286,.T.);
#12284 = VERTEX_POINT('',#12285);
#12285 = CARTESIAN_POINT('',(-126.45,7.1,84.22));
#12286 = LINE('',#12287,#12288);
#12287 = CARTESIAN_POINT('',(-126.45,-0.3,84.22));
#12288 = VECTOR('',#12289,1.);
#12289 = DIRECTION('',(0.,1.,0.));
#12290 = ORIENTED_EDGE('',*,*,#12291,.F.);
#12291 = EDGE_CURVE('',#12284,#12284,#12292,.T.);
#12292 = CIRCLE('',#12293,3.75);
#12293 = AXIS2_PLACEMENT_3D('',#12294,#12295,#12296);
#12294 = CARTESIAN_POINT('',(-126.45,7.1,80.47));
#12295 = DIRECTION('',(0.,1.,0.));
#12296 = DIRECTION('',(0.,-0.,1.));
#12297 = ORIENTED_EDGE('',*,*,#12283,.F.);
#12298 = ORIENTED_EDGE('',*,*,#12102,.T.);
#12299 = CYLINDRICAL_SURFACE('',#12300,3.75);
#12300 = AXIS2_PLACEMENT_3D('',#12301,#12302,#12303);
#12301 = CARTESIAN_POINT('',(-126.45,-0.3,80.47));
#12302 = DIRECTION('',(0.,1.,0.));
#12303 = DIRECTION('',(0.,-0.,1.));
#12304 = ADVANCED_FACE('',(#12305),#12324,.T.);
#12305 = FACE_BOUND('',#12306,.T.);
#12306 = EDGE_LOOP('',(#12307,#12315,#12322,#12323));
#12307 = ORIENTED_EDGE('',*,*,#12308,.T.);
#12308 = EDGE_CURVE('',#12114,#12309,#12311,.T.);
#12309 = VERTEX_POINT('',#12310);
#12310 = CARTESIAN_POINT('',(-126.45,7.1,183.52));
#12311 = LINE('',#12312,#12313);
#12312 = CARTESIAN_POINT('',(-126.45,-0.3,183.52));
#12313 = VECTOR('',#12314,1.);
#12314 = DIRECTION('',(0.,1.,0.));
#12315 = ORIENTED_EDGE('',*,*,#12316,.F.);
#12316 = EDGE_CURVE('',#12309,#12309,#12317,.T.);
#12317 = CIRCLE('',#12318,3.75);
#12318 = AXIS2_PLACEMENT_3D('',#12319,#12320,#12321);
#12319 = CARTESIAN_POINT('',(-126.45,7.1,179.77));
#12320 = DIRECTION('',(0.,1.,0.));
#12321 = DIRECTION('',(0.,-0.,1.));
#12322 = ORIENTED_EDGE('',*,*,#12308,.F.);
#12323 = ORIENTED_EDGE('',*,*,#12113,.T.);
#12324 = CYLINDRICAL_SURFACE('',#12325,3.75);
#12325 = AXIS2_PLACEMENT_3D('',#12326,#12327,#12328);
#12326 = CARTESIAN_POINT('',(-126.45,-0.3,179.77));
#12327 = DIRECTION('',(0.,1.,0.));
#12328 = DIRECTION('',(0.,-0.,1.));
#12329 = ADVANCED_FACE('',(#12330),#12349,.T.);
#12330 = FACE_BOUND('',#12331,.T.);
#12331 = EDGE_LOOP('',(#12332,#12340,#12347,#12348));
#12332 = ORIENTED_EDGE('',*,*,#12333,.T.);
#12333 = EDGE_CURVE('',#12159,#12334,#12336,.T.);
#12334 = VERTEX_POINT('',#12335);
#12335 = CARTESIAN_POINT('',(41.31,7.1,84.22));
#12336 = LINE('',#12337,#12338);
#12337 = CARTESIAN_POINT('',(41.31,-0.3,84.22));
#12338 = VECTOR('',#12339,1.);
#12339 = DIRECTION('',(0.,1.,0.));
#12340 = ORIENTED_EDGE('',*,*,#12341,.F.);
#12341 = EDGE_CURVE('',#12334,#12334,#12342,.T.);
#12342 = CIRCLE('',#12343,3.75);
#12343 = AXIS2_PLACEMENT_3D('',#12344,#12345,#12346);
#12344 = CARTESIAN_POINT('',(41.31,7.1,80.47));
#12345 = DIRECTION('',(0.,1.,0.));
#12346 = DIRECTION('',(0.,-0.,1.));
#12347 = ORIENTED_EDGE('',*,*,#12333,.F.);
#12348 = ORIENTED_EDGE('',*,*,#12158,.T.);
#12349 = CYLINDRICAL_SURFACE('',#12350,3.75);
#12350 = AXIS2_PLACEMENT_3D('',#12351,#12352,#12353);
#12351 = CARTESIAN_POINT('',(41.31,-0.3,80.47));
#12352 = DIRECTION('',(0.,1.,0.));
#12353 = DIRECTION('',(0.,-0.,1.));
#12354 = ADVANCED_FACE('',(#12355),#12374,.T.);
#12355 = FACE_BOUND('',#12356,.T.);
#12356 = EDGE_LOOP('',(#12357,#12365,#12372,#12373));
#12357 = ORIENTED_EDGE('',*,*,#12358,.T.);
#12358 = EDGE_CURVE('',#12170,#12359,#12361,.T.);
#12359 = VERTEX_POINT('',#12360);
#12360 = CARTESIAN_POINT('',(41.31,7.1,183.52));
#12361 = LINE('',#12362,#12363);
#12362 = CARTESIAN_POINT('',(41.31,-0.3,183.52));
#12363 = VECTOR('',#12364,1.);
#12364 = DIRECTION('',(0.,1.,0.));
#12365 = ORIENTED_EDGE('',*,*,#12366,.F.);
#12366 = EDGE_CURVE('',#12359,#12359,#12367,.T.);
#12367 = CIRCLE('',#12368,3.75);
#12368 = AXIS2_PLACEMENT_3D('',#12369,#12370,#12371);
#12369 = CARTESIAN_POINT('',(41.31,7.1,179.77));
#12370 = DIRECTION('',(0.,1.,0.));
#12371 = DIRECTION('',(0.,-0.,1.));
#12372 = ORIENTED_EDGE('',*,*,#12358,.F.);
#12373 = ORIENTED_EDGE('',*,*,#12169,.T.);
#12374 = CYLINDRICAL_SURFACE('',#12375,3.75);
#12375 = AXIS2_PLACEMENT_3D('',#12376,#12377,#12378);
#12376 = CARTESIAN_POINT('',(41.31,-0.3,179.77));
#12377 = DIRECTION('',(0.,1.,0.));
#12378 = DIRECTION('',(0.,-0.,1.));
#12379 = ADVANCED_FACE('',(#12380,#12383),#12394,.T.);
#12380 = FACE_BOUND('',#12381,.T.);
#12381 = EDGE_LOOP('',(#12382));
#12382 = ORIENTED_EDGE('',*,*,#12291,.T.);
#12383 = FACE_BOUND('',#12384,.T.);
#12384 = EDGE_LOOP('',(#12385));
#12385 = ORIENTED_EDGE('',*,*,#12386,.F.);
#12386 = EDGE_CURVE('',#12387,#12387,#12389,.T.);
#12387 = VERTEX_POINT('',#12388);
#12388 = CARTESIAN_POINT('',(-126.45,7.1,82.47));
#12389 = CIRCLE('',#12390,2.);
#12390 = AXIS2_PLACEMENT_3D('',#12391,#12392,#12393);
#12391 = CARTESIAN_POINT('',(-126.45,7.1,80.47));
#12392 = DIRECTION('',(0.,1.,0.));
#12393 = DIRECTION('',(0.,-0.,1.));
#12394 = PLANE('',#12395);
#12395 = AXIS2_PLACEMENT_3D('',#12396,#12397,#12398);
#12396 = CARTESIAN_POINT('',(-126.45,7.1,80.47));
#12397 = DIRECTION('',(0.,1.,0.));
#12398 = DIRECTION('',(0.,-0.,1.));
#12399 = ADVANCED_FACE('',(#12400,#12403),#12414,.T.);
#12400 = FACE_BOUND('',#12401,.T.);
#12401 = EDGE_LOOP('',(#12402));
#12402 = ORIENTED_EDGE('',*,*,#12316,.T.);
#12403 = FACE_BOUND('',#12404,.T.);
#12404 = EDGE_LOOP('',(#12405));
#12405 = ORIENTED_EDGE('',*,*,#12406,.F.);
#12406 = EDGE_CURVE('',#12407,#12407,#12409,.T.);
#12407 = VERTEX_POINT('',#12408);
#12408 = CARTESIAN_POINT('',(-126.45,7.1,181.77));
#12409 = CIRCLE('',#12410,2.);
#12410 = AXIS2_PLACEMENT_3D('',#12411,#12412,#12413);
#12411 = CARTESIAN_POINT('',(-126.45,7.1,179.77));
#12412 = DIRECTION('',(0.,1.,0.));
#12413 = DIRECTION('',(0.,-0.,1.));
#12414 = PLANE('',#12415);
#12415 = AXIS2_PLACEMENT_3D('',#12416,#12417,#12418);
#12416 = CARTESIAN_POINT('',(-126.45,7.1,179.77));
#12417 = DIRECTION('',(0.,1.,0.));
#12418 = DIRECTION('',(0.,-0.,1.));
#12419 = ADVANCED_FACE('',(#12420,#12423),#12434,.T.);
#12420 = FACE_BOUND('',#12421,.T.);
#12421 = EDGE_LOOP('',(#12422));
#12422 = ORIENTED_EDGE('',*,*,#12341,.T.);
#12423 = FACE_BOUND('',#12424,.T.);
#12424 = EDGE_LOOP('',(#12425));
#12425 = ORIENTED_EDGE('',*,*,#12426,.F.);
#12426 = EDGE_CURVE('',#12427,#12427,#12429,.T.);
#12427 = VERTEX_POINT('',#12428);
#12428 = CARTESIAN_POINT('',(41.31,7.1,82.47));
#12429 = CIRCLE('',#12430,2.);
#12430 = AXIS2_PLACEMENT_3D('',#12431,#12432,#12433);
#12431 = CARTESIAN_POINT('',(41.31,7.1,80.47));
#12432 = DIRECTION('',(0.,1.,0.));
#12433 = DIRECTION('',(0.,-0.,1.));
#12434 = PLANE('',#12435);
#12435 = AXIS2_PLACEMENT_3D('',#12436,#12437,#12438);
#12436 = CARTESIAN_POINT('',(41.31,7.1,80.47));
#12437 = DIRECTION('',(0.,1.,0.));
#12438 = DIRECTION('',(0.,-0.,1.));
#12439 = ADVANCED_FACE('',(#12440,#12443),#12454,.T.);
#12440 = FACE_BOUND('',#12441,.T.);
#12441 = EDGE_LOOP('',(#12442));
#12442 = ORIENTED_EDGE('',*,*,#12366,.T.);
#12443 = FACE_BOUND('',#12444,.T.);
#12444 = EDGE_LOOP('',(#12445));
#12445 = ORIENTED_EDGE('',*,*,#12446,.F.);
#12446 = EDGE_CURVE('',#12447,#12447,#12449,.T.);
#12447 = VERTEX_POINT('',#12448);
#12448 = CARTESIAN_POINT('',(41.31,7.1,181.77));
#12449 = CIRCLE('',#12450,2.);
#12450 = AXIS2_PLACEMENT_3D('',#12451,#12452,#12453);
#12451 = CARTESIAN_POINT('',(41.31,7.1,179.77));
#12452 = DIRECTION('',(0.,1.,0.));
#12453 = DIRECTION('',(0.,-0.,1.));
#12454 = PLANE('',#12455);
#12455 = AXIS2_PLACEMENT_3D('',#12456,#12457,#12458);
#12456 = CARTESIAN_POINT('',(41.31,7.1,179.77));
#12457 = DIRECTION('',(0.,1.,0.));
#12458 = DIRECTION('',(0.,-0.,1.));
#12459 = ADVANCED_FACE('',(#12460),#12479,.F.);
#12460 = FACE_BOUND('',#12461,.F.);
#12461 = EDGE_LOOP('',(#12462,#12463,#12471,#12478));
#12462 = ORIENTED_EDGE('',*,*,#12386,.F.);
#12463 = ORIENTED_EDGE('',*,*,#12464,.F.);
#12464 = EDGE_CURVE('',#12465,#12387,#12467,.T.);
#12465 = VERTEX_POINT('',#12466);
#12466 = CARTESIAN_POINT('',(-126.45,0.6,82.47));
#12467 = LINE('',#12468,#12469);
#12468 = CARTESIAN_POINT('',(-126.45,0.6,82.47));
#12469 = VECTOR('',#12470,1.);
#12470 = DIRECTION('',(0.,1.,0.));
#12471 = ORIENTED_EDGE('',*,*,#12472,.T.);
#12472 = EDGE_CURVE('',#12465,#12465,#12473,.T.);
#12473 = CIRCLE('',#12474,2.);
#12474 = AXIS2_PLACEMENT_3D('',#12475,#12476,#12477);
#12475 = CARTESIAN_POINT('',(-126.45,0.6,80.47));
#12476 = DIRECTION('',(0.,1.,0.));
#12477 = DIRECTION('',(0.,-0.,1.));
#12478 = ORIENTED_EDGE('',*,*,#12464,.T.);
#12479 = CYLINDRICAL_SURFACE('',#12480,2.);
#12480 = AXIS2_PLACEMENT_3D('',#12481,#12482,#12483);
#12481 = CARTESIAN_POINT('',(-126.45,0.6,80.47));
#12482 = DIRECTION('',(0.,1.,0.));
#12483 = DIRECTION('',(0.,-0.,1.));
#12484 = ADVANCED_FACE('',(#12485),#12504,.F.);
#12485 = FACE_BOUND('',#12486,.F.);
#12486 = EDGE_LOOP('',(#12487,#12488,#12496,#12503));
#12487 = ORIENTED_EDGE('',*,*,#12406,.F.);
#12488 = ORIENTED_EDGE('',*,*,#12489,.F.);
#12489 = EDGE_CURVE('',#12490,#12407,#12492,.T.);
#12490 = VERTEX_POINT('',#12491);
#12491 = CARTESIAN_POINT('',(-126.45,0.6,181.77));
#12492 = LINE('',#12493,#12494);
#12493 = CARTESIAN_POINT('',(-126.45,0.6,181.77));
#12494 = VECTOR('',#12495,1.);
#12495 = DIRECTION('',(0.,1.,0.));
#12496 = ORIENTED_EDGE('',*,*,#12497,.T.);
#12497 = EDGE_CURVE('',#12490,#12490,#12498,.T.);
#12498 = CIRCLE('',#12499,2.);
#12499 = AXIS2_PLACEMENT_3D('',#12500,#12501,#12502);
#12500 = CARTESIAN_POINT('',(-126.45,0.6,179.77));
#12501 = DIRECTION('',(0.,1.,0.));
#12502 = DIRECTION('',(0.,-0.,1.));
#12503 = ORIENTED_EDGE('',*,*,#12489,.T.);
#12504 = CYLINDRICAL_SURFACE('',#12505,2.);
#12505 = AXIS2_PLACEMENT_3D('',#12506,#12507,#12508);
#12506 = CARTESIAN_POINT('',(-126.45,0.6,179.77));
#12507 = DIRECTION('',(0.,1.,0.));
#12508 = DIRECTION('',(0.,-0.,1.));
#12509 = ADVANCED_FACE('',(#12510),#12529,.F.);
#12510 = FACE_BOUND('',#12511,.F.);
#12511 = EDGE_LOOP('',(#12512,#12513,#12521,#12528));
#12512 = ORIENTED_EDGE('',*,*,#12426,.F.);
#12513 = ORIENTED_EDGE('',*,*,#12514,.F.);
#12514 = EDGE_CURVE('',#12515,#12427,#12517,.T.);
#12515 = VERTEX_POINT('',#12516);
#12516 = CARTESIAN_POINT('',(41.31,0.6,82.47));
#12517 = LINE('',#12518,#12519);
#12518 = CARTESIAN_POINT('',(41.31,0.6,82.47));
#12519 = VECTOR('',#12520,1.);
#12520 = DIRECTION('',(0.,1.,0.));
#12521 = ORIENTED_EDGE('',*,*,#12522,.T.);
#12522 = EDGE_CURVE('',#12515,#12515,#12523,.T.);
#12523 = CIRCLE('',#12524,2.);
#12524 = AXIS2_PLACEMENT_3D('',#12525,#12526,#12527);
#12525 = CARTESIAN_POINT('',(41.31,0.6,80.47));
#12526 = DIRECTION('',(0.,1.,0.));
#12527 = DIRECTION('',(0.,-0.,1.));
#12528 = ORIENTED_EDGE('',*,*,#12514,.T.);
#12529 = CYLINDRICAL_SURFACE('',#12530,2.);
#12530 = AXIS2_PLACEMENT_3D('',#12531,#12532,#12533);
#12531 = CARTESIAN_POINT('',(41.31,0.6,80.47));
#12532 = DIRECTION('',(0.,1.,0.));
#12533 = DIRECTION('',(0.,-0.,1.));
#12534 = ADVANCED_FACE('',(#12535),#12554,.F.);
#12535 = FACE_BOUND('',#12536,.F.);
#12536 = EDGE_LOOP('',(#12537,#12538,#12546,#12553));
#12537 = ORIENTED_EDGE('',*,*,#12446,.F.);
#12538 = ORIENTED_EDGE('',*,*,#12539,.F.);
#12539 = EDGE_CURVE('',#12540,#12447,#12542,.T.);
#12540 = VERTEX_POINT('',#12541);
#12541 = CARTESIAN_POINT('',(41.31,0.6,181.77));
#12542 = LINE('',#12543,#12544);
#12543 = CARTESIAN_POINT('',(41.31,0.6,181.77));
#12544 = VECTOR('',#12545,1.);
#12545 = DIRECTION('',(0.,1.,0.));
#12546 = ORIENTED_EDGE('',*,*,#12547,.T.);
#12547 = EDGE_CURVE('',#12540,#12540,#12548,.T.);
#12548 = CIRCLE('',#12549,2.);
#12549 = AXIS2_PLACEMENT_3D('',#12550,#12551,#12552);
#12550 = CARTESIAN_POINT('',(41.31,0.6,179.77));
#12551 = DIRECTION('',(0.,1.,0.));
#12552 = DIRECTION('',(0.,-0.,1.));
#12553 = ORIENTED_EDGE('',*,*,#12539,.T.);
#12554 = CYLINDRICAL_SURFACE('',#12555,2.);
#12555 = AXIS2_PLACEMENT_3D('',#12556,#12557,#12558);
#12556 = CARTESIAN_POINT('',(41.31,0.6,179.77));
#12557 = DIRECTION('',(0.,1.,0.));
#12558 = DIRECTION('',(0.,-0.,1.));
#12559 = ADVANCED_FACE('',(#12560),#12563,.T.);
#12560 = FACE_BOUND('',#12561,.F.);
#12561 = EDGE_LOOP('',(#12562));
#12562 = ORIENTED_EDGE('',*,*,#12472,.F.);
#12563 = PLANE('',#12564);
#12564 = AXIS2_PLACEMENT_3D('',#12565,#12566,#12567);
#12565 = CARTESIAN_POINT('',(-126.45,0.6,80.47));
#12566 = DIRECTION('',(0.,1.,0.));
#12567 = DIRECTION('',(0.,-0.,1.));
#12568 = ADVANCED_FACE('',(#12569),#12572,.T.);
#12569 = FACE_BOUND('',#12570,.F.);
#12570 = EDGE_LOOP('',(#12571));
#12571 = ORIENTED_EDGE('',*,*,#12497,.F.);
#12572 = PLANE('',#12573);
#12573 = AXIS2_PLACEMENT_3D('',#12574,#12575,#12576);
#12574 = CARTESIAN_POINT('',(-126.45,0.6,179.77));
#12575 = DIRECTION('',(0.,1.,0.));
#12576 = DIRECTION('',(0.,-0.,1.));
#12577 = ADVANCED_FACE('',(#12578),#12581,.T.);
#12578 = FACE_BOUND('',#12579,.F.);
#12579 = EDGE_LOOP('',(#12580));
#12580 = ORIENTED_EDGE('',*,*,#12522,.F.);
#12581 = PLANE('',#12582);
#12582 = AXIS2_PLACEMENT_3D('',#12583,#12584,#12585);
#12583 = CARTESIAN_POINT('',(41.31,0.6,80.47));
#12584 = DIRECTION('',(0.,1.,0.));
#12585 = DIRECTION('',(0.,-0.,1.));
#12586 = ADVANCED_FACE('',(#12587),#12590,.T.);
#12587 = FACE_BOUND('',#12588,.F.);
#12588 = EDGE_LOOP('',(#12589));
#12589 = ORIENTED_EDGE('',*,*,#12547,.F.);
#12590 = PLANE('',#12591);
#12591 = AXIS2_PLACEMENT_3D('',#12592,#12593,#12594);
#12592 = CARTESIAN_POINT('',(41.31,0.6,179.77));
#12593 = DIRECTION('',(0.,1.,0.));
#12594 = DIRECTION('',(0.,-0.,1.));
#12595 = MANIFOLD_SOLID_BREP('',#12596);
#12596 = CLOSED_SHELL('',(#12597,#12637,#13991,#14016,#15362,#15379,
    #15396,#15413,#15430,#15447,#15459,#15476,#15493,#15510,#15527,
    #15544,#15561,#15578,#15595,#15612,#15629,#15646,#15663,#15680,
    #15697,#15714,#15731,#15748,#15765,#15782,#15799,#15816,#15833,
    #15850,#15867,#15884,#15901,#15918,#15935,#15952,#15969,#15986,
    #16003,#16020,#16037,#16054,#16071,#16088,#16105,#16122,#16139,
    #16156,#16173,#16190,#16207,#16224,#16241,#16258,#16275,#16292,
    #16309,#16326,#16343,#16360,#16377,#16394,#16411,#16428,#16445,
    #16462,#16479,#16496,#16513,#16530,#16547,#16564,#16581,#16598,
    #16615,#16632,#16649,#16666,#16683,#16700,#16717,#16734,#16751,
    #16768,#16785,#16802,#16819,#16836,#16853,#16870,#16887,#16904,
    #16921,#16938,#16955,#16972,#16989,#17006,#17023,#17040,#17057,
    #17074,#17091,#17108,#17125,#17142,#17159,#17176,#17193,#17210,
    #17227,#17244,#17261,#17278,#17295,#17312,#17329,#17346,#17363,
    #17380,#17397,#17414,#17431));
#12597 = ADVANCED_FACE('',(#12598),#12632,.F.);
#12598 = FACE_BOUND('',#12599,.F.);
#12599 = EDGE_LOOP('',(#12600,#12610,#12618,#12626));
#12600 = ORIENTED_EDGE('',*,*,#12601,.F.);
#12601 = EDGE_CURVE('',#12602,#12604,#12606,.T.);
#12602 = VERTEX_POINT('',#12603);
#12603 = CARTESIAN_POINT('',(-137.66,10.,15.374772708487));
#12604 = VERTEX_POINT('',#12605);
#12605 = CARTESIAN_POINT('',(-137.66,10.,53.625227291513));
#12606 = LINE('',#12607,#12608);
#12607 = CARTESIAN_POINT('',(-137.66,10.,15.));
#12608 = VECTOR('',#12609,1.);
#12609 = DIRECTION('',(0.,0.,1.));
#12610 = ORIENTED_EDGE('',*,*,#12611,.T.);
#12611 = EDGE_CURVE('',#12602,#12612,#12614,.T.);
#12612 = VERTEX_POINT('',#12613);
#12613 = CARTESIAN_POINT('',(-137.66,12.,15.374772708487));
#12614 = LINE('',#12615,#12616);
#12615 = CARTESIAN_POINT('',(-137.66,-2.,15.374772708487));
#12616 = VECTOR('',#12617,1.);
#12617 = DIRECTION('',(0.,1.,0.));
#12618 = ORIENTED_EDGE('',*,*,#12619,.T.);
#12619 = EDGE_CURVE('',#12612,#12620,#12622,.T.);
#12620 = VERTEX_POINT('',#12621);
#12621 = CARTESIAN_POINT('',(-137.66,12.,53.625227291513));
#12622 = LINE('',#12623,#12624);
#12623 = CARTESIAN_POINT('',(-137.66,12.,15.));
#12624 = VECTOR('',#12625,1.);
#12625 = DIRECTION('',(0.,0.,1.));
#12626 = ORIENTED_EDGE('',*,*,#12627,.F.);
#12627 = EDGE_CURVE('',#12604,#12620,#12628,.T.);
#12628 = LINE('',#12629,#12630);
#12629 = CARTESIAN_POINT('',(-137.66,-2.,53.625227291513));
#12630 = VECTOR('',#12631,1.);
#12631 = DIRECTION('',(0.,1.,0.));
#12632 = PLANE('',#12633);
#12633 = AXIS2_PLACEMENT_3D('',#12634,#12635,#12636);
#12634 = CARTESIAN_POINT('',(-137.66,10.,15.));
#12635 = DIRECTION('',(1.,0.,-0.));
#12636 = DIRECTION('',(0.,0.,1.));
#12637 = ADVANCED_FACE('',(#12638,#12699,#12710,#12721,#12732,#12743,
    #12754,#12765,#12776,#12787,#12798,#12809,#12820,#12831,#12842,
    #12853,#12864,#12875,#12886,#12897,#12908,#12919,#12930,#12941,
    #12952,#12963,#12974,#12985,#12996,#13007,#13018,#13029,#13040,
    #13051,#13062,#13073,#13084,#13095,#13106,#13117,#13128,#13139,
    #13150,#13161,#13172,#13183,#13194,#13205,#13216,#13227,#13238,
    #13249,#13260,#13271,#13282,#13293,#13304,#13315,#13326,#13337,
    #13348,#13359,#13370,#13381,#13392,#13403,#13414,#13425,#13436,
    #13447,#13458,#13469,#13480,#13491,#13502,#13513,#13524,#13535,
    #13546,#13557,#13568,#13579,#13590,#13601,#13612,#13623,#13634,
    #13645,#13656,#13667,#13678,#13689,#13700,#13711,#13722,#13733,
    #13744,#13755,#13766,#13777,#13788,#13799,#13810,#13821,#13832,
    #13843,#13854,#13865,#13876,#13887,#13898,#13909,#13920,#13931,
    #13942,#13953,#13964,#13975),#13986,.F.);
#12638 = FACE_BOUND('',#12639,.F.);
#12639 = EDGE_LOOP('',(#12640,#12650,#12657,#12658,#12667,#12675,#12684,
    #12692));
#12640 = ORIENTED_EDGE('',*,*,#12641,.F.);
#12641 = EDGE_CURVE('',#12642,#12644,#12646,.T.);
#12642 = VERTEX_POINT('',#12643);
#12643 = CARTESIAN_POINT('',(-137.2852272915,10.,15.));
#12644 = VERTEX_POINT('',#12645);
#12645 = CARTESIAN_POINT('',(47.285227291513,10.,15.));
#12646 = LINE('',#12647,#12648);
#12647 = CARTESIAN_POINT('',(-137.66,10.,15.));
#12648 = VECTOR('',#12649,1.);
#12649 = DIRECTION('',(1.,0.,-0.));
#12650 = ORIENTED_EDGE('',*,*,#12651,.F.);
#12651 = EDGE_CURVE('',#12602,#12642,#12652,.T.);
#12652 = CIRCLE('',#12653,1.7);
#12653 = AXIS2_PLACEMENT_3D('',#12654,#12655,#12656);
#12654 = CARTESIAN_POINT('',(-138.66,10.,14.));
#12655 = DIRECTION('',(0.,1.,0.));
#12656 = DIRECTION('',(0.,-0.,1.));
#12657 = ORIENTED_EDGE('',*,*,#12601,.T.);
#12658 = ORIENTED_EDGE('',*,*,#12659,.F.);
#12659 = EDGE_CURVE('',#12660,#12604,#12662,.T.);
#12660 = VERTEX_POINT('',#12661);
#12661 = CARTESIAN_POINT('',(-137.2852272915,10.,54.));
#12662 = CIRCLE('',#12663,1.7);
#12663 = AXIS2_PLACEMENT_3D('',#12664,#12665,#12666);
#12664 = CARTESIAN_POINT('',(-138.66,10.,55.));
#12665 = DIRECTION('',(0.,1.,0.));
#12666 = DIRECTION('',(0.,-0.,1.));
#12667 = ORIENTED_EDGE('',*,*,#12668,.T.);
#12668 = EDGE_CURVE('',#12660,#12669,#12671,.T.);
#12669 = VERTEX_POINT('',#12670);
#12670 = CARTESIAN_POINT('',(47.285227291513,10.,54.));
#12671 = LINE('',#12672,#12673);
#12672 = CARTESIAN_POINT('',(-137.66,10.,54.));
#12673 = VECTOR('',#12674,1.);
#12674 = DIRECTION('',(1.,0.,-0.));
#12675 = ORIENTED_EDGE('',*,*,#12676,.F.);
#12676 = EDGE_CURVE('',#12677,#12669,#12679,.T.);
#12677 = VERTEX_POINT('',#12678);
#12678 = CARTESIAN_POINT('',(47.66,10.,53.625227291513));
#12679 = CIRCLE('',#12680,1.7);
#12680 = AXIS2_PLACEMENT_3D('',#12681,#12682,#12683);
#12681 = CARTESIAN_POINT('',(48.66,10.,55.));
#12682 = DIRECTION('',(0.,1.,0.));
#12683 = DIRECTION('',(0.,-0.,1.));
#12684 = ORIENTED_EDGE('',*,*,#12685,.F.);
#12685 = EDGE_CURVE('',#12686,#12677,#12688,.T.);
#12686 = VERTEX_POINT('',#12687);
#12687 = CARTESIAN_POINT('',(47.66,10.,15.374772708487));
#12688 = LINE('',#12689,#12690);
#12689 = CARTESIAN_POINT('',(47.66,10.,15.));
#12690 = VECTOR('',#12691,1.);
#12691 = DIRECTION('',(0.,0.,1.));
#12692 = ORIENTED_EDGE('',*,*,#12693,.F.);
#12693 = EDGE_CURVE('',#12644,#12686,#12694,.T.);
#12694 = CIRCLE('',#12695,1.7);
#12695 = AXIS2_PLACEMENT_3D('',#12696,#12697,#12698);
#12696 = CARTESIAN_POINT('',(48.66,10.,14.));
#12697 = DIRECTION('',(0.,1.,0.));
#12698 = DIRECTION('',(0.,-0.,1.));
#12699 = FACE_BOUND('',#12700,.F.);
#12700 = EDGE_LOOP('',(#12701));
#12701 = ORIENTED_EDGE('',*,*,#12702,.F.);
#12702 = EDGE_CURVE('',#12703,#12703,#12705,.T.);
#12703 = VERTEX_POINT('',#12704);
#12704 = CARTESIAN_POINT('',(-117.1261619276,10.,23.489280581783));
#12705 = CIRCLE('',#12706,1.3);
#12706 = AXIS2_PLACEMENT_3D('',#12707,#12708,#12709);
#12707 = CARTESIAN_POINT('',(-117.1261619276,10.,22.189280581783));
#12708 = DIRECTION('',(0.,1.,0.));
#12709 = DIRECTION('',(0.,-0.,1.));
#12710 = FACE_BOUND('',#12711,.F.);
#12711 = EDGE_LOOP('',(#12712));
#12712 = ORIENTED_EDGE('',*,*,#12713,.F.);
#12713 = EDGE_CURVE('',#12714,#12714,#12716,.T.);
#12714 = VERTEX_POINT('',#12715);
#12715 = CARTESIAN_POINT('',(-109.8467786234,10.,22.664956745929));
#12716 = CIRCLE('',#12717,1.3);
#12717 = AXIS2_PLACEMENT_3D('',#12718,#12719,#12720);
#12718 = CARTESIAN_POINT('',(-109.8467786234,10.,21.364956745929));
#12719 = DIRECTION('',(0.,1.,0.));
#12720 = DIRECTION('',(0.,-0.,1.));
#12721 = FACE_BOUND('',#12722,.F.);
#12722 = EDGE_LOOP('',(#12723));
#12723 = ORIENTED_EDGE('',*,*,#12724,.F.);
#12724 = EDGE_CURVE('',#12725,#12725,#12727,.T.);
#12725 = VERTEX_POINT('',#12726);
#12726 = CARTESIAN_POINT('',(-104.5129503724,10.,23.259082040171));
#12727 = CIRCLE('',#12728,1.7);
#12728 = AXIS2_PLACEMENT_3D('',#12729,#12730,#12731);
#12729 = CARTESIAN_POINT('',(-104.5129503724,10.,21.559082040171));
#12730 = DIRECTION('',(0.,1.,0.));
#12731 = DIRECTION('',(0.,-0.,1.));
#12732 = FACE_BOUND('',#12733,.F.);
#12733 = EDGE_LOOP('',(#12734));
#12734 = ORIENTED_EDGE('',*,*,#12735,.F.);
#12735 = EDGE_CURVE('',#12736,#12736,#12738,.T.);
#12736 = VERTEX_POINT('',#12737);
#12737 = CARTESIAN_POINT('',(-100.0337749722,10.,23.51517809674));
#12738 = CIRCLE('',#12739,1.7);
#12739 = AXIS2_PLACEMENT_3D('',#12740,#12741,#12742);
#12740 = CARTESIAN_POINT('',(-100.0337749722,10.,21.81517809674));
#12741 = DIRECTION('',(0.,1.,0.));
#12742 = DIRECTION('',(0.,-0.,1.));
#12743 = FACE_BOUND('',#12744,.F.);
#12744 = EDGE_LOOP('',(#12745));
#12745 = ORIENTED_EDGE('',*,*,#12746,.F.);
#12746 = EDGE_CURVE('',#12747,#12747,#12749,.T.);
#12747 = VERTEX_POINT('',#12748);
#12748 = CARTESIAN_POINT('',(-94.17318263463,10.,23.828549498058));
#12749 = CIRCLE('',#12750,0.9);
#12750 = AXIS2_PLACEMENT_3D('',#12751,#12752,#12753);
#12751 = CARTESIAN_POINT('',(-94.17318263463,10.,22.928549498058));
#12752 = DIRECTION('',(0.,1.,0.));
#12753 = DIRECTION('',(0.,-0.,1.));
#12754 = FACE_BOUND('',#12755,.F.);
#12755 = EDGE_LOOP('',(#12756));
#12756 = ORIENTED_EDGE('',*,*,#12757,.F.);
#12757 = EDGE_CURVE('',#12758,#12758,#12760,.T.);
#12758 = VERTEX_POINT('',#12759);
#12759 = CARTESIAN_POINT('',(-110.2568235902,10.,28.076039954058));
#12760 = CIRCLE('',#12761,0.9);
#12761 = AXIS2_PLACEMENT_3D('',#12762,#12763,#12764);
#12762 = CARTESIAN_POINT('',(-110.2568235902,10.,27.176039954058));
#12763 = DIRECTION('',(0.,1.,0.));
#12764 = DIRECTION('',(0.,-0.,1.));
#12765 = FACE_BOUND('',#12766,.F.);
#12766 = EDGE_LOOP('',(#12767));
#12767 = ORIENTED_EDGE('',*,*,#12768,.F.);
#12768 = EDGE_CURVE('',#12769,#12769,#12771,.T.);
#12769 = VERTEX_POINT('',#12770);
#12770 = CARTESIAN_POINT('',(-117.6590137105,10.,30.517106015879));
#12771 = CIRCLE('',#12772,1.3);
#12772 = AXIS2_PLACEMENT_3D('',#12773,#12774,#12775);
#12773 = CARTESIAN_POINT('',(-117.6590137105,10.,29.217106015879));
#12774 = DIRECTION('',(0.,1.,0.));
#12775 = DIRECTION('',(0.,-0.,1.));
#12776 = FACE_BOUND('',#12777,.F.);
#12777 = EDGE_LOOP('',(#12778));
#12778 = ORIENTED_EDGE('',*,*,#12779,.F.);
#12779 = EDGE_CURVE('',#12780,#12780,#12782,.T.);
#12780 = VERTEX_POINT('',#12781);
#12781 = CARTESIAN_POINT('',(-88.18758129034,10.,28.876006849854));
#12782 = CIRCLE('',#12783,0.9);
#12783 = AXIS2_PLACEMENT_3D('',#12784,#12785,#12786);
#12784 = CARTESIAN_POINT('',(-88.18758129034,10.,27.976006849854));
#12785 = DIRECTION('',(0.,1.,0.));
#12786 = DIRECTION('',(0.,-0.,1.));
#12787 = FACE_BOUND('',#12788,.F.);
#12788 = EDGE_LOOP('',(#12789));
#12789 = ORIENTED_EDGE('',*,*,#12790,.F.);
#12790 = EDGE_CURVE('',#12791,#12791,#12793,.T.);
#12791 = VERTEX_POINT('',#12792);
#12792 = CARTESIAN_POINT('',(-68.15456772243,10.,24.113460643385));
#12793 = CIRCLE('',#12794,0.9);
#12794 = AXIS2_PLACEMENT_3D('',#12795,#12796,#12797);
#12795 = CARTESIAN_POINT('',(-68.15456772243,10.,23.213460643385));
#12796 = DIRECTION('',(0.,1.,0.));
#12797 = DIRECTION('',(0.,-0.,1.));
#12798 = FACE_BOUND('',#12799,.F.);
#12799 = EDGE_LOOP('',(#12800));
#12800 = ORIENTED_EDGE('',*,*,#12801,.F.);
#12801 = EDGE_CURVE('',#12802,#12802,#12804,.T.);
#12802 = VERTEX_POINT('',#12803);
#12803 = CARTESIAN_POINT('',(-50.35858776968,10.,19.842590103861));
#12804 = CIRCLE('',#12805,1.7);
#12805 = AXIS2_PLACEMENT_3D('',#12806,#12807,#12808);
#12806 = CARTESIAN_POINT('',(-50.35858776968,10.,18.142590103861));
#12807 = DIRECTION('',(0.,1.,0.));
#12808 = DIRECTION('',(0.,-0.,1.));
#12809 = FACE_BOUND('',#12810,.F.);
#12810 = EDGE_LOOP('',(#12811));
#12811 = ORIENTED_EDGE('',*,*,#12812,.F.);
#12812 = EDGE_CURVE('',#12813,#12813,#12815,.T.);
#12813 = VERTEX_POINT('',#12814);
#12814 = CARTESIAN_POINT('',(-57.54782454894,10.,23.553033068364));
#12815 = CIRCLE('',#12816,1.3);
#12816 = AXIS2_PLACEMENT_3D('',#12817,#12818,#12819);
#12817 = CARTESIAN_POINT('',(-57.54782454894,10.,22.253033068364));
#12818 = DIRECTION('',(0.,1.,0.));
#12819 = DIRECTION('',(0.,-0.,1.));
#12820 = FACE_BOUND('',#12821,.F.);
#12821 = EDGE_LOOP('',(#12822));
#12822 = ORIENTED_EDGE('',*,*,#12823,.F.);
#12823 = EDGE_CURVE('',#12824,#12824,#12826,.T.);
#12824 = VERTEX_POINT('',#12825);
#12825 = CARTESIAN_POINT('',(-52.54602723566,10.,23.451405114632));
#12826 = CIRCLE('',#12827,1.3);
#12827 = AXIS2_PLACEMENT_3D('',#12828,#12829,#12830);
#12828 = CARTESIAN_POINT('',(-52.54602723566,10.,22.151405114632));
#12829 = DIRECTION('',(0.,1.,0.));
#12830 = DIRECTION('',(0.,-0.,1.));
#12831 = FACE_BOUND('',#12832,.F.);
#12832 = EDGE_LOOP('',(#12833));
#12833 = ORIENTED_EDGE('',*,*,#12834,.F.);
#12834 = EDGE_CURVE('',#12835,#12835,#12837,.T.);
#12835 = VERTEX_POINT('',#12836);
#12836 = CARTESIAN_POINT('',(-47.07694790149,10.,22.89330226282));
#12837 = CIRCLE('',#12838,1.3);
#12838 = AXIS2_PLACEMENT_3D('',#12839,#12840,#12841);
#12839 = CARTESIAN_POINT('',(-47.07694790149,10.,21.59330226282));
#12840 = DIRECTION('',(0.,1.,0.));
#12841 = DIRECTION('',(0.,-0.,1.));
#12842 = FACE_BOUND('',#12843,.F.);
#12843 = EDGE_LOOP('',(#12844));
#12844 = ORIENTED_EDGE('',*,*,#12845,.F.);
#12845 = EDGE_CURVE('',#12846,#12846,#12848,.T.);
#12846 = VERTEX_POINT('',#12847);
#12847 = CARTESIAN_POINT('',(-74.21936666904,10.,31.620083578334));
#12848 = CIRCLE('',#12849,1.7);
#12849 = AXIS2_PLACEMENT_3D('',#12850,#12851,#12852);
#12850 = CARTESIAN_POINT('',(-74.21936666904,10.,29.920083578334));
#12851 = DIRECTION('',(0.,1.,0.));
#12852 = DIRECTION('',(0.,-0.,1.));
#12853 = FACE_BOUND('',#12854,.F.);
#12854 = EDGE_LOOP('',(#12855));
#12855 = ORIENTED_EDGE('',*,*,#12856,.F.);
#12856 = EDGE_CURVE('',#12857,#12857,#12859,.T.);
#12857 = VERTEX_POINT('',#12858);
#12858 = CARTESIAN_POINT('',(-67.85522896443,10.,29.183731267975));
#12859 = CIRCLE('',#12860,0.9);
#12860 = AXIS2_PLACEMENT_3D('',#12861,#12862,#12863);
#12861 = CARTESIAN_POINT('',(-67.85522896443,10.,28.283731267975));
#12862 = DIRECTION('',(0.,1.,0.));
#12863 = DIRECTION('',(0.,-0.,1.));
#12864 = FACE_BOUND('',#12865,.F.);
#12865 = EDGE_LOOP('',(#12866));
#12866 = ORIENTED_EDGE('',*,*,#12867,.F.);
#12867 = EDGE_CURVE('',#12868,#12868,#12870,.T.);
#12868 = VERTEX_POINT('',#12869);
#12869 = CARTESIAN_POINT('',(-87.04827945206,10.,35.123753844231));
#12870 = CIRCLE('',#12871,1.3);
#12871 = AXIS2_PLACEMENT_3D('',#12872,#12873,#12874);
#12872 = CARTESIAN_POINT('',(-87.04827945206,10.,33.823753844231));
#12873 = DIRECTION('',(0.,1.,0.));
#12874 = DIRECTION('',(0.,-0.,1.));
#12875 = FACE_BOUND('',#12876,.F.);
#12876 = EDGE_LOOP('',(#12877));
#12877 = ORIENTED_EDGE('',*,*,#12878,.F.);
#12878 = EDGE_CURVE('',#12879,#12879,#12881,.T.);
#12879 = VERTEX_POINT('',#12880);
#12880 = CARTESIAN_POINT('',(-79.53018659936,10.,34.657307846943));
#12881 = CIRCLE('',#12882,0.9);
#12882 = AXIS2_PLACEMENT_3D('',#12883,#12884,#12885);
#12883 = CARTESIAN_POINT('',(-79.53018659936,10.,33.757307846943));
#12884 = DIRECTION('',(0.,1.,0.));
#12885 = DIRECTION('',(0.,-0.,1.));
#12886 = FACE_BOUND('',#12887,.F.);
#12887 = EDGE_LOOP('',(#12888));
#12888 = ORIENTED_EDGE('',*,*,#12889,.F.);
#12889 = EDGE_CURVE('',#12890,#12890,#12892,.T.);
#12890 = VERTEX_POINT('',#12891);
#12891 = CARTESIAN_POINT('',(-75.85628493651,10.,35.449114234847));
#12892 = CIRCLE('',#12893,0.9);
#12893 = AXIS2_PLACEMENT_3D('',#12894,#12895,#12896);
#12894 = CARTESIAN_POINT('',(-75.85628493651,10.,34.549114234847));
#12895 = DIRECTION('',(0.,1.,0.));
#12896 = DIRECTION('',(0.,-0.,1.));
#12897 = FACE_BOUND('',#12898,.F.);
#12898 = EDGE_LOOP('',(#12899));
#12899 = ORIENTED_EDGE('',*,*,#12900,.F.);
#12900 = EDGE_CURVE('',#12901,#12901,#12903,.T.);
#12901 = VERTEX_POINT('',#12902);
#12902 = CARTESIAN_POINT('',(-59.64217630666,10.,27.292568071229));
#12903 = CIRCLE('',#12904,1.3);
#12904 = AXIS2_PLACEMENT_3D('',#12905,#12906,#12907);
#12905 = CARTESIAN_POINT('',(-59.64217630666,10.,25.992568071229));
#12906 = DIRECTION('',(0.,1.,0.));
#12907 = DIRECTION('',(0.,-0.,1.));
#12908 = FACE_BOUND('',#12909,.F.);
#12909 = EDGE_LOOP('',(#12910));
#12910 = ORIENTED_EDGE('',*,*,#12911,.F.);
#12911 = EDGE_CURVE('',#12912,#12912,#12914,.T.);
#12912 = VERTEX_POINT('',#12913);
#12913 = CARTESIAN_POINT('',(-54.30178055597,10.,27.70461746249));
#12914 = CIRCLE('',#12915,1.7);
#12915 = AXIS2_PLACEMENT_3D('',#12916,#12917,#12918);
#12916 = CARTESIAN_POINT('',(-54.30178055597,10.,26.00461746249));
#12917 = DIRECTION('',(0.,1.,0.));
#12918 = DIRECTION('',(0.,-0.,1.));
#12919 = FACE_BOUND('',#12920,.F.);
#12920 = EDGE_LOOP('',(#12921));
#12921 = ORIENTED_EDGE('',*,*,#12922,.F.);
#12922 = EDGE_CURVE('',#12923,#12923,#12925,.T.);
#12923 = VERTEX_POINT('',#12924);
#12924 = CARTESIAN_POINT('',(-49.42390845462,10.,27.000106038727));
#12925 = CIRCLE('',#12926,1.3);
#12926 = AXIS2_PLACEMENT_3D('',#12927,#12928,#12929);
#12927 = CARTESIAN_POINT('',(-49.42390845462,10.,25.700106038727));
#12928 = DIRECTION('',(0.,1.,0.));
#12929 = DIRECTION('',(0.,-0.,1.));
#12930 = FACE_BOUND('',#12931,.F.);
#12931 = EDGE_LOOP('',(#12932));
#12932 = ORIENTED_EDGE('',*,*,#12933,.F.);
#12933 = EDGE_CURVE('',#12934,#12934,#12936,.T.);
#12934 = VERTEX_POINT('',#12935);
#12935 = CARTESIAN_POINT('',(-61.94633950316,10.,31.613060931944));
#12936 = CIRCLE('',#12937,1.3);
#12937 = AXIS2_PLACEMENT_3D('',#12938,#12939,#12940);
#12938 = CARTESIAN_POINT('',(-61.94633950316,10.,30.313060931944));
#12939 = DIRECTION('',(0.,1.,0.));
#12940 = DIRECTION('',(0.,-0.,1.));
#12941 = FACE_BOUND('',#12942,.F.);
#12942 = EDGE_LOOP('',(#12943));
#12943 = ORIENTED_EDGE('',*,*,#12944,.F.);
#12944 = EDGE_CURVE('',#12945,#12945,#12947,.T.);
#12945 = VERTEX_POINT('',#12946);
#12946 = CARTESIAN_POINT('',(-56.41226434527,10.,32.470562557808));
#12947 = CIRCLE('',#12948,1.7);
#12948 = AXIS2_PLACEMENT_3D('',#12949,#12950,#12951);
#12949 = CARTESIAN_POINT('',(-56.41226434527,10.,30.770562557808));
#12950 = DIRECTION('',(0.,1.,0.));
#12951 = DIRECTION('',(0.,-0.,1.));
#12952 = FACE_BOUND('',#12953,.F.);
#12953 = EDGE_LOOP('',(#12954));
#12954 = ORIENTED_EDGE('',*,*,#12955,.F.);
#12955 = EDGE_CURVE('',#12956,#12956,#12958,.T.);
#12956 = VERTEX_POINT('',#12957);
#12957 = CARTESIAN_POINT('',(-52.4374085315,10.,31.517892256882));
#12958 = CIRCLE('',#12959,0.9);
#12959 = AXIS2_PLACEMENT_3D('',#12960,#12961,#12962);
#12960 = CARTESIAN_POINT('',(-52.4374085315,10.,30.617892256882));
#12961 = DIRECTION('',(0.,1.,0.));
#12962 = DIRECTION('',(0.,-0.,1.));
#12963 = FACE_BOUND('',#12964,.F.);
#12964 = EDGE_LOOP('',(#12965));
#12965 = ORIENTED_EDGE('',*,*,#12966,.F.);
#12966 = EDGE_CURVE('',#12967,#12967,#12969,.T.);
#12967 = VERTEX_POINT('',#12968);
#12968 = CARTESIAN_POINT('',(-47.59776444752,10.,32.640789818673));
#12969 = CIRCLE('',#12970,1.7);
#12970 = AXIS2_PLACEMENT_3D('',#12971,#12972,#12973);
#12971 = CARTESIAN_POINT('',(-47.59776444752,10.,30.940789818673));
#12972 = DIRECTION('',(0.,1.,0.));
#12973 = DIRECTION('',(0.,-0.,1.));
#12974 = FACE_BOUND('',#12975,.F.);
#12975 = EDGE_LOOP('',(#12976));
#12976 = ORIENTED_EDGE('',*,*,#12977,.F.);
#12977 = EDGE_CURVE('',#12978,#12978,#12980,.T.);
#12978 = VERTEX_POINT('',#12979);
#12979 = CARTESIAN_POINT('',(-54.00297520781,10.,36.225308211855));
#12980 = CIRCLE('',#12981,1.7);
#12981 = AXIS2_PLACEMENT_3D('',#12982,#12983,#12984);
#12982 = CARTESIAN_POINT('',(-54.00297520781,10.,34.525308211855));
#12983 = DIRECTION('',(0.,1.,0.));
#12984 = DIRECTION('',(0.,-0.,1.));
#12985 = FACE_BOUND('',#12986,.F.);
#12986 = EDGE_LOOP('',(#12987));
#12987 = ORIENTED_EDGE('',*,*,#12988,.F.);
#12988 = EDGE_CURVE('',#12989,#12989,#12991,.T.);
#12989 = VERTEX_POINT('',#12990);
#12990 = CARTESIAN_POINT('',(-50.07005700766,10.,35.751533195404));
#12991 = CIRCLE('',#12992,0.9);
#12992 = AXIS2_PLACEMENT_3D('',#12993,#12994,#12995);
#12993 = CARTESIAN_POINT('',(-50.07005700766,10.,34.851533195404));
#12994 = DIRECTION('',(0.,1.,0.));
#12995 = DIRECTION('',(0.,-0.,1.));
#12996 = FACE_BOUND('',#12997,.F.);
#12997 = EDGE_LOOP('',(#12998));
#12998 = ORIENTED_EDGE('',*,*,#12999,.F.);
#12999 = EDGE_CURVE('',#13000,#13000,#13002,.T.);
#13000 = VERTEX_POINT('',#13001);
#13001 = CARTESIAN_POINT('',(-129.0165937844,10.,40.764938898486));
#13002 = CIRCLE('',#13003,1.3);
#13003 = AXIS2_PLACEMENT_3D('',#13004,#13005,#13006);
#13004 = CARTESIAN_POINT('',(-129.0165937844,10.,39.464938898486));
#13005 = DIRECTION('',(0.,1.,0.));
#13006 = DIRECTION('',(0.,-0.,1.));
#13007 = FACE_BOUND('',#13008,.F.);
#13008 = EDGE_LOOP('',(#13009));
#13009 = ORIENTED_EDGE('',*,*,#13010,.F.);
#13010 = EDGE_CURVE('',#13011,#13011,#13013,.T.);
#13011 = VERTEX_POINT('',#13012);
#13012 = CARTESIAN_POINT('',(-121.8683445569,10.,42.294656543168));
#13013 = CIRCLE('',#13014,1.7);
#13014 = AXIS2_PLACEMENT_3D('',#13015,#13016,#13017);
#13015 = CARTESIAN_POINT('',(-121.8683445569,10.,40.594656543168));
#13016 = DIRECTION('',(0.,1.,0.));
#13017 = DIRECTION('',(0.,-0.,1.));
#13018 = FACE_BOUND('',#13019,.F.);
#13019 = EDGE_LOOP('',(#13020));
#13020 = ORIENTED_EDGE('',*,*,#13021,.F.);
#13021 = EDGE_CURVE('',#13022,#13022,#13024,.T.);
#13022 = VERTEX_POINT('',#13023);
#13023 = CARTESIAN_POINT('',(-110.224710522,10.,42.385167060834));
#13024 = CIRCLE('',#13025,1.3);
#13025 = AXIS2_PLACEMENT_3D('',#13026,#13027,#13028);
#13026 = CARTESIAN_POINT('',(-110.224710522,10.,41.085167060834));
#13027 = DIRECTION('',(0.,1.,0.));
#13028 = DIRECTION('',(0.,-0.,1.));
#13029 = FACE_BOUND('',#13030,.F.);
#13030 = EDGE_LOOP('',(#13031));
#13031 = ORIENTED_EDGE('',*,*,#13032,.F.);
#13032 = EDGE_CURVE('',#13033,#13033,#13035,.T.);
#13033 = VERTEX_POINT('',#13034);
#13034 = CARTESIAN_POINT('',(-103.8266670701,10.,42.069021815629));
#13035 = CIRCLE('',#13036,1.3);
#13036 = AXIS2_PLACEMENT_3D('',#13037,#13038,#13039);
#13037 = CARTESIAN_POINT('',(-103.8266670701,10.,40.769021815629));
#13038 = DIRECTION('',(0.,1.,0.));
#13039 = DIRECTION('',(0.,-0.,1.));
#13040 = FACE_BOUND('',#13041,.F.);
#13041 = EDGE_LOOP('',(#13042));
#13042 = ORIENTED_EDGE('',*,*,#13043,.F.);
#13043 = EDGE_CURVE('',#13044,#13044,#13046,.T.);
#13044 = VERTEX_POINT('',#13045);
#13045 = CARTESIAN_POINT('',(-98.22114643508,10.,42.121312429619));
#13046 = CIRCLE('',#13047,0.9);
#13047 = AXIS2_PLACEMENT_3D('',#13048,#13049,#13050);
#13048 = CARTESIAN_POINT('',(-98.22114643508,10.,41.221312429619));
#13049 = DIRECTION('',(0.,1.,0.));
#13050 = DIRECTION('',(0.,-0.,1.));
#13051 = FACE_BOUND('',#13052,.F.);
#13052 = EDGE_LOOP('',(#13053));
#13053 = ORIENTED_EDGE('',*,*,#13054,.F.);
#13054 = EDGE_CURVE('',#13055,#13055,#13057,.T.);
#13055 = VERTEX_POINT('',#13056);
#13056 = CARTESIAN_POINT('',(-91.53967496081,10.,41.94659607471));
#13057 = CIRCLE('',#13058,1.3);
#13058 = AXIS2_PLACEMENT_3D('',#13059,#13060,#13061);
#13059 = CARTESIAN_POINT('',(-91.53967496081,10.,40.64659607471));
#13060 = DIRECTION('',(0.,1.,0.));
#13061 = DIRECTION('',(0.,-0.,1.));
#13062 = FACE_BOUND('',#13063,.F.);
#13063 = EDGE_LOOP('',(#13064));
#13064 = ORIENTED_EDGE('',*,*,#13065,.F.);
#13065 = EDGE_CURVE('',#13066,#13066,#13068,.T.);
#13066 = VERTEX_POINT('',#13067);
#13067 = CARTESIAN_POINT('',(-129.1637121853,10.,46.792802904164));
#13068 = CIRCLE('',#13069,0.9);
#13069 = AXIS2_PLACEMENT_3D('',#13070,#13071,#13072);
#13070 = CARTESIAN_POINT('',(-129.1637121853,10.,45.892802904164));
#13071 = DIRECTION('',(0.,1.,0.));
#13072 = DIRECTION('',(0.,-0.,1.));
#13073 = FACE_BOUND('',#13074,.F.);
#13074 = EDGE_LOOP('',(#13075));
#13075 = ORIENTED_EDGE('',*,*,#13076,.F.);
#13076 = EDGE_CURVE('',#13077,#13077,#13079,.T.);
#13077 = VERTEX_POINT('',#13078);
#13078 = CARTESIAN_POINT('',(-122.8882651799,10.,47.89104747268));
#13079 = CIRCLE('',#13080,1.7);
#13080 = AXIS2_PLACEMENT_3D('',#13081,#13082,#13083);
#13081 = CARTESIAN_POINT('',(-122.8882651799,10.,46.19104747268));
#13082 = DIRECTION('',(0.,1.,0.));
#13083 = DIRECTION('',(0.,-0.,1.));
#13084 = FACE_BOUND('',#13085,.F.);
#13085 = EDGE_LOOP('',(#13086));
#13086 = ORIENTED_EDGE('',*,*,#13087,.F.);
#13087 = EDGE_CURVE('',#13088,#13088,#13090,.T.);
#13088 = VERTEX_POINT('',#13089);
#13089 = CARTESIAN_POINT('',(-106.2992429882,10.,47.938553282275));
#13090 = CIRCLE('',#13091,1.3);
#13091 = AXIS2_PLACEMENT_3D('',#13092,#13093,#13094);
#13092 = CARTESIAN_POINT('',(-106.2992429882,10.,46.638553282275));
#13093 = DIRECTION('',(0.,1.,0.));
#13094 = DIRECTION('',(0.,-0.,1.));
#13095 = FACE_BOUND('',#13096,.F.);
#13096 = EDGE_LOOP('',(#13097));
#13097 = ORIENTED_EDGE('',*,*,#13098,.F.);
#13098 = EDGE_CURVE('',#13099,#13099,#13101,.T.);
#13099 = VERTEX_POINT('',#13100);
#13100 = CARTESIAN_POINT('',(-93.27286602226,10.,46.962138348675));
#13101 = CIRCLE('',#13102,1.3);
#13102 = AXIS2_PLACEMENT_3D('',#13103,#13104,#13105);
#13103 = CARTESIAN_POINT('',(-93.27286602226,10.,45.662138348675));
#13104 = DIRECTION('',(0.,1.,0.));
#13105 = DIRECTION('',(0.,-0.,1.));
#13106 = FACE_BOUND('',#13107,.F.);
#13107 = EDGE_LOOP('',(#13108));
#13108 = ORIENTED_EDGE('',*,*,#13109,.F.);
#13109 = EDGE_CURVE('',#13110,#13110,#13112,.T.);
#13110 = VERTEX_POINT('',#13111);
#13111 = CARTESIAN_POINT('',(-98.10714803505,10.,47.908653400135));
#13112 = CIRCLE('',#13113,0.9);
#13113 = AXIS2_PLACEMENT_3D('',#13114,#13115,#13116);
#13114 = CARTESIAN_POINT('',(-98.10714803505,10.,47.008653400135));
#13115 = DIRECTION('',(0.,1.,0.));
#13116 = DIRECTION('',(0.,-0.,1.));
#13117 = FACE_BOUND('',#13118,.F.);
#13118 = EDGE_LOOP('',(#13119));
#13119 = ORIENTED_EDGE('',*,*,#13120,.F.);
#13120 = EDGE_CURVE('',#13121,#13121,#13123,.T.);
#13121 = VERTEX_POINT('',#13122);
#13122 = CARTESIAN_POINT('',(-87.48545859723,10.,41.003513320733));
#13123 = CIRCLE('',#13124,1.7);
#13124 = AXIS2_PLACEMENT_3D('',#13125,#13126,#13127);
#13125 = CARTESIAN_POINT('',(-87.48545859723,10.,39.303513320733));
#13126 = DIRECTION('',(0.,1.,0.));
#13127 = DIRECTION('',(0.,-0.,1.));
#13128 = FACE_BOUND('',#13129,.F.);
#13129 = EDGE_LOOP('',(#13130));
#13130 = ORIENTED_EDGE('',*,*,#13131,.F.);
#13131 = EDGE_CURVE('',#13132,#13132,#13134,.T.);
#13132 = VERTEX_POINT('',#13133);
#13133 = CARTESIAN_POINT('',(-69.85319635749,10.,36.254032618349));
#13134 = CIRCLE('',#13135,0.9);
#13135 = AXIS2_PLACEMENT_3D('',#13136,#13137,#13138);
#13136 = CARTESIAN_POINT('',(-69.85319635749,10.,35.354032618349));
#13137 = DIRECTION('',(0.,1.,0.));
#13138 = DIRECTION('',(0.,-0.,1.));
#13139 = FACE_BOUND('',#13140,.F.);
#13140 = EDGE_LOOP('',(#13141));
#13141 = ORIENTED_EDGE('',*,*,#13142,.F.);
#13142 = EDGE_CURVE('',#13143,#13143,#13145,.T.);
#13143 = VERTEX_POINT('',#13144);
#13144 = CARTESIAN_POINT('',(-80.60574407803,10.,41.586888137319));
#13145 = CIRCLE('',#13146,1.3);
#13146 = AXIS2_PLACEMENT_3D('',#13147,#13148,#13149);
#13147 = CARTESIAN_POINT('',(-80.60574407803,10.,40.286888137319));
#13148 = DIRECTION('',(0.,1.,0.));
#13149 = DIRECTION('',(0.,-0.,1.));
#13150 = FACE_BOUND('',#13151,.F.);
#13151 = EDGE_LOOP('',(#13152));
#13152 = ORIENTED_EDGE('',*,*,#13153,.F.);
#13153 = EDGE_CURVE('',#13154,#13154,#13156,.T.);
#13154 = VERTEX_POINT('',#13155);
#13155 = CARTESIAN_POINT('',(-59.50295577555,10.,36.731152116262));
#13156 = CIRCLE('',#13157,1.7);
#13157 = AXIS2_PLACEMENT_3D('',#13158,#13159,#13160);
#13158 = CARTESIAN_POINT('',(-59.50295577555,10.,35.031152116262));
#13159 = DIRECTION('',(0.,1.,0.));
#13160 = DIRECTION('',(0.,-0.,1.));
#13161 = FACE_BOUND('',#13162,.F.);
#13162 = EDGE_LOOP('',(#13163));
#13163 = ORIENTED_EDGE('',*,*,#13164,.F.);
#13164 = EDGE_CURVE('',#13165,#13165,#13167,.T.);
#13165 = VERTEX_POINT('',#13166);
#13166 = CARTESIAN_POINT('',(-61.51586301012,10.,39.05927632852));
#13167 = CIRCLE('',#13168,0.9);
#13168 = AXIS2_PLACEMENT_3D('',#13169,#13170,#13171);
#13169 = CARTESIAN_POINT('',(-61.51586301012,10.,38.15927632852));
#13170 = DIRECTION('',(0.,1.,0.));
#13171 = DIRECTION('',(0.,-0.,1.));
#13172 = FACE_BOUND('',#13173,.F.);
#13173 = EDGE_LOOP('',(#13174));
#13174 = ORIENTED_EDGE('',*,*,#13175,.F.);
#13175 = EDGE_CURVE('',#13176,#13176,#13178,.T.);
#13176 = VERTEX_POINT('',#13177);
#13177 = CARTESIAN_POINT('',(-57.00681615952,10.,40.185309594653));
#13178 = CIRCLE('',#13179,1.7);
#13179 = AXIS2_PLACEMENT_3D('',#13180,#13181,#13182);
#13180 = CARTESIAN_POINT('',(-57.00681615952,10.,38.485309594653));
#13181 = DIRECTION('',(0.,1.,0.));
#13182 = DIRECTION('',(0.,-0.,1.));
#13183 = FACE_BOUND('',#13184,.F.);
#13184 = EDGE_LOOP('',(#13185));
#13185 = ORIENTED_EDGE('',*,*,#13186,.F.);
#13186 = EDGE_CURVE('',#13187,#13187,#13189,.T.);
#13187 = VERTEX_POINT('',#13188);
#13188 = CARTESIAN_POINT('',(-51.68145445073,10.,40.089323036062));
#13189 = CIRCLE('',#13190,1.3);
#13190 = AXIS2_PLACEMENT_3D('',#13191,#13192,#13193);
#13191 = CARTESIAN_POINT('',(-51.68145445073,10.,38.789323036062));
#13192 = DIRECTION('',(0.,1.,0.));
#13193 = DIRECTION('',(0.,-0.,1.));
#13194 = FACE_BOUND('',#13195,.F.);
#13195 = EDGE_LOOP('',(#13196));
#13196 = ORIENTED_EDGE('',*,*,#13197,.F.);
#13197 = EDGE_CURVE('',#13198,#13198,#13200,.T.);
#13198 = VERTEX_POINT('',#13199);
#13199 = CARTESIAN_POINT('',(-46.89397155032,10.,40.108565284581));
#13200 = CIRCLE('',#13201,1.7);
#13201 = AXIS2_PLACEMENT_3D('',#13202,#13203,#13204);
#13202 = CARTESIAN_POINT('',(-46.89397155032,10.,38.408565284581));
#13203 = DIRECTION('',(0.,1.,0.));
#13204 = DIRECTION('',(0.,-0.,1.));
#13205 = FACE_BOUND('',#13206,.F.);
#13206 = EDGE_LOOP('',(#13207));
#13207 = ORIENTED_EDGE('',*,*,#13208,.F.);
#13208 = EDGE_CURVE('',#13209,#13209,#13211,.T.);
#13209 = VERTEX_POINT('',#13210);
#13210 = CARTESIAN_POINT('',(-59.96575225064,10.,44.455080734399));
#13211 = CIRCLE('',#13212,1.7);
#13212 = AXIS2_PLACEMENT_3D('',#13213,#13214,#13215);
#13213 = CARTESIAN_POINT('',(-59.96575225064,10.,42.755080734399));
#13214 = DIRECTION('',(0.,1.,0.));
#13215 = DIRECTION('',(0.,-0.,1.));
#13216 = FACE_BOUND('',#13217,.F.);
#13217 = EDGE_LOOP('',(#13218));
#13218 = ORIENTED_EDGE('',*,*,#13219,.F.);
#13219 = EDGE_CURVE('',#13220,#13220,#13222,.T.);
#13220 = VERTEX_POINT('',#13221);
#13221 = CARTESIAN_POINT('',(-54.89443886069,10.,44.849689370474));
#13222 = CIRCLE('',#13223,1.7);
#13223 = AXIS2_PLACEMENT_3D('',#13224,#13225,#13226);
#13224 = CARTESIAN_POINT('',(-54.89443886069,10.,43.149689370474));
#13225 = DIRECTION('',(0.,1.,0.));
#13226 = DIRECTION('',(0.,-0.,1.));
#13227 = FACE_BOUND('',#13228,.F.);
#13228 = EDGE_LOOP('',(#13229));
#13229 = ORIENTED_EDGE('',*,*,#13230,.F.);
#13230 = EDGE_CURVE('',#13231,#13231,#13233,.T.);
#13231 = VERTEX_POINT('',#13232);
#13232 = CARTESIAN_POINT('',(-49.57064473425,10.,44.61847743509));
#13233 = CIRCLE('',#13234,1.3);
#13234 = AXIS2_PLACEMENT_3D('',#13235,#13236,#13237);
#13235 = CARTESIAN_POINT('',(-49.57064473425,10.,43.31847743509));
#13236 = DIRECTION('',(0.,1.,0.));
#13237 = DIRECTION('',(0.,-0.,1.));
#13238 = FACE_BOUND('',#13239,.F.);
#13239 = EDGE_LOOP('',(#13240));
#13240 = ORIENTED_EDGE('',*,*,#13241,.F.);
#13241 = EDGE_CURVE('',#13242,#13242,#13244,.T.);
#13242 = VERTEX_POINT('',#13243);
#13243 = CARTESIAN_POINT('',(-79.56440275882,10.,48.79482629996));
#13244 = CIRCLE('',#13245,1.3);
#13245 = AXIS2_PLACEMENT_3D('',#13246,#13247,#13248);
#13246 = CARTESIAN_POINT('',(-79.56440275882,10.,47.49482629996));
#13247 = DIRECTION('',(0.,1.,0.));
#13248 = DIRECTION('',(0.,-0.,1.));
#13249 = FACE_BOUND('',#13250,.F.);
#13250 = EDGE_LOOP('',(#13251));
#13251 = ORIENTED_EDGE('',*,*,#13252,.F.);
#13252 = EDGE_CURVE('',#13253,#13253,#13255,.T.);
#13253 = VERTEX_POINT('',#13254);
#13254 = CARTESIAN_POINT('',(-74.47855640605,10.,46.356069052666));
#13255 = CIRCLE('',#13256,1.3);
#13256 = AXIS2_PLACEMENT_3D('',#13257,#13258,#13259);
#13257 = CARTESIAN_POINT('',(-74.47855640605,10.,45.056069052666));
#13258 = DIRECTION('',(0.,1.,0.));
#13259 = DIRECTION('',(0.,-0.,1.));
#13260 = FACE_BOUND('',#13261,.F.);
#13261 = EDGE_LOOP('',(#13262));
#13262 = ORIENTED_EDGE('',*,*,#13263,.F.);
#13263 = EDGE_CURVE('',#13264,#13264,#13266,.T.);
#13264 = VERTEX_POINT('',#13265);
#13265 = CARTESIAN_POINT('',(-57.4062812764,10.,48.019275345849));
#13266 = CIRCLE('',#13267,1.3);
#13267 = AXIS2_PLACEMENT_3D('',#13268,#13269,#13270);
#13268 = CARTESIAN_POINT('',(-57.4062812764,10.,46.719275345849));
#13269 = DIRECTION('',(0.,1.,0.));
#13270 = DIRECTION('',(0.,-0.,1.));
#13271 = FACE_BOUND('',#13272,.F.);
#13272 = EDGE_LOOP('',(#13273));
#13273 = ORIENTED_EDGE('',*,*,#13274,.F.);
#13274 = EDGE_CURVE('',#13275,#13275,#13277,.T.);
#13275 = VERTEX_POINT('',#13276);
#13276 = CARTESIAN_POINT('',(-52.19020036634,10.,47.897689855603));
#13277 = CIRCLE('',#13278,0.9);
#13278 = AXIS2_PLACEMENT_3D('',#13279,#13280,#13281);
#13279 = CARTESIAN_POINT('',(-52.19020036634,10.,46.997689855603));
#13280 = DIRECTION('',(0.,1.,0.));
#13281 = DIRECTION('',(0.,-0.,1.));
#13282 = FACE_BOUND('',#13283,.F.);
#13283 = EDGE_LOOP('',(#13284));
#13284 = ORIENTED_EDGE('',*,*,#13285,.F.);
#13285 = EDGE_CURVE('',#13286,#13286,#13288,.T.);
#13286 = VERTEX_POINT('',#13287);
#13287 = CARTESIAN_POINT('',(-47.29239971588,10.,48.839872289266));
#13288 = CIRCLE('',#13289,1.3);
#13289 = AXIS2_PLACEMENT_3D('',#13290,#13291,#13292);
#13290 = CARTESIAN_POINT('',(-47.29239971588,10.,47.539872289266));
#13291 = DIRECTION('',(0.,1.,0.));
#13292 = DIRECTION('',(0.,-0.,1.));
#13293 = FACE_BOUND('',#13294,.F.);
#13294 = EDGE_LOOP('',(#13295));
#13295 = ORIENTED_EDGE('',*,*,#13296,.F.);
#13296 = EDGE_CURVE('',#13297,#13297,#13299,.T.);
#13297 = VERTEX_POINT('',#13298);
#13298 = CARTESIAN_POINT('',(-49.54804606689,10.,51.458423544164));
#13299 = CIRCLE('',#13300,0.9);
#13300 = AXIS2_PLACEMENT_3D('',#13301,#13302,#13303);
#13301 = CARTESIAN_POINT('',(-49.54804606689,10.,50.558423544164));
#13302 = DIRECTION('',(0.,1.,0.));
#13303 = DIRECTION('',(0.,-0.,1.));
#13304 = FACE_BOUND('',#13305,.F.);
#13305 = EDGE_LOOP('',(#13306));
#13306 = ORIENTED_EDGE('',*,*,#13307,.F.);
#13307 = EDGE_CURVE('',#13308,#13308,#13310,.T.);
#13308 = VERTEX_POINT('',#13309);
#13309 = CARTESIAN_POINT('',(-44.62513326977,10.,19.98760701101));
#13310 = CIRCLE('',#13311,1.7);
#13311 = AXIS2_PLACEMENT_3D('',#13312,#13313,#13314);
#13312 = CARTESIAN_POINT('',(-44.62513326977,10.,18.28760701101));
#13313 = DIRECTION('',(0.,1.,0.));
#13314 = DIRECTION('',(0.,-0.,1.));
#13315 = FACE_BOUND('',#13316,.F.);
#13316 = EDGE_LOOP('',(#13317));
#13317 = ORIENTED_EDGE('',*,*,#13318,.F.);
#13318 = EDGE_CURVE('',#13319,#13319,#13321,.T.);
#13319 = VERTEX_POINT('',#13320);
#13320 = CARTESIAN_POINT('',(-39.67615460267,10.,19.88513436163));
#13321 = CIRCLE('',#13322,1.7);
#13322 = AXIS2_PLACEMENT_3D('',#13323,#13324,#13325);
#13323 = CARTESIAN_POINT('',(-39.67615460267,10.,18.18513436163));
#13324 = DIRECTION('',(0.,1.,0.));
#13325 = DIRECTION('',(0.,-0.,1.));
#13326 = FACE_BOUND('',#13327,.F.);
#13327 = EDGE_LOOP('',(#13328));
#13328 = ORIENTED_EDGE('',*,*,#13329,.F.);
#13329 = EDGE_CURVE('',#13330,#13330,#13332,.T.);
#13330 = VERTEX_POINT('',#13331);
#13331 = CARTESIAN_POINT('',(-42.20654377803,10.,24.063276539898));
#13332 = CIRCLE('',#13333,1.7);
#13333 = AXIS2_PLACEMENT_3D('',#13334,#13335,#13336);
#13334 = CARTESIAN_POINT('',(-42.20654377803,10.,22.363276539898));
#13335 = DIRECTION('',(0.,1.,0.));
#13336 = DIRECTION('',(0.,-0.,1.));
#13337 = FACE_BOUND('',#13338,.F.);
#13338 = EDGE_LOOP('',(#13339));
#13339 = ORIENTED_EDGE('',*,*,#13340,.F.);
#13340 = EDGE_CURVE('',#13341,#13341,#13343,.T.);
#13341 = VERTEX_POINT('',#13342);
#13342 = CARTESIAN_POINT('',(-38.09415469632,10.,23.614629223385));
#13343 = CIRCLE('',#13344,1.7);
#13344 = AXIS2_PLACEMENT_3D('',#13345,#13346,#13347);
#13345 = CARTESIAN_POINT('',(-38.09415469632,10.,21.914629223385));
#13346 = DIRECTION('',(0.,1.,0.));
#13347 = DIRECTION('',(0.,-0.,1.));
#13348 = FACE_BOUND('',#13349,.F.);
#13349 = EDGE_LOOP('',(#13350));
#13350 = ORIENTED_EDGE('',*,*,#13351,.F.);
#13351 = EDGE_CURVE('',#13352,#13352,#13354,.T.);
#13352 = VERTEX_POINT('',#13353);
#13353 = CARTESIAN_POINT('',(-40.0424981379,10.,26.921894964591));
#13354 = CIRCLE('',#13355,1.3);
#13355 = AXIS2_PLACEMENT_3D('',#13356,#13357,#13358);
#13356 = CARTESIAN_POINT('',(-40.0424981379,10.,25.621894964591));
#13357 = DIRECTION('',(0.,1.,0.));
#13358 = DIRECTION('',(0.,-0.,1.));
#13359 = FACE_BOUND('',#13360,.F.);
#13360 = EDGE_LOOP('',(#13361));
#13361 = ORIENTED_EDGE('',*,*,#13362,.F.);
#13362 = EDGE_CURVE('',#13363,#13363,#13365,.T.);
#13363 = VERTEX_POINT('',#13364);
#13364 = CARTESIAN_POINT('',(-32.54666383121,10.,23.903872177929));
#13365 = CIRCLE('',#13366,1.3);
#13366 = AXIS2_PLACEMENT_3D('',#13367,#13368,#13369);
#13367 = CARTESIAN_POINT('',(-32.54666383121,10.,22.603872177929));
#13368 = DIRECTION('',(0.,1.,0.));
#13369 = DIRECTION('',(0.,-0.,1.));
#13370 = FACE_BOUND('',#13371,.F.);
#13371 = EDGE_LOOP('',(#13372));
#13372 = ORIENTED_EDGE('',*,*,#13373,.F.);
#13373 = EDGE_CURVE('',#13374,#13374,#13376,.T.);
#13374 = VERTEX_POINT('',#13375);
#13375 = CARTESIAN_POINT('',(-21.34528067161,10.,22.940837072361));
#13376 = CIRCLE('',#13377,0.9);
#13377 = AXIS2_PLACEMENT_3D('',#13378,#13379,#13380);
#13378 = CARTESIAN_POINT('',(-21.34528067161,10.,22.040837072361));
#13379 = DIRECTION('',(0.,1.,0.));
#13380 = DIRECTION('',(0.,-0.,1.));
#13381 = FACE_BOUND('',#13382,.F.);
#13382 = EDGE_LOOP('',(#13383));
#13383 = ORIENTED_EDGE('',*,*,#13384,.F.);
#13384 = EDGE_CURVE('',#13385,#13385,#13387,.T.);
#13385 = VERTEX_POINT('',#13386);
#13386 = CARTESIAN_POINT('',(-14.33896923017,10.,24.397735402298));
#13387 = CIRCLE('',#13388,0.9);
#13388 = AXIS2_PLACEMENT_3D('',#13389,#13390,#13391);
#13389 = CARTESIAN_POINT('',(-14.33896923017,10.,23.497735402298));
#13390 = DIRECTION('',(0.,1.,0.));
#13391 = DIRECTION('',(0.,-0.,1.));
#13392 = FACE_BOUND('',#13393,.F.);
#13393 = EDGE_LOOP('',(#13394));
#13394 = ORIENTED_EDGE('',*,*,#13395,.F.);
#13395 = EDGE_CURVE('',#13396,#13396,#13398,.T.);
#13396 = VERTEX_POINT('',#13397);
#13397 = CARTESIAN_POINT('',(-45.14091898099,10.,27.536627891208));
#13398 = CIRCLE('',#13399,1.3);
#13399 = AXIS2_PLACEMENT_3D('',#13400,#13401,#13402);
#13400 = CARTESIAN_POINT('',(-45.14091898099,10.,26.236627891208));
#13401 = DIRECTION('',(0.,1.,0.));
#13402 = DIRECTION('',(0.,-0.,1.));
#13403 = FACE_BOUND('',#13404,.F.);
#13404 = EDGE_LOOP('',(#13405));
#13405 = ORIENTED_EDGE('',*,*,#13406,.F.);
#13406 = EDGE_CURVE('',#13407,#13407,#13409,.T.);
#13407 = VERTEX_POINT('',#13408);
#13408 = CARTESIAN_POINT('',(-35.22991066399,10.,27.515946812139));
#13409 = CIRCLE('',#13410,1.3);
#13410 = AXIS2_PLACEMENT_3D('',#13411,#13412,#13413);
#13411 = CARTESIAN_POINT('',(-35.22991066399,10.,26.215946812139));
#13412 = DIRECTION('',(0.,1.,0.));
#13413 = DIRECTION('',(0.,-0.,1.));
#13414 = FACE_BOUND('',#13415,.F.);
#13415 = EDGE_LOOP('',(#13416));
#13416 = ORIENTED_EDGE('',*,*,#13417,.F.);
#13417 = EDGE_CURVE('',#13418,#13418,#13420,.T.);
#13418 = VERTEX_POINT('',#13419);
#13419 = CARTESIAN_POINT('',(-30.50247894437,10.,27.764007484828));
#13420 = CIRCLE('',#13421,1.7);
#13421 = AXIS2_PLACEMENT_3D('',#13422,#13423,#13424);
#13422 = CARTESIAN_POINT('',(-30.50247894437,10.,26.064007484828));
#13423 = DIRECTION('',(0.,1.,0.));
#13424 = DIRECTION('',(0.,-0.,1.));
#13425 = FACE_BOUND('',#13426,.F.);
#13426 = EDGE_LOOP('',(#13427));
#13427 = ORIENTED_EDGE('',*,*,#13428,.F.);
#13428 = EDGE_CURVE('',#13429,#13429,#13431,.T.);
#13429 = VERTEX_POINT('',#13430);
#13430 = CARTESIAN_POINT('',(-33.31836914661,10.,31.049846638471));
#13431 = CIRCLE('',#13432,1.3);
#13432 = AXIS2_PLACEMENT_3D('',#13433,#13434,#13435);
#13433 = CARTESIAN_POINT('',(-33.31836914661,10.,29.749846638471));
#13434 = DIRECTION('',(0.,1.,0.));
#13435 = DIRECTION('',(0.,-0.,1.));
#13436 = FACE_BOUND('',#13437,.F.);
#13437 = EDGE_LOOP('',(#13438));
#13438 = ORIENTED_EDGE('',*,*,#13439,.F.);
#13439 = EDGE_CURVE('',#13440,#13440,#13442,.T.);
#13440 = VERTEX_POINT('',#13441);
#13441 = CARTESIAN_POINT('',(-27.92371837857,10.,31.766493765119));
#13442 = CIRCLE('',#13443,1.7);
#13443 = AXIS2_PLACEMENT_3D('',#13444,#13445,#13446);
#13444 = CARTESIAN_POINT('',(-27.92371837857,10.,30.066493765119));
#13445 = DIRECTION('',(0.,1.,0.));
#13446 = DIRECTION('',(0.,-0.,1.));
#13447 = FACE_BOUND('',#13448,.F.);
#13448 = EDGE_LOOP('',(#13449));
#13449 = ORIENTED_EDGE('',*,*,#13450,.F.);
#13450 = EDGE_CURVE('',#13451,#13451,#13453,.T.);
#13451 = VERTEX_POINT('',#13452);
#13452 = CARTESIAN_POINT('',(-42.2420181257,10.,32.193777406591));
#13453 = CIRCLE('',#13454,1.3);
#13454 = AXIS2_PLACEMENT_3D('',#13455,#13456,#13457);
#13455 = CARTESIAN_POINT('',(-42.2420181257,10.,30.893777406591));
#13456 = DIRECTION('',(0.,1.,0.));
#13457 = DIRECTION('',(0.,-0.,1.));
#13458 = FACE_BOUND('',#13459,.F.);
#13459 = EDGE_LOOP('',(#13460));
#13460 = ORIENTED_EDGE('',*,*,#13461,.F.);
#13461 = EDGE_CURVE('',#13462,#13462,#13464,.T.);
#13462 = VERTEX_POINT('',#13463);
#13463 = CARTESIAN_POINT('',(-38.26697327794,10.,31.523111529825));
#13464 = CIRCLE('',#13465,0.9);
#13465 = AXIS2_PLACEMENT_3D('',#13466,#13467,#13468);
#13466 = CARTESIAN_POINT('',(-38.26697327794,10.,30.623111529825));
#13467 = DIRECTION('',(0.,1.,0.));
#13468 = DIRECTION('',(0.,-0.,1.));
#13469 = FACE_BOUND('',#13470,.F.);
#13470 = EDGE_LOOP('',(#13471));
#13471 = ORIENTED_EDGE('',*,*,#13472,.F.);
#13472 = EDGE_CURVE('',#13473,#13473,#13475,.T.);
#13473 = VERTEX_POINT('',#13474);
#13474 = CARTESIAN_POINT('',(-40.53620995292,10.,36.126134816057));
#13475 = CIRCLE('',#13476,1.7);
#13476 = AXIS2_PLACEMENT_3D('',#13477,#13478,#13479);
#13477 = CARTESIAN_POINT('',(-40.53620995292,10.,34.426134816057));
#13478 = DIRECTION('',(0.,1.,0.));
#13479 = DIRECTION('',(0.,-0.,1.));
#13480 = FACE_BOUND('',#13481,.F.);
#13481 = EDGE_LOOP('',(#13482));
#13482 = ORIENTED_EDGE('',*,*,#13483,.F.);
#13483 = EDGE_CURVE('',#13484,#13484,#13486,.T.);
#13484 = VERTEX_POINT('',#13485);
#13485 = CARTESIAN_POINT('',(-35.29697108257,10.,35.733820577468));
#13486 = CIRCLE('',#13487,0.9);
#13487 = AXIS2_PLACEMENT_3D('',#13488,#13489,#13490);
#13488 = CARTESIAN_POINT('',(-35.29697108257,10.,34.833820577468));
#13489 = DIRECTION('',(0.,1.,0.));
#13490 = DIRECTION('',(0.,-0.,1.));
#13491 = FACE_BOUND('',#13492,.F.);
#13492 = EDGE_LOOP('',(#13493));
#13493 = ORIENTED_EDGE('',*,*,#13494,.F.);
#13494 = EDGE_CURVE('',#13495,#13495,#13497,.T.);
#13495 = VERTEX_POINT('',#13496);
#13496 = CARTESIAN_POINT('',(-15.20869467027,10.,27.980687059392));
#13497 = CIRCLE('',#13498,0.9);
#13498 = AXIS2_PLACEMENT_3D('',#13499,#13500,#13501);
#13499 = CARTESIAN_POINT('',(-15.20869467027,10.,27.080687059392));
#13500 = DIRECTION('',(0.,1.,0.));
#13501 = DIRECTION('',(0.,-0.,1.));
#13502 = FACE_BOUND('',#13503,.F.);
#13503 = EDGE_LOOP('',(#13504));
#13504 = ORIENTED_EDGE('',*,*,#13505,.F.);
#13505 = EDGE_CURVE('',#13506,#13506,#13508,.T.);
#13506 = VERTEX_POINT('',#13507);
#13507 = CARTESIAN_POINT('',(-4.33883808457,10.,28.323720265049));
#13508 = CIRCLE('',#13509,0.9);
#13509 = AXIS2_PLACEMENT_3D('',#13510,#13511,#13512);
#13510 = CARTESIAN_POINT('',(-4.33883808457,10.,27.423720265049));
#13511 = DIRECTION('',(0.,1.,0.));
#13512 = DIRECTION('',(0.,-0.,1.));
#13513 = FACE_BOUND('',#13514,.F.);
#13514 = EDGE_LOOP('',(#13515));
#13515 = ORIENTED_EDGE('',*,*,#13516,.F.);
#13516 = EDGE_CURVE('',#13517,#13517,#13519,.T.);
#13517 = VERTEX_POINT('',#13518);
#13518 = CARTESIAN_POINT('',(-20.43563599626,10.,35.703658400565));
#13519 = CIRCLE('',#13520,1.3);
#13520 = AXIS2_PLACEMENT_3D('',#13521,#13522,#13523);
#13521 = CARTESIAN_POINT('',(-20.43563599626,10.,34.403658400565));
#13522 = DIRECTION('',(0.,1.,0.));
#13523 = DIRECTION('',(0.,-0.,1.));
#13524 = FACE_BOUND('',#13525,.F.);
#13525 = EDGE_LOOP('',(#13526));
#13526 = ORIENTED_EDGE('',*,*,#13527,.F.);
#13527 = EDGE_CURVE('',#13528,#13528,#13530,.T.);
#13528 = VERTEX_POINT('',#13529);
#13529 = CARTESIAN_POINT('',(-14.68051027056,10.,34.530979789357));
#13530 = CIRCLE('',#13531,1.3);
#13531 = AXIS2_PLACEMENT_3D('',#13532,#13533,#13534);
#13532 = CARTESIAN_POINT('',(-14.68051027056,10.,33.230979789357));
#13533 = DIRECTION('',(0.,1.,0.));
#13534 = DIRECTION('',(0.,-0.,1.));
#13535 = FACE_BOUND('',#13536,.F.);
#13536 = EDGE_LOOP('',(#13537));
#13537 = ORIENTED_EDGE('',*,*,#13538,.F.);
#13538 = EDGE_CURVE('',#13539,#13539,#13541,.T.);
#13539 = VERTEX_POINT('',#13540);
#13540 = CARTESIAN_POINT('',(8.574494032663,10.,24.34393526546));
#13541 = CIRCLE('',#13542,0.9);
#13542 = AXIS2_PLACEMENT_3D('',#13543,#13544,#13545);
#13543 = CARTESIAN_POINT('',(8.574494032663,10.,23.44393526546));
#13544 = DIRECTION('',(0.,1.,0.));
#13545 = DIRECTION('',(0.,-0.,1.));
#13546 = FACE_BOUND('',#13547,.F.);
#13547 = EDGE_LOOP('',(#13548));
#13548 = ORIENTED_EDGE('',*,*,#13549,.F.);
#13549 = EDGE_CURVE('',#13550,#13550,#13552,.T.);
#13550 = VERTEX_POINT('',#13551);
#13551 = CARTESIAN_POINT('',(3.914886675364,10.,28.228790281881));
#13552 = CIRCLE('',#13553,0.9);
#13553 = AXIS2_PLACEMENT_3D('',#13554,#13555,#13556);
#13554 = CARTESIAN_POINT('',(3.914886675364,10.,27.328790281881));
#13555 = DIRECTION('',(0.,1.,0.));
#13556 = DIRECTION('',(0.,-0.,1.));
#13557 = FACE_BOUND('',#13558,.F.);
#13558 = EDGE_LOOP('',(#13559));
#13559 = ORIENTED_EDGE('',*,*,#13560,.F.);
#13560 = EDGE_CURVE('',#13561,#13561,#13563,.T.);
#13561 = VERTEX_POINT('',#13562);
#13562 = CARTESIAN_POINT('',(8.551872744478,10.,29.527171837051));
#13563 = CIRCLE('',#13564,1.7);
#13564 = AXIS2_PLACEMENT_3D('',#13565,#13566,#13567);
#13565 = CARTESIAN_POINT('',(8.551872744478,10.,27.827171837051));
#13566 = DIRECTION('',(0.,1.,0.));
#13567 = DIRECTION('',(0.,-0.,1.));
#13568 = FACE_BOUND('',#13569,.F.);
#13569 = EDGE_LOOP('',(#13570));
#13570 = ORIENTED_EDGE('',*,*,#13571,.F.);
#13571 = EDGE_CURVE('',#13572,#13572,#13574,.T.);
#13572 = VERTEX_POINT('',#13573);
#13573 = CARTESIAN_POINT('',(14.057526276386,10.,28.661094717407));
#13574 = CIRCLE('',#13575,0.9);
#13575 = AXIS2_PLACEMENT_3D('',#13576,#13577,#13578);
#13576 = CARTESIAN_POINT('',(14.057526276386,10.,27.761094717407));
#13577 = DIRECTION('',(0.,1.,0.));
#13578 = DIRECTION('',(0.,-0.,1.));
#13579 = FACE_BOUND('',#13580,.F.);
#13580 = EDGE_LOOP('',(#13581));
#13581 = ORIENTED_EDGE('',*,*,#13582,.F.);
#13582 = EDGE_CURVE('',#13583,#13583,#13585,.T.);
#13583 = VERTEX_POINT('',#13584);
#13584 = CARTESIAN_POINT('',(9.824758176335,10.,34.893426864828));
#13585 = CIRCLE('',#13586,0.9);
#13586 = AXIS2_PLACEMENT_3D('',#13587,#13588,#13589);
#13587 = CARTESIAN_POINT('',(9.824758176335,10.,33.993426864828));
#13588 = DIRECTION('',(0.,1.,0.));
#13589 = DIRECTION('',(0.,-0.,1.));
#13590 = FACE_BOUND('',#13591,.F.);
#13591 = EDGE_LOOP('',(#13592));
#13592 = ORIENTED_EDGE('',*,*,#13593,.F.);
#13593 = EDGE_CURVE('',#13594,#13594,#13596,.T.);
#13594 = VERTEX_POINT('',#13595);
#13595 = CARTESIAN_POINT('',(27.399149371244,10.,31.077340697656));
#13596 = CIRCLE('',#13597,1.7);
#13597 = AXIS2_PLACEMENT_3D('',#13598,#13599,#13600);
#13598 = CARTESIAN_POINT('',(27.399149371244,10.,29.377340697656));
#13599 = DIRECTION('',(0.,1.,0.));
#13600 = DIRECTION('',(0.,-0.,1.));
#13601 = FACE_BOUND('',#13602,.F.);
#13602 = EDGE_LOOP('',(#13603));
#13603 = ORIENTED_EDGE('',*,*,#13604,.F.);
#13604 = EDGE_CURVE('',#13605,#13605,#13607,.T.);
#13605 = VERTEX_POINT('',#13606);
#13606 = CARTESIAN_POINT('',(38.66120741284,10.,30.560496219243));
#13607 = CIRCLE('',#13608,0.9);
#13608 = AXIS2_PLACEMENT_3D('',#13609,#13610,#13611);
#13609 = CARTESIAN_POINT('',(38.66120741284,10.,29.660496219243));
#13610 = DIRECTION('',(0.,1.,0.));
#13611 = DIRECTION('',(0.,-0.,1.));
#13612 = FACE_BOUND('',#13613,.F.);
#13613 = EDGE_LOOP('',(#13614));
#13614 = ORIENTED_EDGE('',*,*,#13615,.F.);
#13615 = EDGE_CURVE('',#13616,#13616,#13618,.T.);
#13616 = VERTEX_POINT('',#13617);
#13617 = CARTESIAN_POINT('',(28.214002270414,10.,35.117333218789));
#13618 = CIRCLE('',#13619,1.3);
#13619 = AXIS2_PLACEMENT_3D('',#13620,#13621,#13622);
#13620 = CARTESIAN_POINT('',(28.214002270414,10.,33.817333218789));
#13621 = DIRECTION('',(0.,1.,0.));
#13622 = DIRECTION('',(0.,-0.,1.));
#13623 = FACE_BOUND('',#13624,.F.);
#13624 = EDGE_LOOP('',(#13625));
#13625 = ORIENTED_EDGE('',*,*,#13626,.F.);
#13626 = EDGE_CURVE('',#13627,#13627,#13629,.T.);
#13627 = VERTEX_POINT('',#13628);
#13628 = CARTESIAN_POINT('',(-45.12810294204,10.,36.630711101771));
#13629 = CIRCLE('',#13630,1.7);
#13630 = AXIS2_PLACEMENT_3D('',#13631,#13632,#13633);
#13631 = CARTESIAN_POINT('',(-45.12810294204,10.,34.930711101771));
#13632 = DIRECTION('',(0.,1.,0.));
#13633 = DIRECTION('',(0.,-0.,1.));
#13634 = FACE_BOUND('',#13635,.F.);
#13635 = EDGE_LOOP('',(#13636));
#13636 = ORIENTED_EDGE('',*,*,#13637,.F.);
#13637 = EDGE_CURVE('',#13638,#13638,#13640,.T.);
#13638 = VERTEX_POINT('',#13639);
#13639 = CARTESIAN_POINT('',(-42.03570910329,10.,39.552186465245));
#13640 = CIRCLE('',#13641,1.3);
#13641 = AXIS2_PLACEMENT_3D('',#13642,#13643,#13644);
#13642 = CARTESIAN_POINT('',(-42.03570910329,10.,38.252186465245));
#13643 = DIRECTION('',(0.,1.,0.));
#13644 = DIRECTION('',(0.,-0.,1.));
#13645 = FACE_BOUND('',#13646,.F.);
#13646 = EDGE_LOOP('',(#13647));
#13647 = ORIENTED_EDGE('',*,*,#13648,.F.);
#13648 = EDGE_CURVE('',#13649,#13649,#13651,.T.);
#13649 = VERTEX_POINT('',#13650);
#13650 = CARTESIAN_POINT('',(-37.77922757037,10.,39.95756890664));
#13651 = CIRCLE('',#13652,1.3);
#13652 = AXIS2_PLACEMENT_3D('',#13653,#13654,#13655);
#13653 = CARTESIAN_POINT('',(-37.77922757037,10.,38.65756890664));
#13654 = DIRECTION('',(0.,1.,0.));
#13655 = DIRECTION('',(0.,-0.,1.));
#13656 = FACE_BOUND('',#13657,.F.);
#13657 = EDGE_LOOP('',(#13658));
#13658 = ORIENTED_EDGE('',*,*,#13659,.F.);
#13659 = EDGE_CURVE('',#13660,#13660,#13662,.T.);
#13660 = VERTEX_POINT('',#13661);
#13661 = CARTESIAN_POINT('',(-31.16914594438,10.,36.244977342688));
#13662 = CIRCLE('',#13663,1.3);
#13663 = AXIS2_PLACEMENT_3D('',#13664,#13665,#13666);
#13664 = CARTESIAN_POINT('',(-31.16914594438,10.,34.944977342688));
#13665 = DIRECTION('',(0.,1.,0.));
#13666 = DIRECTION('',(0.,-0.,1.));
#13667 = FACE_BOUND('',#13668,.F.);
#13668 = EDGE_LOOP('',(#13669));
#13669 = ORIENTED_EDGE('',*,*,#13670,.F.);
#13670 = EDGE_CURVE('',#13671,#13671,#13673,.T.);
#13671 = VERTEX_POINT('',#13672);
#13672 = CARTESIAN_POINT('',(-33.25665507961,10.,39.910065069578));
#13673 = CIRCLE('',#13674,1.3);
#13674 = AXIS2_PLACEMENT_3D('',#13675,#13676,#13677);
#13675 = CARTESIAN_POINT('',(-33.25665507961,10.,38.610065069578));
#13676 = DIRECTION('',(0.,1.,0.));
#13677 = DIRECTION('',(0.,-0.,1.));
#13678 = FACE_BOUND('',#13679,.F.);
#13679 = EDGE_LOOP('',(#13680));
#13680 = ORIENTED_EDGE('',*,*,#13681,.F.);
#13681 = EDGE_CURVE('',#13682,#13682,#13684,.T.);
#13682 = VERTEX_POINT('',#13683);
#13683 = CARTESIAN_POINT('',(-28.61966363171,10.,40.80083853635));
#13684 = CIRCLE('',#13685,1.7);
#13685 = AXIS2_PLACEMENT_3D('',#13686,#13687,#13688);
#13686 = CARTESIAN_POINT('',(-28.61966363171,10.,39.10083853635));
#13687 = DIRECTION('',(0.,1.,0.));
#13688 = DIRECTION('',(0.,-0.,1.));
#13689 = FACE_BOUND('',#13690,.F.);
#13690 = EDGE_LOOP('',(#13691));
#13691 = ORIENTED_EDGE('',*,*,#13692,.F.);
#13692 = EDGE_CURVE('',#13693,#13693,#13695,.T.);
#13693 = VERTEX_POINT('',#13694);
#13694 = CARTESIAN_POINT('',(-44.93465927941,10.,44.924759681749));
#13695 = CIRCLE('',#13696,1.7);
#13696 = AXIS2_PLACEMENT_3D('',#13697,#13698,#13699);
#13697 = CARTESIAN_POINT('',(-44.93465927941,10.,43.224759681749));
#13698 = DIRECTION('',(0.,1.,0.));
#13699 = DIRECTION('',(0.,-0.,1.));
#13700 = FACE_BOUND('',#13701,.F.);
#13701 = EDGE_LOOP('',(#13702));
#13702 = ORIENTED_EDGE('',*,*,#13703,.F.);
#13703 = EDGE_CURVE('',#13704,#13704,#13706,.T.);
#13704 = VERTEX_POINT('',#13705);
#13705 = CARTESIAN_POINT('',(-39.83088542367,10.,44.225863027005));
#13706 = CIRCLE('',#13707,1.3);
#13707 = AXIS2_PLACEMENT_3D('',#13708,#13709,#13710);
#13708 = CARTESIAN_POINT('',(-39.83088542367,10.,42.925863027005));
#13709 = DIRECTION('',(0.,1.,0.));
#13710 = DIRECTION('',(0.,-0.,1.));
#13711 = FACE_BOUND('',#13712,.F.);
#13712 = EDGE_LOOP('',(#13713));
#13713 = ORIENTED_EDGE('',*,*,#13714,.F.);
#13714 = EDGE_CURVE('',#13715,#13715,#13717,.T.);
#13715 = VERTEX_POINT('',#13716);
#13716 = CARTESIAN_POINT('',(-34.91844100431,10.,44.742825356656));
#13717 = CIRCLE('',#13718,1.7);
#13718 = AXIS2_PLACEMENT_3D('',#13719,#13720,#13721);
#13719 = CARTESIAN_POINT('',(-34.91844100431,10.,43.042825356656));
#13720 = DIRECTION('',(0.,1.,0.));
#13721 = DIRECTION('',(0.,-0.,1.));
#13722 = FACE_BOUND('',#13723,.F.);
#13723 = EDGE_LOOP('',(#13724));
#13724 = ORIENTED_EDGE('',*,*,#13725,.F.);
#13725 = EDGE_CURVE('',#13726,#13726,#13728,.T.);
#13726 = VERTEX_POINT('',#13727);
#13727 = CARTESIAN_POINT('',(-30.87929965702,10.,43.541172845641));
#13728 = CIRCLE('',#13729,1.3);
#13729 = AXIS2_PLACEMENT_3D('',#13730,#13731,#13732);
#13730 = CARTESIAN_POINT('',(-30.87929965702,10.,42.241172845641));
#13731 = DIRECTION('',(0.,1.,0.));
#13732 = DIRECTION('',(0.,-0.,1.));
#13733 = FACE_BOUND('',#13734,.F.);
#13734 = EDGE_LOOP('',(#13735));
#13735 = ORIENTED_EDGE('',*,*,#13736,.F.);
#13736 = EDGE_CURVE('',#13737,#13737,#13739,.T.);
#13737 = VERTEX_POINT('',#13738);
#13738 = CARTESIAN_POINT('',(-19.55226901651,10.,40.037643100792));
#13739 = CIRCLE('',#13740,0.9);
#13740 = AXIS2_PLACEMENT_3D('',#13741,#13742,#13743);
#13741 = CARTESIAN_POINT('',(-19.55226901651,10.,39.137643100792));
#13742 = DIRECTION('',(0.,1.,0.));
#13743 = DIRECTION('',(0.,-0.,1.));
#13744 = FACE_BOUND('',#13745,.F.);
#13745 = EDGE_LOOP('',(#13746));
#13746 = ORIENTED_EDGE('',*,*,#13747,.F.);
#13747 = EDGE_CURVE('',#13748,#13748,#13750,.T.);
#13748 = VERTEX_POINT('',#13749);
#13749 = CARTESIAN_POINT('',(-8.897738880073,10.,37.022699683233));
#13750 = CIRCLE('',#13751,1.3);
#13751 = AXIS2_PLACEMENT_3D('',#13752,#13753,#13754);
#13752 = CARTESIAN_POINT('',(-8.897738880073,10.,35.722699683233));
#13753 = DIRECTION('',(0.,1.,0.));
#13754 = DIRECTION('',(0.,-0.,1.));
#13755 = FACE_BOUND('',#13756,.F.);
#13756 = EDGE_LOOP('',(#13757));
#13757 = ORIENTED_EDGE('',*,*,#13758,.F.);
#13758 = EDGE_CURVE('',#13759,#13759,#13761,.T.);
#13759 = VERTEX_POINT('',#13760);
#13760 = CARTESIAN_POINT('',(-14.64200038198,10.,40.423137680548));
#13761 = CIRCLE('',#13762,0.9);
#13762 = AXIS2_PLACEMENT_3D('',#13763,#13764,#13765);
#13763 = CARTESIAN_POINT('',(-14.64200038198,10.,39.523137680548));
#13764 = DIRECTION('',(0.,1.,0.));
#13765 = DIRECTION('',(0.,-0.,1.));
#13766 = FACE_BOUND('',#13767,.F.);
#13767 = EDGE_LOOP('',(#13768));
#13768 = ORIENTED_EDGE('',*,*,#13769,.F.);
#13769 = EDGE_CURVE('',#13770,#13770,#13772,.T.);
#13770 = VERTEX_POINT('',#13771);
#13771 = CARTESIAN_POINT('',(-7.525692105992,10.,41.929117825129));
#13772 = CIRCLE('',#13773,0.9);
#13773 = AXIS2_PLACEMENT_3D('',#13774,#13775,#13776);
#13774 = CARTESIAN_POINT('',(-7.525692105992,10.,41.029117825129));
#13775 = DIRECTION('',(0.,1.,0.));
#13776 = DIRECTION('',(0.,-0.,1.));
#13777 = FACE_BOUND('',#13778,.F.);
#13778 = EDGE_LOOP('',(#13779));
#13779 = ORIENTED_EDGE('',*,*,#13780,.F.);
#13780 = EDGE_CURVE('',#13781,#13781,#13783,.T.);
#13781 = VERTEX_POINT('',#13782);
#13782 = CARTESIAN_POINT('',(-42.29416047264,10.,47.982762994803));
#13783 = CIRCLE('',#13784,0.9);
#13784 = AXIS2_PLACEMENT_3D('',#13785,#13786,#13787);
#13785 = CARTESIAN_POINT('',(-42.29416047264,10.,47.082762994803));
#13786 = DIRECTION('',(0.,1.,0.));
#13787 = DIRECTION('',(0.,-0.,1.));
#13788 = FACE_BOUND('',#13789,.F.);
#13789 = EDGE_LOOP('',(#13790));
#13790 = ORIENTED_EDGE('',*,*,#13791,.F.);
#13791 = EDGE_CURVE('',#13792,#13792,#13794,.T.);
#13792 = VERTEX_POINT('',#13793);
#13793 = CARTESIAN_POINT('',(-37.67608936508,10.,48.968155408811));
#13794 = CIRCLE('',#13795,1.7);
#13795 = AXIS2_PLACEMENT_3D('',#13796,#13797,#13798);
#13796 = CARTESIAN_POINT('',(-37.67608936508,10.,47.268155408811));
#13797 = DIRECTION('',(0.,1.,0.));
#13798 = DIRECTION('',(0.,-0.,1.));
#13799 = FACE_BOUND('',#13800,.F.);
#13800 = EDGE_LOOP('',(#13801));
#13801 = ORIENTED_EDGE('',*,*,#13802,.F.);
#13802 = EDGE_CURVE('',#13803,#13803,#13805,.T.);
#13803 = VERTEX_POINT('',#13804);
#13804 = CARTESIAN_POINT('',(-32.70392507495,10.,48.712227708036));
#13805 = CIRCLE('',#13806,1.7);
#13806 = AXIS2_PLACEMENT_3D('',#13807,#13808,#13809);
#13807 = CARTESIAN_POINT('',(-32.70392507495,10.,47.012227708036));
#13808 = DIRECTION('',(0.,1.,0.));
#13809 = DIRECTION('',(0.,-0.,1.));
#13810 = FACE_BOUND('',#13811,.F.);
#13811 = EDGE_LOOP('',(#13812));
#13812 = ORIENTED_EDGE('',*,*,#13813,.F.);
#13813 = EDGE_CURVE('',#13814,#13814,#13816,.T.);
#13814 = VERTEX_POINT('',#13815);
#13815 = CARTESIAN_POINT('',(-26.78173478053,10.,48.25890294345));
#13816 = CIRCLE('',#13817,0.9);
#13817 = AXIS2_PLACEMENT_3D('',#13818,#13819,#13820);
#13818 = CARTESIAN_POINT('',(-26.78173478053,10.,47.35890294345));
#13819 = DIRECTION('',(0.,1.,0.));
#13820 = DIRECTION('',(0.,-0.,1.));
#13821 = FACE_BOUND('',#13822,.F.);
#13822 = EDGE_LOOP('',(#13823));
#13823 = ORIENTED_EDGE('',*,*,#13824,.F.);
#13824 = EDGE_CURVE('',#13825,#13825,#13827,.T.);
#13825 = VERTEX_POINT('',#13826);
#13826 = CARTESIAN_POINT('',(-44.99784029453,10.,52.726382719908));
#13827 = CIRCLE('',#13828,1.7);
#13828 = AXIS2_PLACEMENT_3D('',#13829,#13830,#13831);
#13829 = CARTESIAN_POINT('',(-44.99784029453,10.,51.026382719908));
#13830 = DIRECTION('',(0.,1.,0.));
#13831 = DIRECTION('',(0.,-0.,1.));
#13832 = FACE_BOUND('',#13833,.F.);
#13833 = EDGE_LOOP('',(#13834));
#13834 = ORIENTED_EDGE('',*,*,#13835,.F.);
#13835 = EDGE_CURVE('',#13836,#13836,#13838,.T.);
#13836 = VERTEX_POINT('',#13837);
#13837 = CARTESIAN_POINT('',(-40.29064234431,10.,53.303744038883));
#13838 = CIRCLE('',#13839,1.7);
#13839 = AXIS2_PLACEMENT_3D('',#13840,#13841,#13842);
#13840 = CARTESIAN_POINT('',(-40.29064234431,10.,51.603744038883));
#13841 = DIRECTION('',(0.,1.,0.));
#13842 = DIRECTION('',(0.,-0.,1.));
#13843 = FACE_BOUND('',#13844,.F.);
#13844 = EDGE_LOOP('',(#13845));
#13845 = ORIENTED_EDGE('',*,*,#13846,.F.);
#13846 = EDGE_CURVE('',#13847,#13847,#13849,.T.);
#13847 = VERTEX_POINT('',#13848);
#13848 = CARTESIAN_POINT('',(-21.043616403,10.,47.606500840954));
#13849 = CIRCLE('',#13850,1.3);
#13850 = AXIS2_PLACEMENT_3D('',#13851,#13852,#13853);
#13851 = CARTESIAN_POINT('',(-21.043616403,10.,46.306500840954));
#13852 = DIRECTION('',(0.,1.,0.));
#13853 = DIRECTION('',(0.,-0.,1.));
#13854 = FACE_BOUND('',#13855,.F.);
#13855 = EDGE_LOOP('',(#13856));
#13856 = ORIENTED_EDGE('',*,*,#13857,.F.);
#13857 = EDGE_CURVE('',#13858,#13858,#13860,.T.);
#13858 = VERTEX_POINT('',#13859);
#13859 = CARTESIAN_POINT('',(-14.44538360586,10.,47.411530709812));
#13860 = CIRCLE('',#13861,0.9);
#13861 = AXIS2_PLACEMENT_3D('',#13862,#13863,#13864);
#13862 = CARTESIAN_POINT('',(-14.44538360586,10.,46.511530709812));
#13863 = DIRECTION('',(0.,1.,0.));
#13864 = DIRECTION('',(0.,-0.,1.));
#13865 = FACE_BOUND('',#13866,.F.);
#13866 = EDGE_LOOP('',(#13867));
#13867 = ORIENTED_EDGE('',*,*,#13868,.F.);
#13868 = EDGE_CURVE('',#13869,#13869,#13871,.T.);
#13869 = VERTEX_POINT('',#13870);
#13870 = CARTESIAN_POINT('',(-7.621616387402,10.,47.975092247178));
#13871 = CIRCLE('',#13872,0.9);
#13872 = AXIS2_PLACEMENT_3D('',#13873,#13874,#13875);
#13873 = CARTESIAN_POINT('',(-7.621616387402,10.,47.075092247178));
#13874 = DIRECTION('',(0.,1.,0.));
#13875 = DIRECTION('',(0.,-0.,1.));
#13876 = FACE_BOUND('',#13877,.F.);
#13877 = EDGE_LOOP('',(#13878));
#13878 = ORIENTED_EDGE('',*,*,#13879,.F.);
#13879 = EDGE_CURVE('',#13880,#13880,#13882,.T.);
#13880 = VERTEX_POINT('',#13881);
#13881 = CARTESIAN_POINT('',(-2.250729615969,10.,42.410633748286));
#13882 = CIRCLE('',#13883,1.7);
#13883 = AXIS2_PLACEMENT_3D('',#13884,#13885,#13886);
#13884 = CARTESIAN_POINT('',(-2.250729615969,10.,40.710633748286));
#13885 = DIRECTION('',(0.,1.,0.));
#13886 = DIRECTION('',(0.,-0.,1.));
#13887 = FACE_BOUND('',#13888,.F.);
#13888 = EDGE_LOOP('',(#13889));
#13889 = ORIENTED_EDGE('',*,*,#13890,.F.);
#13890 = EDGE_CURVE('',#13891,#13891,#13893,.T.);
#13891 = VERTEX_POINT('',#13892);
#13892 = CARTESIAN_POINT('',(9.986446412639,10.,40.80235326454));
#13893 = CIRCLE('',#13894,1.3);
#13894 = AXIS2_PLACEMENT_3D('',#13895,#13896,#13897);
#13895 = CARTESIAN_POINT('',(9.986446412639,10.,39.50235326454));
#13896 = DIRECTION('',(0.,1.,0.));
#13897 = DIRECTION('',(0.,-0.,1.));
#13898 = FACE_BOUND('',#13899,.F.);
#13899 = EDGE_LOOP('',(#13900));
#13900 = ORIENTED_EDGE('',*,*,#13901,.F.);
#13901 = EDGE_CURVE('',#13902,#13902,#13904,.T.);
#13902 = VERTEX_POINT('',#13903);
#13903 = CARTESIAN_POINT('',(19.641103854533,10.,42.834315872386));
#13904 = CIRCLE('',#13905,1.7);
#13905 = AXIS2_PLACEMENT_3D('',#13906,#13907,#13908);
#13906 = CARTESIAN_POINT('',(19.641103854533,10.,41.134315872386));
#13907 = DIRECTION('',(0.,1.,0.));
#13908 = DIRECTION('',(0.,-0.,1.));
#13909 = FACE_BOUND('',#13910,.F.);
#13910 = EDGE_LOOP('',(#13911));
#13911 = ORIENTED_EDGE('',*,*,#13912,.F.);
#13912 = EDGE_CURVE('',#13913,#13913,#13915,.T.);
#13913 = VERTEX_POINT('',#13914);
#13914 = CARTESIAN_POINT('',(25.57810967855,10.,42.259400210965));
#13915 = CIRCLE('',#13916,0.9);
#13916 = AXIS2_PLACEMENT_3D('',#13917,#13918,#13919);
#13917 = CARTESIAN_POINT('',(25.57810967855,10.,41.359400210965));
#13918 = DIRECTION('',(0.,1.,0.));
#13919 = DIRECTION('',(0.,-0.,1.));
#13920 = FACE_BOUND('',#13921,.F.);
#13921 = EDGE_LOOP('',(#13922));
#13922 = ORIENTED_EDGE('',*,*,#13923,.F.);
#13923 = EDGE_CURVE('',#13924,#13924,#13926,.T.);
#13924 = VERTEX_POINT('',#13925);
#13925 = CARTESIAN_POINT('',(1.54014647342,10.,46.180205482892));
#13926 = CIRCLE('',#13927,0.9);
#13927 = AXIS2_PLACEMENT_3D('',#13928,#13929,#13930);
#13928 = CARTESIAN_POINT('',(1.54014647342,10.,45.280205482892));
#13929 = DIRECTION('',(0.,1.,0.));
#13930 = DIRECTION('',(0.,-0.,1.));
#13931 = FACE_BOUND('',#13932,.F.);
#13932 = EDGE_LOOP('',(#13933));
#13933 = ORIENTED_EDGE('',*,*,#13934,.F.);
#13934 = EDGE_CURVE('',#13935,#13935,#13937,.T.);
#13935 = VERTEX_POINT('',#13936);
#13936 = CARTESIAN_POINT('',(9.496945899323,10.,47.531567187541));
#13937 = CIRCLE('',#13938,1.3);
#13938 = AXIS2_PLACEMENT_3D('',#13939,#13940,#13941);
#13939 = CARTESIAN_POINT('',(9.496945899323,10.,46.231567187541));
#13940 = DIRECTION('',(0.,1.,0.));
#13941 = DIRECTION('',(0.,-0.,1.));
#13942 = FACE_BOUND('',#13943,.F.);
#13943 = EDGE_LOOP('',(#13944));
#13944 = ORIENTED_EDGE('',*,*,#13945,.F.);
#13945 = EDGE_CURVE('',#13946,#13946,#13948,.T.);
#13946 = VERTEX_POINT('',#13947);
#13947 = CARTESIAN_POINT('',(21.017010998102,10.,47.419418854593));
#13948 = CIRCLE('',#13949,0.9);
#13949 = AXIS2_PLACEMENT_3D('',#13950,#13951,#13952);
#13950 = CARTESIAN_POINT('',(21.017010998102,10.,46.519418854593));
#13951 = DIRECTION('',(0.,1.,0.));
#13952 = DIRECTION('',(0.,-0.,1.));
#13953 = FACE_BOUND('',#13954,.F.);
#13954 = EDGE_LOOP('',(#13955));
#13955 = ORIENTED_EDGE('',*,*,#13956,.F.);
#13956 = EDGE_CURVE('',#13957,#13957,#13959,.T.);
#13957 = VERTEX_POINT('',#13958);
#13958 = CARTESIAN_POINT('',(25.7905403815,10.,47.89758710513));
#13959 = CIRCLE('',#13960,1.3);
#13960 = AXIS2_PLACEMENT_3D('',#13961,#13962,#13963);
#13961 = CARTESIAN_POINT('',(25.7905403815,10.,46.59758710513));
#13962 = DIRECTION('',(0.,1.,0.));
#13963 = DIRECTION('',(0.,-0.,1.));
#13964 = FACE_BOUND('',#13965,.F.);
#13965 = EDGE_LOOP('',(#13966));
#13966 = ORIENTED_EDGE('',*,*,#13967,.F.);
#13967 = EDGE_CURVE('',#13968,#13968,#13970,.T.);
#13968 = VERTEX_POINT('',#13969);
#13969 = CARTESIAN_POINT('',(32.546722535412,10.,47.018911520115));
#13970 = CIRCLE('',#13971,0.9);
#13971 = AXIS2_PLACEMENT_3D('',#13972,#13973,#13974);
#13972 = CARTESIAN_POINT('',(32.546722535412,10.,46.118911520115));
#13973 = DIRECTION('',(0.,1.,0.));
#13974 = DIRECTION('',(0.,-0.,1.));
#13975 = FACE_BOUND('',#13976,.F.);
#13976 = EDGE_LOOP('',(#13977));
#13977 = ORIENTED_EDGE('',*,*,#13978,.F.);
#13978 = EDGE_CURVE('',#13979,#13979,#13981,.T.);
#13979 = VERTEX_POINT('',#13980);
#13980 = CARTESIAN_POINT('',(38.265557786057,10.,48.157407704678));
#13981 = CIRCLE('',#13982,1.7);
#13982 = AXIS2_PLACEMENT_3D('',#13983,#13984,#13985);
#13983 = CARTESIAN_POINT('',(38.265557786057,10.,46.457407704678));
#13984 = DIRECTION('',(0.,1.,0.));
#13985 = DIRECTION('',(0.,-0.,1.));
#13986 = PLANE('',#13987);
#13987 = AXIS2_PLACEMENT_3D('',#13988,#13989,#13990);
#13988 = CARTESIAN_POINT('',(-137.66,10.,15.));
#13989 = DIRECTION('',(-0.,1.,0.));
#13990 = DIRECTION('',(0.,0.,1.));
#13991 = ADVANCED_FACE('',(#13992),#14011,.F.);
#13992 = FACE_BOUND('',#13993,.F.);
#13993 = EDGE_LOOP('',(#13994,#13995,#13996,#14005));
#13994 = ORIENTED_EDGE('',*,*,#12659,.T.);
#13995 = ORIENTED_EDGE('',*,*,#12627,.T.);
#13996 = ORIENTED_EDGE('',*,*,#13997,.F.);
#13997 = EDGE_CURVE('',#13998,#12620,#14000,.T.);
#13998 = VERTEX_POINT('',#13999);
#13999 = CARTESIAN_POINT('',(-137.2852272915,12.,54.));
#14000 = CIRCLE('',#14001,1.7);
#14001 = AXIS2_PLACEMENT_3D('',#14002,#14003,#14004);
#14002 = CARTESIAN_POINT('',(-138.66,12.,55.));
#14003 = DIRECTION('',(0.,1.,0.));
#14004 = DIRECTION('',(0.,-0.,1.));
#14005 = ORIENTED_EDGE('',*,*,#14006,.F.);
#14006 = EDGE_CURVE('',#12660,#13998,#14007,.T.);
#14007 = LINE('',#14008,#14009);
#14008 = CARTESIAN_POINT('',(-137.2852272915,-2.,54.));
#14009 = VECTOR('',#14010,1.);
#14010 = DIRECTION('',(0.,1.,0.));
#14011 = CYLINDRICAL_SURFACE('',#14012,1.7);
#14012 = AXIS2_PLACEMENT_3D('',#14013,#14014,#14015);
#14013 = CARTESIAN_POINT('',(-138.66,-2.,55.));
#14014 = DIRECTION('',(0.,1.,0.));
#14015 = DIRECTION('',(0.,-0.,1.));
#14016 = ADVANCED_FACE('',(#14017,#14070,#14081,#14092,#14103,#14114,
    #14125,#14136,#14147,#14158,#14169,#14180,#14191,#14202,#14213,
    #14224,#14235,#14246,#14257,#14268,#14279,#14290,#14301,#14312,
    #14323,#14334,#14345,#14356,#14367,#14378,#14389,#14400,#14411,
    #14422,#14433,#14444,#14455,#14466,#14477,#14488,#14499,#14510,
    #14521,#14532,#14543,#14554,#14565,#14576,#14587,#14598,#14609,
    #14620,#14631,#14642,#14653,#14664,#14675,#14686,#14697,#14708,
    #14719,#14730,#14741,#14752,#14763,#14774,#14785,#14796,#14807,
    #14818,#14829,#14840,#14851,#14862,#14873,#14884,#14895,#14906,
    #14917,#14928,#14939,#14950,#14961,#14972,#14983,#14994,#15005,
    #15016,#15027,#15038,#15049,#15060,#15071,#15082,#15093,#15104,
    #15115,#15126,#15137,#15148,#15159,#15170,#15181,#15192,#15203,
    #15214,#15225,#15236,#15247,#15258,#15269,#15280,#15291,#15302,
    #15313,#15324,#15335,#15346),#15357,.T.);
#14017 = FACE_BOUND('',#14018,.T.);
#14018 = EDGE_LOOP('',(#14019,#14029,#14036,#14037,#14038,#14046,#14055,
    #14063));
#14019 = ORIENTED_EDGE('',*,*,#14020,.F.);
#14020 = EDGE_CURVE('',#14021,#14023,#14025,.T.);
#14021 = VERTEX_POINT('',#14022);
#14022 = CARTESIAN_POINT('',(-137.2852272915,12.,15.));
#14023 = VERTEX_POINT('',#14024);
#14024 = CARTESIAN_POINT('',(47.285227291513,12.,15.));
#14025 = LINE('',#14026,#14027);
#14026 = CARTESIAN_POINT('',(-137.66,12.,15.));
#14027 = VECTOR('',#14028,1.);
#14028 = DIRECTION('',(1.,0.,-0.));
#14029 = ORIENTED_EDGE('',*,*,#14030,.F.);
#14030 = EDGE_CURVE('',#12612,#14021,#14031,.T.);
#14031 = CIRCLE('',#14032,1.7);
#14032 = AXIS2_PLACEMENT_3D('',#14033,#14034,#14035);
#14033 = CARTESIAN_POINT('',(-138.66,12.,14.));
#14034 = DIRECTION('',(0.,1.,0.));
#14035 = DIRECTION('',(0.,-0.,1.));
#14036 = ORIENTED_EDGE('',*,*,#12619,.T.);
#14037 = ORIENTED_EDGE('',*,*,#13997,.F.);
#14038 = ORIENTED_EDGE('',*,*,#14039,.T.);
#14039 = EDGE_CURVE('',#13998,#14040,#14042,.T.);
#14040 = VERTEX_POINT('',#14041);
#14041 = CARTESIAN_POINT('',(47.285227291513,12.,54.));
#14042 = LINE('',#14043,#14044);
#14043 = CARTESIAN_POINT('',(-137.66,12.,54.));
#14044 = VECTOR('',#14045,1.);
#14045 = DIRECTION('',(1.,0.,-0.));
#14046 = ORIENTED_EDGE('',*,*,#14047,.F.);
#14047 = EDGE_CURVE('',#14048,#14040,#14050,.T.);
#14048 = VERTEX_POINT('',#14049);
#14049 = CARTESIAN_POINT('',(47.66,12.,53.625227291513));
#14050 = CIRCLE('',#14051,1.7);
#14051 = AXIS2_PLACEMENT_3D('',#14052,#14053,#14054);
#14052 = CARTESIAN_POINT('',(48.66,12.,55.));
#14053 = DIRECTION('',(0.,1.,0.));
#14054 = DIRECTION('',(0.,-0.,1.));
#14055 = ORIENTED_EDGE('',*,*,#14056,.F.);
#14056 = EDGE_CURVE('',#14057,#14048,#14059,.T.);
#14057 = VERTEX_POINT('',#14058);
#14058 = CARTESIAN_POINT('',(47.66,12.,15.374772708487));
#14059 = LINE('',#14060,#14061);
#14060 = CARTESIAN_POINT('',(47.66,12.,15.));
#14061 = VECTOR('',#14062,1.);
#14062 = DIRECTION('',(0.,0.,1.));
#14063 = ORIENTED_EDGE('',*,*,#14064,.F.);
#14064 = EDGE_CURVE('',#14023,#14057,#14065,.T.);
#14065 = CIRCLE('',#14066,1.7);
#14066 = AXIS2_PLACEMENT_3D('',#14067,#14068,#14069);
#14067 = CARTESIAN_POINT('',(48.66,12.,14.));
#14068 = DIRECTION('',(0.,1.,0.));
#14069 = DIRECTION('',(0.,-0.,1.));
#14070 = FACE_BOUND('',#14071,.T.);
#14071 = EDGE_LOOP('',(#14072));
#14072 = ORIENTED_EDGE('',*,*,#14073,.F.);
#14073 = EDGE_CURVE('',#14074,#14074,#14076,.T.);
#14074 = VERTEX_POINT('',#14075);
#14075 = CARTESIAN_POINT('',(-117.1261619276,12.,23.489280581783));
#14076 = CIRCLE('',#14077,1.3);
#14077 = AXIS2_PLACEMENT_3D('',#14078,#14079,#14080);
#14078 = CARTESIAN_POINT('',(-117.1261619276,12.,22.189280581783));
#14079 = DIRECTION('',(0.,1.,0.));
#14080 = DIRECTION('',(0.,-0.,1.));
#14081 = FACE_BOUND('',#14082,.T.);
#14082 = EDGE_LOOP('',(#14083));
#14083 = ORIENTED_EDGE('',*,*,#14084,.F.);
#14084 = EDGE_CURVE('',#14085,#14085,#14087,.T.);
#14085 = VERTEX_POINT('',#14086);
#14086 = CARTESIAN_POINT('',(-109.8467786234,12.,22.664956745929));
#14087 = CIRCLE('',#14088,1.3);
#14088 = AXIS2_PLACEMENT_3D('',#14089,#14090,#14091);
#14089 = CARTESIAN_POINT('',(-109.8467786234,12.,21.364956745929));
#14090 = DIRECTION('',(0.,1.,0.));
#14091 = DIRECTION('',(0.,-0.,1.));
#14092 = FACE_BOUND('',#14093,.T.);
#14093 = EDGE_LOOP('',(#14094));
#14094 = ORIENTED_EDGE('',*,*,#14095,.F.);
#14095 = EDGE_CURVE('',#14096,#14096,#14098,.T.);
#14096 = VERTEX_POINT('',#14097);
#14097 = CARTESIAN_POINT('',(-104.5129503724,12.,23.259082040171));
#14098 = CIRCLE('',#14099,1.7);
#14099 = AXIS2_PLACEMENT_3D('',#14100,#14101,#14102);
#14100 = CARTESIAN_POINT('',(-104.5129503724,12.,21.559082040171));
#14101 = DIRECTION('',(0.,1.,0.));
#14102 = DIRECTION('',(0.,-0.,1.));
#14103 = FACE_BOUND('',#14104,.T.);
#14104 = EDGE_LOOP('',(#14105));
#14105 = ORIENTED_EDGE('',*,*,#14106,.F.);
#14106 = EDGE_CURVE('',#14107,#14107,#14109,.T.);
#14107 = VERTEX_POINT('',#14108);
#14108 = CARTESIAN_POINT('',(-100.0337749722,12.,23.51517809674));
#14109 = CIRCLE('',#14110,1.7);
#14110 = AXIS2_PLACEMENT_3D('',#14111,#14112,#14113);
#14111 = CARTESIAN_POINT('',(-100.0337749722,12.,21.81517809674));
#14112 = DIRECTION('',(0.,1.,0.));
#14113 = DIRECTION('',(0.,-0.,1.));
#14114 = FACE_BOUND('',#14115,.T.);
#14115 = EDGE_LOOP('',(#14116));
#14116 = ORIENTED_EDGE('',*,*,#14117,.F.);
#14117 = EDGE_CURVE('',#14118,#14118,#14120,.T.);
#14118 = VERTEX_POINT('',#14119);
#14119 = CARTESIAN_POINT('',(-94.17318263463,12.,23.828549498058));
#14120 = CIRCLE('',#14121,0.9);
#14121 = AXIS2_PLACEMENT_3D('',#14122,#14123,#14124);
#14122 = CARTESIAN_POINT('',(-94.17318263463,12.,22.928549498058));
#14123 = DIRECTION('',(0.,1.,0.));
#14124 = DIRECTION('',(0.,-0.,1.));
#14125 = FACE_BOUND('',#14126,.T.);
#14126 = EDGE_LOOP('',(#14127));
#14127 = ORIENTED_EDGE('',*,*,#14128,.F.);
#14128 = EDGE_CURVE('',#14129,#14129,#14131,.T.);
#14129 = VERTEX_POINT('',#14130);
#14130 = CARTESIAN_POINT('',(-110.2568235902,12.,28.076039954058));
#14131 = CIRCLE('',#14132,0.9);
#14132 = AXIS2_PLACEMENT_3D('',#14133,#14134,#14135);
#14133 = CARTESIAN_POINT('',(-110.2568235902,12.,27.176039954058));
#14134 = DIRECTION('',(0.,1.,0.));
#14135 = DIRECTION('',(0.,-0.,1.));
#14136 = FACE_BOUND('',#14137,.T.);
#14137 = EDGE_LOOP('',(#14138));
#14138 = ORIENTED_EDGE('',*,*,#14139,.F.);
#14139 = EDGE_CURVE('',#14140,#14140,#14142,.T.);
#14140 = VERTEX_POINT('',#14141);
#14141 = CARTESIAN_POINT('',(-117.6590137105,12.,30.517106015879));
#14142 = CIRCLE('',#14143,1.3);
#14143 = AXIS2_PLACEMENT_3D('',#14144,#14145,#14146);
#14144 = CARTESIAN_POINT('',(-117.6590137105,12.,29.217106015879));
#14145 = DIRECTION('',(0.,1.,0.));
#14146 = DIRECTION('',(0.,-0.,1.));
#14147 = FACE_BOUND('',#14148,.T.);
#14148 = EDGE_LOOP('',(#14149));
#14149 = ORIENTED_EDGE('',*,*,#14150,.F.);
#14150 = EDGE_CURVE('',#14151,#14151,#14153,.T.);
#14151 = VERTEX_POINT('',#14152);
#14152 = CARTESIAN_POINT('',(-88.18758129034,12.,28.876006849854));
#14153 = CIRCLE('',#14154,0.9);
#14154 = AXIS2_PLACEMENT_3D('',#14155,#14156,#14157);
#14155 = CARTESIAN_POINT('',(-88.18758129034,12.,27.976006849854));
#14156 = DIRECTION('',(0.,1.,0.));
#14157 = DIRECTION('',(0.,-0.,1.));
#14158 = FACE_BOUND('',#14159,.T.);
#14159 = EDGE_LOOP('',(#14160));
#14160 = ORIENTED_EDGE('',*,*,#14161,.F.);
#14161 = EDGE_CURVE('',#14162,#14162,#14164,.T.);
#14162 = VERTEX_POINT('',#14163);
#14163 = CARTESIAN_POINT('',(-68.15456772243,12.,24.113460643385));
#14164 = CIRCLE('',#14165,0.9);
#14165 = AXIS2_PLACEMENT_3D('',#14166,#14167,#14168);
#14166 = CARTESIAN_POINT('',(-68.15456772243,12.,23.213460643385));
#14167 = DIRECTION('',(0.,1.,0.));
#14168 = DIRECTION('',(0.,-0.,1.));
#14169 = FACE_BOUND('',#14170,.T.);
#14170 = EDGE_LOOP('',(#14171));
#14171 = ORIENTED_EDGE('',*,*,#14172,.F.);
#14172 = EDGE_CURVE('',#14173,#14173,#14175,.T.);
#14173 = VERTEX_POINT('',#14174);
#14174 = CARTESIAN_POINT('',(-50.35858776968,12.,19.842590103861));
#14175 = CIRCLE('',#14176,1.7);
#14176 = AXIS2_PLACEMENT_3D('',#14177,#14178,#14179);
#14177 = CARTESIAN_POINT('',(-50.35858776968,12.,18.142590103861));
#14178 = DIRECTION('',(0.,1.,0.));
#14179 = DIRECTION('',(0.,-0.,1.));
#14180 = FACE_BOUND('',#14181,.T.);
#14181 = EDGE_LOOP('',(#14182));
#14182 = ORIENTED_EDGE('',*,*,#14183,.F.);
#14183 = EDGE_CURVE('',#14184,#14184,#14186,.T.);
#14184 = VERTEX_POINT('',#14185);
#14185 = CARTESIAN_POINT('',(-57.54782454894,12.,23.553033068364));
#14186 = CIRCLE('',#14187,1.3);
#14187 = AXIS2_PLACEMENT_3D('',#14188,#14189,#14190);
#14188 = CARTESIAN_POINT('',(-57.54782454894,12.,22.253033068364));
#14189 = DIRECTION('',(0.,1.,0.));
#14190 = DIRECTION('',(0.,-0.,1.));
#14191 = FACE_BOUND('',#14192,.T.);
#14192 = EDGE_LOOP('',(#14193));
#14193 = ORIENTED_EDGE('',*,*,#14194,.F.);
#14194 = EDGE_CURVE('',#14195,#14195,#14197,.T.);
#14195 = VERTEX_POINT('',#14196);
#14196 = CARTESIAN_POINT('',(-52.54602723566,12.,23.451405114632));
#14197 = CIRCLE('',#14198,1.3);
#14198 = AXIS2_PLACEMENT_3D('',#14199,#14200,#14201);
#14199 = CARTESIAN_POINT('',(-52.54602723566,12.,22.151405114632));
#14200 = DIRECTION('',(0.,1.,0.));
#14201 = DIRECTION('',(0.,-0.,1.));
#14202 = FACE_BOUND('',#14203,.T.);
#14203 = EDGE_LOOP('',(#14204));
#14204 = ORIENTED_EDGE('',*,*,#14205,.F.);
#14205 = EDGE_CURVE('',#14206,#14206,#14208,.T.);
#14206 = VERTEX_POINT('',#14207);
#14207 = CARTESIAN_POINT('',(-47.07694790149,12.,22.89330226282));
#14208 = CIRCLE('',#14209,1.3);
#14209 = AXIS2_PLACEMENT_3D('',#14210,#14211,#14212);
#14210 = CARTESIAN_POINT('',(-47.07694790149,12.,21.59330226282));
#14211 = DIRECTION('',(0.,1.,0.));
#14212 = DIRECTION('',(0.,-0.,1.));
#14213 = FACE_BOUND('',#14214,.T.);
#14214 = EDGE_LOOP('',(#14215));
#14215 = ORIENTED_EDGE('',*,*,#14216,.F.);
#14216 = EDGE_CURVE('',#14217,#14217,#14219,.T.);
#14217 = VERTEX_POINT('',#14218);
#14218 = CARTESIAN_POINT('',(-74.21936666904,12.,31.620083578334));
#14219 = CIRCLE('',#14220,1.7);
#14220 = AXIS2_PLACEMENT_3D('',#14221,#14222,#14223);
#14221 = CARTESIAN_POINT('',(-74.21936666904,12.,29.920083578334));
#14222 = DIRECTION('',(0.,1.,0.));
#14223 = DIRECTION('',(0.,-0.,1.));
#14224 = FACE_BOUND('',#14225,.T.);
#14225 = EDGE_LOOP('',(#14226));
#14226 = ORIENTED_EDGE('',*,*,#14227,.F.);
#14227 = EDGE_CURVE('',#14228,#14228,#14230,.T.);
#14228 = VERTEX_POINT('',#14229);
#14229 = CARTESIAN_POINT('',(-67.85522896443,12.,29.183731267975));
#14230 = CIRCLE('',#14231,0.9);
#14231 = AXIS2_PLACEMENT_3D('',#14232,#14233,#14234);
#14232 = CARTESIAN_POINT('',(-67.85522896443,12.,28.283731267975));
#14233 = DIRECTION('',(0.,1.,0.));
#14234 = DIRECTION('',(0.,-0.,1.));
#14235 = FACE_BOUND('',#14236,.T.);
#14236 = EDGE_LOOP('',(#14237));
#14237 = ORIENTED_EDGE('',*,*,#14238,.F.);
#14238 = EDGE_CURVE('',#14239,#14239,#14241,.T.);
#14239 = VERTEX_POINT('',#14240);
#14240 = CARTESIAN_POINT('',(-87.04827945206,12.,35.123753844231));
#14241 = CIRCLE('',#14242,1.3);
#14242 = AXIS2_PLACEMENT_3D('',#14243,#14244,#14245);
#14243 = CARTESIAN_POINT('',(-87.04827945206,12.,33.823753844231));
#14244 = DIRECTION('',(0.,1.,0.));
#14245 = DIRECTION('',(0.,-0.,1.));
#14246 = FACE_BOUND('',#14247,.T.);
#14247 = EDGE_LOOP('',(#14248));
#14248 = ORIENTED_EDGE('',*,*,#14249,.F.);
#14249 = EDGE_CURVE('',#14250,#14250,#14252,.T.);
#14250 = VERTEX_POINT('',#14251);
#14251 = CARTESIAN_POINT('',(-79.53018659936,12.,34.657307846943));
#14252 = CIRCLE('',#14253,0.9);
#14253 = AXIS2_PLACEMENT_3D('',#14254,#14255,#14256);
#14254 = CARTESIAN_POINT('',(-79.53018659936,12.,33.757307846943));
#14255 = DIRECTION('',(0.,1.,0.));
#14256 = DIRECTION('',(0.,-0.,1.));
#14257 = FACE_BOUND('',#14258,.T.);
#14258 = EDGE_LOOP('',(#14259));
#14259 = ORIENTED_EDGE('',*,*,#14260,.F.);
#14260 = EDGE_CURVE('',#14261,#14261,#14263,.T.);
#14261 = VERTEX_POINT('',#14262);
#14262 = CARTESIAN_POINT('',(-75.85628493651,12.,35.449114234847));
#14263 = CIRCLE('',#14264,0.9);
#14264 = AXIS2_PLACEMENT_3D('',#14265,#14266,#14267);
#14265 = CARTESIAN_POINT('',(-75.85628493651,12.,34.549114234847));
#14266 = DIRECTION('',(0.,1.,0.));
#14267 = DIRECTION('',(0.,-0.,1.));
#14268 = FACE_BOUND('',#14269,.T.);
#14269 = EDGE_LOOP('',(#14270));
#14270 = ORIENTED_EDGE('',*,*,#14271,.F.);
#14271 = EDGE_CURVE('',#14272,#14272,#14274,.T.);
#14272 = VERTEX_POINT('',#14273);
#14273 = CARTESIAN_POINT('',(-59.64217630666,12.,27.292568071229));
#14274 = CIRCLE('',#14275,1.3);
#14275 = AXIS2_PLACEMENT_3D('',#14276,#14277,#14278);
#14276 = CARTESIAN_POINT('',(-59.64217630666,12.,25.992568071229));
#14277 = DIRECTION('',(0.,1.,0.));
#14278 = DIRECTION('',(0.,-0.,1.));
#14279 = FACE_BOUND('',#14280,.T.);
#14280 = EDGE_LOOP('',(#14281));
#14281 = ORIENTED_EDGE('',*,*,#14282,.F.);
#14282 = EDGE_CURVE('',#14283,#14283,#14285,.T.);
#14283 = VERTEX_POINT('',#14284);
#14284 = CARTESIAN_POINT('',(-54.30178055597,12.,27.70461746249));
#14285 = CIRCLE('',#14286,1.7);
#14286 = AXIS2_PLACEMENT_3D('',#14287,#14288,#14289);
#14287 = CARTESIAN_POINT('',(-54.30178055597,12.,26.00461746249));
#14288 = DIRECTION('',(0.,1.,0.));
#14289 = DIRECTION('',(0.,-0.,1.));
#14290 = FACE_BOUND('',#14291,.T.);
#14291 = EDGE_LOOP('',(#14292));
#14292 = ORIENTED_EDGE('',*,*,#14293,.F.);
#14293 = EDGE_CURVE('',#14294,#14294,#14296,.T.);
#14294 = VERTEX_POINT('',#14295);
#14295 = CARTESIAN_POINT('',(-49.42390845462,12.,27.000106038727));
#14296 = CIRCLE('',#14297,1.3);
#14297 = AXIS2_PLACEMENT_3D('',#14298,#14299,#14300);
#14298 = CARTESIAN_POINT('',(-49.42390845462,12.,25.700106038727));
#14299 = DIRECTION('',(0.,1.,0.));
#14300 = DIRECTION('',(0.,-0.,1.));
#14301 = FACE_BOUND('',#14302,.T.);
#14302 = EDGE_LOOP('',(#14303));
#14303 = ORIENTED_EDGE('',*,*,#14304,.F.);
#14304 = EDGE_CURVE('',#14305,#14305,#14307,.T.);
#14305 = VERTEX_POINT('',#14306);
#14306 = CARTESIAN_POINT('',(-61.94633950316,12.,31.613060931944));
#14307 = CIRCLE('',#14308,1.3);
#14308 = AXIS2_PLACEMENT_3D('',#14309,#14310,#14311);
#14309 = CARTESIAN_POINT('',(-61.94633950316,12.,30.313060931944));
#14310 = DIRECTION('',(0.,1.,0.));
#14311 = DIRECTION('',(0.,-0.,1.));
#14312 = FACE_BOUND('',#14313,.T.);
#14313 = EDGE_LOOP('',(#14314));
#14314 = ORIENTED_EDGE('',*,*,#14315,.F.);
#14315 = EDGE_CURVE('',#14316,#14316,#14318,.T.);
#14316 = VERTEX_POINT('',#14317);
#14317 = CARTESIAN_POINT('',(-56.41226434527,12.,32.470562557808));
#14318 = CIRCLE('',#14319,1.7);
#14319 = AXIS2_PLACEMENT_3D('',#14320,#14321,#14322);
#14320 = CARTESIAN_POINT('',(-56.41226434527,12.,30.770562557808));
#14321 = DIRECTION('',(0.,1.,0.));
#14322 = DIRECTION('',(0.,-0.,1.));
#14323 = FACE_BOUND('',#14324,.T.);
#14324 = EDGE_LOOP('',(#14325));
#14325 = ORIENTED_EDGE('',*,*,#14326,.F.);
#14326 = EDGE_CURVE('',#14327,#14327,#14329,.T.);
#14327 = VERTEX_POINT('',#14328);
#14328 = CARTESIAN_POINT('',(-52.4374085315,12.,31.517892256882));
#14329 = CIRCLE('',#14330,0.9);
#14330 = AXIS2_PLACEMENT_3D('',#14331,#14332,#14333);
#14331 = CARTESIAN_POINT('',(-52.4374085315,12.,30.617892256882));
#14332 = DIRECTION('',(0.,1.,0.));
#14333 = DIRECTION('',(0.,-0.,1.));
#14334 = FACE_BOUND('',#14335,.T.);
#14335 = EDGE_LOOP('',(#14336));
#14336 = ORIENTED_EDGE('',*,*,#14337,.F.);
#14337 = EDGE_CURVE('',#14338,#14338,#14340,.T.);
#14338 = VERTEX_POINT('',#14339);
#14339 = CARTESIAN_POINT('',(-47.59776444752,12.,32.640789818673));
#14340 = CIRCLE('',#14341,1.7);
#14341 = AXIS2_PLACEMENT_3D('',#14342,#14343,#14344);
#14342 = CARTESIAN_POINT('',(-47.59776444752,12.,30.940789818673));
#14343 = DIRECTION('',(0.,1.,0.));
#14344 = DIRECTION('',(0.,-0.,1.));
#14345 = FACE_BOUND('',#14346,.T.);
#14346 = EDGE_LOOP('',(#14347));
#14347 = ORIENTED_EDGE('',*,*,#14348,.F.);
#14348 = EDGE_CURVE('',#14349,#14349,#14351,.T.);
#14349 = VERTEX_POINT('',#14350);
#14350 = CARTESIAN_POINT('',(-54.00297520781,12.,36.225308211855));
#14351 = CIRCLE('',#14352,1.7);
#14352 = AXIS2_PLACEMENT_3D('',#14353,#14354,#14355);
#14353 = CARTESIAN_POINT('',(-54.00297520781,12.,34.525308211855));
#14354 = DIRECTION('',(0.,1.,0.));
#14355 = DIRECTION('',(0.,-0.,1.));
#14356 = FACE_BOUND('',#14357,.T.);
#14357 = EDGE_LOOP('',(#14358));
#14358 = ORIENTED_EDGE('',*,*,#14359,.F.);
#14359 = EDGE_CURVE('',#14360,#14360,#14362,.T.);
#14360 = VERTEX_POINT('',#14361);
#14361 = CARTESIAN_POINT('',(-50.07005700766,12.,35.751533195404));
#14362 = CIRCLE('',#14363,0.9);
#14363 = AXIS2_PLACEMENT_3D('',#14364,#14365,#14366);
#14364 = CARTESIAN_POINT('',(-50.07005700766,12.,34.851533195404));
#14365 = DIRECTION('',(0.,1.,0.));
#14366 = DIRECTION('',(0.,-0.,1.));
#14367 = FACE_BOUND('',#14368,.T.);
#14368 = EDGE_LOOP('',(#14369));
#14369 = ORIENTED_EDGE('',*,*,#14370,.F.);
#14370 = EDGE_CURVE('',#14371,#14371,#14373,.T.);
#14371 = VERTEX_POINT('',#14372);
#14372 = CARTESIAN_POINT('',(-129.0165937844,12.,40.764938898486));
#14373 = CIRCLE('',#14374,1.3);
#14374 = AXIS2_PLACEMENT_3D('',#14375,#14376,#14377);
#14375 = CARTESIAN_POINT('',(-129.0165937844,12.,39.464938898486));
#14376 = DIRECTION('',(0.,1.,0.));
#14377 = DIRECTION('',(0.,-0.,1.));
#14378 = FACE_BOUND('',#14379,.T.);
#14379 = EDGE_LOOP('',(#14380));
#14380 = ORIENTED_EDGE('',*,*,#14381,.F.);
#14381 = EDGE_CURVE('',#14382,#14382,#14384,.T.);
#14382 = VERTEX_POINT('',#14383);
#14383 = CARTESIAN_POINT('',(-121.8683445569,12.,42.294656543168));
#14384 = CIRCLE('',#14385,1.7);
#14385 = AXIS2_PLACEMENT_3D('',#14386,#14387,#14388);
#14386 = CARTESIAN_POINT('',(-121.8683445569,12.,40.594656543168));
#14387 = DIRECTION('',(0.,1.,0.));
#14388 = DIRECTION('',(0.,-0.,1.));
#14389 = FACE_BOUND('',#14390,.T.);
#14390 = EDGE_LOOP('',(#14391));
#14391 = ORIENTED_EDGE('',*,*,#14392,.F.);
#14392 = EDGE_CURVE('',#14393,#14393,#14395,.T.);
#14393 = VERTEX_POINT('',#14394);
#14394 = CARTESIAN_POINT('',(-110.224710522,12.,42.385167060834));
#14395 = CIRCLE('',#14396,1.3);
#14396 = AXIS2_PLACEMENT_3D('',#14397,#14398,#14399);
#14397 = CARTESIAN_POINT('',(-110.224710522,12.,41.085167060834));
#14398 = DIRECTION('',(0.,1.,0.));
#14399 = DIRECTION('',(0.,-0.,1.));
#14400 = FACE_BOUND('',#14401,.T.);
#14401 = EDGE_LOOP('',(#14402));
#14402 = ORIENTED_EDGE('',*,*,#14403,.F.);
#14403 = EDGE_CURVE('',#14404,#14404,#14406,.T.);
#14404 = VERTEX_POINT('',#14405);
#14405 = CARTESIAN_POINT('',(-103.8266670701,12.,42.069021815629));
#14406 = CIRCLE('',#14407,1.3);
#14407 = AXIS2_PLACEMENT_3D('',#14408,#14409,#14410);
#14408 = CARTESIAN_POINT('',(-103.8266670701,12.,40.769021815629));
#14409 = DIRECTION('',(0.,1.,0.));
#14410 = DIRECTION('',(0.,-0.,1.));
#14411 = FACE_BOUND('',#14412,.T.);
#14412 = EDGE_LOOP('',(#14413));
#14413 = ORIENTED_EDGE('',*,*,#14414,.F.);
#14414 = EDGE_CURVE('',#14415,#14415,#14417,.T.);
#14415 = VERTEX_POINT('',#14416);
#14416 = CARTESIAN_POINT('',(-98.22114643508,12.,42.121312429619));
#14417 = CIRCLE('',#14418,0.9);
#14418 = AXIS2_PLACEMENT_3D('',#14419,#14420,#14421);
#14419 = CARTESIAN_POINT('',(-98.22114643508,12.,41.221312429619));
#14420 = DIRECTION('',(0.,1.,0.));
#14421 = DIRECTION('',(0.,-0.,1.));
#14422 = FACE_BOUND('',#14423,.T.);
#14423 = EDGE_LOOP('',(#14424));
#14424 = ORIENTED_EDGE('',*,*,#14425,.F.);
#14425 = EDGE_CURVE('',#14426,#14426,#14428,.T.);
#14426 = VERTEX_POINT('',#14427);
#14427 = CARTESIAN_POINT('',(-91.53967496081,12.,41.94659607471));
#14428 = CIRCLE('',#14429,1.3);
#14429 = AXIS2_PLACEMENT_3D('',#14430,#14431,#14432);
#14430 = CARTESIAN_POINT('',(-91.53967496081,12.,40.64659607471));
#14431 = DIRECTION('',(0.,1.,0.));
#14432 = DIRECTION('',(0.,-0.,1.));
#14433 = FACE_BOUND('',#14434,.T.);
#14434 = EDGE_LOOP('',(#14435));
#14435 = ORIENTED_EDGE('',*,*,#14436,.F.);
#14436 = EDGE_CURVE('',#14437,#14437,#14439,.T.);
#14437 = VERTEX_POINT('',#14438);
#14438 = CARTESIAN_POINT('',(-129.1637121853,12.,46.792802904164));
#14439 = CIRCLE('',#14440,0.9);
#14440 = AXIS2_PLACEMENT_3D('',#14441,#14442,#14443);
#14441 = CARTESIAN_POINT('',(-129.1637121853,12.,45.892802904164));
#14442 = DIRECTION('',(0.,1.,0.));
#14443 = DIRECTION('',(0.,-0.,1.));
#14444 = FACE_BOUND('',#14445,.T.);
#14445 = EDGE_LOOP('',(#14446));
#14446 = ORIENTED_EDGE('',*,*,#14447,.F.);
#14447 = EDGE_CURVE('',#14448,#14448,#14450,.T.);
#14448 = VERTEX_POINT('',#14449);
#14449 = CARTESIAN_POINT('',(-122.8882651799,12.,47.89104747268));
#14450 = CIRCLE('',#14451,1.7);
#14451 = AXIS2_PLACEMENT_3D('',#14452,#14453,#14454);
#14452 = CARTESIAN_POINT('',(-122.8882651799,12.,46.19104747268));
#14453 = DIRECTION('',(0.,1.,0.));
#14454 = DIRECTION('',(0.,-0.,1.));
#14455 = FACE_BOUND('',#14456,.T.);
#14456 = EDGE_LOOP('',(#14457));
#14457 = ORIENTED_EDGE('',*,*,#14458,.F.);
#14458 = EDGE_CURVE('',#14459,#14459,#14461,.T.);
#14459 = VERTEX_POINT('',#14460);
#14460 = CARTESIAN_POINT('',(-106.2992429882,12.,47.938553282275));
#14461 = CIRCLE('',#14462,1.3);
#14462 = AXIS2_PLACEMENT_3D('',#14463,#14464,#14465);
#14463 = CARTESIAN_POINT('',(-106.2992429882,12.,46.638553282275));
#14464 = DIRECTION('',(0.,1.,0.));
#14465 = DIRECTION('',(0.,-0.,1.));
#14466 = FACE_BOUND('',#14467,.T.);
#14467 = EDGE_LOOP('',(#14468));
#14468 = ORIENTED_EDGE('',*,*,#14469,.F.);
#14469 = EDGE_CURVE('',#14470,#14470,#14472,.T.);
#14470 = VERTEX_POINT('',#14471);
#14471 = CARTESIAN_POINT('',(-93.27286602226,12.,46.962138348675));
#14472 = CIRCLE('',#14473,1.3);
#14473 = AXIS2_PLACEMENT_3D('',#14474,#14475,#14476);
#14474 = CARTESIAN_POINT('',(-93.27286602226,12.,45.662138348675));
#14475 = DIRECTION('',(0.,1.,0.));
#14476 = DIRECTION('',(0.,-0.,1.));
#14477 = FACE_BOUND('',#14478,.T.);
#14478 = EDGE_LOOP('',(#14479));
#14479 = ORIENTED_EDGE('',*,*,#14480,.F.);
#14480 = EDGE_CURVE('',#14481,#14481,#14483,.T.);
#14481 = VERTEX_POINT('',#14482);
#14482 = CARTESIAN_POINT('',(-98.10714803505,12.,47.908653400135));
#14483 = CIRCLE('',#14484,0.9);
#14484 = AXIS2_PLACEMENT_3D('',#14485,#14486,#14487);
#14485 = CARTESIAN_POINT('',(-98.10714803505,12.,47.008653400135));
#14486 = DIRECTION('',(0.,1.,0.));
#14487 = DIRECTION('',(0.,-0.,1.));
#14488 = FACE_BOUND('',#14489,.T.);
#14489 = EDGE_LOOP('',(#14490));
#14490 = ORIENTED_EDGE('',*,*,#14491,.F.);
#14491 = EDGE_CURVE('',#14492,#14492,#14494,.T.);
#14492 = VERTEX_POINT('',#14493);
#14493 = CARTESIAN_POINT('',(-87.48545859723,12.,41.003513320733));
#14494 = CIRCLE('',#14495,1.7);
#14495 = AXIS2_PLACEMENT_3D('',#14496,#14497,#14498);
#14496 = CARTESIAN_POINT('',(-87.48545859723,12.,39.303513320733));
#14497 = DIRECTION('',(0.,1.,0.));
#14498 = DIRECTION('',(0.,-0.,1.));
#14499 = FACE_BOUND('',#14500,.T.);
#14500 = EDGE_LOOP('',(#14501));
#14501 = ORIENTED_EDGE('',*,*,#14502,.F.);
#14502 = EDGE_CURVE('',#14503,#14503,#14505,.T.);
#14503 = VERTEX_POINT('',#14504);
#14504 = CARTESIAN_POINT('',(-69.85319635749,12.,36.254032618349));
#14505 = CIRCLE('',#14506,0.9);
#14506 = AXIS2_PLACEMENT_3D('',#14507,#14508,#14509);
#14507 = CARTESIAN_POINT('',(-69.85319635749,12.,35.354032618349));
#14508 = DIRECTION('',(0.,1.,0.));
#14509 = DIRECTION('',(0.,-0.,1.));
#14510 = FACE_BOUND('',#14511,.T.);
#14511 = EDGE_LOOP('',(#14512));
#14512 = ORIENTED_EDGE('',*,*,#14513,.F.);
#14513 = EDGE_CURVE('',#14514,#14514,#14516,.T.);
#14514 = VERTEX_POINT('',#14515);
#14515 = CARTESIAN_POINT('',(-80.60574407803,12.,41.586888137319));
#14516 = CIRCLE('',#14517,1.3);
#14517 = AXIS2_PLACEMENT_3D('',#14518,#14519,#14520);
#14518 = CARTESIAN_POINT('',(-80.60574407803,12.,40.286888137319));
#14519 = DIRECTION('',(0.,1.,0.));
#14520 = DIRECTION('',(0.,-0.,1.));
#14521 = FACE_BOUND('',#14522,.T.);
#14522 = EDGE_LOOP('',(#14523));
#14523 = ORIENTED_EDGE('',*,*,#14524,.F.);
#14524 = EDGE_CURVE('',#14525,#14525,#14527,.T.);
#14525 = VERTEX_POINT('',#14526);
#14526 = CARTESIAN_POINT('',(-59.50295577555,12.,36.731152116262));
#14527 = CIRCLE('',#14528,1.7);
#14528 = AXIS2_PLACEMENT_3D('',#14529,#14530,#14531);
#14529 = CARTESIAN_POINT('',(-59.50295577555,12.,35.031152116262));
#14530 = DIRECTION('',(0.,1.,0.));
#14531 = DIRECTION('',(0.,-0.,1.));
#14532 = FACE_BOUND('',#14533,.T.);
#14533 = EDGE_LOOP('',(#14534));
#14534 = ORIENTED_EDGE('',*,*,#14535,.F.);
#14535 = EDGE_CURVE('',#14536,#14536,#14538,.T.);
#14536 = VERTEX_POINT('',#14537);
#14537 = CARTESIAN_POINT('',(-61.51586301012,12.,39.05927632852));
#14538 = CIRCLE('',#14539,0.9);
#14539 = AXIS2_PLACEMENT_3D('',#14540,#14541,#14542);
#14540 = CARTESIAN_POINT('',(-61.51586301012,12.,38.15927632852));
#14541 = DIRECTION('',(0.,1.,0.));
#14542 = DIRECTION('',(0.,-0.,1.));
#14543 = FACE_BOUND('',#14544,.T.);
#14544 = EDGE_LOOP('',(#14545));
#14545 = ORIENTED_EDGE('',*,*,#14546,.F.);
#14546 = EDGE_CURVE('',#14547,#14547,#14549,.T.);
#14547 = VERTEX_POINT('',#14548);
#14548 = CARTESIAN_POINT('',(-57.00681615952,12.,40.185309594653));
#14549 = CIRCLE('',#14550,1.7);
#14550 = AXIS2_PLACEMENT_3D('',#14551,#14552,#14553);
#14551 = CARTESIAN_POINT('',(-57.00681615952,12.,38.485309594653));
#14552 = DIRECTION('',(0.,1.,0.));
#14553 = DIRECTION('',(0.,-0.,1.));
#14554 = FACE_BOUND('',#14555,.T.);
#14555 = EDGE_LOOP('',(#14556));
#14556 = ORIENTED_EDGE('',*,*,#14557,.F.);
#14557 = EDGE_CURVE('',#14558,#14558,#14560,.T.);
#14558 = VERTEX_POINT('',#14559);
#14559 = CARTESIAN_POINT('',(-51.68145445073,12.,40.089323036062));
#14560 = CIRCLE('',#14561,1.3);
#14561 = AXIS2_PLACEMENT_3D('',#14562,#14563,#14564);
#14562 = CARTESIAN_POINT('',(-51.68145445073,12.,38.789323036062));
#14563 = DIRECTION('',(0.,1.,0.));
#14564 = DIRECTION('',(0.,-0.,1.));
#14565 = FACE_BOUND('',#14566,.T.);
#14566 = EDGE_LOOP('',(#14567));
#14567 = ORIENTED_EDGE('',*,*,#14568,.F.);
#14568 = EDGE_CURVE('',#14569,#14569,#14571,.T.);
#14569 = VERTEX_POINT('',#14570);
#14570 = CARTESIAN_POINT('',(-46.89397155032,12.,40.108565284581));
#14571 = CIRCLE('',#14572,1.7);
#14572 = AXIS2_PLACEMENT_3D('',#14573,#14574,#14575);
#14573 = CARTESIAN_POINT('',(-46.89397155032,12.,38.408565284581));
#14574 = DIRECTION('',(0.,1.,0.));
#14575 = DIRECTION('',(0.,-0.,1.));
#14576 = FACE_BOUND('',#14577,.T.);
#14577 = EDGE_LOOP('',(#14578));
#14578 = ORIENTED_EDGE('',*,*,#14579,.F.);
#14579 = EDGE_CURVE('',#14580,#14580,#14582,.T.);
#14580 = VERTEX_POINT('',#14581);
#14581 = CARTESIAN_POINT('',(-59.96575225064,12.,44.455080734399));
#14582 = CIRCLE('',#14583,1.7);
#14583 = AXIS2_PLACEMENT_3D('',#14584,#14585,#14586);
#14584 = CARTESIAN_POINT('',(-59.96575225064,12.,42.755080734399));
#14585 = DIRECTION('',(0.,1.,0.));
#14586 = DIRECTION('',(0.,-0.,1.));
#14587 = FACE_BOUND('',#14588,.T.);
#14588 = EDGE_LOOP('',(#14589));
#14589 = ORIENTED_EDGE('',*,*,#14590,.F.);
#14590 = EDGE_CURVE('',#14591,#14591,#14593,.T.);
#14591 = VERTEX_POINT('',#14592);
#14592 = CARTESIAN_POINT('',(-54.89443886069,12.,44.849689370474));
#14593 = CIRCLE('',#14594,1.7);
#14594 = AXIS2_PLACEMENT_3D('',#14595,#14596,#14597);
#14595 = CARTESIAN_POINT('',(-54.89443886069,12.,43.149689370474));
#14596 = DIRECTION('',(0.,1.,0.));
#14597 = DIRECTION('',(0.,-0.,1.));
#14598 = FACE_BOUND('',#14599,.T.);
#14599 = EDGE_LOOP('',(#14600));
#14600 = ORIENTED_EDGE('',*,*,#14601,.F.);
#14601 = EDGE_CURVE('',#14602,#14602,#14604,.T.);
#14602 = VERTEX_POINT('',#14603);
#14603 = CARTESIAN_POINT('',(-49.57064473425,12.,44.61847743509));
#14604 = CIRCLE('',#14605,1.3);
#14605 = AXIS2_PLACEMENT_3D('',#14606,#14607,#14608);
#14606 = CARTESIAN_POINT('',(-49.57064473425,12.,43.31847743509));
#14607 = DIRECTION('',(0.,1.,0.));
#14608 = DIRECTION('',(0.,-0.,1.));
#14609 = FACE_BOUND('',#14610,.T.);
#14610 = EDGE_LOOP('',(#14611));
#14611 = ORIENTED_EDGE('',*,*,#14612,.F.);
#14612 = EDGE_CURVE('',#14613,#14613,#14615,.T.);
#14613 = VERTEX_POINT('',#14614);
#14614 = CARTESIAN_POINT('',(-79.56440275882,12.,48.79482629996));
#14615 = CIRCLE('',#14616,1.3);
#14616 = AXIS2_PLACEMENT_3D('',#14617,#14618,#14619);
#14617 = CARTESIAN_POINT('',(-79.56440275882,12.,47.49482629996));
#14618 = DIRECTION('',(0.,1.,0.));
#14619 = DIRECTION('',(0.,-0.,1.));
#14620 = FACE_BOUND('',#14621,.T.);
#14621 = EDGE_LOOP('',(#14622));
#14622 = ORIENTED_EDGE('',*,*,#14623,.F.);
#14623 = EDGE_CURVE('',#14624,#14624,#14626,.T.);
#14624 = VERTEX_POINT('',#14625);
#14625 = CARTESIAN_POINT('',(-74.47855640605,12.,46.356069052666));
#14626 = CIRCLE('',#14627,1.3);
#14627 = AXIS2_PLACEMENT_3D('',#14628,#14629,#14630);
#14628 = CARTESIAN_POINT('',(-74.47855640605,12.,45.056069052666));
#14629 = DIRECTION('',(0.,1.,0.));
#14630 = DIRECTION('',(0.,-0.,1.));
#14631 = FACE_BOUND('',#14632,.T.);
#14632 = EDGE_LOOP('',(#14633));
#14633 = ORIENTED_EDGE('',*,*,#14634,.F.);
#14634 = EDGE_CURVE('',#14635,#14635,#14637,.T.);
#14635 = VERTEX_POINT('',#14636);
#14636 = CARTESIAN_POINT('',(-57.4062812764,12.,48.019275345849));
#14637 = CIRCLE('',#14638,1.3);
#14638 = AXIS2_PLACEMENT_3D('',#14639,#14640,#14641);
#14639 = CARTESIAN_POINT('',(-57.4062812764,12.,46.719275345849));
#14640 = DIRECTION('',(0.,1.,0.));
#14641 = DIRECTION('',(0.,-0.,1.));
#14642 = FACE_BOUND('',#14643,.T.);
#14643 = EDGE_LOOP('',(#14644));
#14644 = ORIENTED_EDGE('',*,*,#14645,.F.);
#14645 = EDGE_CURVE('',#14646,#14646,#14648,.T.);
#14646 = VERTEX_POINT('',#14647);
#14647 = CARTESIAN_POINT('',(-52.19020036634,12.,47.897689855603));
#14648 = CIRCLE('',#14649,0.9);
#14649 = AXIS2_PLACEMENT_3D('',#14650,#14651,#14652);
#14650 = CARTESIAN_POINT('',(-52.19020036634,12.,46.997689855603));
#14651 = DIRECTION('',(0.,1.,0.));
#14652 = DIRECTION('',(0.,-0.,1.));
#14653 = FACE_BOUND('',#14654,.T.);
#14654 = EDGE_LOOP('',(#14655));
#14655 = ORIENTED_EDGE('',*,*,#14656,.F.);
#14656 = EDGE_CURVE('',#14657,#14657,#14659,.T.);
#14657 = VERTEX_POINT('',#14658);
#14658 = CARTESIAN_POINT('',(-47.29239971588,12.,48.839872289266));
#14659 = CIRCLE('',#14660,1.3);
#14660 = AXIS2_PLACEMENT_3D('',#14661,#14662,#14663);
#14661 = CARTESIAN_POINT('',(-47.29239971588,12.,47.539872289266));
#14662 = DIRECTION('',(0.,1.,0.));
#14663 = DIRECTION('',(0.,-0.,1.));
#14664 = FACE_BOUND('',#14665,.T.);
#14665 = EDGE_LOOP('',(#14666));
#14666 = ORIENTED_EDGE('',*,*,#14667,.F.);
#14667 = EDGE_CURVE('',#14668,#14668,#14670,.T.);
#14668 = VERTEX_POINT('',#14669);
#14669 = CARTESIAN_POINT('',(-49.54804606689,12.,51.458423544164));
#14670 = CIRCLE('',#14671,0.9);
#14671 = AXIS2_PLACEMENT_3D('',#14672,#14673,#14674);
#14672 = CARTESIAN_POINT('',(-49.54804606689,12.,50.558423544164));
#14673 = DIRECTION('',(0.,1.,0.));
#14674 = DIRECTION('',(0.,-0.,1.));
#14675 = FACE_BOUND('',#14676,.T.);
#14676 = EDGE_LOOP('',(#14677));
#14677 = ORIENTED_EDGE('',*,*,#14678,.F.);
#14678 = EDGE_CURVE('',#14679,#14679,#14681,.T.);
#14679 = VERTEX_POINT('',#14680);
#14680 = CARTESIAN_POINT('',(-44.62513326977,12.,19.98760701101));
#14681 = CIRCLE('',#14682,1.7);
#14682 = AXIS2_PLACEMENT_3D('',#14683,#14684,#14685);
#14683 = CARTESIAN_POINT('',(-44.62513326977,12.,18.28760701101));
#14684 = DIRECTION('',(0.,1.,0.));
#14685 = DIRECTION('',(0.,-0.,1.));
#14686 = FACE_BOUND('',#14687,.T.);
#14687 = EDGE_LOOP('',(#14688));
#14688 = ORIENTED_EDGE('',*,*,#14689,.F.);
#14689 = EDGE_CURVE('',#14690,#14690,#14692,.T.);
#14690 = VERTEX_POINT('',#14691);
#14691 = CARTESIAN_POINT('',(-39.67615460267,12.,19.88513436163));
#14692 = CIRCLE('',#14693,1.7);
#14693 = AXIS2_PLACEMENT_3D('',#14694,#14695,#14696);
#14694 = CARTESIAN_POINT('',(-39.67615460267,12.,18.18513436163));
#14695 = DIRECTION('',(0.,1.,0.));
#14696 = DIRECTION('',(0.,-0.,1.));
#14697 = FACE_BOUND('',#14698,.T.);
#14698 = EDGE_LOOP('',(#14699));
#14699 = ORIENTED_EDGE('',*,*,#14700,.F.);
#14700 = EDGE_CURVE('',#14701,#14701,#14703,.T.);
#14701 = VERTEX_POINT('',#14702);
#14702 = CARTESIAN_POINT('',(-42.20654377803,12.,24.063276539898));
#14703 = CIRCLE('',#14704,1.7);
#14704 = AXIS2_PLACEMENT_3D('',#14705,#14706,#14707);
#14705 = CARTESIAN_POINT('',(-42.20654377803,12.,22.363276539898));
#14706 = DIRECTION('',(0.,1.,0.));
#14707 = DIRECTION('',(0.,-0.,1.));
#14708 = FACE_BOUND('',#14709,.T.);
#14709 = EDGE_LOOP('',(#14710));
#14710 = ORIENTED_EDGE('',*,*,#14711,.F.);
#14711 = EDGE_CURVE('',#14712,#14712,#14714,.T.);
#14712 = VERTEX_POINT('',#14713);
#14713 = CARTESIAN_POINT('',(-38.09415469632,12.,23.614629223385));
#14714 = CIRCLE('',#14715,1.7);
#14715 = AXIS2_PLACEMENT_3D('',#14716,#14717,#14718);
#14716 = CARTESIAN_POINT('',(-38.09415469632,12.,21.914629223385));
#14717 = DIRECTION('',(0.,1.,0.));
#14718 = DIRECTION('',(0.,-0.,1.));
#14719 = FACE_BOUND('',#14720,.T.);
#14720 = EDGE_LOOP('',(#14721));
#14721 = ORIENTED_EDGE('',*,*,#14722,.F.);
#14722 = EDGE_CURVE('',#14723,#14723,#14725,.T.);
#14723 = VERTEX_POINT('',#14724);
#14724 = CARTESIAN_POINT('',(-40.0424981379,12.,26.921894964591));
#14725 = CIRCLE('',#14726,1.3);
#14726 = AXIS2_PLACEMENT_3D('',#14727,#14728,#14729);
#14727 = CARTESIAN_POINT('',(-40.0424981379,12.,25.621894964591));
#14728 = DIRECTION('',(0.,1.,0.));
#14729 = DIRECTION('',(0.,-0.,1.));
#14730 = FACE_BOUND('',#14731,.T.);
#14731 = EDGE_LOOP('',(#14732));
#14732 = ORIENTED_EDGE('',*,*,#14733,.F.);
#14733 = EDGE_CURVE('',#14734,#14734,#14736,.T.);
#14734 = VERTEX_POINT('',#14735);
#14735 = CARTESIAN_POINT('',(-32.54666383121,12.,23.903872177929));
#14736 = CIRCLE('',#14737,1.3);
#14737 = AXIS2_PLACEMENT_3D('',#14738,#14739,#14740);
#14738 = CARTESIAN_POINT('',(-32.54666383121,12.,22.603872177929));
#14739 = DIRECTION('',(0.,1.,0.));
#14740 = DIRECTION('',(0.,-0.,1.));
#14741 = FACE_BOUND('',#14742,.T.);
#14742 = EDGE_LOOP('',(#14743));
#14743 = ORIENTED_EDGE('',*,*,#14744,.F.);
#14744 = EDGE_CURVE('',#14745,#14745,#14747,.T.);
#14745 = VERTEX_POINT('',#14746);
#14746 = CARTESIAN_POINT('',(-21.34528067161,12.,22.940837072361));
#14747 = CIRCLE('',#14748,0.9);
#14748 = AXIS2_PLACEMENT_3D('',#14749,#14750,#14751);
#14749 = CARTESIAN_POINT('',(-21.34528067161,12.,22.040837072361));
#14750 = DIRECTION('',(0.,1.,0.));
#14751 = DIRECTION('',(0.,-0.,1.));
#14752 = FACE_BOUND('',#14753,.T.);
#14753 = EDGE_LOOP('',(#14754));
#14754 = ORIENTED_EDGE('',*,*,#14755,.F.);
#14755 = EDGE_CURVE('',#14756,#14756,#14758,.T.);
#14756 = VERTEX_POINT('',#14757);
#14757 = CARTESIAN_POINT('',(-14.33896923017,12.,24.397735402298));
#14758 = CIRCLE('',#14759,0.9);
#14759 = AXIS2_PLACEMENT_3D('',#14760,#14761,#14762);
#14760 = CARTESIAN_POINT('',(-14.33896923017,12.,23.497735402298));
#14761 = DIRECTION('',(0.,1.,0.));
#14762 = DIRECTION('',(0.,-0.,1.));
#14763 = FACE_BOUND('',#14764,.T.);
#14764 = EDGE_LOOP('',(#14765));
#14765 = ORIENTED_EDGE('',*,*,#14766,.F.);
#14766 = EDGE_CURVE('',#14767,#14767,#14769,.T.);
#14767 = VERTEX_POINT('',#14768);
#14768 = CARTESIAN_POINT('',(-45.14091898099,12.,27.536627891208));
#14769 = CIRCLE('',#14770,1.3);
#14770 = AXIS2_PLACEMENT_3D('',#14771,#14772,#14773);
#14771 = CARTESIAN_POINT('',(-45.14091898099,12.,26.236627891208));
#14772 = DIRECTION('',(0.,1.,0.));
#14773 = DIRECTION('',(0.,-0.,1.));
#14774 = FACE_BOUND('',#14775,.T.);
#14775 = EDGE_LOOP('',(#14776));
#14776 = ORIENTED_EDGE('',*,*,#14777,.F.);
#14777 = EDGE_CURVE('',#14778,#14778,#14780,.T.);
#14778 = VERTEX_POINT('',#14779);
#14779 = CARTESIAN_POINT('',(-35.22991066399,12.,27.515946812139));
#14780 = CIRCLE('',#14781,1.3);
#14781 = AXIS2_PLACEMENT_3D('',#14782,#14783,#14784);
#14782 = CARTESIAN_POINT('',(-35.22991066399,12.,26.215946812139));
#14783 = DIRECTION('',(0.,1.,0.));
#14784 = DIRECTION('',(0.,-0.,1.));
#14785 = FACE_BOUND('',#14786,.T.);
#14786 = EDGE_LOOP('',(#14787));
#14787 = ORIENTED_EDGE('',*,*,#14788,.F.);
#14788 = EDGE_CURVE('',#14789,#14789,#14791,.T.);
#14789 = VERTEX_POINT('',#14790);
#14790 = CARTESIAN_POINT('',(-30.50247894437,12.,27.764007484828));
#14791 = CIRCLE('',#14792,1.7);
#14792 = AXIS2_PLACEMENT_3D('',#14793,#14794,#14795);
#14793 = CARTESIAN_POINT('',(-30.50247894437,12.,26.064007484828));
#14794 = DIRECTION('',(0.,1.,0.));
#14795 = DIRECTION('',(0.,-0.,1.));
#14796 = FACE_BOUND('',#14797,.T.);
#14797 = EDGE_LOOP('',(#14798));
#14798 = ORIENTED_EDGE('',*,*,#14799,.F.);
#14799 = EDGE_CURVE('',#14800,#14800,#14802,.T.);
#14800 = VERTEX_POINT('',#14801);
#14801 = CARTESIAN_POINT('',(-33.31836914661,12.,31.049846638471));
#14802 = CIRCLE('',#14803,1.3);
#14803 = AXIS2_PLACEMENT_3D('',#14804,#14805,#14806);
#14804 = CARTESIAN_POINT('',(-33.31836914661,12.,29.749846638471));
#14805 = DIRECTION('',(0.,1.,0.));
#14806 = DIRECTION('',(0.,-0.,1.));
#14807 = FACE_BOUND('',#14808,.T.);
#14808 = EDGE_LOOP('',(#14809));
#14809 = ORIENTED_EDGE('',*,*,#14810,.F.);
#14810 = EDGE_CURVE('',#14811,#14811,#14813,.T.);
#14811 = VERTEX_POINT('',#14812);
#14812 = CARTESIAN_POINT('',(-27.92371837857,12.,31.766493765119));
#14813 = CIRCLE('',#14814,1.7);
#14814 = AXIS2_PLACEMENT_3D('',#14815,#14816,#14817);
#14815 = CARTESIAN_POINT('',(-27.92371837857,12.,30.066493765119));
#14816 = DIRECTION('',(0.,1.,0.));
#14817 = DIRECTION('',(0.,-0.,1.));
#14818 = FACE_BOUND('',#14819,.T.);
#14819 = EDGE_LOOP('',(#14820));
#14820 = ORIENTED_EDGE('',*,*,#14821,.F.);
#14821 = EDGE_CURVE('',#14822,#14822,#14824,.T.);
#14822 = VERTEX_POINT('',#14823);
#14823 = CARTESIAN_POINT('',(-42.2420181257,12.,32.193777406591));
#14824 = CIRCLE('',#14825,1.3);
#14825 = AXIS2_PLACEMENT_3D('',#14826,#14827,#14828);
#14826 = CARTESIAN_POINT('',(-42.2420181257,12.,30.893777406591));
#14827 = DIRECTION('',(0.,1.,0.));
#14828 = DIRECTION('',(0.,-0.,1.));
#14829 = FACE_BOUND('',#14830,.T.);
#14830 = EDGE_LOOP('',(#14831));
#14831 = ORIENTED_EDGE('',*,*,#14832,.F.);
#14832 = EDGE_CURVE('',#14833,#14833,#14835,.T.);
#14833 = VERTEX_POINT('',#14834);
#14834 = CARTESIAN_POINT('',(-38.26697327794,12.,31.523111529825));
#14835 = CIRCLE('',#14836,0.9);
#14836 = AXIS2_PLACEMENT_3D('',#14837,#14838,#14839);
#14837 = CARTESIAN_POINT('',(-38.26697327794,12.,30.623111529825));
#14838 = DIRECTION('',(0.,1.,0.));
#14839 = DIRECTION('',(0.,-0.,1.));
#14840 = FACE_BOUND('',#14841,.T.);
#14841 = EDGE_LOOP('',(#14842));
#14842 = ORIENTED_EDGE('',*,*,#14843,.F.);
#14843 = EDGE_CURVE('',#14844,#14844,#14846,.T.);
#14844 = VERTEX_POINT('',#14845);
#14845 = CARTESIAN_POINT('',(-40.53620995292,12.,36.126134816057));
#14846 = CIRCLE('',#14847,1.7);
#14847 = AXIS2_PLACEMENT_3D('',#14848,#14849,#14850);
#14848 = CARTESIAN_POINT('',(-40.53620995292,12.,34.426134816057));
#14849 = DIRECTION('',(0.,1.,0.));
#14850 = DIRECTION('',(0.,-0.,1.));
#14851 = FACE_BOUND('',#14852,.T.);
#14852 = EDGE_LOOP('',(#14853));
#14853 = ORIENTED_EDGE('',*,*,#14854,.F.);
#14854 = EDGE_CURVE('',#14855,#14855,#14857,.T.);
#14855 = VERTEX_POINT('',#14856);
#14856 = CARTESIAN_POINT('',(-35.29697108257,12.,35.733820577468));
#14857 = CIRCLE('',#14858,0.9);
#14858 = AXIS2_PLACEMENT_3D('',#14859,#14860,#14861);
#14859 = CARTESIAN_POINT('',(-35.29697108257,12.,34.833820577468));
#14860 = DIRECTION('',(0.,1.,0.));
#14861 = DIRECTION('',(0.,-0.,1.));
#14862 = FACE_BOUND('',#14863,.T.);
#14863 = EDGE_LOOP('',(#14864));
#14864 = ORIENTED_EDGE('',*,*,#14865,.F.);
#14865 = EDGE_CURVE('',#14866,#14866,#14868,.T.);
#14866 = VERTEX_POINT('',#14867);
#14867 = CARTESIAN_POINT('',(-15.20869467027,12.,27.980687059392));
#14868 = CIRCLE('',#14869,0.9);
#14869 = AXIS2_PLACEMENT_3D('',#14870,#14871,#14872);
#14870 = CARTESIAN_POINT('',(-15.20869467027,12.,27.080687059392));
#14871 = DIRECTION('',(0.,1.,0.));
#14872 = DIRECTION('',(0.,-0.,1.));
#14873 = FACE_BOUND('',#14874,.T.);
#14874 = EDGE_LOOP('',(#14875));
#14875 = ORIENTED_EDGE('',*,*,#14876,.F.);
#14876 = EDGE_CURVE('',#14877,#14877,#14879,.T.);
#14877 = VERTEX_POINT('',#14878);
#14878 = CARTESIAN_POINT('',(-4.33883808457,12.,28.323720265049));
#14879 = CIRCLE('',#14880,0.9);
#14880 = AXIS2_PLACEMENT_3D('',#14881,#14882,#14883);
#14881 = CARTESIAN_POINT('',(-4.33883808457,12.,27.423720265049));
#14882 = DIRECTION('',(0.,1.,0.));
#14883 = DIRECTION('',(0.,-0.,1.));
#14884 = FACE_BOUND('',#14885,.T.);
#14885 = EDGE_LOOP('',(#14886));
#14886 = ORIENTED_EDGE('',*,*,#14887,.F.);
#14887 = EDGE_CURVE('',#14888,#14888,#14890,.T.);
#14888 = VERTEX_POINT('',#14889);
#14889 = CARTESIAN_POINT('',(-20.43563599626,12.,35.703658400565));
#14890 = CIRCLE('',#14891,1.3);
#14891 = AXIS2_PLACEMENT_3D('',#14892,#14893,#14894);
#14892 = CARTESIAN_POINT('',(-20.43563599626,12.,34.403658400565));
#14893 = DIRECTION('',(0.,1.,0.));
#14894 = DIRECTION('',(0.,-0.,1.));
#14895 = FACE_BOUND('',#14896,.T.);
#14896 = EDGE_LOOP('',(#14897));
#14897 = ORIENTED_EDGE('',*,*,#14898,.F.);
#14898 = EDGE_CURVE('',#14899,#14899,#14901,.T.);
#14899 = VERTEX_POINT('',#14900);
#14900 = CARTESIAN_POINT('',(-14.68051027056,12.,34.530979789357));
#14901 = CIRCLE('',#14902,1.3);
#14902 = AXIS2_PLACEMENT_3D('',#14903,#14904,#14905);
#14903 = CARTESIAN_POINT('',(-14.68051027056,12.,33.230979789357));
#14904 = DIRECTION('',(0.,1.,0.));
#14905 = DIRECTION('',(0.,-0.,1.));
#14906 = FACE_BOUND('',#14907,.T.);
#14907 = EDGE_LOOP('',(#14908));
#14908 = ORIENTED_EDGE('',*,*,#14909,.F.);
#14909 = EDGE_CURVE('',#14910,#14910,#14912,.T.);
#14910 = VERTEX_POINT('',#14911);
#14911 = CARTESIAN_POINT('',(8.574494032663,12.,24.34393526546));
#14912 = CIRCLE('',#14913,0.9);
#14913 = AXIS2_PLACEMENT_3D('',#14914,#14915,#14916);
#14914 = CARTESIAN_POINT('',(8.574494032663,12.,23.44393526546));
#14915 = DIRECTION('',(0.,1.,0.));
#14916 = DIRECTION('',(0.,-0.,1.));
#14917 = FACE_BOUND('',#14918,.T.);
#14918 = EDGE_LOOP('',(#14919));
#14919 = ORIENTED_EDGE('',*,*,#14920,.F.);
#14920 = EDGE_CURVE('',#14921,#14921,#14923,.T.);
#14921 = VERTEX_POINT('',#14922);
#14922 = CARTESIAN_POINT('',(3.914886675364,12.,28.228790281881));
#14923 = CIRCLE('',#14924,0.9);
#14924 = AXIS2_PLACEMENT_3D('',#14925,#14926,#14927);
#14925 = CARTESIAN_POINT('',(3.914886675364,12.,27.328790281881));
#14926 = DIRECTION('',(0.,1.,0.));
#14927 = DIRECTION('',(0.,-0.,1.));
#14928 = FACE_BOUND('',#14929,.T.);
#14929 = EDGE_LOOP('',(#14930));
#14930 = ORIENTED_EDGE('',*,*,#14931,.F.);
#14931 = EDGE_CURVE('',#14932,#14932,#14934,.T.);
#14932 = VERTEX_POINT('',#14933);
#14933 = CARTESIAN_POINT('',(8.551872744478,12.,29.527171837051));
#14934 = CIRCLE('',#14935,1.7);
#14935 = AXIS2_PLACEMENT_3D('',#14936,#14937,#14938);
#14936 = CARTESIAN_POINT('',(8.551872744478,12.,27.827171837051));
#14937 = DIRECTION('',(0.,1.,0.));
#14938 = DIRECTION('',(0.,-0.,1.));
#14939 = FACE_BOUND('',#14940,.T.);
#14940 = EDGE_LOOP('',(#14941));
#14941 = ORIENTED_EDGE('',*,*,#14942,.F.);
#14942 = EDGE_CURVE('',#14943,#14943,#14945,.T.);
#14943 = VERTEX_POINT('',#14944);
#14944 = CARTESIAN_POINT('',(14.057526276386,12.,28.661094717407));
#14945 = CIRCLE('',#14946,0.9);
#14946 = AXIS2_PLACEMENT_3D('',#14947,#14948,#14949);
#14947 = CARTESIAN_POINT('',(14.057526276386,12.,27.761094717407));
#14948 = DIRECTION('',(0.,1.,0.));
#14949 = DIRECTION('',(0.,-0.,1.));
#14950 = FACE_BOUND('',#14951,.T.);
#14951 = EDGE_LOOP('',(#14952));
#14952 = ORIENTED_EDGE('',*,*,#14953,.F.);
#14953 = EDGE_CURVE('',#14954,#14954,#14956,.T.);
#14954 = VERTEX_POINT('',#14955);
#14955 = CARTESIAN_POINT('',(9.824758176335,12.,34.893426864828));
#14956 = CIRCLE('',#14957,0.9);
#14957 = AXIS2_PLACEMENT_3D('',#14958,#14959,#14960);
#14958 = CARTESIAN_POINT('',(9.824758176335,12.,33.993426864828));
#14959 = DIRECTION('',(0.,1.,0.));
#14960 = DIRECTION('',(0.,-0.,1.));
#14961 = FACE_BOUND('',#14962,.T.);
#14962 = EDGE_LOOP('',(#14963));
#14963 = ORIENTED_EDGE('',*,*,#14964,.F.);
#14964 = EDGE_CURVE('',#14965,#14965,#14967,.T.);
#14965 = VERTEX_POINT('',#14966);
#14966 = CARTESIAN_POINT('',(27.399149371244,12.,31.077340697656));
#14967 = CIRCLE('',#14968,1.7);
#14968 = AXIS2_PLACEMENT_3D('',#14969,#14970,#14971);
#14969 = CARTESIAN_POINT('',(27.399149371244,12.,29.377340697656));
#14970 = DIRECTION('',(0.,1.,0.));
#14971 = DIRECTION('',(0.,-0.,1.));
#14972 = FACE_BOUND('',#14973,.T.);
#14973 = EDGE_LOOP('',(#14974));
#14974 = ORIENTED_EDGE('',*,*,#14975,.F.);
#14975 = EDGE_CURVE('',#14976,#14976,#14978,.T.);
#14976 = VERTEX_POINT('',#14977);
#14977 = CARTESIAN_POINT('',(38.66120741284,12.,30.560496219243));
#14978 = CIRCLE('',#14979,0.9);
#14979 = AXIS2_PLACEMENT_3D('',#14980,#14981,#14982);
#14980 = CARTESIAN_POINT('',(38.66120741284,12.,29.660496219243));
#14981 = DIRECTION('',(0.,1.,0.));
#14982 = DIRECTION('',(0.,-0.,1.));
#14983 = FACE_BOUND('',#14984,.T.);
#14984 = EDGE_LOOP('',(#14985));
#14985 = ORIENTED_EDGE('',*,*,#14986,.F.);
#14986 = EDGE_CURVE('',#14987,#14987,#14989,.T.);
#14987 = VERTEX_POINT('',#14988);
#14988 = CARTESIAN_POINT('',(28.214002270414,12.,35.117333218789));
#14989 = CIRCLE('',#14990,1.3);
#14990 = AXIS2_PLACEMENT_3D('',#14991,#14992,#14993);
#14991 = CARTESIAN_POINT('',(28.214002270414,12.,33.817333218789));
#14992 = DIRECTION('',(0.,1.,0.));
#14993 = DIRECTION('',(0.,-0.,1.));
#14994 = FACE_BOUND('',#14995,.T.);
#14995 = EDGE_LOOP('',(#14996));
#14996 = ORIENTED_EDGE('',*,*,#14997,.F.);
#14997 = EDGE_CURVE('',#14998,#14998,#15000,.T.);
#14998 = VERTEX_POINT('',#14999);
#14999 = CARTESIAN_POINT('',(-45.12810294204,12.,36.630711101771));
#15000 = CIRCLE('',#15001,1.7);
#15001 = AXIS2_PLACEMENT_3D('',#15002,#15003,#15004);
#15002 = CARTESIAN_POINT('',(-45.12810294204,12.,34.930711101771));
#15003 = DIRECTION('',(0.,1.,0.));
#15004 = DIRECTION('',(0.,-0.,1.));
#15005 = FACE_BOUND('',#15006,.T.);
#15006 = EDGE_LOOP('',(#15007));
#15007 = ORIENTED_EDGE('',*,*,#15008,.F.);
#15008 = EDGE_CURVE('',#15009,#15009,#15011,.T.);
#15009 = VERTEX_POINT('',#15010);
#15010 = CARTESIAN_POINT('',(-42.03570910329,12.,39.552186465245));
#15011 = CIRCLE('',#15012,1.3);
#15012 = AXIS2_PLACEMENT_3D('',#15013,#15014,#15015);
#15013 = CARTESIAN_POINT('',(-42.03570910329,12.,38.252186465245));
#15014 = DIRECTION('',(0.,1.,0.));
#15015 = DIRECTION('',(0.,-0.,1.));
#15016 = FACE_BOUND('',#15017,.T.);
#15017 = EDGE_LOOP('',(#15018));
#15018 = ORIENTED_EDGE('',*,*,#15019,.F.);
#15019 = EDGE_CURVE('',#15020,#15020,#15022,.T.);
#15020 = VERTEX_POINT('',#15021);
#15021 = CARTESIAN_POINT('',(-37.77922757037,12.,39.95756890664));
#15022 = CIRCLE('',#15023,1.3);
#15023 = AXIS2_PLACEMENT_3D('',#15024,#15025,#15026);
#15024 = CARTESIAN_POINT('',(-37.77922757037,12.,38.65756890664));
#15025 = DIRECTION('',(0.,1.,0.));
#15026 = DIRECTION('',(0.,-0.,1.));
#15027 = FACE_BOUND('',#15028,.T.);
#15028 = EDGE_LOOP('',(#15029));
#15029 = ORIENTED_EDGE('',*,*,#15030,.F.);
#15030 = EDGE_CURVE('',#15031,#15031,#15033,.T.);
#15031 = VERTEX_POINT('',#15032);
#15032 = CARTESIAN_POINT('',(-31.16914594438,12.,36.244977342688));
#15033 = CIRCLE('',#15034,1.3);
#15034 = AXIS2_PLACEMENT_3D('',#15035,#15036,#15037);
#15035 = CARTESIAN_POINT('',(-31.16914594438,12.,34.944977342688));
#15036 = DIRECTION('',(0.,1.,0.));
#15037 = DIRECTION('',(0.,-0.,1.));
#15038 = FACE_BOUND('',#15039,.T.);
#15039 = EDGE_LOOP('',(#15040));
#15040 = ORIENTED_EDGE('',*,*,#15041,.F.);
#15041 = EDGE_CURVE('',#15042,#15042,#15044,.T.);
#15042 = VERTEX_POINT('',#15043);
#15043 = CARTESIAN_POINT('',(-33.25665507961,12.,39.910065069578));
#15044 = CIRCLE('',#15045,1.3);
#15045 = AXIS2_PLACEMENT_3D('',#15046,#15047,#15048);
#15046 = CARTESIAN_POINT('',(-33.25665507961,12.,38.610065069578));
#15047 = DIRECTION('',(0.,1.,0.));
#15048 = DIRECTION('',(0.,-0.,1.));
#15049 = FACE_BOUND('',#15050,.T.);
#15050 = EDGE_LOOP('',(#15051));
#15051 = ORIENTED_EDGE('',*,*,#15052,.F.);
#15052 = EDGE_CURVE('',#15053,#15053,#15055,.T.);
#15053 = VERTEX_POINT('',#15054);
#15054 = CARTESIAN_POINT('',(-28.61966363171,12.,40.80083853635));
#15055 = CIRCLE('',#15056,1.7);
#15056 = AXIS2_PLACEMENT_3D('',#15057,#15058,#15059);
#15057 = CARTESIAN_POINT('',(-28.61966363171,12.,39.10083853635));
#15058 = DIRECTION('',(0.,1.,0.));
#15059 = DIRECTION('',(0.,-0.,1.));
#15060 = FACE_BOUND('',#15061,.T.);
#15061 = EDGE_LOOP('',(#15062));
#15062 = ORIENTED_EDGE('',*,*,#15063,.F.);
#15063 = EDGE_CURVE('',#15064,#15064,#15066,.T.);
#15064 = VERTEX_POINT('',#15065);
#15065 = CARTESIAN_POINT('',(-44.93465927941,12.,44.924759681749));
#15066 = CIRCLE('',#15067,1.7);
#15067 = AXIS2_PLACEMENT_3D('',#15068,#15069,#15070);
#15068 = CARTESIAN_POINT('',(-44.93465927941,12.,43.224759681749));
#15069 = DIRECTION('',(0.,1.,0.));
#15070 = DIRECTION('',(0.,-0.,1.));
#15071 = FACE_BOUND('',#15072,.T.);
#15072 = EDGE_LOOP('',(#15073));
#15073 = ORIENTED_EDGE('',*,*,#15074,.F.);
#15074 = EDGE_CURVE('',#15075,#15075,#15077,.T.);
#15075 = VERTEX_POINT('',#15076);
#15076 = CARTESIAN_POINT('',(-39.83088542367,12.,44.225863027005));
#15077 = CIRCLE('',#15078,1.3);
#15078 = AXIS2_PLACEMENT_3D('',#15079,#15080,#15081);
#15079 = CARTESIAN_POINT('',(-39.83088542367,12.,42.925863027005));
#15080 = DIRECTION('',(0.,1.,0.));
#15081 = DIRECTION('',(0.,-0.,1.));
#15082 = FACE_BOUND('',#15083,.T.);
#15083 = EDGE_LOOP('',(#15084));
#15084 = ORIENTED_EDGE('',*,*,#15085,.F.);
#15085 = EDGE_CURVE('',#15086,#15086,#15088,.T.);
#15086 = VERTEX_POINT('',#15087);
#15087 = CARTESIAN_POINT('',(-34.91844100431,12.,44.742825356656));
#15088 = CIRCLE('',#15089,1.7);
#15089 = AXIS2_PLACEMENT_3D('',#15090,#15091,#15092);
#15090 = CARTESIAN_POINT('',(-34.91844100431,12.,43.042825356656));
#15091 = DIRECTION('',(0.,1.,0.));
#15092 = DIRECTION('',(0.,-0.,1.));
#15093 = FACE_BOUND('',#15094,.T.);
#15094 = EDGE_LOOP('',(#15095));
#15095 = ORIENTED_EDGE('',*,*,#15096,.F.);
#15096 = EDGE_CURVE('',#15097,#15097,#15099,.T.);
#15097 = VERTEX_POINT('',#15098);
#15098 = CARTESIAN_POINT('',(-30.87929965702,12.,43.541172845641));
#15099 = CIRCLE('',#15100,1.3);
#15100 = AXIS2_PLACEMENT_3D('',#15101,#15102,#15103);
#15101 = CARTESIAN_POINT('',(-30.87929965702,12.,42.241172845641));
#15102 = DIRECTION('',(0.,1.,0.));
#15103 = DIRECTION('',(0.,-0.,1.));
#15104 = FACE_BOUND('',#15105,.T.);
#15105 = EDGE_LOOP('',(#15106));
#15106 = ORIENTED_EDGE('',*,*,#15107,.F.);
#15107 = EDGE_CURVE('',#15108,#15108,#15110,.T.);
#15108 = VERTEX_POINT('',#15109);
#15109 = CARTESIAN_POINT('',(-19.55226901651,12.,40.037643100792));
#15110 = CIRCLE('',#15111,0.9);
#15111 = AXIS2_PLACEMENT_3D('',#15112,#15113,#15114);
#15112 = CARTESIAN_POINT('',(-19.55226901651,12.,39.137643100792));
#15113 = DIRECTION('',(0.,1.,0.));
#15114 = DIRECTION('',(0.,-0.,1.));
#15115 = FACE_BOUND('',#15116,.T.);
#15116 = EDGE_LOOP('',(#15117));
#15117 = ORIENTED_EDGE('',*,*,#15118,.F.);
#15118 = EDGE_CURVE('',#15119,#15119,#15121,.T.);
#15119 = VERTEX_POINT('',#15120);
#15120 = CARTESIAN_POINT('',(-8.897738880073,12.,37.022699683233));
#15121 = CIRCLE('',#15122,1.3);
#15122 = AXIS2_PLACEMENT_3D('',#15123,#15124,#15125);
#15123 = CARTESIAN_POINT('',(-8.897738880073,12.,35.722699683233));
#15124 = DIRECTION('',(0.,1.,0.));
#15125 = DIRECTION('',(0.,-0.,1.));
#15126 = FACE_BOUND('',#15127,.T.);
#15127 = EDGE_LOOP('',(#15128));
#15128 = ORIENTED_EDGE('',*,*,#15129,.F.);
#15129 = EDGE_CURVE('',#15130,#15130,#15132,.T.);
#15130 = VERTEX_POINT('',#15131);
#15131 = CARTESIAN_POINT('',(-14.64200038198,12.,40.423137680548));
#15132 = CIRCLE('',#15133,0.9);
#15133 = AXIS2_PLACEMENT_3D('',#15134,#15135,#15136);
#15134 = CARTESIAN_POINT('',(-14.64200038198,12.,39.523137680548));
#15135 = DIRECTION('',(0.,1.,0.));
#15136 = DIRECTION('',(0.,-0.,1.));
#15137 = FACE_BOUND('',#15138,.T.);
#15138 = EDGE_LOOP('',(#15139));
#15139 = ORIENTED_EDGE('',*,*,#15140,.F.);
#15140 = EDGE_CURVE('',#15141,#15141,#15143,.T.);
#15141 = VERTEX_POINT('',#15142);
#15142 = CARTESIAN_POINT('',(-7.525692105992,12.,41.929117825129));
#15143 = CIRCLE('',#15144,0.9);
#15144 = AXIS2_PLACEMENT_3D('',#15145,#15146,#15147);
#15145 = CARTESIAN_POINT('',(-7.525692105992,12.,41.029117825129));
#15146 = DIRECTION('',(0.,1.,0.));
#15147 = DIRECTION('',(0.,-0.,1.));
#15148 = FACE_BOUND('',#15149,.T.);
#15149 = EDGE_LOOP('',(#15150));
#15150 = ORIENTED_EDGE('',*,*,#15151,.F.);
#15151 = EDGE_CURVE('',#15152,#15152,#15154,.T.);
#15152 = VERTEX_POINT('',#15153);
#15153 = CARTESIAN_POINT('',(-42.29416047264,12.,47.982762994803));
#15154 = CIRCLE('',#15155,0.9);
#15155 = AXIS2_PLACEMENT_3D('',#15156,#15157,#15158);
#15156 = CARTESIAN_POINT('',(-42.29416047264,12.,47.082762994803));
#15157 = DIRECTION('',(0.,1.,0.));
#15158 = DIRECTION('',(0.,-0.,1.));
#15159 = FACE_BOUND('',#15160,.T.);
#15160 = EDGE_LOOP('',(#15161));
#15161 = ORIENTED_EDGE('',*,*,#15162,.F.);
#15162 = EDGE_CURVE('',#15163,#15163,#15165,.T.);
#15163 = VERTEX_POINT('',#15164);
#15164 = CARTESIAN_POINT('',(-37.67608936508,12.,48.968155408811));
#15165 = CIRCLE('',#15166,1.7);
#15166 = AXIS2_PLACEMENT_3D('',#15167,#15168,#15169);
#15167 = CARTESIAN_POINT('',(-37.67608936508,12.,47.268155408811));
#15168 = DIRECTION('',(0.,1.,0.));
#15169 = DIRECTION('',(0.,-0.,1.));
#15170 = FACE_BOUND('',#15171,.T.);
#15171 = EDGE_LOOP('',(#15172));
#15172 = ORIENTED_EDGE('',*,*,#15173,.F.);
#15173 = EDGE_CURVE('',#15174,#15174,#15176,.T.);
#15174 = VERTEX_POINT('',#15175);
#15175 = CARTESIAN_POINT('',(-32.70392507495,12.,48.712227708036));
#15176 = CIRCLE('',#15177,1.7);
#15177 = AXIS2_PLACEMENT_3D('',#15178,#15179,#15180);
#15178 = CARTESIAN_POINT('',(-32.70392507495,12.,47.012227708036));
#15179 = DIRECTION('',(0.,1.,0.));
#15180 = DIRECTION('',(0.,-0.,1.));
#15181 = FACE_BOUND('',#15182,.T.);
#15182 = EDGE_LOOP('',(#15183));
#15183 = ORIENTED_EDGE('',*,*,#15184,.F.);
#15184 = EDGE_CURVE('',#15185,#15185,#15187,.T.);
#15185 = VERTEX_POINT('',#15186);
#15186 = CARTESIAN_POINT('',(-26.78173478053,12.,48.25890294345));
#15187 = CIRCLE('',#15188,0.9);
#15188 = AXIS2_PLACEMENT_3D('',#15189,#15190,#15191);
#15189 = CARTESIAN_POINT('',(-26.78173478053,12.,47.35890294345));
#15190 = DIRECTION('',(0.,1.,0.));
#15191 = DIRECTION('',(0.,-0.,1.));
#15192 = FACE_BOUND('',#15193,.T.);
#15193 = EDGE_LOOP('',(#15194));
#15194 = ORIENTED_EDGE('',*,*,#15195,.F.);
#15195 = EDGE_CURVE('',#15196,#15196,#15198,.T.);
#15196 = VERTEX_POINT('',#15197);
#15197 = CARTESIAN_POINT('',(-44.99784029453,12.,52.726382719908));
#15198 = CIRCLE('',#15199,1.7);
#15199 = AXIS2_PLACEMENT_3D('',#15200,#15201,#15202);
#15200 = CARTESIAN_POINT('',(-44.99784029453,12.,51.026382719908));
#15201 = DIRECTION('',(0.,1.,0.));
#15202 = DIRECTION('',(0.,-0.,1.));
#15203 = FACE_BOUND('',#15204,.T.);
#15204 = EDGE_LOOP('',(#15205));
#15205 = ORIENTED_EDGE('',*,*,#15206,.F.);
#15206 = EDGE_CURVE('',#15207,#15207,#15209,.T.);
#15207 = VERTEX_POINT('',#15208);
#15208 = CARTESIAN_POINT('',(-40.29064234431,12.,53.303744038883));
#15209 = CIRCLE('',#15210,1.7);
#15210 = AXIS2_PLACEMENT_3D('',#15211,#15212,#15213);
#15211 = CARTESIAN_POINT('',(-40.29064234431,12.,51.603744038883));
#15212 = DIRECTION('',(0.,1.,0.));
#15213 = DIRECTION('',(0.,-0.,1.));
#15214 = FACE_BOUND('',#15215,.T.);
#15215 = EDGE_LOOP('',(#15216));
#15216 = ORIENTED_EDGE('',*,*,#15217,.F.);
#15217 = EDGE_CURVE('',#15218,#15218,#15220,.T.);
#15218 = VERTEX_POINT('',#15219);
#15219 = CARTESIAN_POINT('',(-21.043616403,12.,47.606500840954));
#15220 = CIRCLE('',#15221,1.3);
#15221 = AXIS2_PLACEMENT_3D('',#15222,#15223,#15224);
#15222 = CARTESIAN_POINT('',(-21.043616403,12.,46.306500840954));
#15223 = DIRECTION('',(0.,1.,0.));
#15224 = DIRECTION('',(0.,-0.,1.));
#15225 = FACE_BOUND('',#15226,.T.);
#15226 = EDGE_LOOP('',(#15227));
#15227 = ORIENTED_EDGE('',*,*,#15228,.F.);
#15228 = EDGE_CURVE('',#15229,#15229,#15231,.T.);
#15229 = VERTEX_POINT('',#15230);
#15230 = CARTESIAN_POINT('',(-14.44538360586,12.,47.411530709812));
#15231 = CIRCLE('',#15232,0.9);
#15232 = AXIS2_PLACEMENT_3D('',#15233,#15234,#15235);
#15233 = CARTESIAN_POINT('',(-14.44538360586,12.,46.511530709812));
#15234 = DIRECTION('',(0.,1.,0.));
#15235 = DIRECTION('',(0.,-0.,1.));
#15236 = FACE_BOUND('',#15237,.T.);
#15237 = EDGE_LOOP('',(#15238));
#15238 = ORIENTED_EDGE('',*,*,#15239,.F.);
#15239 = EDGE_CURVE('',#15240,#15240,#15242,.T.);
#15240 = VERTEX_POINT('',#15241);
#15241 = CARTESIAN_POINT('',(-7.621616387402,12.,47.975092247178));
#15242 = CIRCLE('',#15243,0.9);
#15243 = AXIS2_PLACEMENT_3D('',#15244,#15245,#15246);
#15244 = CARTESIAN_POINT('',(-7.621616387402,12.,47.075092247178));
#15245 = DIRECTION('',(0.,1.,0.));
#15246 = DIRECTION('',(0.,-0.,1.));
#15247 = FACE_BOUND('',#15248,.T.);
#15248 = EDGE_LOOP('',(#15249));
#15249 = ORIENTED_EDGE('',*,*,#15250,.F.);
#15250 = EDGE_CURVE('',#15251,#15251,#15253,.T.);
#15251 = VERTEX_POINT('',#15252);
#15252 = CARTESIAN_POINT('',(-2.250729615969,12.,42.410633748286));
#15253 = CIRCLE('',#15254,1.7);
#15254 = AXIS2_PLACEMENT_3D('',#15255,#15256,#15257);
#15255 = CARTESIAN_POINT('',(-2.250729615969,12.,40.710633748286));
#15256 = DIRECTION('',(0.,1.,0.));
#15257 = DIRECTION('',(0.,-0.,1.));
#15258 = FACE_BOUND('',#15259,.T.);
#15259 = EDGE_LOOP('',(#15260));
#15260 = ORIENTED_EDGE('',*,*,#15261,.F.);
#15261 = EDGE_CURVE('',#15262,#15262,#15264,.T.);
#15262 = VERTEX_POINT('',#15263);
#15263 = CARTESIAN_POINT('',(9.986446412639,12.,40.80235326454));
#15264 = CIRCLE('',#15265,1.3);
#15265 = AXIS2_PLACEMENT_3D('',#15266,#15267,#15268);
#15266 = CARTESIAN_POINT('',(9.986446412639,12.,39.50235326454));
#15267 = DIRECTION('',(0.,1.,0.));
#15268 = DIRECTION('',(0.,-0.,1.));
#15269 = FACE_BOUND('',#15270,.T.);
#15270 = EDGE_LOOP('',(#15271));
#15271 = ORIENTED_EDGE('',*,*,#15272,.F.);
#15272 = EDGE_CURVE('',#15273,#15273,#15275,.T.);
#15273 = VERTEX_POINT('',#15274);
#15274 = CARTESIAN_POINT('',(19.641103854533,12.,42.834315872386));
#15275 = CIRCLE('',#15276,1.7);
#15276 = AXIS2_PLACEMENT_3D('',#15277,#15278,#15279);
#15277 = CARTESIAN_POINT('',(19.641103854533,12.,41.134315872386));
#15278 = DIRECTION('',(0.,1.,0.));
#15279 = DIRECTION('',(0.,-0.,1.));
#15280 = FACE_BOUND('',#15281,.T.);
#15281 = EDGE_LOOP('',(#15282));
#15282 = ORIENTED_EDGE('',*,*,#15283,.F.);
#15283 = EDGE_CURVE('',#15284,#15284,#15286,.T.);
#15284 = VERTEX_POINT('',#15285);
#15285 = CARTESIAN_POINT('',(25.57810967855,12.,42.259400210965));
#15286 = CIRCLE('',#15287,0.9);
#15287 = AXIS2_PLACEMENT_3D('',#15288,#15289,#15290);
#15288 = CARTESIAN_POINT('',(25.57810967855,12.,41.359400210965));
#15289 = DIRECTION('',(0.,1.,0.));
#15290 = DIRECTION('',(0.,-0.,1.));
#15291 = FACE_BOUND('',#15292,.T.);
#15292 = EDGE_LOOP('',(#15293));
#15293 = ORIENTED_EDGE('',*,*,#15294,.F.);
#15294 = EDGE_CURVE('',#15295,#15295,#15297,.T.);
#15295 = VERTEX_POINT('',#15296);
#15296 = CARTESIAN_POINT('',(1.54014647342,12.,46.180205482892));
#15297 = CIRCLE('',#15298,0.9);
#15298 = AXIS2_PLACEMENT_3D('',#15299,#15300,#15301);
#15299 = CARTESIAN_POINT('',(1.54014647342,12.,45.280205482892));
#15300 = DIRECTION('',(0.,1.,0.));
#15301 = DIRECTION('',(0.,-0.,1.));
#15302 = FACE_BOUND('',#15303,.T.);
#15303 = EDGE_LOOP('',(#15304));
#15304 = ORIENTED_EDGE('',*,*,#15305,.F.);
#15305 = EDGE_CURVE('',#15306,#15306,#15308,.T.);
#15306 = VERTEX_POINT('',#15307);
#15307 = CARTESIAN_POINT('',(9.496945899323,12.,47.531567187541));
#15308 = CIRCLE('',#15309,1.3);
#15309 = AXIS2_PLACEMENT_3D('',#15310,#15311,#15312);
#15310 = CARTESIAN_POINT('',(9.496945899323,12.,46.231567187541));
#15311 = DIRECTION('',(0.,1.,0.));
#15312 = DIRECTION('',(0.,-0.,1.));
#15313 = FACE_BOUND('',#15314,.T.);
#15314 = EDGE_LOOP('',(#15315));
#15315 = ORIENTED_EDGE('',*,*,#15316,.F.);
#15316 = EDGE_CURVE('',#15317,#15317,#15319,.T.);
#15317 = VERTEX_POINT('',#15318);
#15318 = CARTESIAN_POINT('',(21.017010998102,12.,47.419418854593));
#15319 = CIRCLE('',#15320,0.9);
#15320 = AXIS2_PLACEMENT_3D('',#15321,#15322,#15323);
#15321 = CARTESIAN_POINT('',(21.017010998102,12.,46.519418854593));
#15322 = DIRECTION('',(0.,1.,0.));
#15323 = DIRECTION('',(0.,-0.,1.));
#15324 = FACE_BOUND('',#15325,.T.);
#15325 = EDGE_LOOP('',(#15326));
#15326 = ORIENTED_EDGE('',*,*,#15327,.F.);
#15327 = EDGE_CURVE('',#15328,#15328,#15330,.T.);
#15328 = VERTEX_POINT('',#15329);
#15329 = CARTESIAN_POINT('',(25.7905403815,12.,47.89758710513));
#15330 = CIRCLE('',#15331,1.3);
#15331 = AXIS2_PLACEMENT_3D('',#15332,#15333,#15334);
#15332 = CARTESIAN_POINT('',(25.7905403815,12.,46.59758710513));
#15333 = DIRECTION('',(0.,1.,0.));
#15334 = DIRECTION('',(0.,-0.,1.));
#15335 = FACE_BOUND('',#15336,.T.);
#15336 = EDGE_LOOP('',(#15337));
#15337 = ORIENTED_EDGE('',*,*,#15338,.F.);
#15338 = EDGE_CURVE('',#15339,#15339,#15341,.T.);
#15339 = VERTEX_POINT('',#15340);
#15340 = CARTESIAN_POINT('',(32.546722535412,12.,47.018911520115));
#15341 = CIRCLE('',#15342,0.9);
#15342 = AXIS2_PLACEMENT_3D('',#15343,#15344,#15345);
#15343 = CARTESIAN_POINT('',(32.546722535412,12.,46.118911520115));
#15344 = DIRECTION('',(0.,1.,0.));
#15345 = DIRECTION('',(0.,-0.,1.));
#15346 = FACE_BOUND('',#15347,.T.);
#15347 = EDGE_LOOP('',(#15348));
#15348 = ORIENTED_EDGE('',*,*,#15349,.F.);
#15349 = EDGE_CURVE('',#15350,#15350,#15352,.T.);
#15350 = VERTEX_POINT('',#15351);
#15351 = CARTESIAN_POINT('',(38.265557786057,12.,48.157407704678));
#15352 = CIRCLE('',#15353,1.7);
#15353 = AXIS2_PLACEMENT_3D('',#15354,#15355,#15356);
#15354 = CARTESIAN_POINT('',(38.265557786057,12.,46.457407704678));
#15355 = DIRECTION('',(0.,1.,0.));
#15356 = DIRECTION('',(0.,-0.,1.));
#15357 = PLANE('',#15358);
#15358 = AXIS2_PLACEMENT_3D('',#15359,#15360,#15361);
#15359 = CARTESIAN_POINT('',(-137.66,12.,15.));
#15360 = DIRECTION('',(-0.,1.,0.));
#15361 = DIRECTION('',(0.,0.,1.));
#15362 = ADVANCED_FACE('',(#15363),#15374,.F.);
#15363 = FACE_BOUND('',#15364,.F.);
#15364 = EDGE_LOOP('',(#15365,#15366,#15367,#15373));
#15365 = ORIENTED_EDGE('',*,*,#12611,.F.);
#15366 = ORIENTED_EDGE('',*,*,#12651,.T.);
#15367 = ORIENTED_EDGE('',*,*,#15368,.T.);
#15368 = EDGE_CURVE('',#12642,#14021,#15369,.T.);
#15369 = LINE('',#15370,#15371);
#15370 = CARTESIAN_POINT('',(-137.2852272915,-2.,15.));
#15371 = VECTOR('',#15372,1.);
#15372 = DIRECTION('',(0.,1.,0.));
#15373 = ORIENTED_EDGE('',*,*,#14030,.F.);
#15374 = CYLINDRICAL_SURFACE('',#15375,1.7);
#15375 = AXIS2_PLACEMENT_3D('',#15376,#15377,#15378);
#15376 = CARTESIAN_POINT('',(-138.66,-2.,14.));
#15377 = DIRECTION('',(0.,1.,0.));
#15378 = DIRECTION('',(0.,-0.,1.));
#15379 = ADVANCED_FACE('',(#15380),#15391,.F.);
#15380 = FACE_BOUND('',#15381,.F.);
#15381 = EDGE_LOOP('',(#15382,#15383,#15384,#15385));
#15382 = ORIENTED_EDGE('',*,*,#14020,.F.);
#15383 = ORIENTED_EDGE('',*,*,#15368,.F.);
#15384 = ORIENTED_EDGE('',*,*,#12641,.T.);
#15385 = ORIENTED_EDGE('',*,*,#15386,.T.);
#15386 = EDGE_CURVE('',#12644,#14023,#15387,.T.);
#15387 = LINE('',#15388,#15389);
#15388 = CARTESIAN_POINT('',(47.285227291513,-2.,15.));
#15389 = VECTOR('',#15390,1.);
#15390 = DIRECTION('',(0.,1.,0.));
#15391 = PLANE('',#15392);
#15392 = AXIS2_PLACEMENT_3D('',#15393,#15394,#15395);
#15393 = CARTESIAN_POINT('',(-137.66,10.,15.));
#15394 = DIRECTION('',(0.,0.,1.));
#15395 = DIRECTION('',(1.,0.,-0.));
#15396 = ADVANCED_FACE('',(#15397),#15408,.F.);
#15397 = FACE_BOUND('',#15398,.F.);
#15398 = EDGE_LOOP('',(#15399,#15400,#15406,#15407));
#15399 = ORIENTED_EDGE('',*,*,#12693,.T.);
#15400 = ORIENTED_EDGE('',*,*,#15401,.T.);
#15401 = EDGE_CURVE('',#12686,#14057,#15402,.T.);
#15402 = LINE('',#15403,#15404);
#15403 = CARTESIAN_POINT('',(47.66,-2.,15.374772708487));
#15404 = VECTOR('',#15405,1.);
#15405 = DIRECTION('',(0.,1.,0.));
#15406 = ORIENTED_EDGE('',*,*,#14064,.F.);
#15407 = ORIENTED_EDGE('',*,*,#15386,.F.);
#15408 = CYLINDRICAL_SURFACE('',#15409,1.7);
#15409 = AXIS2_PLACEMENT_3D('',#15410,#15411,#15412);
#15410 = CARTESIAN_POINT('',(48.66,-2.,14.));
#15411 = DIRECTION('',(0.,1.,0.));
#15412 = DIRECTION('',(0.,-0.,1.));
#15413 = ADVANCED_FACE('',(#15414),#15425,.T.);
#15414 = FACE_BOUND('',#15415,.T.);
#15415 = EDGE_LOOP('',(#15416,#15417,#15418,#15419));
#15416 = ORIENTED_EDGE('',*,*,#12685,.F.);
#15417 = ORIENTED_EDGE('',*,*,#15401,.T.);
#15418 = ORIENTED_EDGE('',*,*,#14056,.T.);
#15419 = ORIENTED_EDGE('',*,*,#15420,.F.);
#15420 = EDGE_CURVE('',#12677,#14048,#15421,.T.);
#15421 = LINE('',#15422,#15423);
#15422 = CARTESIAN_POINT('',(47.66,-2.,53.625227291513));
#15423 = VECTOR('',#15424,1.);
#15424 = DIRECTION('',(0.,1.,0.));
#15425 = PLANE('',#15426);
#15426 = AXIS2_PLACEMENT_3D('',#15427,#15428,#15429);
#15427 = CARTESIAN_POINT('',(47.66,10.,15.));
#15428 = DIRECTION('',(1.,0.,-0.));
#15429 = DIRECTION('',(0.,0.,1.));
#15430 = ADVANCED_FACE('',(#15431),#15442,.F.);
#15431 = FACE_BOUND('',#15432,.F.);
#15432 = EDGE_LOOP('',(#15433,#15434,#15435,#15441));
#15433 = ORIENTED_EDGE('',*,*,#15420,.F.);
#15434 = ORIENTED_EDGE('',*,*,#12676,.T.);
#15435 = ORIENTED_EDGE('',*,*,#15436,.T.);
#15436 = EDGE_CURVE('',#12669,#14040,#15437,.T.);
#15437 = LINE('',#15438,#15439);
#15438 = CARTESIAN_POINT('',(47.285227291513,-2.,54.));
#15439 = VECTOR('',#15440,1.);
#15440 = DIRECTION('',(0.,1.,0.));
#15441 = ORIENTED_EDGE('',*,*,#14047,.F.);
#15442 = CYLINDRICAL_SURFACE('',#15443,1.7);
#15443 = AXIS2_PLACEMENT_3D('',#15444,#15445,#15446);
#15444 = CARTESIAN_POINT('',(48.66,-2.,55.));
#15445 = DIRECTION('',(0.,1.,0.));
#15446 = DIRECTION('',(0.,-0.,1.));
#15447 = ADVANCED_FACE('',(#15448),#15454,.T.);
#15448 = FACE_BOUND('',#15449,.T.);
#15449 = EDGE_LOOP('',(#15450,#15451,#15452,#15453));
#15450 = ORIENTED_EDGE('',*,*,#14039,.F.);
#15451 = ORIENTED_EDGE('',*,*,#14006,.F.);
#15452 = ORIENTED_EDGE('',*,*,#12668,.T.);
#15453 = ORIENTED_EDGE('',*,*,#15436,.T.);
#15454 = PLANE('',#15455);
#15455 = AXIS2_PLACEMENT_3D('',#15456,#15457,#15458);
#15456 = CARTESIAN_POINT('',(-137.66,10.,54.));
#15457 = DIRECTION('',(0.,0.,1.));
#15458 = DIRECTION('',(1.,0.,-0.));
#15459 = ADVANCED_FACE('',(#15460),#15471,.F.);
#15460 = FACE_BOUND('',#15461,.F.);
#15461 = EDGE_LOOP('',(#15462,#15463,#15469,#15470));
#15462 = ORIENTED_EDGE('',*,*,#14073,.F.);
#15463 = ORIENTED_EDGE('',*,*,#15464,.F.);
#15464 = EDGE_CURVE('',#12703,#14074,#15465,.T.);
#15465 = LINE('',#15466,#15467);
#15466 = CARTESIAN_POINT('',(-117.1261619276,-2.,23.489280581783));
#15467 = VECTOR('',#15468,1.);
#15468 = DIRECTION('',(0.,1.,0.));
#15469 = ORIENTED_EDGE('',*,*,#12702,.T.);
#15470 = ORIENTED_EDGE('',*,*,#15464,.T.);
#15471 = CYLINDRICAL_SURFACE('',#15472,1.3);
#15472 = AXIS2_PLACEMENT_3D('',#15473,#15474,#15475);
#15473 = CARTESIAN_POINT('',(-117.1261619276,-2.,22.189280581783));
#15474 = DIRECTION('',(0.,1.,0.));
#15475 = DIRECTION('',(0.,-0.,1.));
#15476 = ADVANCED_FACE('',(#15477),#15488,.F.);
#15477 = FACE_BOUND('',#15478,.F.);
#15478 = EDGE_LOOP('',(#15479,#15480,#15486,#15487));
#15479 = ORIENTED_EDGE('',*,*,#14084,.F.);
#15480 = ORIENTED_EDGE('',*,*,#15481,.F.);
#15481 = EDGE_CURVE('',#12714,#14085,#15482,.T.);
#15482 = LINE('',#15483,#15484);
#15483 = CARTESIAN_POINT('',(-109.8467786234,-2.,22.664956745929));
#15484 = VECTOR('',#15485,1.);
#15485 = DIRECTION('',(0.,1.,0.));
#15486 = ORIENTED_EDGE('',*,*,#12713,.T.);
#15487 = ORIENTED_EDGE('',*,*,#15481,.T.);
#15488 = CYLINDRICAL_SURFACE('',#15489,1.3);
#15489 = AXIS2_PLACEMENT_3D('',#15490,#15491,#15492);
#15490 = CARTESIAN_POINT('',(-109.8467786234,-2.,21.364956745929));
#15491 = DIRECTION('',(0.,1.,0.));
#15492 = DIRECTION('',(0.,-0.,1.));
#15493 = ADVANCED_FACE('',(#15494),#15505,.F.);
#15494 = FACE_BOUND('',#15495,.F.);
#15495 = EDGE_LOOP('',(#15496,#15497,#15503,#15504));
#15496 = ORIENTED_EDGE('',*,*,#14095,.F.);
#15497 = ORIENTED_EDGE('',*,*,#15498,.F.);
#15498 = EDGE_CURVE('',#12725,#14096,#15499,.T.);
#15499 = LINE('',#15500,#15501);
#15500 = CARTESIAN_POINT('',(-104.5129503724,-2.,23.259082040171));
#15501 = VECTOR('',#15502,1.);
#15502 = DIRECTION('',(0.,1.,0.));
#15503 = ORIENTED_EDGE('',*,*,#12724,.T.);
#15504 = ORIENTED_EDGE('',*,*,#15498,.T.);
#15505 = CYLINDRICAL_SURFACE('',#15506,1.7);
#15506 = AXIS2_PLACEMENT_3D('',#15507,#15508,#15509);
#15507 = CARTESIAN_POINT('',(-104.5129503724,-2.,21.559082040171));
#15508 = DIRECTION('',(0.,1.,0.));
#15509 = DIRECTION('',(0.,-0.,1.));
#15510 = ADVANCED_FACE('',(#15511),#15522,.F.);
#15511 = FACE_BOUND('',#15512,.F.);
#15512 = EDGE_LOOP('',(#15513,#15514,#15520,#15521));
#15513 = ORIENTED_EDGE('',*,*,#14106,.F.);
#15514 = ORIENTED_EDGE('',*,*,#15515,.F.);
#15515 = EDGE_CURVE('',#12736,#14107,#15516,.T.);
#15516 = LINE('',#15517,#15518);
#15517 = CARTESIAN_POINT('',(-100.0337749722,-2.,23.51517809674));
#15518 = VECTOR('',#15519,1.);
#15519 = DIRECTION('',(0.,1.,0.));
#15520 = ORIENTED_EDGE('',*,*,#12735,.T.);
#15521 = ORIENTED_EDGE('',*,*,#15515,.T.);
#15522 = CYLINDRICAL_SURFACE('',#15523,1.7);
#15523 = AXIS2_PLACEMENT_3D('',#15524,#15525,#15526);
#15524 = CARTESIAN_POINT('',(-100.0337749722,-2.,21.81517809674));
#15525 = DIRECTION('',(0.,1.,0.));
#15526 = DIRECTION('',(0.,-0.,1.));
#15527 = ADVANCED_FACE('',(#15528),#15539,.F.);
#15528 = FACE_BOUND('',#15529,.F.);
#15529 = EDGE_LOOP('',(#15530,#15531,#15537,#15538));
#15530 = ORIENTED_EDGE('',*,*,#14117,.F.);
#15531 = ORIENTED_EDGE('',*,*,#15532,.F.);
#15532 = EDGE_CURVE('',#12747,#14118,#15533,.T.);
#15533 = LINE('',#15534,#15535);
#15534 = CARTESIAN_POINT('',(-94.17318263463,-2.,23.828549498058));
#15535 = VECTOR('',#15536,1.);
#15536 = DIRECTION('',(0.,1.,0.));
#15537 = ORIENTED_EDGE('',*,*,#12746,.T.);
#15538 = ORIENTED_EDGE('',*,*,#15532,.T.);
#15539 = CYLINDRICAL_SURFACE('',#15540,0.9);
#15540 = AXIS2_PLACEMENT_3D('',#15541,#15542,#15543);
#15541 = CARTESIAN_POINT('',(-94.17318263463,-2.,22.928549498058));
#15542 = DIRECTION('',(0.,1.,0.));
#15543 = DIRECTION('',(0.,-0.,1.));
#15544 = ADVANCED_FACE('',(#15545),#15556,.F.);
#15545 = FACE_BOUND('',#15546,.F.);
#15546 = EDGE_LOOP('',(#15547,#15548,#15554,#15555));
#15547 = ORIENTED_EDGE('',*,*,#14128,.F.);
#15548 = ORIENTED_EDGE('',*,*,#15549,.F.);
#15549 = EDGE_CURVE('',#12758,#14129,#15550,.T.);
#15550 = LINE('',#15551,#15552);
#15551 = CARTESIAN_POINT('',(-110.2568235902,-2.,28.076039954058));
#15552 = VECTOR('',#15553,1.);
#15553 = DIRECTION('',(0.,1.,0.));
#15554 = ORIENTED_EDGE('',*,*,#12757,.T.);
#15555 = ORIENTED_EDGE('',*,*,#15549,.T.);
#15556 = CYLINDRICAL_SURFACE('',#15557,0.9);
#15557 = AXIS2_PLACEMENT_3D('',#15558,#15559,#15560);
#15558 = CARTESIAN_POINT('',(-110.2568235902,-2.,27.176039954058));
#15559 = DIRECTION('',(0.,1.,0.));
#15560 = DIRECTION('',(0.,-0.,1.));
#15561 = ADVANCED_FACE('',(#15562),#15573,.F.);
#15562 = FACE_BOUND('',#15563,.F.);
#15563 = EDGE_LOOP('',(#15564,#15565,#15571,#15572));
#15564 = ORIENTED_EDGE('',*,*,#14139,.F.);
#15565 = ORIENTED_EDGE('',*,*,#15566,.F.);
#15566 = EDGE_CURVE('',#12769,#14140,#15567,.T.);
#15567 = LINE('',#15568,#15569);
#15568 = CARTESIAN_POINT('',(-117.6590137105,-2.,30.517106015879));
#15569 = VECTOR('',#15570,1.);
#15570 = DIRECTION('',(0.,1.,0.));
#15571 = ORIENTED_EDGE('',*,*,#12768,.T.);
#15572 = ORIENTED_EDGE('',*,*,#15566,.T.);
#15573 = CYLINDRICAL_SURFACE('',#15574,1.3);
#15574 = AXIS2_PLACEMENT_3D('',#15575,#15576,#15577);
#15575 = CARTESIAN_POINT('',(-117.6590137105,-2.,29.217106015879));
#15576 = DIRECTION('',(0.,1.,0.));
#15577 = DIRECTION('',(0.,-0.,1.));
#15578 = ADVANCED_FACE('',(#15579),#15590,.F.);
#15579 = FACE_BOUND('',#15580,.F.);
#15580 = EDGE_LOOP('',(#15581,#15582,#15588,#15589));
#15581 = ORIENTED_EDGE('',*,*,#14150,.F.);
#15582 = ORIENTED_EDGE('',*,*,#15583,.F.);
#15583 = EDGE_CURVE('',#12780,#14151,#15584,.T.);
#15584 = LINE('',#15585,#15586);
#15585 = CARTESIAN_POINT('',(-88.18758129034,-2.,28.876006849854));
#15586 = VECTOR('',#15587,1.);
#15587 = DIRECTION('',(0.,1.,0.));
#15588 = ORIENTED_EDGE('',*,*,#12779,.T.);
#15589 = ORIENTED_EDGE('',*,*,#15583,.T.);
#15590 = CYLINDRICAL_SURFACE('',#15591,0.9);
#15591 = AXIS2_PLACEMENT_3D('',#15592,#15593,#15594);
#15592 = CARTESIAN_POINT('',(-88.18758129034,-2.,27.976006849854));
#15593 = DIRECTION('',(0.,1.,0.));
#15594 = DIRECTION('',(0.,-0.,1.));
#15595 = ADVANCED_FACE('',(#15596),#15607,.F.);
#15596 = FACE_BOUND('',#15597,.F.);
#15597 = EDGE_LOOP('',(#15598,#15599,#15605,#15606));
#15598 = ORIENTED_EDGE('',*,*,#14161,.F.);
#15599 = ORIENTED_EDGE('',*,*,#15600,.F.);
#15600 = EDGE_CURVE('',#12791,#14162,#15601,.T.);
#15601 = LINE('',#15602,#15603);
#15602 = CARTESIAN_POINT('',(-68.15456772243,-2.,24.113460643385));
#15603 = VECTOR('',#15604,1.);
#15604 = DIRECTION('',(0.,1.,0.));
#15605 = ORIENTED_EDGE('',*,*,#12790,.T.);
#15606 = ORIENTED_EDGE('',*,*,#15600,.T.);
#15607 = CYLINDRICAL_SURFACE('',#15608,0.9);
#15608 = AXIS2_PLACEMENT_3D('',#15609,#15610,#15611);
#15609 = CARTESIAN_POINT('',(-68.15456772243,-2.,23.213460643385));
#15610 = DIRECTION('',(0.,1.,0.));
#15611 = DIRECTION('',(0.,-0.,1.));
#15612 = ADVANCED_FACE('',(#15613),#15624,.F.);
#15613 = FACE_BOUND('',#15614,.F.);
#15614 = EDGE_LOOP('',(#15615,#15616,#15622,#15623));
#15615 = ORIENTED_EDGE('',*,*,#14172,.F.);
#15616 = ORIENTED_EDGE('',*,*,#15617,.F.);
#15617 = EDGE_CURVE('',#12802,#14173,#15618,.T.);
#15618 = LINE('',#15619,#15620);
#15619 = CARTESIAN_POINT('',(-50.35858776968,-2.,19.842590103861));
#15620 = VECTOR('',#15621,1.);
#15621 = DIRECTION('',(0.,1.,0.));
#15622 = ORIENTED_EDGE('',*,*,#12801,.T.);
#15623 = ORIENTED_EDGE('',*,*,#15617,.T.);
#15624 = CYLINDRICAL_SURFACE('',#15625,1.7);
#15625 = AXIS2_PLACEMENT_3D('',#15626,#15627,#15628);
#15626 = CARTESIAN_POINT('',(-50.35858776968,-2.,18.142590103861));
#15627 = DIRECTION('',(0.,1.,0.));
#15628 = DIRECTION('',(0.,-0.,1.));
#15629 = ADVANCED_FACE('',(#15630),#15641,.F.);
#15630 = FACE_BOUND('',#15631,.F.);
#15631 = EDGE_LOOP('',(#15632,#15633,#15639,#15640));
#15632 = ORIENTED_EDGE('',*,*,#14183,.F.);
#15633 = ORIENTED_EDGE('',*,*,#15634,.F.);
#15634 = EDGE_CURVE('',#12813,#14184,#15635,.T.);
#15635 = LINE('',#15636,#15637);
#15636 = CARTESIAN_POINT('',(-57.54782454894,-2.,23.553033068364));
#15637 = VECTOR('',#15638,1.);
#15638 = DIRECTION('',(0.,1.,0.));
#15639 = ORIENTED_EDGE('',*,*,#12812,.T.);
#15640 = ORIENTED_EDGE('',*,*,#15634,.T.);
#15641 = CYLINDRICAL_SURFACE('',#15642,1.3);
#15642 = AXIS2_PLACEMENT_3D('',#15643,#15644,#15645);
#15643 = CARTESIAN_POINT('',(-57.54782454894,-2.,22.253033068364));
#15644 = DIRECTION('',(0.,1.,0.));
#15645 = DIRECTION('',(0.,-0.,1.));
#15646 = ADVANCED_FACE('',(#15647),#15658,.F.);
#15647 = FACE_BOUND('',#15648,.F.);
#15648 = EDGE_LOOP('',(#15649,#15650,#15656,#15657));
#15649 = ORIENTED_EDGE('',*,*,#14194,.F.);
#15650 = ORIENTED_EDGE('',*,*,#15651,.F.);
#15651 = EDGE_CURVE('',#12824,#14195,#15652,.T.);
#15652 = LINE('',#15653,#15654);
#15653 = CARTESIAN_POINT('',(-52.54602723566,-2.,23.451405114632));
#15654 = VECTOR('',#15655,1.);
#15655 = DIRECTION('',(0.,1.,0.));
#15656 = ORIENTED_EDGE('',*,*,#12823,.T.);
#15657 = ORIENTED_EDGE('',*,*,#15651,.T.);
#15658 = CYLINDRICAL_SURFACE('',#15659,1.3);
#15659 = AXIS2_PLACEMENT_3D('',#15660,#15661,#15662);
#15660 = CARTESIAN_POINT('',(-52.54602723566,-2.,22.151405114632));
#15661 = DIRECTION('',(0.,1.,0.));
#15662 = DIRECTION('',(0.,-0.,1.));
#15663 = ADVANCED_FACE('',(#15664),#15675,.F.);
#15664 = FACE_BOUND('',#15665,.F.);
#15665 = EDGE_LOOP('',(#15666,#15667,#15673,#15674));
#15666 = ORIENTED_EDGE('',*,*,#14205,.F.);
#15667 = ORIENTED_EDGE('',*,*,#15668,.F.);
#15668 = EDGE_CURVE('',#12835,#14206,#15669,.T.);
#15669 = LINE('',#15670,#15671);
#15670 = CARTESIAN_POINT('',(-47.07694790149,-2.,22.89330226282));
#15671 = VECTOR('',#15672,1.);
#15672 = DIRECTION('',(0.,1.,0.));
#15673 = ORIENTED_EDGE('',*,*,#12834,.T.);
#15674 = ORIENTED_EDGE('',*,*,#15668,.T.);
#15675 = CYLINDRICAL_SURFACE('',#15676,1.3);
#15676 = AXIS2_PLACEMENT_3D('',#15677,#15678,#15679);
#15677 = CARTESIAN_POINT('',(-47.07694790149,-2.,21.59330226282));
#15678 = DIRECTION('',(0.,1.,0.));
#15679 = DIRECTION('',(0.,-0.,1.));
#15680 = ADVANCED_FACE('',(#15681),#15692,.F.);
#15681 = FACE_BOUND('',#15682,.F.);
#15682 = EDGE_LOOP('',(#15683,#15684,#15690,#15691));
#15683 = ORIENTED_EDGE('',*,*,#14216,.F.);
#15684 = ORIENTED_EDGE('',*,*,#15685,.F.);
#15685 = EDGE_CURVE('',#12846,#14217,#15686,.T.);
#15686 = LINE('',#15687,#15688);
#15687 = CARTESIAN_POINT('',(-74.21936666904,-2.,31.620083578334));
#15688 = VECTOR('',#15689,1.);
#15689 = DIRECTION('',(0.,1.,0.));
#15690 = ORIENTED_EDGE('',*,*,#12845,.T.);
#15691 = ORIENTED_EDGE('',*,*,#15685,.T.);
#15692 = CYLINDRICAL_SURFACE('',#15693,1.7);
#15693 = AXIS2_PLACEMENT_3D('',#15694,#15695,#15696);
#15694 = CARTESIAN_POINT('',(-74.21936666904,-2.,29.920083578334));
#15695 = DIRECTION('',(0.,1.,0.));
#15696 = DIRECTION('',(0.,-0.,1.));
#15697 = ADVANCED_FACE('',(#15698),#15709,.F.);
#15698 = FACE_BOUND('',#15699,.F.);
#15699 = EDGE_LOOP('',(#15700,#15701,#15707,#15708));
#15700 = ORIENTED_EDGE('',*,*,#14227,.F.);
#15701 = ORIENTED_EDGE('',*,*,#15702,.F.);
#15702 = EDGE_CURVE('',#12857,#14228,#15703,.T.);
#15703 = LINE('',#15704,#15705);
#15704 = CARTESIAN_POINT('',(-67.85522896443,-2.,29.183731267975));
#15705 = VECTOR('',#15706,1.);
#15706 = DIRECTION('',(0.,1.,0.));
#15707 = ORIENTED_EDGE('',*,*,#12856,.T.);
#15708 = ORIENTED_EDGE('',*,*,#15702,.T.);
#15709 = CYLINDRICAL_SURFACE('',#15710,0.9);
#15710 = AXIS2_PLACEMENT_3D('',#15711,#15712,#15713);
#15711 = CARTESIAN_POINT('',(-67.85522896443,-2.,28.283731267975));
#15712 = DIRECTION('',(0.,1.,0.));
#15713 = DIRECTION('',(0.,-0.,1.));
#15714 = ADVANCED_FACE('',(#15715),#15726,.F.);
#15715 = FACE_BOUND('',#15716,.F.);
#15716 = EDGE_LOOP('',(#15717,#15718,#15724,#15725));
#15717 = ORIENTED_EDGE('',*,*,#14238,.F.);
#15718 = ORIENTED_EDGE('',*,*,#15719,.F.);
#15719 = EDGE_CURVE('',#12868,#14239,#15720,.T.);
#15720 = LINE('',#15721,#15722);
#15721 = CARTESIAN_POINT('',(-87.04827945206,-2.,35.123753844231));
#15722 = VECTOR('',#15723,1.);
#15723 = DIRECTION('',(0.,1.,0.));
#15724 = ORIENTED_EDGE('',*,*,#12867,.T.);
#15725 = ORIENTED_EDGE('',*,*,#15719,.T.);
#15726 = CYLINDRICAL_SURFACE('',#15727,1.3);
#15727 = AXIS2_PLACEMENT_3D('',#15728,#15729,#15730);
#15728 = CARTESIAN_POINT('',(-87.04827945206,-2.,33.823753844231));
#15729 = DIRECTION('',(0.,1.,0.));
#15730 = DIRECTION('',(0.,-0.,1.));
#15731 = ADVANCED_FACE('',(#15732),#15743,.F.);
#15732 = FACE_BOUND('',#15733,.F.);
#15733 = EDGE_LOOP('',(#15734,#15735,#15741,#15742));
#15734 = ORIENTED_EDGE('',*,*,#14249,.F.);
#15735 = ORIENTED_EDGE('',*,*,#15736,.F.);
#15736 = EDGE_CURVE('',#12879,#14250,#15737,.T.);
#15737 = LINE('',#15738,#15739);
#15738 = CARTESIAN_POINT('',(-79.53018659936,-2.,34.657307846943));
#15739 = VECTOR('',#15740,1.);
#15740 = DIRECTION('',(0.,1.,0.));
#15741 = ORIENTED_EDGE('',*,*,#12878,.T.);
#15742 = ORIENTED_EDGE('',*,*,#15736,.T.);
#15743 = CYLINDRICAL_SURFACE('',#15744,0.9);
#15744 = AXIS2_PLACEMENT_3D('',#15745,#15746,#15747);
#15745 = CARTESIAN_POINT('',(-79.53018659936,-2.,33.757307846943));
#15746 = DIRECTION('',(0.,1.,0.));
#15747 = DIRECTION('',(0.,-0.,1.));
#15748 = ADVANCED_FACE('',(#15749),#15760,.F.);
#15749 = FACE_BOUND('',#15750,.F.);
#15750 = EDGE_LOOP('',(#15751,#15752,#15758,#15759));
#15751 = ORIENTED_EDGE('',*,*,#14260,.F.);
#15752 = ORIENTED_EDGE('',*,*,#15753,.F.);
#15753 = EDGE_CURVE('',#12890,#14261,#15754,.T.);
#15754 = LINE('',#15755,#15756);
#15755 = CARTESIAN_POINT('',(-75.85628493651,-2.,35.449114234847));
#15756 = VECTOR('',#15757,1.);
#15757 = DIRECTION('',(0.,1.,0.));
#15758 = ORIENTED_EDGE('',*,*,#12889,.T.);
#15759 = ORIENTED_EDGE('',*,*,#15753,.T.);
#15760 = CYLINDRICAL_SURFACE('',#15761,0.9);
#15761 = AXIS2_PLACEMENT_3D('',#15762,#15763,#15764);
#15762 = CARTESIAN_POINT('',(-75.85628493651,-2.,34.549114234847));
#15763 = DIRECTION('',(0.,1.,0.));
#15764 = DIRECTION('',(0.,-0.,1.));
#15765 = ADVANCED_FACE('',(#15766),#15777,.F.);
#15766 = FACE_BOUND('',#15767,.F.);
#15767 = EDGE_LOOP('',(#15768,#15769,#15775,#15776));
#15768 = ORIENTED_EDGE('',*,*,#14271,.F.);
#15769 = ORIENTED_EDGE('',*,*,#15770,.F.);
#15770 = EDGE_CURVE('',#12901,#14272,#15771,.T.);
#15771 = LINE('',#15772,#15773);
#15772 = CARTESIAN_POINT('',(-59.64217630666,-2.,27.292568071229));
#15773 = VECTOR('',#15774,1.);
#15774 = DIRECTION('',(0.,1.,0.));
#15775 = ORIENTED_EDGE('',*,*,#12900,.T.);
#15776 = ORIENTED_EDGE('',*,*,#15770,.T.);
#15777 = CYLINDRICAL_SURFACE('',#15778,1.3);
#15778 = AXIS2_PLACEMENT_3D('',#15779,#15780,#15781);
#15779 = CARTESIAN_POINT('',(-59.64217630666,-2.,25.992568071229));
#15780 = DIRECTION('',(0.,1.,0.));
#15781 = DIRECTION('',(0.,-0.,1.));
#15782 = ADVANCED_FACE('',(#15783),#15794,.F.);
#15783 = FACE_BOUND('',#15784,.F.);
#15784 = EDGE_LOOP('',(#15785,#15786,#15792,#15793));
#15785 = ORIENTED_EDGE('',*,*,#14282,.F.);
#15786 = ORIENTED_EDGE('',*,*,#15787,.F.);
#15787 = EDGE_CURVE('',#12912,#14283,#15788,.T.);
#15788 = LINE('',#15789,#15790);
#15789 = CARTESIAN_POINT('',(-54.30178055597,-2.,27.70461746249));
#15790 = VECTOR('',#15791,1.);
#15791 = DIRECTION('',(0.,1.,0.));
#15792 = ORIENTED_EDGE('',*,*,#12911,.T.);
#15793 = ORIENTED_EDGE('',*,*,#15787,.T.);
#15794 = CYLINDRICAL_SURFACE('',#15795,1.7);
#15795 = AXIS2_PLACEMENT_3D('',#15796,#15797,#15798);
#15796 = CARTESIAN_POINT('',(-54.30178055597,-2.,26.00461746249));
#15797 = DIRECTION('',(0.,1.,0.));
#15798 = DIRECTION('',(0.,-0.,1.));
#15799 = ADVANCED_FACE('',(#15800),#15811,.F.);
#15800 = FACE_BOUND('',#15801,.F.);
#15801 = EDGE_LOOP('',(#15802,#15803,#15809,#15810));
#15802 = ORIENTED_EDGE('',*,*,#14293,.F.);
#15803 = ORIENTED_EDGE('',*,*,#15804,.F.);
#15804 = EDGE_CURVE('',#12923,#14294,#15805,.T.);
#15805 = LINE('',#15806,#15807);
#15806 = CARTESIAN_POINT('',(-49.42390845462,-2.,27.000106038727));
#15807 = VECTOR('',#15808,1.);
#15808 = DIRECTION('',(0.,1.,0.));
#15809 = ORIENTED_EDGE('',*,*,#12922,.T.);
#15810 = ORIENTED_EDGE('',*,*,#15804,.T.);
#15811 = CYLINDRICAL_SURFACE('',#15812,1.3);
#15812 = AXIS2_PLACEMENT_3D('',#15813,#15814,#15815);
#15813 = CARTESIAN_POINT('',(-49.42390845462,-2.,25.700106038727));
#15814 = DIRECTION('',(0.,1.,0.));
#15815 = DIRECTION('',(0.,-0.,1.));
#15816 = ADVANCED_FACE('',(#15817),#15828,.F.);
#15817 = FACE_BOUND('',#15818,.F.);
#15818 = EDGE_LOOP('',(#15819,#15820,#15826,#15827));
#15819 = ORIENTED_EDGE('',*,*,#14304,.F.);
#15820 = ORIENTED_EDGE('',*,*,#15821,.F.);
#15821 = EDGE_CURVE('',#12934,#14305,#15822,.T.);
#15822 = LINE('',#15823,#15824);
#15823 = CARTESIAN_POINT('',(-61.94633950316,-2.,31.613060931944));
#15824 = VECTOR('',#15825,1.);
#15825 = DIRECTION('',(0.,1.,0.));
#15826 = ORIENTED_EDGE('',*,*,#12933,.T.);
#15827 = ORIENTED_EDGE('',*,*,#15821,.T.);
#15828 = CYLINDRICAL_SURFACE('',#15829,1.3);
#15829 = AXIS2_PLACEMENT_3D('',#15830,#15831,#15832);
#15830 = CARTESIAN_POINT('',(-61.94633950316,-2.,30.313060931944));
#15831 = DIRECTION('',(0.,1.,0.));
#15832 = DIRECTION('',(0.,-0.,1.));
#15833 = ADVANCED_FACE('',(#15834),#15845,.F.);
#15834 = FACE_BOUND('',#15835,.F.);
#15835 = EDGE_LOOP('',(#15836,#15837,#15843,#15844));
#15836 = ORIENTED_EDGE('',*,*,#14315,.F.);
#15837 = ORIENTED_EDGE('',*,*,#15838,.F.);
#15838 = EDGE_CURVE('',#12945,#14316,#15839,.T.);
#15839 = LINE('',#15840,#15841);
#15840 = CARTESIAN_POINT('',(-56.41226434527,-2.,32.470562557808));
#15841 = VECTOR('',#15842,1.);
#15842 = DIRECTION('',(0.,1.,0.));
#15843 = ORIENTED_EDGE('',*,*,#12944,.T.);
#15844 = ORIENTED_EDGE('',*,*,#15838,.T.);
#15845 = CYLINDRICAL_SURFACE('',#15846,1.7);
#15846 = AXIS2_PLACEMENT_3D('',#15847,#15848,#15849);
#15847 = CARTESIAN_POINT('',(-56.41226434527,-2.,30.770562557808));
#15848 = DIRECTION('',(0.,1.,0.));
#15849 = DIRECTION('',(0.,-0.,1.));
#15850 = ADVANCED_FACE('',(#15851),#15862,.F.);
#15851 = FACE_BOUND('',#15852,.F.);
#15852 = EDGE_LOOP('',(#15853,#15854,#15860,#15861));
#15853 = ORIENTED_EDGE('',*,*,#14326,.F.);
#15854 = ORIENTED_EDGE('',*,*,#15855,.F.);
#15855 = EDGE_CURVE('',#12956,#14327,#15856,.T.);
#15856 = LINE('',#15857,#15858);
#15857 = CARTESIAN_POINT('',(-52.4374085315,-2.,31.517892256882));
#15858 = VECTOR('',#15859,1.);
#15859 = DIRECTION('',(0.,1.,0.));
#15860 = ORIENTED_EDGE('',*,*,#12955,.T.);
#15861 = ORIENTED_EDGE('',*,*,#15855,.T.);
#15862 = CYLINDRICAL_SURFACE('',#15863,0.9);
#15863 = AXIS2_PLACEMENT_3D('',#15864,#15865,#15866);
#15864 = CARTESIAN_POINT('',(-52.4374085315,-2.,30.617892256882));
#15865 = DIRECTION('',(0.,1.,0.));
#15866 = DIRECTION('',(0.,-0.,1.));
#15867 = ADVANCED_FACE('',(#15868),#15879,.F.);
#15868 = FACE_BOUND('',#15869,.F.);
#15869 = EDGE_LOOP('',(#15870,#15871,#15877,#15878));
#15870 = ORIENTED_EDGE('',*,*,#14337,.F.);
#15871 = ORIENTED_EDGE('',*,*,#15872,.F.);
#15872 = EDGE_CURVE('',#12967,#14338,#15873,.T.);
#15873 = LINE('',#15874,#15875);
#15874 = CARTESIAN_POINT('',(-47.59776444752,-2.,32.640789818673));
#15875 = VECTOR('',#15876,1.);
#15876 = DIRECTION('',(0.,1.,0.));
#15877 = ORIENTED_EDGE('',*,*,#12966,.T.);
#15878 = ORIENTED_EDGE('',*,*,#15872,.T.);
#15879 = CYLINDRICAL_SURFACE('',#15880,1.7);
#15880 = AXIS2_PLACEMENT_3D('',#15881,#15882,#15883);
#15881 = CARTESIAN_POINT('',(-47.59776444752,-2.,30.940789818673));
#15882 = DIRECTION('',(0.,1.,0.));
#15883 = DIRECTION('',(0.,-0.,1.));
#15884 = ADVANCED_FACE('',(#15885),#15896,.F.);
#15885 = FACE_BOUND('',#15886,.F.);
#15886 = EDGE_LOOP('',(#15887,#15888,#15894,#15895));
#15887 = ORIENTED_EDGE('',*,*,#14348,.F.);
#15888 = ORIENTED_EDGE('',*,*,#15889,.F.);
#15889 = EDGE_CURVE('',#12978,#14349,#15890,.T.);
#15890 = LINE('',#15891,#15892);
#15891 = CARTESIAN_POINT('',(-54.00297520781,-2.,36.225308211855));
#15892 = VECTOR('',#15893,1.);
#15893 = DIRECTION('',(0.,1.,0.));
#15894 = ORIENTED_EDGE('',*,*,#12977,.T.);
#15895 = ORIENTED_EDGE('',*,*,#15889,.T.);
#15896 = CYLINDRICAL_SURFACE('',#15897,1.7);
#15897 = AXIS2_PLACEMENT_3D('',#15898,#15899,#15900);
#15898 = CARTESIAN_POINT('',(-54.00297520781,-2.,34.525308211855));
#15899 = DIRECTION('',(0.,1.,0.));
#15900 = DIRECTION('',(0.,-0.,1.));
#15901 = ADVANCED_FACE('',(#15902),#15913,.F.);
#15902 = FACE_BOUND('',#15903,.F.);
#15903 = EDGE_LOOP('',(#15904,#15905,#15911,#15912));
#15904 = ORIENTED_EDGE('',*,*,#14359,.F.);
#15905 = ORIENTED_EDGE('',*,*,#15906,.F.);
#15906 = EDGE_CURVE('',#12989,#14360,#15907,.T.);
#15907 = LINE('',#15908,#15909);
#15908 = CARTESIAN_POINT('',(-50.07005700766,-2.,35.751533195404));
#15909 = VECTOR('',#15910,1.);
#15910 = DIRECTION('',(0.,1.,0.));
#15911 = ORIENTED_EDGE('',*,*,#12988,.T.);
#15912 = ORIENTED_EDGE('',*,*,#15906,.T.);
#15913 = CYLINDRICAL_SURFACE('',#15914,0.9);
#15914 = AXIS2_PLACEMENT_3D('',#15915,#15916,#15917);
#15915 = CARTESIAN_POINT('',(-50.07005700766,-2.,34.851533195404));
#15916 = DIRECTION('',(0.,1.,0.));
#15917 = DIRECTION('',(0.,-0.,1.));
#15918 = ADVANCED_FACE('',(#15919),#15930,.F.);
#15919 = FACE_BOUND('',#15920,.F.);
#15920 = EDGE_LOOP('',(#15921,#15922,#15928,#15929));
#15921 = ORIENTED_EDGE('',*,*,#14370,.F.);
#15922 = ORIENTED_EDGE('',*,*,#15923,.F.);
#15923 = EDGE_CURVE('',#13000,#14371,#15924,.T.);
#15924 = LINE('',#15925,#15926);
#15925 = CARTESIAN_POINT('',(-129.0165937844,-2.,40.764938898486));
#15926 = VECTOR('',#15927,1.);
#15927 = DIRECTION('',(0.,1.,0.));
#15928 = ORIENTED_EDGE('',*,*,#12999,.T.);
#15929 = ORIENTED_EDGE('',*,*,#15923,.T.);
#15930 = CYLINDRICAL_SURFACE('',#15931,1.3);
#15931 = AXIS2_PLACEMENT_3D('',#15932,#15933,#15934);
#15932 = CARTESIAN_POINT('',(-129.0165937844,-2.,39.464938898486));
#15933 = DIRECTION('',(0.,1.,0.));
#15934 = DIRECTION('',(0.,-0.,1.));
#15935 = ADVANCED_FACE('',(#15936),#15947,.F.);
#15936 = FACE_BOUND('',#15937,.F.);
#15937 = EDGE_LOOP('',(#15938,#15939,#15945,#15946));
#15938 = ORIENTED_EDGE('',*,*,#14381,.F.);
#15939 = ORIENTED_EDGE('',*,*,#15940,.F.);
#15940 = EDGE_CURVE('',#13011,#14382,#15941,.T.);
#15941 = LINE('',#15942,#15943);
#15942 = CARTESIAN_POINT('',(-121.8683445569,-2.,42.294656543168));
#15943 = VECTOR('',#15944,1.);
#15944 = DIRECTION('',(0.,1.,0.));
#15945 = ORIENTED_EDGE('',*,*,#13010,.T.);
#15946 = ORIENTED_EDGE('',*,*,#15940,.T.);
#15947 = CYLINDRICAL_SURFACE('',#15948,1.7);
#15948 = AXIS2_PLACEMENT_3D('',#15949,#15950,#15951);
#15949 = CARTESIAN_POINT('',(-121.8683445569,-2.,40.594656543168));
#15950 = DIRECTION('',(0.,1.,0.));
#15951 = DIRECTION('',(0.,-0.,1.));
#15952 = ADVANCED_FACE('',(#15953),#15964,.F.);
#15953 = FACE_BOUND('',#15954,.F.);
#15954 = EDGE_LOOP('',(#15955,#15956,#15962,#15963));
#15955 = ORIENTED_EDGE('',*,*,#14392,.F.);
#15956 = ORIENTED_EDGE('',*,*,#15957,.F.);
#15957 = EDGE_CURVE('',#13022,#14393,#15958,.T.);
#15958 = LINE('',#15959,#15960);
#15959 = CARTESIAN_POINT('',(-110.224710522,-2.,42.385167060834));
#15960 = VECTOR('',#15961,1.);
#15961 = DIRECTION('',(0.,1.,0.));
#15962 = ORIENTED_EDGE('',*,*,#13021,.T.);
#15963 = ORIENTED_EDGE('',*,*,#15957,.T.);
#15964 = CYLINDRICAL_SURFACE('',#15965,1.3);
#15965 = AXIS2_PLACEMENT_3D('',#15966,#15967,#15968);
#15966 = CARTESIAN_POINT('',(-110.224710522,-2.,41.085167060834));
#15967 = DIRECTION('',(0.,1.,0.));
#15968 = DIRECTION('',(0.,-0.,1.));
#15969 = ADVANCED_FACE('',(#15970),#15981,.F.);
#15970 = FACE_BOUND('',#15971,.F.);
#15971 = EDGE_LOOP('',(#15972,#15973,#15979,#15980));
#15972 = ORIENTED_EDGE('',*,*,#14403,.F.);
#15973 = ORIENTED_EDGE('',*,*,#15974,.F.);
#15974 = EDGE_CURVE('',#13033,#14404,#15975,.T.);
#15975 = LINE('',#15976,#15977);
#15976 = CARTESIAN_POINT('',(-103.8266670701,-2.,42.069021815629));
#15977 = VECTOR('',#15978,1.);
#15978 = DIRECTION('',(0.,1.,0.));
#15979 = ORIENTED_EDGE('',*,*,#13032,.T.);
#15980 = ORIENTED_EDGE('',*,*,#15974,.T.);
#15981 = CYLINDRICAL_SURFACE('',#15982,1.3);
#15982 = AXIS2_PLACEMENT_3D('',#15983,#15984,#15985);
#15983 = CARTESIAN_POINT('',(-103.8266670701,-2.,40.769021815629));
#15984 = DIRECTION('',(0.,1.,0.));
#15985 = DIRECTION('',(0.,-0.,1.));
#15986 = ADVANCED_FACE('',(#15987),#15998,.F.);
#15987 = FACE_BOUND('',#15988,.F.);
#15988 = EDGE_LOOP('',(#15989,#15990,#15996,#15997));
#15989 = ORIENTED_EDGE('',*,*,#14414,.F.);
#15990 = ORIENTED_EDGE('',*,*,#15991,.F.);
#15991 = EDGE_CURVE('',#13044,#14415,#15992,.T.);
#15992 = LINE('',#15993,#15994);
#15993 = CARTESIAN_POINT('',(-98.22114643508,-2.,42.121312429619));
#15994 = VECTOR('',#15995,1.);
#15995 = DIRECTION('',(0.,1.,0.));
#15996 = ORIENTED_EDGE('',*,*,#13043,.T.);
#15997 = ORIENTED_EDGE('',*,*,#15991,.T.);
#15998 = CYLINDRICAL_SURFACE('',#15999,0.9);
#15999 = AXIS2_PLACEMENT_3D('',#16000,#16001,#16002);
#16000 = CARTESIAN_POINT('',(-98.22114643508,-2.,41.221312429619));
#16001 = DIRECTION('',(0.,1.,0.));
#16002 = DIRECTION('',(0.,-0.,1.));
#16003 = ADVANCED_FACE('',(#16004),#16015,.F.);
#16004 = FACE_BOUND('',#16005,.F.);
#16005 = EDGE_LOOP('',(#16006,#16007,#16013,#16014));
#16006 = ORIENTED_EDGE('',*,*,#14425,.F.);
#16007 = ORIENTED_EDGE('',*,*,#16008,.F.);
#16008 = EDGE_CURVE('',#13055,#14426,#16009,.T.);
#16009 = LINE('',#16010,#16011);
#16010 = CARTESIAN_POINT('',(-91.53967496081,-2.,41.94659607471));
#16011 = VECTOR('',#16012,1.);
#16012 = DIRECTION('',(0.,1.,0.));
#16013 = ORIENTED_EDGE('',*,*,#13054,.T.);
#16014 = ORIENTED_EDGE('',*,*,#16008,.T.);
#16015 = CYLINDRICAL_SURFACE('',#16016,1.3);
#16016 = AXIS2_PLACEMENT_3D('',#16017,#16018,#16019);
#16017 = CARTESIAN_POINT('',(-91.53967496081,-2.,40.64659607471));
#16018 = DIRECTION('',(0.,1.,0.));
#16019 = DIRECTION('',(0.,-0.,1.));
#16020 = ADVANCED_FACE('',(#16021),#16032,.F.);
#16021 = FACE_BOUND('',#16022,.F.);
#16022 = EDGE_LOOP('',(#16023,#16024,#16030,#16031));
#16023 = ORIENTED_EDGE('',*,*,#14436,.F.);
#16024 = ORIENTED_EDGE('',*,*,#16025,.F.);
#16025 = EDGE_CURVE('',#13066,#14437,#16026,.T.);
#16026 = LINE('',#16027,#16028);
#16027 = CARTESIAN_POINT('',(-129.1637121853,-2.,46.792802904164));
#16028 = VECTOR('',#16029,1.);
#16029 = DIRECTION('',(0.,1.,0.));
#16030 = ORIENTED_EDGE('',*,*,#13065,.T.);
#16031 = ORIENTED_EDGE('',*,*,#16025,.T.);
#16032 = CYLINDRICAL_SURFACE('',#16033,0.9);
#16033 = AXIS2_PLACEMENT_3D('',#16034,#16035,#16036);
#16034 = CARTESIAN_POINT('',(-129.1637121853,-2.,45.892802904164));
#16035 = DIRECTION('',(0.,1.,0.));
#16036 = DIRECTION('',(0.,-0.,1.));
#16037 = ADVANCED_FACE('',(#16038),#16049,.F.);
#16038 = FACE_BOUND('',#16039,.F.);
#16039 = EDGE_LOOP('',(#16040,#16041,#16047,#16048));
#16040 = ORIENTED_EDGE('',*,*,#14447,.F.);
#16041 = ORIENTED_EDGE('',*,*,#16042,.F.);
#16042 = EDGE_CURVE('',#13077,#14448,#16043,.T.);
#16043 = LINE('',#16044,#16045);
#16044 = CARTESIAN_POINT('',(-122.8882651799,-2.,47.89104747268));
#16045 = VECTOR('',#16046,1.);
#16046 = DIRECTION('',(0.,1.,0.));
#16047 = ORIENTED_EDGE('',*,*,#13076,.T.);
#16048 = ORIENTED_EDGE('',*,*,#16042,.T.);
#16049 = CYLINDRICAL_SURFACE('',#16050,1.7);
#16050 = AXIS2_PLACEMENT_3D('',#16051,#16052,#16053);
#16051 = CARTESIAN_POINT('',(-122.8882651799,-2.,46.19104747268));
#16052 = DIRECTION('',(0.,1.,0.));
#16053 = DIRECTION('',(0.,-0.,1.));
#16054 = ADVANCED_FACE('',(#16055),#16066,.F.);
#16055 = FACE_BOUND('',#16056,.F.);
#16056 = EDGE_LOOP('',(#16057,#16058,#16064,#16065));
#16057 = ORIENTED_EDGE('',*,*,#14458,.F.);
#16058 = ORIENTED_EDGE('',*,*,#16059,.F.);
#16059 = EDGE_CURVE('',#13088,#14459,#16060,.T.);
#16060 = LINE('',#16061,#16062);
#16061 = CARTESIAN_POINT('',(-106.2992429882,-2.,47.938553282275));
#16062 = VECTOR('',#16063,1.);
#16063 = DIRECTION('',(0.,1.,0.));
#16064 = ORIENTED_EDGE('',*,*,#13087,.T.);
#16065 = ORIENTED_EDGE('',*,*,#16059,.T.);
#16066 = CYLINDRICAL_SURFACE('',#16067,1.3);
#16067 = AXIS2_PLACEMENT_3D('',#16068,#16069,#16070);
#16068 = CARTESIAN_POINT('',(-106.2992429882,-2.,46.638553282275));
#16069 = DIRECTION('',(0.,1.,0.));
#16070 = DIRECTION('',(0.,-0.,1.));
#16071 = ADVANCED_FACE('',(#16072),#16083,.F.);
#16072 = FACE_BOUND('',#16073,.F.);
#16073 = EDGE_LOOP('',(#16074,#16075,#16081,#16082));
#16074 = ORIENTED_EDGE('',*,*,#14469,.F.);
#16075 = ORIENTED_EDGE('',*,*,#16076,.F.);
#16076 = EDGE_CURVE('',#13099,#14470,#16077,.T.);
#16077 = LINE('',#16078,#16079);
#16078 = CARTESIAN_POINT('',(-93.27286602226,-2.,46.962138348675));
#16079 = VECTOR('',#16080,1.);
#16080 = DIRECTION('',(0.,1.,0.));
#16081 = ORIENTED_EDGE('',*,*,#13098,.T.);
#16082 = ORIENTED_EDGE('',*,*,#16076,.T.);
#16083 = CYLINDRICAL_SURFACE('',#16084,1.3);
#16084 = AXIS2_PLACEMENT_3D('',#16085,#16086,#16087);
#16085 = CARTESIAN_POINT('',(-93.27286602226,-2.,45.662138348675));
#16086 = DIRECTION('',(0.,1.,0.));
#16087 = DIRECTION('',(0.,-0.,1.));
#16088 = ADVANCED_FACE('',(#16089),#16100,.F.);
#16089 = FACE_BOUND('',#16090,.F.);
#16090 = EDGE_LOOP('',(#16091,#16092,#16098,#16099));
#16091 = ORIENTED_EDGE('',*,*,#14480,.F.);
#16092 = ORIENTED_EDGE('',*,*,#16093,.F.);
#16093 = EDGE_CURVE('',#13110,#14481,#16094,.T.);
#16094 = LINE('',#16095,#16096);
#16095 = CARTESIAN_POINT('',(-98.10714803505,-2.,47.908653400135));
#16096 = VECTOR('',#16097,1.);
#16097 = DIRECTION('',(0.,1.,0.));
#16098 = ORIENTED_EDGE('',*,*,#13109,.T.);
#16099 = ORIENTED_EDGE('',*,*,#16093,.T.);
#16100 = CYLINDRICAL_SURFACE('',#16101,0.9);
#16101 = AXIS2_PLACEMENT_3D('',#16102,#16103,#16104);
#16102 = CARTESIAN_POINT('',(-98.10714803505,-2.,47.008653400135));
#16103 = DIRECTION('',(0.,1.,0.));
#16104 = DIRECTION('',(0.,-0.,1.));
#16105 = ADVANCED_FACE('',(#16106),#16117,.F.);
#16106 = FACE_BOUND('',#16107,.F.);
#16107 = EDGE_LOOP('',(#16108,#16109,#16115,#16116));
#16108 = ORIENTED_EDGE('',*,*,#14491,.F.);
#16109 = ORIENTED_EDGE('',*,*,#16110,.F.);
#16110 = EDGE_CURVE('',#13121,#14492,#16111,.T.);
#16111 = LINE('',#16112,#16113);
#16112 = CARTESIAN_POINT('',(-87.48545859723,-2.,41.003513320733));
#16113 = VECTOR('',#16114,1.);
#16114 = DIRECTION('',(0.,1.,0.));
#16115 = ORIENTED_EDGE('',*,*,#13120,.T.);
#16116 = ORIENTED_EDGE('',*,*,#16110,.T.);
#16117 = CYLINDRICAL_SURFACE('',#16118,1.7);
#16118 = AXIS2_PLACEMENT_3D('',#16119,#16120,#16121);
#16119 = CARTESIAN_POINT('',(-87.48545859723,-2.,39.303513320733));
#16120 = DIRECTION('',(0.,1.,0.));
#16121 = DIRECTION('',(0.,-0.,1.));
#16122 = ADVANCED_FACE('',(#16123),#16134,.F.);
#16123 = FACE_BOUND('',#16124,.F.);
#16124 = EDGE_LOOP('',(#16125,#16126,#16132,#16133));
#16125 = ORIENTED_EDGE('',*,*,#14502,.F.);
#16126 = ORIENTED_EDGE('',*,*,#16127,.F.);
#16127 = EDGE_CURVE('',#13132,#14503,#16128,.T.);
#16128 = LINE('',#16129,#16130);
#16129 = CARTESIAN_POINT('',(-69.85319635749,-2.,36.254032618349));
#16130 = VECTOR('',#16131,1.);
#16131 = DIRECTION('',(0.,1.,0.));
#16132 = ORIENTED_EDGE('',*,*,#13131,.T.);
#16133 = ORIENTED_EDGE('',*,*,#16127,.T.);
#16134 = CYLINDRICAL_SURFACE('',#16135,0.9);
#16135 = AXIS2_PLACEMENT_3D('',#16136,#16137,#16138);
#16136 = CARTESIAN_POINT('',(-69.85319635749,-2.,35.354032618349));
#16137 = DIRECTION('',(0.,1.,0.));
#16138 = DIRECTION('',(0.,-0.,1.));
#16139 = ADVANCED_FACE('',(#16140),#16151,.F.);
#16140 = FACE_BOUND('',#16141,.F.);
#16141 = EDGE_LOOP('',(#16142,#16143,#16149,#16150));
#16142 = ORIENTED_EDGE('',*,*,#14513,.F.);
#16143 = ORIENTED_EDGE('',*,*,#16144,.F.);
#16144 = EDGE_CURVE('',#13143,#14514,#16145,.T.);
#16145 = LINE('',#16146,#16147);
#16146 = CARTESIAN_POINT('',(-80.60574407803,-2.,41.586888137319));
#16147 = VECTOR('',#16148,1.);
#16148 = DIRECTION('',(0.,1.,0.));
#16149 = ORIENTED_EDGE('',*,*,#13142,.T.);
#16150 = ORIENTED_EDGE('',*,*,#16144,.T.);
#16151 = CYLINDRICAL_SURFACE('',#16152,1.3);
#16152 = AXIS2_PLACEMENT_3D('',#16153,#16154,#16155);
#16153 = CARTESIAN_POINT('',(-80.60574407803,-2.,40.286888137319));
#16154 = DIRECTION('',(0.,1.,0.));
#16155 = DIRECTION('',(0.,-0.,1.));
#16156 = ADVANCED_FACE('',(#16157),#16168,.F.);
#16157 = FACE_BOUND('',#16158,.F.);
#16158 = EDGE_LOOP('',(#16159,#16160,#16166,#16167));
#16159 = ORIENTED_EDGE('',*,*,#14524,.F.);
#16160 = ORIENTED_EDGE('',*,*,#16161,.F.);
#16161 = EDGE_CURVE('',#13154,#14525,#16162,.T.);
#16162 = LINE('',#16163,#16164);
#16163 = CARTESIAN_POINT('',(-59.50295577555,-2.,36.731152116262));
#16164 = VECTOR('',#16165,1.);
#16165 = DIRECTION('',(0.,1.,0.));
#16166 = ORIENTED_EDGE('',*,*,#13153,.T.);
#16167 = ORIENTED_EDGE('',*,*,#16161,.T.);
#16168 = CYLINDRICAL_SURFACE('',#16169,1.7);
#16169 = AXIS2_PLACEMENT_3D('',#16170,#16171,#16172);
#16170 = CARTESIAN_POINT('',(-59.50295577555,-2.,35.031152116262));
#16171 = DIRECTION('',(0.,1.,0.));
#16172 = DIRECTION('',(0.,-0.,1.));
#16173 = ADVANCED_FACE('',(#16174),#16185,.F.);
#16174 = FACE_BOUND('',#16175,.F.);
#16175 = EDGE_LOOP('',(#16176,#16177,#16183,#16184));
#16176 = ORIENTED_EDGE('',*,*,#14535,.F.);
#16177 = ORIENTED_EDGE('',*,*,#16178,.F.);
#16178 = EDGE_CURVE('',#13165,#14536,#16179,.T.);
#16179 = LINE('',#16180,#16181);
#16180 = CARTESIAN_POINT('',(-61.51586301012,-2.,39.05927632852));
#16181 = VECTOR('',#16182,1.);
#16182 = DIRECTION('',(0.,1.,0.));
#16183 = ORIENTED_EDGE('',*,*,#13164,.T.);
#16184 = ORIENTED_EDGE('',*,*,#16178,.T.);
#16185 = CYLINDRICAL_SURFACE('',#16186,0.9);
#16186 = AXIS2_PLACEMENT_3D('',#16187,#16188,#16189);
#16187 = CARTESIAN_POINT('',(-61.51586301012,-2.,38.15927632852));
#16188 = DIRECTION('',(0.,1.,0.));
#16189 = DIRECTION('',(0.,-0.,1.));
#16190 = ADVANCED_FACE('',(#16191),#16202,.F.);
#16191 = FACE_BOUND('',#16192,.F.);
#16192 = EDGE_LOOP('',(#16193,#16194,#16200,#16201));
#16193 = ORIENTED_EDGE('',*,*,#14546,.F.);
#16194 = ORIENTED_EDGE('',*,*,#16195,.F.);
#16195 = EDGE_CURVE('',#13176,#14547,#16196,.T.);
#16196 = LINE('',#16197,#16198);
#16197 = CARTESIAN_POINT('',(-57.00681615952,-2.,40.185309594653));
#16198 = VECTOR('',#16199,1.);
#16199 = DIRECTION('',(0.,1.,0.));
#16200 = ORIENTED_EDGE('',*,*,#13175,.T.);
#16201 = ORIENTED_EDGE('',*,*,#16195,.T.);
#16202 = CYLINDRICAL_SURFACE('',#16203,1.7);
#16203 = AXIS2_PLACEMENT_3D('',#16204,#16205,#16206);
#16204 = CARTESIAN_POINT('',(-57.00681615952,-2.,38.485309594653));
#16205 = DIRECTION('',(0.,1.,0.));
#16206 = DIRECTION('',(0.,-0.,1.));
#16207 = ADVANCED_FACE('',(#16208),#16219,.F.);
#16208 = FACE_BOUND('',#16209,.F.);
#16209 = EDGE_LOOP('',(#16210,#16211,#16217,#16218));
#16210 = ORIENTED_EDGE('',*,*,#14557,.F.);
#16211 = ORIENTED_EDGE('',*,*,#16212,.F.);
#16212 = EDGE_CURVE('',#13187,#14558,#16213,.T.);
#16213 = LINE('',#16214,#16215);
#16214 = CARTESIAN_POINT('',(-51.68145445073,-2.,40.089323036062));
#16215 = VECTOR('',#16216,1.);
#16216 = DIRECTION('',(0.,1.,0.));
#16217 = ORIENTED_EDGE('',*,*,#13186,.T.);
#16218 = ORIENTED_EDGE('',*,*,#16212,.T.);
#16219 = CYLINDRICAL_SURFACE('',#16220,1.3);
#16220 = AXIS2_PLACEMENT_3D('',#16221,#16222,#16223);
#16221 = CARTESIAN_POINT('',(-51.68145445073,-2.,38.789323036062));
#16222 = DIRECTION('',(0.,1.,0.));
#16223 = DIRECTION('',(0.,-0.,1.));
#16224 = ADVANCED_FACE('',(#16225),#16236,.F.);
#16225 = FACE_BOUND('',#16226,.F.);
#16226 = EDGE_LOOP('',(#16227,#16228,#16234,#16235));
#16227 = ORIENTED_EDGE('',*,*,#14568,.F.);
#16228 = ORIENTED_EDGE('',*,*,#16229,.F.);
#16229 = EDGE_CURVE('',#13198,#14569,#16230,.T.);
#16230 = LINE('',#16231,#16232);
#16231 = CARTESIAN_POINT('',(-46.89397155032,-2.,40.108565284581));
#16232 = VECTOR('',#16233,1.);
#16233 = DIRECTION('',(0.,1.,0.));
#16234 = ORIENTED_EDGE('',*,*,#13197,.T.);
#16235 = ORIENTED_EDGE('',*,*,#16229,.T.);
#16236 = CYLINDRICAL_SURFACE('',#16237,1.7);
#16237 = AXIS2_PLACEMENT_3D('',#16238,#16239,#16240);
#16238 = CARTESIAN_POINT('',(-46.89397155032,-2.,38.408565284581));
#16239 = DIRECTION('',(0.,1.,0.));
#16240 = DIRECTION('',(0.,-0.,1.));
#16241 = ADVANCED_FACE('',(#16242),#16253,.F.);
#16242 = FACE_BOUND('',#16243,.F.);
#16243 = EDGE_LOOP('',(#16244,#16245,#16251,#16252));
#16244 = ORIENTED_EDGE('',*,*,#14579,.F.);
#16245 = ORIENTED_EDGE('',*,*,#16246,.F.);
#16246 = EDGE_CURVE('',#13209,#14580,#16247,.T.);
#16247 = LINE('',#16248,#16249);
#16248 = CARTESIAN_POINT('',(-59.96575225064,-2.,44.455080734399));
#16249 = VECTOR('',#16250,1.);
#16250 = DIRECTION('',(0.,1.,0.));
#16251 = ORIENTED_EDGE('',*,*,#13208,.T.);
#16252 = ORIENTED_EDGE('',*,*,#16246,.T.);
#16253 = CYLINDRICAL_SURFACE('',#16254,1.7);
#16254 = AXIS2_PLACEMENT_3D('',#16255,#16256,#16257);
#16255 = CARTESIAN_POINT('',(-59.96575225064,-2.,42.755080734399));
#16256 = DIRECTION('',(0.,1.,0.));
#16257 = DIRECTION('',(0.,-0.,1.));
#16258 = ADVANCED_FACE('',(#16259),#16270,.F.);
#16259 = FACE_BOUND('',#16260,.F.);
#16260 = EDGE_LOOP('',(#16261,#16262,#16268,#16269));
#16261 = ORIENTED_EDGE('',*,*,#14590,.F.);
#16262 = ORIENTED_EDGE('',*,*,#16263,.F.);
#16263 = EDGE_CURVE('',#13220,#14591,#16264,.T.);
#16264 = LINE('',#16265,#16266);
#16265 = CARTESIAN_POINT('',(-54.89443886069,-2.,44.849689370474));
#16266 = VECTOR('',#16267,1.);
#16267 = DIRECTION('',(0.,1.,0.));
#16268 = ORIENTED_EDGE('',*,*,#13219,.T.);
#16269 = ORIENTED_EDGE('',*,*,#16263,.T.);
#16270 = CYLINDRICAL_SURFACE('',#16271,1.7);
#16271 = AXIS2_PLACEMENT_3D('',#16272,#16273,#16274);
#16272 = CARTESIAN_POINT('',(-54.89443886069,-2.,43.149689370474));
#16273 = DIRECTION('',(0.,1.,0.));
#16274 = DIRECTION('',(0.,-0.,1.));
#16275 = ADVANCED_FACE('',(#16276),#16287,.F.);
#16276 = FACE_BOUND('',#16277,.F.);
#16277 = EDGE_LOOP('',(#16278,#16279,#16285,#16286));
#16278 = ORIENTED_EDGE('',*,*,#14601,.F.);
#16279 = ORIENTED_EDGE('',*,*,#16280,.F.);
#16280 = EDGE_CURVE('',#13231,#14602,#16281,.T.);
#16281 = LINE('',#16282,#16283);
#16282 = CARTESIAN_POINT('',(-49.57064473425,-2.,44.61847743509));
#16283 = VECTOR('',#16284,1.);
#16284 = DIRECTION('',(0.,1.,0.));
#16285 = ORIENTED_EDGE('',*,*,#13230,.T.);
#16286 = ORIENTED_EDGE('',*,*,#16280,.T.);
#16287 = CYLINDRICAL_SURFACE('',#16288,1.3);
#16288 = AXIS2_PLACEMENT_3D('',#16289,#16290,#16291);
#16289 = CARTESIAN_POINT('',(-49.57064473425,-2.,43.31847743509));
#16290 = DIRECTION('',(0.,1.,0.));
#16291 = DIRECTION('',(0.,-0.,1.));
#16292 = ADVANCED_FACE('',(#16293),#16304,.F.);
#16293 = FACE_BOUND('',#16294,.F.);
#16294 = EDGE_LOOP('',(#16295,#16296,#16302,#16303));
#16295 = ORIENTED_EDGE('',*,*,#14612,.F.);
#16296 = ORIENTED_EDGE('',*,*,#16297,.F.);
#16297 = EDGE_CURVE('',#13242,#14613,#16298,.T.);
#16298 = LINE('',#16299,#16300);
#16299 = CARTESIAN_POINT('',(-79.56440275882,-2.,48.79482629996));
#16300 = VECTOR('',#16301,1.);
#16301 = DIRECTION('',(0.,1.,0.));
#16302 = ORIENTED_EDGE('',*,*,#13241,.T.);
#16303 = ORIENTED_EDGE('',*,*,#16297,.T.);
#16304 = CYLINDRICAL_SURFACE('',#16305,1.3);
#16305 = AXIS2_PLACEMENT_3D('',#16306,#16307,#16308);
#16306 = CARTESIAN_POINT('',(-79.56440275882,-2.,47.49482629996));
#16307 = DIRECTION('',(0.,1.,0.));
#16308 = DIRECTION('',(0.,-0.,1.));
#16309 = ADVANCED_FACE('',(#16310),#16321,.F.);
#16310 = FACE_BOUND('',#16311,.F.);
#16311 = EDGE_LOOP('',(#16312,#16313,#16319,#16320));
#16312 = ORIENTED_EDGE('',*,*,#14623,.F.);
#16313 = ORIENTED_EDGE('',*,*,#16314,.F.);
#16314 = EDGE_CURVE('',#13253,#14624,#16315,.T.);
#16315 = LINE('',#16316,#16317);
#16316 = CARTESIAN_POINT('',(-74.47855640605,-2.,46.356069052666));
#16317 = VECTOR('',#16318,1.);
#16318 = DIRECTION('',(0.,1.,0.));
#16319 = ORIENTED_EDGE('',*,*,#13252,.T.);
#16320 = ORIENTED_EDGE('',*,*,#16314,.T.);
#16321 = CYLINDRICAL_SURFACE('',#16322,1.3);
#16322 = AXIS2_PLACEMENT_3D('',#16323,#16324,#16325);
#16323 = CARTESIAN_POINT('',(-74.47855640605,-2.,45.056069052666));
#16324 = DIRECTION('',(0.,1.,0.));
#16325 = DIRECTION('',(0.,-0.,1.));
#16326 = ADVANCED_FACE('',(#16327),#16338,.F.);
#16327 = FACE_BOUND('',#16328,.F.);
#16328 = EDGE_LOOP('',(#16329,#16330,#16336,#16337));
#16329 = ORIENTED_EDGE('',*,*,#14634,.F.);
#16330 = ORIENTED_EDGE('',*,*,#16331,.F.);
#16331 = EDGE_CURVE('',#13264,#14635,#16332,.T.);
#16332 = LINE('',#16333,#16334);
#16333 = CARTESIAN_POINT('',(-57.4062812764,-2.,48.019275345849));
#16334 = VECTOR('',#16335,1.);
#16335 = DIRECTION('',(0.,1.,0.));
#16336 = ORIENTED_EDGE('',*,*,#13263,.T.);
#16337 = ORIENTED_EDGE('',*,*,#16331,.T.);
#16338 = CYLINDRICAL_SURFACE('',#16339,1.3);
#16339 = AXIS2_PLACEMENT_3D('',#16340,#16341,#16342);
#16340 = CARTESIAN_POINT('',(-57.4062812764,-2.,46.719275345849));
#16341 = DIRECTION('',(0.,1.,0.));
#16342 = DIRECTION('',(0.,-0.,1.));
#16343 = ADVANCED_FACE('',(#16344),#16355,.F.);
#16344 = FACE_BOUND('',#16345,.F.);
#16345 = EDGE_LOOP('',(#16346,#16347,#16353,#16354));
#16346 = ORIENTED_EDGE('',*,*,#14645,.F.);
#16347 = ORIENTED_EDGE('',*,*,#16348,.F.);
#16348 = EDGE_CURVE('',#13275,#14646,#16349,.T.);
#16349 = LINE('',#16350,#16351);
#16350 = CARTESIAN_POINT('',(-52.19020036634,-2.,47.897689855603));
#16351 = VECTOR('',#16352,1.);
#16352 = DIRECTION('',(0.,1.,0.));
#16353 = ORIENTED_EDGE('',*,*,#13274,.T.);
#16354 = ORIENTED_EDGE('',*,*,#16348,.T.);
#16355 = CYLINDRICAL_SURFACE('',#16356,0.9);
#16356 = AXIS2_PLACEMENT_3D('',#16357,#16358,#16359);
#16357 = CARTESIAN_POINT('',(-52.19020036634,-2.,46.997689855603));
#16358 = DIRECTION('',(0.,1.,0.));
#16359 = DIRECTION('',(0.,-0.,1.));
#16360 = ADVANCED_FACE('',(#16361),#16372,.F.);
#16361 = FACE_BOUND('',#16362,.F.);
#16362 = EDGE_LOOP('',(#16363,#16364,#16370,#16371));
#16363 = ORIENTED_EDGE('',*,*,#14656,.F.);
#16364 = ORIENTED_EDGE('',*,*,#16365,.F.);
#16365 = EDGE_CURVE('',#13286,#14657,#16366,.T.);
#16366 = LINE('',#16367,#16368);
#16367 = CARTESIAN_POINT('',(-47.29239971588,-2.,48.839872289266));
#16368 = VECTOR('',#16369,1.);
#16369 = DIRECTION('',(0.,1.,0.));
#16370 = ORIENTED_EDGE('',*,*,#13285,.T.);
#16371 = ORIENTED_EDGE('',*,*,#16365,.T.);
#16372 = CYLINDRICAL_SURFACE('',#16373,1.3);
#16373 = AXIS2_PLACEMENT_3D('',#16374,#16375,#16376);
#16374 = CARTESIAN_POINT('',(-47.29239971588,-2.,47.539872289266));
#16375 = DIRECTION('',(0.,1.,0.));
#16376 = DIRECTION('',(0.,-0.,1.));
#16377 = ADVANCED_FACE('',(#16378),#16389,.F.);
#16378 = FACE_BOUND('',#16379,.F.);
#16379 = EDGE_LOOP('',(#16380,#16381,#16387,#16388));
#16380 = ORIENTED_EDGE('',*,*,#14667,.F.);
#16381 = ORIENTED_EDGE('',*,*,#16382,.F.);
#16382 = EDGE_CURVE('',#13297,#14668,#16383,.T.);
#16383 = LINE('',#16384,#16385);
#16384 = CARTESIAN_POINT('',(-49.54804606689,-2.,51.458423544164));
#16385 = VECTOR('',#16386,1.);
#16386 = DIRECTION('',(0.,1.,0.));
#16387 = ORIENTED_EDGE('',*,*,#13296,.T.);
#16388 = ORIENTED_EDGE('',*,*,#16382,.T.);
#16389 = CYLINDRICAL_SURFACE('',#16390,0.9);
#16390 = AXIS2_PLACEMENT_3D('',#16391,#16392,#16393);
#16391 = CARTESIAN_POINT('',(-49.54804606689,-2.,50.558423544164));
#16392 = DIRECTION('',(0.,1.,0.));
#16393 = DIRECTION('',(0.,-0.,1.));
#16394 = ADVANCED_FACE('',(#16395),#16406,.F.);
#16395 = FACE_BOUND('',#16396,.F.);
#16396 = EDGE_LOOP('',(#16397,#16398,#16404,#16405));
#16397 = ORIENTED_EDGE('',*,*,#14678,.F.);
#16398 = ORIENTED_EDGE('',*,*,#16399,.F.);
#16399 = EDGE_CURVE('',#13308,#14679,#16400,.T.);
#16400 = LINE('',#16401,#16402);
#16401 = CARTESIAN_POINT('',(-44.62513326977,-2.,19.98760701101));
#16402 = VECTOR('',#16403,1.);
#16403 = DIRECTION('',(0.,1.,0.));
#16404 = ORIENTED_EDGE('',*,*,#13307,.T.);
#16405 = ORIENTED_EDGE('',*,*,#16399,.T.);
#16406 = CYLINDRICAL_SURFACE('',#16407,1.7);
#16407 = AXIS2_PLACEMENT_3D('',#16408,#16409,#16410);
#16408 = CARTESIAN_POINT('',(-44.62513326977,-2.,18.28760701101));
#16409 = DIRECTION('',(0.,1.,0.));
#16410 = DIRECTION('',(0.,-0.,1.));
#16411 = ADVANCED_FACE('',(#16412),#16423,.F.);
#16412 = FACE_BOUND('',#16413,.F.);
#16413 = EDGE_LOOP('',(#16414,#16415,#16421,#16422));
#16414 = ORIENTED_EDGE('',*,*,#14689,.F.);
#16415 = ORIENTED_EDGE('',*,*,#16416,.F.);
#16416 = EDGE_CURVE('',#13319,#14690,#16417,.T.);
#16417 = LINE('',#16418,#16419);
#16418 = CARTESIAN_POINT('',(-39.67615460267,-2.,19.88513436163));
#16419 = VECTOR('',#16420,1.);
#16420 = DIRECTION('',(0.,1.,0.));
#16421 = ORIENTED_EDGE('',*,*,#13318,.T.);
#16422 = ORIENTED_EDGE('',*,*,#16416,.T.);
#16423 = CYLINDRICAL_SURFACE('',#16424,1.7);
#16424 = AXIS2_PLACEMENT_3D('',#16425,#16426,#16427);
#16425 = CARTESIAN_POINT('',(-39.67615460267,-2.,18.18513436163));
#16426 = DIRECTION('',(0.,1.,0.));
#16427 = DIRECTION('',(0.,-0.,1.));
#16428 = ADVANCED_FACE('',(#16429),#16440,.F.);
#16429 = FACE_BOUND('',#16430,.F.);
#16430 = EDGE_LOOP('',(#16431,#16432,#16438,#16439));
#16431 = ORIENTED_EDGE('',*,*,#14700,.F.);
#16432 = ORIENTED_EDGE('',*,*,#16433,.F.);
#16433 = EDGE_CURVE('',#13330,#14701,#16434,.T.);
#16434 = LINE('',#16435,#16436);
#16435 = CARTESIAN_POINT('',(-42.20654377803,-2.,24.063276539898));
#16436 = VECTOR('',#16437,1.);
#16437 = DIRECTION('',(0.,1.,0.));
#16438 = ORIENTED_EDGE('',*,*,#13329,.T.);
#16439 = ORIENTED_EDGE('',*,*,#16433,.T.);
#16440 = CYLINDRICAL_SURFACE('',#16441,1.7);
#16441 = AXIS2_PLACEMENT_3D('',#16442,#16443,#16444);
#16442 = CARTESIAN_POINT('',(-42.20654377803,-2.,22.363276539898));
#16443 = DIRECTION('',(0.,1.,0.));
#16444 = DIRECTION('',(0.,-0.,1.));
#16445 = ADVANCED_FACE('',(#16446),#16457,.F.);
#16446 = FACE_BOUND('',#16447,.F.);
#16447 = EDGE_LOOP('',(#16448,#16449,#16455,#16456));
#16448 = ORIENTED_EDGE('',*,*,#14711,.F.);
#16449 = ORIENTED_EDGE('',*,*,#16450,.F.);
#16450 = EDGE_CURVE('',#13341,#14712,#16451,.T.);
#16451 = LINE('',#16452,#16453);
#16452 = CARTESIAN_POINT('',(-38.09415469632,-2.,23.614629223385));
#16453 = VECTOR('',#16454,1.);
#16454 = DIRECTION('',(0.,1.,0.));
#16455 = ORIENTED_EDGE('',*,*,#13340,.T.);
#16456 = ORIENTED_EDGE('',*,*,#16450,.T.);
#16457 = CYLINDRICAL_SURFACE('',#16458,1.7);
#16458 = AXIS2_PLACEMENT_3D('',#16459,#16460,#16461);
#16459 = CARTESIAN_POINT('',(-38.09415469632,-2.,21.914629223385));
#16460 = DIRECTION('',(0.,1.,0.));
#16461 = DIRECTION('',(0.,-0.,1.));
#16462 = ADVANCED_FACE('',(#16463),#16474,.F.);
#16463 = FACE_BOUND('',#16464,.F.);
#16464 = EDGE_LOOP('',(#16465,#16466,#16472,#16473));
#16465 = ORIENTED_EDGE('',*,*,#14722,.F.);
#16466 = ORIENTED_EDGE('',*,*,#16467,.F.);
#16467 = EDGE_CURVE('',#13352,#14723,#16468,.T.);
#16468 = LINE('',#16469,#16470);
#16469 = CARTESIAN_POINT('',(-40.0424981379,-2.,26.921894964591));
#16470 = VECTOR('',#16471,1.);
#16471 = DIRECTION('',(0.,1.,0.));
#16472 = ORIENTED_EDGE('',*,*,#13351,.T.);
#16473 = ORIENTED_EDGE('',*,*,#16467,.T.);
#16474 = CYLINDRICAL_SURFACE('',#16475,1.3);
#16475 = AXIS2_PLACEMENT_3D('',#16476,#16477,#16478);
#16476 = CARTESIAN_POINT('',(-40.0424981379,-2.,25.621894964591));
#16477 = DIRECTION('',(0.,1.,0.));
#16478 = DIRECTION('',(0.,-0.,1.));
#16479 = ADVANCED_FACE('',(#16480),#16491,.F.);
#16480 = FACE_BOUND('',#16481,.F.);
#16481 = EDGE_LOOP('',(#16482,#16483,#16489,#16490));
#16482 = ORIENTED_EDGE('',*,*,#14733,.F.);
#16483 = ORIENTED_EDGE('',*,*,#16484,.F.);
#16484 = EDGE_CURVE('',#13363,#14734,#16485,.T.);
#16485 = LINE('',#16486,#16487);
#16486 = CARTESIAN_POINT('',(-32.54666383121,-2.,23.903872177929));
#16487 = VECTOR('',#16488,1.);
#16488 = DIRECTION('',(0.,1.,0.));
#16489 = ORIENTED_EDGE('',*,*,#13362,.T.);
#16490 = ORIENTED_EDGE('',*,*,#16484,.T.);
#16491 = CYLINDRICAL_SURFACE('',#16492,1.3);
#16492 = AXIS2_PLACEMENT_3D('',#16493,#16494,#16495);
#16493 = CARTESIAN_POINT('',(-32.54666383121,-2.,22.603872177929));
#16494 = DIRECTION('',(0.,1.,0.));
#16495 = DIRECTION('',(0.,-0.,1.));
#16496 = ADVANCED_FACE('',(#16497),#16508,.F.);
#16497 = FACE_BOUND('',#16498,.F.);
#16498 = EDGE_LOOP('',(#16499,#16500,#16506,#16507));
#16499 = ORIENTED_EDGE('',*,*,#14744,.F.);
#16500 = ORIENTED_EDGE('',*,*,#16501,.F.);
#16501 = EDGE_CURVE('',#13374,#14745,#16502,.T.);
#16502 = LINE('',#16503,#16504);
#16503 = CARTESIAN_POINT('',(-21.34528067161,-2.,22.940837072361));
#16504 = VECTOR('',#16505,1.);
#16505 = DIRECTION('',(0.,1.,0.));
#16506 = ORIENTED_EDGE('',*,*,#13373,.T.);
#16507 = ORIENTED_EDGE('',*,*,#16501,.T.);
#16508 = CYLINDRICAL_SURFACE('',#16509,0.9);
#16509 = AXIS2_PLACEMENT_3D('',#16510,#16511,#16512);
#16510 = CARTESIAN_POINT('',(-21.34528067161,-2.,22.040837072361));
#16511 = DIRECTION('',(0.,1.,0.));
#16512 = DIRECTION('',(0.,-0.,1.));
#16513 = ADVANCED_FACE('',(#16514),#16525,.F.);
#16514 = FACE_BOUND('',#16515,.F.);
#16515 = EDGE_LOOP('',(#16516,#16517,#16523,#16524));
#16516 = ORIENTED_EDGE('',*,*,#14755,.F.);
#16517 = ORIENTED_EDGE('',*,*,#16518,.F.);
#16518 = EDGE_CURVE('',#13385,#14756,#16519,.T.);
#16519 = LINE('',#16520,#16521);
#16520 = CARTESIAN_POINT('',(-14.33896923017,-2.,24.397735402298));
#16521 = VECTOR('',#16522,1.);
#16522 = DIRECTION('',(0.,1.,0.));
#16523 = ORIENTED_EDGE('',*,*,#13384,.T.);
#16524 = ORIENTED_EDGE('',*,*,#16518,.T.);
#16525 = CYLINDRICAL_SURFACE('',#16526,0.9);
#16526 = AXIS2_PLACEMENT_3D('',#16527,#16528,#16529);
#16527 = CARTESIAN_POINT('',(-14.33896923017,-2.,23.497735402298));
#16528 = DIRECTION('',(0.,1.,0.));
#16529 = DIRECTION('',(0.,-0.,1.));
#16530 = ADVANCED_FACE('',(#16531),#16542,.F.);
#16531 = FACE_BOUND('',#16532,.F.);
#16532 = EDGE_LOOP('',(#16533,#16534,#16540,#16541));
#16533 = ORIENTED_EDGE('',*,*,#14766,.F.);
#16534 = ORIENTED_EDGE('',*,*,#16535,.F.);
#16535 = EDGE_CURVE('',#13396,#14767,#16536,.T.);
#16536 = LINE('',#16537,#16538);
#16537 = CARTESIAN_POINT('',(-45.14091898099,-2.,27.536627891208));
#16538 = VECTOR('',#16539,1.);
#16539 = DIRECTION('',(0.,1.,0.));
#16540 = ORIENTED_EDGE('',*,*,#13395,.T.);
#16541 = ORIENTED_EDGE('',*,*,#16535,.T.);
#16542 = CYLINDRICAL_SURFACE('',#16543,1.3);
#16543 = AXIS2_PLACEMENT_3D('',#16544,#16545,#16546);
#16544 = CARTESIAN_POINT('',(-45.14091898099,-2.,26.236627891208));
#16545 = DIRECTION('',(0.,1.,0.));
#16546 = DIRECTION('',(0.,-0.,1.));
#16547 = ADVANCED_FACE('',(#16548),#16559,.F.);
#16548 = FACE_BOUND('',#16549,.F.);
#16549 = EDGE_LOOP('',(#16550,#16551,#16557,#16558));
#16550 = ORIENTED_EDGE('',*,*,#14777,.F.);
#16551 = ORIENTED_EDGE('',*,*,#16552,.F.);
#16552 = EDGE_CURVE('',#13407,#14778,#16553,.T.);
#16553 = LINE('',#16554,#16555);
#16554 = CARTESIAN_POINT('',(-35.22991066399,-2.,27.515946812139));
#16555 = VECTOR('',#16556,1.);
#16556 = DIRECTION('',(0.,1.,0.));
#16557 = ORIENTED_EDGE('',*,*,#13406,.T.);
#16558 = ORIENTED_EDGE('',*,*,#16552,.T.);
#16559 = CYLINDRICAL_SURFACE('',#16560,1.3);
#16560 = AXIS2_PLACEMENT_3D('',#16561,#16562,#16563);
#16561 = CARTESIAN_POINT('',(-35.22991066399,-2.,26.215946812139));
#16562 = DIRECTION('',(0.,1.,0.));
#16563 = DIRECTION('',(0.,-0.,1.));
#16564 = ADVANCED_FACE('',(#16565),#16576,.F.);
#16565 = FACE_BOUND('',#16566,.F.);
#16566 = EDGE_LOOP('',(#16567,#16568,#16574,#16575));
#16567 = ORIENTED_EDGE('',*,*,#14788,.F.);
#16568 = ORIENTED_EDGE('',*,*,#16569,.F.);
#16569 = EDGE_CURVE('',#13418,#14789,#16570,.T.);
#16570 = LINE('',#16571,#16572);
#16571 = CARTESIAN_POINT('',(-30.50247894437,-2.,27.764007484828));
#16572 = VECTOR('',#16573,1.);
#16573 = DIRECTION('',(0.,1.,0.));
#16574 = ORIENTED_EDGE('',*,*,#13417,.T.);
#16575 = ORIENTED_EDGE('',*,*,#16569,.T.);
#16576 = CYLINDRICAL_SURFACE('',#16577,1.7);
#16577 = AXIS2_PLACEMENT_3D('',#16578,#16579,#16580);
#16578 = CARTESIAN_POINT('',(-30.50247894437,-2.,26.064007484828));
#16579 = DIRECTION('',(0.,1.,0.));
#16580 = DIRECTION('',(0.,-0.,1.));
#16581 = ADVANCED_FACE('',(#16582),#16593,.F.);
#16582 = FACE_BOUND('',#16583,.F.);
#16583 = EDGE_LOOP('',(#16584,#16585,#16591,#16592));
#16584 = ORIENTED_EDGE('',*,*,#14799,.F.);
#16585 = ORIENTED_EDGE('',*,*,#16586,.F.);
#16586 = EDGE_CURVE('',#13429,#14800,#16587,.T.);
#16587 = LINE('',#16588,#16589);
#16588 = CARTESIAN_POINT('',(-33.31836914661,-2.,31.049846638471));
#16589 = VECTOR('',#16590,1.);
#16590 = DIRECTION('',(0.,1.,0.));
#16591 = ORIENTED_EDGE('',*,*,#13428,.T.);
#16592 = ORIENTED_EDGE('',*,*,#16586,.T.);
#16593 = CYLINDRICAL_SURFACE('',#16594,1.3);
#16594 = AXIS2_PLACEMENT_3D('',#16595,#16596,#16597);
#16595 = CARTESIAN_POINT('',(-33.31836914661,-2.,29.749846638471));
#16596 = DIRECTION('',(0.,1.,0.));
#16597 = DIRECTION('',(0.,-0.,1.));
#16598 = ADVANCED_FACE('',(#16599),#16610,.F.);
#16599 = FACE_BOUND('',#16600,.F.);
#16600 = EDGE_LOOP('',(#16601,#16602,#16608,#16609));
#16601 = ORIENTED_EDGE('',*,*,#14810,.F.);
#16602 = ORIENTED_EDGE('',*,*,#16603,.F.);
#16603 = EDGE_CURVE('',#13440,#14811,#16604,.T.);
#16604 = LINE('',#16605,#16606);
#16605 = CARTESIAN_POINT('',(-27.92371837857,-2.,31.766493765119));
#16606 = VECTOR('',#16607,1.);
#16607 = DIRECTION('',(0.,1.,0.));
#16608 = ORIENTED_EDGE('',*,*,#13439,.T.);
#16609 = ORIENTED_EDGE('',*,*,#16603,.T.);
#16610 = CYLINDRICAL_SURFACE('',#16611,1.7);
#16611 = AXIS2_PLACEMENT_3D('',#16612,#16613,#16614);
#16612 = CARTESIAN_POINT('',(-27.92371837857,-2.,30.066493765119));
#16613 = DIRECTION('',(0.,1.,0.));
#16614 = DIRECTION('',(0.,-0.,1.));
#16615 = ADVANCED_FACE('',(#16616),#16627,.F.);
#16616 = FACE_BOUND('',#16617,.F.);
#16617 = EDGE_LOOP('',(#16618,#16619,#16625,#16626));
#16618 = ORIENTED_EDGE('',*,*,#14821,.F.);
#16619 = ORIENTED_EDGE('',*,*,#16620,.F.);
#16620 = EDGE_CURVE('',#13451,#14822,#16621,.T.);
#16621 = LINE('',#16622,#16623);
#16622 = CARTESIAN_POINT('',(-42.2420181257,-2.,32.193777406591));
#16623 = VECTOR('',#16624,1.);
#16624 = DIRECTION('',(0.,1.,0.));
#16625 = ORIENTED_EDGE('',*,*,#13450,.T.);
#16626 = ORIENTED_EDGE('',*,*,#16620,.T.);
#16627 = CYLINDRICAL_SURFACE('',#16628,1.3);
#16628 = AXIS2_PLACEMENT_3D('',#16629,#16630,#16631);
#16629 = CARTESIAN_POINT('',(-42.2420181257,-2.,30.893777406591));
#16630 = DIRECTION('',(0.,1.,0.));
#16631 = DIRECTION('',(0.,-0.,1.));
#16632 = ADVANCED_FACE('',(#16633),#16644,.F.);
#16633 = FACE_BOUND('',#16634,.F.);
#16634 = EDGE_LOOP('',(#16635,#16636,#16642,#16643));
#16635 = ORIENTED_EDGE('',*,*,#14832,.F.);
#16636 = ORIENTED_EDGE('',*,*,#16637,.F.);
#16637 = EDGE_CURVE('',#13462,#14833,#16638,.T.);
#16638 = LINE('',#16639,#16640);
#16639 = CARTESIAN_POINT('',(-38.26697327794,-2.,31.523111529825));
#16640 = VECTOR('',#16641,1.);
#16641 = DIRECTION('',(0.,1.,0.));
#16642 = ORIENTED_EDGE('',*,*,#13461,.T.);
#16643 = ORIENTED_EDGE('',*,*,#16637,.T.);
#16644 = CYLINDRICAL_SURFACE('',#16645,0.9);
#16645 = AXIS2_PLACEMENT_3D('',#16646,#16647,#16648);
#16646 = CARTESIAN_POINT('',(-38.26697327794,-2.,30.623111529825));
#16647 = DIRECTION('',(0.,1.,0.));
#16648 = DIRECTION('',(0.,-0.,1.));
#16649 = ADVANCED_FACE('',(#16650),#16661,.F.);
#16650 = FACE_BOUND('',#16651,.F.);
#16651 = EDGE_LOOP('',(#16652,#16653,#16659,#16660));
#16652 = ORIENTED_EDGE('',*,*,#14843,.F.);
#16653 = ORIENTED_EDGE('',*,*,#16654,.F.);
#16654 = EDGE_CURVE('',#13473,#14844,#16655,.T.);
#16655 = LINE('',#16656,#16657);
#16656 = CARTESIAN_POINT('',(-40.53620995292,-2.,36.126134816057));
#16657 = VECTOR('',#16658,1.);
#16658 = DIRECTION('',(0.,1.,0.));
#16659 = ORIENTED_EDGE('',*,*,#13472,.T.);
#16660 = ORIENTED_EDGE('',*,*,#16654,.T.);
#16661 = CYLINDRICAL_SURFACE('',#16662,1.7);
#16662 = AXIS2_PLACEMENT_3D('',#16663,#16664,#16665);
#16663 = CARTESIAN_POINT('',(-40.53620995292,-2.,34.426134816057));
#16664 = DIRECTION('',(0.,1.,0.));
#16665 = DIRECTION('',(0.,-0.,1.));
#16666 = ADVANCED_FACE('',(#16667),#16678,.F.);
#16667 = FACE_BOUND('',#16668,.F.);
#16668 = EDGE_LOOP('',(#16669,#16670,#16676,#16677));
#16669 = ORIENTED_EDGE('',*,*,#14854,.F.);
#16670 = ORIENTED_EDGE('',*,*,#16671,.F.);
#16671 = EDGE_CURVE('',#13484,#14855,#16672,.T.);
#16672 = LINE('',#16673,#16674);
#16673 = CARTESIAN_POINT('',(-35.29697108257,-2.,35.733820577468));
#16674 = VECTOR('',#16675,1.);
#16675 = DIRECTION('',(0.,1.,0.));
#16676 = ORIENTED_EDGE('',*,*,#13483,.T.);
#16677 = ORIENTED_EDGE('',*,*,#16671,.T.);
#16678 = CYLINDRICAL_SURFACE('',#16679,0.9);
#16679 = AXIS2_PLACEMENT_3D('',#16680,#16681,#16682);
#16680 = CARTESIAN_POINT('',(-35.29697108257,-2.,34.833820577468));
#16681 = DIRECTION('',(0.,1.,0.));
#16682 = DIRECTION('',(0.,-0.,1.));
#16683 = ADVANCED_FACE('',(#16684),#16695,.F.);
#16684 = FACE_BOUND('',#16685,.F.);
#16685 = EDGE_LOOP('',(#16686,#16687,#16693,#16694));
#16686 = ORIENTED_EDGE('',*,*,#14865,.F.);
#16687 = ORIENTED_EDGE('',*,*,#16688,.F.);
#16688 = EDGE_CURVE('',#13495,#14866,#16689,.T.);
#16689 = LINE('',#16690,#16691);
#16690 = CARTESIAN_POINT('',(-15.20869467027,-2.,27.980687059392));
#16691 = VECTOR('',#16692,1.);
#16692 = DIRECTION('',(0.,1.,0.));
#16693 = ORIENTED_EDGE('',*,*,#13494,.T.);
#16694 = ORIENTED_EDGE('',*,*,#16688,.T.);
#16695 = CYLINDRICAL_SURFACE('',#16696,0.9);
#16696 = AXIS2_PLACEMENT_3D('',#16697,#16698,#16699);
#16697 = CARTESIAN_POINT('',(-15.20869467027,-2.,27.080687059392));
#16698 = DIRECTION('',(0.,1.,0.));
#16699 = DIRECTION('',(0.,-0.,1.));
#16700 = ADVANCED_FACE('',(#16701),#16712,.F.);
#16701 = FACE_BOUND('',#16702,.F.);
#16702 = EDGE_LOOP('',(#16703,#16704,#16710,#16711));
#16703 = ORIENTED_EDGE('',*,*,#14876,.F.);
#16704 = ORIENTED_EDGE('',*,*,#16705,.F.);
#16705 = EDGE_CURVE('',#13506,#14877,#16706,.T.);
#16706 = LINE('',#16707,#16708);
#16707 = CARTESIAN_POINT('',(-4.33883808457,-2.,28.323720265049));
#16708 = VECTOR('',#16709,1.);
#16709 = DIRECTION('',(0.,1.,0.));
#16710 = ORIENTED_EDGE('',*,*,#13505,.T.);
#16711 = ORIENTED_EDGE('',*,*,#16705,.T.);
#16712 = CYLINDRICAL_SURFACE('',#16713,0.9);
#16713 = AXIS2_PLACEMENT_3D('',#16714,#16715,#16716);
#16714 = CARTESIAN_POINT('',(-4.33883808457,-2.,27.423720265049));
#16715 = DIRECTION('',(0.,1.,0.));
#16716 = DIRECTION('',(0.,-0.,1.));
#16717 = ADVANCED_FACE('',(#16718),#16729,.F.);
#16718 = FACE_BOUND('',#16719,.F.);
#16719 = EDGE_LOOP('',(#16720,#16721,#16727,#16728));
#16720 = ORIENTED_EDGE('',*,*,#14887,.F.);
#16721 = ORIENTED_EDGE('',*,*,#16722,.F.);
#16722 = EDGE_CURVE('',#13517,#14888,#16723,.T.);
#16723 = LINE('',#16724,#16725);
#16724 = CARTESIAN_POINT('',(-20.43563599626,-2.,35.703658400565));
#16725 = VECTOR('',#16726,1.);
#16726 = DIRECTION('',(0.,1.,0.));
#16727 = ORIENTED_EDGE('',*,*,#13516,.T.);
#16728 = ORIENTED_EDGE('',*,*,#16722,.T.);
#16729 = CYLINDRICAL_SURFACE('',#16730,1.3);
#16730 = AXIS2_PLACEMENT_3D('',#16731,#16732,#16733);
#16731 = CARTESIAN_POINT('',(-20.43563599626,-2.,34.403658400565));
#16732 = DIRECTION('',(0.,1.,0.));
#16733 = DIRECTION('',(0.,-0.,1.));
#16734 = ADVANCED_FACE('',(#16735),#16746,.F.);
#16735 = FACE_BOUND('',#16736,.F.);
#16736 = EDGE_LOOP('',(#16737,#16738,#16744,#16745));
#16737 = ORIENTED_EDGE('',*,*,#14898,.F.);
#16738 = ORIENTED_EDGE('',*,*,#16739,.F.);
#16739 = EDGE_CURVE('',#13528,#14899,#16740,.T.);
#16740 = LINE('',#16741,#16742);
#16741 = CARTESIAN_POINT('',(-14.68051027056,-2.,34.530979789357));
#16742 = VECTOR('',#16743,1.);
#16743 = DIRECTION('',(0.,1.,0.));
#16744 = ORIENTED_EDGE('',*,*,#13527,.T.);
#16745 = ORIENTED_EDGE('',*,*,#16739,.T.);
#16746 = CYLINDRICAL_SURFACE('',#16747,1.3);
#16747 = AXIS2_PLACEMENT_3D('',#16748,#16749,#16750);
#16748 = CARTESIAN_POINT('',(-14.68051027056,-2.,33.230979789357));
#16749 = DIRECTION('',(0.,1.,0.));
#16750 = DIRECTION('',(0.,-0.,1.));
#16751 = ADVANCED_FACE('',(#16752),#16763,.F.);
#16752 = FACE_BOUND('',#16753,.F.);
#16753 = EDGE_LOOP('',(#16754,#16755,#16761,#16762));
#16754 = ORIENTED_EDGE('',*,*,#14909,.F.);
#16755 = ORIENTED_EDGE('',*,*,#16756,.F.);
#16756 = EDGE_CURVE('',#13539,#14910,#16757,.T.);
#16757 = LINE('',#16758,#16759);
#16758 = CARTESIAN_POINT('',(8.574494032663,-2.,24.34393526546));
#16759 = VECTOR('',#16760,1.);
#16760 = DIRECTION('',(0.,1.,0.));
#16761 = ORIENTED_EDGE('',*,*,#13538,.T.);
#16762 = ORIENTED_EDGE('',*,*,#16756,.T.);
#16763 = CYLINDRICAL_SURFACE('',#16764,0.9);
#16764 = AXIS2_PLACEMENT_3D('',#16765,#16766,#16767);
#16765 = CARTESIAN_POINT('',(8.574494032663,-2.,23.44393526546));
#16766 = DIRECTION('',(0.,1.,0.));
#16767 = DIRECTION('',(0.,-0.,1.));
#16768 = ADVANCED_FACE('',(#16769),#16780,.F.);
#16769 = FACE_BOUND('',#16770,.F.);
#16770 = EDGE_LOOP('',(#16771,#16772,#16778,#16779));
#16771 = ORIENTED_EDGE('',*,*,#14920,.F.);
#16772 = ORIENTED_EDGE('',*,*,#16773,.F.);
#16773 = EDGE_CURVE('',#13550,#14921,#16774,.T.);
#16774 = LINE('',#16775,#16776);
#16775 = CARTESIAN_POINT('',(3.914886675364,-2.,28.228790281881));
#16776 = VECTOR('',#16777,1.);
#16777 = DIRECTION('',(0.,1.,0.));
#16778 = ORIENTED_EDGE('',*,*,#13549,.T.);
#16779 = ORIENTED_EDGE('',*,*,#16773,.T.);
#16780 = CYLINDRICAL_SURFACE('',#16781,0.9);
#16781 = AXIS2_PLACEMENT_3D('',#16782,#16783,#16784);
#16782 = CARTESIAN_POINT('',(3.914886675364,-2.,27.328790281881));
#16783 = DIRECTION('',(0.,1.,0.));
#16784 = DIRECTION('',(0.,-0.,1.));
#16785 = ADVANCED_FACE('',(#16786),#16797,.F.);
#16786 = FACE_BOUND('',#16787,.F.);
#16787 = EDGE_LOOP('',(#16788,#16789,#16795,#16796));
#16788 = ORIENTED_EDGE('',*,*,#14931,.F.);
#16789 = ORIENTED_EDGE('',*,*,#16790,.F.);
#16790 = EDGE_CURVE('',#13561,#14932,#16791,.T.);
#16791 = LINE('',#16792,#16793);
#16792 = CARTESIAN_POINT('',(8.551872744478,-2.,29.527171837051));
#16793 = VECTOR('',#16794,1.);
#16794 = DIRECTION('',(0.,1.,0.));
#16795 = ORIENTED_EDGE('',*,*,#13560,.T.);
#16796 = ORIENTED_EDGE('',*,*,#16790,.T.);
#16797 = CYLINDRICAL_SURFACE('',#16798,1.7);
#16798 = AXIS2_PLACEMENT_3D('',#16799,#16800,#16801);
#16799 = CARTESIAN_POINT('',(8.551872744478,-2.,27.827171837051));
#16800 = DIRECTION('',(0.,1.,0.));
#16801 = DIRECTION('',(0.,-0.,1.));
#16802 = ADVANCED_FACE('',(#16803),#16814,.F.);
#16803 = FACE_BOUND('',#16804,.F.);
#16804 = EDGE_LOOP('',(#16805,#16806,#16812,#16813));
#16805 = ORIENTED_EDGE('',*,*,#14942,.F.);
#16806 = ORIENTED_EDGE('',*,*,#16807,.F.);
#16807 = EDGE_CURVE('',#13572,#14943,#16808,.T.);
#16808 = LINE('',#16809,#16810);
#16809 = CARTESIAN_POINT('',(14.057526276386,-2.,28.661094717407));
#16810 = VECTOR('',#16811,1.);
#16811 = DIRECTION('',(0.,1.,0.));
#16812 = ORIENTED_EDGE('',*,*,#13571,.T.);
#16813 = ORIENTED_EDGE('',*,*,#16807,.T.);
#16814 = CYLINDRICAL_SURFACE('',#16815,0.9);
#16815 = AXIS2_PLACEMENT_3D('',#16816,#16817,#16818);
#16816 = CARTESIAN_POINT('',(14.057526276386,-2.,27.761094717407));
#16817 = DIRECTION('',(0.,1.,0.));
#16818 = DIRECTION('',(0.,-0.,1.));
#16819 = ADVANCED_FACE('',(#16820),#16831,.F.);
#16820 = FACE_BOUND('',#16821,.F.);
#16821 = EDGE_LOOP('',(#16822,#16823,#16829,#16830));
#16822 = ORIENTED_EDGE('',*,*,#14953,.F.);
#16823 = ORIENTED_EDGE('',*,*,#16824,.F.);
#16824 = EDGE_CURVE('',#13583,#14954,#16825,.T.);
#16825 = LINE('',#16826,#16827);
#16826 = CARTESIAN_POINT('',(9.824758176335,-2.,34.893426864828));
#16827 = VECTOR('',#16828,1.);
#16828 = DIRECTION('',(0.,1.,0.));
#16829 = ORIENTED_EDGE('',*,*,#13582,.T.);
#16830 = ORIENTED_EDGE('',*,*,#16824,.T.);
#16831 = CYLINDRICAL_SURFACE('',#16832,0.9);
#16832 = AXIS2_PLACEMENT_3D('',#16833,#16834,#16835);
#16833 = CARTESIAN_POINT('',(9.824758176335,-2.,33.993426864828));
#16834 = DIRECTION('',(0.,1.,0.));
#16835 = DIRECTION('',(0.,-0.,1.));
#16836 = ADVANCED_FACE('',(#16837),#16848,.F.);
#16837 = FACE_BOUND('',#16838,.F.);
#16838 = EDGE_LOOP('',(#16839,#16840,#16846,#16847));
#16839 = ORIENTED_EDGE('',*,*,#14964,.F.);
#16840 = ORIENTED_EDGE('',*,*,#16841,.F.);
#16841 = EDGE_CURVE('',#13594,#14965,#16842,.T.);
#16842 = LINE('',#16843,#16844);
#16843 = CARTESIAN_POINT('',(27.399149371244,-2.,31.077340697656));
#16844 = VECTOR('',#16845,1.);
#16845 = DIRECTION('',(0.,1.,0.));
#16846 = ORIENTED_EDGE('',*,*,#13593,.T.);
#16847 = ORIENTED_EDGE('',*,*,#16841,.T.);
#16848 = CYLINDRICAL_SURFACE('',#16849,1.7);
#16849 = AXIS2_PLACEMENT_3D('',#16850,#16851,#16852);
#16850 = CARTESIAN_POINT('',(27.399149371244,-2.,29.377340697656));
#16851 = DIRECTION('',(0.,1.,0.));
#16852 = DIRECTION('',(0.,-0.,1.));
#16853 = ADVANCED_FACE('',(#16854),#16865,.F.);
#16854 = FACE_BOUND('',#16855,.F.);
#16855 = EDGE_LOOP('',(#16856,#16857,#16863,#16864));
#16856 = ORIENTED_EDGE('',*,*,#14975,.F.);
#16857 = ORIENTED_EDGE('',*,*,#16858,.F.);
#16858 = EDGE_CURVE('',#13605,#14976,#16859,.T.);
#16859 = LINE('',#16860,#16861);
#16860 = CARTESIAN_POINT('',(38.66120741284,-2.,30.560496219243));
#16861 = VECTOR('',#16862,1.);
#16862 = DIRECTION('',(0.,1.,0.));
#16863 = ORIENTED_EDGE('',*,*,#13604,.T.);
#16864 = ORIENTED_EDGE('',*,*,#16858,.T.);
#16865 = CYLINDRICAL_SURFACE('',#16866,0.9);
#16866 = AXIS2_PLACEMENT_3D('',#16867,#16868,#16869);
#16867 = CARTESIAN_POINT('',(38.66120741284,-2.,29.660496219243));
#16868 = DIRECTION('',(0.,1.,0.));
#16869 = DIRECTION('',(0.,-0.,1.));
#16870 = ADVANCED_FACE('',(#16871),#16882,.F.);
#16871 = FACE_BOUND('',#16872,.F.);
#16872 = EDGE_LOOP('',(#16873,#16874,#16880,#16881));
#16873 = ORIENTED_EDGE('',*,*,#14986,.F.);
#16874 = ORIENTED_EDGE('',*,*,#16875,.F.);
#16875 = EDGE_CURVE('',#13616,#14987,#16876,.T.);
#16876 = LINE('',#16877,#16878);
#16877 = CARTESIAN_POINT('',(28.214002270414,-2.,35.117333218789));
#16878 = VECTOR('',#16879,1.);
#16879 = DIRECTION('',(0.,1.,0.));
#16880 = ORIENTED_EDGE('',*,*,#13615,.T.);
#16881 = ORIENTED_EDGE('',*,*,#16875,.T.);
#16882 = CYLINDRICAL_SURFACE('',#16883,1.3);
#16883 = AXIS2_PLACEMENT_3D('',#16884,#16885,#16886);
#16884 = CARTESIAN_POINT('',(28.214002270414,-2.,33.817333218789));
#16885 = DIRECTION('',(0.,1.,0.));
#16886 = DIRECTION('',(0.,-0.,1.));
#16887 = ADVANCED_FACE('',(#16888),#16899,.F.);
#16888 = FACE_BOUND('',#16889,.F.);
#16889 = EDGE_LOOP('',(#16890,#16891,#16897,#16898));
#16890 = ORIENTED_EDGE('',*,*,#14997,.F.);
#16891 = ORIENTED_EDGE('',*,*,#16892,.F.);
#16892 = EDGE_CURVE('',#13627,#14998,#16893,.T.);
#16893 = LINE('',#16894,#16895);
#16894 = CARTESIAN_POINT('',(-45.12810294204,-2.,36.630711101771));
#16895 = VECTOR('',#16896,1.);
#16896 = DIRECTION('',(0.,1.,0.));
#16897 = ORIENTED_EDGE('',*,*,#13626,.T.);
#16898 = ORIENTED_EDGE('',*,*,#16892,.T.);
#16899 = CYLINDRICAL_SURFACE('',#16900,1.7);
#16900 = AXIS2_PLACEMENT_3D('',#16901,#16902,#16903);
#16901 = CARTESIAN_POINT('',(-45.12810294204,-2.,34.930711101771));
#16902 = DIRECTION('',(0.,1.,0.));
#16903 = DIRECTION('',(0.,-0.,1.));
#16904 = ADVANCED_FACE('',(#16905),#16916,.F.);
#16905 = FACE_BOUND('',#16906,.F.);
#16906 = EDGE_LOOP('',(#16907,#16908,#16914,#16915));
#16907 = ORIENTED_EDGE('',*,*,#15008,.F.);
#16908 = ORIENTED_EDGE('',*,*,#16909,.F.);
#16909 = EDGE_CURVE('',#13638,#15009,#16910,.T.);
#16910 = LINE('',#16911,#16912);
#16911 = CARTESIAN_POINT('',(-42.03570910329,-2.,39.552186465245));
#16912 = VECTOR('',#16913,1.);
#16913 = DIRECTION('',(0.,1.,0.));
#16914 = ORIENTED_EDGE('',*,*,#13637,.T.);
#16915 = ORIENTED_EDGE('',*,*,#16909,.T.);
#16916 = CYLINDRICAL_SURFACE('',#16917,1.3);
#16917 = AXIS2_PLACEMENT_3D('',#16918,#16919,#16920);
#16918 = CARTESIAN_POINT('',(-42.03570910329,-2.,38.252186465245));
#16919 = DIRECTION('',(0.,1.,0.));
#16920 = DIRECTION('',(0.,-0.,1.));
#16921 = ADVANCED_FACE('',(#16922),#16933,.F.);
#16922 = FACE_BOUND('',#16923,.F.);
#16923 = EDGE_LOOP('',(#16924,#16925,#16931,#16932));
#16924 = ORIENTED_EDGE('',*,*,#15019,.F.);
#16925 = ORIENTED_EDGE('',*,*,#16926,.F.);
#16926 = EDGE_CURVE('',#13649,#15020,#16927,.T.);
#16927 = LINE('',#16928,#16929);
#16928 = CARTESIAN_POINT('',(-37.77922757037,-2.,39.95756890664));
#16929 = VECTOR('',#16930,1.);
#16930 = DIRECTION('',(0.,1.,0.));
#16931 = ORIENTED_EDGE('',*,*,#13648,.T.);
#16932 = ORIENTED_EDGE('',*,*,#16926,.T.);
#16933 = CYLINDRICAL_SURFACE('',#16934,1.3);
#16934 = AXIS2_PLACEMENT_3D('',#16935,#16936,#16937);
#16935 = CARTESIAN_POINT('',(-37.77922757037,-2.,38.65756890664));
#16936 = DIRECTION('',(0.,1.,0.));
#16937 = DIRECTION('',(0.,-0.,1.));
#16938 = ADVANCED_FACE('',(#16939),#16950,.F.);
#16939 = FACE_BOUND('',#16940,.F.);
#16940 = EDGE_LOOP('',(#16941,#16942,#16948,#16949));
#16941 = ORIENTED_EDGE('',*,*,#15030,.F.);
#16942 = ORIENTED_EDGE('',*,*,#16943,.F.);
#16943 = EDGE_CURVE('',#13660,#15031,#16944,.T.);
#16944 = LINE('',#16945,#16946);
#16945 = CARTESIAN_POINT('',(-31.16914594438,-2.,36.244977342688));
#16946 = VECTOR('',#16947,1.);
#16947 = DIRECTION('',(0.,1.,0.));
#16948 = ORIENTED_EDGE('',*,*,#13659,.T.);
#16949 = ORIENTED_EDGE('',*,*,#16943,.T.);
#16950 = CYLINDRICAL_SURFACE('',#16951,1.3);
#16951 = AXIS2_PLACEMENT_3D('',#16952,#16953,#16954);
#16952 = CARTESIAN_POINT('',(-31.16914594438,-2.,34.944977342688));
#16953 = DIRECTION('',(0.,1.,0.));
#16954 = DIRECTION('',(0.,-0.,1.));
#16955 = ADVANCED_FACE('',(#16956),#16967,.F.);
#16956 = FACE_BOUND('',#16957,.F.);
#16957 = EDGE_LOOP('',(#16958,#16959,#16965,#16966));
#16958 = ORIENTED_EDGE('',*,*,#15041,.F.);
#16959 = ORIENTED_EDGE('',*,*,#16960,.F.);
#16960 = EDGE_CURVE('',#13671,#15042,#16961,.T.);
#16961 = LINE('',#16962,#16963);
#16962 = CARTESIAN_POINT('',(-33.25665507961,-2.,39.910065069578));
#16963 = VECTOR('',#16964,1.);
#16964 = DIRECTION('',(0.,1.,0.));
#16965 = ORIENTED_EDGE('',*,*,#13670,.T.);
#16966 = ORIENTED_EDGE('',*,*,#16960,.T.);
#16967 = CYLINDRICAL_SURFACE('',#16968,1.3);
#16968 = AXIS2_PLACEMENT_3D('',#16969,#16970,#16971);
#16969 = CARTESIAN_POINT('',(-33.25665507961,-2.,38.610065069578));
#16970 = DIRECTION('',(0.,1.,0.));
#16971 = DIRECTION('',(0.,-0.,1.));
#16972 = ADVANCED_FACE('',(#16973),#16984,.F.);
#16973 = FACE_BOUND('',#16974,.F.);
#16974 = EDGE_LOOP('',(#16975,#16976,#16982,#16983));
#16975 = ORIENTED_EDGE('',*,*,#15052,.F.);
#16976 = ORIENTED_EDGE('',*,*,#16977,.F.);
#16977 = EDGE_CURVE('',#13682,#15053,#16978,.T.);
#16978 = LINE('',#16979,#16980);
#16979 = CARTESIAN_POINT('',(-28.61966363171,-2.,40.80083853635));
#16980 = VECTOR('',#16981,1.);
#16981 = DIRECTION('',(0.,1.,0.));
#16982 = ORIENTED_EDGE('',*,*,#13681,.T.);
#16983 = ORIENTED_EDGE('',*,*,#16977,.T.);
#16984 = CYLINDRICAL_SURFACE('',#16985,1.7);
#16985 = AXIS2_PLACEMENT_3D('',#16986,#16987,#16988);
#16986 = CARTESIAN_POINT('',(-28.61966363171,-2.,39.10083853635));
#16987 = DIRECTION('',(0.,1.,0.));
#16988 = DIRECTION('',(0.,-0.,1.));
#16989 = ADVANCED_FACE('',(#16990),#17001,.F.);
#16990 = FACE_BOUND('',#16991,.F.);
#16991 = EDGE_LOOP('',(#16992,#16993,#16999,#17000));
#16992 = ORIENTED_EDGE('',*,*,#15063,.F.);
#16993 = ORIENTED_EDGE('',*,*,#16994,.F.);
#16994 = EDGE_CURVE('',#13693,#15064,#16995,.T.);
#16995 = LINE('',#16996,#16997);
#16996 = CARTESIAN_POINT('',(-44.93465927941,-2.,44.924759681749));
#16997 = VECTOR('',#16998,1.);
#16998 = DIRECTION('',(0.,1.,0.));
#16999 = ORIENTED_EDGE('',*,*,#13692,.T.);
#17000 = ORIENTED_EDGE('',*,*,#16994,.T.);
#17001 = CYLINDRICAL_SURFACE('',#17002,1.7);
#17002 = AXIS2_PLACEMENT_3D('',#17003,#17004,#17005);
#17003 = CARTESIAN_POINT('',(-44.93465927941,-2.,43.224759681749));
#17004 = DIRECTION('',(0.,1.,0.));
#17005 = DIRECTION('',(0.,-0.,1.));
#17006 = ADVANCED_FACE('',(#17007),#17018,.F.);
#17007 = FACE_BOUND('',#17008,.F.);
#17008 = EDGE_LOOP('',(#17009,#17010,#17016,#17017));
#17009 = ORIENTED_EDGE('',*,*,#15074,.F.);
#17010 = ORIENTED_EDGE('',*,*,#17011,.F.);
#17011 = EDGE_CURVE('',#13704,#15075,#17012,.T.);
#17012 = LINE('',#17013,#17014);
#17013 = CARTESIAN_POINT('',(-39.83088542367,-2.,44.225863027005));
#17014 = VECTOR('',#17015,1.);
#17015 = DIRECTION('',(0.,1.,0.));
#17016 = ORIENTED_EDGE('',*,*,#13703,.T.);
#17017 = ORIENTED_EDGE('',*,*,#17011,.T.);
#17018 = CYLINDRICAL_SURFACE('',#17019,1.3);
#17019 = AXIS2_PLACEMENT_3D('',#17020,#17021,#17022);
#17020 = CARTESIAN_POINT('',(-39.83088542367,-2.,42.925863027005));
#17021 = DIRECTION('',(0.,1.,0.));
#17022 = DIRECTION('',(0.,-0.,1.));
#17023 = ADVANCED_FACE('',(#17024),#17035,.F.);
#17024 = FACE_BOUND('',#17025,.F.);
#17025 = EDGE_LOOP('',(#17026,#17027,#17033,#17034));
#17026 = ORIENTED_EDGE('',*,*,#15085,.F.);
#17027 = ORIENTED_EDGE('',*,*,#17028,.F.);
#17028 = EDGE_CURVE('',#13715,#15086,#17029,.T.);
#17029 = LINE('',#17030,#17031);
#17030 = CARTESIAN_POINT('',(-34.91844100431,-2.,44.742825356656));
#17031 = VECTOR('',#17032,1.);
#17032 = DIRECTION('',(0.,1.,0.));
#17033 = ORIENTED_EDGE('',*,*,#13714,.T.);
#17034 = ORIENTED_EDGE('',*,*,#17028,.T.);
#17035 = CYLINDRICAL_SURFACE('',#17036,1.7);
#17036 = AXIS2_PLACEMENT_3D('',#17037,#17038,#17039);
#17037 = CARTESIAN_POINT('',(-34.91844100431,-2.,43.042825356656));
#17038 = DIRECTION('',(0.,1.,0.));
#17039 = DIRECTION('',(0.,-0.,1.));
#17040 = ADVANCED_FACE('',(#17041),#17052,.F.);
#17041 = FACE_BOUND('',#17042,.F.);
#17042 = EDGE_LOOP('',(#17043,#17044,#17050,#17051));
#17043 = ORIENTED_EDGE('',*,*,#15096,.F.);
#17044 = ORIENTED_EDGE('',*,*,#17045,.F.);
#17045 = EDGE_CURVE('',#13726,#15097,#17046,.T.);
#17046 = LINE('',#17047,#17048);
#17047 = CARTESIAN_POINT('',(-30.87929965702,-2.,43.541172845641));
#17048 = VECTOR('',#17049,1.);
#17049 = DIRECTION('',(0.,1.,0.));
#17050 = ORIENTED_EDGE('',*,*,#13725,.T.);
#17051 = ORIENTED_EDGE('',*,*,#17045,.T.);
#17052 = CYLINDRICAL_SURFACE('',#17053,1.3);
#17053 = AXIS2_PLACEMENT_3D('',#17054,#17055,#17056);
#17054 = CARTESIAN_POINT('',(-30.87929965702,-2.,42.241172845641));
#17055 = DIRECTION('',(0.,1.,0.));
#17056 = DIRECTION('',(0.,-0.,1.));
#17057 = ADVANCED_FACE('',(#17058),#17069,.F.);
#17058 = FACE_BOUND('',#17059,.F.);
#17059 = EDGE_LOOP('',(#17060,#17061,#17067,#17068));
#17060 = ORIENTED_EDGE('',*,*,#15107,.F.);
#17061 = ORIENTED_EDGE('',*,*,#17062,.F.);
#17062 = EDGE_CURVE('',#13737,#15108,#17063,.T.);
#17063 = LINE('',#17064,#17065);
#17064 = CARTESIAN_POINT('',(-19.55226901651,-2.,40.037643100792));
#17065 = VECTOR('',#17066,1.);
#17066 = DIRECTION('',(0.,1.,0.));
#17067 = ORIENTED_EDGE('',*,*,#13736,.T.);
#17068 = ORIENTED_EDGE('',*,*,#17062,.T.);
#17069 = CYLINDRICAL_SURFACE('',#17070,0.9);
#17070 = AXIS2_PLACEMENT_3D('',#17071,#17072,#17073);
#17071 = CARTESIAN_POINT('',(-19.55226901651,-2.,39.137643100792));
#17072 = DIRECTION('',(0.,1.,0.));
#17073 = DIRECTION('',(0.,-0.,1.));
#17074 = ADVANCED_FACE('',(#17075),#17086,.F.);
#17075 = FACE_BOUND('',#17076,.F.);
#17076 = EDGE_LOOP('',(#17077,#17078,#17084,#17085));
#17077 = ORIENTED_EDGE('',*,*,#15118,.F.);
#17078 = ORIENTED_EDGE('',*,*,#17079,.F.);
#17079 = EDGE_CURVE('',#13748,#15119,#17080,.T.);
#17080 = LINE('',#17081,#17082);
#17081 = CARTESIAN_POINT('',(-8.897738880073,-2.,37.022699683233));
#17082 = VECTOR('',#17083,1.);
#17083 = DIRECTION('',(0.,1.,0.));
#17084 = ORIENTED_EDGE('',*,*,#13747,.T.);
#17085 = ORIENTED_EDGE('',*,*,#17079,.T.);
#17086 = CYLINDRICAL_SURFACE('',#17087,1.3);
#17087 = AXIS2_PLACEMENT_3D('',#17088,#17089,#17090);
#17088 = CARTESIAN_POINT('',(-8.897738880073,-2.,35.722699683233));
#17089 = DIRECTION('',(0.,1.,0.));
#17090 = DIRECTION('',(0.,-0.,1.));
#17091 = ADVANCED_FACE('',(#17092),#17103,.F.);
#17092 = FACE_BOUND('',#17093,.F.);
#17093 = EDGE_LOOP('',(#17094,#17095,#17101,#17102));
#17094 = ORIENTED_EDGE('',*,*,#15129,.F.);
#17095 = ORIENTED_EDGE('',*,*,#17096,.F.);
#17096 = EDGE_CURVE('',#13759,#15130,#17097,.T.);
#17097 = LINE('',#17098,#17099);
#17098 = CARTESIAN_POINT('',(-14.64200038198,-2.,40.423137680548));
#17099 = VECTOR('',#17100,1.);
#17100 = DIRECTION('',(0.,1.,0.));
#17101 = ORIENTED_EDGE('',*,*,#13758,.T.);
#17102 = ORIENTED_EDGE('',*,*,#17096,.T.);
#17103 = CYLINDRICAL_SURFACE('',#17104,0.9);
#17104 = AXIS2_PLACEMENT_3D('',#17105,#17106,#17107);
#17105 = CARTESIAN_POINT('',(-14.64200038198,-2.,39.523137680548));
#17106 = DIRECTION('',(0.,1.,0.));
#17107 = DIRECTION('',(0.,-0.,1.));
#17108 = ADVANCED_FACE('',(#17109),#17120,.F.);
#17109 = FACE_BOUND('',#17110,.F.);
#17110 = EDGE_LOOP('',(#17111,#17112,#17118,#17119));
#17111 = ORIENTED_EDGE('',*,*,#15140,.F.);
#17112 = ORIENTED_EDGE('',*,*,#17113,.F.);
#17113 = EDGE_CURVE('',#13770,#15141,#17114,.T.);
#17114 = LINE('',#17115,#17116);
#17115 = CARTESIAN_POINT('',(-7.525692105992,-2.,41.929117825129));
#17116 = VECTOR('',#17117,1.);
#17117 = DIRECTION('',(0.,1.,0.));
#17118 = ORIENTED_EDGE('',*,*,#13769,.T.);
#17119 = ORIENTED_EDGE('',*,*,#17113,.T.);
#17120 = CYLINDRICAL_SURFACE('',#17121,0.9);
#17121 = AXIS2_PLACEMENT_3D('',#17122,#17123,#17124);
#17122 = CARTESIAN_POINT('',(-7.525692105992,-2.,41.029117825129));
#17123 = DIRECTION('',(0.,1.,0.));
#17124 = DIRECTION('',(0.,-0.,1.));
#17125 = ADVANCED_FACE('',(#17126),#17137,.F.);
#17126 = FACE_BOUND('',#17127,.F.);
#17127 = EDGE_LOOP('',(#17128,#17129,#17135,#17136));
#17128 = ORIENTED_EDGE('',*,*,#15151,.F.);
#17129 = ORIENTED_EDGE('',*,*,#17130,.F.);
#17130 = EDGE_CURVE('',#13781,#15152,#17131,.T.);
#17131 = LINE('',#17132,#17133);
#17132 = CARTESIAN_POINT('',(-42.29416047264,-2.,47.982762994803));
#17133 = VECTOR('',#17134,1.);
#17134 = DIRECTION('',(0.,1.,0.));
#17135 = ORIENTED_EDGE('',*,*,#13780,.T.);
#17136 = ORIENTED_EDGE('',*,*,#17130,.T.);
#17137 = CYLINDRICAL_SURFACE('',#17138,0.9);
#17138 = AXIS2_PLACEMENT_3D('',#17139,#17140,#17141);
#17139 = CARTESIAN_POINT('',(-42.29416047264,-2.,47.082762994803));
#17140 = DIRECTION('',(0.,1.,0.));
#17141 = DIRECTION('',(0.,-0.,1.));
#17142 = ADVANCED_FACE('',(#17143),#17154,.F.);
#17143 = FACE_BOUND('',#17144,.F.);
#17144 = EDGE_LOOP('',(#17145,#17146,#17152,#17153));
#17145 = ORIENTED_EDGE('',*,*,#15162,.F.);
#17146 = ORIENTED_EDGE('',*,*,#17147,.F.);
#17147 = EDGE_CURVE('',#13792,#15163,#17148,.T.);
#17148 = LINE('',#17149,#17150);
#17149 = CARTESIAN_POINT('',(-37.67608936508,-2.,48.968155408811));
#17150 = VECTOR('',#17151,1.);
#17151 = DIRECTION('',(0.,1.,0.));
#17152 = ORIENTED_EDGE('',*,*,#13791,.T.);
#17153 = ORIENTED_EDGE('',*,*,#17147,.T.);
#17154 = CYLINDRICAL_SURFACE('',#17155,1.7);
#17155 = AXIS2_PLACEMENT_3D('',#17156,#17157,#17158);
#17156 = CARTESIAN_POINT('',(-37.67608936508,-2.,47.268155408811));
#17157 = DIRECTION('',(0.,1.,0.));
#17158 = DIRECTION('',(0.,-0.,1.));
#17159 = ADVANCED_FACE('',(#17160),#17171,.F.);
#17160 = FACE_BOUND('',#17161,.F.);
#17161 = EDGE_LOOP('',(#17162,#17163,#17169,#17170));
#17162 = ORIENTED_EDGE('',*,*,#15173,.F.);
#17163 = ORIENTED_EDGE('',*,*,#17164,.F.);
#17164 = EDGE_CURVE('',#13803,#15174,#17165,.T.);
#17165 = LINE('',#17166,#17167);
#17166 = CARTESIAN_POINT('',(-32.70392507495,-2.,48.712227708036));
#17167 = VECTOR('',#17168,1.);
#17168 = DIRECTION('',(0.,1.,0.));
#17169 = ORIENTED_EDGE('',*,*,#13802,.T.);
#17170 = ORIENTED_EDGE('',*,*,#17164,.T.);
#17171 = CYLINDRICAL_SURFACE('',#17172,1.7);
#17172 = AXIS2_PLACEMENT_3D('',#17173,#17174,#17175);
#17173 = CARTESIAN_POINT('',(-32.70392507495,-2.,47.012227708036));
#17174 = DIRECTION('',(0.,1.,0.));
#17175 = DIRECTION('',(0.,-0.,1.));
#17176 = ADVANCED_FACE('',(#17177),#17188,.F.);
#17177 = FACE_BOUND('',#17178,.F.);
#17178 = EDGE_LOOP('',(#17179,#17180,#17186,#17187));
#17179 = ORIENTED_EDGE('',*,*,#15184,.F.);
#17180 = ORIENTED_EDGE('',*,*,#17181,.F.);
#17181 = EDGE_CURVE('',#13814,#15185,#17182,.T.);
#17182 = LINE('',#17183,#17184);
#17183 = CARTESIAN_POINT('',(-26.78173478053,-2.,48.25890294345));
#17184 = VECTOR('',#17185,1.);
#17185 = DIRECTION('',(0.,1.,0.));
#17186 = ORIENTED_EDGE('',*,*,#13813,.T.);
#17187 = ORIENTED_EDGE('',*,*,#17181,.T.);
#17188 = CYLINDRICAL_SURFACE('',#17189,0.9);
#17189 = AXIS2_PLACEMENT_3D('',#17190,#17191,#17192);
#17190 = CARTESIAN_POINT('',(-26.78173478053,-2.,47.35890294345));
#17191 = DIRECTION('',(0.,1.,0.));
#17192 = DIRECTION('',(0.,-0.,1.));
#17193 = ADVANCED_FACE('',(#17194),#17205,.F.);
#17194 = FACE_BOUND('',#17195,.F.);
#17195 = EDGE_LOOP('',(#17196,#17197,#17203,#17204));
#17196 = ORIENTED_EDGE('',*,*,#15195,.F.);
#17197 = ORIENTED_EDGE('',*,*,#17198,.F.);
#17198 = EDGE_CURVE('',#13825,#15196,#17199,.T.);
#17199 = LINE('',#17200,#17201);
#17200 = CARTESIAN_POINT('',(-44.99784029453,-2.,52.726382719908));
#17201 = VECTOR('',#17202,1.);
#17202 = DIRECTION('',(0.,1.,0.));
#17203 = ORIENTED_EDGE('',*,*,#13824,.T.);
#17204 = ORIENTED_EDGE('',*,*,#17198,.T.);
#17205 = CYLINDRICAL_SURFACE('',#17206,1.7);
#17206 = AXIS2_PLACEMENT_3D('',#17207,#17208,#17209);
#17207 = CARTESIAN_POINT('',(-44.99784029453,-2.,51.026382719908));
#17208 = DIRECTION('',(0.,1.,0.));
#17209 = DIRECTION('',(0.,-0.,1.));
#17210 = ADVANCED_FACE('',(#17211),#17222,.F.);
#17211 = FACE_BOUND('',#17212,.F.);
#17212 = EDGE_LOOP('',(#17213,#17214,#17220,#17221));
#17213 = ORIENTED_EDGE('',*,*,#15206,.F.);
#17214 = ORIENTED_EDGE('',*,*,#17215,.F.);
#17215 = EDGE_CURVE('',#13836,#15207,#17216,.T.);
#17216 = LINE('',#17217,#17218);
#17217 = CARTESIAN_POINT('',(-40.29064234431,-2.,53.303744038883));
#17218 = VECTOR('',#17219,1.);
#17219 = DIRECTION('',(0.,1.,0.));
#17220 = ORIENTED_EDGE('',*,*,#13835,.T.);
#17221 = ORIENTED_EDGE('',*,*,#17215,.T.);
#17222 = CYLINDRICAL_SURFACE('',#17223,1.7);
#17223 = AXIS2_PLACEMENT_3D('',#17224,#17225,#17226);
#17224 = CARTESIAN_POINT('',(-40.29064234431,-2.,51.603744038883));
#17225 = DIRECTION('',(0.,1.,0.));
#17226 = DIRECTION('',(0.,-0.,1.));
#17227 = ADVANCED_FACE('',(#17228),#17239,.F.);
#17228 = FACE_BOUND('',#17229,.F.);
#17229 = EDGE_LOOP('',(#17230,#17231,#17237,#17238));
#17230 = ORIENTED_EDGE('',*,*,#15217,.F.);
#17231 = ORIENTED_EDGE('',*,*,#17232,.F.);
#17232 = EDGE_CURVE('',#13847,#15218,#17233,.T.);
#17233 = LINE('',#17234,#17235);
#17234 = CARTESIAN_POINT('',(-21.043616403,-2.,47.606500840954));
#17235 = VECTOR('',#17236,1.);
#17236 = DIRECTION('',(0.,1.,0.));
#17237 = ORIENTED_EDGE('',*,*,#13846,.T.);
#17238 = ORIENTED_EDGE('',*,*,#17232,.T.);
#17239 = CYLINDRICAL_SURFACE('',#17240,1.3);
#17240 = AXIS2_PLACEMENT_3D('',#17241,#17242,#17243);
#17241 = CARTESIAN_POINT('',(-21.043616403,-2.,46.306500840954));
#17242 = DIRECTION('',(0.,1.,0.));
#17243 = DIRECTION('',(0.,-0.,1.));
#17244 = ADVANCED_FACE('',(#17245),#17256,.F.);
#17245 = FACE_BOUND('',#17246,.F.);
#17246 = EDGE_LOOP('',(#17247,#17248,#17254,#17255));
#17247 = ORIENTED_EDGE('',*,*,#15228,.F.);
#17248 = ORIENTED_EDGE('',*,*,#17249,.F.);
#17249 = EDGE_CURVE('',#13858,#15229,#17250,.T.);
#17250 = LINE('',#17251,#17252);
#17251 = CARTESIAN_POINT('',(-14.44538360586,-2.,47.411530709812));
#17252 = VECTOR('',#17253,1.);
#17253 = DIRECTION('',(0.,1.,0.));
#17254 = ORIENTED_EDGE('',*,*,#13857,.T.);
#17255 = ORIENTED_EDGE('',*,*,#17249,.T.);
#17256 = CYLINDRICAL_SURFACE('',#17257,0.9);
#17257 = AXIS2_PLACEMENT_3D('',#17258,#17259,#17260);
#17258 = CARTESIAN_POINT('',(-14.44538360586,-2.,46.511530709812));
#17259 = DIRECTION('',(0.,1.,0.));
#17260 = DIRECTION('',(0.,-0.,1.));
#17261 = ADVANCED_FACE('',(#17262),#17273,.F.);
#17262 = FACE_BOUND('',#17263,.F.);
#17263 = EDGE_LOOP('',(#17264,#17265,#17271,#17272));
#17264 = ORIENTED_EDGE('',*,*,#15239,.F.);
#17265 = ORIENTED_EDGE('',*,*,#17266,.F.);
#17266 = EDGE_CURVE('',#13869,#15240,#17267,.T.);
#17267 = LINE('',#17268,#17269);
#17268 = CARTESIAN_POINT('',(-7.621616387402,-2.,47.975092247178));
#17269 = VECTOR('',#17270,1.);
#17270 = DIRECTION('',(0.,1.,0.));
#17271 = ORIENTED_EDGE('',*,*,#13868,.T.);
#17272 = ORIENTED_EDGE('',*,*,#17266,.T.);
#17273 = CYLINDRICAL_SURFACE('',#17274,0.9);
#17274 = AXIS2_PLACEMENT_3D('',#17275,#17276,#17277);
#17275 = CARTESIAN_POINT('',(-7.621616387402,-2.,47.075092247178));
#17276 = DIRECTION('',(0.,1.,0.));
#17277 = DIRECTION('',(0.,-0.,1.));
#17278 = ADVANCED_FACE('',(#17279),#17290,.F.);
#17279 = FACE_BOUND('',#17280,.F.);
#17280 = EDGE_LOOP('',(#17281,#17282,#17288,#17289));
#17281 = ORIENTED_EDGE('',*,*,#15250,.F.);
#17282 = ORIENTED_EDGE('',*,*,#17283,.F.);
#17283 = EDGE_CURVE('',#13880,#15251,#17284,.T.);
#17284 = LINE('',#17285,#17286);
#17285 = CARTESIAN_POINT('',(-2.250729615969,-2.,42.410633748286));
#17286 = VECTOR('',#17287,1.);
#17287 = DIRECTION('',(0.,1.,0.));
#17288 = ORIENTED_EDGE('',*,*,#13879,.T.);
#17289 = ORIENTED_EDGE('',*,*,#17283,.T.);
#17290 = CYLINDRICAL_SURFACE('',#17291,1.7);
#17291 = AXIS2_PLACEMENT_3D('',#17292,#17293,#17294);
#17292 = CARTESIAN_POINT('',(-2.250729615969,-2.,40.710633748286));
#17293 = DIRECTION('',(0.,1.,0.));
#17294 = DIRECTION('',(0.,-0.,1.));
#17295 = ADVANCED_FACE('',(#17296),#17307,.F.);
#17296 = FACE_BOUND('',#17297,.F.);
#17297 = EDGE_LOOP('',(#17298,#17299,#17305,#17306));
#17298 = ORIENTED_EDGE('',*,*,#15261,.F.);
#17299 = ORIENTED_EDGE('',*,*,#17300,.F.);
#17300 = EDGE_CURVE('',#13891,#15262,#17301,.T.);
#17301 = LINE('',#17302,#17303);
#17302 = CARTESIAN_POINT('',(9.986446412639,-2.,40.80235326454));
#17303 = VECTOR('',#17304,1.);
#17304 = DIRECTION('',(0.,1.,0.));
#17305 = ORIENTED_EDGE('',*,*,#13890,.T.);
#17306 = ORIENTED_EDGE('',*,*,#17300,.T.);
#17307 = CYLINDRICAL_SURFACE('',#17308,1.3);
#17308 = AXIS2_PLACEMENT_3D('',#17309,#17310,#17311);
#17309 = CARTESIAN_POINT('',(9.986446412639,-2.,39.50235326454));
#17310 = DIRECTION('',(0.,1.,0.));
#17311 = DIRECTION('',(0.,-0.,1.));
#17312 = ADVANCED_FACE('',(#17313),#17324,.F.);
#17313 = FACE_BOUND('',#17314,.F.);
#17314 = EDGE_LOOP('',(#17315,#17316,#17322,#17323));
#17315 = ORIENTED_EDGE('',*,*,#15272,.F.);
#17316 = ORIENTED_EDGE('',*,*,#17317,.F.);
#17317 = EDGE_CURVE('',#13902,#15273,#17318,.T.);
#17318 = LINE('',#17319,#17320);
#17319 = CARTESIAN_POINT('',(19.641103854533,-2.,42.834315872386));
#17320 = VECTOR('',#17321,1.);
#17321 = DIRECTION('',(0.,1.,0.));
#17322 = ORIENTED_EDGE('',*,*,#13901,.T.);
#17323 = ORIENTED_EDGE('',*,*,#17317,.T.);
#17324 = CYLINDRICAL_SURFACE('',#17325,1.7);
#17325 = AXIS2_PLACEMENT_3D('',#17326,#17327,#17328);
#17326 = CARTESIAN_POINT('',(19.641103854533,-2.,41.134315872386));
#17327 = DIRECTION('',(0.,1.,0.));
#17328 = DIRECTION('',(0.,-0.,1.));
#17329 = ADVANCED_FACE('',(#17330),#17341,.F.);
#17330 = FACE_BOUND('',#17331,.F.);
#17331 = EDGE_LOOP('',(#17332,#17333,#17339,#17340));
#17332 = ORIENTED_EDGE('',*,*,#15283,.F.);
#17333 = ORIENTED_EDGE('',*,*,#17334,.F.);
#17334 = EDGE_CURVE('',#13913,#15284,#17335,.T.);
#17335 = LINE('',#17336,#17337);
#17336 = CARTESIAN_POINT('',(25.57810967855,-2.,42.259400210965));
#17337 = VECTOR('',#17338,1.);
#17338 = DIRECTION('',(0.,1.,0.));
#17339 = ORIENTED_EDGE('',*,*,#13912,.T.);
#17340 = ORIENTED_EDGE('',*,*,#17334,.T.);
#17341 = CYLINDRICAL_SURFACE('',#17342,0.9);
#17342 = AXIS2_PLACEMENT_3D('',#17343,#17344,#17345);
#17343 = CARTESIAN_POINT('',(25.57810967855,-2.,41.359400210965));
#17344 = DIRECTION('',(0.,1.,0.));
#17345 = DIRECTION('',(0.,-0.,1.));
#17346 = ADVANCED_FACE('',(#17347),#17358,.F.);
#17347 = FACE_BOUND('',#17348,.F.);
#17348 = EDGE_LOOP('',(#17349,#17350,#17356,#17357));
#17349 = ORIENTED_EDGE('',*,*,#15294,.F.);
#17350 = ORIENTED_EDGE('',*,*,#17351,.F.);
#17351 = EDGE_CURVE('',#13924,#15295,#17352,.T.);
#17352 = LINE('',#17353,#17354);
#17353 = CARTESIAN_POINT('',(1.54014647342,-2.,46.180205482892));
#17354 = VECTOR('',#17355,1.);
#17355 = DIRECTION('',(0.,1.,0.));
#17356 = ORIENTED_EDGE('',*,*,#13923,.T.);
#17357 = ORIENTED_EDGE('',*,*,#17351,.T.);
#17358 = CYLINDRICAL_SURFACE('',#17359,0.9);
#17359 = AXIS2_PLACEMENT_3D('',#17360,#17361,#17362);
#17360 = CARTESIAN_POINT('',(1.54014647342,-2.,45.280205482892));
#17361 = DIRECTION('',(0.,1.,0.));
#17362 = DIRECTION('',(0.,-0.,1.));
#17363 = ADVANCED_FACE('',(#17364),#17375,.F.);
#17364 = FACE_BOUND('',#17365,.F.);
#17365 = EDGE_LOOP('',(#17366,#17367,#17373,#17374));
#17366 = ORIENTED_EDGE('',*,*,#15305,.F.);
#17367 = ORIENTED_EDGE('',*,*,#17368,.F.);
#17368 = EDGE_CURVE('',#13935,#15306,#17369,.T.);
#17369 = LINE('',#17370,#17371);
#17370 = CARTESIAN_POINT('',(9.496945899323,-2.,47.531567187541));
#17371 = VECTOR('',#17372,1.);
#17372 = DIRECTION('',(0.,1.,0.));
#17373 = ORIENTED_EDGE('',*,*,#13934,.T.);
#17374 = ORIENTED_EDGE('',*,*,#17368,.T.);
#17375 = CYLINDRICAL_SURFACE('',#17376,1.3);
#17376 = AXIS2_PLACEMENT_3D('',#17377,#17378,#17379);
#17377 = CARTESIAN_POINT('',(9.496945899323,-2.,46.231567187541));
#17378 = DIRECTION('',(0.,1.,0.));
#17379 = DIRECTION('',(0.,-0.,1.));
#17380 = ADVANCED_FACE('',(#17381),#17392,.F.);
#17381 = FACE_BOUND('',#17382,.F.);
#17382 = EDGE_LOOP('',(#17383,#17384,#17390,#17391));
#17383 = ORIENTED_EDGE('',*,*,#15316,.F.);
#17384 = ORIENTED_EDGE('',*,*,#17385,.F.);
#17385 = EDGE_CURVE('',#13946,#15317,#17386,.T.);
#17386 = LINE('',#17387,#17388);
#17387 = CARTESIAN_POINT('',(21.017010998102,-2.,47.419418854593));
#17388 = VECTOR('',#17389,1.);
#17389 = DIRECTION('',(0.,1.,0.));
#17390 = ORIENTED_EDGE('',*,*,#13945,.T.);
#17391 = ORIENTED_EDGE('',*,*,#17385,.T.);
#17392 = CYLINDRICAL_SURFACE('',#17393,0.9);
#17393 = AXIS2_PLACEMENT_3D('',#17394,#17395,#17396);
#17394 = CARTESIAN_POINT('',(21.017010998102,-2.,46.519418854593));
#17395 = DIRECTION('',(0.,1.,0.));
#17396 = DIRECTION('',(0.,-0.,1.));
#17397 = ADVANCED_FACE('',(#17398),#17409,.F.);
#17398 = FACE_BOUND('',#17399,.F.);
#17399 = EDGE_LOOP('',(#17400,#17401,#17407,#17408));
#17400 = ORIENTED_EDGE('',*,*,#15327,.F.);
#17401 = ORIENTED_EDGE('',*,*,#17402,.F.);
#17402 = EDGE_CURVE('',#13957,#15328,#17403,.T.);
#17403 = LINE('',#17404,#17405);
#17404 = CARTESIAN_POINT('',(25.7905403815,-2.,47.89758710513));
#17405 = VECTOR('',#17406,1.);
#17406 = DIRECTION('',(0.,1.,0.));
#17407 = ORIENTED_EDGE('',*,*,#13956,.T.);
#17408 = ORIENTED_EDGE('',*,*,#17402,.T.);
#17409 = CYLINDRICAL_SURFACE('',#17410,1.3);
#17410 = AXIS2_PLACEMENT_3D('',#17411,#17412,#17413);
#17411 = CARTESIAN_POINT('',(25.7905403815,-2.,46.59758710513));
#17412 = DIRECTION('',(0.,1.,0.));
#17413 = DIRECTION('',(0.,-0.,1.));
#17414 = ADVANCED_FACE('',(#17415),#17426,.F.);
#17415 = FACE_BOUND('',#17416,.F.);
#17416 = EDGE_LOOP('',(#17417,#17418,#17424,#17425));
#17417 = ORIENTED_EDGE('',*,*,#15338,.F.);
#17418 = ORIENTED_EDGE('',*,*,#17419,.F.);
#17419 = EDGE_CURVE('',#13968,#15339,#17420,.T.);
#17420 = LINE('',#17421,#17422);
#17421 = CARTESIAN_POINT('',(32.546722535412,-2.,47.018911520115));
#17422 = VECTOR('',#17423,1.);
#17423 = DIRECTION('',(0.,1.,0.));
#17424 = ORIENTED_EDGE('',*,*,#13967,.T.);
#17425 = ORIENTED_EDGE('',*,*,#17419,.T.);
#17426 = CYLINDRICAL_SURFACE('',#17427,0.9);
#17427 = AXIS2_PLACEMENT_3D('',#17428,#17429,#17430);
#17428 = CARTESIAN_POINT('',(32.546722535412,-2.,46.118911520115));
#17429 = DIRECTION('',(0.,1.,0.));
#17430 = DIRECTION('',(0.,-0.,1.));
#17431 = ADVANCED_FACE('',(#17432),#17443,.F.);
#17432 = FACE_BOUND('',#17433,.F.);
#17433 = EDGE_LOOP('',(#17434,#17435,#17441,#17442));
#17434 = ORIENTED_EDGE('',*,*,#15349,.F.);
#17435 = ORIENTED_EDGE('',*,*,#17436,.F.);
#17436 = EDGE_CURVE('',#13979,#15350,#17437,.T.);
#17437 = LINE('',#17438,#17439);
#17438 = CARTESIAN_POINT('',(38.265557786057,-2.,48.157407704678));
#17439 = VECTOR('',#17440,1.);
#17440 = DIRECTION('',(0.,1.,0.));
#17441 = ORIENTED_EDGE('',*,*,#13978,.T.);
#17442 = ORIENTED_EDGE('',*,*,#17436,.T.);
#17443 = CYLINDRICAL_SURFACE('',#17444,1.7);
#17444 = AXIS2_PLACEMENT_3D('',#17445,#17446,#17447);
#17445 = CARTESIAN_POINT('',(38.265557786057,-2.,46.457407704678));
#17446 = DIRECTION('',(0.,1.,0.));
#17447 = DIRECTION('',(0.,-0.,1.));
#17448 = MANIFOLD_SOLID_BREP('',#17449);
#17449 = CLOSED_SHELL('',(#17450,#17490,#17568,#17593,#17663,#17680,
    #17697,#17714,#17731,#17748,#17760));
#17450 = ADVANCED_FACE('',(#17451),#17485,.F.);
#17451 = FACE_BOUND('',#17452,.F.);
#17452 = EDGE_LOOP('',(#17453,#17463,#17471,#17479));
#17453 = ORIENTED_EDGE('',*,*,#17454,.F.);
#17454 = EDGE_CURVE('',#17455,#17457,#17459,.T.);
#17455 = VERTEX_POINT('',#17456);
#17456 = CARTESIAN_POINT('',(-137.66,13.,15.374772708487));
#17457 = VERTEX_POINT('',#17458);
#17458 = CARTESIAN_POINT('',(-137.66,13.,53.625227291513));
#17459 = LINE('',#17460,#17461);
#17460 = CARTESIAN_POINT('',(-137.66,13.,15.));
#17461 = VECTOR('',#17462,1.);
#17462 = DIRECTION('',(0.,0.,1.));
#17463 = ORIENTED_EDGE('',*,*,#17464,.T.);
#17464 = EDGE_CURVE('',#17455,#17465,#17467,.T.);
#17465 = VERTEX_POINT('',#17466);
#17466 = CARTESIAN_POINT('',(-137.66,14.,15.374772708487));
#17467 = LINE('',#17468,#17469);
#17468 = CARTESIAN_POINT('',(-137.66,-2.,15.374772708487));
#17469 = VECTOR('',#17470,1.);
#17470 = DIRECTION('',(0.,1.,0.));
#17471 = ORIENTED_EDGE('',*,*,#17472,.T.);
#17472 = EDGE_CURVE('',#17465,#17473,#17475,.T.);
#17473 = VERTEX_POINT('',#17474);
#17474 = CARTESIAN_POINT('',(-137.66,14.,53.625227291513));
#17475 = LINE('',#17476,#17477);
#17476 = CARTESIAN_POINT('',(-137.66,14.,15.));
#17477 = VECTOR('',#17478,1.);
#17478 = DIRECTION('',(0.,0.,1.));
#17479 = ORIENTED_EDGE('',*,*,#17480,.F.);
#17480 = EDGE_CURVE('',#17457,#17473,#17481,.T.);
#17481 = LINE('',#17482,#17483);
#17482 = CARTESIAN_POINT('',(-137.66,-2.,53.625227291513));
#17483 = VECTOR('',#17484,1.);
#17484 = DIRECTION('',(0.,1.,0.));
#17485 = PLANE('',#17486);
#17486 = AXIS2_PLACEMENT_3D('',#17487,#17488,#17489);
#17487 = CARTESIAN_POINT('',(-137.66,13.,15.));
#17488 = DIRECTION('',(1.,0.,-0.));
#17489 = DIRECTION('',(0.,0.,1.));
#17490 = ADVANCED_FACE('',(#17491,#17552),#17563,.F.);
#17491 = FACE_BOUND('',#17492,.F.);
#17492 = EDGE_LOOP('',(#17493,#17503,#17510,#17511,#17520,#17528,#17537,
    #17545));
#17493 = ORIENTED_EDGE('',*,*,#17494,.F.);
#17494 = EDGE_CURVE('',#17495,#17497,#17499,.T.);
#17495 = VERTEX_POINT('',#17496);
#17496 = CARTESIAN_POINT('',(-137.2852272915,13.,15.));
#17497 = VERTEX_POINT('',#17498);
#17498 = CARTESIAN_POINT('',(47.285227291513,13.,15.));
#17499 = LINE('',#17500,#17501);
#17500 = CARTESIAN_POINT('',(-137.66,13.,15.));
#17501 = VECTOR('',#17502,1.);
#17502 = DIRECTION('',(1.,0.,-0.));
#17503 = ORIENTED_EDGE('',*,*,#17504,.F.);
#17504 = EDGE_CURVE('',#17455,#17495,#17505,.T.);
#17505 = CIRCLE('',#17506,1.7);
#17506 = AXIS2_PLACEMENT_3D('',#17507,#17508,#17509);
#17507 = CARTESIAN_POINT('',(-138.66,13.,14.));
#17508 = DIRECTION('',(0.,1.,0.));
#17509 = DIRECTION('',(0.,-0.,1.));
#17510 = ORIENTED_EDGE('',*,*,#17454,.T.);
#17511 = ORIENTED_EDGE('',*,*,#17512,.F.);
#17512 = EDGE_CURVE('',#17513,#17457,#17515,.T.);
#17513 = VERTEX_POINT('',#17514);
#17514 = CARTESIAN_POINT('',(-137.2852272915,13.,54.));
#17515 = CIRCLE('',#17516,1.7);
#17516 = AXIS2_PLACEMENT_3D('',#17517,#17518,#17519);
#17517 = CARTESIAN_POINT('',(-138.66,13.,55.));
#17518 = DIRECTION('',(0.,1.,0.));
#17519 = DIRECTION('',(0.,-0.,1.));
#17520 = ORIENTED_EDGE('',*,*,#17521,.T.);
#17521 = EDGE_CURVE('',#17513,#17522,#17524,.T.);
#17522 = VERTEX_POINT('',#17523);
#17523 = CARTESIAN_POINT('',(47.285227291513,13.,54.));
#17524 = LINE('',#17525,#17526);
#17525 = CARTESIAN_POINT('',(-137.66,13.,54.));
#17526 = VECTOR('',#17527,1.);
#17527 = DIRECTION('',(1.,0.,-0.));
#17528 = ORIENTED_EDGE('',*,*,#17529,.F.);
#17529 = EDGE_CURVE('',#17530,#17522,#17532,.T.);
#17530 = VERTEX_POINT('',#17531);
#17531 = CARTESIAN_POINT('',(47.66,13.,53.625227291513));
#17532 = CIRCLE('',#17533,1.7);
#17533 = AXIS2_PLACEMENT_3D('',#17534,#17535,#17536);
#17534 = CARTESIAN_POINT('',(48.66,13.,55.));
#17535 = DIRECTION('',(0.,1.,0.));
#17536 = DIRECTION('',(0.,-0.,1.));
#17537 = ORIENTED_EDGE('',*,*,#17538,.F.);
#17538 = EDGE_CURVE('',#17539,#17530,#17541,.T.);
#17539 = VERTEX_POINT('',#17540);
#17540 = CARTESIAN_POINT('',(47.66,13.,15.374772708487));
#17541 = LINE('',#17542,#17543);
#17542 = CARTESIAN_POINT('',(47.66,13.,15.));
#17543 = VECTOR('',#17544,1.);
#17544 = DIRECTION('',(0.,0.,1.));
#17545 = ORIENTED_EDGE('',*,*,#17546,.F.);
#17546 = EDGE_CURVE('',#17497,#17539,#17547,.T.);
#17547 = CIRCLE('',#17548,1.7);
#17548 = AXIS2_PLACEMENT_3D('',#17549,#17550,#17551);
#17549 = CARTESIAN_POINT('',(48.66,13.,14.));
#17550 = DIRECTION('',(0.,1.,0.));
#17551 = DIRECTION('',(0.,-0.,1.));
#17552 = FACE_BOUND('',#17553,.F.);
#17553 = EDGE_LOOP('',(#17554));
#17554 = ORIENTED_EDGE('',*,*,#17555,.F.);
#17555 = EDGE_CURVE('',#17556,#17556,#17558,.T.);
#17556 = VERTEX_POINT('',#17557);
#17557 = CARTESIAN_POINT('',(-45.,13.,53.5));
#17558 = CIRCLE('',#17559,19.);
#17559 = AXIS2_PLACEMENT_3D('',#17560,#17561,#17562);
#17560 = CARTESIAN_POINT('',(-45.,13.,34.5));
#17561 = DIRECTION('',(0.,1.,0.));
#17562 = DIRECTION('',(0.,-0.,1.));
#17563 = PLANE('',#17564);
#17564 = AXIS2_PLACEMENT_3D('',#17565,#17566,#17567);
#17565 = CARTESIAN_POINT('',(-137.66,13.,15.));
#17566 = DIRECTION('',(-0.,1.,0.));
#17567 = DIRECTION('',(0.,0.,1.));
#17568 = ADVANCED_FACE('',(#17569),#17588,.F.);
#17569 = FACE_BOUND('',#17570,.F.);
#17570 = EDGE_LOOP('',(#17571,#17572,#17573,#17582));
#17571 = ORIENTED_EDGE('',*,*,#17512,.T.);
#17572 = ORIENTED_EDGE('',*,*,#17480,.T.);
#17573 = ORIENTED_EDGE('',*,*,#17574,.F.);
#17574 = EDGE_CURVE('',#17575,#17473,#17577,.T.);
#17575 = VERTEX_POINT('',#17576);
#17576 = CARTESIAN_POINT('',(-137.2852272915,14.,54.));
#17577 = CIRCLE('',#17578,1.7);
#17578 = AXIS2_PLACEMENT_3D('',#17579,#17580,#17581);
#17579 = CARTESIAN_POINT('',(-138.66,14.,55.));
#17580 = DIRECTION('',(0.,1.,0.));
#17581 = DIRECTION('',(0.,-0.,1.));
#17582 = ORIENTED_EDGE('',*,*,#17583,.F.);
#17583 = EDGE_CURVE('',#17513,#17575,#17584,.T.);
#17584 = LINE('',#17585,#17586);
#17585 = CARTESIAN_POINT('',(-137.2852272915,-2.,54.));
#17586 = VECTOR('',#17587,1.);
#17587 = DIRECTION('',(0.,1.,0.));
#17588 = CYLINDRICAL_SURFACE('',#17589,1.7);
#17589 = AXIS2_PLACEMENT_3D('',#17590,#17591,#17592);
#17590 = CARTESIAN_POINT('',(-138.66,-2.,55.));
#17591 = DIRECTION('',(0.,1.,0.));
#17592 = DIRECTION('',(0.,-0.,1.));
#17593 = ADVANCED_FACE('',(#17594,#17647),#17658,.T.);
#17594 = FACE_BOUND('',#17595,.T.);
#17595 = EDGE_LOOP('',(#17596,#17606,#17613,#17614,#17615,#17623,#17632,
    #17640));
#17596 = ORIENTED_EDGE('',*,*,#17597,.F.);
#17597 = EDGE_CURVE('',#17598,#17600,#17602,.T.);
#17598 = VERTEX_POINT('',#17599);
#17599 = CARTESIAN_POINT('',(-137.2852272915,14.,15.));
#17600 = VERTEX_POINT('',#17601);
#17601 = CARTESIAN_POINT('',(47.285227291513,14.,15.));
#17602 = LINE('',#17603,#17604);
#17603 = CARTESIAN_POINT('',(-137.66,14.,15.));
#17604 = VECTOR('',#17605,1.);
#17605 = DIRECTION('',(1.,0.,-0.));
#17606 = ORIENTED_EDGE('',*,*,#17607,.F.);
#17607 = EDGE_CURVE('',#17465,#17598,#17608,.T.);
#17608 = CIRCLE('',#17609,1.7);
#17609 = AXIS2_PLACEMENT_3D('',#17610,#17611,#17612);
#17610 = CARTESIAN_POINT('',(-138.66,14.,14.));
#17611 = DIRECTION('',(0.,1.,0.));
#17612 = DIRECTION('',(0.,-0.,1.));
#17613 = ORIENTED_EDGE('',*,*,#17472,.T.);
#17614 = ORIENTED_EDGE('',*,*,#17574,.F.);
#17615 = ORIENTED_EDGE('',*,*,#17616,.T.);
#17616 = EDGE_CURVE('',#17575,#17617,#17619,.T.);
#17617 = VERTEX_POINT('',#17618);
#17618 = CARTESIAN_POINT('',(47.285227291513,14.,54.));
#17619 = LINE('',#17620,#17621);
#17620 = CARTESIAN_POINT('',(-137.66,14.,54.));
#17621 = VECTOR('',#17622,1.);
#17622 = DIRECTION('',(1.,0.,-0.));
#17623 = ORIENTED_EDGE('',*,*,#17624,.F.);
#17624 = EDGE_CURVE('',#17625,#17617,#17627,.T.);
#17625 = VERTEX_POINT('',#17626);
#17626 = CARTESIAN_POINT('',(47.66,14.,53.625227291513));
#17627 = CIRCLE('',#17628,1.7);
#17628 = AXIS2_PLACEMENT_3D('',#17629,#17630,#17631);
#17629 = CARTESIAN_POINT('',(48.66,14.,55.));
#17630 = DIRECTION('',(0.,1.,0.));
#17631 = DIRECTION('',(0.,-0.,1.));
#17632 = ORIENTED_EDGE('',*,*,#17633,.F.);
#17633 = EDGE_CURVE('',#17634,#17625,#17636,.T.);
#17634 = VERTEX_POINT('',#17635);
#17635 = CARTESIAN_POINT('',(47.66,14.,15.374772708487));
#17636 = LINE('',#17637,#17638);
#17637 = CARTESIAN_POINT('',(47.66,14.,15.));
#17638 = VECTOR('',#17639,1.);
#17639 = DIRECTION('',(0.,0.,1.));
#17640 = ORIENTED_EDGE('',*,*,#17641,.F.);
#17641 = EDGE_CURVE('',#17600,#17634,#17642,.T.);
#17642 = CIRCLE('',#17643,1.7);
#17643 = AXIS2_PLACEMENT_3D('',#17644,#17645,#17646);
#17644 = CARTESIAN_POINT('',(48.66,14.,14.));
#17645 = DIRECTION('',(0.,1.,0.));
#17646 = DIRECTION('',(0.,-0.,1.));
#17647 = FACE_BOUND('',#17648,.T.);
#17648 = EDGE_LOOP('',(#17649));
#17649 = ORIENTED_EDGE('',*,*,#17650,.F.);
#17650 = EDGE_CURVE('',#17651,#17651,#17653,.T.);
#17651 = VERTEX_POINT('',#17652);
#17652 = CARTESIAN_POINT('',(-45.,14.,53.5));
#17653 = CIRCLE('',#17654,19.);
#17654 = AXIS2_PLACEMENT_3D('',#17655,#17656,#17657);
#17655 = CARTESIAN_POINT('',(-45.,14.,34.5));
#17656 = DIRECTION('',(0.,1.,0.));
#17657 = DIRECTION('',(0.,-0.,1.));
#17658 = PLANE('',#17659);
#17659 = AXIS2_PLACEMENT_3D('',#17660,#17661,#17662);
#17660 = CARTESIAN_POINT('',(-137.66,14.,15.));
#17661 = DIRECTION('',(-0.,1.,0.));
#17662 = DIRECTION('',(0.,0.,1.));
#17663 = ADVANCED_FACE('',(#17664),#17675,.F.);
#17664 = FACE_BOUND('',#17665,.F.);
#17665 = EDGE_LOOP('',(#17666,#17667,#17668,#17674));
#17666 = ORIENTED_EDGE('',*,*,#17464,.F.);
#17667 = ORIENTED_EDGE('',*,*,#17504,.T.);
#17668 = ORIENTED_EDGE('',*,*,#17669,.T.);
#17669 = EDGE_CURVE('',#17495,#17598,#17670,.T.);
#17670 = LINE('',#17671,#17672);
#17671 = CARTESIAN_POINT('',(-137.2852272915,-2.,15.));
#17672 = VECTOR('',#17673,1.);
#17673 = DIRECTION('',(0.,1.,0.));
#17674 = ORIENTED_EDGE('',*,*,#17607,.F.);
#17675 = CYLINDRICAL_SURFACE('',#17676,1.7);
#17676 = AXIS2_PLACEMENT_3D('',#17677,#17678,#17679);
#17677 = CARTESIAN_POINT('',(-138.66,-2.,14.));
#17678 = DIRECTION('',(0.,1.,0.));
#17679 = DIRECTION('',(0.,-0.,1.));
#17680 = ADVANCED_FACE('',(#17681),#17692,.F.);
#17681 = FACE_BOUND('',#17682,.F.);
#17682 = EDGE_LOOP('',(#17683,#17684,#17685,#17686));
#17683 = ORIENTED_EDGE('',*,*,#17597,.F.);
#17684 = ORIENTED_EDGE('',*,*,#17669,.F.);
#17685 = ORIENTED_EDGE('',*,*,#17494,.T.);
#17686 = ORIENTED_EDGE('',*,*,#17687,.T.);
#17687 = EDGE_CURVE('',#17497,#17600,#17688,.T.);
#17688 = LINE('',#17689,#17690);
#17689 = CARTESIAN_POINT('',(47.285227291513,-2.,15.));
#17690 = VECTOR('',#17691,1.);
#17691 = DIRECTION('',(0.,1.,0.));
#17692 = PLANE('',#17693);
#17693 = AXIS2_PLACEMENT_3D('',#17694,#17695,#17696);
#17694 = CARTESIAN_POINT('',(-137.66,13.,15.));
#17695 = DIRECTION('',(0.,0.,1.));
#17696 = DIRECTION('',(1.,0.,-0.));
#17697 = ADVANCED_FACE('',(#17698),#17709,.F.);
#17698 = FACE_BOUND('',#17699,.F.);
#17699 = EDGE_LOOP('',(#17700,#17701,#17702,#17708));
#17700 = ORIENTED_EDGE('',*,*,#17687,.F.);
#17701 = ORIENTED_EDGE('',*,*,#17546,.T.);
#17702 = ORIENTED_EDGE('',*,*,#17703,.T.);
#17703 = EDGE_CURVE('',#17539,#17634,#17704,.T.);
#17704 = LINE('',#17705,#17706);
#17705 = CARTESIAN_POINT('',(47.66,-2.,15.374772708487));
#17706 = VECTOR('',#17707,1.);
#17707 = DIRECTION('',(0.,1.,0.));
#17708 = ORIENTED_EDGE('',*,*,#17641,.F.);
#17709 = CYLINDRICAL_SURFACE('',#17710,1.7);
#17710 = AXIS2_PLACEMENT_3D('',#17711,#17712,#17713);
#17711 = CARTESIAN_POINT('',(48.66,-2.,14.));
#17712 = DIRECTION('',(0.,1.,0.));
#17713 = DIRECTION('',(0.,-0.,1.));
#17714 = ADVANCED_FACE('',(#17715),#17726,.T.);
#17715 = FACE_BOUND('',#17716,.T.);
#17716 = EDGE_LOOP('',(#17717,#17718,#17719,#17720));
#17717 = ORIENTED_EDGE('',*,*,#17538,.F.);
#17718 = ORIENTED_EDGE('',*,*,#17703,.T.);
#17719 = ORIENTED_EDGE('',*,*,#17633,.T.);
#17720 = ORIENTED_EDGE('',*,*,#17721,.F.);
#17721 = EDGE_CURVE('',#17530,#17625,#17722,.T.);
#17722 = LINE('',#17723,#17724);
#17723 = CARTESIAN_POINT('',(47.66,-2.,53.625227291513));
#17724 = VECTOR('',#17725,1.);
#17725 = DIRECTION('',(0.,1.,0.));
#17726 = PLANE('',#17727);
#17727 = AXIS2_PLACEMENT_3D('',#17728,#17729,#17730);
#17728 = CARTESIAN_POINT('',(47.66,13.,15.));
#17729 = DIRECTION('',(1.,0.,-0.));
#17730 = DIRECTION('',(0.,0.,1.));
#17731 = ADVANCED_FACE('',(#17732),#17743,.F.);
#17732 = FACE_BOUND('',#17733,.F.);
#17733 = EDGE_LOOP('',(#17734,#17735,#17736,#17742));
#17734 = ORIENTED_EDGE('',*,*,#17721,.F.);
#17735 = ORIENTED_EDGE('',*,*,#17529,.T.);
#17736 = ORIENTED_EDGE('',*,*,#17737,.T.);
#17737 = EDGE_CURVE('',#17522,#17617,#17738,.T.);
#17738 = LINE('',#17739,#17740);
#17739 = CARTESIAN_POINT('',(47.285227291513,-2.,54.));
#17740 = VECTOR('',#17741,1.);
#17741 = DIRECTION('',(0.,1.,0.));
#17742 = ORIENTED_EDGE('',*,*,#17624,.F.);
#17743 = CYLINDRICAL_SURFACE('',#17744,1.7);
#17744 = AXIS2_PLACEMENT_3D('',#17745,#17746,#17747);
#17745 = CARTESIAN_POINT('',(48.66,-2.,55.));
#17746 = DIRECTION('',(0.,1.,0.));
#17747 = DIRECTION('',(0.,-0.,1.));
#17748 = ADVANCED_FACE('',(#17749),#17755,.T.);
#17749 = FACE_BOUND('',#17750,.T.);
#17750 = EDGE_LOOP('',(#17751,#17752,#17753,#17754));
#17751 = ORIENTED_EDGE('',*,*,#17616,.F.);
#17752 = ORIENTED_EDGE('',*,*,#17583,.F.);
#17753 = ORIENTED_EDGE('',*,*,#17521,.T.);
#17754 = ORIENTED_EDGE('',*,*,#17737,.T.);
#17755 = PLANE('',#17756);
#17756 = AXIS2_PLACEMENT_3D('',#17757,#17758,#17759);
#17757 = CARTESIAN_POINT('',(-137.66,13.,54.));
#17758 = DIRECTION('',(0.,0.,1.));
#17759 = DIRECTION('',(1.,0.,-0.));
#17760 = ADVANCED_FACE('',(#17761),#17772,.F.);
#17761 = FACE_BOUND('',#17762,.F.);
#17762 = EDGE_LOOP('',(#17763,#17764,#17770,#17771));
#17763 = ORIENTED_EDGE('',*,*,#17650,.F.);
#17764 = ORIENTED_EDGE('',*,*,#17765,.F.);
#17765 = EDGE_CURVE('',#17556,#17651,#17766,.T.);
#17766 = LINE('',#17767,#17768);
#17767 = CARTESIAN_POINT('',(-45.,-2.,53.5));
#17768 = VECTOR('',#17769,1.);
#17769 = DIRECTION('',(0.,1.,0.));
#17770 = ORIENTED_EDGE('',*,*,#17555,.T.);
#17771 = ORIENTED_EDGE('',*,*,#17765,.T.);
#17772 = CYLINDRICAL_SURFACE('',#17773,19.);
#17773 = AXIS2_PLACEMENT_3D('',#17774,#17775,#17776);
#17774 = CARTESIAN_POINT('',(-45.,-2.,34.5));
#17775 = DIRECTION('',(0.,1.,0.));
#17776 = DIRECTION('',(0.,-0.,1.));
#17777 = MANIFOLD_SOLID_BREP('',#17778);
#17778 = CLOSED_SHELL('',(#17779,#17904,#17936,#17960,#17984,#18001,
    #18038,#18063,#18075,#18107,#18241,#18261,#18272,#18297));
#17779 = ADVANCED_FACE('',(#17780,#17841),#17899,.T.);
#17780 = FACE_BOUND('',#17781,.T.);
#17781 = EDGE_LOOP('',(#17782,#17793,#17801,#17808,#17809,#17818,#17826,
    #17835));
#17782 = ORIENTED_EDGE('',*,*,#17783,.F.);
#17783 = EDGE_CURVE('',#17784,#17786,#17788,.T.);
#17784 = VERTEX_POINT('',#17785);
#17785 = CARTESIAN_POINT('',(109.66,-18.,109.24));
#17786 = VERTEX_POINT('',#17787);
#17787 = CARTESIAN_POINT('',(94.735188443401,-18.,125.74));
#17788 = CIRCLE('',#17789,15.);
#17789 = AXIS2_PLACEMENT_3D('',#17790,#17791,#17792);
#17790 = CARTESIAN_POINT('',(109.66,-18.,124.24));
#17791 = DIRECTION('',(0.,-1.,1.224646799147E-16));
#17792 = DIRECTION('',(0.,-1.224646799147E-16,-1.));
#17793 = ORIENTED_EDGE('',*,*,#17794,.F.);
#17794 = EDGE_CURVE('',#17795,#17784,#17797,.T.);
#17795 = VERTEX_POINT('',#17796);
#17796 = CARTESIAN_POINT('',(109.66,-1.836970198721E-15,109.24));
#17797 = LINE('',#17798,#17799);
#17798 = CARTESIAN_POINT('',(109.66,-1.836970198721E-15,109.24));
#17799 = VECTOR('',#17800,1.);
#17800 = DIRECTION('',(0.,-1.,1.224646799147E-16));
#17801 = ORIENTED_EDGE('',*,*,#17802,.T.);
#17802 = EDGE_CURVE('',#17795,#17795,#17803,.T.);
#17803 = CIRCLE('',#17804,15.);
#17804 = AXIS2_PLACEMENT_3D('',#17805,#17806,#17807);
#17805 = CARTESIAN_POINT('',(109.66,0.,124.24));
#17806 = DIRECTION('',(0.,-1.,1.224646799147E-16));
#17807 = DIRECTION('',(0.,-1.224646799147E-16,-1.));
#17808 = ORIENTED_EDGE('',*,*,#17794,.T.);
#17809 = ORIENTED_EDGE('',*,*,#17810,.F.);
#17810 = EDGE_CURVE('',#17811,#17784,#17813,.T.);
#17811 = VERTEX_POINT('',#17812);
#17812 = CARTESIAN_POINT('',(94.735188443401,-18.,122.74));
#17813 = CIRCLE('',#17814,15.);
#17814 = AXIS2_PLACEMENT_3D('',#17815,#17816,#17817);
#17815 = CARTESIAN_POINT('',(109.66,-18.,124.24));
#17816 = DIRECTION('',(0.,-1.,1.224646799147E-16));
#17817 = DIRECTION('',(0.,-1.224646799147E-16,-1.));
#17818 = ORIENTED_EDGE('',*,*,#17819,.F.);
#17819 = EDGE_CURVE('',#17820,#17811,#17822,.T.);
#17820 = VERTEX_POINT('',#17821);
#17821 = CARTESIAN_POINT('',(94.735188443401,-16.5,122.74));
#17822 = LINE('',#17823,#17824);
#17823 = CARTESIAN_POINT('',(94.735188443401,-1.836970198721E-16,122.74)
  );
#17824 = VECTOR('',#17825,1.);
#17825 = DIRECTION('',(0.,-1.,1.224646799147E-16));
#17826 = ORIENTED_EDGE('',*,*,#17827,.F.);
#17827 = EDGE_CURVE('',#17828,#17820,#17830,.T.);
#17828 = VERTEX_POINT('',#17829);
#17829 = CARTESIAN_POINT('',(94.735188443401,-16.5,125.74));
#17830 = CIRCLE('',#17831,15.);
#17831 = AXIS2_PLACEMENT_3D('',#17832,#17833,#17834);
#17832 = CARTESIAN_POINT('',(109.66,-16.5,124.24));
#17833 = DIRECTION('',(0.,-1.,1.224646799147E-16));
#17834 = DIRECTION('',(0.,-1.224646799147E-16,-1.));
#17835 = ORIENTED_EDGE('',*,*,#17836,.T.);
#17836 = EDGE_CURVE('',#17828,#17786,#17837,.T.);
#17837 = LINE('',#17838,#17839);
#17838 = CARTESIAN_POINT('',(94.735188443401,1.836970198721E-16,125.74)
  );
#17839 = VECTOR('',#17840,1.);
#17840 = DIRECTION('',(0.,-1.,1.224646799147E-16));
#17841 = FACE_BOUND('',#17842,.T.);
#17842 = EDGE_LOOP('',(#17843));
#17843 = ORIENTED_EDGE('',*,*,#17844,.T.);
#17844 = EDGE_CURVE('',#17845,#17845,#17847,.T.);
#17845 = VERTEX_POINT('',#17846);
#17846 = CARTESIAN_POINT('',(94.756644673095,-7.,122.54));
#17847 = B_SPLINE_CURVE_WITH_KNOTS('',8,(#17848,#17849,#17850,#17851,
    #17852,#17853,#17854,#17855,#17856,#17857,#17858,#17859,#17860,
    #17861,#17862,#17863,#17864,#17865,#17866,#17867,#17868,#17869,
    #17870,#17871,#17872,#17873,#17874,#17875,#17876,#17877,#17878,
    #17879,#17880,#17881,#17882,#17883,#17884,#17885,#17886,#17887,
    #17888,#17889,#17890,#17891,#17892,#17893,#17894,#17895,#17896,
    #17897,#17898),.UNSPECIFIED.,.T.,.F.,(9,7,7,7,7,7,7,9),(0.,
    0.152767705277,0.285836943371,0.422068100261,0.588677846051,
    0.714466993315,0.837908194356,1.),.UNSPECIFIED.);
#17848 = CARTESIAN_POINT('',(94.756644673095,-7.,122.54));
#17849 = CARTESIAN_POINT('',(94.756644673095,-6.822074268387,122.54));
#17850 = CARTESIAN_POINT('',(94.75421724325,-6.644220003346,
    122.56128150683));
#17851 = CARTESIAN_POINT('',(94.749364505215,-6.468017312361,
    122.6038198823));
#17852 = CARTESIAN_POINT('',(94.742216110606,-6.295205358264,
    122.66800531329));
#17853 = CARTESIAN_POINT('',(94.733035771411,-6.127877279552,
    122.75451964726));
#17854 = CARTESIAN_POINT('',(94.722280241005,-5.968691150147,
    122.86422259275));
#17855 = CARTESIAN_POINT('',(94.710665179186,-5.82116544617,
    122.9979815351));
#17856 = CARTESIAN_POINT('',(94.689198843694,-5.575986076836,
    123.29435248123));
#17857 = CARTESIAN_POINT('',(94.679002863374,-5.470811770532,
    123.45530335331));
#17858 = CARTESIAN_POINT('',(94.669625701795,-5.383138684944,
    123.63684663231));
#17859 = CARTESIAN_POINT('',(94.662282551288,-5.319344706832,
    123.83461685379));
#17860 = CARTESIAN_POINT('',(94.658070697723,-5.283644329699,
    124.04273797427));
#17861 = CARTESIAN_POINT('',(94.657483984109,-5.278031811615,
    124.25457099427));
#17862 = CARTESIAN_POINT('',(94.660335305705,-5.302197935783,
    124.46332033804));
#17863 = CARTESIAN_POINT('',(94.671716480522,-5.405836156924,
    124.86696455933));
#17864 = CARTESIAN_POINT('',(94.680205330025,-5.48501950953,
    125.05522639778));
#17865 = CARTESIAN_POINT('',(94.690496380268,-5.585877925904,
    125.22525299019));
#17866 = CARTESIAN_POINT('',(94.701586522932,-5.704006386457,
    125.37577549172));
#17867 = CARTESIAN_POINT('',(94.712586367327,-5.835480055823,
    125.50620685749));
#17868 = CARTESIAN_POINT('',(94.72279735887,-5.976752634323,
    125.61646287317));
#17869 = CARTESIAN_POINT('',(94.73172537021,-6.124614334773,
    125.70688685754));
#17870 = CARTESIAN_POINT('',(94.748069543685,-6.461533080809,
    125.8654287851));
#17871 = CARTESIAN_POINT('',(94.75480389955,-6.654475420858,
    125.92504131875));
#17872 = CARTESIAN_POINT('',(94.758746691464,-6.85187205957,
    125.95817559941));
#17873 = CARTESIAN_POINT('',(94.75962619484,-7.051322012112,
    125.96533454739));
#17874 = CARTESIAN_POINT('',(94.757359520942,-7.250520666574,
    125.94653160344));
#17875 = CARTESIAN_POINT('',(94.752063188168,-7.446960512658,
    125.90141279322));
#17876 = CARTESIAN_POINT('',(94.744105565585,-7.63770576576,
    125.82937839465));
#17877 = CARTESIAN_POINT('',(94.726649372705,-7.955842916146,
    125.65448101619));
#17878 = CARTESIAN_POINT('',(94.717925096959,-8.088783360735,
    125.56268381225));
#17879 = CARTESIAN_POINT('',(94.708271411932,-8.215261250908,
    125.45382181689));
#17880 = CARTESIAN_POINT('',(94.698129309022,-8.332532080241,
    125.32774396391));
#17881 = CARTESIAN_POINT('',(94.688090121209,-8.437642938129,
    125.18467367511));
#17882 = CARTESIAN_POINT('',(94.678872136461,-8.527408964071,
    125.02525224101));
#17883 = CARTESIAN_POINT('',(94.671256423013,-8.598353177012,
    124.85064818091));
#17884 = CARTESIAN_POINT('',(94.660760612983,-8.69392916968,
    124.47840426636));
#17885 = CARTESIAN_POINT('',(94.657913403562,-8.718325548826,
    124.28544020902));
#17886 = CARTESIAN_POINT('',(94.657977656644,-8.717250698638,
    124.08902164792));
#17887 = CARTESIAN_POINT('',(94.661167632047,-8.690147384083,
    123.89478620192));
#17888 = CARTESIAN_POINT('',(94.667149236123,-8.638346288837,
    123.70835129044));
#17889 = CARTESIAN_POINT('',(94.675136510127,-8.565007093641,
    123.53477751252));
#17890 = CARTESIAN_POINT('',(94.684152420059,-8.475085810399,
    123.37806869218));
#17891 = CARTESIAN_POINT('',(94.705356541632,-8.244337137718,
    123.06047039092));
#17892 = CARTESIAN_POINT('',(94.71802036183,-8.092392254977,
    122.90813920201));
#17893 = CARTESIAN_POINT('',(94.729991504261,-7.925862927121,
    122.78334668599));
#17894 = CARTESIAN_POINT('',(94.740317316555,-7.74926570384,
    122.68508313573));
#17895 = CARTESIAN_POINT('',(94.748397660974,-7.565994403152,
    122.61229205491));
#17896 = CARTESIAN_POINT('',(94.753894880488,-7.378670230896,
    122.56410894249));
#17897 = CARTESIAN_POINT('',(94.756644673095,-7.189371270835,122.54));
#17898 = CARTESIAN_POINT('',(94.756644673095,-7.,122.54));
#17899 = CYLINDRICAL_SURFACE('',#17900,15.);
#17900 = AXIS2_PLACEMENT_3D('',#17901,#17902,#17903);
#17901 = CARTESIAN_POINT('',(109.66,0.,124.24));
#17902 = DIRECTION('',(0.,-1.,1.224646799147E-16));
#17903 = DIRECTION('',(0.,-1.224646799147E-16,-1.));
#17904 = ADVANCED_FACE('',(#17905),#17931,.T.);
#17905 = FACE_BOUND('',#17906,.T.);
#17906 = EDGE_LOOP('',(#17907,#17908,#17909,#17917,#17925));
#17907 = ORIENTED_EDGE('',*,*,#17810,.T.);
#17908 = ORIENTED_EDGE('',*,*,#17783,.T.);
#17909 = ORIENTED_EDGE('',*,*,#17910,.T.);
#17910 = EDGE_CURVE('',#17786,#17911,#17913,.T.);
#17911 = VERTEX_POINT('',#17912);
#17912 = CARTESIAN_POINT('',(110.66,-18.,125.74));
#17913 = LINE('',#17914,#17915);
#17914 = CARTESIAN_POINT('',(101.66,-18.,125.74));
#17915 = VECTOR('',#17916,1.);
#17916 = DIRECTION('',(1.,0.,0.));
#17917 = ORIENTED_EDGE('',*,*,#17918,.F.);
#17918 = EDGE_CURVE('',#17919,#17911,#17921,.T.);
#17919 = VERTEX_POINT('',#17920);
#17920 = CARTESIAN_POINT('',(110.66,-18.,122.74));
#17921 = LINE('',#17922,#17923);
#17922 = CARTESIAN_POINT('',(110.66,-18.,124.99));
#17923 = VECTOR('',#17924,1.);
#17924 = DIRECTION('',(0.,1.224646799147E-16,1.));
#17925 = ORIENTED_EDGE('',*,*,#17926,.F.);
#17926 = EDGE_CURVE('',#17811,#17919,#17927,.T.);
#17927 = LINE('',#17928,#17929);
#17928 = CARTESIAN_POINT('',(101.66,-18.,122.74));
#17929 = VECTOR('',#17930,1.);
#17930 = DIRECTION('',(1.,0.,0.));
#17931 = PLANE('',#17932);
#17932 = AXIS2_PLACEMENT_3D('',#17933,#17934,#17935);
#17933 = CARTESIAN_POINT('',(109.66,-18.,124.24));
#17934 = DIRECTION('',(0.,-1.,1.224646799147E-16));
#17935 = DIRECTION('',(0.,-1.224646799147E-16,-1.));
#17936 = ADVANCED_FACE('',(#17937),#17955,.T.);
#17937 = FACE_BOUND('',#17938,.T.);
#17938 = EDGE_LOOP('',(#17939,#17940,#17948,#17954));
#17939 = ORIENTED_EDGE('',*,*,#17836,.F.);
#17940 = ORIENTED_EDGE('',*,*,#17941,.T.);
#17941 = EDGE_CURVE('',#17828,#17942,#17944,.T.);
#17942 = VERTEX_POINT('',#17943);
#17943 = CARTESIAN_POINT('',(110.66,-16.5,125.74));
#17944 = LINE('',#17945,#17946);
#17945 = CARTESIAN_POINT('',(93.66,-16.5,125.74));
#17946 = VECTOR('',#17947,1.);
#17947 = DIRECTION('',(1.,0.,0.));
#17948 = ORIENTED_EDGE('',*,*,#17949,.T.);
#17949 = EDGE_CURVE('',#17942,#17911,#17950,.T.);
#17950 = LINE('',#17951,#17952);
#17951 = CARTESIAN_POINT('',(110.66,-16.5,125.74));
#17952 = VECTOR('',#17953,1.);
#17953 = DIRECTION('',(0.,-1.,1.224646799147E-16));
#17954 = ORIENTED_EDGE('',*,*,#17910,.F.);
#17955 = PLANE('',#17956);
#17956 = AXIS2_PLACEMENT_3D('',#17957,#17958,#17959);
#17957 = CARTESIAN_POINT('',(93.66,-16.5,125.74));
#17958 = DIRECTION('',(0.,-1.224646799147E-16,-1.));
#17959 = DIRECTION('',(1.,0.,0.));
#17960 = ADVANCED_FACE('',(#17961),#17979,.T.);
#17961 = FACE_BOUND('',#17962,.T.);
#17962 = EDGE_LOOP('',(#17963,#17964,#17965,#17973));
#17963 = ORIENTED_EDGE('',*,*,#17941,.F.);
#17964 = ORIENTED_EDGE('',*,*,#17827,.T.);
#17965 = ORIENTED_EDGE('',*,*,#17966,.T.);
#17966 = EDGE_CURVE('',#17820,#17967,#17969,.T.);
#17967 = VERTEX_POINT('',#17968);
#17968 = CARTESIAN_POINT('',(110.66,-16.5,122.74));
#17969 = LINE('',#17970,#17971);
#17970 = CARTESIAN_POINT('',(93.66,-16.5,122.74));
#17971 = VECTOR('',#17972,1.);
#17972 = DIRECTION('',(1.,0.,0.));
#17973 = ORIENTED_EDGE('',*,*,#17974,.F.);
#17974 = EDGE_CURVE('',#17942,#17967,#17975,.T.);
#17975 = LINE('',#17976,#17977);
#17976 = CARTESIAN_POINT('',(110.66,-16.5,125.74));
#17977 = VECTOR('',#17978,1.);
#17978 = DIRECTION('',(0.,-1.224646799147E-16,-1.));
#17979 = PLANE('',#17980);
#17980 = AXIS2_PLACEMENT_3D('',#17981,#17982,#17983);
#17981 = CARTESIAN_POINT('',(93.66,-16.5,125.74));
#17982 = DIRECTION('',(0.,-1.,1.224646799147E-16));
#17983 = DIRECTION('',(0.,-1.224646799147E-16,-1.));
#17984 = ADVANCED_FACE('',(#17985),#17996,.F.);
#17985 = FACE_BOUND('',#17986,.F.);
#17986 = EDGE_LOOP('',(#17987,#17988,#17989,#17995));
#17987 = ORIENTED_EDGE('',*,*,#17819,.F.);
#17988 = ORIENTED_EDGE('',*,*,#17966,.T.);
#17989 = ORIENTED_EDGE('',*,*,#17990,.T.);
#17990 = EDGE_CURVE('',#17967,#17919,#17991,.T.);
#17991 = LINE('',#17992,#17993);
#17992 = CARTESIAN_POINT('',(110.66,-16.5,122.74));
#17993 = VECTOR('',#17994,1.);
#17994 = DIRECTION('',(0.,-1.,1.224646799147E-16));
#17995 = ORIENTED_EDGE('',*,*,#17926,.F.);
#17996 = PLANE('',#17997);
#17997 = AXIS2_PLACEMENT_3D('',#17998,#17999,#18000);
#17998 = CARTESIAN_POINT('',(93.66,-16.5,122.74));
#17999 = DIRECTION('',(0.,-1.224646799147E-16,-1.));
#18000 = DIRECTION('',(1.,0.,0.));
#18001 = ADVANCED_FACE('',(#18002,#18005),#18033,.F.);
#18002 = FACE_BOUND('',#18003,.F.);
#18003 = EDGE_LOOP('',(#18004));
#18004 = ORIENTED_EDGE('',*,*,#17802,.T.);
#18005 = FACE_BOUND('',#18006,.F.);
#18006 = EDGE_LOOP('',(#18007,#18018,#18026));
#18007 = ORIENTED_EDGE('',*,*,#18008,.F.);
#18008 = EDGE_CURVE('',#18009,#18011,#18013,.T.);
#18009 = VERTEX_POINT('',#18010);
#18010 = CARTESIAN_POINT('',(107.65687743759,-2.816687638039E-16,121.94)
  );
#18011 = VERTEX_POINT('',#18012);
#18012 = CARTESIAN_POINT('',(109.66,-3.735172737399E-16,121.19));
#18013 = CIRCLE('',#18014,3.05);
#18014 = AXIS2_PLACEMENT_3D('',#18015,#18016,#18017);
#18015 = CARTESIAN_POINT('',(109.66,0.,124.24));
#18016 = DIRECTION('',(0.,-1.,1.224646799147E-16));
#18017 = DIRECTION('',(0.,-1.224646799147E-16,-1.));
#18018 = ORIENTED_EDGE('',*,*,#18019,.T.);
#18019 = EDGE_CURVE('',#18009,#18020,#18022,.T.);
#18020 = VERTEX_POINT('',#18021);
#18021 = CARTESIAN_POINT('',(107.65687743759,2.816687638039E-16,126.54)
  );
#18022 = LINE('',#18023,#18024);
#18023 = CARTESIAN_POINT('',(107.65687743759,2.479909768273E-16,126.265)
  );
#18024 = VECTOR('',#18025,1.);
#18025 = DIRECTION('',(0.,1.224646799147E-16,1.));
#18026 = ORIENTED_EDGE('',*,*,#18027,.F.);
#18027 = EDGE_CURVE('',#18011,#18020,#18028,.T.);
#18028 = CIRCLE('',#18029,3.05);
#18029 = AXIS2_PLACEMENT_3D('',#18030,#18031,#18032);
#18030 = CARTESIAN_POINT('',(109.66,0.,124.24));
#18031 = DIRECTION('',(0.,-1.,1.224646799147E-16));
#18032 = DIRECTION('',(0.,-1.224646799147E-16,-1.));
#18033 = PLANE('',#18034);
#18034 = AXIS2_PLACEMENT_3D('',#18035,#18036,#18037);
#18035 = CARTESIAN_POINT('',(109.66,0.,124.24));
#18036 = DIRECTION('',(0.,-1.,1.224646799147E-16));
#18037 = DIRECTION('',(0.,-1.224646799147E-16,-1.));
#18038 = ADVANCED_FACE('',(#18039),#18058,.F.);
#18039 = FACE_BOUND('',#18040,.F.);
#18040 = EDGE_LOOP('',(#18041,#18050,#18056,#18057));
#18041 = ORIENTED_EDGE('',*,*,#18042,.F.);
#18042 = EDGE_CURVE('',#18043,#18043,#18045,.T.);
#18043 = VERTEX_POINT('',#18044);
#18044 = CARTESIAN_POINT('',(107.65687743759,-7.,122.54));
#18045 = CIRCLE('',#18046,1.7);
#18046 = AXIS2_PLACEMENT_3D('',#18047,#18048,#18049);
#18047 = CARTESIAN_POINT('',(107.65687743759,-7.,124.24));
#18048 = DIRECTION('',(1.,0.,0.));
#18049 = DIRECTION('',(0.,-1.224646799147E-16,-1.));
#18050 = ORIENTED_EDGE('',*,*,#18051,.F.);
#18051 = EDGE_CURVE('',#17845,#18043,#18052,.T.);
#18052 = LINE('',#18053,#18054);
#18053 = CARTESIAN_POINT('',(93.66,-7.,122.54));
#18054 = VECTOR('',#18055,1.);
#18055 = DIRECTION('',(1.,0.,0.));
#18056 = ORIENTED_EDGE('',*,*,#17844,.T.);
#18057 = ORIENTED_EDGE('',*,*,#18051,.T.);
#18058 = CYLINDRICAL_SURFACE('',#18059,1.7);
#18059 = AXIS2_PLACEMENT_3D('',#18060,#18061,#18062);
#18060 = CARTESIAN_POINT('',(93.66,-7.,124.24));
#18061 = DIRECTION('',(1.,0.,0.));
#18062 = DIRECTION('',(0.,-1.224646799147E-16,-1.));
#18063 = ADVANCED_FACE('',(#18064),#18070,.F.);
#18064 = FACE_BOUND('',#18065,.F.);
#18065 = EDGE_LOOP('',(#18066,#18067,#18068,#18069));
#18066 = ORIENTED_EDGE('',*,*,#17990,.F.);
#18067 = ORIENTED_EDGE('',*,*,#17974,.F.);
#18068 = ORIENTED_EDGE('',*,*,#17949,.T.);
#18069 = ORIENTED_EDGE('',*,*,#17918,.F.);
#18070 = PLANE('',#18071);
#18071 = AXIS2_PLACEMENT_3D('',#18072,#18073,#18074);
#18072 = CARTESIAN_POINT('',(110.66,-16.5,125.74));
#18073 = DIRECTION('',(1.,0.,0.));
#18074 = DIRECTION('',(0.,-1.224646799147E-16,-1.));
#18075 = ADVANCED_FACE('',(#18076),#18102,.F.);
#18076 = FACE_BOUND('',#18077,.F.);
#18077 = EDGE_LOOP('',(#18078,#18086,#18095,#18101));
#18078 = ORIENTED_EDGE('',*,*,#18079,.T.);
#18079 = EDGE_CURVE('',#18011,#18080,#18082,.T.);
#18080 = VERTEX_POINT('',#18081);
#18081 = CARTESIAN_POINT('',(109.66,-14.,121.19));
#18082 = LINE('',#18083,#18084);
#18083 = CARTESIAN_POINT('',(109.66,-3.735172737399E-16,121.19));
#18084 = VECTOR('',#18085,1.);
#18085 = DIRECTION('',(0.,-1.,1.224646799147E-16));
#18086 = ORIENTED_EDGE('',*,*,#18087,.F.);
#18087 = EDGE_CURVE('',#18088,#18080,#18090,.T.);
#18088 = VERTEX_POINT('',#18089);
#18089 = CARTESIAN_POINT('',(107.65687743759,-14.,121.94));
#18090 = CIRCLE('',#18091,3.05);
#18091 = AXIS2_PLACEMENT_3D('',#18092,#18093,#18094);
#18092 = CARTESIAN_POINT('',(109.66,-14.,124.24));
#18093 = DIRECTION('',(0.,-1.,1.224646799147E-16));
#18094 = DIRECTION('',(0.,-1.224646799147E-16,-1.));
#18095 = ORIENTED_EDGE('',*,*,#18096,.F.);
#18096 = EDGE_CURVE('',#18009,#18088,#18097,.T.);
#18097 = LINE('',#18098,#18099);
#18098 = CARTESIAN_POINT('',(107.65687743759,-2.816687638039E-16,121.94)
  );
#18099 = VECTOR('',#18100,1.);
#18100 = DIRECTION('',(0.,-1.,1.224646799147E-16));
#18101 = ORIENTED_EDGE('',*,*,#18008,.T.);
#18102 = CYLINDRICAL_SURFACE('',#18103,3.05);
#18103 = AXIS2_PLACEMENT_3D('',#18104,#18105,#18106);
#18104 = CARTESIAN_POINT('',(109.66,0.,124.24));
#18105 = DIRECTION('',(0.,-1.,1.224646799147E-16));
#18106 = DIRECTION('',(0.,-1.224646799147E-16,-1.));
#18107 = ADVANCED_FACE('',(#18108,#18127),#18236,.F.);
#18108 = FACE_BOUND('',#18109,.F.);
#18109 = EDGE_LOOP('',(#18110,#18119,#18120,#18121));
#18110 = ORIENTED_EDGE('',*,*,#18111,.F.);
#18111 = EDGE_CURVE('',#18080,#18112,#18114,.T.);
#18112 = VERTEX_POINT('',#18113);
#18113 = CARTESIAN_POINT('',(107.65687743759,-14.,126.54));
#18114 = CIRCLE('',#18115,3.05);
#18115 = AXIS2_PLACEMENT_3D('',#18116,#18117,#18118);
#18116 = CARTESIAN_POINT('',(109.66,-14.,124.24));
#18117 = DIRECTION('',(0.,-1.,1.224646799147E-16));
#18118 = DIRECTION('',(0.,-1.224646799147E-16,-1.));
#18119 = ORIENTED_EDGE('',*,*,#18079,.F.);
#18120 = ORIENTED_EDGE('',*,*,#18027,.T.);
#18121 = ORIENTED_EDGE('',*,*,#18122,.T.);
#18122 = EDGE_CURVE('',#18020,#18112,#18123,.T.);
#18123 = LINE('',#18124,#18125);
#18124 = CARTESIAN_POINT('',(107.65687743759,2.816687638039E-16,126.54)
  );
#18125 = VECTOR('',#18126,1.);
#18126 = DIRECTION('',(0.,-1.,1.224646799147E-16));
#18127 = FACE_BOUND('',#18128,.F.);
#18128 = EDGE_LOOP('',(#18129));
#18129 = ORIENTED_EDGE('',*,*,#18130,.F.);
#18130 = EDGE_CURVE('',#18131,#18131,#18133,.T.);
#18131 = VERTEX_POINT('',#18132);
#18132 = CARTESIAN_POINT('',(112.19229145242,-7.,122.54));
#18133 = B_SPLINE_CURVE_WITH_KNOTS('',6,(#18134,#18135,#18136,#18137,
    #18138,#18139,#18140,#18141,#18142,#18143,#18144,#18145,#18146,
    #18147,#18148,#18149,#18150,#18151,#18152,#18153,#18154,#18155,
    #18156,#18157,#18158,#18159,#18160,#18161,#18162,#18163,#18164,
    #18165,#18166,#18167,#18168,#18169,#18170,#18171,#18172,#18173,
    #18174,#18175,#18176,#18177,#18178,#18179,#18180,#18181,#18182,
    #18183,#18184,#18185,#18186,#18187,#18188,#18189,#18190,#18191,
    #18192,#18193,#18194,#18195,#18196,#18197,#18198,#18199,#18200,
    #18201,#18202,#18203,#18204,#18205,#18206,#18207,#18208,#18209,
    #18210,#18211,#18212,#18213,#18214,#18215,#18216,#18217,#18218,
    #18219,#18220,#18221,#18222,#18223,#18224,#18225,#18226,#18227,
    #18228,#18229,#18230,#18231,#18232,#18233,#18234,#18235),
  .UNSPECIFIED.,.T.,.F.,(7,5,5,5,5,5,5,5,5,5,5,5,5,5,5,5,5,5,5,5,7),(0.,
    4.905640279705E-02,9.617678607244E-02,0.14394412294,0.188206368382,
    0.249750032216,0.311297453245,0.354983037827,0.403345746471,
    0.450683953145,0.499494248535,0.548548251975,0.595666330583,
    0.661166296605,0.71013839182,0.749348165025,0.811119261254,
    0.854963607677,0.903502075733,0.951012318582,1.),.UNSPECIFIED.);
#18134 = CARTESIAN_POINT('',(112.19229145242,-7.,122.54));
#18135 = CARTESIAN_POINT('',(112.19229145242,-6.919632204633,122.54));
#18136 = CARTESIAN_POINT('',(112.19535176966,-6.839310264136,
    122.54455937218));
#18137 = CARTESIAN_POINT('',(112.20146809131,-6.759316682532,
    122.55366795652));
#18138 = CARTESIAN_POINT('',(112.21052989603,-6.679947996711,
    122.5673015208));
#18139 = CARTESIAN_POINT('',(112.22233053025,-6.601514844336,
    122.58540909065));
#18140 = CARTESIAN_POINT('',(112.250261788,-6.450214857728,
    122.62950384989));
#18141 = CARTESIAN_POINT('',(112.26620401719,-6.377247853256,
    122.65515247025));
#18142 = CARTESIAN_POINT('',(112.28417149619,-6.305594874207,
    122.68480541767));
#18143 = CARTESIAN_POINT('',(112.30389105233,-6.235430961433,
    122.71843601204));
#18144 = CARTESIAN_POINT('',(112.32505745517,-6.16695375402,
    122.75602257146));
#18145 = CARTESIAN_POINT('',(112.36993261913,-6.032902073806,
    122.83962618091));
#18146 = CARTESIAN_POINT('',(112.39367932398,-5.967359147569,
    122.88576478923));
#18147 = CARTESIAN_POINT('',(112.41826804599,-5.903910092014,
    122.93598460042));
#18148 = CARTESIAN_POINT('',(112.44336329959,-5.84276049337,
    122.99033165212));
#18149 = CARTESIAN_POINT('',(112.46860524981,-5.784170013926,
    123.04886454072));
#18150 = CARTESIAN_POINT('',(112.51677363034,-5.676827976569,
    123.169829037));
#18151 = CARTESIAN_POINT('',(112.53974924384,-5.627636060163,
    123.23169779505));
#18152 = CARTESIAN_POINT('',(112.56220804704,-5.581176208535,
    123.29727774218));
#18153 = CARTESIAN_POINT('',(112.58379857083,-5.537786536501,
    123.36657063425));
#18154 = CARTESIAN_POINT('',(112.60414794707,-5.497849296787,
    123.43955382141));
#18155 = CARTESIAN_POINT('',(112.64889329057,-5.411661569999,
    123.62271206404));
#18156 = CARTESIAN_POINT('',(112.67195415007,-5.368674629153,
    123.73704736082));
#18157 = CARTESIAN_POINT('',(112.69055047063,-5.334895694505,
    123.85773709043));
#18158 = CARTESIAN_POINT('',(112.70346516335,-5.311724017804,
    123.98305789676));
#18159 = CARTESIAN_POINT('',(112.71,-5.3,124.11112411805));
#18160 = CARTESIAN_POINT('',(112.71,-5.3,124.36888374972));
#18161 = CARTESIAN_POINT('',(112.7034643615,-5.311725448023,
    124.49694710577));
#18162 = CARTESIAN_POINT('',(112.69055013493,-5.334896316563,
    124.62225978061));
#18163 = CARTESIAN_POINT('',(112.67195568718,-5.368671957369,
    124.74294208847));
#18164 = CARTESIAN_POINT('',(112.64889604328,-5.411656267785,
    124.85727666818));
#18165 = CARTESIAN_POINT('',(112.60439099104,-5.497381149585,
    125.03945131513));
#18166 = CARTESIAN_POINT('',(112.58432638186,-5.536750778616,
    125.11153494738));
#18167 = CARTESIAN_POINT('',(112.56304746863,-5.579489697281,
    125.1800244461));
#18168 = CARTESIAN_POINT('',(112.54091331984,-5.625229237922,
    125.2448966963));
#18169 = CARTESIAN_POINT('',(112.51826283749,-5.673642328682,
    125.30615204625));
#18170 = CARTESIAN_POINT('',(112.47011121453,-5.780677411307,
    125.42764024643));
#18171 = CARTESIAN_POINT('',(112.44454640021,-5.839877720944,
    125.48710748534));
#18172 = CARTESIAN_POINT('',(112.41911892394,-5.901710897002,
    125.54228120164));
#18173 = CARTESIAN_POINT('',(112.39420288563,-5.965906048819,
    125.59322255508));
#18174 = CARTESIAN_POINT('',(112.37014668978,-6.032249360409,
    125.63997965655));
#18175 = CARTESIAN_POINT('',(112.32489031057,-6.167466046602,
    125.72428425197));
#18176 = CARTESIAN_POINT('',(112.30363349498,-6.23627698018,
    125.76201855421));
#18177 = CARTESIAN_POINT('',(112.28383921442,-6.306789229187,
    125.79575967501));
#18178 = CARTESIAN_POINT('',(112.26581696802,-6.378802181078,
    125.82548545701));
#18179 = CARTESIAN_POINT('',(112.24984347945,-6.45213820919,
    125.85116873377));
#18180 = CARTESIAN_POINT('',(112.22203845701,-6.603461095182,
    125.89503902829));
#18181 = CARTESIAN_POINT('',(112.21035049179,-6.681523201318,
    125.91296836268));
#18182 = CARTESIAN_POINT('',(112.20137724339,-6.760507490299,
    125.92646733084));
#18183 = CARTESIAN_POINT('',(112.19532144476,-6.840107735503,
    125.93548582033));
#18184 = CARTESIAN_POINT('',(112.19229145242,-6.920031484555,125.94));
#18185 = CARTESIAN_POINT('',(112.19229145242,-7.080367795367,125.94));
#18186 = CARTESIAN_POINT('',(112.19535176966,-7.160689735864,
    125.93544062781));
#18187 = CARTESIAN_POINT('',(112.20146809131,-7.240683317468,
    125.92633204347));
#18188 = CARTESIAN_POINT('',(112.21052989603,-7.320052003289,
    125.91269847919));
#18189 = CARTESIAN_POINT('',(112.22233053025,-7.398485155664,
    125.89459090934));
#18190 = CARTESIAN_POINT('',(112.250261788,-7.549785142272,
    125.8504961501));
#18191 = CARTESIAN_POINT('',(112.26620401719,-7.622752146744,
    125.82484752974));
#18192 = CARTESIAN_POINT('',(112.28417149619,-7.694405125793,
    125.79519458232));
#18193 = CARTESIAN_POINT('',(112.30389105233,-7.764569038567,
    125.76156398796));
#18194 = CARTESIAN_POINT('',(112.32505745517,-7.83304624598,
    125.72397742853));
#18195 = CARTESIAN_POINT('',(112.37832041061,-7.992154047262,
    125.62474714319));
#18196 = CARTESIAN_POINT('',(112.41147178588,-8.081041606534,
    125.55941572022));
#18197 = CARTESIAN_POINT('',(112.44598276236,-8.165875103122,
    125.48640098436));
#18198 = CARTESIAN_POINT('',(112.48097792259,-8.246098477784,
    125.40554457194));
#18199 = CARTESIAN_POINT('',(112.51548391382,-8.320941421415,
    125.31666609088));
#18200 = CARTESIAN_POINT('',(112.57299889704,-8.440511642411,
    125.14708654247));
#18201 = CARTESIAN_POINT('',(112.59675806818,-8.488168314574,
    125.06984551539));
#18202 = CARTESIAN_POINT('',(112.61913020134,-8.531716732193,
    124.98803620191));
#18203 = CARTESIAN_POINT('',(112.63955788499,-8.570549600191,
    124.9018442751));
#18204 = CARTESIAN_POINT('',(112.65749082432,-8.604053417095,
    124.81151909396));
#18205 = CARTESIAN_POINT('',(112.68435430157,-8.653651300186,
    124.64200148327));
#18206 = CARTESIAN_POINT('',(112.69436410921,-8.671878844854,
    124.56419741665));
#18207 = CARTESIAN_POINT('',(112.70211248542,-8.685850114902,
    124.4845097283));
#18208 = CARTESIAN_POINT('',(112.70736695557,-8.695275310613,
    124.40351507921));
#18209 = CARTESIAN_POINT('',(112.71,-8.7,124.32181014916));
#18210 = CARTESIAN_POINT('',(112.71,-8.7,124.11111625027));
#18211 = CARTESIAN_POINT('',(112.7034643615,-8.688274551977,
    123.98305289423));
#18212 = CARTESIAN_POINT('',(112.69055013493,-8.665103683437,
    123.85774021938));
#18213 = CARTESIAN_POINT('',(112.67195568718,-8.631328042631,
    123.73705791152));
#18214 = CARTESIAN_POINT('',(112.64889604328,-8.588343732215,
    123.62272333182));
#18215 = CARTESIAN_POINT('',(112.60439099104,-8.502618850415,
    123.44054868486));
#18216 = CARTESIAN_POINT('',(112.58432638186,-8.463249221384,
    123.36846505261));
#18217 = CARTESIAN_POINT('',(112.56304746863,-8.420510302719,
    123.29997555389));
#18218 = CARTESIAN_POINT('',(112.54091331984,-8.374770762078,
    123.23510330369));
#18219 = CARTESIAN_POINT('',(112.51826283749,-8.326357671318,
    123.17384795375));
#18220 = CARTESIAN_POINT('',(112.47011121453,-8.219322588693,
    123.05235975356));
#18221 = CARTESIAN_POINT('',(112.44454640021,-8.160122279057,
    122.99289251465));
#18222 = CARTESIAN_POINT('',(112.41911892394,-8.098289102998,
    122.93771879835));
#18223 = CARTESIAN_POINT('',(112.39420288563,-8.034093951181,
    122.88677744491));
#18224 = CARTESIAN_POINT('',(112.37014668978,-7.967750639591,
    122.84002034344));
#18225 = CARTESIAN_POINT('',(112.32489031057,-7.832533953398,
    122.75571574802));
#18226 = CARTESIAN_POINT('',(112.30363349498,-7.76372301982,
    122.71798144579));
#18227 = CARTESIAN_POINT('',(112.28383921442,-7.693210770813,
    122.68424032498));
#18228 = CARTESIAN_POINT('',(112.26581696802,-7.621197818922,
    122.65451454298));
#18229 = CARTESIAN_POINT('',(112.24984347945,-7.54786179081,
    122.62883126622));
#18230 = CARTESIAN_POINT('',(112.22203845701,-7.396538904818,
    122.5849609717));
#18231 = CARTESIAN_POINT('',(112.21035049179,-7.318476798682,
    122.56703163731));
#18232 = CARTESIAN_POINT('',(112.20137724339,-7.239492509701,
    122.55353266915));
#18233 = CARTESIAN_POINT('',(112.19532144476,-7.159892264497,
    122.54451417966));
#18234 = CARTESIAN_POINT('',(112.19229145242,-7.079968515445,122.54));
#18235 = CARTESIAN_POINT('',(112.19229145242,-7.,122.54));
#18236 = CYLINDRICAL_SURFACE('',#18237,3.05);
#18237 = AXIS2_PLACEMENT_3D('',#18238,#18239,#18240);
#18238 = CARTESIAN_POINT('',(109.66,0.,124.24));
#18239 = DIRECTION('',(0.,-1.,1.224646799147E-16));
#18240 = DIRECTION('',(0.,-1.224646799147E-16,-1.));
#18241 = ADVANCED_FACE('',(#18242,#18253),#18256,.T.);
#18242 = FACE_BOUND('',#18243,.T.);
#18243 = EDGE_LOOP('',(#18244,#18245,#18246,#18247));
#18244 = ORIENTED_EDGE('',*,*,#18096,.F.);
#18245 = ORIENTED_EDGE('',*,*,#18019,.T.);
#18246 = ORIENTED_EDGE('',*,*,#18122,.T.);
#18247 = ORIENTED_EDGE('',*,*,#18248,.F.);
#18248 = EDGE_CURVE('',#18088,#18112,#18249,.T.);
#18249 = LINE('',#18250,#18251);
#18250 = CARTESIAN_POINT('',(107.65687743759,-14.,126.265));
#18251 = VECTOR('',#18252,1.);
#18252 = DIRECTION('',(0.,1.224646799147E-16,1.));
#18253 = FACE_BOUND('',#18254,.T.);
#18254 = EDGE_LOOP('',(#18255));
#18255 = ORIENTED_EDGE('',*,*,#18042,.F.);
#18256 = PLANE('',#18257);
#18257 = AXIS2_PLACEMENT_3D('',#18258,#18259,#18260);
#18258 = CARTESIAN_POINT('',(107.65687743759,1.,128.29));
#18259 = DIRECTION('',(1.,0.,0.));
#18260 = DIRECTION('',(0.,-1.224646799147E-16,-1.));
#18261 = ADVANCED_FACE('',(#18262),#18267,.F.);
#18262 = FACE_BOUND('',#18263,.F.);
#18263 = EDGE_LOOP('',(#18264,#18265,#18266));
#18264 = ORIENTED_EDGE('',*,*,#18087,.T.);
#18265 = ORIENTED_EDGE('',*,*,#18111,.T.);
#18266 = ORIENTED_EDGE('',*,*,#18248,.F.);
#18267 = PLANE('',#18268);
#18268 = AXIS2_PLACEMENT_3D('',#18269,#18270,#18271);
#18269 = CARTESIAN_POINT('',(109.66,-14.,124.24));
#18270 = DIRECTION('',(0.,-1.,1.224646799147E-16));
#18271 = DIRECTION('',(0.,-1.224646799147E-16,-1.));
#18272 = ADVANCED_FACE('',(#18273),#18292,.F.);
#18273 = FACE_BOUND('',#18274,.F.);
#18274 = EDGE_LOOP('',(#18275,#18283,#18290,#18291));
#18275 = ORIENTED_EDGE('',*,*,#18276,.T.);
#18276 = EDGE_CURVE('',#18131,#18277,#18279,.T.);
#18277 = VERTEX_POINT('',#18278);
#18278 = CARTESIAN_POINT('',(123.66,-7.,122.54));
#18279 = LINE('',#18280,#18281);
#18280 = CARTESIAN_POINT('',(93.66,-7.,122.54));
#18281 = VECTOR('',#18282,1.);
#18282 = DIRECTION('',(1.,0.,0.));
#18283 = ORIENTED_EDGE('',*,*,#18284,.F.);
#18284 = EDGE_CURVE('',#18277,#18277,#18285,.T.);
#18285 = CIRCLE('',#18286,1.7);
#18286 = AXIS2_PLACEMENT_3D('',#18287,#18288,#18289);
#18287 = CARTESIAN_POINT('',(123.66,-7.,124.24));
#18288 = DIRECTION('',(1.,0.,0.));
#18289 = DIRECTION('',(0.,-1.224646799147E-16,-1.));
#18290 = ORIENTED_EDGE('',*,*,#18276,.F.);
#18291 = ORIENTED_EDGE('',*,*,#18130,.T.);
#18292 = CYLINDRICAL_SURFACE('',#18293,1.7);
#18293 = AXIS2_PLACEMENT_3D('',#18294,#18295,#18296);
#18294 = CARTESIAN_POINT('',(93.66,-7.,124.24));
#18295 = DIRECTION('',(1.,0.,0.));
#18296 = DIRECTION('',(0.,-1.224646799147E-16,-1.));
#18297 = ADVANCED_FACE('',(#18298),#18301,.F.);
#18298 = FACE_BOUND('',#18299,.F.);
#18299 = EDGE_LOOP('',(#18300));
#18300 = ORIENTED_EDGE('',*,*,#18284,.T.);
#18301 = PLANE('',#18302);
#18302 = AXIS2_PLACEMENT_3D('',#18303,#18304,#18305);
#18303 = CARTESIAN_POINT('',(123.66,-7.,124.24));
#18304 = DIRECTION('',(1.,0.,0.));
#18305 = DIRECTION('',(0.,-1.224646799147E-16,-1.));
#18306 = MANIFOLD_SOLID_BREP('',#18307);
#18307 = CLOSED_SHELL('',(#18308,#18348,#18388,#18410,#18432,#18444));
#18308 = ADVANCED_FACE('',(#18309),#18343,.F.);
#18309 = FACE_BOUND('',#18310,.F.);
#18310 = EDGE_LOOP('',(#18311,#18321,#18329,#18337));
#18311 = ORIENTED_EDGE('',*,*,#18312,.F.);
#18312 = EDGE_CURVE('',#18313,#18315,#18317,.T.);
#18313 = VERTEX_POINT('',#18314);
#18314 = CARTESIAN_POINT('',(102.81,0.,49.19));
#18315 = VERTEX_POINT('',#18316);
#18316 = CARTESIAN_POINT('',(102.81,0.,54.89));
#18317 = LINE('',#18318,#18319);
#18318 = CARTESIAN_POINT('',(102.81,0.,49.19));
#18319 = VECTOR('',#18320,1.);
#18320 = DIRECTION('',(0.,0.,1.));
#18321 = ORIENTED_EDGE('',*,*,#18322,.T.);
#18322 = EDGE_CURVE('',#18313,#18323,#18325,.T.);
#18323 = VERTEX_POINT('',#18324);
#18324 = CARTESIAN_POINT('',(102.81,1.5,49.19));
#18325 = LINE('',#18326,#18327);
#18326 = CARTESIAN_POINT('',(102.81,0.,49.19));
#18327 = VECTOR('',#18328,1.);
#18328 = DIRECTION('',(0.,1.,0.));
#18329 = ORIENTED_EDGE('',*,*,#18330,.T.);
#18330 = EDGE_CURVE('',#18323,#18331,#18333,.T.);
#18331 = VERTEX_POINT('',#18332);
#18332 = CARTESIAN_POINT('',(102.81,1.5,54.89));
#18333 = LINE('',#18334,#18335);
#18334 = CARTESIAN_POINT('',(102.81,1.5,49.19));
#18335 = VECTOR('',#18336,1.);
#18336 = DIRECTION('',(0.,0.,1.));
#18337 = ORIENTED_EDGE('',*,*,#18338,.F.);
#18338 = EDGE_CURVE('',#18315,#18331,#18339,.T.);
#18339 = LINE('',#18340,#18341);
#18340 = CARTESIAN_POINT('',(102.81,0.,54.89));
#18341 = VECTOR('',#18342,1.);
#18342 = DIRECTION('',(0.,1.,0.));
#18343 = PLANE('',#18344);
#18344 = AXIS2_PLACEMENT_3D('',#18345,#18346,#18347);
#18345 = CARTESIAN_POINT('',(102.81,0.,49.19));
#18346 = DIRECTION('',(1.,0.,0.));
#18347 = DIRECTION('',(0.,0.,1.));
#18348 = ADVANCED_FACE('',(#18349),#18383,.T.);
#18349 = FACE_BOUND('',#18350,.T.);
#18350 = EDGE_LOOP('',(#18351,#18361,#18369,#18377));
#18351 = ORIENTED_EDGE('',*,*,#18352,.F.);
#18352 = EDGE_CURVE('',#18353,#18355,#18357,.T.);
#18353 = VERTEX_POINT('',#18354);
#18354 = CARTESIAN_POINT('',(116.51,0.,49.19));
#18355 = VERTEX_POINT('',#18356);
#18356 = CARTESIAN_POINT('',(116.51,0.,54.89));
#18357 = LINE('',#18358,#18359);
#18358 = CARTESIAN_POINT('',(116.51,0.,49.19));
#18359 = VECTOR('',#18360,1.);
#18360 = DIRECTION('',(0.,0.,1.));
#18361 = ORIENTED_EDGE('',*,*,#18362,.T.);
#18362 = EDGE_CURVE('',#18353,#18363,#18365,.T.);
#18363 = VERTEX_POINT('',#18364);
#18364 = CARTESIAN_POINT('',(116.51,1.5,49.19));
#18365 = LINE('',#18366,#18367);
#18366 = CARTESIAN_POINT('',(116.51,0.,49.19));
#18367 = VECTOR('',#18368,1.);
#18368 = DIRECTION('',(0.,1.,0.));
#18369 = ORIENTED_EDGE('',*,*,#18370,.T.);
#18370 = EDGE_CURVE('',#18363,#18371,#18373,.T.);
#18371 = VERTEX_POINT('',#18372);
#18372 = CARTESIAN_POINT('',(116.51,1.5,54.89));
#18373 = LINE('',#18374,#18375);
#18374 = CARTESIAN_POINT('',(116.51,1.5,49.19));
#18375 = VECTOR('',#18376,1.);
#18376 = DIRECTION('',(0.,0.,1.));
#18377 = ORIENTED_EDGE('',*,*,#18378,.F.);
#18378 = EDGE_CURVE('',#18355,#18371,#18379,.T.);
#18379 = LINE('',#18380,#18381);
#18380 = CARTESIAN_POINT('',(116.51,0.,54.89));
#18381 = VECTOR('',#18382,1.);
#18382 = DIRECTION('',(0.,1.,0.));
#18383 = PLANE('',#18384);
#18384 = AXIS2_PLACEMENT_3D('',#18385,#18386,#18387);
#18385 = CARTESIAN_POINT('',(116.51,0.,49.19));
#18386 = DIRECTION('',(1.,0.,0.));
#18387 = DIRECTION('',(0.,0.,1.));
#18388 = ADVANCED_FACE('',(#18389),#18405,.F.);
#18389 = FACE_BOUND('',#18390,.F.);
#18390 = EDGE_LOOP('',(#18391,#18397,#18398,#18404));
#18391 = ORIENTED_EDGE('',*,*,#18392,.F.);
#18392 = EDGE_CURVE('',#18313,#18353,#18393,.T.);
#18393 = LINE('',#18394,#18395);
#18394 = CARTESIAN_POINT('',(102.81,0.,49.19));
#18395 = VECTOR('',#18396,1.);
#18396 = DIRECTION('',(1.,0.,0.));
#18397 = ORIENTED_EDGE('',*,*,#18312,.T.);
#18398 = ORIENTED_EDGE('',*,*,#18399,.T.);
#18399 = EDGE_CURVE('',#18315,#18355,#18400,.T.);
#18400 = LINE('',#18401,#18402);
#18401 = CARTESIAN_POINT('',(102.81,0.,54.89));
#18402 = VECTOR('',#18403,1.);
#18403 = DIRECTION('',(1.,0.,0.));
#18404 = ORIENTED_EDGE('',*,*,#18352,.F.);
#18405 = PLANE('',#18406);
#18406 = AXIS2_PLACEMENT_3D('',#18407,#18408,#18409);
#18407 = CARTESIAN_POINT('',(102.81,0.,49.19));
#18408 = DIRECTION('',(0.,1.,0.));
#18409 = DIRECTION('',(0.,0.,1.));
#18410 = ADVANCED_FACE('',(#18411),#18427,.T.);
#18411 = FACE_BOUND('',#18412,.T.);
#18412 = EDGE_LOOP('',(#18413,#18419,#18420,#18426));
#18413 = ORIENTED_EDGE('',*,*,#18414,.F.);
#18414 = EDGE_CURVE('',#18323,#18363,#18415,.T.);
#18415 = LINE('',#18416,#18417);
#18416 = CARTESIAN_POINT('',(102.81,1.5,49.19));
#18417 = VECTOR('',#18418,1.);
#18418 = DIRECTION('',(1.,0.,0.));
#18419 = ORIENTED_EDGE('',*,*,#18330,.T.);
#18420 = ORIENTED_EDGE('',*,*,#18421,.T.);
#18421 = EDGE_CURVE('',#18331,#18371,#18422,.T.);
#18422 = LINE('',#18423,#18424);
#18423 = CARTESIAN_POINT('',(102.81,1.5,54.89));
#18424 = VECTOR('',#18425,1.);
#18425 = DIRECTION('',(1.,0.,0.));
#18426 = ORIENTED_EDGE('',*,*,#18370,.F.);
#18427 = PLANE('',#18428);
#18428 = AXIS2_PLACEMENT_3D('',#18429,#18430,#18431);
#18429 = CARTESIAN_POINT('',(102.81,1.5,49.19));
#18430 = DIRECTION('',(0.,1.,0.));
#18431 = DIRECTION('',(0.,0.,1.));
#18432 = ADVANCED_FACE('',(#18433),#18439,.F.);
#18433 = FACE_BOUND('',#18434,.F.);
#18434 = EDGE_LOOP('',(#18435,#18436,#18437,#18438));
#18435 = ORIENTED_EDGE('',*,*,#18322,.F.);
#18436 = ORIENTED_EDGE('',*,*,#18392,.T.);
#18437 = ORIENTED_EDGE('',*,*,#18362,.T.);
#18438 = ORIENTED_EDGE('',*,*,#18414,.F.);
#18439 = PLANE('',#18440);
#18440 = AXIS2_PLACEMENT_3D('',#18441,#18442,#18443);
#18441 = CARTESIAN_POINT('',(102.81,0.,49.19));
#18442 = DIRECTION('',(0.,0.,1.));
#18443 = DIRECTION('',(1.,0.,0.));
#18444 = ADVANCED_FACE('',(#18445),#18451,.T.);
#18445 = FACE_BOUND('',#18446,.T.);
#18446 = EDGE_LOOP('',(#18447,#18448,#18449,#18450));
#18447 = ORIENTED_EDGE('',*,*,#18338,.F.);
#18448 = ORIENTED_EDGE('',*,*,#18399,.T.);
#18449 = ORIENTED_EDGE('',*,*,#18378,.T.);
#18450 = ORIENTED_EDGE('',*,*,#18421,.F.);
#18451 = PLANE('',#18452);
#18452 = AXIS2_PLACEMENT_3D('',#18453,#18454,#18455);
#18453 = CARTESIAN_POINT('',(102.81,0.,54.89));
#18454 = DIRECTION('',(0.,0.,1.));
#18455 = DIRECTION('',(1.,0.,0.));
#18456 = MANIFOLD_SOLID_BREP('',#18457);
#18457 = CLOSED_SHELL('',(#18458,#18647,#18738,#18837,#18864,#18891,
    #18918,#18945,#18962,#18979,#18996,#19028,#19062,#19080,#19097,
    #19122));
#18458 = ADVANCED_FACE('',(#18459),#18642,.T.);
#18459 = FACE_BOUND('',#18460,.T.);
#18460 = EDGE_LOOP('',(#18461,#18470,#18478,#18487,#18515,#18524,#18551,
    #18560,#18588,#18597,#18634,#18641));
#18461 = ORIENTED_EDGE('',*,*,#18462,.F.);
#18462 = EDGE_CURVE('',#18463,#18463,#18465,.T.);
#18463 = VERTEX_POINT('',#18464);
#18464 = CARTESIAN_POINT('',(-45.,57.56,62.5));
#18465 = CIRCLE('',#18466,28.);
#18466 = AXIS2_PLACEMENT_3D('',#18467,#18468,#18469);
#18467 = CARTESIAN_POINT('',(-45.,57.56,34.5));
#18468 = DIRECTION('',(0.,1.,0.));
#18469 = DIRECTION('',(0.,0.,1.));
#18470 = ORIENTED_EDGE('',*,*,#18471,.F.);
#18471 = EDGE_CURVE('',#18472,#18463,#18474,.T.);
#18472 = VERTEX_POINT('',#18473);
#18473 = CARTESIAN_POINT('',(-45.,54.56,62.5));
#18474 = LINE('',#18475,#18476);
#18475 = CARTESIAN_POINT('',(-45.,54.56,62.5));
#18476 = VECTOR('',#18477,1.);
#18477 = DIRECTION('',(0.,1.,0.));
#18478 = ORIENTED_EDGE('',*,*,#18479,.T.);
#18479 = EDGE_CURVE('',#18472,#18480,#18482,.T.);
#18480 = VERTEX_POINT('',#18481);
#18481 = CARTESIAN_POINT('',(-26.15826052665,54.56,55.212046099276));
#18482 = CIRCLE('',#18483,28.);
#18483 = AXIS2_PLACEMENT_3D('',#18484,#18485,#18486);
#18484 = CARTESIAN_POINT('',(-45.,54.56,34.5));
#18485 = DIRECTION('',(0.,1.,0.));
#18486 = DIRECTION('',(0.,0.,1.));
#18487 = ORIENTED_EDGE('',*,*,#18488,.T.);
#18488 = EDGE_CURVE('',#18480,#18489,#18491,.T.);
#18489 = VERTEX_POINT('',#18490);
#18490 = CARTESIAN_POINT('',(-24.28795390072,54.56,53.341739473347));
#18491 = B_SPLINE_CURVE_WITH_KNOTS('',8,(#18492,#18493,#18494,#18495,
    #18496,#18497,#18498,#18499,#18500,#18501,#18502,#18503,#18504,
    #18505,#18506,#18507,#18508,#18509,#18510,#18511,#18512,#18513,
    #18514),.UNSPECIFIED.,.F.,.F.,(9,7,7,9),(0.,0.241062972305,
    0.591170441403,1.),.UNSPECIFIED.);
#18492 = CARTESIAN_POINT('',(-26.15826052665,54.56,55.212046099277));
#18493 = CARTESIAN_POINT('',(-26.10054839411,54.607548873291,
    55.159545396998));
#18494 = CARTESIAN_POINT('',(-26.04300236683,54.652372060427,
    55.106859921354));
#18495 = CARTESIAN_POINT('',(-25.98562376687,54.694369798124,
    55.05399087005));
#18496 = CARTESIAN_POINT('',(-25.92841372655,54.733448226105,
    55.000939276319));
#18497 = CARTESIAN_POINT('',(-25.87137318849,54.769519387099,
    54.947706008925));
#18498 = CARTESIAN_POINT('',(-25.81450290559,54.802501226842,
    54.894291772161));
#18499 = CARTESIAN_POINT('',(-25.75780344102,54.832317594075,
    54.840697105849));
#18500 = CARTESIAN_POINT('',(-25.61917641074,54.897502605102,
    54.708822745566));
#18501 = CARTESIAN_POINT('',(-25.53276542998,54.931482770383,
    54.625897593693));
#18502 = CARTESIAN_POINT('',(-25.44275273884,54.958975165239,
    54.538678863934));
#18503 = CARTESIAN_POINT('',(-25.35003762746,54.978152446288,
    54.447897320933));
#18504 = CARTESIAN_POINT('',(-25.25573604891,54.987489402202,
    54.354534860814));
#18505 = CARTESIAN_POINT('',(-25.16123373351,54.986141125713,
    54.259900461129));
#18506 = CARTESIAN_POINT('',(-25.06831148992,54.974547939005,
    54.165808695043));
#18507 = CARTESIAN_POINT('',(-24.87519732102,54.931262035698,
    53.968293702259));
#18508 = CARTESIAN_POINT('',(-24.7763138464,54.896504523218,
    53.865863974047));
#18509 = CARTESIAN_POINT('',(-24.68303707666,54.852549146913,
    53.768071933562));
#18510 = CARTESIAN_POINT('',(-24.59514596513,54.801813065038,
    53.674912507106));
#18511 = CARTESIAN_POINT('',(-24.51230037289,54.746135769526,
    53.586211430076));
#18512 = CARTESIAN_POINT('',(-24.43396420028,54.686869225883,
    53.501558472788));
#18513 = CARTESIAN_POINT('',(-24.35946067844,54.624762352714,
    53.420344306155));
#18514 = CARTESIAN_POINT('',(-24.28795323823,54.5599994,53.3417387451));
#18515 = ORIENTED_EDGE('',*,*,#18516,.T.);
#18516 = EDGE_CURVE('',#18489,#18517,#18519,.T.);
#18517 = VERTEX_POINT('',#18518);
#18518 = CARTESIAN_POINT('',(-24.28795390072,54.56,15.658260526654));
#18519 = CIRCLE('',#18520,28.);
#18520 = AXIS2_PLACEMENT_3D('',#18521,#18522,#18523);
#18521 = CARTESIAN_POINT('',(-45.,54.56,34.5));
#18522 = DIRECTION('',(0.,1.,0.));
#18523 = DIRECTION('',(0.,0.,1.));
#18524 = ORIENTED_EDGE('',*,*,#18525,.T.);
#18525 = EDGE_CURVE('',#18517,#18526,#18528,.T.);
#18526 = VERTEX_POINT('',#18527);
#18527 = CARTESIAN_POINT('',(-26.15826052665,54.56,13.787953900723));
#18528 = B_SPLINE_CURVE_WITH_KNOTS('',6,(#18529,#18530,#18531,#18532,
    #18533,#18534,#18535,#18536,#18537,#18538,#18539,#18540,#18541,
    #18542,#18543,#18544,#18545,#18546,#18547,#18548,#18549,#18550),
  .UNSPECIFIED.,.F.,.F.,(7,5,5,5,7),(0.,0.246345812736,0.492689163035,
    0.739032590738,1.),.UNSPECIFIED.);
#18529 = CARTESIAN_POINT('',(-24.28795390072,54.56,15.658260526654));
#18530 = CARTESIAN_POINT('',(-24.36321028087,54.628158251769,
    15.575533896394));
#18531 = CARTESIAN_POINT('',(-24.43886804969,54.690434254702,
    15.493162658617));
#18532 = CARTESIAN_POINT('',(-24.51491554338,54.746487283942,
    15.411159541381));
#18533 = CARTESIAN_POINT('',(-24.5913544251,54.796001046259,
    15.329522759667));
#18534 = CARTESIAN_POINT('',(-24.66818734576,54.838697683342,
    15.248249384233));
#18535 = CARTESIAN_POINT('',(-24.82262309183,54.910005510461,
    15.086448845343));
#18536 = CARTESIAN_POINT('',(-24.90023181209,54.938620130234,
    15.005915462093));
#18537 = CARTESIAN_POINT('',(-24.97822352949,54.959970404509,
    14.925757185966));
#18538 = CARTESIAN_POINT('',(-25.05659747707,54.973899478013,
    14.845974773788));
#18539 = CARTESIAN_POINT('',(-25.13535424331,54.980328156291,
    14.766567537196));
#18540 = CARTESIAN_POINT('',(-25.2936250986,54.978200227143,
    14.608511969788));
#18541 = CARTESIAN_POINT('',(-25.37313948613,54.969643579836,
    14.529863343193));
#18542 = CARTESIAN_POINT('',(-25.45302840134,54.953601019174,
    14.451598165259));
#18543 = CARTESIAN_POINT('',(-25.53329274207,54.930165777102,
    14.373715649666));
#18544 = CARTESIAN_POINT('',(-25.61393185451,54.899507360098,
    14.296216464237));
#18545 = CARTESIAN_POINT('',(-25.7807502595,54.821980537075,
    14.137424628427));
#18546 = CARTESIAN_POINT('',(-25.86264749684,54.776268632479,
    14.060298427591));
#18547 = CARTESIAN_POINT('',(-25.94097230033,54.726287283697,
    13.987246194971));
#18548 = CARTESIAN_POINT('',(-26.01606847097,54.673158653821,
    13.917823678365));
#18549 = CARTESIAN_POINT('',(-26.08833608884,54.617610593941,
    13.851564127383));
#18550 = CARTESIAN_POINT('',(-26.1582612549,54.5599994,13.787953238238)
  );
#18551 = ORIENTED_EDGE('',*,*,#18552,.T.);
#18552 = EDGE_CURVE('',#18526,#18553,#18555,.T.);
#18553 = VERTEX_POINT('',#18554);
#18554 = CARTESIAN_POINT('',(-63.84173947334,54.56,13.787953900723));
#18555 = CIRCLE('',#18556,28.);
#18556 = AXIS2_PLACEMENT_3D('',#18557,#18558,#18559);
#18557 = CARTESIAN_POINT('',(-45.,54.56,34.5));
#18558 = DIRECTION('',(0.,1.,0.));
#18559 = DIRECTION('',(0.,0.,1.));
#18560 = ORIENTED_EDGE('',*,*,#18561,.T.);
#18561 = EDGE_CURVE('',#18553,#18562,#18564,.T.);
#18562 = VERTEX_POINT('',#18563);
#18563 = CARTESIAN_POINT('',(-65.71204609927,54.56,15.658260526654));
#18564 = B_SPLINE_CURVE_WITH_KNOTS('',8,(#18565,#18566,#18567,#18568,
    #18569,#18570,#18571,#18572,#18573,#18574,#18575,#18576,#18577,
    #18578,#18579,#18580,#18581,#18582,#18583,#18584,#18585,#18586,
    #18587),.UNSPECIFIED.,.F.,.F.,(9,7,7,9),(0.,0.365391369142,
    0.643410914244,1.),.UNSPECIFIED.);
#18565 = CARTESIAN_POINT('',(-63.84173947334,54.56,13.787953900723));
#18566 = CARTESIAN_POINT('',(-63.9140063194,54.619540463245,
    13.85369501966));
#18567 = CARTESIAN_POINT('',(-63.98851894842,54.676869491694,
    13.922005750849));
#18568 = CARTESIAN_POINT('',(-64.06587684886,54.731799397651,
    13.993495568624));
#18569 = CARTESIAN_POINT('',(-64.14654240155,54.783764171351,
    14.068677405716));
#18570 = CARTESIAN_POINT('',(-64.23085667523,54.831803538789,
    14.147980911672));
#18571 = CARTESIAN_POINT('',(-64.31902403406,54.87460299034,
    14.231729436073));
#18572 = CARTESIAN_POINT('',(-64.41114753109,54.910460690841,
    14.320178168727));
#18573 = CARTESIAN_POINT('',(-64.57995549599,54.958219088593,
    14.484114277017));
#18574 = CARTESIAN_POINT('',(-64.65525860675,54.973853035997,
    14.557832322688));
#18575 = CARTESIAN_POINT('',(-64.73192719224,54.983387632384,
    14.633539646521));
#18576 = CARTESIAN_POINT('',(-64.80902612811,54.986125625058,
    14.710363452854));
#18577 = CARTESIAN_POINT('',(-64.88567386254,54.98186092233,
    14.787440095348));
#18578 = CARTESIAN_POINT('',(-64.96102479205,54.970894050474,
    14.863897569365));
#18579 = CARTESIAN_POINT('',(-65.03425035559,54.95398210648,
    14.938839302102));
#18580 = CARTESIAN_POINT('',(-65.19466781853,54.904339531865,
    15.104326165588));
#18581 = CARTESIAN_POINT('',(-65.28032816828,54.868374184567,
    15.19367709829));
#18582 = CARTESIAN_POINT('',(-65.36153391971,54.826003430659,
    15.279263540843));
#18583 = CARTESIAN_POINT('',(-65.43853237688,54.778756768595,
    15.361196035166));
#18584 = CARTESIAN_POINT('',(-65.51165014716,54.727840706013,
    15.43969192581));
#18585 = CARTESIAN_POINT('',(-65.58127672739,54.674111991284,
    15.515061863559));
#18586 = CARTESIAN_POINT('',(-65.64789106795,54.618104013347,
    15.587737204642));
#18587 = CARTESIAN_POINT('',(-65.71204676176,54.5599994,15.6582612549));
#18588 = ORIENTED_EDGE('',*,*,#18589,.T.);
#18589 = EDGE_CURVE('',#18562,#18590,#18592,.T.);
#18590 = VERTEX_POINT('',#18591);
#18591 = CARTESIAN_POINT('',(-65.71204609927,54.56,53.341739473346));
#18592 = CIRCLE('',#18593,28.);
#18593 = AXIS2_PLACEMENT_3D('',#18594,#18595,#18596);
#18594 = CARTESIAN_POINT('',(-45.,54.56,34.5));
#18595 = DIRECTION('',(0.,1.,0.));
#18596 = DIRECTION('',(0.,0.,1.));
#18597 = ORIENTED_EDGE('',*,*,#18598,.T.);
#18598 = EDGE_CURVE('',#18590,#18599,#18601,.T.);
#18599 = VERTEX_POINT('',#18600);
#18600 = CARTESIAN_POINT('',(-63.84173947334,54.56,55.212046099277));
#18601 = B_SPLINE_CURVE_WITH_KNOTS('',6,(#18602,#18603,#18604,#18605,
    #18606,#18607,#18608,#18609,#18610,#18611,#18612,#18613,#18614,
    #18615,#18616,#18617,#18618,#18619,#18620,#18621,#18622,#18623,
    #18624,#18625,#18626,#18627,#18628,#18629,#18630,#18631,#18632,
    #18633),.UNSPECIFIED.,.F.,.F.,(7,5,5,5,5,5,7),(0.,0.278051943428,
    0.36124459961,0.500287932074,0.591954262946,0.722604414287,1.),
  .UNSPECIFIED.);
#18602 = CARTESIAN_POINT('',(-65.71204609927,54.56,53.341739473346));
#18603 = CARTESIAN_POINT('',(-65.64532582127,54.620427268724,
    53.41508267373));
#18604 = CARTESIAN_POINT('',(-65.57570574232,54.678572133672,
    53.490987405388));
#18605 = CARTESIAN_POINT('',(-65.50257415219,54.734042814604,
    53.570035064448));
#18606 = CARTESIAN_POINT('',(-65.425390081,54.785982399326,
    53.65268771454));
#18607 = CARTESIAN_POINT('',(-65.34364812714,54.833034687084,
    53.739329410951));
#18608 = CARTESIAN_POINT('',(-65.23085178744,54.885370508553,
    53.857532170559));
#18609 = CARTESIAN_POINT('',(-65.20443342306,54.896811314206,
    53.885128894651));
#18610 = CARTESIAN_POINT('',(-65.17756820683,54.907587406213,
    53.913100963633));
#18611 = CARTESIAN_POINT('',(-65.15025817447,54.917639822337,
    53.941440971519));
#18612 = CARTESIAN_POINT('',(-65.12251429477,54.926907029893,
    53.970132333656));
#18613 = CARTESIAN_POINT('',(-65.04730055164,54.949403523031,
    54.047641974118));
#18614 = CARTESIAN_POINT('',(-64.99906983283,54.961122396869,
    54.097063883856));
#18615 = CARTESIAN_POINT('',(-64.94981097641,54.970187676393,
    54.147241363641));
#18616 = CARTESIAN_POINT('',(-64.89973166799,54.976331367887,
    54.197942177232));
#18617 = CARTESIAN_POINT('',(-64.84912214899,54.979385817813,
    54.248860731625));
#18618 = CARTESIAN_POINT('',(-64.76491874317,54.979334101835,
    54.333058905311));
#18619 = CARTESIAN_POINT('',(-64.73139305669,54.977972548109,
    54.36644684058));
#18620 = CARTESIAN_POINT('',(-64.6979042627,54.975269734075,
    54.399662192186));
#18621 = CARTESIAN_POINT('',(-64.66454703253,54.97125675493,
    54.432613141104));
#18622 = CARTESIAN_POINT('',(-64.63140513073,54.965988675365,
    54.465220974633));
#18623 = CARTESIAN_POINT('',(-64.55172816649,54.950341920863,
    54.543308712325));
#18624 = CARTESIAN_POINT('',(-64.50548828864,54.938741961726,
    54.588368352482));
#18625 = CARTESIAN_POINT('',(-64.46002315147,54.924939632841,
    54.632425522789));
#18626 = CARTESIAN_POINT('',(-64.4154381303,54.909187713849,
    54.675397931712));
#18627 = CARTESIAN_POINT('',(-64.37178135335,54.89172587338,
    54.717259339216));
#18628 = CARTESIAN_POINT('',(-64.23832914143,54.832491225217,
    54.844591800808));
#18629 = CARTESIAN_POINT('',(-64.15192464321,54.78550257015,
    54.926102630554));
#18630 = CARTESIAN_POINT('',(-64.06948786391,54.733658790945,
    55.003080393023));
#18631 = CARTESIAN_POINT('',(-63.99063677415,54.678303588711,
    55.076027348953));
#18632 = CARTESIAN_POINT('',(-63.9149125137,54.620287110598,
    55.145480620473));
#18633 = CARTESIAN_POINT('',(-63.8417387451,54.5599994,55.212046761761)
  );
#18634 = ORIENTED_EDGE('',*,*,#18635,.T.);
#18635 = EDGE_CURVE('',#18599,#18472,#18636,.T.);
#18636 = CIRCLE('',#18637,28.);
#18637 = AXIS2_PLACEMENT_3D('',#18638,#18639,#18640);
#18638 = CARTESIAN_POINT('',(-45.,54.56,34.5));
#18639 = DIRECTION('',(0.,1.,0.));
#18640 = DIRECTION('',(0.,0.,1.));
#18641 = ORIENTED_EDGE('',*,*,#18471,.T.);
#18642 = CYLINDRICAL_SURFACE('',#18643,28.);
#18643 = AXIS2_PLACEMENT_3D('',#18644,#18645,#18646);
#18644 = CARTESIAN_POINT('',(-45.,54.56,34.5));
#18645 = DIRECTION('',(0.,1.,0.));
#18646 = DIRECTION('',(0.,0.,1.));
#18647 = ADVANCED_FACE('',(#18648,#18651,#18662,#18673,#18684,#18722),
  #18733,.T.);
#18648 = FACE_BOUND('',#18649,.T.);
#18649 = EDGE_LOOP('',(#18650));
#18650 = ORIENTED_EDGE('',*,*,#18462,.T.);
#18651 = FACE_BOUND('',#18652,.T.);
#18652 = EDGE_LOOP('',(#18653));
#18653 = ORIENTED_EDGE('',*,*,#18654,.F.);
#18654 = EDGE_CURVE('',#18655,#18655,#18657,.T.);
#18655 = VERTEX_POINT('',#18656);
#18656 = CARTESIAN_POINT('',(-62.67766952966,57.56,18.522330470336));
#18657 = CIRCLE('',#18658,1.7);
#18658 = AXIS2_PLACEMENT_3D('',#18659,#18660,#18661);
#18659 = CARTESIAN_POINT('',(-62.67766952966,57.56,16.822330470336));
#18660 = DIRECTION('',(0.,1.,0.));
#18661 = DIRECTION('',(0.,0.,1.));
#18662 = FACE_BOUND('',#18663,.T.);
#18663 = EDGE_LOOP('',(#18664));
#18664 = ORIENTED_EDGE('',*,*,#18665,.F.);
#18665 = EDGE_CURVE('',#18666,#18666,#18668,.T.);
#18666 = VERTEX_POINT('',#18667);
#18667 = CARTESIAN_POINT('',(-62.67766952966,57.56,53.877669529664));
#18668 = CIRCLE('',#18669,1.7);
#18669 = AXIS2_PLACEMENT_3D('',#18670,#18671,#18672);
#18670 = CARTESIAN_POINT('',(-62.67766952966,57.56,52.177669529664));
#18671 = DIRECTION('',(0.,1.,0.));
#18672 = DIRECTION('',(0.,0.,1.));
#18673 = FACE_BOUND('',#18674,.T.);
#18674 = EDGE_LOOP('',(#18675));
#18675 = ORIENTED_EDGE('',*,*,#18676,.F.);
#18676 = EDGE_CURVE('',#18677,#18677,#18679,.T.);
#18677 = VERTEX_POINT('',#18678);
#18678 = CARTESIAN_POINT('',(-27.32233047033,57.56,18.522330470336));
#18679 = CIRCLE('',#18680,1.7);
#18680 = AXIS2_PLACEMENT_3D('',#18681,#18682,#18683);
#18681 = CARTESIAN_POINT('',(-27.32233047033,57.56,16.822330470336));
#18682 = DIRECTION('',(0.,1.,0.));
#18683 = DIRECTION('',(0.,0.,1.));
#18684 = FACE_BOUND('',#18685,.T.);
#18685 = EDGE_LOOP('',(#18686,#18697,#18706,#18715));
#18686 = ORIENTED_EDGE('',*,*,#18687,.F.);
#18687 = EDGE_CURVE('',#18688,#18690,#18692,.T.);
#18688 = VERTEX_POINT('',#18689);
#18689 = CARTESIAN_POINT('',(-45.,57.56,55.3));
#18690 = VERTEX_POINT('',#18691);
#18691 = CARTESIAN_POINT('',(-24.30931818181,57.56,36.62971498064));
#18692 = CIRCLE('',#18693,20.8);
#18693 = AXIS2_PLACEMENT_3D('',#18694,#18695,#18696);
#18694 = CARTESIAN_POINT('',(-45.,57.56,34.5));
#18695 = DIRECTION('',(0.,1.,0.));
#18696 = DIRECTION('',(0.,0.,1.));
#18697 = ORIENTED_EDGE('',*,*,#18698,.F.);
#18698 = EDGE_CURVE('',#18699,#18688,#18701,.T.);
#18699 = VERTEX_POINT('',#18700);
#18700 = CARTESIAN_POINT('',(-24.30931818181,57.56,32.37028501936));
#18701 = CIRCLE('',#18702,20.8);
#18702 = AXIS2_PLACEMENT_3D('',#18703,#18704,#18705);
#18703 = CARTESIAN_POINT('',(-45.,57.56,34.5));
#18704 = DIRECTION('',(0.,1.,0.));
#18705 = DIRECTION('',(0.,0.,1.));
#18706 = ORIENTED_EDGE('',*,*,#18707,.F.);
#18707 = EDGE_CURVE('',#18708,#18699,#18710,.T.);
#18708 = VERTEX_POINT('',#18709);
#18709 = CARTESIAN_POINT('',(-23.,57.56,37.));
#18710 = CIRCLE('',#18711,2.5);
#18711 = AXIS2_PLACEMENT_3D('',#18712,#18713,#18714);
#18712 = CARTESIAN_POINT('',(-23.,57.56,34.5));
#18713 = DIRECTION('',(0.,1.,0.));
#18714 = DIRECTION('',(0.,0.,1.));
#18715 = ORIENTED_EDGE('',*,*,#18716,.F.);
#18716 = EDGE_CURVE('',#18690,#18708,#18717,.T.);
#18717 = CIRCLE('',#18718,2.5);
#18718 = AXIS2_PLACEMENT_3D('',#18719,#18720,#18721);
#18719 = CARTESIAN_POINT('',(-23.,57.56,34.5));
#18720 = DIRECTION('',(0.,1.,0.));
#18721 = DIRECTION('',(0.,0.,1.));
#18722 = FACE_BOUND('',#18723,.T.);
#18723 = EDGE_LOOP('',(#18724));
#18724 = ORIENTED_EDGE('',*,*,#18725,.F.);
#18725 = EDGE_CURVE('',#18726,#18726,#18728,.T.);
#18726 = VERTEX_POINT('',#18727);
#18727 = CARTESIAN_POINT('',(-27.32233047033,57.56,53.877669529664));
#18728 = CIRCLE('',#18729,1.7);
#18729 = AXIS2_PLACEMENT_3D('',#18730,#18731,#18732);
#18730 = CARTESIAN_POINT('',(-27.32233047033,57.56,52.177669529664));
#18731 = DIRECTION('',(0.,1.,0.));
#18732 = DIRECTION('',(0.,0.,1.));
#18733 = PLANE('',#18734);
#18734 = AXIS2_PLACEMENT_3D('',#18735,#18736,#18737);
#18735 = CARTESIAN_POINT('',(-45.,57.56,34.5));
#18736 = DIRECTION('',(0.,1.,0.));
#18737 = DIRECTION('',(0.,0.,1.));
#18738 = ADVANCED_FACE('',(#18739,#18810,#18821),#18832,.F.);
#18739 = FACE_BOUND('',#18740,.F.);
#18740 = EDGE_LOOP('',(#18741,#18750,#18751,#18760,#18767,#18768,#18777,
    #18784,#18785,#18794,#18801,#18802,#18803));
#18741 = ORIENTED_EDGE('',*,*,#18742,.F.);
#18742 = EDGE_CURVE('',#18489,#18743,#18745,.T.);
#18743 = VERTEX_POINT('',#18744);
#18744 = CARTESIAN_POINT('',(-27.32233047033,54.56,55.427669529664));
#18745 = CIRCLE('',#18746,3.25);
#18746 = AXIS2_PLACEMENT_3D('',#18747,#18748,#18749);
#18747 = CARTESIAN_POINT('',(-27.32233047033,54.56,52.177669529664));
#18748 = DIRECTION('',(0.,1.,0.));
#18749 = DIRECTION('',(0.,0.,1.));
#18750 = ORIENTED_EDGE('',*,*,#18516,.T.);
#18751 = ORIENTED_EDGE('',*,*,#18752,.F.);
#18752 = EDGE_CURVE('',#18753,#18517,#18755,.T.);
#18753 = VERTEX_POINT('',#18754);
#18754 = CARTESIAN_POINT('',(-27.32233047033,54.56,20.072330470336));
#18755 = CIRCLE('',#18756,3.25);
#18756 = AXIS2_PLACEMENT_3D('',#18757,#18758,#18759);
#18757 = CARTESIAN_POINT('',(-27.32233047033,54.56,16.822330470336));
#18758 = DIRECTION('',(0.,1.,0.));
#18759 = DIRECTION('',(0.,0.,1.));
#18760 = ORIENTED_EDGE('',*,*,#18761,.F.);
#18761 = EDGE_CURVE('',#18526,#18753,#18762,.T.);
#18762 = CIRCLE('',#18763,3.25);
#18763 = AXIS2_PLACEMENT_3D('',#18764,#18765,#18766);
#18764 = CARTESIAN_POINT('',(-27.32233047033,54.56,16.822330470336));
#18765 = DIRECTION('',(0.,1.,0.));
#18766 = DIRECTION('',(0.,0.,1.));
#18767 = ORIENTED_EDGE('',*,*,#18552,.T.);
#18768 = ORIENTED_EDGE('',*,*,#18769,.F.);
#18769 = EDGE_CURVE('',#18770,#18553,#18772,.T.);
#18770 = VERTEX_POINT('',#18771);
#18771 = CARTESIAN_POINT('',(-62.67766952966,54.56,20.072330470336));
#18772 = CIRCLE('',#18773,3.25);
#18773 = AXIS2_PLACEMENT_3D('',#18774,#18775,#18776);
#18774 = CARTESIAN_POINT('',(-62.67766952966,54.56,16.822330470336));
#18775 = DIRECTION('',(0.,1.,0.));
#18776 = DIRECTION('',(0.,0.,1.));
#18777 = ORIENTED_EDGE('',*,*,#18778,.F.);
#18778 = EDGE_CURVE('',#18562,#18770,#18779,.T.);
#18779 = CIRCLE('',#18780,3.25);
#18780 = AXIS2_PLACEMENT_3D('',#18781,#18782,#18783);
#18781 = CARTESIAN_POINT('',(-62.67766952966,54.56,16.822330470336));
#18782 = DIRECTION('',(0.,1.,0.));
#18783 = DIRECTION('',(0.,0.,1.));
#18784 = ORIENTED_EDGE('',*,*,#18589,.T.);
#18785 = ORIENTED_EDGE('',*,*,#18786,.F.);
#18786 = EDGE_CURVE('',#18787,#18590,#18789,.T.);
#18787 = VERTEX_POINT('',#18788);
#18788 = CARTESIAN_POINT('',(-62.67766952966,54.56,55.427669529664));
#18789 = CIRCLE('',#18790,3.25);
#18790 = AXIS2_PLACEMENT_3D('',#18791,#18792,#18793);
#18791 = CARTESIAN_POINT('',(-62.67766952966,54.56,52.177669529664));
#18792 = DIRECTION('',(0.,1.,0.));
#18793 = DIRECTION('',(0.,0.,1.));
#18794 = ORIENTED_EDGE('',*,*,#18795,.F.);
#18795 = EDGE_CURVE('',#18599,#18787,#18796,.T.);
#18796 = CIRCLE('',#18797,3.25);
#18797 = AXIS2_PLACEMENT_3D('',#18798,#18799,#18800);
#18798 = CARTESIAN_POINT('',(-62.67766952966,54.56,52.177669529664));
#18799 = DIRECTION('',(0.,1.,0.));
#18800 = DIRECTION('',(0.,0.,1.));
#18801 = ORIENTED_EDGE('',*,*,#18635,.T.);
#18802 = ORIENTED_EDGE('',*,*,#18479,.T.);
#18803 = ORIENTED_EDGE('',*,*,#18804,.F.);
#18804 = EDGE_CURVE('',#18743,#18480,#18805,.T.);
#18805 = CIRCLE('',#18806,3.25);
#18806 = AXIS2_PLACEMENT_3D('',#18807,#18808,#18809);
#18807 = CARTESIAN_POINT('',(-27.32233047033,54.56,52.177669529664));
#18808 = DIRECTION('',(0.,1.,0.));
#18809 = DIRECTION('',(0.,0.,1.));
#18810 = FACE_BOUND('',#18811,.F.);
#18811 = EDGE_LOOP('',(#18812));
#18812 = ORIENTED_EDGE('',*,*,#18813,.F.);
#18813 = EDGE_CURVE('',#18814,#18814,#18816,.T.);
#18814 = VERTEX_POINT('',#18815);
#18815 = CARTESIAN_POINT('',(-45.,54.56,53.5));
#18816 = CIRCLE('',#18817,19.);
#18817 = AXIS2_PLACEMENT_3D('',#18818,#18819,#18820);
#18818 = CARTESIAN_POINT('',(-45.,54.56,34.5));
#18819 = DIRECTION('',(0.,1.,0.));
#18820 = DIRECTION('',(0.,0.,1.));
#18821 = FACE_BOUND('',#18822,.F.);
#18822 = EDGE_LOOP('',(#18823));
#18823 = ORIENTED_EDGE('',*,*,#18824,.F.);
#18824 = EDGE_CURVE('',#18825,#18825,#18827,.T.);
#18825 = VERTEX_POINT('',#18826);
#18826 = CARTESIAN_POINT('',(-23.,54.56,37.));
#18827 = CIRCLE('',#18828,2.5);
#18828 = AXIS2_PLACEMENT_3D('',#18829,#18830,#18831);
#18829 = CARTESIAN_POINT('',(-23.,54.56,34.5));
#18830 = DIRECTION('',(0.,1.,0.));
#18831 = DIRECTION('',(0.,0.,1.));
#18832 = PLANE('',#18833);
#18833 = AXIS2_PLACEMENT_3D('',#18834,#18835,#18836);
#18834 = CARTESIAN_POINT('',(-45.,54.56,34.5));
#18835 = DIRECTION('',(0.,1.,0.));
#18836 = DIRECTION('',(0.,0.,1.));
#18837 = ADVANCED_FACE('',(#18838),#18859,.F.);
#18838 = FACE_BOUND('',#18839,.F.);
#18839 = EDGE_LOOP('',(#18840,#18848,#18855,#18856,#18857,#18858));
#18840 = ORIENTED_EDGE('',*,*,#18841,.T.);
#18841 = EDGE_CURVE('',#18787,#18842,#18844,.T.);
#18842 = VERTEX_POINT('',#18843);
#18843 = CARTESIAN_POINT('',(-62.67766952966,57.16,53.877669529664));
#18844 = LINE('',#18845,#18846);
#18845 = CARTESIAN_POINT('',(-62.67766952966,54.56,55.427669529664));
#18846 = VECTOR('',#18847,1.);
#18847 = DIRECTION('',(1.25419640541E-16,0.858946974209,-0.512064542317)
  );
#18848 = ORIENTED_EDGE('',*,*,#18849,.F.);
#18849 = EDGE_CURVE('',#18842,#18842,#18850,.T.);
#18850 = CIRCLE('',#18851,1.7);
#18851 = AXIS2_PLACEMENT_3D('',#18852,#18853,#18854);
#18852 = CARTESIAN_POINT('',(-62.67766952966,57.16,52.177669529664));
#18853 = DIRECTION('',(0.,1.,0.));
#18854 = DIRECTION('',(0.,0.,1.));
#18855 = ORIENTED_EDGE('',*,*,#18841,.F.);
#18856 = ORIENTED_EDGE('',*,*,#18786,.T.);
#18857 = ORIENTED_EDGE('',*,*,#18598,.T.);
#18858 = ORIENTED_EDGE('',*,*,#18795,.T.);
#18859 = CONICAL_SURFACE('',#18860,3.25,0.537586646659);
#18860 = AXIS2_PLACEMENT_3D('',#18861,#18862,#18863);
#18861 = CARTESIAN_POINT('',(-62.67766952966,54.56,52.177669529664));
#18862 = DIRECTION('',(-0.,-1.,-0.));
#18863 = DIRECTION('',(0.,0.,1.));
#18864 = ADVANCED_FACE('',(#18865),#18886,.F.);
#18865 = FACE_BOUND('',#18866,.F.);
#18866 = EDGE_LOOP('',(#18867,#18875,#18882,#18883,#18884,#18885));
#18867 = ORIENTED_EDGE('',*,*,#18868,.T.);
#18868 = EDGE_CURVE('',#18770,#18869,#18871,.T.);
#18869 = VERTEX_POINT('',#18870);
#18870 = CARTESIAN_POINT('',(-62.67766952966,57.16,18.522330470336));
#18871 = LINE('',#18872,#18873);
#18872 = CARTESIAN_POINT('',(-62.67766952966,54.56,20.072330470336));
#18873 = VECTOR('',#18874,1.);
#18874 = DIRECTION('',(1.25419640541E-16,0.858946974209,-0.512064542317)
  );
#18875 = ORIENTED_EDGE('',*,*,#18876,.F.);
#18876 = EDGE_CURVE('',#18869,#18869,#18877,.T.);
#18877 = CIRCLE('',#18878,1.7);
#18878 = AXIS2_PLACEMENT_3D('',#18879,#18880,#18881);
#18879 = CARTESIAN_POINT('',(-62.67766952966,57.16,16.822330470336));
#18880 = DIRECTION('',(0.,1.,0.));
#18881 = DIRECTION('',(0.,0.,1.));
#18882 = ORIENTED_EDGE('',*,*,#18868,.F.);
#18883 = ORIENTED_EDGE('',*,*,#18769,.T.);
#18884 = ORIENTED_EDGE('',*,*,#18561,.T.);
#18885 = ORIENTED_EDGE('',*,*,#18778,.T.);
#18886 = CONICAL_SURFACE('',#18887,3.25,0.537586646659);
#18887 = AXIS2_PLACEMENT_3D('',#18888,#18889,#18890);
#18888 = CARTESIAN_POINT('',(-62.67766952966,54.56,16.822330470336));
#18889 = DIRECTION('',(-0.,-1.,-0.));
#18890 = DIRECTION('',(0.,0.,1.));
#18891 = ADVANCED_FACE('',(#18892),#18913,.F.);
#18892 = FACE_BOUND('',#18893,.F.);
#18893 = EDGE_LOOP('',(#18894,#18902,#18909,#18910,#18911,#18912));
#18894 = ORIENTED_EDGE('',*,*,#18895,.T.);
#18895 = EDGE_CURVE('',#18753,#18896,#18898,.T.);
#18896 = VERTEX_POINT('',#18897);
#18897 = CARTESIAN_POINT('',(-27.32233047033,57.16,18.522330470336));
#18898 = LINE('',#18899,#18900);
#18899 = CARTESIAN_POINT('',(-27.32233047033,54.56,20.072330470336));
#18900 = VECTOR('',#18901,1.);
#18901 = DIRECTION('',(1.25419640541E-16,0.858946974209,-0.512064542317)
  );
#18902 = ORIENTED_EDGE('',*,*,#18903,.F.);
#18903 = EDGE_CURVE('',#18896,#18896,#18904,.T.);
#18904 = CIRCLE('',#18905,1.7);
#18905 = AXIS2_PLACEMENT_3D('',#18906,#18907,#18908);
#18906 = CARTESIAN_POINT('',(-27.32233047033,57.16,16.822330470336));
#18907 = DIRECTION('',(0.,1.,0.));
#18908 = DIRECTION('',(0.,0.,1.));
#18909 = ORIENTED_EDGE('',*,*,#18895,.F.);
#18910 = ORIENTED_EDGE('',*,*,#18752,.T.);
#18911 = ORIENTED_EDGE('',*,*,#18525,.T.);
#18912 = ORIENTED_EDGE('',*,*,#18761,.T.);
#18913 = CONICAL_SURFACE('',#18914,3.25,0.537586646659);
#18914 = AXIS2_PLACEMENT_3D('',#18915,#18916,#18917);
#18915 = CARTESIAN_POINT('',(-27.32233047033,54.56,16.822330470336));
#18916 = DIRECTION('',(-0.,-1.,-0.));
#18917 = DIRECTION('',(0.,0.,1.));
#18918 = ADVANCED_FACE('',(#18919),#18940,.F.);
#18919 = FACE_BOUND('',#18920,.F.);
#18920 = EDGE_LOOP('',(#18921,#18929,#18936,#18937,#18938,#18939));
#18921 = ORIENTED_EDGE('',*,*,#18922,.T.);
#18922 = EDGE_CURVE('',#18743,#18923,#18925,.T.);
#18923 = VERTEX_POINT('',#18924);
#18924 = CARTESIAN_POINT('',(-27.32233047033,57.16,53.877669529664));
#18925 = LINE('',#18926,#18927);
#18926 = CARTESIAN_POINT('',(-27.32233047033,54.56,55.427669529664));
#18927 = VECTOR('',#18928,1.);
#18928 = DIRECTION('',(1.25419640541E-16,0.858946974209,-0.512064542317)
  );
#18929 = ORIENTED_EDGE('',*,*,#18930,.F.);
#18930 = EDGE_CURVE('',#18923,#18923,#18931,.T.);
#18931 = CIRCLE('',#18932,1.7);
#18932 = AXIS2_PLACEMENT_3D('',#18933,#18934,#18935);
#18933 = CARTESIAN_POINT('',(-27.32233047033,57.16,52.177669529664));
#18934 = DIRECTION('',(0.,1.,0.));
#18935 = DIRECTION('',(0.,0.,1.));
#18936 = ORIENTED_EDGE('',*,*,#18922,.F.);
#18937 = ORIENTED_EDGE('',*,*,#18804,.T.);
#18938 = ORIENTED_EDGE('',*,*,#18488,.T.);
#18939 = ORIENTED_EDGE('',*,*,#18742,.T.);
#18940 = CONICAL_SURFACE('',#18941,3.25,0.537586646659);
#18941 = AXIS2_PLACEMENT_3D('',#18942,#18943,#18944);
#18942 = CARTESIAN_POINT('',(-27.32233047033,54.56,52.177669529664));
#18943 = DIRECTION('',(-0.,-1.,-0.));
#18944 = DIRECTION('',(0.,0.,1.));
#18945 = ADVANCED_FACE('',(#18946),#18957,.F.);
#18946 = FACE_BOUND('',#18947,.F.);
#18947 = EDGE_LOOP('',(#18948,#18954,#18955,#18956));
#18948 = ORIENTED_EDGE('',*,*,#18949,.T.);
#18949 = EDGE_CURVE('',#18869,#18655,#18950,.T.);
#18950 = LINE('',#18951,#18952);
#18951 = CARTESIAN_POINT('',(-62.67766952966,53.56,18.522330470336));
#18952 = VECTOR('',#18953,1.);
#18953 = DIRECTION('',(0.,1.,0.));
#18954 = ORIENTED_EDGE('',*,*,#18654,.F.);
#18955 = ORIENTED_EDGE('',*,*,#18949,.F.);
#18956 = ORIENTED_EDGE('',*,*,#18876,.T.);
#18957 = CYLINDRICAL_SURFACE('',#18958,1.7);
#18958 = AXIS2_PLACEMENT_3D('',#18959,#18960,#18961);
#18959 = CARTESIAN_POINT('',(-62.67766952966,53.56,16.822330470336));
#18960 = DIRECTION('',(0.,1.,0.));
#18961 = DIRECTION('',(0.,0.,1.));
#18962 = ADVANCED_FACE('',(#18963),#18974,.F.);
#18963 = FACE_BOUND('',#18964,.F.);
#18964 = EDGE_LOOP('',(#18965,#18971,#18972,#18973));
#18965 = ORIENTED_EDGE('',*,*,#18966,.T.);
#18966 = EDGE_CURVE('',#18842,#18666,#18967,.T.);
#18967 = LINE('',#18968,#18969);
#18968 = CARTESIAN_POINT('',(-62.67766952966,53.56,53.877669529664));
#18969 = VECTOR('',#18970,1.);
#18970 = DIRECTION('',(0.,1.,0.));
#18971 = ORIENTED_EDGE('',*,*,#18665,.F.);
#18972 = ORIENTED_EDGE('',*,*,#18966,.F.);
#18973 = ORIENTED_EDGE('',*,*,#18849,.T.);
#18974 = CYLINDRICAL_SURFACE('',#18975,1.7);
#18975 = AXIS2_PLACEMENT_3D('',#18976,#18977,#18978);
#18976 = CARTESIAN_POINT('',(-62.67766952966,53.56,52.177669529664));
#18977 = DIRECTION('',(0.,1.,0.));
#18978 = DIRECTION('',(0.,0.,1.));
#18979 = ADVANCED_FACE('',(#18980),#18991,.F.);
#18980 = FACE_BOUND('',#18981,.F.);
#18981 = EDGE_LOOP('',(#18982,#18988,#18989,#18990));
#18982 = ORIENTED_EDGE('',*,*,#18983,.T.);
#18983 = EDGE_CURVE('',#18896,#18677,#18984,.T.);
#18984 = LINE('',#18985,#18986);
#18985 = CARTESIAN_POINT('',(-27.32233047033,53.56,18.522330470336));
#18986 = VECTOR('',#18987,1.);
#18987 = DIRECTION('',(0.,1.,0.));
#18988 = ORIENTED_EDGE('',*,*,#18676,.F.);
#18989 = ORIENTED_EDGE('',*,*,#18983,.F.);
#18990 = ORIENTED_EDGE('',*,*,#18903,.T.);
#18991 = CYLINDRICAL_SURFACE('',#18992,1.7);
#18992 = AXIS2_PLACEMENT_3D('',#18993,#18994,#18995);
#18993 = CARTESIAN_POINT('',(-27.32233047033,53.56,16.822330470336));
#18994 = DIRECTION('',(0.,1.,0.));
#18995 = DIRECTION('',(0.,0.,1.));
#18996 = ADVANCED_FACE('',(#18997),#19023,.T.);
#18997 = FACE_BOUND('',#18998,.T.);
#18998 = EDGE_LOOP('',(#18999,#19007,#19008,#19016));
#18999 = ORIENTED_EDGE('',*,*,#19000,.F.);
#19000 = EDGE_CURVE('',#18688,#19001,#19003,.T.);
#19001 = VERTEX_POINT('',#19002);
#19002 = CARTESIAN_POINT('',(-45.,60.56,55.3));
#19003 = LINE('',#19004,#19005);
#19004 = CARTESIAN_POINT('',(-45.,57.26,55.3));
#19005 = VECTOR('',#19006,1.);
#19006 = DIRECTION('',(0.,1.,0.));
#19007 = ORIENTED_EDGE('',*,*,#18687,.T.);
#19008 = ORIENTED_EDGE('',*,*,#19009,.T.);
#19009 = EDGE_CURVE('',#18690,#19010,#19012,.T.);
#19010 = VERTEX_POINT('',#19011);
#19011 = CARTESIAN_POINT('',(-24.30931818181,60.56,36.62971498064));
#19012 = LINE('',#19013,#19014);
#19013 = CARTESIAN_POINT('',(-24.30931818181,57.26,36.62971498064));
#19014 = VECTOR('',#19015,1.);
#19015 = DIRECTION('',(0.,1.,0.));
#19016 = ORIENTED_EDGE('',*,*,#19017,.F.);
#19017 = EDGE_CURVE('',#19001,#19010,#19018,.T.);
#19018 = CIRCLE('',#19019,20.8);
#19019 = AXIS2_PLACEMENT_3D('',#19020,#19021,#19022);
#19020 = CARTESIAN_POINT('',(-45.,60.56,34.5));
#19021 = DIRECTION('',(0.,1.,0.));
#19022 = DIRECTION('',(0.,0.,1.));
#19023 = CYLINDRICAL_SURFACE('',#19024,20.8);
#19024 = AXIS2_PLACEMENT_3D('',#19025,#19026,#19027);
#19025 = CARTESIAN_POINT('',(-45.,57.26,34.5));
#19026 = DIRECTION('',(0.,1.,0.));
#19027 = DIRECTION('',(0.,0.,1.));
#19028 = ADVANCED_FACE('',(#19029),#19057,.F.);
#19029 = FACE_BOUND('',#19030,.F.);
#19030 = EDGE_LOOP('',(#19031,#19032,#19038,#19039,#19040,#19041,#19042,
    #19051));
#19031 = ORIENTED_EDGE('',*,*,#18707,.F.);
#19032 = ORIENTED_EDGE('',*,*,#19033,.F.);
#19033 = EDGE_CURVE('',#18825,#18708,#19034,.T.);
#19034 = LINE('',#19035,#19036);
#19035 = CARTESIAN_POINT('',(-23.,53.56,37.));
#19036 = VECTOR('',#19037,1.);
#19037 = DIRECTION('',(0.,1.,0.));
#19038 = ORIENTED_EDGE('',*,*,#18824,.T.);
#19039 = ORIENTED_EDGE('',*,*,#19033,.T.);
#19040 = ORIENTED_EDGE('',*,*,#18716,.F.);
#19041 = ORIENTED_EDGE('',*,*,#19009,.T.);
#19042 = ORIENTED_EDGE('',*,*,#19043,.F.);
#19043 = EDGE_CURVE('',#19044,#19010,#19046,.T.);
#19044 = VERTEX_POINT('',#19045);
#19045 = CARTESIAN_POINT('',(-24.30931818181,60.56,32.37028501936));
#19046 = CIRCLE('',#19047,2.5);
#19047 = AXIS2_PLACEMENT_3D('',#19048,#19049,#19050);
#19048 = CARTESIAN_POINT('',(-23.,60.56,34.5));
#19049 = DIRECTION('',(0.,1.,0.));
#19050 = DIRECTION('',(0.,0.,1.));
#19051 = ORIENTED_EDGE('',*,*,#19052,.F.);
#19052 = EDGE_CURVE('',#18699,#19044,#19053,.T.);
#19053 = LINE('',#19054,#19055);
#19054 = CARTESIAN_POINT('',(-24.30931818181,57.26,32.37028501936));
#19055 = VECTOR('',#19056,1.);
#19056 = DIRECTION('',(0.,1.,0.));
#19057 = CYLINDRICAL_SURFACE('',#19058,2.5);
#19058 = AXIS2_PLACEMENT_3D('',#19059,#19060,#19061);
#19059 = CARTESIAN_POINT('',(-23.,53.56,34.5));
#19060 = DIRECTION('',(0.,1.,0.));
#19061 = DIRECTION('',(0.,0.,1.));
#19062 = ADVANCED_FACE('',(#19063),#19075,.T.);
#19063 = FACE_BOUND('',#19064,.T.);
#19064 = EDGE_LOOP('',(#19065,#19066,#19067,#19074));
#19065 = ORIENTED_EDGE('',*,*,#18698,.T.);
#19066 = ORIENTED_EDGE('',*,*,#19000,.T.);
#19067 = ORIENTED_EDGE('',*,*,#19068,.F.);
#19068 = EDGE_CURVE('',#19044,#19001,#19069,.T.);
#19069 = CIRCLE('',#19070,20.8);
#19070 = AXIS2_PLACEMENT_3D('',#19071,#19072,#19073);
#19071 = CARTESIAN_POINT('',(-45.,60.56,34.5));
#19072 = DIRECTION('',(0.,1.,0.));
#19073 = DIRECTION('',(0.,0.,1.));
#19074 = ORIENTED_EDGE('',*,*,#19052,.F.);
#19075 = CYLINDRICAL_SURFACE('',#19076,20.8);
#19076 = AXIS2_PLACEMENT_3D('',#19077,#19078,#19079);
#19077 = CARTESIAN_POINT('',(-45.,57.26,34.5));
#19078 = DIRECTION('',(0.,1.,0.));
#19079 = DIRECTION('',(0.,0.,1.));
#19080 = ADVANCED_FACE('',(#19081),#19092,.F.);
#19081 = FACE_BOUND('',#19082,.F.);
#19082 = EDGE_LOOP('',(#19083,#19089,#19090,#19091));
#19083 = ORIENTED_EDGE('',*,*,#19084,.T.);
#19084 = EDGE_CURVE('',#18923,#18726,#19085,.T.);
#19085 = LINE('',#19086,#19087);
#19086 = CARTESIAN_POINT('',(-27.32233047033,53.56,53.877669529664));
#19087 = VECTOR('',#19088,1.);
#19088 = DIRECTION('',(0.,1.,0.));
#19089 = ORIENTED_EDGE('',*,*,#18725,.F.);
#19090 = ORIENTED_EDGE('',*,*,#19084,.F.);
#19091 = ORIENTED_EDGE('',*,*,#18930,.T.);
#19092 = CYLINDRICAL_SURFACE('',#19093,1.7);
#19093 = AXIS2_PLACEMENT_3D('',#19094,#19095,#19096);
#19094 = CARTESIAN_POINT('',(-27.32233047033,53.56,52.177669529664));
#19095 = DIRECTION('',(0.,1.,0.));
#19096 = DIRECTION('',(0.,0.,1.));
#19097 = ADVANCED_FACE('',(#19098),#19117,.F.);
#19098 = FACE_BOUND('',#19099,.F.);
#19099 = EDGE_LOOP('',(#19100,#19109,#19115,#19116));
#19100 = ORIENTED_EDGE('',*,*,#19101,.F.);
#19101 = EDGE_CURVE('',#19102,#19102,#19104,.T.);
#19102 = VERTEX_POINT('',#19103);
#19103 = CARTESIAN_POINT('',(-45.,60.56,53.5));
#19104 = CIRCLE('',#19105,19.);
#19105 = AXIS2_PLACEMENT_3D('',#19106,#19107,#19108);
#19106 = CARTESIAN_POINT('',(-45.,60.56,34.5));
#19107 = DIRECTION('',(0.,1.,0.));
#19108 = DIRECTION('',(0.,0.,1.));
#19109 = ORIENTED_EDGE('',*,*,#19110,.F.);
#19110 = EDGE_CURVE('',#18814,#19102,#19111,.T.);
#19111 = LINE('',#19112,#19113);
#19112 = CARTESIAN_POINT('',(-45.,54.06,53.5));
#19113 = VECTOR('',#19114,1.);
#19114 = DIRECTION('',(0.,1.,0.));
#19115 = ORIENTED_EDGE('',*,*,#18813,.T.);
#19116 = ORIENTED_EDGE('',*,*,#19110,.T.);
#19117 = CYLINDRICAL_SURFACE('',#19118,19.);
#19118 = AXIS2_PLACEMENT_3D('',#19119,#19120,#19121);
#19119 = CARTESIAN_POINT('',(-45.,54.06,34.5));
#19120 = DIRECTION('',(0.,1.,0.));
#19121 = DIRECTION('',(0.,0.,1.));
#19122 = ADVANCED_FACE('',(#19123,#19128),#19131,.T.);
#19123 = FACE_BOUND('',#19124,.T.);
#19124 = EDGE_LOOP('',(#19125,#19126,#19127));
#19125 = ORIENTED_EDGE('',*,*,#19068,.T.);
#19126 = ORIENTED_EDGE('',*,*,#19017,.T.);
#19127 = ORIENTED_EDGE('',*,*,#19043,.F.);
#19128 = FACE_BOUND('',#19129,.T.);
#19129 = EDGE_LOOP('',(#19130));
#19130 = ORIENTED_EDGE('',*,*,#19101,.F.);
#19131 = PLANE('',#19132);
#19132 = AXIS2_PLACEMENT_3D('',#19133,#19134,#19135);
#19133 = CARTESIAN_POINT('',(-45.,60.56,34.5));
#19134 = DIRECTION('',(0.,1.,0.));
#19135 = DIRECTION('',(0.,0.,1.));
#19136 = MANIFOLD_SOLID_BREP('',#19137);
#19137 = CLOSED_SHELL('',(#19138,#19178,#19231,#19277,#19301,#19318,
    #19330,#19355,#19380,#19397));
#19138 = ADVANCED_FACE('',(#19139),#19173,.F.);
#19139 = FACE_BOUND('',#19140,.F.);
#19140 = EDGE_LOOP('',(#19141,#19151,#19159,#19167));
#19141 = ORIENTED_EDGE('',*,*,#19142,.F.);
#19142 = EDGE_CURVE('',#19143,#19145,#19147,.T.);
#19143 = VERTEX_POINT('',#19144);
#19144 = CARTESIAN_POINT('',(-135.,66.559813275223,158.36981327522));
#19145 = VERTEX_POINT('',#19146);
#19146 = CARTESIAN_POINT('',(-135.,66.559813275223,144.46981327522));
#19147 = LINE('',#19148,#19149);
#19148 = CARTESIAN_POINT('',(-135.,66.559813275223,158.36981327522));
#19149 = VECTOR('',#19150,1.);
#19150 = DIRECTION('',(0.,-1.224646799147E-16,-1.));
#19151 = ORIENTED_EDGE('',*,*,#19152,.T.);
#19152 = EDGE_CURVE('',#19143,#19153,#19155,.T.);
#19153 = VERTEX_POINT('',#19154);
#19154 = CARTESIAN_POINT('',(-135.,54.659813275223,158.36981327522));
#19155 = LINE('',#19156,#19157);
#19156 = CARTESIAN_POINT('',(-135.,66.559813275223,158.36981327522));
#19157 = VECTOR('',#19158,1.);
#19158 = DIRECTION('',(0.,-1.,1.224646799147E-16));
#19159 = ORIENTED_EDGE('',*,*,#19160,.T.);
#19160 = EDGE_CURVE('',#19153,#19161,#19163,.T.);
#19161 = VERTEX_POINT('',#19162);
#19162 = CARTESIAN_POINT('',(-135.,54.659813275223,156.36981327522));
#19163 = LINE('',#19164,#19165);
#19164 = CARTESIAN_POINT('',(-135.,54.659813275223,158.36981327522));
#19165 = VECTOR('',#19166,1.);
#19166 = DIRECTION('',(0.,-1.224646799147E-16,-1.));
#19167 = ORIENTED_EDGE('',*,*,#19168,.F.);
#19168 = EDGE_CURVE('',#19145,#19161,#19169,.T.);
#19169 = LINE('',#19170,#19171);
#19170 = CARTESIAN_POINT('',(-135.,56.634813275223,154.39481327522));
#19171 = VECTOR('',#19172,1.);
#19172 = DIRECTION('',(0.,-0.707106781187,0.707106781187));
#19173 = PLANE('',#19174);
#19174 = AXIS2_PLACEMENT_3D('',#19175,#19176,#19177);
#19175 = CARTESIAN_POINT('',(-135.,66.559813275223,158.36981327522));
#19176 = DIRECTION('',(1.,0.,0.));
#19177 = DIRECTION('',(0.,-1.224646799147E-16,-1.));
#19178 = ADVANCED_FACE('',(#19179,#19204,#19215),#19226,.F.);
#19179 = FACE_BOUND('',#19180,.F.);
#19180 = EDGE_LOOP('',(#19181,#19189,#19190,#19198));
#19181 = ORIENTED_EDGE('',*,*,#19182,.F.);
#19182 = EDGE_CURVE('',#19143,#19183,#19185,.T.);
#19183 = VERTEX_POINT('',#19184);
#19184 = CARTESIAN_POINT('',(45.,66.559813275223,158.36981327522));
#19185 = LINE('',#19186,#19187);
#19186 = CARTESIAN_POINT('',(-135.,66.559813275223,158.36981327522));
#19187 = VECTOR('',#19188,1.);
#19188 = DIRECTION('',(1.,0.,0.));
#19189 = ORIENTED_EDGE('',*,*,#19142,.T.);
#19190 = ORIENTED_EDGE('',*,*,#19191,.T.);
#19191 = EDGE_CURVE('',#19145,#19192,#19194,.T.);
#19192 = VERTEX_POINT('',#19193);
#19193 = CARTESIAN_POINT('',(45.,66.559813275223,144.46981327522));
#19194 = LINE('',#19195,#19196);
#19195 = CARTESIAN_POINT('',(-135.,66.559813275223,144.46981327522));
#19196 = VECTOR('',#19197,1.);
#19197 = DIRECTION('',(1.,0.,0.));
#19198 = ORIENTED_EDGE('',*,*,#19199,.F.);
#19199 = EDGE_CURVE('',#19183,#19192,#19200,.T.);
#19200 = LINE('',#19201,#19202);
#19201 = CARTESIAN_POINT('',(45.,66.559813275223,158.36981327522));
#19202 = VECTOR('',#19203,1.);
#19203 = DIRECTION('',(0.,-1.224646799147E-16,-1.));
#19204 = FACE_BOUND('',#19205,.F.);
#19205 = EDGE_LOOP('',(#19206));
#19206 = ORIENTED_EDGE('',*,*,#19207,.F.);
#19207 = EDGE_CURVE('',#19208,#19208,#19210,.T.);
#19208 = VERTEX_POINT('',#19209);
#19209 = CARTESIAN_POINT('',(-105.,66.559813275223,146.91981327522));
#19210 = CIRCLE('',#19211,4.5);
#19211 = AXIS2_PLACEMENT_3D('',#19212,#19213,#19214);
#19212 = CARTESIAN_POINT('',(-105.,66.559813275223,151.41981327522));
#19213 = DIRECTION('',(0.,-1.,1.224646799147E-16));
#19214 = DIRECTION('',(0.,-1.224646799147E-16,-1.));
#19215 = FACE_BOUND('',#19216,.F.);
#19216 = EDGE_LOOP('',(#19217));
#19217 = ORIENTED_EDGE('',*,*,#19218,.F.);
#19218 = EDGE_CURVE('',#19219,#19219,#19221,.T.);
#19219 = VERTEX_POINT('',#19220);
#19220 = CARTESIAN_POINT('',(15.,66.559813275223,146.91981327522));
#19221 = CIRCLE('',#19222,4.5);
#19222 = AXIS2_PLACEMENT_3D('',#19223,#19224,#19225);
#19223 = CARTESIAN_POINT('',(15.,66.559813275223,151.41981327522));
#19224 = DIRECTION('',(0.,-1.,1.224646799147E-16));
#19225 = DIRECTION('',(0.,-1.224646799147E-16,-1.));
#19226 = PLANE('',#19227);
#19227 = AXIS2_PLACEMENT_3D('',#19228,#19229,#19230);
#19228 = CARTESIAN_POINT('',(-135.,66.559813275223,158.36981327522));
#19229 = DIRECTION('',(0.,-1.,1.224646799147E-16));
#19230 = DIRECTION('',(0.,-1.224646799147E-16,-1.));
#19231 = ADVANCED_FACE('',(#19232,#19250,#19261),#19272,.F.);
#19232 = FACE_BOUND('',#19233,.F.);
#19233 = EDGE_LOOP('',(#19234,#19235,#19236,#19244));
#19234 = ORIENTED_EDGE('',*,*,#19191,.F.);
#19235 = ORIENTED_EDGE('',*,*,#19168,.T.);
#19236 = ORIENTED_EDGE('',*,*,#19237,.F.);
#19237 = EDGE_CURVE('',#19238,#19161,#19240,.T.);
#19238 = VERTEX_POINT('',#19239);
#19239 = CARTESIAN_POINT('',(45.,54.659813275223,156.36981327522));
#19240 = LINE('',#19241,#19242);
#19241 = CARTESIAN_POINT('',(-135.5,54.659813275223,156.36981327522));
#19242 = VECTOR('',#19243,1.);
#19243 = DIRECTION('',(-1.,-0.,0.));
#19244 = ORIENTED_EDGE('',*,*,#19245,.F.);
#19245 = EDGE_CURVE('',#19192,#19238,#19246,.T.);
#19246 = LINE('',#19247,#19248);
#19247 = CARTESIAN_POINT('',(45.,56.634813275223,154.39481327522));
#19248 = VECTOR('',#19249,1.);
#19249 = DIRECTION('',(0.,-0.707106781187,0.707106781187));
#19250 = FACE_BOUND('',#19251,.F.);
#19251 = EDGE_LOOP('',(#19252));
#19252 = ORIENTED_EDGE('',*,*,#19253,.F.);
#19253 = EDGE_CURVE('',#19254,#19254,#19256,.T.);
#19254 = VERTEX_POINT('',#19255);
#19255 = CARTESIAN_POINT('',(15.,61.859813275223,149.16981327522));
#19256 = ELLIPSE('',#19257,3.181980515339,2.25);
#19257 = AXIS2_PLACEMENT_3D('',#19258,#19259,#19260);
#19258 = CARTESIAN_POINT('',(15.,59.609813275223,151.41981327522));
#19259 = DIRECTION('',(-0.,0.707106781187,0.707106781187));
#19260 = DIRECTION('',(0.,-0.707106781187,0.707106781187));
#19261 = FACE_BOUND('',#19262,.F.);
#19262 = EDGE_LOOP('',(#19263));
#19263 = ORIENTED_EDGE('',*,*,#19264,.F.);
#19264 = EDGE_CURVE('',#19265,#19265,#19267,.T.);
#19265 = VERTEX_POINT('',#19266);
#19266 = CARTESIAN_POINT('',(-105.,61.859813275223,149.16981327522));
#19267 = ELLIPSE('',#19268,3.181980515339,2.25);
#19268 = AXIS2_PLACEMENT_3D('',#19269,#19270,#19271);
#19269 = CARTESIAN_POINT('',(-105.,59.609813275223,151.41981327522));
#19270 = DIRECTION('',(-0.,0.707106781187,0.707106781187));
#19271 = DIRECTION('',(0.,-0.707106781187,0.707106781187));
#19272 = PLANE('',#19273);
#19273 = AXIS2_PLACEMENT_3D('',#19274,#19275,#19276);
#19274 = CARTESIAN_POINT('',(-136.,53.659813275223,157.36981327522));
#19275 = DIRECTION('',(0.,0.707106781187,0.707106781187));
#19276 = DIRECTION('',(0.,0.707106781187,-0.707106781187));
#19277 = ADVANCED_FACE('',(#19278),#19296,.T.);
#19278 = FACE_BOUND('',#19279,.T.);
#19279 = EDGE_LOOP('',(#19280,#19288,#19294,#19295));
#19280 = ORIENTED_EDGE('',*,*,#19281,.F.);
#19281 = EDGE_CURVE('',#19282,#19238,#19284,.T.);
#19282 = VERTEX_POINT('',#19283);
#19283 = CARTESIAN_POINT('',(45.,54.659813275223,158.36981327522));
#19284 = LINE('',#19285,#19286);
#19285 = CARTESIAN_POINT('',(45.,54.659813275223,158.36981327522));
#19286 = VECTOR('',#19287,1.);
#19287 = DIRECTION('',(0.,-1.224646799147E-16,-1.));
#19288 = ORIENTED_EDGE('',*,*,#19289,.F.);
#19289 = EDGE_CURVE('',#19153,#19282,#19290,.T.);
#19290 = LINE('',#19291,#19292);
#19291 = CARTESIAN_POINT('',(-135.,54.659813275223,158.36981327522));
#19292 = VECTOR('',#19293,1.);
#19293 = DIRECTION('',(1.,0.,0.));
#19294 = ORIENTED_EDGE('',*,*,#19160,.T.);
#19295 = ORIENTED_EDGE('',*,*,#19237,.F.);
#19296 = PLANE('',#19297);
#19297 = AXIS2_PLACEMENT_3D('',#19298,#19299,#19300);
#19298 = CARTESIAN_POINT('',(-135.,54.659813275223,158.36981327522));
#19299 = DIRECTION('',(0.,-1.,1.224646799147E-16));
#19300 = DIRECTION('',(0.,-1.224646799147E-16,-1.));
#19301 = ADVANCED_FACE('',(#19302),#19313,.F.);
#19302 = FACE_BOUND('',#19303,.F.);
#19303 = EDGE_LOOP('',(#19304,#19305,#19306,#19312));
#19304 = ORIENTED_EDGE('',*,*,#19152,.F.);
#19305 = ORIENTED_EDGE('',*,*,#19182,.T.);
#19306 = ORIENTED_EDGE('',*,*,#19307,.T.);
#19307 = EDGE_CURVE('',#19183,#19282,#19308,.T.);
#19308 = LINE('',#19309,#19310);
#19309 = CARTESIAN_POINT('',(45.,66.559813275223,158.36981327522));
#19310 = VECTOR('',#19311,1.);
#19311 = DIRECTION('',(0.,-1.,1.224646799147E-16));
#19312 = ORIENTED_EDGE('',*,*,#19289,.F.);
#19313 = PLANE('',#19314);
#19314 = AXIS2_PLACEMENT_3D('',#19315,#19316,#19317);
#19315 = CARTESIAN_POINT('',(-135.,66.559813275223,158.36981327522));
#19316 = DIRECTION('',(0.,-1.224646799147E-16,-1.));
#19317 = DIRECTION('',(1.,0.,0.));
#19318 = ADVANCED_FACE('',(#19319),#19325,.T.);
#19319 = FACE_BOUND('',#19320,.T.);
#19320 = EDGE_LOOP('',(#19321,#19322,#19323,#19324));
#19321 = ORIENTED_EDGE('',*,*,#19199,.F.);
#19322 = ORIENTED_EDGE('',*,*,#19307,.T.);
#19323 = ORIENTED_EDGE('',*,*,#19281,.T.);
#19324 = ORIENTED_EDGE('',*,*,#19245,.F.);
#19325 = PLANE('',#19326);
#19326 = AXIS2_PLACEMENT_3D('',#19327,#19328,#19329);
#19327 = CARTESIAN_POINT('',(45.,66.559813275223,158.36981327522));
#19328 = DIRECTION('',(1.,0.,0.));
#19329 = DIRECTION('',(0.,-1.224646799147E-16,-1.));
#19330 = ADVANCED_FACE('',(#19331),#19350,.F.);
#19331 = FACE_BOUND('',#19332,.F.);
#19332 = EDGE_LOOP('',(#19333,#19342,#19348,#19349));
#19333 = ORIENTED_EDGE('',*,*,#19334,.F.);
#19334 = EDGE_CURVE('',#19335,#19335,#19337,.T.);
#19335 = VERTEX_POINT('',#19336);
#19336 = CARTESIAN_POINT('',(-105.,63.559813275223,149.16981327522));
#19337 = CIRCLE('',#19338,2.25);
#19338 = AXIS2_PLACEMENT_3D('',#19339,#19340,#19341);
#19339 = CARTESIAN_POINT('',(-105.,63.559813275223,151.41981327522));
#19340 = DIRECTION('',(0.,-1.,1.224646799147E-16));
#19341 = DIRECTION('',(0.,-1.224646799147E-16,-1.));
#19342 = ORIENTED_EDGE('',*,*,#19343,.F.);
#19343 = EDGE_CURVE('',#19208,#19335,#19344,.T.);
#19344 = LINE('',#19345,#19346);
#19345 = CARTESIAN_POINT('',(-105.,66.559813275223,146.91981327522));
#19346 = VECTOR('',#19347,1.);
#19347 = DIRECTION('',(1.469576158977E-16,-0.8,0.6));
#19348 = ORIENTED_EDGE('',*,*,#19207,.T.);
#19349 = ORIENTED_EDGE('',*,*,#19343,.T.);
#19350 = CONICAL_SURFACE('',#19351,4.5,0.643501108793);
#19351 = AXIS2_PLACEMENT_3D('',#19352,#19353,#19354);
#19352 = CARTESIAN_POINT('',(-105.,66.559813275223,151.41981327522));
#19353 = DIRECTION('',(-0.,1.,-1.224646799147E-16));
#19354 = DIRECTION('',(0.,-1.224646799147E-16,-1.));
#19355 = ADVANCED_FACE('',(#19356),#19375,.F.);
#19356 = FACE_BOUND('',#19357,.F.);
#19357 = EDGE_LOOP('',(#19358,#19367,#19373,#19374));
#19358 = ORIENTED_EDGE('',*,*,#19359,.F.);
#19359 = EDGE_CURVE('',#19360,#19360,#19362,.T.);
#19360 = VERTEX_POINT('',#19361);
#19361 = CARTESIAN_POINT('',(15.,63.559813275223,149.16981327522));
#19362 = CIRCLE('',#19363,2.25);
#19363 = AXIS2_PLACEMENT_3D('',#19364,#19365,#19366);
#19364 = CARTESIAN_POINT('',(15.,63.559813275223,151.41981327522));
#19365 = DIRECTION('',(0.,-1.,1.224646799147E-16));
#19366 = DIRECTION('',(0.,-1.224646799147E-16,-1.));
#19367 = ORIENTED_EDGE('',*,*,#19368,.F.);
#19368 = EDGE_CURVE('',#19219,#19360,#19369,.T.);
#19369 = LINE('',#19370,#19371);
#19370 = CARTESIAN_POINT('',(15.,66.559813275223,146.91981327522));
#19371 = VECTOR('',#19372,1.);
#19372 = DIRECTION('',(1.469576158977E-16,-0.8,0.6));
#19373 = ORIENTED_EDGE('',*,*,#19218,.T.);
#19374 = ORIENTED_EDGE('',*,*,#19368,.T.);
#19375 = CONICAL_SURFACE('',#19376,4.5,0.643501108793);
#19376 = AXIS2_PLACEMENT_3D('',#19377,#19378,#19379);
#19377 = CARTESIAN_POINT('',(15.,66.559813275223,151.41981327522));
#19378 = DIRECTION('',(-0.,1.,-1.224646799147E-16));
#19379 = DIRECTION('',(0.,-1.224646799147E-16,-1.));
#19380 = ADVANCED_FACE('',(#19381),#19392,.F.);
#19381 = FACE_BOUND('',#19382,.F.);
#19382 = EDGE_LOOP('',(#19383,#19389,#19390,#19391));
#19383 = ORIENTED_EDGE('',*,*,#19384,.T.);
#19384 = EDGE_CURVE('',#19360,#19254,#19385,.T.);
#19385 = LINE('',#19386,#19387);
#19386 = CARTESIAN_POINT('',(15.,68.559813275223,149.16981327522));
#19387 = VECTOR('',#19388,1.);
#19388 = DIRECTION('',(0.,-1.,1.224646799147E-16));
#19389 = ORIENTED_EDGE('',*,*,#19253,.T.);
#19390 = ORIENTED_EDGE('',*,*,#19384,.F.);
#19391 = ORIENTED_EDGE('',*,*,#19359,.T.);
#19392 = CYLINDRICAL_SURFACE('',#19393,2.25);
#19393 = AXIS2_PLACEMENT_3D('',#19394,#19395,#19396);
#19394 = CARTESIAN_POINT('',(15.,68.559813275223,151.41981327522));
#19395 = DIRECTION('',(0.,-1.,1.224646799147E-16));
#19396 = DIRECTION('',(0.,-1.224646799147E-16,-1.));
#19397 = ADVANCED_FACE('',(#19398),#19409,.F.);
#19398 = FACE_BOUND('',#19399,.F.);
#19399 = EDGE_LOOP('',(#19400,#19406,#19407,#19408));
#19400 = ORIENTED_EDGE('',*,*,#19401,.T.);
#19401 = EDGE_CURVE('',#19335,#19265,#19402,.T.);
#19402 = LINE('',#19403,#19404);
#19403 = CARTESIAN_POINT('',(-105.,68.559813275223,149.16981327522));
#19404 = VECTOR('',#19405,1.);
#19405 = DIRECTION('',(0.,-1.,1.224646799147E-16));
#19406 = ORIENTED_EDGE('',*,*,#19264,.T.);
#19407 = ORIENTED_EDGE('',*,*,#19401,.F.);
#19408 = ORIENTED_EDGE('',*,*,#19334,.T.);
#19409 = CYLINDRICAL_SURFACE('',#19410,2.25);
#19410 = AXIS2_PLACEMENT_3D('',#19411,#19412,#19413);
#19411 = CARTESIAN_POINT('',(-105.,68.559813275223,151.41981327522));
#19412 = DIRECTION('',(0.,-1.,1.224646799147E-16));
#19413 = DIRECTION('',(0.,-1.224646799147E-16,-1.));
#19414 = MANIFOLD_SOLID_BREP('',#19415);
#19415 = CLOSED_SHELL('',(#19416,#19489,#19520,#19536,#19552,#19564,
    #19589,#19614,#19639,#19648,#19657));
#19416 = ADVANCED_FACE('',(#19417,#19451,#19462,#19473),#19484,.T.);
#19417 = FACE_BOUND('',#19418,.T.);
#19418 = EDGE_LOOP('',(#19419,#19429,#19437,#19445));
#19419 = ORIENTED_EDGE('',*,*,#19420,.T.);
#19420 = EDGE_CURVE('',#19421,#19423,#19425,.T.);
#19421 = VERTEX_POINT('',#19422);
#19422 = CARTESIAN_POINT('',(-125.,54.06,144.12));
#19423 = VERTEX_POINT('',#19424);
#19424 = CARTESIAN_POINT('',(35.,54.06,144.12));
#19425 = LINE('',#19426,#19427);
#19426 = CARTESIAN_POINT('',(-125.,54.06,144.12));
#19427 = VECTOR('',#19428,1.);
#19428 = DIRECTION('',(1.,0.,0.));
#19429 = ORIENTED_EDGE('',*,*,#19430,.T.);
#19430 = EDGE_CURVE('',#19423,#19431,#19433,.T.);
#19431 = VERTEX_POINT('',#19432);
#19432 = CARTESIAN_POINT('',(35.,54.06,156.12));
#19433 = LINE('',#19434,#19435);
#19434 = CARTESIAN_POINT('',(35.,54.06,144.12));
#19435 = VECTOR('',#19436,1.);
#19436 = DIRECTION('',(0.,0.,1.));
#19437 = ORIENTED_EDGE('',*,*,#19438,.F.);
#19438 = EDGE_CURVE('',#19439,#19431,#19441,.T.);
#19439 = VERTEX_POINT('',#19440);
#19440 = CARTESIAN_POINT('',(-125.,54.06,156.12));
#19441 = LINE('',#19442,#19443);
#19442 = CARTESIAN_POINT('',(-125.,54.06,156.12));
#19443 = VECTOR('',#19444,1.);
#19444 = DIRECTION('',(1.,0.,0.));
#19445 = ORIENTED_EDGE('',*,*,#19446,.F.);
#19446 = EDGE_CURVE('',#19421,#19439,#19447,.T.);
#19447 = LINE('',#19448,#19449);
#19448 = CARTESIAN_POINT('',(-125.,54.06,144.12));
#19449 = VECTOR('',#19450,1.);
#19450 = DIRECTION('',(0.,0.,1.));
#19451 = FACE_BOUND('',#19452,.T.);
#19452 = EDGE_LOOP('',(#19453));
#19453 = ORIENTED_EDGE('',*,*,#19454,.T.);
#19454 = EDGE_CURVE('',#19455,#19455,#19457,.T.);
#19455 = VERTEX_POINT('',#19456);
#19456 = CARTESIAN_POINT('',(15.,54.06,148.62));
#19457 = CIRCLE('',#19458,2.);
#19458 = AXIS2_PLACEMENT_3D('',#19459,#19460,#19461);
#19459 = CARTESIAN_POINT('',(15.,54.06,146.62));
#19460 = DIRECTION('',(0.,1.,0.));
#19461 = DIRECTION('',(0.,0.,1.));
#19462 = FACE_BOUND('',#19463,.T.);
#19463 = EDGE_LOOP('',(#19464));
#19464 = ORIENTED_EDGE('',*,*,#19465,.T.);
#19465 = EDGE_CURVE('',#19466,#19466,#19468,.T.);
#19466 = VERTEX_POINT('',#19467);
#19467 = CARTESIAN_POINT('',(-45.,54.06,148.62));
#19468 = CIRCLE('',#19469,2.);
#19469 = AXIS2_PLACEMENT_3D('',#19470,#19471,#19472);
#19470 = CARTESIAN_POINT('',(-45.,54.06,146.62));
#19471 = DIRECTION('',(0.,1.,0.));
#19472 = DIRECTION('',(0.,0.,1.));
#19473 = FACE_BOUND('',#19474,.T.);
#19474 = EDGE_LOOP('',(#19475));
#19475 = ORIENTED_EDGE('',*,*,#19476,.T.);
#19476 = EDGE_CURVE('',#19477,#19477,#19479,.T.);
#19477 = VERTEX_POINT('',#19478);
#19478 = CARTESIAN_POINT('',(-105.,54.06,148.62));
#19479 = CIRCLE('',#19480,2.);
#19480 = AXIS2_PLACEMENT_3D('',#19481,#19482,#19483);
#19481 = CARTESIAN_POINT('',(-105.,54.06,146.62));
#19482 = DIRECTION('',(0.,1.,0.));
#19483 = DIRECTION('',(0.,0.,1.));
#19484 = PLANE('',#19485);
#19485 = AXIS2_PLACEMENT_3D('',#19486,#19487,#19488);
#19486 = CARTESIAN_POINT('',(-125.,54.06,144.12));
#19487 = DIRECTION('',(0.,-1.,0.));
#19488 = DIRECTION('',(0.,0.,1.));
#19489 = ADVANCED_FACE('',(#19490),#19515,.T.);
#19490 = FACE_BOUND('',#19491,.T.);
#19491 = EDGE_LOOP('',(#19492,#19502,#19508,#19509));
#19492 = ORIENTED_EDGE('',*,*,#19493,.T.);
#19493 = EDGE_CURVE('',#19494,#19496,#19498,.T.);
#19494 = VERTEX_POINT('',#19495);
#19495 = CARTESIAN_POINT('',(-125.,66.56,144.12));
#19496 = VERTEX_POINT('',#19497);
#19497 = CARTESIAN_POINT('',(35.,66.56,144.12));
#19498 = LINE('',#19499,#19500);
#19499 = CARTESIAN_POINT('',(-125.,66.56,144.12));
#19500 = VECTOR('',#19501,1.);
#19501 = DIRECTION('',(1.,0.,0.));
#19502 = ORIENTED_EDGE('',*,*,#19503,.T.);
#19503 = EDGE_CURVE('',#19496,#19423,#19504,.T.);
#19504 = LINE('',#19505,#19506);
#19505 = CARTESIAN_POINT('',(35.,66.56,144.12));
#19506 = VECTOR('',#19507,1.);
#19507 = DIRECTION('',(0.,-1.,0.));
#19508 = ORIENTED_EDGE('',*,*,#19420,.F.);
#19509 = ORIENTED_EDGE('',*,*,#19510,.F.);
#19510 = EDGE_CURVE('',#19494,#19421,#19511,.T.);
#19511 = LINE('',#19512,#19513);
#19512 = CARTESIAN_POINT('',(-125.,66.56,144.12));
#19513 = VECTOR('',#19514,1.);
#19514 = DIRECTION('',(0.,-1.,0.));
#19515 = PLANE('',#19516);
#19516 = AXIS2_PLACEMENT_3D('',#19517,#19518,#19519);
#19517 = CARTESIAN_POINT('',(-125.,66.56,144.12));
#19518 = DIRECTION('',(0.,0.,-1.));
#19519 = DIRECTION('',(0.,-1.,0.));
#19520 = ADVANCED_FACE('',(#19521),#19531,.T.);
#19521 = FACE_BOUND('',#19522,.T.);
#19522 = EDGE_LOOP('',(#19523,#19524,#19530));
#19523 = ORIENTED_EDGE('',*,*,#19446,.T.);
#19524 = ORIENTED_EDGE('',*,*,#19525,.T.);
#19525 = EDGE_CURVE('',#19439,#19494,#19526,.T.);
#19526 = LINE('',#19527,#19528);
#19527 = CARTESIAN_POINT('',(-125.,54.06,156.12));
#19528 = VECTOR('',#19529,1.);
#19529 = DIRECTION('',(0.,0.721387321031,-0.69253182819));
#19530 = ORIENTED_EDGE('',*,*,#19510,.T.);
#19531 = PLANE('',#19532);
#19532 = AXIS2_PLACEMENT_3D('',#19533,#19534,#19535);
#19533 = CARTESIAN_POINT('',(-125.,58.516930862791,148.32693086279));
#19534 = DIRECTION('',(-1.,-0.,-0.));
#19535 = DIRECTION('',(0.,0.,-1.));
#19536 = ADVANCED_FACE('',(#19537),#19547,.F.);
#19537 = FACE_BOUND('',#19538,.F.);
#19538 = EDGE_LOOP('',(#19539,#19540,#19546));
#19539 = ORIENTED_EDGE('',*,*,#19430,.T.);
#19540 = ORIENTED_EDGE('',*,*,#19541,.T.);
#19541 = EDGE_CURVE('',#19431,#19496,#19542,.T.);
#19542 = LINE('',#19543,#19544);
#19543 = CARTESIAN_POINT('',(35.,54.06,156.12));
#19544 = VECTOR('',#19545,1.);
#19545 = DIRECTION('',(0.,0.721387321031,-0.69253182819));
#19546 = ORIENTED_EDGE('',*,*,#19503,.T.);
#19547 = PLANE('',#19548);
#19548 = AXIS2_PLACEMENT_3D('',#19549,#19550,#19551);
#19549 = CARTESIAN_POINT('',(35.,58.516930862791,148.32693086279));
#19550 = DIRECTION('',(-1.,-0.,-0.));
#19551 = DIRECTION('',(0.,0.,-1.));
#19552 = ADVANCED_FACE('',(#19553),#19559,.T.);
#19553 = FACE_BOUND('',#19554,.T.);
#19554 = EDGE_LOOP('',(#19555,#19556,#19557,#19558));
#19555 = ORIENTED_EDGE('',*,*,#19438,.T.);
#19556 = ORIENTED_EDGE('',*,*,#19541,.T.);
#19557 = ORIENTED_EDGE('',*,*,#19493,.F.);
#19558 = ORIENTED_EDGE('',*,*,#19525,.F.);
#19559 = PLANE('',#19560);
#19560 = AXIS2_PLACEMENT_3D('',#19561,#19562,#19563);
#19561 = CARTESIAN_POINT('',(-125.,54.06,156.12));
#19562 = DIRECTION('',(0.,0.69253182819,0.721387321031));
#19563 = DIRECTION('',(0.,0.721387321031,-0.69253182819));
#19564 = ADVANCED_FACE('',(#19565),#19584,.F.);
#19565 = FACE_BOUND('',#19566,.F.);
#19566 = EDGE_LOOP('',(#19567,#19575,#19582,#19583));
#19567 = ORIENTED_EDGE('',*,*,#19568,.T.);
#19568 = EDGE_CURVE('',#19455,#19569,#19571,.T.);
#19569 = VERTEX_POINT('',#19570);
#19570 = CARTESIAN_POINT('',(15.,60.76,148.62));
#19571 = LINE('',#19572,#19573);
#19572 = CARTESIAN_POINT('',(15.,53.96,148.62));
#19573 = VECTOR('',#19574,1.);
#19574 = DIRECTION('',(0.,1.,0.));
#19575 = ORIENTED_EDGE('',*,*,#19576,.F.);
#19576 = EDGE_CURVE('',#19569,#19569,#19577,.T.);
#19577 = CIRCLE('',#19578,2.);
#19578 = AXIS2_PLACEMENT_3D('',#19579,#19580,#19581);
#19579 = CARTESIAN_POINT('',(15.,60.76,146.62));
#19580 = DIRECTION('',(0.,1.,0.));
#19581 = DIRECTION('',(0.,0.,1.));
#19582 = ORIENTED_EDGE('',*,*,#19568,.F.);
#19583 = ORIENTED_EDGE('',*,*,#19454,.T.);
#19584 = CYLINDRICAL_SURFACE('',#19585,2.);
#19585 = AXIS2_PLACEMENT_3D('',#19586,#19587,#19588);
#19586 = CARTESIAN_POINT('',(15.,53.96,146.62));
#19587 = DIRECTION('',(0.,1.,0.));
#19588 = DIRECTION('',(0.,0.,1.));
#19589 = ADVANCED_FACE('',(#19590),#19609,.F.);
#19590 = FACE_BOUND('',#19591,.F.);
#19591 = EDGE_LOOP('',(#19592,#19600,#19607,#19608));
#19592 = ORIENTED_EDGE('',*,*,#19593,.T.);
#19593 = EDGE_CURVE('',#19466,#19594,#19596,.T.);
#19594 = VERTEX_POINT('',#19595);
#19595 = CARTESIAN_POINT('',(-45.,60.76,148.62));
#19596 = LINE('',#19597,#19598);
#19597 = CARTESIAN_POINT('',(-45.,53.96,148.62));
#19598 = VECTOR('',#19599,1.);
#19599 = DIRECTION('',(0.,1.,0.));
#19600 = ORIENTED_EDGE('',*,*,#19601,.F.);
#19601 = EDGE_CURVE('',#19594,#19594,#19602,.T.);
#19602 = CIRCLE('',#19603,2.);
#19603 = AXIS2_PLACEMENT_3D('',#19604,#19605,#19606);
#19604 = CARTESIAN_POINT('',(-45.,60.76,146.62));
#19605 = DIRECTION('',(0.,1.,0.));
#19606 = DIRECTION('',(0.,0.,1.));
#19607 = ORIENTED_EDGE('',*,*,#19593,.F.);
#19608 = ORIENTED_EDGE('',*,*,#19465,.T.);
#19609 = CYLINDRICAL_SURFACE('',#19610,2.);
#19610 = AXIS2_PLACEMENT_3D('',#19611,#19612,#19613);
#19611 = CARTESIAN_POINT('',(-45.,53.96,146.62));
#19612 = DIRECTION('',(0.,1.,0.));
#19613 = DIRECTION('',(0.,0.,1.));
#19614 = ADVANCED_FACE('',(#19615),#19634,.F.);
#19615 = FACE_BOUND('',#19616,.F.);
#19616 = EDGE_LOOP('',(#19617,#19625,#19632,#19633));
#19617 = ORIENTED_EDGE('',*,*,#19618,.T.);
#19618 = EDGE_CURVE('',#19477,#19619,#19621,.T.);
#19619 = VERTEX_POINT('',#19620);
#19620 = CARTESIAN_POINT('',(-105.,60.76,148.62));
#19621 = LINE('',#19622,#19623);
#19622 = CARTESIAN_POINT('',(-105.,53.96,148.62));
#19623 = VECTOR('',#19624,1.);
#19624 = DIRECTION('',(0.,1.,0.));
#19625 = ORIENTED_EDGE('',*,*,#19626,.F.);
#19626 = EDGE_CURVE('',#19619,#19619,#19627,.T.);
#19627 = CIRCLE('',#19628,2.);
#19628 = AXIS2_PLACEMENT_3D('',#19629,#19630,#19631);
#19629 = CARTESIAN_POINT('',(-105.,60.76,146.62));
#19630 = DIRECTION('',(0.,1.,0.));
#19631 = DIRECTION('',(0.,0.,1.));
#19632 = ORIENTED_EDGE('',*,*,#19618,.F.);
#19633 = ORIENTED_EDGE('',*,*,#19476,.T.);
#19634 = CYLINDRICAL_SURFACE('',#19635,2.);
#19635 = AXIS2_PLACEMENT_3D('',#19636,#19637,#19638);
#19636 = CARTESIAN_POINT('',(-105.,53.96,146.62));
#19637 = DIRECTION('',(0.,1.,0.));
#19638 = DIRECTION('',(0.,0.,1.));
#19639 = ADVANCED_FACE('',(#19640),#19643,.F.);
#19640 = FACE_BOUND('',#19641,.F.);
#19641 = EDGE_LOOP('',(#19642));
#19642 = ORIENTED_EDGE('',*,*,#19576,.T.);
#19643 = PLANE('',#19644);
#19644 = AXIS2_PLACEMENT_3D('',#19645,#19646,#19647);
#19645 = CARTESIAN_POINT('',(15.,60.76,146.62));
#19646 = DIRECTION('',(0.,1.,0.));
#19647 = DIRECTION('',(0.,0.,1.));
#19648 = ADVANCED_FACE('',(#19649),#19652,.F.);
#19649 = FACE_BOUND('',#19650,.F.);
#19650 = EDGE_LOOP('',(#19651));
#19651 = ORIENTED_EDGE('',*,*,#19601,.T.);
#19652 = PLANE('',#19653);
#19653 = AXIS2_PLACEMENT_3D('',#19654,#19655,#19656);
#19654 = CARTESIAN_POINT('',(-45.,60.76,146.62));
#19655 = DIRECTION('',(0.,1.,0.));
#19656 = DIRECTION('',(0.,0.,1.));
#19657 = ADVANCED_FACE('',(#19658),#19661,.F.);
#19658 = FACE_BOUND('',#19659,.F.);
#19659 = EDGE_LOOP('',(#19660));
#19660 = ORIENTED_EDGE('',*,*,#19626,.T.);
#19661 = PLANE('',#19662);
#19662 = AXIS2_PLACEMENT_3D('',#19663,#19664,#19665);
#19663 = CARTESIAN_POINT('',(-105.,60.76,146.62));
#19664 = DIRECTION('',(0.,1.,0.));
#19665 = DIRECTION('',(0.,0.,1.));
#19666 = ( GEOMETRIC_REPRESENTATION_CONTEXT(3) 
GLOBAL_UNCERTAINTY_ASSIGNED_CONTEXT((#19670)) 
GLOBAL_UNIT_ASSIGNED_CONTEXT((#19667,#19668,#19669)) 
REPRESENTATION_CONTEXT('Context #1',
  '3D Context with UNIT and UNCERTAINTY') );
#19667 = ( LENGTH_UNIT() NAMED_UNIT(*) SI_UNIT(.MILLI.,.METRE.) );
#19668 = ( NAMED_UNIT(*) PLANE_ANGLE_UNIT() SI_UNIT($,.RADIAN.) );
#19669 = ( NAMED_UNIT(*) SI_UNIT($,.STERADIAN.) SOLID_ANGLE_UNIT() );
#19670 = UNCERTAINTY_MEASURE_WITH_UNIT(LENGTH_MEASURE(1.E-07),#19667,
  'distance_accuracy_value','confusion accuracy');
#19671 = PRODUCT_RELATED_PRODUCT_CATEGORY('part',$,(#7));
ENDSEC;
END-ISO-10303-21;
